[2026-01-09T08:19:37.178+0000] {processor.py:186} INFO - Started process (PID=81) to work on /opt/airflow/dags/hello_airflow.py
[2026-01-09T08:19:37.180+0000] {processor.py:914} INFO - Processing file /opt/airflow/dags/hello_airflow.py for tasks to queue
[2026-01-09T08:19:37.184+0000] {logging_mixin.py:190} INFO - [2026-01-09T08:19:37.184+0000] {dagbag.py:588} INFO - Filling up the DagBag from /opt/airflow/dags/hello_airflow.py
[2026-01-09T08:19:37.207+0000] {processor.py:925} INFO - DAG(s) 'hello_airflow' retrieved from /opt/airflow/dags/hello_airflow.py
[2026-01-09T08:19:37.463+0000] {logging_mixin.py:190} INFO - [2026-01-09T08:19:37.462+0000] {dag.py:3239} INFO - Sync 1 DAGs
[2026-01-09T08:19:37.520+0000] {logging_mixin.py:190} INFO - [2026-01-09T08:19:37.520+0000] {dag.py:4180} INFO - Setting next_dagrun for hello_airflow to 2026-01-09 08:18:00+00:00, run_after=2026-01-09 08:19:00+00:00
[2026-01-09T08:19:37.560+0000] {processor.py:208} INFO - Processing /opt/airflow/dags/hello_airflow.py took 0.395 seconds
[2026-01-09T08:20:08.274+0000] {processor.py:186} INFO - Started process (PID=104) to work on /opt/airflow/dags/hello_airflow.py
[2026-01-09T08:20:08.276+0000] {processor.py:914} INFO - Processing file /opt/airflow/dags/hello_airflow.py for tasks to queue
[2026-01-09T08:20:08.285+0000] {logging_mixin.py:190} INFO - [2026-01-09T08:20:08.283+0000] {dagbag.py:588} INFO - Filling up the DagBag from /opt/airflow/dags/hello_airflow.py
[2026-01-09T08:20:08.307+0000] {processor.py:925} INFO - DAG(s) 'hello_airflow' retrieved from /opt/airflow/dags/hello_airflow.py
[2026-01-09T08:20:08.352+0000] {logging_mixin.py:190} INFO - [2026-01-09T08:20:08.351+0000] {dag.py:3239} INFO - Sync 1 DAGs
[2026-01-09T08:20:08.405+0000] {logging_mixin.py:190} INFO - [2026-01-09T08:20:08.405+0000] {dag.py:4180} INFO - Setting next_dagrun for hello_airflow to 2026-01-09 08:19:00+00:00, run_after=2026-01-09 08:20:00+00:00
[2026-01-09T08:20:08.436+0000] {processor.py:208} INFO - Processing /opt/airflow/dags/hello_airflow.py took 0.177 seconds
[2026-01-09T08:20:39.765+0000] {processor.py:186} INFO - Started process (PID=127) to work on /opt/airflow/dags/hello_airflow.py
[2026-01-09T08:20:39.767+0000] {processor.py:914} INFO - Processing file /opt/airflow/dags/hello_airflow.py for tasks to queue
[2026-01-09T08:20:39.772+0000] {logging_mixin.py:190} INFO - [2026-01-09T08:20:39.771+0000] {dagbag.py:588} INFO - Filling up the DagBag from /opt/airflow/dags/hello_airflow.py
[2026-01-09T08:20:39.786+0000] {processor.py:925} INFO - DAG(s) 'hello_airflow' retrieved from /opt/airflow/dags/hello_airflow.py
[2026-01-09T08:20:39.819+0000] {logging_mixin.py:190} INFO - [2026-01-09T08:20:39.819+0000] {dag.py:3239} INFO - Sync 1 DAGs
[2026-01-09T08:20:39.852+0000] {logging_mixin.py:190} INFO - [2026-01-09T08:20:39.852+0000] {dag.py:4180} INFO - Setting next_dagrun for hello_airflow to 2026-01-09 08:19:00+00:00, run_after=2026-01-09 08:20:00+00:00
[2026-01-09T08:20:39.873+0000] {processor.py:208} INFO - Processing /opt/airflow/dags/hello_airflow.py took 0.121 seconds
[2026-01-09T08:21:11.139+0000] {processor.py:186} INFO - Started process (PID=150) to work on /opt/airflow/dags/hello_airflow.py
[2026-01-09T08:21:11.141+0000] {processor.py:914} INFO - Processing file /opt/airflow/dags/hello_airflow.py for tasks to queue
[2026-01-09T08:21:11.144+0000] {logging_mixin.py:190} INFO - [2026-01-09T08:21:11.144+0000] {dagbag.py:588} INFO - Filling up the DagBag from /opt/airflow/dags/hello_airflow.py
[2026-01-09T08:21:11.162+0000] {processor.py:925} INFO - DAG(s) 'hello_airflow' retrieved from /opt/airflow/dags/hello_airflow.py
[2026-01-09T08:21:11.195+0000] {logging_mixin.py:190} INFO - [2026-01-09T08:21:11.195+0000] {dag.py:3239} INFO - Sync 1 DAGs
[2026-01-09T08:21:11.230+0000] {logging_mixin.py:190} INFO - [2026-01-09T08:21:11.230+0000] {dag.py:4180} INFO - Setting next_dagrun for hello_airflow to 2026-01-09 08:20:00+00:00, run_after=2026-01-09 08:21:00+00:00
[2026-01-09T08:21:11.305+0000] {processor.py:208} INFO - Processing /opt/airflow/dags/hello_airflow.py took 0.179 seconds
[2026-01-09T08:21:42.555+0000] {processor.py:186} INFO - Started process (PID=173) to work on /opt/airflow/dags/hello_airflow.py
[2026-01-09T08:21:42.557+0000] {processor.py:914} INFO - Processing file /opt/airflow/dags/hello_airflow.py for tasks to queue
[2026-01-09T08:21:42.562+0000] {logging_mixin.py:190} INFO - [2026-01-09T08:21:42.561+0000] {dagbag.py:588} INFO - Filling up the DagBag from /opt/airflow/dags/hello_airflow.py
[2026-01-09T08:21:42.588+0000] {processor.py:925} INFO - DAG(s) 'hello_airflow' retrieved from /opt/airflow/dags/hello_airflow.py
[2026-01-09T08:21:42.636+0000] {logging_mixin.py:190} INFO - [2026-01-09T08:21:42.635+0000] {dag.py:3239} INFO - Sync 1 DAGs
[2026-01-09T08:21:42.687+0000] {logging_mixin.py:190} INFO - [2026-01-09T08:21:42.687+0000] {dag.py:4180} INFO - Setting next_dagrun for hello_airflow to 2026-01-09 08:20:00+00:00, run_after=2026-01-09 08:21:00+00:00
[2026-01-09T08:21:42.769+0000] {processor.py:208} INFO - Processing /opt/airflow/dags/hello_airflow.py took 0.232 seconds
[2026-01-09T08:22:13.809+0000] {processor.py:186} INFO - Started process (PID=196) to work on /opt/airflow/dags/hello_airflow.py
[2026-01-09T08:22:13.813+0000] {processor.py:914} INFO - Processing file /opt/airflow/dags/hello_airflow.py for tasks to queue
[2026-01-09T08:22:13.817+0000] {logging_mixin.py:190} INFO - [2026-01-09T08:22:13.816+0000] {dagbag.py:588} INFO - Filling up the DagBag from /opt/airflow/dags/hello_airflow.py
[2026-01-09T08:22:13.838+0000] {processor.py:925} INFO - DAG(s) 'hello_airflow' retrieved from /opt/airflow/dags/hello_airflow.py
[2026-01-09T08:22:13.882+0000] {logging_mixin.py:190} INFO - [2026-01-09T08:22:13.882+0000] {dag.py:3239} INFO - Sync 1 DAGs
[2026-01-09T08:22:13.992+0000] {logging_mixin.py:190} INFO - [2026-01-09T08:22:13.991+0000] {dag.py:4180} INFO - Setting next_dagrun for hello_airflow to 2026-01-09 08:21:00+00:00, run_after=2026-01-09 08:22:00+00:00
[2026-01-09T08:22:14.111+0000] {processor.py:208} INFO - Processing /opt/airflow/dags/hello_airflow.py took 0.315 seconds
[2026-01-09T08:22:44.828+0000] {processor.py:186} INFO - Started process (PID=218) to work on /opt/airflow/dags/hello_airflow.py
[2026-01-09T08:22:44.830+0000] {processor.py:914} INFO - Processing file /opt/airflow/dags/hello_airflow.py for tasks to queue
[2026-01-09T08:22:44.834+0000] {logging_mixin.py:190} INFO - [2026-01-09T08:22:44.834+0000] {dagbag.py:588} INFO - Filling up the DagBag from /opt/airflow/dags/hello_airflow.py
[2026-01-09T08:22:44.855+0000] {processor.py:925} INFO - DAG(s) 'hello_airflow' retrieved from /opt/airflow/dags/hello_airflow.py
[2026-01-09T08:22:44.896+0000] {logging_mixin.py:190} INFO - [2026-01-09T08:22:44.896+0000] {dag.py:3239} INFO - Sync 1 DAGs
[2026-01-09T08:22:44.947+0000] {logging_mixin.py:190} INFO - [2026-01-09T08:22:44.947+0000] {dag.py:4180} INFO - Setting next_dagrun for hello_airflow to 2026-01-09 08:21:00+00:00, run_after=2026-01-09 08:22:00+00:00
[2026-01-09T08:22:45.022+0000] {processor.py:208} INFO - Processing /opt/airflow/dags/hello_airflow.py took 0.208 seconds
[2026-01-09T08:23:15.932+0000] {processor.py:186} INFO - Started process (PID=241) to work on /opt/airflow/dags/hello_airflow.py
[2026-01-09T08:23:15.933+0000] {processor.py:914} INFO - Processing file /opt/airflow/dags/hello_airflow.py for tasks to queue
[2026-01-09T08:23:15.938+0000] {logging_mixin.py:190} INFO - [2026-01-09T08:23:15.937+0000] {dagbag.py:588} INFO - Filling up the DagBag from /opt/airflow/dags/hello_airflow.py
[2026-01-09T08:23:15.958+0000] {processor.py:925} INFO - DAG(s) 'hello_airflow' retrieved from /opt/airflow/dags/hello_airflow.py
[2026-01-09T08:23:16.001+0000] {logging_mixin.py:190} INFO - [2026-01-09T08:23:16.001+0000] {dag.py:3239} INFO - Sync 1 DAGs
[2026-01-09T08:23:16.051+0000] {logging_mixin.py:190} INFO - [2026-01-09T08:23:16.051+0000] {dag.py:4180} INFO - Setting next_dagrun for hello_airflow to 2026-01-09 08:22:00+00:00, run_after=2026-01-09 08:23:00+00:00
[2026-01-09T08:23:16.126+0000] {processor.py:208} INFO - Processing /opt/airflow/dags/hello_airflow.py took 0.207 seconds
[2026-01-09T08:23:46.927+0000] {processor.py:186} INFO - Started process (PID=264) to work on /opt/airflow/dags/hello_airflow.py
[2026-01-09T08:23:46.929+0000] {processor.py:914} INFO - Processing file /opt/airflow/dags/hello_airflow.py for tasks to queue
[2026-01-09T08:23:46.933+0000] {logging_mixin.py:190} INFO - [2026-01-09T08:23:46.933+0000] {dagbag.py:588} INFO - Filling up the DagBag from /opt/airflow/dags/hello_airflow.py
[2026-01-09T08:23:46.950+0000] {processor.py:925} INFO - DAG(s) 'hello_airflow' retrieved from /opt/airflow/dags/hello_airflow.py
[2026-01-09T08:23:46.993+0000] {logging_mixin.py:190} INFO - [2026-01-09T08:23:46.993+0000] {dag.py:3239} INFO - Sync 1 DAGs
[2026-01-09T08:23:47.034+0000] {logging_mixin.py:190} INFO - [2026-01-09T08:23:47.033+0000] {dag.py:4180} INFO - Setting next_dagrun for hello_airflow to 2026-01-09 08:22:00+00:00, run_after=2026-01-09 08:23:00+00:00
[2026-01-09T08:23:47.108+0000] {processor.py:208} INFO - Processing /opt/airflow/dags/hello_airflow.py took 0.191 seconds
[2026-01-09T08:24:17.895+0000] {processor.py:186} INFO - Started process (PID=286) to work on /opt/airflow/dags/hello_airflow.py
[2026-01-09T08:24:17.897+0000] {processor.py:914} INFO - Processing file /opt/airflow/dags/hello_airflow.py for tasks to queue
[2026-01-09T08:24:17.902+0000] {logging_mixin.py:190} INFO - [2026-01-09T08:24:17.901+0000] {dagbag.py:588} INFO - Filling up the DagBag from /opt/airflow/dags/hello_airflow.py
[2026-01-09T08:24:17.920+0000] {processor.py:925} INFO - DAG(s) 'hello_airflow' retrieved from /opt/airflow/dags/hello_airflow.py
[2026-01-09T08:24:17.983+0000] {logging_mixin.py:190} INFO - [2026-01-09T08:24:17.982+0000] {dag.py:3239} INFO - Sync 1 DAGs
[2026-01-09T08:24:18.042+0000] {logging_mixin.py:190} INFO - [2026-01-09T08:24:18.042+0000] {dag.py:4180} INFO - Setting next_dagrun for hello_airflow to 2026-01-09 08:23:00+00:00, run_after=2026-01-09 08:24:00+00:00
[2026-01-09T08:24:18.123+0000] {processor.py:208} INFO - Processing /opt/airflow/dags/hello_airflow.py took 0.246 seconds
[2026-01-09T08:24:48.877+0000] {processor.py:186} INFO - Started process (PID=309) to work on /opt/airflow/dags/hello_airflow.py
[2026-01-09T08:24:48.879+0000] {processor.py:914} INFO - Processing file /opt/airflow/dags/hello_airflow.py for tasks to queue
[2026-01-09T08:24:48.883+0000] {logging_mixin.py:190} INFO - [2026-01-09T08:24:48.882+0000] {dagbag.py:588} INFO - Filling up the DagBag from /opt/airflow/dags/hello_airflow.py
[2026-01-09T08:24:48.902+0000] {processor.py:925} INFO - DAG(s) 'hello_airflow' retrieved from /opt/airflow/dags/hello_airflow.py
[2026-01-09T08:24:48.940+0000] {logging_mixin.py:190} INFO - [2026-01-09T08:24:48.940+0000] {dag.py:3239} INFO - Sync 1 DAGs
[2026-01-09T08:24:48.987+0000] {logging_mixin.py:190} INFO - [2026-01-09T08:24:48.987+0000] {dag.py:4180} INFO - Setting next_dagrun for hello_airflow to 2026-01-09 08:23:00+00:00, run_after=2026-01-09 08:24:00+00:00
[2026-01-09T08:24:49.056+0000] {processor.py:208} INFO - Processing /opt/airflow/dags/hello_airflow.py took 0.190 seconds
[2026-01-09T08:25:20.008+0000] {processor.py:186} INFO - Started process (PID=332) to work on /opt/airflow/dags/hello_airflow.py
[2026-01-09T08:25:20.010+0000] {processor.py:914} INFO - Processing file /opt/airflow/dags/hello_airflow.py for tasks to queue
[2026-01-09T08:25:20.015+0000] {logging_mixin.py:190} INFO - [2026-01-09T08:25:20.015+0000] {dagbag.py:588} INFO - Filling up the DagBag from /opt/airflow/dags/hello_airflow.py
[2026-01-09T08:25:20.039+0000] {processor.py:925} INFO - DAG(s) 'hello_airflow' retrieved from /opt/airflow/dags/hello_airflow.py
[2026-01-09T08:25:20.083+0000] {logging_mixin.py:190} INFO - [2026-01-09T08:25:20.083+0000] {dag.py:3239} INFO - Sync 1 DAGs
[2026-01-09T08:25:20.135+0000] {logging_mixin.py:190} INFO - [2026-01-09T08:25:20.135+0000] {dag.py:4180} INFO - Setting next_dagrun for hello_airflow to 2026-01-09 08:24:00+00:00, run_after=2026-01-09 08:25:00+00:00
[2026-01-09T08:25:20.218+0000] {processor.py:208} INFO - Processing /opt/airflow/dags/hello_airflow.py took 0.224 seconds
[2026-01-09T08:25:51.004+0000] {processor.py:186} INFO - Started process (PID=353) to work on /opt/airflow/dags/hello_airflow.py
[2026-01-09T08:25:51.024+0000] {processor.py:914} INFO - Processing file /opt/airflow/dags/hello_airflow.py for tasks to queue
[2026-01-09T08:25:51.029+0000] {logging_mixin.py:190} INFO - [2026-01-09T08:25:51.028+0000] {dagbag.py:588} INFO - Filling up the DagBag from /opt/airflow/dags/hello_airflow.py
[2026-01-09T08:25:51.048+0000] {processor.py:925} INFO - DAG(s) 'hello_airflow' retrieved from /opt/airflow/dags/hello_airflow.py
[2026-01-09T08:25:51.092+0000] {logging_mixin.py:190} INFO - [2026-01-09T08:25:51.092+0000] {dag.py:3239} INFO - Sync 1 DAGs
[2026-01-09T08:25:51.139+0000] {logging_mixin.py:190} INFO - [2026-01-09T08:25:51.139+0000] {dag.py:4180} INFO - Setting next_dagrun for hello_airflow to 2026-01-09 08:24:00+00:00, run_after=2026-01-09 08:25:00+00:00
[2026-01-09T08:25:51.178+0000] {processor.py:208} INFO - Processing /opt/airflow/dags/hello_airflow.py took 0.189 seconds
[2026-01-09T08:26:22.457+0000] {processor.py:186} INFO - Started process (PID=376) to work on /opt/airflow/dags/hello_airflow.py
[2026-01-09T08:26:22.459+0000] {processor.py:914} INFO - Processing file /opt/airflow/dags/hello_airflow.py for tasks to queue
[2026-01-09T08:26:22.463+0000] {logging_mixin.py:190} INFO - [2026-01-09T08:26:22.463+0000] {dagbag.py:588} INFO - Filling up the DagBag from /opt/airflow/dags/hello_airflow.py
[2026-01-09T08:26:22.482+0000] {processor.py:925} INFO - DAG(s) 'hello_airflow' retrieved from /opt/airflow/dags/hello_airflow.py
[2026-01-09T08:26:22.523+0000] {logging_mixin.py:190} INFO - [2026-01-09T08:26:22.523+0000] {dag.py:3239} INFO - Sync 1 DAGs
[2026-01-09T08:26:22.570+0000] {logging_mixin.py:190} INFO - [2026-01-09T08:26:22.570+0000] {dag.py:4180} INFO - Setting next_dagrun for hello_airflow to 2026-01-09 08:25:00+00:00, run_after=2026-01-09 08:26:00+00:00
[2026-01-09T08:26:22.650+0000] {processor.py:208} INFO - Processing /opt/airflow/dags/hello_airflow.py took 0.203 seconds
[2026-01-09T08:26:54.789+0000] {processor.py:186} INFO - Started process (PID=401) to work on /opt/airflow/dags/hello_airflow.py
[2026-01-09T08:26:54.792+0000] {processor.py:914} INFO - Processing file /opt/airflow/dags/hello_airflow.py for tasks to queue
[2026-01-09T08:26:54.799+0000] {logging_mixin.py:190} INFO - [2026-01-09T08:26:54.798+0000] {dagbag.py:588} INFO - Filling up the DagBag from /opt/airflow/dags/hello_airflow.py
[2026-01-09T08:26:54.824+0000] {processor.py:925} INFO - DAG(s) 'hello_airflow' retrieved from /opt/airflow/dags/hello_airflow.py
[2026-01-09T08:26:54.889+0000] {logging_mixin.py:190} INFO - [2026-01-09T08:26:54.888+0000] {dag.py:3239} INFO - Sync 1 DAGs
[2026-01-09T08:26:54.942+0000] {logging_mixin.py:190} INFO - [2026-01-09T08:26:54.942+0000] {dag.py:4180} INFO - Setting next_dagrun for hello_airflow to 2026-01-09 08:25:00+00:00, run_after=2026-01-09 08:26:00+00:00
[2026-01-09T08:26:54.972+0000] {processor.py:208} INFO - Processing /opt/airflow/dags/hello_airflow.py took 0.198 seconds
[2026-01-09T08:27:25.757+0000] {processor.py:186} INFO - Started process (PID=424) to work on /opt/airflow/dags/hello_airflow.py
[2026-01-09T08:27:25.759+0000] {processor.py:914} INFO - Processing file /opt/airflow/dags/hello_airflow.py for tasks to queue
[2026-01-09T08:27:25.767+0000] {logging_mixin.py:190} INFO - [2026-01-09T08:27:25.766+0000] {dagbag.py:588} INFO - Filling up the DagBag from /opt/airflow/dags/hello_airflow.py
[2026-01-09T08:27:25.800+0000] {processor.py:925} INFO - DAG(s) 'hello_airflow' retrieved from /opt/airflow/dags/hello_airflow.py
[2026-01-09T08:27:25.860+0000] {logging_mixin.py:190} INFO - [2026-01-09T08:27:25.859+0000] {dag.py:3239} INFO - Sync 1 DAGs
[2026-01-09T08:27:25.921+0000] {logging_mixin.py:190} INFO - [2026-01-09T08:27:25.921+0000] {dag.py:4180} INFO - Setting next_dagrun for hello_airflow to 2026-01-09 08:26:00+00:00, run_after=2026-01-09 08:27:00+00:00
[2026-01-09T08:27:25.969+0000] {processor.py:208} INFO - Processing /opt/airflow/dags/hello_airflow.py took 0.231 seconds
[2026-01-09T08:27:57.042+0000] {processor.py:186} INFO - Started process (PID=446) to work on /opt/airflow/dags/hello_airflow.py
[2026-01-09T08:27:57.044+0000] {processor.py:914} INFO - Processing file /opt/airflow/dags/hello_airflow.py for tasks to queue
[2026-01-09T08:27:57.047+0000] {logging_mixin.py:190} INFO - [2026-01-09T08:27:57.047+0000] {dagbag.py:588} INFO - Filling up the DagBag from /opt/airflow/dags/hello_airflow.py
[2026-01-09T08:27:57.067+0000] {processor.py:925} INFO - DAG(s) 'hello_airflow' retrieved from /opt/airflow/dags/hello_airflow.py
[2026-01-09T08:27:57.124+0000] {logging_mixin.py:190} INFO - [2026-01-09T08:27:57.123+0000] {dag.py:3239} INFO - Sync 1 DAGs
[2026-01-09T08:27:57.186+0000] {logging_mixin.py:190} INFO - [2026-01-09T08:27:57.185+0000] {dag.py:4180} INFO - Setting next_dagrun for hello_airflow to 2026-01-09 08:26:00+00:00, run_after=2026-01-09 08:27:00+00:00
[2026-01-09T08:27:57.218+0000] {processor.py:208} INFO - Processing /opt/airflow/dags/hello_airflow.py took 0.190 seconds
[2026-01-09T08:28:28.510+0000] {processor.py:186} INFO - Started process (PID=473) to work on /opt/airflow/dags/hello_airflow.py
[2026-01-09T08:28:28.511+0000] {processor.py:914} INFO - Processing file /opt/airflow/dags/hello_airflow.py for tasks to queue
[2026-01-09T08:28:28.515+0000] {logging_mixin.py:190} INFO - [2026-01-09T08:28:28.515+0000] {dagbag.py:588} INFO - Filling up the DagBag from /opt/airflow/dags/hello_airflow.py
[2026-01-09T08:28:28.539+0000] {processor.py:925} INFO - DAG(s) 'hello_airflow' retrieved from /opt/airflow/dags/hello_airflow.py
[2026-01-09T08:28:28.589+0000] {logging_mixin.py:190} INFO - [2026-01-09T08:28:28.588+0000] {dag.py:3239} INFO - Sync 1 DAGs
[2026-01-09T08:28:28.647+0000] {logging_mixin.py:190} INFO - [2026-01-09T08:28:28.647+0000] {dag.py:4180} INFO - Setting next_dagrun for hello_airflow to 2026-01-09 08:27:00+00:00, run_after=2026-01-09 08:28:00+00:00
[2026-01-09T08:28:28.707+0000] {processor.py:208} INFO - Processing /opt/airflow/dags/hello_airflow.py took 0.211 seconds
[2026-01-09T08:29:00.091+0000] {processor.py:186} INFO - Started process (PID=496) to work on /opt/airflow/dags/hello_airflow.py
[2026-01-09T08:29:00.093+0000] {processor.py:914} INFO - Processing file /opt/airflow/dags/hello_airflow.py for tasks to queue
[2026-01-09T08:29:00.099+0000] {logging_mixin.py:190} INFO - [2026-01-09T08:29:00.098+0000] {dagbag.py:588} INFO - Filling up the DagBag from /opt/airflow/dags/hello_airflow.py
[2026-01-09T08:29:00.117+0000] {processor.py:925} INFO - DAG(s) 'hello_airflow' retrieved from /opt/airflow/dags/hello_airflow.py
[2026-01-09T08:29:00.162+0000] {logging_mixin.py:190} INFO - [2026-01-09T08:29:00.162+0000] {dag.py:3239} INFO - Sync 1 DAGs
[2026-01-09T08:29:00.207+0000] {logging_mixin.py:190} INFO - [2026-01-09T08:29:00.206+0000] {dag.py:4180} INFO - Setting next_dagrun for hello_airflow to 2026-01-09 08:28:00+00:00, run_after=2026-01-09 08:29:00+00:00
[2026-01-09T08:29:00.248+0000] {processor.py:208} INFO - Processing /opt/airflow/dags/hello_airflow.py took 0.177 seconds
[2026-01-09T08:29:31.676+0000] {processor.py:186} INFO - Started process (PID=519) to work on /opt/airflow/dags/hello_airflow.py
[2026-01-09T08:29:31.679+0000] {processor.py:914} INFO - Processing file /opt/airflow/dags/hello_airflow.py for tasks to queue
[2026-01-09T08:29:31.686+0000] {logging_mixin.py:190} INFO - [2026-01-09T08:29:31.684+0000] {dagbag.py:588} INFO - Filling up the DagBag from /opt/airflow/dags/hello_airflow.py
[2026-01-09T08:29:31.721+0000] {processor.py:925} INFO - DAG(s) 'hello_airflow' retrieved from /opt/airflow/dags/hello_airflow.py
[2026-01-09T08:29:31.763+0000] {logging_mixin.py:190} INFO - [2026-01-09T08:29:31.762+0000] {dag.py:3239} INFO - Sync 1 DAGs
[2026-01-09T08:29:31.807+0000] {logging_mixin.py:190} INFO - [2026-01-09T08:29:31.807+0000] {dag.py:4180} INFO - Setting next_dagrun for hello_airflow to 2026-01-09 08:28:00+00:00, run_after=2026-01-09 08:29:00+00:00
[2026-01-09T08:29:31.844+0000] {processor.py:208} INFO - Processing /opt/airflow/dags/hello_airflow.py took 0.182 seconds
[2026-01-09T08:30:03.268+0000] {processor.py:186} INFO - Started process (PID=542) to work on /opt/airflow/dags/hello_airflow.py
[2026-01-09T08:30:03.276+0000] {processor.py:914} INFO - Processing file /opt/airflow/dags/hello_airflow.py for tasks to queue
[2026-01-09T08:30:03.281+0000] {logging_mixin.py:190} INFO - [2026-01-09T08:30:03.280+0000] {dagbag.py:588} INFO - Filling up the DagBag from /opt/airflow/dags/hello_airflow.py
[2026-01-09T08:30:03.305+0000] {processor.py:925} INFO - DAG(s) 'hello_airflow' retrieved from /opt/airflow/dags/hello_airflow.py
[2026-01-09T08:30:03.354+0000] {logging_mixin.py:190} INFO - [2026-01-09T08:30:03.353+0000] {dag.py:3239} INFO - Sync 1 DAGs
[2026-01-09T08:30:03.426+0000] {logging_mixin.py:190} INFO - [2026-01-09T08:30:03.426+0000] {dag.py:4180} INFO - Setting next_dagrun for hello_airflow to 2026-01-09 08:29:00+00:00, run_after=2026-01-09 08:30:00+00:00
[2026-01-09T08:30:03.459+0000] {processor.py:208} INFO - Processing /opt/airflow/dags/hello_airflow.py took 0.202 seconds
[2026-01-09T08:30:34.636+0000] {processor.py:186} INFO - Started process (PID=565) to work on /opt/airflow/dags/hello_airflow.py
[2026-01-09T08:30:34.638+0000] {processor.py:914} INFO - Processing file /opt/airflow/dags/hello_airflow.py for tasks to queue
[2026-01-09T08:30:34.643+0000] {logging_mixin.py:190} INFO - [2026-01-09T08:30:34.642+0000] {dagbag.py:588} INFO - Filling up the DagBag from /opt/airflow/dags/hello_airflow.py
[2026-01-09T08:30:34.658+0000] {processor.py:925} INFO - DAG(s) 'hello_airflow' retrieved from /opt/airflow/dags/hello_airflow.py
[2026-01-09T08:30:34.688+0000] {logging_mixin.py:190} INFO - [2026-01-09T08:30:34.688+0000] {dag.py:3239} INFO - Sync 1 DAGs
[2026-01-09T08:30:34.724+0000] {logging_mixin.py:190} INFO - [2026-01-09T08:30:34.724+0000] {dag.py:4180} INFO - Setting next_dagrun for hello_airflow to 2026-01-09 08:29:00+00:00, run_after=2026-01-09 08:30:00+00:00
[2026-01-09T08:30:34.791+0000] {processor.py:208} INFO - Processing /opt/airflow/dags/hello_airflow.py took 0.167 seconds
[2026-01-09T08:31:06.133+0000] {processor.py:186} INFO - Started process (PID=588) to work on /opt/airflow/dags/hello_airflow.py
[2026-01-09T08:31:06.134+0000] {processor.py:914} INFO - Processing file /opt/airflow/dags/hello_airflow.py for tasks to queue
[2026-01-09T08:31:06.139+0000] {logging_mixin.py:190} INFO - [2026-01-09T08:31:06.138+0000] {dagbag.py:588} INFO - Filling up the DagBag from /opt/airflow/dags/hello_airflow.py
[2026-01-09T08:31:06.155+0000] {processor.py:925} INFO - DAG(s) 'hello_airflow' retrieved from /opt/airflow/dags/hello_airflow.py
[2026-01-09T08:31:06.194+0000] {logging_mixin.py:190} INFO - [2026-01-09T08:31:06.194+0000] {dag.py:3239} INFO - Sync 1 DAGs
[2026-01-09T08:31:06.244+0000] {logging_mixin.py:190} INFO - [2026-01-09T08:31:06.244+0000] {dag.py:4180} INFO - Setting next_dagrun for hello_airflow to 2026-01-09 08:30:00+00:00, run_after=2026-01-09 08:31:00+00:00
[2026-01-09T08:31:06.309+0000] {processor.py:208} INFO - Processing /opt/airflow/dags/hello_airflow.py took 0.191 seconds
[2026-01-09T08:31:37.557+0000] {processor.py:186} INFO - Started process (PID=612) to work on /opt/airflow/dags/hello_airflow.py
[2026-01-09T08:31:37.559+0000] {processor.py:914} INFO - Processing file /opt/airflow/dags/hello_airflow.py for tasks to queue
[2026-01-09T08:31:37.564+0000] {logging_mixin.py:190} INFO - [2026-01-09T08:31:37.563+0000] {dagbag.py:588} INFO - Filling up the DagBag from /opt/airflow/dags/hello_airflow.py
[2026-01-09T08:31:37.584+0000] {processor.py:925} INFO - DAG(s) 'hello_airflow' retrieved from /opt/airflow/dags/hello_airflow.py
[2026-01-09T08:31:37.622+0000] {logging_mixin.py:190} INFO - [2026-01-09T08:31:37.622+0000] {dag.py:3239} INFO - Sync 1 DAGs
[2026-01-09T08:31:37.679+0000] {logging_mixin.py:190} INFO - [2026-01-09T08:31:37.679+0000] {dag.py:4180} INFO - Setting next_dagrun for hello_airflow to 2026-01-09 08:30:00+00:00, run_after=2026-01-09 08:31:00+00:00
[2026-01-09T08:31:37.737+0000] {processor.py:208} INFO - Processing /opt/airflow/dags/hello_airflow.py took 0.191 seconds
[2026-01-09T08:32:08.832+0000] {processor.py:186} INFO - Started process (PID=636) to work on /opt/airflow/dags/hello_airflow.py
[2026-01-09T08:32:08.834+0000] {processor.py:914} INFO - Processing file /opt/airflow/dags/hello_airflow.py for tasks to queue
[2026-01-09T08:32:08.838+0000] {logging_mixin.py:190} INFO - [2026-01-09T08:32:08.838+0000] {dagbag.py:588} INFO - Filling up the DagBag from /opt/airflow/dags/hello_airflow.py
[2026-01-09T08:32:08.857+0000] {processor.py:925} INFO - DAG(s) 'hello_airflow' retrieved from /opt/airflow/dags/hello_airflow.py
[2026-01-09T08:32:08.911+0000] {logging_mixin.py:190} INFO - [2026-01-09T08:32:08.910+0000] {dag.py:3239} INFO - Sync 1 DAGs
[2026-01-09T08:32:08.969+0000] {logging_mixin.py:190} INFO - [2026-01-09T08:32:08.969+0000] {dag.py:4180} INFO - Setting next_dagrun for hello_airflow to 2026-01-09 08:31:00+00:00, run_after=2026-01-09 08:32:00+00:00
[2026-01-09T08:32:09.062+0000] {processor.py:208} INFO - Processing /opt/airflow/dags/hello_airflow.py took 0.240 seconds
[2026-01-09T08:32:40.287+0000] {processor.py:186} INFO - Started process (PID=660) to work on /opt/airflow/dags/hello_airflow.py
[2026-01-09T08:32:40.289+0000] {processor.py:914} INFO - Processing file /opt/airflow/dags/hello_airflow.py for tasks to queue
[2026-01-09T08:32:40.294+0000] {logging_mixin.py:190} INFO - [2026-01-09T08:32:40.293+0000] {dagbag.py:588} INFO - Filling up the DagBag from /opt/airflow/dags/hello_airflow.py
[2026-01-09T08:32:40.316+0000] {processor.py:925} INFO - DAG(s) 'hello_airflow' retrieved from /opt/airflow/dags/hello_airflow.py
[2026-01-09T08:32:40.365+0000] {logging_mixin.py:190} INFO - [2026-01-09T08:32:40.364+0000] {dag.py:3239} INFO - Sync 1 DAGs
[2026-01-09T08:32:40.426+0000] {logging_mixin.py:190} INFO - [2026-01-09T08:32:40.426+0000] {dag.py:4180} INFO - Setting next_dagrun for hello_airflow to 2026-01-09 08:31:00+00:00, run_after=2026-01-09 08:32:00+00:00
[2026-01-09T08:32:40.515+0000] {processor.py:208} INFO - Processing /opt/airflow/dags/hello_airflow.py took 0.243 seconds
[2026-01-09T08:33:11.583+0000] {processor.py:186} INFO - Started process (PID=684) to work on /opt/airflow/dags/hello_airflow.py
[2026-01-09T08:33:11.585+0000] {processor.py:914} INFO - Processing file /opt/airflow/dags/hello_airflow.py for tasks to queue
[2026-01-09T08:33:11.590+0000] {logging_mixin.py:190} INFO - [2026-01-09T08:33:11.589+0000] {dagbag.py:588} INFO - Filling up the DagBag from /opt/airflow/dags/hello_airflow.py
[2026-01-09T08:33:11.615+0000] {processor.py:925} INFO - DAG(s) 'hello_airflow' retrieved from /opt/airflow/dags/hello_airflow.py
[2026-01-09T08:33:11.660+0000] {logging_mixin.py:190} INFO - [2026-01-09T08:33:11.659+0000] {dag.py:3239} INFO - Sync 1 DAGs
[2026-01-09T08:33:11.713+0000] {logging_mixin.py:190} INFO - [2026-01-09T08:33:11.713+0000] {dag.py:4180} INFO - Setting next_dagrun for hello_airflow to 2026-01-09 08:32:00+00:00, run_after=2026-01-09 08:33:00+00:00
[2026-01-09T08:33:11.796+0000] {processor.py:208} INFO - Processing /opt/airflow/dags/hello_airflow.py took 0.226 seconds
[2026-01-09T08:33:42.398+0000] {processor.py:186} INFO - Started process (PID=706) to work on /opt/airflow/dags/hello_airflow.py
[2026-01-09T08:33:42.399+0000] {processor.py:914} INFO - Processing file /opt/airflow/dags/hello_airflow.py for tasks to queue
[2026-01-09T08:33:42.403+0000] {logging_mixin.py:190} INFO - [2026-01-09T08:33:42.402+0000] {dagbag.py:588} INFO - Filling up the DagBag from /opt/airflow/dags/hello_airflow.py
[2026-01-09T08:33:42.421+0000] {processor.py:925} INFO - DAG(s) 'hello_airflow' retrieved from /opt/airflow/dags/hello_airflow.py
[2026-01-09T08:33:42.461+0000] {logging_mixin.py:190} INFO - [2026-01-09T08:33:42.461+0000] {dag.py:3239} INFO - Sync 1 DAGs
[2026-01-09T08:33:42.507+0000] {logging_mixin.py:190} INFO - [2026-01-09T08:33:42.507+0000] {dag.py:4180} INFO - Setting next_dagrun for hello_airflow to 2026-01-09 08:32:00+00:00, run_after=2026-01-09 08:33:00+00:00
[2026-01-09T08:33:42.578+0000] {processor.py:208} INFO - Processing /opt/airflow/dags/hello_airflow.py took 0.190 seconds
[2026-01-09T08:34:13.557+0000] {processor.py:186} INFO - Started process (PID=729) to work on /opt/airflow/dags/hello_airflow.py
[2026-01-09T08:34:13.558+0000] {processor.py:914} INFO - Processing file /opt/airflow/dags/hello_airflow.py for tasks to queue
[2026-01-09T08:34:13.563+0000] {logging_mixin.py:190} INFO - [2026-01-09T08:34:13.562+0000] {dagbag.py:588} INFO - Filling up the DagBag from /opt/airflow/dags/hello_airflow.py
[2026-01-09T08:34:13.585+0000] {processor.py:925} INFO - DAG(s) 'hello_airflow' retrieved from /opt/airflow/dags/hello_airflow.py
[2026-01-09T08:34:13.630+0000] {logging_mixin.py:190} INFO - [2026-01-09T08:34:13.629+0000] {dag.py:3239} INFO - Sync 1 DAGs
[2026-01-09T08:34:13.676+0000] {logging_mixin.py:190} INFO - [2026-01-09T08:34:13.676+0000] {dag.py:4180} INFO - Setting next_dagrun for hello_airflow to 2026-01-09 08:33:00+00:00, run_after=2026-01-09 08:34:00+00:00
[2026-01-09T08:34:13.750+0000] {processor.py:208} INFO - Processing /opt/airflow/dags/hello_airflow.py took 0.205 seconds
[2026-01-09T08:34:44.767+0000] {processor.py:186} INFO - Started process (PID=753) to work on /opt/airflow/dags/hello_airflow.py
[2026-01-09T08:34:44.770+0000] {processor.py:914} INFO - Processing file /opt/airflow/dags/hello_airflow.py for tasks to queue
[2026-01-09T08:34:44.774+0000] {logging_mixin.py:190} INFO - [2026-01-09T08:34:44.773+0000] {dagbag.py:588} INFO - Filling up the DagBag from /opt/airflow/dags/hello_airflow.py
[2026-01-09T08:34:44.794+0000] {processor.py:925} INFO - DAG(s) 'hello_airflow' retrieved from /opt/airflow/dags/hello_airflow.py
[2026-01-09T08:34:44.833+0000] {logging_mixin.py:190} INFO - [2026-01-09T08:34:44.832+0000] {dag.py:3239} INFO - Sync 1 DAGs
[2026-01-09T08:34:44.881+0000] {logging_mixin.py:190} INFO - [2026-01-09T08:34:44.880+0000] {dag.py:4180} INFO - Setting next_dagrun for hello_airflow to 2026-01-09 08:33:00+00:00, run_after=2026-01-09 08:34:00+00:00
[2026-01-09T08:34:44.952+0000] {processor.py:208} INFO - Processing /opt/airflow/dags/hello_airflow.py took 0.200 seconds
[2026-01-09T08:35:15.736+0000] {processor.py:186} INFO - Started process (PID=775) to work on /opt/airflow/dags/hello_airflow.py
[2026-01-09T08:35:15.737+0000] {processor.py:914} INFO - Processing file /opt/airflow/dags/hello_airflow.py for tasks to queue
[2026-01-09T08:35:15.742+0000] {logging_mixin.py:190} INFO - [2026-01-09T08:35:15.742+0000] {dagbag.py:588} INFO - Filling up the DagBag from /opt/airflow/dags/hello_airflow.py
[2026-01-09T08:35:15.764+0000] {processor.py:925} INFO - DAG(s) 'hello_airflow' retrieved from /opt/airflow/dags/hello_airflow.py
[2026-01-09T08:35:15.817+0000] {logging_mixin.py:190} INFO - [2026-01-09T08:35:15.816+0000] {dag.py:3239} INFO - Sync 1 DAGs
[2026-01-09T08:35:15.898+0000] {logging_mixin.py:190} INFO - [2026-01-09T08:35:15.898+0000] {dag.py:4180} INFO - Setting next_dagrun for hello_airflow to 2026-01-09 08:34:00+00:00, run_after=2026-01-09 08:35:00+00:00
[2026-01-09T08:35:15.978+0000] {processor.py:208} INFO - Processing /opt/airflow/dags/hello_airflow.py took 0.253 seconds
[2026-01-09T08:35:46.777+0000] {processor.py:186} INFO - Started process (PID=798) to work on /opt/airflow/dags/hello_airflow.py
[2026-01-09T08:35:46.778+0000] {processor.py:914} INFO - Processing file /opt/airflow/dags/hello_airflow.py for tasks to queue
[2026-01-09T08:35:46.782+0000] {logging_mixin.py:190} INFO - [2026-01-09T08:35:46.782+0000] {dagbag.py:588} INFO - Filling up the DagBag from /opt/airflow/dags/hello_airflow.py
[2026-01-09T08:35:46.802+0000] {processor.py:925} INFO - DAG(s) 'hello_airflow' retrieved from /opt/airflow/dags/hello_airflow.py
[2026-01-09T08:35:46.838+0000] {logging_mixin.py:190} INFO - [2026-01-09T08:35:46.838+0000] {dag.py:3239} INFO - Sync 1 DAGs
[2026-01-09T08:35:46.877+0000] {logging_mixin.py:190} INFO - [2026-01-09T08:35:46.877+0000] {dag.py:4180} INFO - Setting next_dagrun for hello_airflow to 2026-01-09 08:34:00+00:00, run_after=2026-01-09 08:35:00+00:00
[2026-01-09T08:35:46.952+0000] {processor.py:208} INFO - Processing /opt/airflow/dags/hello_airflow.py took 0.186 seconds
[2026-01-09T08:36:17.857+0000] {processor.py:186} INFO - Started process (PID=821) to work on /opt/airflow/dags/hello_airflow.py
[2026-01-09T08:36:17.858+0000] {processor.py:914} INFO - Processing file /opt/airflow/dags/hello_airflow.py for tasks to queue
[2026-01-09T08:36:17.862+0000] {logging_mixin.py:190} INFO - [2026-01-09T08:36:17.862+0000] {dagbag.py:588} INFO - Filling up the DagBag from /opt/airflow/dags/hello_airflow.py
[2026-01-09T08:36:17.880+0000] {processor.py:925} INFO - DAG(s) 'hello_airflow' retrieved from /opt/airflow/dags/hello_airflow.py
[2026-01-09T08:36:17.910+0000] {logging_mixin.py:190} INFO - [2026-01-09T08:36:17.910+0000] {dag.py:3239} INFO - Sync 1 DAGs
[2026-01-09T08:36:17.952+0000] {logging_mixin.py:190} INFO - [2026-01-09T08:36:17.951+0000] {dag.py:4180} INFO - Setting next_dagrun for hello_airflow to 2026-01-09 08:35:00+00:00, run_after=2026-01-09 08:36:00+00:00
[2026-01-09T08:36:18.032+0000] {processor.py:208} INFO - Processing /opt/airflow/dags/hello_airflow.py took 0.186 seconds
[2026-01-09T08:36:49.331+0000] {processor.py:186} INFO - Started process (PID=844) to work on /opt/airflow/dags/hello_airflow.py
[2026-01-09T08:36:49.333+0000] {processor.py:914} INFO - Processing file /opt/airflow/dags/hello_airflow.py for tasks to queue
[2026-01-09T08:36:49.336+0000] {logging_mixin.py:190} INFO - [2026-01-09T08:36:49.335+0000] {dagbag.py:588} INFO - Filling up the DagBag from /opt/airflow/dags/hello_airflow.py
[2026-01-09T08:36:49.348+0000] {processor.py:925} INFO - DAG(s) 'hello_airflow' retrieved from /opt/airflow/dags/hello_airflow.py
[2026-01-09T08:36:49.377+0000] {logging_mixin.py:190} INFO - [2026-01-09T08:36:49.377+0000] {dag.py:3239} INFO - Sync 1 DAGs
[2026-01-09T08:36:49.408+0000] {logging_mixin.py:190} INFO - [2026-01-09T08:36:49.408+0000] {dag.py:4180} INFO - Setting next_dagrun for hello_airflow to 2026-01-09 08:35:00+00:00, run_after=2026-01-09 08:36:00+00:00
[2026-01-09T08:36:49.474+0000] {processor.py:208} INFO - Processing /opt/airflow/dags/hello_airflow.py took 0.154 seconds
[2026-01-09T08:37:20.617+0000] {processor.py:186} INFO - Started process (PID=867) to work on /opt/airflow/dags/hello_airflow.py
[2026-01-09T08:37:20.618+0000] {processor.py:914} INFO - Processing file /opt/airflow/dags/hello_airflow.py for tasks to queue
[2026-01-09T08:37:20.621+0000] {logging_mixin.py:190} INFO - [2026-01-09T08:37:20.621+0000] {dagbag.py:588} INFO - Filling up the DagBag from /opt/airflow/dags/hello_airflow.py
[2026-01-09T08:37:20.635+0000] {processor.py:925} INFO - DAG(s) 'hello_airflow' retrieved from /opt/airflow/dags/hello_airflow.py
[2026-01-09T08:37:20.671+0000] {logging_mixin.py:190} INFO - [2026-01-09T08:37:20.670+0000] {dag.py:3239} INFO - Sync 1 DAGs
[2026-01-09T08:37:20.706+0000] {logging_mixin.py:190} INFO - [2026-01-09T08:37:20.706+0000] {dag.py:4180} INFO - Setting next_dagrun for hello_airflow to 2026-01-09 08:36:00+00:00, run_after=2026-01-09 08:37:00+00:00
[2026-01-09T08:37:20.773+0000] {processor.py:208} INFO - Processing /opt/airflow/dags/hello_airflow.py took 0.166 seconds
[2026-01-09T08:37:51.828+0000] {processor.py:186} INFO - Started process (PID=891) to work on /opt/airflow/dags/hello_airflow.py
[2026-01-09T08:37:51.829+0000] {processor.py:914} INFO - Processing file /opt/airflow/dags/hello_airflow.py for tasks to queue
[2026-01-09T08:37:51.833+0000] {logging_mixin.py:190} INFO - [2026-01-09T08:37:51.832+0000] {dagbag.py:588} INFO - Filling up the DagBag from /opt/airflow/dags/hello_airflow.py
[2026-01-09T08:37:51.851+0000] {processor.py:925} INFO - DAG(s) 'hello_airflow' retrieved from /opt/airflow/dags/hello_airflow.py
[2026-01-09T08:37:51.896+0000] {logging_mixin.py:190} INFO - [2026-01-09T08:37:51.895+0000] {dag.py:3239} INFO - Sync 1 DAGs
[2026-01-09T08:37:51.950+0000] {logging_mixin.py:190} INFO - [2026-01-09T08:37:51.949+0000] {dag.py:4180} INFO - Setting next_dagrun for hello_airflow to 2026-01-09 08:36:00+00:00, run_after=2026-01-09 08:37:00+00:00
[2026-01-09T08:37:52.046+0000] {processor.py:208} INFO - Processing /opt/airflow/dags/hello_airflow.py took 0.229 seconds
[2026-01-09T08:38:22.741+0000] {processor.py:186} INFO - Started process (PID=913) to work on /opt/airflow/dags/hello_airflow.py
[2026-01-09T08:38:22.743+0000] {processor.py:914} INFO - Processing file /opt/airflow/dags/hello_airflow.py for tasks to queue
[2026-01-09T08:38:22.746+0000] {logging_mixin.py:190} INFO - [2026-01-09T08:38:22.746+0000] {dagbag.py:588} INFO - Filling up the DagBag from /opt/airflow/dags/hello_airflow.py
[2026-01-09T08:38:22.763+0000] {processor.py:925} INFO - DAG(s) 'hello_airflow' retrieved from /opt/airflow/dags/hello_airflow.py
[2026-01-09T08:38:22.804+0000] {logging_mixin.py:190} INFO - [2026-01-09T08:38:22.804+0000] {dag.py:3239} INFO - Sync 1 DAGs
[2026-01-09T08:38:22.848+0000] {logging_mixin.py:190} INFO - [2026-01-09T08:38:22.848+0000] {dag.py:4180} INFO - Setting next_dagrun for hello_airflow to 2026-01-09 08:37:00+00:00, run_after=2026-01-09 08:38:00+00:00
[2026-01-09T08:38:22.930+0000] {processor.py:208} INFO - Processing /opt/airflow/dags/hello_airflow.py took 0.200 seconds
[2026-01-09T08:38:54.263+0000] {processor.py:186} INFO - Started process (PID=938) to work on /opt/airflow/dags/hello_airflow.py
[2026-01-09T08:38:54.264+0000] {processor.py:914} INFO - Processing file /opt/airflow/dags/hello_airflow.py for tasks to queue
[2026-01-09T08:38:54.268+0000] {logging_mixin.py:190} INFO - [2026-01-09T08:38:54.267+0000] {dagbag.py:588} INFO - Filling up the DagBag from /opt/airflow/dags/hello_airflow.py
[2026-01-09T08:38:54.283+0000] {processor.py:925} INFO - DAG(s) 'hello_airflow' retrieved from /opt/airflow/dags/hello_airflow.py
[2026-01-09T08:38:54.318+0000] {logging_mixin.py:190} INFO - [2026-01-09T08:38:54.318+0000] {dag.py:3239} INFO - Sync 1 DAGs
[2026-01-09T08:38:54.356+0000] {logging_mixin.py:190} INFO - [2026-01-09T08:38:54.356+0000] {dag.py:4180} INFO - Setting next_dagrun for hello_airflow to 2026-01-09 08:37:00+00:00, run_after=2026-01-09 08:38:00+00:00
[2026-01-09T08:38:54.429+0000] {processor.py:208} INFO - Processing /opt/airflow/dags/hello_airflow.py took 0.177 seconds
[2026-01-09T08:39:25.422+0000] {processor.py:186} INFO - Started process (PID=961) to work on /opt/airflow/dags/hello_airflow.py
[2026-01-09T08:39:25.424+0000] {processor.py:914} INFO - Processing file /opt/airflow/dags/hello_airflow.py for tasks to queue
[2026-01-09T08:39:25.428+0000] {logging_mixin.py:190} INFO - [2026-01-09T08:39:25.427+0000] {dagbag.py:588} INFO - Filling up the DagBag from /opt/airflow/dags/hello_airflow.py
[2026-01-09T08:39:25.444+0000] {processor.py:925} INFO - DAG(s) 'hello_airflow' retrieved from /opt/airflow/dags/hello_airflow.py
[2026-01-09T08:39:25.476+0000] {logging_mixin.py:190} INFO - [2026-01-09T08:39:25.476+0000] {dag.py:3239} INFO - Sync 1 DAGs
[2026-01-09T08:39:25.520+0000] {logging_mixin.py:190} INFO - [2026-01-09T08:39:25.520+0000] {dag.py:4180} INFO - Setting next_dagrun for hello_airflow to 2026-01-09 08:38:00+00:00, run_after=2026-01-09 08:39:00+00:00
[2026-01-09T08:39:25.602+0000] {processor.py:208} INFO - Processing /opt/airflow/dags/hello_airflow.py took 0.189 seconds
[2026-01-09T08:39:56.188+0000] {processor.py:186} INFO - Started process (PID=982) to work on /opt/airflow/dags/hello_airflow.py
[2026-01-09T08:39:56.190+0000] {processor.py:914} INFO - Processing file /opt/airflow/dags/hello_airflow.py for tasks to queue
[2026-01-09T08:39:56.194+0000] {logging_mixin.py:190} INFO - [2026-01-09T08:39:56.194+0000] {dagbag.py:588} INFO - Filling up the DagBag from /opt/airflow/dags/hello_airflow.py
[2026-01-09T08:39:56.210+0000] {processor.py:925} INFO - DAG(s) 'hello_airflow' retrieved from /opt/airflow/dags/hello_airflow.py
[2026-01-09T08:39:56.245+0000] {logging_mixin.py:190} INFO - [2026-01-09T08:39:56.244+0000] {dag.py:3239} INFO - Sync 1 DAGs
[2026-01-09T08:39:56.281+0000] {logging_mixin.py:190} INFO - [2026-01-09T08:39:56.281+0000] {dag.py:4180} INFO - Setting next_dagrun for hello_airflow to 2026-01-09 08:38:00+00:00, run_after=2026-01-09 08:39:00+00:00
[2026-01-09T08:39:56.327+0000] {processor.py:208} INFO - Processing /opt/airflow/dags/hello_airflow.py took 0.150 seconds
[2026-01-09T08:40:27.670+0000] {processor.py:186} INFO - Started process (PID=1006) to work on /opt/airflow/dags/hello_airflow.py
[2026-01-09T08:40:27.672+0000] {processor.py:914} INFO - Processing file /opt/airflow/dags/hello_airflow.py for tasks to queue
[2026-01-09T08:40:27.676+0000] {logging_mixin.py:190} INFO - [2026-01-09T08:40:27.675+0000] {dagbag.py:588} INFO - Filling up the DagBag from /opt/airflow/dags/hello_airflow.py
[2026-01-09T08:40:27.694+0000] {processor.py:925} INFO - DAG(s) 'hello_airflow' retrieved from /opt/airflow/dags/hello_airflow.py
[2026-01-09T08:40:27.737+0000] {logging_mixin.py:190} INFO - [2026-01-09T08:40:27.737+0000] {dag.py:3239} INFO - Sync 1 DAGs
[2026-01-09T08:40:27.794+0000] {logging_mixin.py:190} INFO - [2026-01-09T08:40:27.794+0000] {dag.py:4180} INFO - Setting next_dagrun for hello_airflow to 2026-01-09 08:39:00+00:00, run_after=2026-01-09 08:40:00+00:00
[2026-01-09T08:40:27.870+0000] {processor.py:208} INFO - Processing /opt/airflow/dags/hello_airflow.py took 0.215 seconds
[2026-01-09T08:40:58.785+0000] {processor.py:186} INFO - Started process (PID=1029) to work on /opt/airflow/dags/hello_airflow.py
[2026-01-09T08:40:58.787+0000] {processor.py:914} INFO - Processing file /opt/airflow/dags/hello_airflow.py for tasks to queue
[2026-01-09T08:40:58.790+0000] {logging_mixin.py:190} INFO - [2026-01-09T08:40:58.790+0000] {dagbag.py:588} INFO - Filling up the DagBag from /opt/airflow/dags/hello_airflow.py
[2026-01-09T08:40:58.810+0000] {processor.py:925} INFO - DAG(s) 'hello_airflow' retrieved from /opt/airflow/dags/hello_airflow.py
[2026-01-09T08:40:58.856+0000] {logging_mixin.py:190} INFO - [2026-01-09T08:40:58.855+0000] {dag.py:3239} INFO - Sync 1 DAGs
[2026-01-09T08:40:58.904+0000] {logging_mixin.py:190} INFO - [2026-01-09T08:40:58.904+0000] {dag.py:4180} INFO - Setting next_dagrun for hello_airflow to 2026-01-09 08:39:00+00:00, run_after=2026-01-09 08:40:00+00:00
[2026-01-09T08:40:58.982+0000] {processor.py:208} INFO - Processing /opt/airflow/dags/hello_airflow.py took 0.208 seconds
[2026-01-09T08:41:29.964+0000] {processor.py:186} INFO - Started process (PID=1053) to work on /opt/airflow/dags/hello_airflow.py
[2026-01-09T08:41:29.966+0000] {processor.py:914} INFO - Processing file /opt/airflow/dags/hello_airflow.py for tasks to queue
[2026-01-09T08:41:29.970+0000] {logging_mixin.py:190} INFO - [2026-01-09T08:41:29.969+0000] {dagbag.py:588} INFO - Filling up the DagBag from /opt/airflow/dags/hello_airflow.py
[2026-01-09T08:41:29.989+0000] {processor.py:925} INFO - DAG(s) 'hello_airflow' retrieved from /opt/airflow/dags/hello_airflow.py
[2026-01-09T08:41:30.030+0000] {logging_mixin.py:190} INFO - [2026-01-09T08:41:30.030+0000] {dag.py:3239} INFO - Sync 1 DAGs
[2026-01-09T08:41:30.075+0000] {logging_mixin.py:190} INFO - [2026-01-09T08:41:30.075+0000] {dag.py:4180} INFO - Setting next_dagrun for hello_airflow to 2026-01-09 08:40:00+00:00, run_after=2026-01-09 08:41:00+00:00
[2026-01-09T08:41:30.149+0000] {processor.py:208} INFO - Processing /opt/airflow/dags/hello_airflow.py took 0.197 seconds
[2026-01-09T08:42:01.507+0000] {processor.py:186} INFO - Started process (PID=1080) to work on /opt/airflow/dags/hello_airflow.py
[2026-01-09T08:42:01.508+0000] {processor.py:914} INFO - Processing file /opt/airflow/dags/hello_airflow.py for tasks to queue
[2026-01-09T08:42:01.511+0000] {logging_mixin.py:190} INFO - [2026-01-09T08:42:01.510+0000] {dagbag.py:588} INFO - Filling up the DagBag from /opt/airflow/dags/hello_airflow.py
[2026-01-09T08:42:01.525+0000] {processor.py:925} INFO - DAG(s) 'hello_airflow' retrieved from /opt/airflow/dags/hello_airflow.py
[2026-01-09T08:42:01.553+0000] {logging_mixin.py:190} INFO - [2026-01-09T08:42:01.553+0000] {dag.py:3239} INFO - Sync 1 DAGs
[2026-01-09T08:42:01.584+0000] {logging_mixin.py:190} INFO - [2026-01-09T08:42:01.583+0000] {dag.py:4180} INFO - Setting next_dagrun for hello_airflow to 2026-01-09 08:41:00+00:00, run_after=2026-01-09 08:42:00+00:00
[2026-01-09T08:42:01.653+0000] {processor.py:208} INFO - Processing /opt/airflow/dags/hello_airflow.py took 0.155 seconds
[2026-01-09T08:42:33.037+0000] {processor.py:186} INFO - Started process (PID=1103) to work on /opt/airflow/dags/hello_airflow.py
[2026-01-09T08:42:33.040+0000] {processor.py:914} INFO - Processing file /opt/airflow/dags/hello_airflow.py for tasks to queue
[2026-01-09T08:42:33.045+0000] {logging_mixin.py:190} INFO - [2026-01-09T08:42:33.044+0000] {dagbag.py:588} INFO - Filling up the DagBag from /opt/airflow/dags/hello_airflow.py
[2026-01-09T08:42:33.060+0000] {processor.py:925} INFO - DAG(s) 'hello_airflow' retrieved from /opt/airflow/dags/hello_airflow.py
[2026-01-09T08:42:33.100+0000] {logging_mixin.py:190} INFO - [2026-01-09T08:42:33.099+0000] {dag.py:3239} INFO - Sync 1 DAGs
[2026-01-09T08:42:33.150+0000] {logging_mixin.py:190} INFO - [2026-01-09T08:42:33.149+0000] {dag.py:4180} INFO - Setting next_dagrun for hello_airflow to 2026-01-09 08:41:00+00:00, run_after=2026-01-09 08:42:00+00:00
[2026-01-09T08:42:33.203+0000] {processor.py:208} INFO - Processing /opt/airflow/dags/hello_airflow.py took 0.179 seconds
[2026-01-09T08:43:04.909+0000] {processor.py:186} INFO - Started process (PID=1126) to work on /opt/airflow/dags/hello_airflow.py
[2026-01-09T08:43:04.911+0000] {processor.py:914} INFO - Processing file /opt/airflow/dags/hello_airflow.py for tasks to queue
[2026-01-09T08:43:04.916+0000] {logging_mixin.py:190} INFO - [2026-01-09T08:43:04.916+0000] {dagbag.py:588} INFO - Filling up the DagBag from /opt/airflow/dags/hello_airflow.py
[2026-01-09T08:43:04.935+0000] {processor.py:925} INFO - DAG(s) 'hello_airflow' retrieved from /opt/airflow/dags/hello_airflow.py
[2026-01-09T08:43:04.976+0000] {logging_mixin.py:190} INFO - [2026-01-09T08:43:04.976+0000] {dag.py:3239} INFO - Sync 1 DAGs
[2026-01-09T08:43:05.024+0000] {logging_mixin.py:190} INFO - [2026-01-09T08:43:05.023+0000] {dag.py:4180} INFO - Setting next_dagrun for hello_airflow to 2026-01-09 08:42:00+00:00, run_after=2026-01-09 08:43:00+00:00
[2026-01-09T08:43:05.055+0000] {processor.py:208} INFO - Processing /opt/airflow/dags/hello_airflow.py took 0.162 seconds
[2026-01-09T08:43:36.244+0000] {processor.py:186} INFO - Started process (PID=1149) to work on /opt/airflow/dags/hello_airflow.py
[2026-01-09T08:43:36.246+0000] {processor.py:914} INFO - Processing file /opt/airflow/dags/hello_airflow.py for tasks to queue
[2026-01-09T08:43:36.250+0000] {logging_mixin.py:190} INFO - [2026-01-09T08:43:36.249+0000] {dagbag.py:588} INFO - Filling up the DagBag from /opt/airflow/dags/hello_airflow.py
[2026-01-09T08:43:36.269+0000] {processor.py:925} INFO - DAG(s) 'hello_airflow' retrieved from /opt/airflow/dags/hello_airflow.py
[2026-01-09T08:43:36.331+0000] {logging_mixin.py:190} INFO - [2026-01-09T08:43:36.330+0000] {dag.py:3239} INFO - Sync 1 DAGs
[2026-01-09T08:43:36.401+0000] {logging_mixin.py:190} INFO - [2026-01-09T08:43:36.400+0000] {dag.py:4180} INFO - Setting next_dagrun for hello_airflow to 2026-01-09 08:42:00+00:00, run_after=2026-01-09 08:43:00+00:00
[2026-01-09T08:43:36.501+0000] {processor.py:208} INFO - Processing /opt/airflow/dags/hello_airflow.py took 0.269 seconds
[2026-01-09T08:44:07.900+0000] {processor.py:186} INFO - Started process (PID=1172) to work on /opt/airflow/dags/hello_airflow.py
[2026-01-09T08:44:07.902+0000] {processor.py:914} INFO - Processing file /opt/airflow/dags/hello_airflow.py for tasks to queue
[2026-01-09T08:44:07.906+0000] {logging_mixin.py:190} INFO - [2026-01-09T08:44:07.906+0000] {dagbag.py:588} INFO - Filling up the DagBag from /opt/airflow/dags/hello_airflow.py
[2026-01-09T08:44:07.925+0000] {processor.py:925} INFO - DAG(s) 'hello_airflow' retrieved from /opt/airflow/dags/hello_airflow.py
[2026-01-09T08:44:07.973+0000] {logging_mixin.py:190} INFO - [2026-01-09T08:44:07.973+0000] {dag.py:3239} INFO - Sync 1 DAGs
[2026-01-09T08:44:08.034+0000] {logging_mixin.py:190} INFO - [2026-01-09T08:44:08.034+0000] {dag.py:4180} INFO - Setting next_dagrun for hello_airflow to 2026-01-09 08:43:00+00:00, run_after=2026-01-09 08:44:00+00:00
[2026-01-09T08:44:08.130+0000] {processor.py:208} INFO - Processing /opt/airflow/dags/hello_airflow.py took 0.244 seconds
[2026-01-09T08:44:40.786+0000] {processor.py:186} INFO - Started process (PID=1198) to work on /opt/airflow/dags/hello_airflow.py
[2026-01-09T08:44:40.797+0000] {processor.py:914} INFO - Processing file /opt/airflow/dags/hello_airflow.py for tasks to queue
[2026-01-09T08:44:40.812+0000] {logging_mixin.py:190} INFO - [2026-01-09T08:44:40.809+0000] {dagbag.py:588} INFO - Filling up the DagBag from /opt/airflow/dags/hello_airflow.py
[2026-01-09T08:44:40.891+0000] {processor.py:925} INFO - DAG(s) 'hello_airflow' retrieved from /opt/airflow/dags/hello_airflow.py
[2026-01-09T08:44:40.974+0000] {logging_mixin.py:190} INFO - [2026-01-09T08:44:40.973+0000] {dag.py:3239} INFO - Sync 1 DAGs
[2026-01-09T08:44:41.048+0000] {logging_mixin.py:190} INFO - [2026-01-09T08:44:41.048+0000] {dag.py:4180} INFO - Setting next_dagrun for hello_airflow to 2026-01-09 08:43:00+00:00, run_after=2026-01-09 08:44:00+00:00
[2026-01-09T08:44:41.079+0000] {processor.py:208} INFO - Processing /opt/airflow/dags/hello_airflow.py took 0.326 seconds
[2026-01-09T08:45:13.570+0000] {processor.py:186} INFO - Started process (PID=1220) to work on /opt/airflow/dags/hello_airflow.py
[2026-01-09T08:45:13.573+0000] {processor.py:914} INFO - Processing file /opt/airflow/dags/hello_airflow.py for tasks to queue
[2026-01-09T08:45:13.577+0000] {logging_mixin.py:190} INFO - [2026-01-09T08:45:13.577+0000] {dagbag.py:588} INFO - Filling up the DagBag from /opt/airflow/dags/hello_airflow.py
[2026-01-09T08:45:13.597+0000] {processor.py:925} INFO - DAG(s) 'hello_airflow' retrieved from /opt/airflow/dags/hello_airflow.py
[2026-01-09T08:45:13.640+0000] {logging_mixin.py:190} INFO - [2026-01-09T08:45:13.640+0000] {dag.py:3239} INFO - Sync 1 DAGs
[2026-01-09T08:45:13.690+0000] {logging_mixin.py:190} INFO - [2026-01-09T08:45:13.690+0000] {dag.py:4180} INFO - Setting next_dagrun for hello_airflow to 2026-01-09 08:44:00+00:00, run_after=2026-01-09 08:45:00+00:00
[2026-01-09T08:45:13.720+0000] {processor.py:208} INFO - Processing /opt/airflow/dags/hello_airflow.py took 0.161 seconds
[2026-01-09T08:45:45.065+0000] {processor.py:186} INFO - Started process (PID=1243) to work on /opt/airflow/dags/hello_airflow.py
[2026-01-09T08:45:45.067+0000] {processor.py:914} INFO - Processing file /opt/airflow/dags/hello_airflow.py for tasks to queue
[2026-01-09T08:45:45.070+0000] {logging_mixin.py:190} INFO - [2026-01-09T08:45:45.069+0000] {dagbag.py:588} INFO - Filling up the DagBag from /opt/airflow/dags/hello_airflow.py
[2026-01-09T08:45:45.083+0000] {processor.py:925} INFO - DAG(s) 'hello_airflow' retrieved from /opt/airflow/dags/hello_airflow.py
[2026-01-09T08:45:45.118+0000] {logging_mixin.py:190} INFO - [2026-01-09T08:45:45.117+0000] {dag.py:3239} INFO - Sync 1 DAGs
[2026-01-09T08:45:45.175+0000] {logging_mixin.py:190} INFO - [2026-01-09T08:45:45.175+0000] {dag.py:4180} INFO - Setting next_dagrun for hello_airflow to 2026-01-09 08:44:00+00:00, run_after=2026-01-09 08:45:00+00:00
[2026-01-09T08:45:45.261+0000] {processor.py:208} INFO - Processing /opt/airflow/dags/hello_airflow.py took 0.205 seconds
[2026-01-09T08:46:16.084+0000] {processor.py:186} INFO - Started process (PID=1266) to work on /opt/airflow/dags/hello_airflow.py
[2026-01-09T08:46:16.085+0000] {processor.py:914} INFO - Processing file /opt/airflow/dags/hello_airflow.py for tasks to queue
[2026-01-09T08:46:16.090+0000] {logging_mixin.py:190} INFO - [2026-01-09T08:46:16.090+0000] {dagbag.py:588} INFO - Filling up the DagBag from /opt/airflow/dags/hello_airflow.py
[2026-01-09T08:46:16.108+0000] {processor.py:925} INFO - DAG(s) 'hello_airflow' retrieved from /opt/airflow/dags/hello_airflow.py
[2026-01-09T08:46:16.152+0000] {logging_mixin.py:190} INFO - [2026-01-09T08:46:16.152+0000] {dag.py:3239} INFO - Sync 1 DAGs
[2026-01-09T08:46:16.208+0000] {logging_mixin.py:190} INFO - [2026-01-09T08:46:16.208+0000] {dag.py:4180} INFO - Setting next_dagrun for hello_airflow to 2026-01-09 08:45:00+00:00, run_after=2026-01-09 08:46:00+00:00
[2026-01-09T08:46:16.297+0000] {processor.py:208} INFO - Processing /opt/airflow/dags/hello_airflow.py took 0.224 seconds
[2026-01-09T08:46:47.434+0000] {processor.py:186} INFO - Started process (PID=1289) to work on /opt/airflow/dags/hello_airflow.py
[2026-01-09T08:46:47.435+0000] {processor.py:914} INFO - Processing file /opt/airflow/dags/hello_airflow.py for tasks to queue
[2026-01-09T08:46:47.439+0000] {logging_mixin.py:190} INFO - [2026-01-09T08:46:47.438+0000] {dagbag.py:588} INFO - Filling up the DagBag from /opt/airflow/dags/hello_airflow.py
[2026-01-09T08:46:47.454+0000] {processor.py:925} INFO - DAG(s) 'hello_airflow' retrieved from /opt/airflow/dags/hello_airflow.py
[2026-01-09T08:46:47.487+0000] {logging_mixin.py:190} INFO - [2026-01-09T08:46:47.487+0000] {dag.py:3239} INFO - Sync 1 DAGs
[2026-01-09T08:46:47.524+0000] {logging_mixin.py:190} INFO - [2026-01-09T08:46:47.524+0000] {dag.py:4180} INFO - Setting next_dagrun for hello_airflow to 2026-01-09 08:45:00+00:00, run_after=2026-01-09 08:46:00+00:00
[2026-01-09T08:46:47.604+0000] {processor.py:208} INFO - Processing /opt/airflow/dags/hello_airflow.py took 0.182 seconds
[2026-01-09T08:47:19.673+0000] {processor.py:186} INFO - Started process (PID=1313) to work on /opt/airflow/dags/hello_airflow.py
[2026-01-09T08:47:19.675+0000] {processor.py:914} INFO - Processing file /opt/airflow/dags/hello_airflow.py for tasks to queue
[2026-01-09T08:47:19.680+0000] {logging_mixin.py:190} INFO - [2026-01-09T08:47:19.679+0000] {dagbag.py:588} INFO - Filling up the DagBag from /opt/airflow/dags/hello_airflow.py
[2026-01-09T08:47:19.706+0000] {processor.py:925} INFO - DAG(s) 'hello_airflow' retrieved from /opt/airflow/dags/hello_airflow.py
[2026-01-09T08:47:19.773+0000] {logging_mixin.py:190} INFO - [2026-01-09T08:47:19.773+0000] {dag.py:3239} INFO - Sync 1 DAGs
[2026-01-09T08:47:19.915+0000] {logging_mixin.py:190} INFO - [2026-01-09T08:47:19.915+0000] {dag.py:4180} INFO - Setting next_dagrun for hello_airflow to 2026-01-09 08:46:00+00:00, run_after=2026-01-09 08:47:00+00:00
[2026-01-09T08:47:19.985+0000] {processor.py:208} INFO - Processing /opt/airflow/dags/hello_airflow.py took 0.329 seconds
[2026-01-09T08:47:51.219+0000] {processor.py:186} INFO - Started process (PID=1336) to work on /opt/airflow/dags/hello_airflow.py
[2026-01-09T08:47:51.221+0000] {processor.py:914} INFO - Processing file /opt/airflow/dags/hello_airflow.py for tasks to queue
[2026-01-09T08:47:51.226+0000] {logging_mixin.py:190} INFO - [2026-01-09T08:47:51.224+0000] {dagbag.py:588} INFO - Filling up the DagBag from /opt/airflow/dags/hello_airflow.py
[2026-01-09T08:47:51.251+0000] {processor.py:925} INFO - DAG(s) 'hello_airflow' retrieved from /opt/airflow/dags/hello_airflow.py
[2026-01-09T08:47:51.313+0000] {logging_mixin.py:190} INFO - [2026-01-09T08:47:51.312+0000] {dag.py:3239} INFO - Sync 1 DAGs
[2026-01-09T08:47:51.423+0000] {logging_mixin.py:190} INFO - [2026-01-09T08:47:51.422+0000] {dag.py:4180} INFO - Setting next_dagrun for hello_airflow to 2026-01-09 08:46:00+00:00, run_after=2026-01-09 08:47:00+00:00
[2026-01-09T08:47:51.474+0000] {processor.py:208} INFO - Processing /opt/airflow/dags/hello_airflow.py took 0.270 seconds
[2026-01-09T08:48:24.496+0000] {processor.py:186} INFO - Started process (PID=1359) to work on /opt/airflow/dags/hello_airflow.py
[2026-01-09T08:48:24.502+0000] {processor.py:914} INFO - Processing file /opt/airflow/dags/hello_airflow.py for tasks to queue
[2026-01-09T08:48:24.506+0000] {logging_mixin.py:190} INFO - [2026-01-09T08:48:24.506+0000] {dagbag.py:588} INFO - Filling up the DagBag from /opt/airflow/dags/hello_airflow.py
[2026-01-09T08:48:24.531+0000] {processor.py:925} INFO - DAG(s) 'hello_airflow' retrieved from /opt/airflow/dags/hello_airflow.py
[2026-01-09T08:48:24.577+0000] {logging_mixin.py:190} INFO - [2026-01-09T08:48:24.576+0000] {dag.py:3239} INFO - Sync 1 DAGs
[2026-01-09T08:48:24.630+0000] {logging_mixin.py:190} INFO - [2026-01-09T08:48:24.630+0000] {dag.py:4180} INFO - Setting next_dagrun for hello_airflow to 2026-01-09 08:47:00+00:00, run_after=2026-01-09 08:48:00+00:00
[2026-01-09T08:48:24.660+0000] {processor.py:208} INFO - Processing /opt/airflow/dags/hello_airflow.py took 0.193 seconds
[2026-01-09T08:48:56.652+0000] {processor.py:186} INFO - Started process (PID=1384) to work on /opt/airflow/dags/hello_airflow.py
[2026-01-09T08:48:56.655+0000] {processor.py:914} INFO - Processing file /opt/airflow/dags/hello_airflow.py for tasks to queue
[2026-01-09T08:48:56.659+0000] {logging_mixin.py:190} INFO - [2026-01-09T08:48:56.659+0000] {dagbag.py:588} INFO - Filling up the DagBag from /opt/airflow/dags/hello_airflow.py
[2026-01-09T08:48:56.682+0000] {processor.py:925} INFO - DAG(s) 'hello_airflow' retrieved from /opt/airflow/dags/hello_airflow.py
[2026-01-09T08:48:56.751+0000] {logging_mixin.py:190} INFO - [2026-01-09T08:48:56.751+0000] {dag.py:3239} INFO - Sync 1 DAGs
[2026-01-09T08:48:56.828+0000] {logging_mixin.py:190} INFO - [2026-01-09T08:48:56.828+0000] {dag.py:4180} INFO - Setting next_dagrun for hello_airflow to 2026-01-09 08:47:00+00:00, run_after=2026-01-09 08:48:00+00:00
[2026-01-09T08:48:56.934+0000] {processor.py:208} INFO - Processing /opt/airflow/dags/hello_airflow.py took 0.298 seconds
[2026-01-09T08:49:27.808+0000] {processor.py:186} INFO - Started process (PID=1409) to work on /opt/airflow/dags/hello_airflow.py
[2026-01-09T08:49:27.810+0000] {processor.py:914} INFO - Processing file /opt/airflow/dags/hello_airflow.py for tasks to queue
[2026-01-09T08:49:27.813+0000] {logging_mixin.py:190} INFO - [2026-01-09T08:49:27.813+0000] {dagbag.py:588} INFO - Filling up the DagBag from /opt/airflow/dags/hello_airflow.py
[2026-01-09T08:49:27.831+0000] {processor.py:925} INFO - DAG(s) 'hello_airflow' retrieved from /opt/airflow/dags/hello_airflow.py
[2026-01-09T08:49:27.870+0000] {logging_mixin.py:190} INFO - [2026-01-09T08:49:27.870+0000] {dag.py:3239} INFO - Sync 1 DAGs
[2026-01-09T08:49:27.916+0000] {logging_mixin.py:190} INFO - [2026-01-09T08:49:27.916+0000] {dag.py:4180} INFO - Setting next_dagrun for hello_airflow to 2026-01-09 08:48:00+00:00, run_after=2026-01-09 08:49:00+00:00
[2026-01-09T08:49:27.993+0000] {processor.py:208} INFO - Processing /opt/airflow/dags/hello_airflow.py took 0.198 seconds
[2026-01-09T08:49:59.910+0000] {processor.py:186} INFO - Started process (PID=1434) to work on /opt/airflow/dags/hello_airflow.py
[2026-01-09T08:49:59.912+0000] {processor.py:914} INFO - Processing file /opt/airflow/dags/hello_airflow.py for tasks to queue
[2026-01-09T08:49:59.918+0000] {logging_mixin.py:190} INFO - [2026-01-09T08:49:59.916+0000] {dagbag.py:588} INFO - Filling up the DagBag from /opt/airflow/dags/hello_airflow.py
[2026-01-09T08:49:59.951+0000] {processor.py:925} INFO - DAG(s) 'hello_airflow' retrieved from /opt/airflow/dags/hello_airflow.py
[2026-01-09T08:50:00.013+0000] {logging_mixin.py:190} INFO - [2026-01-09T08:50:00.013+0000] {dag.py:3239} INFO - Sync 1 DAGs
[2026-01-09T08:50:00.116+0000] {logging_mixin.py:190} INFO - [2026-01-09T08:50:00.115+0000] {dag.py:4180} INFO - Setting next_dagrun for hello_airflow to 2026-01-09 08:49:00+00:00, run_after=2026-01-09 08:50:00+00:00
[2026-01-09T08:50:00.199+0000] {processor.py:208} INFO - Processing /opt/airflow/dags/hello_airflow.py took 0.304 seconds
[2026-01-09T08:50:31.282+0000] {processor.py:186} INFO - Started process (PID=1457) to work on /opt/airflow/dags/hello_airflow.py
[2026-01-09T08:50:31.285+0000] {processor.py:914} INFO - Processing file /opt/airflow/dags/hello_airflow.py for tasks to queue
[2026-01-09T08:50:31.291+0000] {logging_mixin.py:190} INFO - [2026-01-09T08:50:31.290+0000] {dagbag.py:588} INFO - Filling up the DagBag from /opt/airflow/dags/hello_airflow.py
[2026-01-09T08:50:31.316+0000] {processor.py:925} INFO - DAG(s) 'hello_airflow' retrieved from /opt/airflow/dags/hello_airflow.py
[2026-01-09T08:50:31.380+0000] {logging_mixin.py:190} INFO - [2026-01-09T08:50:31.379+0000] {dag.py:3239} INFO - Sync 1 DAGs
[2026-01-09T08:50:31.444+0000] {logging_mixin.py:190} INFO - [2026-01-09T08:50:31.444+0000] {dag.py:4180} INFO - Setting next_dagrun for hello_airflow to 2026-01-09 08:49:00+00:00, run_after=2026-01-09 08:50:00+00:00
[2026-01-09T08:50:31.533+0000] {processor.py:208} INFO - Processing /opt/airflow/dags/hello_airflow.py took 0.268 seconds
[2026-01-09T08:51:03.581+0000] {processor.py:186} INFO - Started process (PID=1486) to work on /opt/airflow/dags/hello_airflow.py
[2026-01-09T08:51:03.586+0000] {processor.py:914} INFO - Processing file /opt/airflow/dags/hello_airflow.py for tasks to queue
[2026-01-09T08:51:03.593+0000] {logging_mixin.py:190} INFO - [2026-01-09T08:51:03.591+0000] {dagbag.py:588} INFO - Filling up the DagBag from /opt/airflow/dags/hello_airflow.py
[2026-01-09T08:51:03.633+0000] {processor.py:925} INFO - DAG(s) 'hello_airflow' retrieved from /opt/airflow/dags/hello_airflow.py
[2026-01-09T08:51:03.714+0000] {logging_mixin.py:190} INFO - [2026-01-09T08:51:03.713+0000] {dag.py:3239} INFO - Sync 1 DAGs
[2026-01-09T08:51:03.807+0000] {logging_mixin.py:190} INFO - [2026-01-09T08:51:03.807+0000] {dag.py:4180} INFO - Setting next_dagrun for hello_airflow to 2026-01-09 08:50:00+00:00, run_after=2026-01-09 08:51:00+00:00
[2026-01-09T08:51:03.921+0000] {processor.py:208} INFO - Processing /opt/airflow/dags/hello_airflow.py took 0.374 seconds
[2026-01-09T08:51:34.864+0000] {processor.py:186} INFO - Started process (PID=1508) to work on /opt/airflow/dags/hello_airflow.py
[2026-01-09T08:51:34.865+0000] {processor.py:914} INFO - Processing file /opt/airflow/dags/hello_airflow.py for tasks to queue
[2026-01-09T08:51:34.869+0000] {logging_mixin.py:190} INFO - [2026-01-09T08:51:34.868+0000] {dagbag.py:588} INFO - Filling up the DagBag from /opt/airflow/dags/hello_airflow.py
[2026-01-09T08:51:34.889+0000] {processor.py:925} INFO - DAG(s) 'hello_airflow' retrieved from /opt/airflow/dags/hello_airflow.py
[2026-01-09T08:51:34.922+0000] {logging_mixin.py:190} INFO - [2026-01-09T08:51:34.921+0000] {dag.py:3239} INFO - Sync 1 DAGs
[2026-01-09T08:51:34.954+0000] {logging_mixin.py:190} INFO - [2026-01-09T08:51:34.953+0000] {dag.py:4180} INFO - Setting next_dagrun for hello_airflow to 2026-01-09 08:50:00+00:00, run_after=2026-01-09 08:51:00+00:00
[2026-01-09T08:51:35.028+0000] {processor.py:208} INFO - Processing /opt/airflow/dags/hello_airflow.py took 0.174 seconds
[2026-01-09T08:52:06.190+0000] {processor.py:186} INFO - Started process (PID=1531) to work on /opt/airflow/dags/hello_airflow.py
[2026-01-09T08:52:06.192+0000] {processor.py:914} INFO - Processing file /opt/airflow/dags/hello_airflow.py for tasks to queue
[2026-01-09T08:52:06.196+0000] {logging_mixin.py:190} INFO - [2026-01-09T08:52:06.195+0000] {dagbag.py:588} INFO - Filling up the DagBag from /opt/airflow/dags/hello_airflow.py
[2026-01-09T08:52:06.216+0000] {processor.py:925} INFO - DAG(s) 'hello_airflow' retrieved from /opt/airflow/dags/hello_airflow.py
[2026-01-09T08:52:06.264+0000] {logging_mixin.py:190} INFO - [2026-01-09T08:52:06.263+0000] {dag.py:3239} INFO - Sync 1 DAGs
[2026-01-09T08:52:06.337+0000] {logging_mixin.py:190} INFO - [2026-01-09T08:52:06.337+0000] {dag.py:4180} INFO - Setting next_dagrun for hello_airflow to 2026-01-09 08:51:00+00:00, run_after=2026-01-09 08:52:00+00:00
[2026-01-09T08:52:06.384+0000] {processor.py:208} INFO - Processing /opt/airflow/dags/hello_airflow.py took 0.209 seconds
[2026-01-09T08:52:37.177+0000] {processor.py:186} INFO - Started process (PID=1554) to work on /opt/airflow/dags/hello_airflow.py
[2026-01-09T08:52:37.178+0000] {processor.py:914} INFO - Processing file /opt/airflow/dags/hello_airflow.py for tasks to queue
[2026-01-09T08:52:37.181+0000] {logging_mixin.py:190} INFO - [2026-01-09T08:52:37.181+0000] {dagbag.py:588} INFO - Filling up the DagBag from /opt/airflow/dags/hello_airflow.py
[2026-01-09T08:52:37.198+0000] {processor.py:925} INFO - DAG(s) 'hello_airflow' retrieved from /opt/airflow/dags/hello_airflow.py
[2026-01-09T08:52:37.227+0000] {logging_mixin.py:190} INFO - [2026-01-09T08:52:37.227+0000] {dag.py:3239} INFO - Sync 1 DAGs
[2026-01-09T08:52:37.260+0000] {logging_mixin.py:190} INFO - [2026-01-09T08:52:37.260+0000] {dag.py:4180} INFO - Setting next_dagrun for hello_airflow to 2026-01-09 08:51:00+00:00, run_after=2026-01-09 08:52:00+00:00
[2026-01-09T08:52:37.331+0000] {processor.py:208} INFO - Processing /opt/airflow/dags/hello_airflow.py took 0.163 seconds
[2026-01-09T08:53:08.425+0000] {processor.py:186} INFO - Started process (PID=1577) to work on /opt/airflow/dags/hello_airflow.py
[2026-01-09T08:53:08.426+0000] {processor.py:914} INFO - Processing file /opt/airflow/dags/hello_airflow.py for tasks to queue
[2026-01-09T08:53:08.429+0000] {logging_mixin.py:190} INFO - [2026-01-09T08:53:08.429+0000] {dagbag.py:588} INFO - Filling up the DagBag from /opt/airflow/dags/hello_airflow.py
[2026-01-09T08:53:08.443+0000] {processor.py:925} INFO - DAG(s) 'hello_airflow' retrieved from /opt/airflow/dags/hello_airflow.py
[2026-01-09T08:53:08.475+0000] {logging_mixin.py:190} INFO - [2026-01-09T08:53:08.475+0000] {dag.py:3239} INFO - Sync 1 DAGs
[2026-01-09T08:53:08.524+0000] {logging_mixin.py:190} INFO - [2026-01-09T08:53:08.523+0000] {dag.py:4180} INFO - Setting next_dagrun for hello_airflow to 2026-01-09 08:52:00+00:00, run_after=2026-01-09 08:53:00+00:00
[2026-01-09T08:53:08.560+0000] {processor.py:208} INFO - Processing /opt/airflow/dags/hello_airflow.py took 0.144 seconds
[2026-01-09T08:53:39.507+0000] {processor.py:186} INFO - Started process (PID=1600) to work on /opt/airflow/dags/hello_airflow.py
[2026-01-09T08:53:39.509+0000] {processor.py:914} INFO - Processing file /opt/airflow/dags/hello_airflow.py for tasks to queue
[2026-01-09T08:53:39.512+0000] {logging_mixin.py:190} INFO - [2026-01-09T08:53:39.511+0000] {dagbag.py:588} INFO - Filling up the DagBag from /opt/airflow/dags/hello_airflow.py
[2026-01-09T08:53:39.527+0000] {processor.py:925} INFO - DAG(s) 'hello_airflow' retrieved from /opt/airflow/dags/hello_airflow.py
[2026-01-09T08:53:39.567+0000] {logging_mixin.py:190} INFO - [2026-01-09T08:53:39.567+0000] {dag.py:3239} INFO - Sync 1 DAGs
[2026-01-09T08:53:39.603+0000] {logging_mixin.py:190} INFO - [2026-01-09T08:53:39.603+0000] {dag.py:4180} INFO - Setting next_dagrun for hello_airflow to 2026-01-09 08:52:00+00:00, run_after=2026-01-09 08:53:00+00:00
[2026-01-09T08:53:39.684+0000] {processor.py:208} INFO - Processing /opt/airflow/dags/hello_airflow.py took 0.184 seconds
[2026-01-09T08:54:10.715+0000] {processor.py:186} INFO - Started process (PID=1623) to work on /opt/airflow/dags/hello_airflow.py
[2026-01-09T08:54:10.717+0000] {processor.py:914} INFO - Processing file /opt/airflow/dags/hello_airflow.py for tasks to queue
[2026-01-09T08:54:10.722+0000] {logging_mixin.py:190} INFO - [2026-01-09T08:54:10.721+0000] {dagbag.py:588} INFO - Filling up the DagBag from /opt/airflow/dags/hello_airflow.py
[2026-01-09T08:54:10.744+0000] {processor.py:925} INFO - DAG(s) 'hello_airflow' retrieved from /opt/airflow/dags/hello_airflow.py
[2026-01-09T08:54:10.785+0000] {logging_mixin.py:190} INFO - [2026-01-09T08:54:10.784+0000] {dag.py:3239} INFO - Sync 1 DAGs
[2026-01-09T08:54:10.838+0000] {logging_mixin.py:190} INFO - [2026-01-09T08:54:10.838+0000] {dag.py:4180} INFO - Setting next_dagrun for hello_airflow to 2026-01-09 08:53:00+00:00, run_after=2026-01-09 08:54:00+00:00
[2026-01-09T08:54:10.917+0000] {processor.py:208} INFO - Processing /opt/airflow/dags/hello_airflow.py took 0.216 seconds
[2026-01-09T08:54:41.776+0000] {processor.py:186} INFO - Started process (PID=1646) to work on /opt/airflow/dags/hello_airflow.py
[2026-01-09T08:54:41.777+0000] {processor.py:914} INFO - Processing file /opt/airflow/dags/hello_airflow.py for tasks to queue
[2026-01-09T08:54:41.781+0000] {logging_mixin.py:190} INFO - [2026-01-09T08:54:41.781+0000] {dagbag.py:588} INFO - Filling up the DagBag from /opt/airflow/dags/hello_airflow.py
[2026-01-09T08:54:41.796+0000] {processor.py:925} INFO - DAG(s) 'hello_airflow' retrieved from /opt/airflow/dags/hello_airflow.py
[2026-01-09T08:54:41.829+0000] {logging_mixin.py:190} INFO - [2026-01-09T08:54:41.829+0000] {dag.py:3239} INFO - Sync 1 DAGs
[2026-01-09T08:54:41.873+0000] {logging_mixin.py:190} INFO - [2026-01-09T08:54:41.872+0000] {dag.py:4180} INFO - Setting next_dagrun for hello_airflow to 2026-01-09 08:53:00+00:00, run_after=2026-01-09 08:54:00+00:00
[2026-01-09T08:54:41.942+0000] {processor.py:208} INFO - Processing /opt/airflow/dags/hello_airflow.py took 0.176 seconds
[2026-01-09T08:55:13.578+0000] {processor.py:186} INFO - Started process (PID=1669) to work on /opt/airflow/dags/hello_airflow.py
[2026-01-09T08:55:13.581+0000] {processor.py:914} INFO - Processing file /opt/airflow/dags/hello_airflow.py for tasks to queue
[2026-01-09T08:55:13.585+0000] {logging_mixin.py:190} INFO - [2026-01-09T08:55:13.585+0000] {dagbag.py:588} INFO - Filling up the DagBag from /opt/airflow/dags/hello_airflow.py
[2026-01-09T08:55:13.611+0000] {processor.py:925} INFO - DAG(s) 'hello_airflow' retrieved from /opt/airflow/dags/hello_airflow.py
[2026-01-09T08:55:13.667+0000] {logging_mixin.py:190} INFO - [2026-01-09T08:55:13.666+0000] {dag.py:3239} INFO - Sync 1 DAGs
[2026-01-09T08:55:13.721+0000] {logging_mixin.py:190} INFO - [2026-01-09T08:55:13.720+0000] {dag.py:4180} INFO - Setting next_dagrun for hello_airflow to 2026-01-09 08:54:00+00:00, run_after=2026-01-09 08:55:00+00:00
[2026-01-09T08:55:13.797+0000] {processor.py:208} INFO - Processing /opt/airflow/dags/hello_airflow.py took 0.229 seconds
[2026-01-09T08:55:44.684+0000] {processor.py:186} INFO - Started process (PID=1692) to work on /opt/airflow/dags/hello_airflow.py
[2026-01-09T08:55:44.685+0000] {processor.py:914} INFO - Processing file /opt/airflow/dags/hello_airflow.py for tasks to queue
[2026-01-09T08:55:44.688+0000] {logging_mixin.py:190} INFO - [2026-01-09T08:55:44.688+0000] {dagbag.py:588} INFO - Filling up the DagBag from /opt/airflow/dags/hello_airflow.py
[2026-01-09T08:55:44.703+0000] {processor.py:925} INFO - DAG(s) 'hello_airflow' retrieved from /opt/airflow/dags/hello_airflow.py
[2026-01-09T08:55:44.734+0000] {logging_mixin.py:190} INFO - [2026-01-09T08:55:44.734+0000] {dag.py:3239} INFO - Sync 1 DAGs
[2026-01-09T08:55:44.767+0000] {logging_mixin.py:190} INFO - [2026-01-09T08:55:44.767+0000] {dag.py:4180} INFO - Setting next_dagrun for hello_airflow to 2026-01-09 08:54:00+00:00, run_after=2026-01-09 08:55:00+00:00
[2026-01-09T08:55:44.840+0000] {processor.py:208} INFO - Processing /opt/airflow/dags/hello_airflow.py took 0.165 seconds
[2026-01-09T08:56:15.750+0000] {processor.py:186} INFO - Started process (PID=1714) to work on /opt/airflow/dags/hello_airflow.py
[2026-01-09T08:56:15.752+0000] {processor.py:914} INFO - Processing file /opt/airflow/dags/hello_airflow.py for tasks to queue
[2026-01-09T08:56:15.755+0000] {logging_mixin.py:190} INFO - [2026-01-09T08:56:15.754+0000] {dagbag.py:588} INFO - Filling up the DagBag from /opt/airflow/dags/hello_airflow.py
[2026-01-09T08:56:15.771+0000] {processor.py:925} INFO - DAG(s) 'hello_airflow' retrieved from /opt/airflow/dags/hello_airflow.py
[2026-01-09T08:56:15.801+0000] {logging_mixin.py:190} INFO - [2026-01-09T08:56:15.801+0000] {dag.py:3239} INFO - Sync 1 DAGs
[2026-01-09T08:56:15.835+0000] {logging_mixin.py:190} INFO - [2026-01-09T08:56:15.834+0000] {dag.py:4180} INFO - Setting next_dagrun for hello_airflow to 2026-01-09 08:55:00+00:00, run_after=2026-01-09 08:56:00+00:00
[2026-01-09T08:56:15.901+0000] {processor.py:208} INFO - Processing /opt/airflow/dags/hello_airflow.py took 0.158 seconds
[2026-01-09T08:56:47.582+0000] {processor.py:186} INFO - Started process (PID=1737) to work on /opt/airflow/dags/hello_airflow.py
[2026-01-09T08:56:47.583+0000] {processor.py:914} INFO - Processing file /opt/airflow/dags/hello_airflow.py for tasks to queue
[2026-01-09T08:56:47.588+0000] {logging_mixin.py:190} INFO - [2026-01-09T08:56:47.587+0000] {dagbag.py:588} INFO - Filling up the DagBag from /opt/airflow/dags/hello_airflow.py
[2026-01-09T08:56:47.611+0000] {processor.py:925} INFO - DAG(s) 'hello_airflow' retrieved from /opt/airflow/dags/hello_airflow.py
[2026-01-09T08:56:47.655+0000] {logging_mixin.py:190} INFO - [2026-01-09T08:56:47.655+0000] {dag.py:3239} INFO - Sync 1 DAGs
[2026-01-09T08:56:47.717+0000] {logging_mixin.py:190} INFO - [2026-01-09T08:56:47.716+0000] {dag.py:4180} INFO - Setting next_dagrun for hello_airflow to 2026-01-09 08:55:00+00:00, run_after=2026-01-09 08:56:00+00:00
[2026-01-09T08:56:47.790+0000] {processor.py:208} INFO - Processing /opt/airflow/dags/hello_airflow.py took 0.225 seconds
[2026-01-09T08:57:19.225+0000] {processor.py:186} INFO - Started process (PID=1761) to work on /opt/airflow/dags/hello_airflow.py
[2026-01-09T08:57:19.228+0000] {processor.py:914} INFO - Processing file /opt/airflow/dags/hello_airflow.py for tasks to queue
[2026-01-09T08:57:19.235+0000] {logging_mixin.py:190} INFO - [2026-01-09T08:57:19.234+0000] {dagbag.py:588} INFO - Filling up the DagBag from /opt/airflow/dags/hello_airflow.py
[2026-01-09T08:57:19.256+0000] {processor.py:925} INFO - DAG(s) 'hello_airflow' retrieved from /opt/airflow/dags/hello_airflow.py
[2026-01-09T08:57:19.293+0000] {logging_mixin.py:190} INFO - [2026-01-09T08:57:19.293+0000] {dag.py:3239} INFO - Sync 1 DAGs
[2026-01-09T08:57:19.335+0000] {logging_mixin.py:190} INFO - [2026-01-09T08:57:19.334+0000] {dag.py:4180} INFO - Setting next_dagrun for hello_airflow to 2026-01-09 08:56:00+00:00, run_after=2026-01-09 08:57:00+00:00
[2026-01-09T08:57:19.404+0000] {processor.py:208} INFO - Processing /opt/airflow/dags/hello_airflow.py took 0.188 seconds
[2026-01-09T08:57:50.792+0000] {processor.py:186} INFO - Started process (PID=1785) to work on /opt/airflow/dags/hello_airflow.py
[2026-01-09T08:57:50.794+0000] {processor.py:914} INFO - Processing file /opt/airflow/dags/hello_airflow.py for tasks to queue
[2026-01-09T08:57:50.797+0000] {logging_mixin.py:190} INFO - [2026-01-09T08:57:50.797+0000] {dagbag.py:588} INFO - Filling up the DagBag from /opt/airflow/dags/hello_airflow.py
[2026-01-09T08:57:50.819+0000] {processor.py:925} INFO - DAG(s) 'hello_airflow' retrieved from /opt/airflow/dags/hello_airflow.py
[2026-01-09T08:57:50.876+0000] {logging_mixin.py:190} INFO - [2026-01-09T08:57:50.874+0000] {dag.py:3239} INFO - Sync 1 DAGs
[2026-01-09T08:57:50.932+0000] {logging_mixin.py:190} INFO - [2026-01-09T08:57:50.931+0000] {dag.py:4180} INFO - Setting next_dagrun for hello_airflow to 2026-01-09 08:56:00+00:00, run_after=2026-01-09 08:57:00+00:00
[2026-01-09T08:57:51.010+0000] {processor.py:208} INFO - Processing /opt/airflow/dags/hello_airflow.py took 0.234 seconds
[2026-01-09T08:58:22.845+0000] {processor.py:186} INFO - Started process (PID=1808) to work on /opt/airflow/dags/hello_airflow.py
[2026-01-09T08:58:22.847+0000] {processor.py:914} INFO - Processing file /opt/airflow/dags/hello_airflow.py for tasks to queue
[2026-01-09T08:58:22.853+0000] {logging_mixin.py:190} INFO - [2026-01-09T08:58:22.852+0000] {dagbag.py:588} INFO - Filling up the DagBag from /opt/airflow/dags/hello_airflow.py
[2026-01-09T08:58:22.872+0000] {processor.py:925} INFO - DAG(s) 'hello_airflow' retrieved from /opt/airflow/dags/hello_airflow.py
[2026-01-09T08:58:22.913+0000] {logging_mixin.py:190} INFO - [2026-01-09T08:58:22.913+0000] {dag.py:3239} INFO - Sync 1 DAGs
[2026-01-09T08:58:22.953+0000] {logging_mixin.py:190} INFO - [2026-01-09T08:58:22.953+0000] {dag.py:4180} INFO - Setting next_dagrun for hello_airflow to 2026-01-09 08:57:00+00:00, run_after=2026-01-09 08:58:00+00:00
[2026-01-09T08:58:23.023+0000] {processor.py:208} INFO - Processing /opt/airflow/dags/hello_airflow.py took 0.189 seconds
[2026-01-09T08:58:54.078+0000] {processor.py:186} INFO - Started process (PID=1831) to work on /opt/airflow/dags/hello_airflow.py
[2026-01-09T08:58:54.080+0000] {processor.py:914} INFO - Processing file /opt/airflow/dags/hello_airflow.py for tasks to queue
[2026-01-09T08:58:54.108+0000] {logging_mixin.py:190} INFO - [2026-01-09T08:58:54.102+0000] {dagbag.py:588} INFO - Filling up the DagBag from /opt/airflow/dags/hello_airflow.py
[2026-01-09T08:58:54.151+0000] {processor.py:925} INFO - DAG(s) 'hello_airflow' retrieved from /opt/airflow/dags/hello_airflow.py
[2026-01-09T08:58:54.228+0000] {logging_mixin.py:190} INFO - [2026-01-09T08:58:54.227+0000] {dag.py:3239} INFO - Sync 1 DAGs
[2026-01-09T08:58:54.295+0000] {logging_mixin.py:190} INFO - [2026-01-09T08:58:54.294+0000] {dag.py:4180} INFO - Setting next_dagrun for hello_airflow to 2026-01-09 08:57:00+00:00, run_after=2026-01-09 08:58:00+00:00
[2026-01-09T08:58:54.403+0000] {processor.py:208} INFO - Processing /opt/airflow/dags/hello_airflow.py took 0.347 seconds
[2026-01-09T08:59:25.144+0000] {processor.py:186} INFO - Started process (PID=1855) to work on /opt/airflow/dags/hello_airflow.py
[2026-01-09T08:59:25.147+0000] {processor.py:914} INFO - Processing file /opt/airflow/dags/hello_airflow.py for tasks to queue
[2026-01-09T08:59:25.151+0000] {logging_mixin.py:190} INFO - [2026-01-09T08:59:25.150+0000] {dagbag.py:588} INFO - Filling up the DagBag from /opt/airflow/dags/hello_airflow.py
[2026-01-09T08:59:25.168+0000] {processor.py:925} INFO - DAG(s) 'hello_airflow' retrieved from /opt/airflow/dags/hello_airflow.py
[2026-01-09T08:59:25.207+0000] {logging_mixin.py:190} INFO - [2026-01-09T08:59:25.206+0000] {dag.py:3239} INFO - Sync 1 DAGs
[2026-01-09T08:59:25.250+0000] {logging_mixin.py:190} INFO - [2026-01-09T08:59:25.249+0000] {dag.py:4180} INFO - Setting next_dagrun for hello_airflow to 2026-01-09 08:58:00+00:00, run_after=2026-01-09 08:59:00+00:00
[2026-01-09T08:59:25.326+0000] {processor.py:208} INFO - Processing /opt/airflow/dags/hello_airflow.py took 0.195 seconds
[2026-01-09T08:59:56.951+0000] {processor.py:186} INFO - Started process (PID=1878) to work on /opt/airflow/dags/hello_airflow.py
[2026-01-09T08:59:56.955+0000] {processor.py:914} INFO - Processing file /opt/airflow/dags/hello_airflow.py for tasks to queue
[2026-01-09T08:59:56.962+0000] {logging_mixin.py:190} INFO - [2026-01-09T08:59:56.961+0000] {dagbag.py:588} INFO - Filling up the DagBag from /opt/airflow/dags/hello_airflow.py
[2026-01-09T08:59:56.983+0000] {processor.py:925} INFO - DAG(s) 'hello_airflow' retrieved from /opt/airflow/dags/hello_airflow.py
[2026-01-09T08:59:57.036+0000] {logging_mixin.py:190} INFO - [2026-01-09T08:59:57.036+0000] {dag.py:3239} INFO - Sync 1 DAGs
[2026-01-09T08:59:57.088+0000] {logging_mixin.py:190} INFO - [2026-01-09T08:59:57.088+0000] {dag.py:4180} INFO - Setting next_dagrun for hello_airflow to 2026-01-09 08:58:00+00:00, run_after=2026-01-09 08:59:00+00:00
[2026-01-09T08:59:57.175+0000] {processor.py:208} INFO - Processing /opt/airflow/dags/hello_airflow.py took 0.240 seconds
[2026-01-09T09:00:28.644+0000] {processor.py:186} INFO - Started process (PID=1901) to work on /opt/airflow/dags/hello_airflow.py
[2026-01-09T09:00:28.646+0000] {processor.py:914} INFO - Processing file /opt/airflow/dags/hello_airflow.py for tasks to queue
[2026-01-09T09:00:28.650+0000] {logging_mixin.py:190} INFO - [2026-01-09T09:00:28.650+0000] {dagbag.py:588} INFO - Filling up the DagBag from /opt/airflow/dags/hello_airflow.py
[2026-01-09T09:00:28.668+0000] {processor.py:925} INFO - DAG(s) 'hello_airflow' retrieved from /opt/airflow/dags/hello_airflow.py
[2026-01-09T09:00:28.706+0000] {logging_mixin.py:190} INFO - [2026-01-09T09:00:28.705+0000] {dag.py:3239} INFO - Sync 1 DAGs
[2026-01-09T09:00:28.766+0000] {logging_mixin.py:190} INFO - [2026-01-09T09:00:28.766+0000] {dag.py:4180} INFO - Setting next_dagrun for hello_airflow to 2026-01-09 08:59:00+00:00, run_after=2026-01-09 09:00:00+00:00
[2026-01-09T09:00:28.847+0000] {processor.py:208} INFO - Processing /opt/airflow/dags/hello_airflow.py took 0.213 seconds
[2026-01-09T09:00:59.674+0000] {processor.py:186} INFO - Started process (PID=1924) to work on /opt/airflow/dags/hello_airflow.py
[2026-01-09T09:00:59.676+0000] {processor.py:914} INFO - Processing file /opt/airflow/dags/hello_airflow.py for tasks to queue
[2026-01-09T09:00:59.680+0000] {logging_mixin.py:190} INFO - [2026-01-09T09:00:59.680+0000] {dagbag.py:588} INFO - Filling up the DagBag from /opt/airflow/dags/hello_airflow.py
[2026-01-09T09:00:59.699+0000] {processor.py:925} INFO - DAG(s) 'hello_airflow' retrieved from /opt/airflow/dags/hello_airflow.py
[2026-01-09T09:00:59.737+0000] {logging_mixin.py:190} INFO - [2026-01-09T09:00:59.737+0000] {dag.py:3239} INFO - Sync 1 DAGs
[2026-01-09T09:00:59.782+0000] {logging_mixin.py:190} INFO - [2026-01-09T09:00:59.782+0000] {dag.py:4180} INFO - Setting next_dagrun for hello_airflow to 2026-01-09 08:59:00+00:00, run_after=2026-01-09 09:00:00+00:00
[2026-01-09T09:00:59.859+0000] {processor.py:208} INFO - Processing /opt/airflow/dags/hello_airflow.py took 0.196 seconds
[2026-01-09T09:01:30.740+0000] {processor.py:186} INFO - Started process (PID=1947) to work on /opt/airflow/dags/hello_airflow.py
[2026-01-09T09:01:30.742+0000] {processor.py:914} INFO - Processing file /opt/airflow/dags/hello_airflow.py for tasks to queue
[2026-01-09T09:01:30.746+0000] {logging_mixin.py:190} INFO - [2026-01-09T09:01:30.746+0000] {dagbag.py:588} INFO - Filling up the DagBag from /opt/airflow/dags/hello_airflow.py
[2026-01-09T09:01:30.763+0000] {processor.py:925} INFO - DAG(s) 'hello_airflow' retrieved from /opt/airflow/dags/hello_airflow.py
[2026-01-09T09:01:30.800+0000] {logging_mixin.py:190} INFO - [2026-01-09T09:01:30.799+0000] {dag.py:3239} INFO - Sync 1 DAGs
[2026-01-09T09:01:30.846+0000] {logging_mixin.py:190} INFO - [2026-01-09T09:01:30.845+0000] {dag.py:4180} INFO - Setting next_dagrun for hello_airflow to 2026-01-09 09:00:00+00:00, run_after=2026-01-09 09:01:00+00:00
[2026-01-09T09:01:30.922+0000] {processor.py:208} INFO - Processing /opt/airflow/dags/hello_airflow.py took 0.191 seconds
[2026-01-09T09:02:02.369+0000] {processor.py:186} INFO - Started process (PID=1970) to work on /opt/airflow/dags/hello_airflow.py
[2026-01-09T09:02:02.372+0000] {processor.py:914} INFO - Processing file /opt/airflow/dags/hello_airflow.py for tasks to queue
[2026-01-09T09:02:02.379+0000] {logging_mixin.py:190} INFO - [2026-01-09T09:02:02.379+0000] {dagbag.py:588} INFO - Filling up the DagBag from /opt/airflow/dags/hello_airflow.py
[2026-01-09T09:02:02.409+0000] {processor.py:925} INFO - DAG(s) 'hello_airflow' retrieved from /opt/airflow/dags/hello_airflow.py
[2026-01-09T09:02:02.461+0000] {logging_mixin.py:190} INFO - [2026-01-09T09:02:02.460+0000] {dag.py:3239} INFO - Sync 1 DAGs
[2026-01-09T09:02:02.539+0000] {logging_mixin.py:190} INFO - [2026-01-09T09:02:02.539+0000] {dag.py:4180} INFO - Setting next_dagrun for hello_airflow to 2026-01-09 09:01:00+00:00, run_after=2026-01-09 09:02:00+00:00
[2026-01-09T09:02:02.587+0000] {processor.py:208} INFO - Processing /opt/airflow/dags/hello_airflow.py took 0.233 seconds
[2026-01-09T09:02:34.199+0000] {processor.py:186} INFO - Started process (PID=1993) to work on /opt/airflow/dags/hello_airflow.py
[2026-01-09T09:02:34.202+0000] {processor.py:914} INFO - Processing file /opt/airflow/dags/hello_airflow.py for tasks to queue
[2026-01-09T09:02:34.208+0000] {logging_mixin.py:190} INFO - [2026-01-09T09:02:34.207+0000] {dagbag.py:588} INFO - Filling up the DagBag from /opt/airflow/dags/hello_airflow.py
[2026-01-09T09:02:34.289+0000] {processor.py:925} INFO - DAG(s) 'hello_airflow' retrieved from /opt/airflow/dags/hello_airflow.py
[2026-01-09T09:02:34.377+0000] {logging_mixin.py:190} INFO - [2026-01-09T09:02:34.376+0000] {dag.py:3239} INFO - Sync 1 DAGs
[2026-01-09T09:02:34.459+0000] {logging_mixin.py:190} INFO - [2026-01-09T09:02:34.459+0000] {dag.py:4180} INFO - Setting next_dagrun for hello_airflow to 2026-01-09 09:01:00+00:00, run_after=2026-01-09 09:02:00+00:00
[2026-01-09T09:02:34.524+0000] {processor.py:208} INFO - Processing /opt/airflow/dags/hello_airflow.py took 0.335 seconds
[2026-01-09T09:07:53.779+0000] {processor.py:186} INFO - Started process (PID=80) to work on /opt/airflow/dags/hello_airflow.py
[2026-01-09T09:07:53.783+0000] {processor.py:914} INFO - Processing file /opt/airflow/dags/hello_airflow.py for tasks to queue
[2026-01-09T09:07:53.791+0000] {logging_mixin.py:190} INFO - [2026-01-09T09:07:53.790+0000] {dagbag.py:588} INFO - Filling up the DagBag from /opt/airflow/dags/hello_airflow.py
[2026-01-09T09:07:53.822+0000] {processor.py:925} INFO - DAG(s) 'hello_airflow' retrieved from /opt/airflow/dags/hello_airflow.py
[2026-01-09T09:07:53.873+0000] {logging_mixin.py:190} INFO - [2026-01-09T09:07:53.873+0000] {dag.py:3239} INFO - Sync 1 DAGs
[2026-01-09T09:07:53.940+0000] {logging_mixin.py:190} INFO - [2026-01-09T09:07:53.940+0000] {dag.py:4180} INFO - Setting next_dagrun for hello_airflow to 2026-01-09 09:06:00+00:00, run_after=2026-01-09 09:07:00+00:00
[2026-01-09T09:07:54.039+0000] {processor.py:208} INFO - Processing /opt/airflow/dags/hello_airflow.py took 0.280 seconds
[2026-01-09T09:08:24.612+0000] {processor.py:186} INFO - Started process (PID=103) to work on /opt/airflow/dags/hello_airflow.py
[2026-01-09T09:08:24.615+0000] {processor.py:914} INFO - Processing file /opt/airflow/dags/hello_airflow.py for tasks to queue
[2026-01-09T09:08:24.621+0000] {logging_mixin.py:190} INFO - [2026-01-09T09:08:24.621+0000] {dagbag.py:588} INFO - Filling up the DagBag from /opt/airflow/dags/hello_airflow.py
[2026-01-09T09:08:24.644+0000] {processor.py:925} INFO - DAG(s) 'hello_airflow' retrieved from /opt/airflow/dags/hello_airflow.py
[2026-01-09T09:08:24.692+0000] {logging_mixin.py:190} INFO - [2026-01-09T09:08:24.692+0000] {dag.py:3239} INFO - Sync 1 DAGs
[2026-01-09T09:08:24.768+0000] {logging_mixin.py:190} INFO - [2026-01-09T09:08:24.768+0000] {dag.py:4180} INFO - Setting next_dagrun for hello_airflow to 2026-01-09 09:07:00+00:00, run_after=2026-01-09 09:08:00+00:00
[2026-01-09T09:08:24.809+0000] {processor.py:208} INFO - Processing /opt/airflow/dags/hello_airflow.py took 0.212 seconds
[2026-01-09T09:08:55.595+0000] {processor.py:186} INFO - Started process (PID=124) to work on /opt/airflow/dags/hello_airflow.py
[2026-01-09T09:08:55.597+0000] {processor.py:914} INFO - Processing file /opt/airflow/dags/hello_airflow.py for tasks to queue
[2026-01-09T09:08:55.600+0000] {logging_mixin.py:190} INFO - [2026-01-09T09:08:55.600+0000] {dagbag.py:588} INFO - Filling up the DagBag from /opt/airflow/dags/hello_airflow.py
[2026-01-09T09:08:55.615+0000] {processor.py:925} INFO - DAG(s) 'hello_airflow' retrieved from /opt/airflow/dags/hello_airflow.py
[2026-01-09T09:08:55.654+0000] {logging_mixin.py:190} INFO - [2026-01-09T09:08:55.654+0000] {dag.py:3239} INFO - Sync 1 DAGs
[2026-01-09T09:08:55.700+0000] {logging_mixin.py:190} INFO - [2026-01-09T09:08:55.699+0000] {dag.py:4180} INFO - Setting next_dagrun for hello_airflow to 2026-01-09 09:07:00+00:00, run_after=2026-01-09 09:08:00+00:00
[2026-01-09T09:08:55.720+0000] {processor.py:208} INFO - Processing /opt/airflow/dags/hello_airflow.py took 0.136 seconds
[2026-01-09T09:09:26.651+0000] {processor.py:186} INFO - Started process (PID=147) to work on /opt/airflow/dags/hello_airflow.py
[2026-01-09T09:09:26.653+0000] {processor.py:914} INFO - Processing file /opt/airflow/dags/hello_airflow.py for tasks to queue
[2026-01-09T09:09:26.657+0000] {logging_mixin.py:190} INFO - [2026-01-09T09:09:26.657+0000] {dagbag.py:588} INFO - Filling up the DagBag from /opt/airflow/dags/hello_airflow.py
[2026-01-09T09:09:26.672+0000] {processor.py:925} INFO - DAG(s) 'hello_airflow' retrieved from /opt/airflow/dags/hello_airflow.py
[2026-01-09T09:09:26.703+0000] {logging_mixin.py:190} INFO - [2026-01-09T09:09:26.703+0000] {dag.py:3239} INFO - Sync 1 DAGs
[2026-01-09T09:09:26.737+0000] {logging_mixin.py:190} INFO - [2026-01-09T09:09:26.737+0000] {dag.py:4180} INFO - Setting next_dagrun for hello_airflow to 2026-01-09 09:08:00+00:00, run_after=2026-01-09 09:09:00+00:00
[2026-01-09T09:09:26.806+0000] {processor.py:208} INFO - Processing /opt/airflow/dags/hello_airflow.py took 0.166 seconds
[2026-01-09T09:09:57.749+0000] {processor.py:186} INFO - Started process (PID=170) to work on /opt/airflow/dags/hello_airflow.py
[2026-01-09T09:09:57.752+0000] {processor.py:914} INFO - Processing file /opt/airflow/dags/hello_airflow.py for tasks to queue
[2026-01-09T09:09:57.759+0000] {logging_mixin.py:190} INFO - [2026-01-09T09:09:57.758+0000] {dagbag.py:588} INFO - Filling up the DagBag from /opt/airflow/dags/hello_airflow.py
[2026-01-09T09:09:57.793+0000] {processor.py:925} INFO - DAG(s) 'hello_airflow' retrieved from /opt/airflow/dags/hello_airflow.py
[2026-01-09T09:09:57.841+0000] {logging_mixin.py:190} INFO - [2026-01-09T09:09:57.840+0000] {dag.py:3239} INFO - Sync 1 DAGs
[2026-01-09T09:09:57.908+0000] {logging_mixin.py:190} INFO - [2026-01-09T09:09:57.907+0000] {dag.py:4180} INFO - Setting next_dagrun for hello_airflow to 2026-01-09 09:08:00+00:00, run_after=2026-01-09 09:09:00+00:00
[2026-01-09T09:09:57.990+0000] {processor.py:208} INFO - Processing /opt/airflow/dags/hello_airflow.py took 0.256 seconds
[2026-01-09T09:10:30.700+0000] {processor.py:186} INFO - Started process (PID=200) to work on /opt/airflow/dags/hello_airflow.py
[2026-01-09T09:10:30.704+0000] {processor.py:914} INFO - Processing file /opt/airflow/dags/hello_airflow.py for tasks to queue
[2026-01-09T09:10:30.712+0000] {logging_mixin.py:190} INFO - [2026-01-09T09:10:30.711+0000] {dagbag.py:588} INFO - Filling up the DagBag from /opt/airflow/dags/hello_airflow.py
[2026-01-09T09:10:30.741+0000] {processor.py:925} INFO - DAG(s) 'hello_airflow' retrieved from /opt/airflow/dags/hello_airflow.py
[2026-01-09T09:10:30.874+0000] {logging_mixin.py:190} INFO - [2026-01-09T09:10:30.866+0000] {dag.py:3239} INFO - Sync 1 DAGs
[2026-01-09T09:10:30.974+0000] {logging_mixin.py:190} INFO - [2026-01-09T09:10:30.974+0000] {dag.py:4180} INFO - Setting next_dagrun for hello_airflow to 2026-01-09 09:09:00+00:00, run_after=2026-01-09 09:10:00+00:00
[2026-01-09T09:10:31.128+0000] {processor.py:208} INFO - Processing /opt/airflow/dags/hello_airflow.py took 0.448 seconds
[2026-01-09T09:11:02.374+0000] {processor.py:186} INFO - Started process (PID=223) to work on /opt/airflow/dags/hello_airflow.py
[2026-01-09T09:11:02.376+0000] {processor.py:914} INFO - Processing file /opt/airflow/dags/hello_airflow.py for tasks to queue
[2026-01-09T09:11:02.381+0000] {logging_mixin.py:190} INFO - [2026-01-09T09:11:02.380+0000] {dagbag.py:588} INFO - Filling up the DagBag from /opt/airflow/dags/hello_airflow.py
[2026-01-09T09:11:02.403+0000] {processor.py:925} INFO - DAG(s) 'hello_airflow' retrieved from /opt/airflow/dags/hello_airflow.py
[2026-01-09T09:11:02.449+0000] {logging_mixin.py:190} INFO - [2026-01-09T09:11:02.449+0000] {dag.py:3239} INFO - Sync 1 DAGs
[2026-01-09T09:11:02.513+0000] {logging_mixin.py:190} INFO - [2026-01-09T09:11:02.513+0000] {dag.py:4180} INFO - Setting next_dagrun for hello_airflow to 2026-01-09 09:10:00+00:00, run_after=2026-01-09 09:11:00+00:00
[2026-01-09T09:11:02.593+0000] {processor.py:208} INFO - Processing /opt/airflow/dags/hello_airflow.py took 0.235 seconds
[2026-01-09T09:11:33.727+0000] {processor.py:186} INFO - Started process (PID=246) to work on /opt/airflow/dags/hello_airflow.py
[2026-01-09T09:11:33.728+0000] {processor.py:914} INFO - Processing file /opt/airflow/dags/hello_airflow.py for tasks to queue
[2026-01-09T09:11:33.733+0000] {logging_mixin.py:190} INFO - [2026-01-09T09:11:33.732+0000] {dagbag.py:588} INFO - Filling up the DagBag from /opt/airflow/dags/hello_airflow.py
[2026-01-09T09:11:33.752+0000] {processor.py:925} INFO - DAG(s) 'hello_airflow' retrieved from /opt/airflow/dags/hello_airflow.py
[2026-01-09T09:11:33.788+0000] {logging_mixin.py:190} INFO - [2026-01-09T09:11:33.788+0000] {dag.py:3239} INFO - Sync 1 DAGs
[2026-01-09T09:11:33.833+0000] {logging_mixin.py:190} INFO - [2026-01-09T09:11:33.833+0000] {dag.py:4180} INFO - Setting next_dagrun for hello_airflow to 2026-01-09 09:10:00+00:00, run_after=2026-01-09 09:11:00+00:00
[2026-01-09T09:11:33.898+0000] {processor.py:208} INFO - Processing /opt/airflow/dags/hello_airflow.py took 0.180 seconds
[2026-01-09T09:12:05.330+0000] {processor.py:186} INFO - Started process (PID=269) to work on /opt/airflow/dags/hello_airflow.py
[2026-01-09T09:12:05.331+0000] {processor.py:914} INFO - Processing file /opt/airflow/dags/hello_airflow.py for tasks to queue
[2026-01-09T09:12:05.337+0000] {logging_mixin.py:190} INFO - [2026-01-09T09:12:05.336+0000] {dagbag.py:588} INFO - Filling up the DagBag from /opt/airflow/dags/hello_airflow.py
[2026-01-09T09:12:05.359+0000] {processor.py:925} INFO - DAG(s) 'hello_airflow' retrieved from /opt/airflow/dags/hello_airflow.py
[2026-01-09T09:12:05.404+0000] {logging_mixin.py:190} INFO - [2026-01-09T09:12:05.403+0000] {dag.py:3239} INFO - Sync 1 DAGs
[2026-01-09T09:12:05.464+0000] {logging_mixin.py:190} INFO - [2026-01-09T09:12:05.463+0000] {dag.py:4180} INFO - Setting next_dagrun for hello_airflow to 2026-01-09 09:11:00+00:00, run_after=2026-01-09 09:12:00+00:00
[2026-01-09T09:12:05.540+0000] {processor.py:208} INFO - Processing /opt/airflow/dags/hello_airflow.py took 0.224 seconds
[2026-01-09T09:12:36.436+0000] {processor.py:186} INFO - Started process (PID=292) to work on /opt/airflow/dags/hello_airflow.py
[2026-01-09T09:12:36.438+0000] {processor.py:914} INFO - Processing file /opt/airflow/dags/hello_airflow.py for tasks to queue
[2026-01-09T09:12:36.446+0000] {logging_mixin.py:190} INFO - [2026-01-09T09:12:36.444+0000] {dagbag.py:588} INFO - Filling up the DagBag from /opt/airflow/dags/hello_airflow.py
[2026-01-09T09:12:36.472+0000] {processor.py:925} INFO - DAG(s) 'hello_airflow' retrieved from /opt/airflow/dags/hello_airflow.py
[2026-01-09T09:12:36.510+0000] {logging_mixin.py:190} INFO - [2026-01-09T09:12:36.509+0000] {dag.py:3239} INFO - Sync 1 DAGs
[2026-01-09T09:12:36.559+0000] {logging_mixin.py:190} INFO - [2026-01-09T09:12:36.559+0000] {dag.py:4180} INFO - Setting next_dagrun for hello_airflow to 2026-01-09 09:11:00+00:00, run_after=2026-01-09 09:12:00+00:00
[2026-01-09T09:12:36.638+0000] {processor.py:208} INFO - Processing /opt/airflow/dags/hello_airflow.py took 0.216 seconds
[2026-01-09T09:13:07.754+0000] {processor.py:186} INFO - Started process (PID=316) to work on /opt/airflow/dags/hello_airflow.py
[2026-01-09T09:13:07.757+0000] {processor.py:914} INFO - Processing file /opt/airflow/dags/hello_airflow.py for tasks to queue
[2026-01-09T09:13:07.764+0000] {logging_mixin.py:190} INFO - [2026-01-09T09:13:07.762+0000] {dagbag.py:588} INFO - Filling up the DagBag from /opt/airflow/dags/hello_airflow.py
[2026-01-09T09:13:07.788+0000] {processor.py:925} INFO - DAG(s) 'hello_airflow' retrieved from /opt/airflow/dags/hello_airflow.py
[2026-01-09T09:13:07.835+0000] {logging_mixin.py:190} INFO - [2026-01-09T09:13:07.835+0000] {dag.py:3239} INFO - Sync 1 DAGs
[2026-01-09T09:13:07.902+0000] {logging_mixin.py:190} INFO - [2026-01-09T09:13:07.902+0000] {dag.py:4180} INFO - Setting next_dagrun for hello_airflow to 2026-01-09 09:12:00+00:00, run_after=2026-01-09 09:13:00+00:00
[2026-01-09T09:13:07.998+0000] {processor.py:208} INFO - Processing /opt/airflow/dags/hello_airflow.py took 0.269 seconds
[2026-01-09T09:13:39.095+0000] {processor.py:186} INFO - Started process (PID=339) to work on /opt/airflow/dags/hello_airflow.py
[2026-01-09T09:13:39.097+0000] {processor.py:914} INFO - Processing file /opt/airflow/dags/hello_airflow.py for tasks to queue
[2026-01-09T09:13:39.101+0000] {logging_mixin.py:190} INFO - [2026-01-09T09:13:39.101+0000] {dagbag.py:588} INFO - Filling up the DagBag from /opt/airflow/dags/hello_airflow.py
[2026-01-09T09:13:39.120+0000] {processor.py:925} INFO - DAG(s) 'hello_airflow' retrieved from /opt/airflow/dags/hello_airflow.py
[2026-01-09T09:13:39.179+0000] {logging_mixin.py:190} INFO - [2026-01-09T09:13:39.179+0000] {dag.py:3239} INFO - Sync 1 DAGs
[2026-01-09T09:13:39.230+0000] {logging_mixin.py:190} INFO - [2026-01-09T09:13:39.230+0000] {dag.py:4180} INFO - Setting next_dagrun for hello_airflow to 2026-01-09 09:12:00+00:00, run_after=2026-01-09 09:13:00+00:00
[2026-01-09T09:13:39.304+0000] {processor.py:208} INFO - Processing /opt/airflow/dags/hello_airflow.py took 0.225 seconds
[2026-01-09T09:14:10.434+0000] {processor.py:186} INFO - Started process (PID=362) to work on /opt/airflow/dags/hello_airflow.py
[2026-01-09T09:14:10.435+0000] {processor.py:914} INFO - Processing file /opt/airflow/dags/hello_airflow.py for tasks to queue
[2026-01-09T09:14:10.438+0000] {logging_mixin.py:190} INFO - [2026-01-09T09:14:10.438+0000] {dagbag.py:588} INFO - Filling up the DagBag from /opt/airflow/dags/hello_airflow.py
[2026-01-09T09:14:10.454+0000] {processor.py:925} INFO - DAG(s) 'hello_airflow' retrieved from /opt/airflow/dags/hello_airflow.py
[2026-01-09T09:14:10.488+0000] {logging_mixin.py:190} INFO - [2026-01-09T09:14:10.488+0000] {dag.py:3239} INFO - Sync 1 DAGs
[2026-01-09T09:14:10.526+0000] {logging_mixin.py:190} INFO - [2026-01-09T09:14:10.526+0000] {dag.py:4180} INFO - Setting next_dagrun for hello_airflow to 2026-01-09 09:13:00+00:00, run_after=2026-01-09 09:14:00+00:00
[2026-01-09T09:14:10.548+0000] {processor.py:208} INFO - Processing /opt/airflow/dags/hello_airflow.py took 0.128 seconds
[2026-01-09T09:14:41.769+0000] {processor.py:186} INFO - Started process (PID=385) to work on /opt/airflow/dags/hello_airflow.py
[2026-01-09T09:14:41.771+0000] {processor.py:914} INFO - Processing file /opt/airflow/dags/hello_airflow.py for tasks to queue
[2026-01-09T09:14:41.779+0000] {logging_mixin.py:190} INFO - [2026-01-09T09:14:41.778+0000] {dagbag.py:588} INFO - Filling up the DagBag from /opt/airflow/dags/hello_airflow.py
[2026-01-09T09:14:41.803+0000] {processor.py:925} INFO - DAG(s) 'hello_airflow' retrieved from /opt/airflow/dags/hello_airflow.py
[2026-01-09T09:14:41.868+0000] {logging_mixin.py:190} INFO - [2026-01-09T09:14:41.868+0000] {dag.py:3239} INFO - Sync 1 DAGs
[2026-01-09T09:14:41.954+0000] {logging_mixin.py:190} INFO - [2026-01-09T09:14:41.953+0000] {dag.py:4180} INFO - Setting next_dagrun for hello_airflow to 2026-01-09 09:13:00+00:00, run_after=2026-01-09 09:14:00+00:00
[2026-01-09T09:14:42.002+0000] {processor.py:208} INFO - Processing /opt/airflow/dags/hello_airflow.py took 0.251 seconds
[2026-01-09T09:15:12.873+0000] {processor.py:186} INFO - Started process (PID=408) to work on /opt/airflow/dags/hello_airflow.py
[2026-01-09T09:15:12.874+0000] {processor.py:914} INFO - Processing file /opt/airflow/dags/hello_airflow.py for tasks to queue
[2026-01-09T09:15:12.877+0000] {logging_mixin.py:190} INFO - [2026-01-09T09:15:12.877+0000] {dagbag.py:588} INFO - Filling up the DagBag from /opt/airflow/dags/hello_airflow.py
[2026-01-09T09:15:12.891+0000] {processor.py:925} INFO - DAG(s) 'hello_airflow' retrieved from /opt/airflow/dags/hello_airflow.py
[2026-01-09T09:15:12.924+0000] {logging_mixin.py:190} INFO - [2026-01-09T09:15:12.924+0000] {dag.py:3239} INFO - Sync 1 DAGs
[2026-01-09T09:15:12.959+0000] {logging_mixin.py:190} INFO - [2026-01-09T09:15:12.959+0000] {dag.py:4180} INFO - Setting next_dagrun for hello_airflow to 2026-01-09 09:14:00+00:00, run_after=2026-01-09 09:15:00+00:00
[2026-01-09T09:15:13.034+0000] {processor.py:208} INFO - Processing /opt/airflow/dags/hello_airflow.py took 0.171 seconds
[2026-01-09T09:15:44.335+0000] {processor.py:186} INFO - Started process (PID=431) to work on /opt/airflow/dags/hello_airflow.py
[2026-01-09T09:15:44.338+0000] {processor.py:914} INFO - Processing file /opt/airflow/dags/hello_airflow.py for tasks to queue
[2026-01-09T09:15:44.342+0000] {logging_mixin.py:190} INFO - [2026-01-09T09:15:44.342+0000] {dagbag.py:588} INFO - Filling up the DagBag from /opt/airflow/dags/hello_airflow.py
[2026-01-09T09:15:44.362+0000] {processor.py:925} INFO - DAG(s) 'hello_airflow' retrieved from /opt/airflow/dags/hello_airflow.py
[2026-01-09T09:15:44.405+0000] {logging_mixin.py:190} INFO - [2026-01-09T09:15:44.405+0000] {dag.py:3239} INFO - Sync 1 DAGs
[2026-01-09T09:15:44.457+0000] {logging_mixin.py:190} INFO - [2026-01-09T09:15:44.456+0000] {dag.py:4180} INFO - Setting next_dagrun for hello_airflow to 2026-01-09 09:14:00+00:00, run_after=2026-01-09 09:15:00+00:00
[2026-01-09T09:15:44.538+0000] {processor.py:208} INFO - Processing /opt/airflow/dags/hello_airflow.py took 0.218 seconds
[2026-01-09T09:16:15.369+0000] {processor.py:186} INFO - Started process (PID=454) to work on /opt/airflow/dags/hello_airflow.py
[2026-01-09T09:16:15.371+0000] {processor.py:914} INFO - Processing file /opt/airflow/dags/hello_airflow.py for tasks to queue
[2026-01-09T09:16:15.376+0000] {logging_mixin.py:190} INFO - [2026-01-09T09:16:15.375+0000] {dagbag.py:588} INFO - Filling up the DagBag from /opt/airflow/dags/hello_airflow.py
[2026-01-09T09:16:15.394+0000] {processor.py:925} INFO - DAG(s) 'hello_airflow' retrieved from /opt/airflow/dags/hello_airflow.py
[2026-01-09T09:16:15.433+0000] {logging_mixin.py:190} INFO - [2026-01-09T09:16:15.433+0000] {dag.py:3239} INFO - Sync 1 DAGs
[2026-01-09T09:16:15.474+0000] {logging_mixin.py:190} INFO - [2026-01-09T09:16:15.474+0000] {dag.py:4180} INFO - Setting next_dagrun for hello_airflow to 2026-01-09 09:15:00+00:00, run_after=2026-01-09 09:16:00+00:00
[2026-01-09T09:16:15.548+0000] {processor.py:208} INFO - Processing /opt/airflow/dags/hello_airflow.py took 0.196 seconds
[2026-01-09T09:16:46.681+0000] {processor.py:186} INFO - Started process (PID=477) to work on /opt/airflow/dags/hello_airflow.py
[2026-01-09T09:16:46.683+0000] {processor.py:914} INFO - Processing file /opt/airflow/dags/hello_airflow.py for tasks to queue
[2026-01-09T09:16:46.687+0000] {logging_mixin.py:190} INFO - [2026-01-09T09:16:46.686+0000] {dagbag.py:588} INFO - Filling up the DagBag from /opt/airflow/dags/hello_airflow.py
[2026-01-09T09:16:46.704+0000] {processor.py:925} INFO - DAG(s) 'hello_airflow' retrieved from /opt/airflow/dags/hello_airflow.py
[2026-01-09T09:16:46.741+0000] {logging_mixin.py:190} INFO - [2026-01-09T09:16:46.741+0000] {dag.py:3239} INFO - Sync 1 DAGs
[2026-01-09T09:16:46.783+0000] {logging_mixin.py:190} INFO - [2026-01-09T09:16:46.782+0000] {dag.py:4180} INFO - Setting next_dagrun for hello_airflow to 2026-01-09 09:15:00+00:00, run_after=2026-01-09 09:16:00+00:00
[2026-01-09T09:16:46.857+0000] {processor.py:208} INFO - Processing /opt/airflow/dags/hello_airflow.py took 0.189 seconds
[2026-01-09T09:17:17.832+0000] {processor.py:186} INFO - Started process (PID=500) to work on /opt/airflow/dags/hello_airflow.py
[2026-01-09T09:17:17.834+0000] {processor.py:914} INFO - Processing file /opt/airflow/dags/hello_airflow.py for tasks to queue
[2026-01-09T09:17:17.838+0000] {logging_mixin.py:190} INFO - [2026-01-09T09:17:17.837+0000] {dagbag.py:588} INFO - Filling up the DagBag from /opt/airflow/dags/hello_airflow.py
[2026-01-09T09:17:17.854+0000] {processor.py:925} INFO - DAG(s) 'hello_airflow' retrieved from /opt/airflow/dags/hello_airflow.py
[2026-01-09T09:17:17.892+0000] {logging_mixin.py:190} INFO - [2026-01-09T09:17:17.892+0000] {dag.py:3239} INFO - Sync 1 DAGs
[2026-01-09T09:17:17.941+0000] {logging_mixin.py:190} INFO - [2026-01-09T09:17:17.941+0000] {dag.py:4180} INFO - Setting next_dagrun for hello_airflow to 2026-01-09 09:16:00+00:00, run_after=2026-01-09 09:17:00+00:00
[2026-01-09T09:17:17.988+0000] {processor.py:208} INFO - Processing /opt/airflow/dags/hello_airflow.py took 0.167 seconds
[2026-01-09T09:17:49.203+0000] {processor.py:186} INFO - Started process (PID=523) to work on /opt/airflow/dags/hello_airflow.py
[2026-01-09T09:17:49.205+0000] {processor.py:914} INFO - Processing file /opt/airflow/dags/hello_airflow.py for tasks to queue
[2026-01-09T09:17:49.212+0000] {logging_mixin.py:190} INFO - [2026-01-09T09:17:49.209+0000] {dagbag.py:588} INFO - Filling up the DagBag from /opt/airflow/dags/hello_airflow.py
[2026-01-09T09:17:49.239+0000] {processor.py:925} INFO - DAG(s) 'hello_airflow' retrieved from /opt/airflow/dags/hello_airflow.py
[2026-01-09T09:17:49.282+0000] {logging_mixin.py:190} INFO - [2026-01-09T09:17:49.281+0000] {dag.py:3239} INFO - Sync 1 DAGs
[2026-01-09T09:17:49.322+0000] {logging_mixin.py:190} INFO - [2026-01-09T09:17:49.322+0000] {dag.py:4180} INFO - Setting next_dagrun for hello_airflow to 2026-01-09 09:16:00+00:00, run_after=2026-01-09 09:17:00+00:00
[2026-01-09T09:17:49.396+0000] {processor.py:208} INFO - Processing /opt/airflow/dags/hello_airflow.py took 0.208 seconds
[2026-01-09T09:18:22.246+0000] {processor.py:186} INFO - Started process (PID=551) to work on /opt/airflow/dags/hello_airflow.py
[2026-01-09T09:18:22.254+0000] {processor.py:914} INFO - Processing file /opt/airflow/dags/hello_airflow.py for tasks to queue
[2026-01-09T09:18:22.262+0000] {logging_mixin.py:190} INFO - [2026-01-09T09:18:22.260+0000] {dagbag.py:588} INFO - Filling up the DagBag from /opt/airflow/dags/hello_airflow.py
[2026-01-09T09:18:22.314+0000] {processor.py:925} INFO - DAG(s) 'hello_airflow' retrieved from /opt/airflow/dags/hello_airflow.py
[2026-01-09T09:18:22.414+0000] {logging_mixin.py:190} INFO - [2026-01-09T09:18:22.414+0000] {dag.py:3239} INFO - Sync 1 DAGs
[2026-01-09T09:18:22.556+0000] {logging_mixin.py:190} INFO - [2026-01-09T09:18:22.555+0000] {dag.py:4180} INFO - Setting next_dagrun for hello_airflow to 2026-01-09 09:17:00+00:00, run_after=2026-01-09 09:18:00+00:00
[2026-01-09T09:18:22.602+0000] {processor.py:208} INFO - Processing /opt/airflow/dags/hello_airflow.py took 0.389 seconds
[2026-01-09T09:18:54.383+0000] {processor.py:186} INFO - Started process (PID=583) to work on /opt/airflow/dags/hello_airflow.py
[2026-01-09T09:18:54.386+0000] {processor.py:914} INFO - Processing file /opt/airflow/dags/hello_airflow.py for tasks to queue
[2026-01-09T09:18:54.390+0000] {logging_mixin.py:190} INFO - [2026-01-09T09:18:54.390+0000] {dagbag.py:588} INFO - Filling up the DagBag from /opt/airflow/dags/hello_airflow.py
[2026-01-09T09:18:54.415+0000] {processor.py:925} INFO - DAG(s) 'hello_airflow' retrieved from /opt/airflow/dags/hello_airflow.py
[2026-01-09T09:18:54.460+0000] {logging_mixin.py:190} INFO - [2026-01-09T09:18:54.459+0000] {dag.py:3239} INFO - Sync 1 DAGs
[2026-01-09T09:18:54.512+0000] {logging_mixin.py:190} INFO - [2026-01-09T09:18:54.511+0000] {dag.py:4180} INFO - Setting next_dagrun for hello_airflow to 2026-01-09 09:17:00+00:00, run_after=2026-01-09 09:18:00+00:00
[2026-01-09T09:18:54.591+0000] {processor.py:208} INFO - Processing /opt/airflow/dags/hello_airflow.py took 0.225 seconds
[2026-01-09T09:19:26.427+0000] {processor.py:186} INFO - Started process (PID=607) to work on /opt/airflow/dags/hello_airflow.py
[2026-01-09T09:19:26.430+0000] {processor.py:914} INFO - Processing file /opt/airflow/dags/hello_airflow.py for tasks to queue
[2026-01-09T09:19:26.440+0000] {logging_mixin.py:190} INFO - [2026-01-09T09:19:26.439+0000] {dagbag.py:588} INFO - Filling up the DagBag from /opt/airflow/dags/hello_airflow.py
[2026-01-09T09:19:26.463+0000] {processor.py:925} INFO - DAG(s) 'hello_airflow' retrieved from /opt/airflow/dags/hello_airflow.py
[2026-01-09T09:19:26.521+0000] {logging_mixin.py:190} INFO - [2026-01-09T09:19:26.520+0000] {dag.py:3239} INFO - Sync 1 DAGs
[2026-01-09T09:19:26.616+0000] {logging_mixin.py:190} INFO - [2026-01-09T09:19:26.615+0000] {dag.py:4180} INFO - Setting next_dagrun for hello_airflow to 2026-01-09 09:18:00+00:00, run_after=2026-01-09 09:19:00+00:00
[2026-01-09T09:19:26.730+0000] {processor.py:208} INFO - Processing /opt/airflow/dags/hello_airflow.py took 0.325 seconds
[2026-01-09T09:19:59.778+0000] {processor.py:186} INFO - Started process (PID=629) to work on /opt/airflow/dags/hello_airflow.py
[2026-01-09T09:19:59.780+0000] {processor.py:914} INFO - Processing file /opt/airflow/dags/hello_airflow.py for tasks to queue
[2026-01-09T09:19:59.786+0000] {logging_mixin.py:190} INFO - [2026-01-09T09:19:59.785+0000] {dagbag.py:588} INFO - Filling up the DagBag from /opt/airflow/dags/hello_airflow.py
[2026-01-09T09:19:59.821+0000] {processor.py:925} INFO - DAG(s) 'hello_airflow' retrieved from /opt/airflow/dags/hello_airflow.py
[2026-01-09T09:19:59.934+0000] {logging_mixin.py:190} INFO - [2026-01-09T09:19:59.933+0000] {dag.py:3239} INFO - Sync 1 DAGs
[2026-01-09T09:20:00.086+0000] {logging_mixin.py:190} INFO - [2026-01-09T09:20:00.084+0000] {dag.py:4180} INFO - Setting next_dagrun for hello_airflow to 2026-01-09 09:19:00+00:00, run_after=2026-01-09 09:20:00+00:00
[2026-01-09T09:20:00.277+0000] {processor.py:208} INFO - Processing /opt/airflow/dags/hello_airflow.py took 0.525 seconds
[2026-01-09T09:20:31.181+0000] {processor.py:186} INFO - Started process (PID=650) to work on /opt/airflow/dags/hello_airflow.py
[2026-01-09T09:20:31.183+0000] {processor.py:914} INFO - Processing file /opt/airflow/dags/hello_airflow.py for tasks to queue
[2026-01-09T09:20:31.189+0000] {logging_mixin.py:190} INFO - [2026-01-09T09:20:31.188+0000] {dagbag.py:588} INFO - Filling up the DagBag from /opt/airflow/dags/hello_airflow.py
[2026-01-09T09:20:31.215+0000] {processor.py:925} INFO - DAG(s) 'hello_airflow' retrieved from /opt/airflow/dags/hello_airflow.py
[2026-01-09T09:20:31.291+0000] {logging_mixin.py:190} INFO - [2026-01-09T09:20:31.290+0000] {dag.py:3239} INFO - Sync 1 DAGs
[2026-01-09T09:20:31.385+0000] {logging_mixin.py:190} INFO - [2026-01-09T09:20:31.384+0000] {dag.py:4180} INFO - Setting next_dagrun for hello_airflow to 2026-01-09 09:19:00+00:00, run_after=2026-01-09 09:20:00+00:00
[2026-01-09T09:20:31.487+0000] {processor.py:208} INFO - Processing /opt/airflow/dags/hello_airflow.py took 0.322 seconds
[2026-01-09T09:21:03.585+0000] {processor.py:186} INFO - Started process (PID=680) to work on /opt/airflow/dags/hello_airflow.py
[2026-01-09T09:21:03.589+0000] {processor.py:914} INFO - Processing file /opt/airflow/dags/hello_airflow.py for tasks to queue
[2026-01-09T09:21:03.601+0000] {logging_mixin.py:190} INFO - [2026-01-09T09:21:03.600+0000] {dagbag.py:588} INFO - Filling up the DagBag from /opt/airflow/dags/hello_airflow.py
[2026-01-09T09:21:03.655+0000] {processor.py:925} INFO - DAG(s) 'hello_airflow' retrieved from /opt/airflow/dags/hello_airflow.py
[2026-01-09T09:21:03.716+0000] {logging_mixin.py:190} INFO - [2026-01-09T09:21:03.715+0000] {dag.py:3239} INFO - Sync 1 DAGs
[2026-01-09T09:21:03.811+0000] {logging_mixin.py:190} INFO - [2026-01-09T09:21:03.810+0000] {dag.py:4180} INFO - Setting next_dagrun for hello_airflow to 2026-01-09 09:20:00+00:00, run_after=2026-01-09 09:21:00+00:00
[2026-01-09T09:21:03.877+0000] {processor.py:208} INFO - Processing /opt/airflow/dags/hello_airflow.py took 0.311 seconds
[2026-01-09T09:21:35.654+0000] {processor.py:186} INFO - Started process (PID=703) to work on /opt/airflow/dags/hello_airflow.py
[2026-01-09T09:21:35.659+0000] {processor.py:914} INFO - Processing file /opt/airflow/dags/hello_airflow.py for tasks to queue
[2026-01-09T09:21:35.664+0000] {logging_mixin.py:190} INFO - [2026-01-09T09:21:35.663+0000] {dagbag.py:588} INFO - Filling up the DagBag from /opt/airflow/dags/hello_airflow.py
[2026-01-09T09:21:35.694+0000] {processor.py:925} INFO - DAG(s) 'hello_airflow' retrieved from /opt/airflow/dags/hello_airflow.py
[2026-01-09T09:21:35.747+0000] {logging_mixin.py:190} INFO - [2026-01-09T09:21:35.747+0000] {dag.py:3239} INFO - Sync 1 DAGs
[2026-01-09T09:21:35.822+0000] {logging_mixin.py:190} INFO - [2026-01-09T09:21:35.822+0000] {dag.py:4180} INFO - Setting next_dagrun for hello_airflow to 2026-01-09 09:20:00+00:00, run_after=2026-01-09 09:21:00+00:00
[2026-01-09T09:21:35.864+0000] {processor.py:208} INFO - Processing /opt/airflow/dags/hello_airflow.py took 0.225 seconds
[2026-01-09T09:22:07.486+0000] {processor.py:186} INFO - Started process (PID=726) to work on /opt/airflow/dags/hello_airflow.py
[2026-01-09T09:22:07.488+0000] {processor.py:914} INFO - Processing file /opt/airflow/dags/hello_airflow.py for tasks to queue
[2026-01-09T09:22:07.494+0000] {logging_mixin.py:190} INFO - [2026-01-09T09:22:07.493+0000] {dagbag.py:588} INFO - Filling up the DagBag from /opt/airflow/dags/hello_airflow.py
[2026-01-09T09:22:07.544+0000] {processor.py:925} INFO - DAG(s) 'hello_airflow' retrieved from /opt/airflow/dags/hello_airflow.py
[2026-01-09T09:22:07.674+0000] {logging_mixin.py:190} INFO - [2026-01-09T09:22:07.673+0000] {dag.py:3239} INFO - Sync 1 DAGs
[2026-01-09T09:22:07.787+0000] {logging_mixin.py:190} INFO - [2026-01-09T09:22:07.786+0000] {dag.py:4180} INFO - Setting next_dagrun for hello_airflow to 2026-01-09 09:21:00+00:00, run_after=2026-01-09 09:22:00+00:00
[2026-01-09T09:22:07.855+0000] {processor.py:208} INFO - Processing /opt/airflow/dags/hello_airflow.py took 0.386 seconds
[2026-01-09T09:22:39.527+0000] {processor.py:186} INFO - Started process (PID=749) to work on /opt/airflow/dags/hello_airflow.py
[2026-01-09T09:22:39.529+0000] {processor.py:914} INFO - Processing file /opt/airflow/dags/hello_airflow.py for tasks to queue
[2026-01-09T09:22:39.536+0000] {logging_mixin.py:190} INFO - [2026-01-09T09:22:39.536+0000] {dagbag.py:588} INFO - Filling up the DagBag from /opt/airflow/dags/hello_airflow.py
[2026-01-09T09:22:39.570+0000] {processor.py:925} INFO - DAG(s) 'hello_airflow' retrieved from /opt/airflow/dags/hello_airflow.py
[2026-01-09T09:22:39.642+0000] {logging_mixin.py:190} INFO - [2026-01-09T09:22:39.641+0000] {dag.py:3239} INFO - Sync 1 DAGs
[2026-01-09T09:22:39.779+0000] {logging_mixin.py:190} INFO - [2026-01-09T09:22:39.779+0000] {dag.py:4180} INFO - Setting next_dagrun for hello_airflow to 2026-01-09 09:21:00+00:00, run_after=2026-01-09 09:22:00+00:00
[2026-01-09T09:22:39.842+0000] {processor.py:208} INFO - Processing /opt/airflow/dags/hello_airflow.py took 0.341 seconds
[2026-01-09T09:23:12.075+0000] {processor.py:186} INFO - Started process (PID=772) to work on /opt/airflow/dags/hello_airflow.py
[2026-01-09T09:23:12.081+0000] {processor.py:914} INFO - Processing file /opt/airflow/dags/hello_airflow.py for tasks to queue
[2026-01-09T09:23:12.087+0000] {logging_mixin.py:190} INFO - [2026-01-09T09:23:12.087+0000] {dagbag.py:588} INFO - Filling up the DagBag from /opt/airflow/dags/hello_airflow.py
[2026-01-09T09:23:12.113+0000] {processor.py:925} INFO - DAG(s) 'hello_airflow' retrieved from /opt/airflow/dags/hello_airflow.py
[2026-01-09T09:23:12.198+0000] {logging_mixin.py:190} INFO - [2026-01-09T09:23:12.198+0000] {dag.py:3239} INFO - Sync 1 DAGs
[2026-01-09T09:23:12.257+0000] {logging_mixin.py:190} INFO - [2026-01-09T09:23:12.256+0000] {dag.py:4180} INFO - Setting next_dagrun for hello_airflow to 2026-01-09 09:22:00+00:00, run_after=2026-01-09 09:23:00+00:00
[2026-01-09T09:23:12.393+0000] {processor.py:208} INFO - Processing /opt/airflow/dags/hello_airflow.py took 0.338 seconds
[2026-01-09T09:23:43.701+0000] {processor.py:186} INFO - Started process (PID=794) to work on /opt/airflow/dags/hello_airflow.py
[2026-01-09T09:23:43.702+0000] {processor.py:914} INFO - Processing file /opt/airflow/dags/hello_airflow.py for tasks to queue
[2026-01-09T09:23:43.708+0000] {logging_mixin.py:190} INFO - [2026-01-09T09:23:43.707+0000] {dagbag.py:588} INFO - Filling up the DagBag from /opt/airflow/dags/hello_airflow.py
[2026-01-09T09:23:43.734+0000] {processor.py:925} INFO - DAG(s) 'hello_airflow' retrieved from /opt/airflow/dags/hello_airflow.py
[2026-01-09T09:23:43.797+0000] {logging_mixin.py:190} INFO - [2026-01-09T09:23:43.797+0000] {dag.py:3239} INFO - Sync 1 DAGs
[2026-01-09T09:23:43.885+0000] {logging_mixin.py:190} INFO - [2026-01-09T09:23:43.884+0000] {dag.py:4180} INFO - Setting next_dagrun for hello_airflow to 2026-01-09 09:22:00+00:00, run_after=2026-01-09 09:23:00+00:00
[2026-01-09T09:23:43.948+0000] {processor.py:208} INFO - Processing /opt/airflow/dags/hello_airflow.py took 0.266 seconds
[2026-01-09T09:24:15.280+0000] {processor.py:186} INFO - Started process (PID=818) to work on /opt/airflow/dags/hello_airflow.py
[2026-01-09T09:24:15.282+0000] {processor.py:914} INFO - Processing file /opt/airflow/dags/hello_airflow.py for tasks to queue
[2026-01-09T09:24:15.301+0000] {logging_mixin.py:190} INFO - [2026-01-09T09:24:15.295+0000] {dagbag.py:588} INFO - Filling up the DagBag from /opt/airflow/dags/hello_airflow.py
[2026-01-09T09:24:15.336+0000] {processor.py:925} INFO - DAG(s) 'hello_airflow' retrieved from /opt/airflow/dags/hello_airflow.py
[2026-01-09T09:24:15.400+0000] {logging_mixin.py:190} INFO - [2026-01-09T09:24:15.400+0000] {dag.py:3239} INFO - Sync 1 DAGs
[2026-01-09T09:24:15.495+0000] {logging_mixin.py:190} INFO - [2026-01-09T09:24:15.494+0000] {dag.py:4180} INFO - Setting next_dagrun for hello_airflow to 2026-01-09 09:23:00+00:00, run_after=2026-01-09 09:24:00+00:00
[2026-01-09T09:24:15.610+0000] {processor.py:208} INFO - Processing /opt/airflow/dags/hello_airflow.py took 0.350 seconds
[2026-01-09T09:24:45.744+0000] {processor.py:186} INFO - Started process (PID=838) to work on /opt/airflow/dags/hello_airflow.py
[2026-01-09T09:24:45.746+0000] {processor.py:914} INFO - Processing file /opt/airflow/dags/hello_airflow.py for tasks to queue
[2026-01-09T09:24:45.753+0000] {logging_mixin.py:190} INFO - [2026-01-09T09:24:45.752+0000] {dagbag.py:588} INFO - Filling up the DagBag from /opt/airflow/dags/hello_airflow.py
[2026-01-09T09:24:45.774+0000] {processor.py:925} INFO - DAG(s) 'hello_airflow' retrieved from /opt/airflow/dags/hello_airflow.py
[2026-01-09T09:24:45.820+0000] {logging_mixin.py:190} INFO - [2026-01-09T09:24:45.820+0000] {dag.py:3239} INFO - Sync 1 DAGs
[2026-01-09T09:24:45.871+0000] {logging_mixin.py:190} INFO - [2026-01-09T09:24:45.871+0000] {dag.py:4180} INFO - Setting next_dagrun for hello_airflow to 2026-01-09 09:23:00+00:00, run_after=2026-01-09 09:24:00+00:00
[2026-01-09T09:24:45.946+0000] {processor.py:208} INFO - Processing /opt/airflow/dags/hello_airflow.py took 0.216 seconds
[2026-01-09T09:25:16.480+0000] {processor.py:186} INFO - Started process (PID=860) to work on /opt/airflow/dags/hello_airflow.py
[2026-01-09T09:25:16.483+0000] {processor.py:914} INFO - Processing file /opt/airflow/dags/hello_airflow.py for tasks to queue
[2026-01-09T09:25:16.486+0000] {logging_mixin.py:190} INFO - [2026-01-09T09:25:16.486+0000] {dagbag.py:588} INFO - Filling up the DagBag from /opt/airflow/dags/hello_airflow.py
[2026-01-09T09:25:16.516+0000] {processor.py:925} INFO - DAG(s) 'hello_airflow' retrieved from /opt/airflow/dags/hello_airflow.py
[2026-01-09T09:25:16.549+0000] {logging_mixin.py:190} INFO - [2026-01-09T09:25:16.548+0000] {dag.py:3239} INFO - Sync 1 DAGs
[2026-01-09T09:25:16.587+0000] {logging_mixin.py:190} INFO - [2026-01-09T09:25:16.587+0000] {dag.py:4180} INFO - Setting next_dagrun for hello_airflow to 2026-01-09 09:24:00+00:00, run_after=2026-01-09 09:25:00+00:00
[2026-01-09T09:25:16.615+0000] {processor.py:208} INFO - Processing /opt/airflow/dags/hello_airflow.py took 0.148 seconds
[2026-01-09T09:25:47.024+0000] {processor.py:186} INFO - Started process (PID=884) to work on /opt/airflow/dags/hello_airflow.py
[2026-01-09T09:25:47.027+0000] {processor.py:914} INFO - Processing file /opt/airflow/dags/hello_airflow.py for tasks to queue
[2026-01-09T09:25:47.037+0000] {logging_mixin.py:190} INFO - [2026-01-09T09:25:47.036+0000] {dagbag.py:588} INFO - Filling up the DagBag from /opt/airflow/dags/hello_airflow.py
[2026-01-09T09:25:47.061+0000] {processor.py:925} INFO - DAG(s) 'hello_airflow' retrieved from /opt/airflow/dags/hello_airflow.py
[2026-01-09T09:25:47.120+0000] {logging_mixin.py:190} INFO - [2026-01-09T09:25:47.119+0000] {dag.py:3239} INFO - Sync 1 DAGs
[2026-01-09T09:25:47.202+0000] {logging_mixin.py:190} INFO - [2026-01-09T09:25:47.197+0000] {dag.py:4180} INFO - Setting next_dagrun for hello_airflow to 2026-01-09 09:24:00+00:00, run_after=2026-01-09 09:25:00+00:00
[2026-01-09T09:25:47.283+0000] {processor.py:208} INFO - Processing /opt/airflow/dags/hello_airflow.py took 0.278 seconds
[2026-01-09T09:26:17.624+0000] {processor.py:186} INFO - Started process (PID=905) to work on /opt/airflow/dags/hello_airflow.py
[2026-01-09T09:26:17.626+0000] {processor.py:914} INFO - Processing file /opt/airflow/dags/hello_airflow.py for tasks to queue
[2026-01-09T09:26:17.633+0000] {logging_mixin.py:190} INFO - [2026-01-09T09:26:17.632+0000] {dagbag.py:588} INFO - Filling up the DagBag from /opt/airflow/dags/hello_airflow.py
[2026-01-09T09:26:17.652+0000] {processor.py:925} INFO - DAG(s) 'hello_airflow' retrieved from /opt/airflow/dags/hello_airflow.py
[2026-01-09T09:26:17.698+0000] {logging_mixin.py:190} INFO - [2026-01-09T09:26:17.697+0000] {dag.py:3239} INFO - Sync 1 DAGs
[2026-01-09T09:26:17.751+0000] {logging_mixin.py:190} INFO - [2026-01-09T09:26:17.751+0000] {dag.py:4180} INFO - Setting next_dagrun for hello_airflow to 2026-01-09 09:25:00+00:00, run_after=2026-01-09 09:26:00+00:00
[2026-01-09T09:26:17.830+0000] {processor.py:208} INFO - Processing /opt/airflow/dags/hello_airflow.py took 0.221 seconds
[2026-01-09T09:26:48.204+0000] {processor.py:186} INFO - Started process (PID=927) to work on /opt/airflow/dags/hello_airflow.py
[2026-01-09T09:26:48.206+0000] {processor.py:914} INFO - Processing file /opt/airflow/dags/hello_airflow.py for tasks to queue
[2026-01-09T09:26:48.210+0000] {logging_mixin.py:190} INFO - [2026-01-09T09:26:48.210+0000] {dagbag.py:588} INFO - Filling up the DagBag from /opt/airflow/dags/hello_airflow.py
[2026-01-09T09:26:48.232+0000] {processor.py:925} INFO - DAG(s) 'hello_airflow' retrieved from /opt/airflow/dags/hello_airflow.py
[2026-01-09T09:26:48.277+0000] {logging_mixin.py:190} INFO - [2026-01-09T09:26:48.277+0000] {dag.py:3239} INFO - Sync 1 DAGs
[2026-01-09T09:26:48.331+0000] {logging_mixin.py:190} INFO - [2026-01-09T09:26:48.330+0000] {dag.py:4180} INFO - Setting next_dagrun for hello_airflow to 2026-01-09 09:25:00+00:00, run_after=2026-01-09 09:26:00+00:00
[2026-01-09T09:26:48.360+0000] {processor.py:208} INFO - Processing /opt/airflow/dags/hello_airflow.py took 0.172 seconds
[2026-01-09T09:27:19.335+0000] {processor.py:186} INFO - Started process (PID=950) to work on /opt/airflow/dags/hello_airflow.py
[2026-01-09T09:27:19.336+0000] {processor.py:914} INFO - Processing file /opt/airflow/dags/hello_airflow.py for tasks to queue
[2026-01-09T09:27:19.342+0000] {logging_mixin.py:190} INFO - [2026-01-09T09:27:19.341+0000] {dagbag.py:588} INFO - Filling up the DagBag from /opt/airflow/dags/hello_airflow.py
[2026-01-09T09:27:19.354+0000] {processor.py:925} INFO - DAG(s) 'hello_airflow' retrieved from /opt/airflow/dags/hello_airflow.py
[2026-01-09T09:27:19.388+0000] {logging_mixin.py:190} INFO - [2026-01-09T09:27:19.388+0000] {dag.py:3239} INFO - Sync 1 DAGs
[2026-01-09T09:27:19.429+0000] {logging_mixin.py:190} INFO - [2026-01-09T09:27:19.428+0000] {dag.py:4180} INFO - Setting next_dagrun for hello_airflow to 2026-01-09 09:26:00+00:00, run_after=2026-01-09 09:27:00+00:00
[2026-01-09T09:27:19.499+0000] {processor.py:208} INFO - Processing /opt/airflow/dags/hello_airflow.py took 0.175 seconds
[2026-01-09T09:27:49.752+0000] {processor.py:186} INFO - Started process (PID=973) to work on /opt/airflow/dags/hello_airflow.py
[2026-01-09T09:27:49.754+0000] {processor.py:914} INFO - Processing file /opt/airflow/dags/hello_airflow.py for tasks to queue
[2026-01-09T09:27:49.759+0000] {logging_mixin.py:190} INFO - [2026-01-09T09:27:49.758+0000] {dagbag.py:588} INFO - Filling up the DagBag from /opt/airflow/dags/hello_airflow.py
[2026-01-09T09:27:49.788+0000] {processor.py:925} INFO - DAG(s) 'hello_airflow' retrieved from /opt/airflow/dags/hello_airflow.py
[2026-01-09T09:27:49.870+0000] {logging_mixin.py:190} INFO - [2026-01-09T09:27:49.869+0000] {dag.py:3239} INFO - Sync 1 DAGs
[2026-01-09T09:27:49.933+0000] {logging_mixin.py:190} INFO - [2026-01-09T09:27:49.932+0000] {dag.py:4180} INFO - Setting next_dagrun for hello_airflow to 2026-01-09 09:26:00+00:00, run_after=2026-01-09 09:27:00+00:00
[2026-01-09T09:27:49.972+0000] {processor.py:208} INFO - Processing /opt/airflow/dags/hello_airflow.py took 0.239 seconds
[2026-01-09T09:28:20.181+0000] {processor.py:186} INFO - Started process (PID=996) to work on /opt/airflow/dags/hello_airflow.py
[2026-01-09T09:28:20.183+0000] {processor.py:914} INFO - Processing file /opt/airflow/dags/hello_airflow.py for tasks to queue
[2026-01-09T09:28:20.189+0000] {logging_mixin.py:190} INFO - [2026-01-09T09:28:20.188+0000] {dagbag.py:588} INFO - Filling up the DagBag from /opt/airflow/dags/hello_airflow.py
[2026-01-09T09:28:20.218+0000] {processor.py:925} INFO - DAG(s) 'hello_airflow' retrieved from /opt/airflow/dags/hello_airflow.py
[2026-01-09T09:28:20.302+0000] {logging_mixin.py:190} INFO - [2026-01-09T09:28:20.302+0000] {dag.py:3239} INFO - Sync 1 DAGs
[2026-01-09T09:28:20.372+0000] {logging_mixin.py:190} INFO - [2026-01-09T09:28:20.371+0000] {dag.py:4180} INFO - Setting next_dagrun for hello_airflow to 2026-01-09 09:27:00+00:00, run_after=2026-01-09 09:28:00+00:00
[2026-01-09T09:28:20.469+0000] {processor.py:208} INFO - Processing /opt/airflow/dags/hello_airflow.py took 0.306 seconds
[2026-01-09T09:28:50.571+0000] {processor.py:186} INFO - Started process (PID=1018) to work on /opt/airflow/dags/hello_airflow.py
[2026-01-09T09:28:50.573+0000] {processor.py:914} INFO - Processing file /opt/airflow/dags/hello_airflow.py for tasks to queue
[2026-01-09T09:28:50.580+0000] {logging_mixin.py:190} INFO - [2026-01-09T09:28:50.579+0000] {dagbag.py:588} INFO - Filling up the DagBag from /opt/airflow/dags/hello_airflow.py
[2026-01-09T09:28:50.603+0000] {processor.py:925} INFO - DAG(s) 'hello_airflow' retrieved from /opt/airflow/dags/hello_airflow.py
[2026-01-09T09:28:50.687+0000] {logging_mixin.py:190} INFO - [2026-01-09T09:28:50.687+0000] {dag.py:3239} INFO - Sync 1 DAGs
[2026-01-09T09:28:50.755+0000] {logging_mixin.py:190} INFO - [2026-01-09T09:28:50.754+0000] {dag.py:4180} INFO - Setting next_dagrun for hello_airflow to 2026-01-09 09:27:00+00:00, run_after=2026-01-09 09:28:00+00:00
[2026-01-09T09:28:50.847+0000] {processor.py:208} INFO - Processing /opt/airflow/dags/hello_airflow.py took 0.296 seconds
[2026-01-09T09:29:21.014+0000] {processor.py:186} INFO - Started process (PID=1041) to work on /opt/airflow/dags/hello_airflow.py
[2026-01-09T09:29:21.018+0000] {processor.py:914} INFO - Processing file /opt/airflow/dags/hello_airflow.py for tasks to queue
[2026-01-09T09:29:21.024+0000] {logging_mixin.py:190} INFO - [2026-01-09T09:29:21.023+0000] {dagbag.py:588} INFO - Filling up the DagBag from /opt/airflow/dags/hello_airflow.py
[2026-01-09T09:29:21.054+0000] {processor.py:925} INFO - DAG(s) 'hello_airflow' retrieved from /opt/airflow/dags/hello_airflow.py
[2026-01-09T09:29:21.108+0000] {logging_mixin.py:190} INFO - [2026-01-09T09:29:21.107+0000] {dag.py:3239} INFO - Sync 1 DAGs
[2026-01-09T09:29:21.171+0000] {logging_mixin.py:190} INFO - [2026-01-09T09:29:21.170+0000] {dag.py:4180} INFO - Setting next_dagrun for hello_airflow to 2026-01-09 09:28:00+00:00, run_after=2026-01-09 09:29:00+00:00
[2026-01-09T09:29:21.265+0000] {processor.py:208} INFO - Processing /opt/airflow/dags/hello_airflow.py took 0.274 seconds
[2026-01-09T09:29:52.026+0000] {processor.py:186} INFO - Started process (PID=1064) to work on /opt/airflow/dags/hello_airflow.py
[2026-01-09T09:29:52.029+0000] {processor.py:914} INFO - Processing file /opt/airflow/dags/hello_airflow.py for tasks to queue
[2026-01-09T09:29:52.034+0000] {logging_mixin.py:190} INFO - [2026-01-09T09:29:52.033+0000] {dagbag.py:588} INFO - Filling up the DagBag from /opt/airflow/dags/hello_airflow.py
[2026-01-09T09:29:52.057+0000] {processor.py:925} INFO - DAG(s) 'hello_airflow' retrieved from /opt/airflow/dags/hello_airflow.py
[2026-01-09T09:29:52.138+0000] {logging_mixin.py:190} INFO - [2026-01-09T09:29:52.138+0000] {dag.py:3239} INFO - Sync 1 DAGs
[2026-01-09T09:29:52.195+0000] {logging_mixin.py:190} INFO - [2026-01-09T09:29:52.195+0000] {dag.py:4180} INFO - Setting next_dagrun for hello_airflow to 2026-01-09 09:28:00+00:00, run_after=2026-01-09 09:29:00+00:00
[2026-01-09T09:29:52.297+0000] {processor.py:208} INFO - Processing /opt/airflow/dags/hello_airflow.py took 0.291 seconds
[2026-01-09T09:30:22.706+0000] {processor.py:186} INFO - Started process (PID=1087) to work on /opt/airflow/dags/hello_airflow.py
[2026-01-09T09:30:22.709+0000] {processor.py:914} INFO - Processing file /opt/airflow/dags/hello_airflow.py for tasks to queue
[2026-01-09T09:30:22.715+0000] {logging_mixin.py:190} INFO - [2026-01-09T09:30:22.714+0000] {dagbag.py:588} INFO - Filling up the DagBag from /opt/airflow/dags/hello_airflow.py
[2026-01-09T09:30:22.749+0000] {processor.py:925} INFO - DAG(s) 'hello_airflow' retrieved from /opt/airflow/dags/hello_airflow.py
[2026-01-09T09:30:22.814+0000] {logging_mixin.py:190} INFO - [2026-01-09T09:30:22.813+0000] {dag.py:3239} INFO - Sync 1 DAGs
[2026-01-09T09:30:22.907+0000] {logging_mixin.py:190} INFO - [2026-01-09T09:30:22.906+0000] {dag.py:4180} INFO - Setting next_dagrun for hello_airflow to 2026-01-09 09:29:00+00:00, run_after=2026-01-09 09:30:00+00:00
[2026-01-09T09:30:23.023+0000] {processor.py:208} INFO - Processing /opt/airflow/dags/hello_airflow.py took 0.344 seconds
[2026-01-09T09:30:53.770+0000] {processor.py:186} INFO - Started process (PID=1110) to work on /opt/airflow/dags/hello_airflow.py
[2026-01-09T09:30:53.772+0000] {processor.py:914} INFO - Processing file /opt/airflow/dags/hello_airflow.py for tasks to queue
[2026-01-09T09:30:53.776+0000] {logging_mixin.py:190} INFO - [2026-01-09T09:30:53.775+0000] {dagbag.py:588} INFO - Filling up the DagBag from /opt/airflow/dags/hello_airflow.py
[2026-01-09T09:30:53.808+0000] {processor.py:925} INFO - DAG(s) 'hello_airflow' retrieved from /opt/airflow/dags/hello_airflow.py
[2026-01-09T09:30:53.857+0000] {logging_mixin.py:190} INFO - [2026-01-09T09:30:53.856+0000] {dag.py:3239} INFO - Sync 1 DAGs
[2026-01-09T09:30:53.921+0000] {logging_mixin.py:190} INFO - [2026-01-09T09:30:53.920+0000] {dag.py:4180} INFO - Setting next_dagrun for hello_airflow to 2026-01-09 09:29:00+00:00, run_after=2026-01-09 09:30:00+00:00
[2026-01-09T09:30:54.006+0000] {processor.py:208} INFO - Processing /opt/airflow/dags/hello_airflow.py took 0.253 seconds
[2026-01-09T09:31:24.505+0000] {processor.py:186} INFO - Started process (PID=1133) to work on /opt/airflow/dags/hello_airflow.py
[2026-01-09T09:31:24.507+0000] {processor.py:914} INFO - Processing file /opt/airflow/dags/hello_airflow.py for tasks to queue
[2026-01-09T09:31:24.512+0000] {logging_mixin.py:190} INFO - [2026-01-09T09:31:24.512+0000] {dagbag.py:588} INFO - Filling up the DagBag from /opt/airflow/dags/hello_airflow.py
[2026-01-09T09:31:24.540+0000] {processor.py:925} INFO - DAG(s) 'hello_airflow' retrieved from /opt/airflow/dags/hello_airflow.py
[2026-01-09T09:31:24.603+0000] {logging_mixin.py:190} INFO - [2026-01-09T09:31:24.602+0000] {dag.py:3239} INFO - Sync 1 DAGs
[2026-01-09T09:31:24.668+0000] {logging_mixin.py:190} INFO - [2026-01-09T09:31:24.668+0000] {dag.py:4180} INFO - Setting next_dagrun for hello_airflow to 2026-01-09 09:30:00+00:00, run_after=2026-01-09 09:31:00+00:00
[2026-01-09T09:31:24.758+0000] {processor.py:208} INFO - Processing /opt/airflow/dags/hello_airflow.py took 0.269 seconds
[2026-01-09T09:31:55.292+0000] {processor.py:186} INFO - Started process (PID=1155) to work on /opt/airflow/dags/hello_airflow.py
[2026-01-09T09:31:55.294+0000] {processor.py:914} INFO - Processing file /opt/airflow/dags/hello_airflow.py for tasks to queue
[2026-01-09T09:31:55.302+0000] {logging_mixin.py:190} INFO - [2026-01-09T09:31:55.302+0000] {dagbag.py:588} INFO - Filling up the DagBag from /opt/airflow/dags/hello_airflow.py
[2026-01-09T09:31:55.333+0000] {processor.py:925} INFO - DAG(s) 'hello_airflow' retrieved from /opt/airflow/dags/hello_airflow.py
[2026-01-09T09:31:55.395+0000] {logging_mixin.py:190} INFO - [2026-01-09T09:31:55.394+0000] {dag.py:3239} INFO - Sync 1 DAGs
[2026-01-09T09:31:55.479+0000] {logging_mixin.py:190} INFO - [2026-01-09T09:31:55.478+0000] {dag.py:4180} INFO - Setting next_dagrun for hello_airflow to 2026-01-09 09:30:00+00:00, run_after=2026-01-09 09:31:00+00:00
[2026-01-09T09:31:55.593+0000] {processor.py:208} INFO - Processing /opt/airflow/dags/hello_airflow.py took 0.320 seconds
[2026-01-09T09:32:26.407+0000] {processor.py:186} INFO - Started process (PID=1178) to work on /opt/airflow/dags/hello_airflow.py
[2026-01-09T09:32:26.409+0000] {processor.py:914} INFO - Processing file /opt/airflow/dags/hello_airflow.py for tasks to queue
[2026-01-09T09:32:26.424+0000] {logging_mixin.py:190} INFO - [2026-01-09T09:32:26.423+0000] {dagbag.py:588} INFO - Filling up the DagBag from /opt/airflow/dags/hello_airflow.py
[2026-01-09T09:32:26.463+0000] {processor.py:925} INFO - DAG(s) 'hello_airflow' retrieved from /opt/airflow/dags/hello_airflow.py
[2026-01-09T09:32:26.518+0000] {logging_mixin.py:190} INFO - [2026-01-09T09:32:26.517+0000] {dag.py:3239} INFO - Sync 1 DAGs
[2026-01-09T09:32:26.582+0000] {logging_mixin.py:190} INFO - [2026-01-09T09:32:26.582+0000] {dag.py:4180} INFO - Setting next_dagrun for hello_airflow to 2026-01-09 09:31:00+00:00, run_after=2026-01-09 09:32:00+00:00
[2026-01-09T09:32:26.694+0000] {processor.py:208} INFO - Processing /opt/airflow/dags/hello_airflow.py took 0.330 seconds
[2026-01-09T09:32:56.982+0000] {processor.py:186} INFO - Started process (PID=1201) to work on /opt/airflow/dags/hello_airflow.py
[2026-01-09T09:32:57.031+0000] {processor.py:914} INFO - Processing file /opt/airflow/dags/hello_airflow.py for tasks to queue
[2026-01-09T09:32:57.038+0000] {logging_mixin.py:190} INFO - [2026-01-09T09:32:57.038+0000] {dagbag.py:588} INFO - Filling up the DagBag from /opt/airflow/dags/hello_airflow.py
[2026-01-09T09:32:57.067+0000] {processor.py:925} INFO - DAG(s) 'hello_airflow' retrieved from /opt/airflow/dags/hello_airflow.py
[2026-01-09T09:32:57.141+0000] {logging_mixin.py:190} INFO - [2026-01-09T09:32:57.140+0000] {dag.py:3239} INFO - Sync 1 DAGs
[2026-01-09T09:32:57.250+0000] {logging_mixin.py:190} INFO - [2026-01-09T09:32:57.249+0000] {dag.py:4180} INFO - Setting next_dagrun for hello_airflow to 2026-01-09 09:31:00+00:00, run_after=2026-01-09 09:32:00+00:00
[2026-01-09T09:32:57.297+0000] {processor.py:208} INFO - Processing /opt/airflow/dags/hello_airflow.py took 0.333 seconds
[2026-01-09T09:33:27.776+0000] {processor.py:186} INFO - Started process (PID=1224) to work on /opt/airflow/dags/hello_airflow.py
[2026-01-09T09:33:27.778+0000] {processor.py:914} INFO - Processing file /opt/airflow/dags/hello_airflow.py for tasks to queue
[2026-01-09T09:33:27.786+0000] {logging_mixin.py:190} INFO - [2026-01-09T09:33:27.785+0000] {dagbag.py:588} INFO - Filling up the DagBag from /opt/airflow/dags/hello_airflow.py
[2026-01-09T09:33:27.815+0000] {processor.py:925} INFO - DAG(s) 'hello_airflow' retrieved from /opt/airflow/dags/hello_airflow.py
[2026-01-09T09:33:27.892+0000] {logging_mixin.py:190} INFO - [2026-01-09T09:33:27.891+0000] {dag.py:3239} INFO - Sync 1 DAGs
[2026-01-09T09:33:27.977+0000] {logging_mixin.py:190} INFO - [2026-01-09T09:33:27.977+0000] {dag.py:4180} INFO - Setting next_dagrun for hello_airflow to 2026-01-09 09:32:00+00:00, run_after=2026-01-09 09:33:00+00:00
[2026-01-09T09:33:28.068+0000] {processor.py:208} INFO - Processing /opt/airflow/dags/hello_airflow.py took 0.313 seconds
[2026-01-09T09:33:58.667+0000] {processor.py:186} INFO - Started process (PID=1247) to work on /opt/airflow/dags/hello_airflow.py
[2026-01-09T09:33:58.670+0000] {processor.py:914} INFO - Processing file /opt/airflow/dags/hello_airflow.py for tasks to queue
[2026-01-09T09:33:58.680+0000] {logging_mixin.py:190} INFO - [2026-01-09T09:33:58.678+0000] {dagbag.py:588} INFO - Filling up the DagBag from /opt/airflow/dags/hello_airflow.py
[2026-01-09T09:33:58.707+0000] {processor.py:925} INFO - DAG(s) 'hello_airflow' retrieved from /opt/airflow/dags/hello_airflow.py
[2026-01-09T09:33:58.776+0000] {logging_mixin.py:190} INFO - [2026-01-09T09:33:58.775+0000] {dag.py:3239} INFO - Sync 1 DAGs
[2026-01-09T09:33:58.856+0000] {logging_mixin.py:190} INFO - [2026-01-09T09:33:58.856+0000] {dag.py:4180} INFO - Setting next_dagrun for hello_airflow to 2026-01-09 09:32:00+00:00, run_after=2026-01-09 09:33:00+00:00
[2026-01-09T09:33:58.960+0000] {processor.py:208} INFO - Processing /opt/airflow/dags/hello_airflow.py took 0.314 seconds
[2026-01-09T09:34:29.344+0000] {processor.py:186} INFO - Started process (PID=1270) to work on /opt/airflow/dags/hello_airflow.py
[2026-01-09T09:34:29.348+0000] {processor.py:914} INFO - Processing file /opt/airflow/dags/hello_airflow.py for tasks to queue
[2026-01-09T09:34:29.359+0000] {logging_mixin.py:190} INFO - [2026-01-09T09:34:29.358+0000] {dagbag.py:588} INFO - Filling up the DagBag from /opt/airflow/dags/hello_airflow.py
[2026-01-09T09:34:29.398+0000] {processor.py:925} INFO - DAG(s) 'hello_airflow' retrieved from /opt/airflow/dags/hello_airflow.py
[2026-01-09T09:34:29.498+0000] {logging_mixin.py:190} INFO - [2026-01-09T09:34:29.496+0000] {dag.py:3239} INFO - Sync 1 DAGs
[2026-01-09T09:34:29.612+0000] {logging_mixin.py:190} INFO - [2026-01-09T09:34:29.611+0000] {dag.py:4180} INFO - Setting next_dagrun for hello_airflow to 2026-01-09 09:33:00+00:00, run_after=2026-01-09 09:34:00+00:00
[2026-01-09T09:34:29.736+0000] {processor.py:208} INFO - Processing /opt/airflow/dags/hello_airflow.py took 0.422 seconds
[2026-01-09T09:35:00.581+0000] {processor.py:186} INFO - Started process (PID=1294) to work on /opt/airflow/dags/hello_airflow.py
[2026-01-09T09:35:00.586+0000] {processor.py:914} INFO - Processing file /opt/airflow/dags/hello_airflow.py for tasks to queue
[2026-01-09T09:35:00.594+0000] {logging_mixin.py:190} INFO - [2026-01-09T09:35:00.593+0000] {dagbag.py:588} INFO - Filling up the DagBag from /opt/airflow/dags/hello_airflow.py
[2026-01-09T09:35:00.635+0000] {processor.py:925} INFO - DAG(s) 'hello_airflow' retrieved from /opt/airflow/dags/hello_airflow.py
[2026-01-09T09:35:00.730+0000] {logging_mixin.py:190} INFO - [2026-01-09T09:35:00.729+0000] {dag.py:3239} INFO - Sync 1 DAGs
[2026-01-09T09:35:00.817+0000] {logging_mixin.py:190} INFO - [2026-01-09T09:35:00.817+0000] {dag.py:4180} INFO - Setting next_dagrun for hello_airflow to 2026-01-09 09:34:00+00:00, run_after=2026-01-09 09:35:00+00:00
[2026-01-09T09:35:00.919+0000] {processor.py:208} INFO - Processing /opt/airflow/dags/hello_airflow.py took 0.367 seconds
[2026-01-09T09:35:31.412+0000] {processor.py:186} INFO - Started process (PID=1317) to work on /opt/airflow/dags/hello_airflow.py
[2026-01-09T09:35:31.418+0000] {processor.py:914} INFO - Processing file /opt/airflow/dags/hello_airflow.py for tasks to queue
[2026-01-09T09:35:31.424+0000] {logging_mixin.py:190} INFO - [2026-01-09T09:35:31.423+0000] {dagbag.py:588} INFO - Filling up the DagBag from /opt/airflow/dags/hello_airflow.py
[2026-01-09T09:35:31.464+0000] {processor.py:925} INFO - DAG(s) 'hello_airflow' retrieved from /opt/airflow/dags/hello_airflow.py
[2026-01-09T09:35:31.534+0000] {logging_mixin.py:190} INFO - [2026-01-09T09:35:31.533+0000] {dag.py:3239} INFO - Sync 1 DAGs
[2026-01-09T09:35:31.683+0000] {logging_mixin.py:190} INFO - [2026-01-09T09:35:31.674+0000] {dag.py:4180} INFO - Setting next_dagrun for hello_airflow to 2026-01-09 09:34:00+00:00, run_after=2026-01-09 09:35:00+00:00
[2026-01-09T09:35:31.820+0000] {processor.py:208} INFO - Processing /opt/airflow/dags/hello_airflow.py took 0.434 seconds
[2026-01-09T09:36:02.123+0000] {processor.py:186} INFO - Started process (PID=1341) to work on /opt/airflow/dags/hello_airflow.py
[2026-01-09T09:36:02.126+0000] {processor.py:914} INFO - Processing file /opt/airflow/dags/hello_airflow.py for tasks to queue
[2026-01-09T09:36:02.135+0000] {logging_mixin.py:190} INFO - [2026-01-09T09:36:02.132+0000] {dagbag.py:588} INFO - Filling up the DagBag from /opt/airflow/dags/hello_airflow.py
[2026-01-09T09:36:02.168+0000] {processor.py:925} INFO - DAG(s) 'hello_airflow' retrieved from /opt/airflow/dags/hello_airflow.py
[2026-01-09T09:36:02.258+0000] {logging_mixin.py:190} INFO - [2026-01-09T09:36:02.257+0000] {dag.py:3239} INFO - Sync 1 DAGs
[2026-01-09T09:36:02.336+0000] {logging_mixin.py:190} INFO - [2026-01-09T09:36:02.335+0000] {dag.py:4180} INFO - Setting next_dagrun for hello_airflow to 2026-01-09 09:35:00+00:00, run_after=2026-01-09 09:36:00+00:00
[2026-01-09T09:36:02.428+0000] {processor.py:208} INFO - Processing /opt/airflow/dags/hello_airflow.py took 0.327 seconds
[2026-01-09T09:36:33.256+0000] {processor.py:186} INFO - Started process (PID=1364) to work on /opt/airflow/dags/hello_airflow.py
[2026-01-09T09:36:33.263+0000] {processor.py:914} INFO - Processing file /opt/airflow/dags/hello_airflow.py for tasks to queue
[2026-01-09T09:36:33.273+0000] {logging_mixin.py:190} INFO - [2026-01-09T09:36:33.272+0000] {dagbag.py:588} INFO - Filling up the DagBag from /opt/airflow/dags/hello_airflow.py
[2026-01-09T09:36:33.318+0000] {processor.py:925} INFO - DAG(s) 'hello_airflow' retrieved from /opt/airflow/dags/hello_airflow.py
[2026-01-09T09:36:33.441+0000] {logging_mixin.py:190} INFO - [2026-01-09T09:36:33.440+0000] {dag.py:3239} INFO - Sync 1 DAGs
[2026-01-09T09:36:33.571+0000] {logging_mixin.py:190} INFO - [2026-01-09T09:36:33.570+0000] {dag.py:4180} INFO - Setting next_dagrun for hello_airflow to 2026-01-09 09:35:00+00:00, run_after=2026-01-09 09:36:00+00:00
[2026-01-09T09:36:33.632+0000] {processor.py:208} INFO - Processing /opt/airflow/dags/hello_airflow.py took 0.405 seconds
[2026-01-09T09:37:03.860+0000] {processor.py:186} INFO - Started process (PID=1388) to work on /opt/airflow/dags/hello_airflow.py
[2026-01-09T09:37:03.864+0000] {processor.py:914} INFO - Processing file /opt/airflow/dags/hello_airflow.py for tasks to queue
[2026-01-09T09:37:03.870+0000] {logging_mixin.py:190} INFO - [2026-01-09T09:37:03.869+0000] {dagbag.py:588} INFO - Filling up the DagBag from /opt/airflow/dags/hello_airflow.py
[2026-01-09T09:37:03.935+0000] {processor.py:925} INFO - DAG(s) 'hello_airflow' retrieved from /opt/airflow/dags/hello_airflow.py
[2026-01-09T09:37:04.054+0000] {logging_mixin.py:190} INFO - [2026-01-09T09:37:04.053+0000] {dag.py:3239} INFO - Sync 1 DAGs
[2026-01-09T09:37:04.183+0000] {logging_mixin.py:190} INFO - [2026-01-09T09:37:04.182+0000] {dag.py:4180} INFO - Setting next_dagrun for hello_airflow to 2026-01-09 09:36:00+00:00, run_after=2026-01-09 09:37:00+00:00
[2026-01-09T09:37:04.286+0000] {processor.py:208} INFO - Processing /opt/airflow/dags/hello_airflow.py took 0.462 seconds
[2026-01-09T09:37:34.929+0000] {processor.py:186} INFO - Started process (PID=1411) to work on /opt/airflow/dags/hello_airflow.py
[2026-01-09T09:37:34.936+0000] {processor.py:914} INFO - Processing file /opt/airflow/dags/hello_airflow.py for tasks to queue
[2026-01-09T09:37:34.942+0000] {logging_mixin.py:190} INFO - [2026-01-09T09:37:34.941+0000] {dagbag.py:588} INFO - Filling up the DagBag from /opt/airflow/dags/hello_airflow.py
[2026-01-09T09:37:34.980+0000] {processor.py:925} INFO - DAG(s) 'hello_airflow' retrieved from /opt/airflow/dags/hello_airflow.py
[2026-01-09T09:37:35.085+0000] {logging_mixin.py:190} INFO - [2026-01-09T09:37:35.084+0000] {dag.py:3239} INFO - Sync 1 DAGs
[2026-01-09T09:37:35.222+0000] {logging_mixin.py:190} INFO - [2026-01-09T09:37:35.222+0000] {dag.py:4180} INFO - Setting next_dagrun for hello_airflow to 2026-01-09 09:36:00+00:00, run_after=2026-01-09 09:37:00+00:00
[2026-01-09T09:37:35.340+0000] {processor.py:208} INFO - Processing /opt/airflow/dags/hello_airflow.py took 0.434 seconds
[2026-01-09T09:38:05.494+0000] {processor.py:186} INFO - Started process (PID=1430) to work on /opt/airflow/dags/hello_airflow.py
[2026-01-09T09:38:05.496+0000] {processor.py:914} INFO - Processing file /opt/airflow/dags/hello_airflow.py for tasks to queue
[2026-01-09T09:38:05.505+0000] {logging_mixin.py:190} INFO - [2026-01-09T09:38:05.504+0000] {dagbag.py:588} INFO - Filling up the DagBag from /opt/airflow/dags/hello_airflow.py
[2026-01-09T09:38:05.546+0000] {processor.py:925} INFO - DAG(s) 'hello_airflow' retrieved from /opt/airflow/dags/hello_airflow.py
[2026-01-09T09:38:05.646+0000] {logging_mixin.py:190} INFO - [2026-01-09T09:38:05.645+0000] {dag.py:3239} INFO - Sync 1 DAGs
[2026-01-09T09:38:05.755+0000] {logging_mixin.py:190} INFO - [2026-01-09T09:38:05.755+0000] {dag.py:4180} INFO - Setting next_dagrun for hello_airflow to 2026-01-09 09:37:00+00:00, run_after=2026-01-09 09:38:00+00:00
[2026-01-09T09:38:05.863+0000] {processor.py:208} INFO - Processing /opt/airflow/dags/hello_airflow.py took 0.391 seconds
[2026-01-09T09:38:36.518+0000] {processor.py:186} INFO - Started process (PID=1452) to work on /opt/airflow/dags/hello_airflow.py
[2026-01-09T09:38:36.522+0000] {processor.py:914} INFO - Processing file /opt/airflow/dags/hello_airflow.py for tasks to queue
[2026-01-09T09:38:36.539+0000] {logging_mixin.py:190} INFO - [2026-01-09T09:38:36.538+0000] {dagbag.py:588} INFO - Filling up the DagBag from /opt/airflow/dags/hello_airflow.py
[2026-01-09T09:38:36.580+0000] {processor.py:925} INFO - DAG(s) 'hello_airflow' retrieved from /opt/airflow/dags/hello_airflow.py
[2026-01-09T09:38:36.658+0000] {logging_mixin.py:190} INFO - [2026-01-09T09:38:36.658+0000] {dag.py:3239} INFO - Sync 1 DAGs
[2026-01-09T09:38:36.788+0000] {logging_mixin.py:190} INFO - [2026-01-09T09:38:36.788+0000] {dag.py:4180} INFO - Setting next_dagrun for hello_airflow to 2026-01-09 09:37:00+00:00, run_after=2026-01-09 09:38:00+00:00
[2026-01-09T09:38:36.904+0000] {processor.py:208} INFO - Processing /opt/airflow/dags/hello_airflow.py took 0.412 seconds
[2026-01-09T09:39:08.748+0000] {processor.py:186} INFO - Started process (PID=1474) to work on /opt/airflow/dags/hello_airflow.py
[2026-01-09T09:39:08.751+0000] {processor.py:914} INFO - Processing file /opt/airflow/dags/hello_airflow.py for tasks to queue
[2026-01-09T09:39:08.759+0000] {logging_mixin.py:190} INFO - [2026-01-09T09:39:08.758+0000] {dagbag.py:588} INFO - Filling up the DagBag from /opt/airflow/dags/hello_airflow.py
[2026-01-09T09:39:08.791+0000] {processor.py:925} INFO - DAG(s) 'hello_airflow' retrieved from /opt/airflow/dags/hello_airflow.py
[2026-01-09T09:39:08.867+0000] {logging_mixin.py:190} INFO - [2026-01-09T09:39:08.866+0000] {dag.py:3239} INFO - Sync 1 DAGs
[2026-01-09T09:39:08.959+0000] {logging_mixin.py:190} INFO - [2026-01-09T09:39:08.959+0000] {dag.py:4180} INFO - Setting next_dagrun for hello_airflow to 2026-01-09 09:38:00+00:00, run_after=2026-01-09 09:39:00+00:00
[2026-01-09T09:39:09.026+0000] {processor.py:208} INFO - Processing /opt/airflow/dags/hello_airflow.py took 0.298 seconds
[2026-01-09T09:39:40.453+0000] {processor.py:186} INFO - Started process (PID=1497) to work on /opt/airflow/dags/hello_airflow.py
[2026-01-09T09:39:40.457+0000] {processor.py:914} INFO - Processing file /opt/airflow/dags/hello_airflow.py for tasks to queue
[2026-01-09T09:39:40.465+0000] {logging_mixin.py:190} INFO - [2026-01-09T09:39:40.464+0000] {dagbag.py:588} INFO - Filling up the DagBag from /opt/airflow/dags/hello_airflow.py
[2026-01-09T09:39:40.499+0000] {processor.py:925} INFO - DAG(s) 'hello_airflow' retrieved from /opt/airflow/dags/hello_airflow.py
[2026-01-09T09:39:40.565+0000] {logging_mixin.py:190} INFO - [2026-01-09T09:39:40.565+0000] {dag.py:3239} INFO - Sync 1 DAGs
[2026-01-09T09:39:40.645+0000] {logging_mixin.py:190} INFO - [2026-01-09T09:39:40.644+0000] {dag.py:4180} INFO - Setting next_dagrun for hello_airflow to 2026-01-09 09:38:00+00:00, run_after=2026-01-09 09:39:00+00:00
[2026-01-09T09:39:40.743+0000] {processor.py:208} INFO - Processing /opt/airflow/dags/hello_airflow.py took 0.310 seconds
[2026-01-09T09:40:12.714+0000] {processor.py:186} INFO - Started process (PID=1526) to work on /opt/airflow/dags/hello_airflow.py
[2026-01-09T09:40:12.717+0000] {processor.py:914} INFO - Processing file /opt/airflow/dags/hello_airflow.py for tasks to queue
[2026-01-09T09:40:12.729+0000] {logging_mixin.py:190} INFO - [2026-01-09T09:40:12.728+0000] {dagbag.py:588} INFO - Filling up the DagBag from /opt/airflow/dags/hello_airflow.py
[2026-01-09T09:40:12.763+0000] {processor.py:925} INFO - DAG(s) 'hello_airflow' retrieved from /opt/airflow/dags/hello_airflow.py
[2026-01-09T09:40:12.832+0000] {logging_mixin.py:190} INFO - [2026-01-09T09:40:12.832+0000] {dag.py:3239} INFO - Sync 1 DAGs
[2026-01-09T09:40:12.955+0000] {logging_mixin.py:190} INFO - [2026-01-09T09:40:12.954+0000] {dag.py:4180} INFO - Setting next_dagrun for hello_airflow to 2026-01-09 09:39:00+00:00, run_after=2026-01-09 09:40:00+00:00
[2026-01-09T09:40:13.020+0000] {processor.py:208} INFO - Processing /opt/airflow/dags/hello_airflow.py took 0.325 seconds
[2026-01-09T09:40:44.849+0000] {processor.py:186} INFO - Started process (PID=1549) to work on /opt/airflow/dags/hello_airflow.py
[2026-01-09T09:40:44.851+0000] {processor.py:914} INFO - Processing file /opt/airflow/dags/hello_airflow.py for tasks to queue
[2026-01-09T09:40:44.862+0000] {logging_mixin.py:190} INFO - [2026-01-09T09:40:44.858+0000] {dagbag.py:588} INFO - Filling up the DagBag from /opt/airflow/dags/hello_airflow.py
[2026-01-09T09:40:44.902+0000] {processor.py:925} INFO - DAG(s) 'hello_airflow' retrieved from /opt/airflow/dags/hello_airflow.py
[2026-01-09T09:40:44.994+0000] {logging_mixin.py:190} INFO - [2026-01-09T09:40:44.993+0000] {dag.py:3239} INFO - Sync 1 DAGs
[2026-01-09T09:40:45.111+0000] {logging_mixin.py:190} INFO - [2026-01-09T09:40:45.109+0000] {dag.py:4180} INFO - Setting next_dagrun for hello_airflow to 2026-01-09 09:39:00+00:00, run_after=2026-01-09 09:40:00+00:00
[2026-01-09T09:40:45.172+0000] {processor.py:208} INFO - Processing /opt/airflow/dags/hello_airflow.py took 0.352 seconds
[2026-01-09T09:41:15.769+0000] {processor.py:186} INFO - Started process (PID=1570) to work on /opt/airflow/dags/hello_airflow.py
[2026-01-09T09:41:15.774+0000] {processor.py:914} INFO - Processing file /opt/airflow/dags/hello_airflow.py for tasks to queue
[2026-01-09T09:41:15.786+0000] {logging_mixin.py:190} INFO - [2026-01-09T09:41:15.785+0000] {dagbag.py:588} INFO - Filling up the DagBag from /opt/airflow/dags/hello_airflow.py
[2026-01-09T09:41:15.824+0000] {processor.py:925} INFO - DAG(s) 'hello_airflow' retrieved from /opt/airflow/dags/hello_airflow.py
[2026-01-09T09:41:15.907+0000] {logging_mixin.py:190} INFO - [2026-01-09T09:41:15.907+0000] {dag.py:3239} INFO - Sync 1 DAGs
[2026-01-09T09:41:15.977+0000] {logging_mixin.py:190} INFO - [2026-01-09T09:41:15.976+0000] {dag.py:4180} INFO - Setting next_dagrun for hello_airflow to 2026-01-09 09:40:00+00:00, run_after=2026-01-09 09:41:00+00:00
[2026-01-09T09:41:16.074+0000] {processor.py:208} INFO - Processing /opt/airflow/dags/hello_airflow.py took 0.332 seconds
[2026-01-09T09:41:46.501+0000] {processor.py:186} INFO - Started process (PID=1590) to work on /opt/airflow/dags/hello_airflow.py
[2026-01-09T09:41:46.503+0000] {processor.py:914} INFO - Processing file /opt/airflow/dags/hello_airflow.py for tasks to queue
[2026-01-09T09:41:46.508+0000] {logging_mixin.py:190} INFO - [2026-01-09T09:41:46.507+0000] {dagbag.py:588} INFO - Filling up the DagBag from /opt/airflow/dags/hello_airflow.py
[2026-01-09T09:41:46.530+0000] {processor.py:925} INFO - DAG(s) 'hello_airflow' retrieved from /opt/airflow/dags/hello_airflow.py
[2026-01-09T09:41:46.663+0000] {logging_mixin.py:190} INFO - [2026-01-09T09:41:46.663+0000] {dag.py:3239} INFO - Sync 1 DAGs
[2026-01-09T09:41:46.789+0000] {logging_mixin.py:190} INFO - [2026-01-09T09:41:46.789+0000] {dag.py:4180} INFO - Setting next_dagrun for hello_airflow to 2026-01-09 09:40:00+00:00, run_after=2026-01-09 09:41:00+00:00
[2026-01-09T09:41:46.875+0000] {processor.py:208} INFO - Processing /opt/airflow/dags/hello_airflow.py took 0.388 seconds
[2026-01-09T09:42:17.096+0000] {processor.py:186} INFO - Started process (PID=1610) to work on /opt/airflow/dags/hello_airflow.py
[2026-01-09T09:42:17.143+0000] {processor.py:914} INFO - Processing file /opt/airflow/dags/hello_airflow.py for tasks to queue
[2026-01-09T09:42:17.151+0000] {logging_mixin.py:190} INFO - [2026-01-09T09:42:17.150+0000] {dagbag.py:588} INFO - Filling up the DagBag from /opt/airflow/dags/hello_airflow.py
[2026-01-09T09:42:17.191+0000] {processor.py:925} INFO - DAG(s) 'hello_airflow' retrieved from /opt/airflow/dags/hello_airflow.py
[2026-01-09T09:42:17.398+0000] {logging_mixin.py:190} INFO - [2026-01-09T09:42:17.393+0000] {dag.py:3239} INFO - Sync 1 DAGs
[2026-01-09T09:42:17.499+0000] {logging_mixin.py:190} INFO - [2026-01-09T09:42:17.498+0000] {dag.py:4180} INFO - Setting next_dagrun for hello_airflow to 2026-01-09 09:41:00+00:00, run_after=2026-01-09 09:42:00+00:00
[2026-01-09T09:42:17.579+0000] {processor.py:208} INFO - Processing /opt/airflow/dags/hello_airflow.py took 0.510 seconds
[2026-01-09T09:42:48.486+0000] {processor.py:186} INFO - Started process (PID=1634) to work on /opt/airflow/dags/hello_airflow.py
[2026-01-09T09:42:48.490+0000] {processor.py:914} INFO - Processing file /opt/airflow/dags/hello_airflow.py for tasks to queue
[2026-01-09T09:42:48.506+0000] {logging_mixin.py:190} INFO - [2026-01-09T09:42:48.504+0000] {dagbag.py:588} INFO - Filling up the DagBag from /opt/airflow/dags/hello_airflow.py
[2026-01-09T09:42:48.550+0000] {processor.py:925} INFO - DAG(s) 'hello_airflow' retrieved from /opt/airflow/dags/hello_airflow.py
[2026-01-09T09:42:48.655+0000] {logging_mixin.py:190} INFO - [2026-01-09T09:42:48.654+0000] {dag.py:3239} INFO - Sync 1 DAGs
[2026-01-09T09:42:48.786+0000] {logging_mixin.py:190} INFO - [2026-01-09T09:42:48.783+0000] {dag.py:4180} INFO - Setting next_dagrun for hello_airflow to 2026-01-09 09:41:00+00:00, run_after=2026-01-09 09:42:00+00:00
[2026-01-09T09:42:48.902+0000] {processor.py:208} INFO - Processing /opt/airflow/dags/hello_airflow.py took 0.438 seconds
[2026-01-09T09:43:19.208+0000] {processor.py:186} INFO - Started process (PID=1657) to work on /opt/airflow/dags/hello_airflow.py
[2026-01-09T09:43:19.210+0000] {processor.py:914} INFO - Processing file /opt/airflow/dags/hello_airflow.py for tasks to queue
[2026-01-09T09:43:19.218+0000] {logging_mixin.py:190} INFO - [2026-01-09T09:43:19.217+0000] {dagbag.py:588} INFO - Filling up the DagBag from /opt/airflow/dags/hello_airflow.py
[2026-01-09T09:43:19.264+0000] {processor.py:925} INFO - DAG(s) 'hello_airflow' retrieved from /opt/airflow/dags/hello_airflow.py
[2026-01-09T09:43:19.348+0000] {logging_mixin.py:190} INFO - [2026-01-09T09:43:19.347+0000] {dag.py:3239} INFO - Sync 1 DAGs
[2026-01-09T09:43:19.570+0000] {logging_mixin.py:190} INFO - [2026-01-09T09:43:19.569+0000] {dag.py:4180} INFO - Setting next_dagrun for hello_airflow to 2026-01-09 09:42:00+00:00, run_after=2026-01-09 09:43:00+00:00
[2026-01-09T09:43:19.675+0000] {processor.py:208} INFO - Processing /opt/airflow/dags/hello_airflow.py took 0.495 seconds
[2026-01-09T09:43:50.364+0000] {processor.py:186} INFO - Started process (PID=1678) to work on /opt/airflow/dags/hello_airflow.py
[2026-01-09T09:43:50.370+0000] {processor.py:914} INFO - Processing file /opt/airflow/dags/hello_airflow.py for tasks to queue
[2026-01-09T09:43:50.378+0000] {logging_mixin.py:190} INFO - [2026-01-09T09:43:50.376+0000] {dagbag.py:588} INFO - Filling up the DagBag from /opt/airflow/dags/hello_airflow.py
[2026-01-09T09:43:50.464+0000] {processor.py:925} INFO - DAG(s) 'hello_airflow' retrieved from /opt/airflow/dags/hello_airflow.py
[2026-01-09T09:43:50.660+0000] {logging_mixin.py:190} INFO - [2026-01-09T09:43:50.660+0000] {dag.py:3239} INFO - Sync 1 DAGs
[2026-01-09T09:43:50.779+0000] {logging_mixin.py:190} INFO - [2026-01-09T09:43:50.779+0000] {dag.py:4180} INFO - Setting next_dagrun for hello_airflow to 2026-01-09 09:42:00+00:00, run_after=2026-01-09 09:43:00+00:00
[2026-01-09T09:43:50.858+0000] {processor.py:208} INFO - Processing /opt/airflow/dags/hello_airflow.py took 0.523 seconds
[2026-01-09T09:44:21.532+0000] {processor.py:186} INFO - Started process (PID=1701) to work on /opt/airflow/dags/hello_airflow.py
[2026-01-09T09:44:21.540+0000] {processor.py:914} INFO - Processing file /opt/airflow/dags/hello_airflow.py for tasks to queue
[2026-01-09T09:44:21.555+0000] {logging_mixin.py:190} INFO - [2026-01-09T09:44:21.552+0000] {dagbag.py:588} INFO - Filling up the DagBag from /opt/airflow/dags/hello_airflow.py
[2026-01-09T09:44:21.609+0000] {processor.py:925} INFO - DAG(s) 'hello_airflow' retrieved from /opt/airflow/dags/hello_airflow.py
[2026-01-09T09:44:21.707+0000] {logging_mixin.py:190} INFO - [2026-01-09T09:44:21.706+0000] {dag.py:3239} INFO - Sync 1 DAGs
[2026-01-09T09:44:21.809+0000] {logging_mixin.py:190} INFO - [2026-01-09T09:44:21.808+0000] {dag.py:4180} INFO - Setting next_dagrun for hello_airflow to 2026-01-09 09:43:00+00:00, run_after=2026-01-09 09:44:00+00:00
[2026-01-09T09:44:21.856+0000] {processor.py:208} INFO - Processing /opt/airflow/dags/hello_airflow.py took 0.368 seconds
[2026-01-09T09:44:52.172+0000] {processor.py:186} INFO - Started process (PID=1723) to work on /opt/airflow/dags/hello_airflow.py
[2026-01-09T09:44:52.178+0000] {processor.py:914} INFO - Processing file /opt/airflow/dags/hello_airflow.py for tasks to queue
[2026-01-09T09:44:52.184+0000] {logging_mixin.py:190} INFO - [2026-01-09T09:44:52.183+0000] {dagbag.py:588} INFO - Filling up the DagBag from /opt/airflow/dags/hello_airflow.py
[2026-01-09T09:44:52.221+0000] {processor.py:925} INFO - DAG(s) 'hello_airflow' retrieved from /opt/airflow/dags/hello_airflow.py
[2026-01-09T09:44:52.311+0000] {logging_mixin.py:190} INFO - [2026-01-09T09:44:52.311+0000] {dag.py:3239} INFO - Sync 1 DAGs
[2026-01-09T09:44:52.408+0000] {logging_mixin.py:190} INFO - [2026-01-09T09:44:52.407+0000] {dag.py:4180} INFO - Setting next_dagrun for hello_airflow to 2026-01-09 09:43:00+00:00, run_after=2026-01-09 09:44:00+00:00
[2026-01-09T09:44:52.514+0000] {processor.py:208} INFO - Processing /opt/airflow/dags/hello_airflow.py took 0.368 seconds
[2026-01-09T09:45:22.675+0000] {processor.py:186} INFO - Started process (PID=1747) to work on /opt/airflow/dags/hello_airflow.py
[2026-01-09T09:45:22.683+0000] {processor.py:914} INFO - Processing file /opt/airflow/dags/hello_airflow.py for tasks to queue
[2026-01-09T09:45:22.691+0000] {logging_mixin.py:190} INFO - [2026-01-09T09:45:22.690+0000] {dagbag.py:588} INFO - Filling up the DagBag from /opt/airflow/dags/hello_airflow.py
[2026-01-09T09:45:22.741+0000] {processor.py:925} INFO - DAG(s) 'hello_airflow' retrieved from /opt/airflow/dags/hello_airflow.py
[2026-01-09T09:45:22.857+0000] {logging_mixin.py:190} INFO - [2026-01-09T09:45:22.856+0000] {dag.py:3239} INFO - Sync 1 DAGs
[2026-01-09T09:45:22.987+0000] {logging_mixin.py:190} INFO - [2026-01-09T09:45:22.987+0000] {dag.py:4180} INFO - Setting next_dagrun for hello_airflow to 2026-01-09 09:44:00+00:00, run_after=2026-01-09 09:45:00+00:00
[2026-01-09T09:45:23.107+0000] {processor.py:208} INFO - Processing /opt/airflow/dags/hello_airflow.py took 0.464 seconds
[2026-01-09T09:45:53.902+0000] {processor.py:186} INFO - Started process (PID=1770) to work on /opt/airflow/dags/hello_airflow.py
[2026-01-09T09:45:53.908+0000] {processor.py:914} INFO - Processing file /opt/airflow/dags/hello_airflow.py for tasks to queue
[2026-01-09T09:45:53.923+0000] {logging_mixin.py:190} INFO - [2026-01-09T09:45:53.921+0000] {dagbag.py:588} INFO - Filling up the DagBag from /opt/airflow/dags/hello_airflow.py
[2026-01-09T09:45:53.981+0000] {processor.py:925} INFO - DAG(s) 'hello_airflow' retrieved from /opt/airflow/dags/hello_airflow.py
[2026-01-09T09:45:54.071+0000] {logging_mixin.py:190} INFO - [2026-01-09T09:45:54.070+0000] {dag.py:3239} INFO - Sync 1 DAGs
[2026-01-09T09:45:54.175+0000] {logging_mixin.py:190} INFO - [2026-01-09T09:45:54.174+0000] {dag.py:4180} INFO - Setting next_dagrun for hello_airflow to 2026-01-09 09:44:00+00:00, run_after=2026-01-09 09:45:00+00:00
[2026-01-09T09:45:54.274+0000] {processor.py:208} INFO - Processing /opt/airflow/dags/hello_airflow.py took 0.397 seconds
[2026-01-09T09:46:24.624+0000] {processor.py:186} INFO - Started process (PID=1793) to work on /opt/airflow/dags/hello_airflow.py
[2026-01-09T09:46:24.630+0000] {processor.py:914} INFO - Processing file /opt/airflow/dags/hello_airflow.py for tasks to queue
[2026-01-09T09:46:24.642+0000] {logging_mixin.py:190} INFO - [2026-01-09T09:46:24.640+0000] {dagbag.py:588} INFO - Filling up the DagBag from /opt/airflow/dags/hello_airflow.py
[2026-01-09T09:46:24.695+0000] {processor.py:925} INFO - DAG(s) 'hello_airflow' retrieved from /opt/airflow/dags/hello_airflow.py
[2026-01-09T09:46:24.820+0000] {logging_mixin.py:190} INFO - [2026-01-09T09:46:24.819+0000] {dag.py:3239} INFO - Sync 1 DAGs
[2026-01-09T09:46:25.038+0000] {logging_mixin.py:190} INFO - [2026-01-09T09:46:25.036+0000] {dag.py:4180} INFO - Setting next_dagrun for hello_airflow to 2026-01-09 09:45:00+00:00, run_after=2026-01-09 09:46:00+00:00
[2026-01-09T09:46:25.186+0000] {processor.py:208} INFO - Processing /opt/airflow/dags/hello_airflow.py took 0.604 seconds
[2026-01-09T09:46:55.482+0000] {processor.py:186} INFO - Started process (PID=1816) to work on /opt/airflow/dags/hello_airflow.py
[2026-01-09T09:46:55.485+0000] {processor.py:914} INFO - Processing file /opt/airflow/dags/hello_airflow.py for tasks to queue
[2026-01-09T09:46:55.493+0000] {logging_mixin.py:190} INFO - [2026-01-09T09:46:55.492+0000] {dagbag.py:588} INFO - Filling up the DagBag from /opt/airflow/dags/hello_airflow.py
[2026-01-09T09:46:55.531+0000] {processor.py:925} INFO - DAG(s) 'hello_airflow' retrieved from /opt/airflow/dags/hello_airflow.py
[2026-01-09T09:46:55.605+0000] {logging_mixin.py:190} INFO - [2026-01-09T09:46:55.604+0000] {dag.py:3239} INFO - Sync 1 DAGs
[2026-01-09T09:46:55.692+0000] {logging_mixin.py:190} INFO - [2026-01-09T09:46:55.692+0000] {dag.py:4180} INFO - Setting next_dagrun for hello_airflow to 2026-01-09 09:45:00+00:00, run_after=2026-01-09 09:46:00+00:00
[2026-01-09T09:46:55.818+0000] {processor.py:208} INFO - Processing /opt/airflow/dags/hello_airflow.py took 0.355 seconds
[2026-01-09T09:47:25.928+0000] {processor.py:186} INFO - Started process (PID=1839) to work on /opt/airflow/dags/hello_airflow.py
[2026-01-09T09:47:25.935+0000] {processor.py:914} INFO - Processing file /opt/airflow/dags/hello_airflow.py for tasks to queue
[2026-01-09T09:47:25.946+0000] {logging_mixin.py:190} INFO - [2026-01-09T09:47:25.945+0000] {dagbag.py:588} INFO - Filling up the DagBag from /opt/airflow/dags/hello_airflow.py
[2026-01-09T09:47:25.987+0000] {processor.py:925} INFO - DAG(s) 'hello_airflow' retrieved from /opt/airflow/dags/hello_airflow.py
[2026-01-09T09:47:26.062+0000] {logging_mixin.py:190} INFO - [2026-01-09T09:47:26.061+0000] {dag.py:3239} INFO - Sync 1 DAGs
[2026-01-09T09:47:26.158+0000] {logging_mixin.py:190} INFO - [2026-01-09T09:47:26.157+0000] {dag.py:4180} INFO - Setting next_dagrun for hello_airflow to 2026-01-09 09:46:00+00:00, run_after=2026-01-09 09:47:00+00:00
[2026-01-09T09:47:26.260+0000] {processor.py:208} INFO - Processing /opt/airflow/dags/hello_airflow.py took 0.363 seconds
[2026-01-09T09:47:56.671+0000] {processor.py:186} INFO - Started process (PID=1862) to work on /opt/airflow/dags/hello_airflow.py
[2026-01-09T09:47:56.674+0000] {processor.py:914} INFO - Processing file /opt/airflow/dags/hello_airflow.py for tasks to queue
[2026-01-09T09:47:56.688+0000] {logging_mixin.py:190} INFO - [2026-01-09T09:47:56.686+0000] {dagbag.py:588} INFO - Filling up the DagBag from /opt/airflow/dags/hello_airflow.py
[2026-01-09T09:47:56.727+0000] {processor.py:925} INFO - DAG(s) 'hello_airflow' retrieved from /opt/airflow/dags/hello_airflow.py
[2026-01-09T09:47:56.796+0000] {logging_mixin.py:190} INFO - [2026-01-09T09:47:56.795+0000] {dag.py:3239} INFO - Sync 1 DAGs
[2026-01-09T09:47:56.880+0000] {logging_mixin.py:190} INFO - [2026-01-09T09:47:56.879+0000] {dag.py:4180} INFO - Setting next_dagrun for hello_airflow to 2026-01-09 09:46:00+00:00, run_after=2026-01-09 09:47:00+00:00
[2026-01-09T09:47:57.012+0000] {processor.py:208} INFO - Processing /opt/airflow/dags/hello_airflow.py took 0.380 seconds
[2026-01-09T09:48:27.809+0000] {processor.py:186} INFO - Started process (PID=1885) to work on /opt/airflow/dags/hello_airflow.py
[2026-01-09T09:48:27.813+0000] {processor.py:914} INFO - Processing file /opt/airflow/dags/hello_airflow.py for tasks to queue
[2026-01-09T09:48:27.829+0000] {logging_mixin.py:190} INFO - [2026-01-09T09:48:27.828+0000] {dagbag.py:588} INFO - Filling up the DagBag from /opt/airflow/dags/hello_airflow.py
[2026-01-09T09:48:27.872+0000] {processor.py:925} INFO - DAG(s) 'hello_airflow' retrieved from /opt/airflow/dags/hello_airflow.py
[2026-01-09T09:48:27.956+0000] {logging_mixin.py:190} INFO - [2026-01-09T09:48:27.956+0000] {dag.py:3239} INFO - Sync 1 DAGs
[2026-01-09T09:48:28.057+0000] {logging_mixin.py:190} INFO - [2026-01-09T09:48:28.057+0000] {dag.py:4180} INFO - Setting next_dagrun for hello_airflow to 2026-01-09 09:47:00+00:00, run_after=2026-01-09 09:48:00+00:00
[2026-01-09T09:48:28.164+0000] {processor.py:208} INFO - Processing /opt/airflow/dags/hello_airflow.py took 0.378 seconds
[2026-01-09T09:48:58.492+0000] {processor.py:186} INFO - Started process (PID=1909) to work on /opt/airflow/dags/hello_airflow.py
[2026-01-09T09:48:58.495+0000] {processor.py:914} INFO - Processing file /opt/airflow/dags/hello_airflow.py for tasks to queue
[2026-01-09T09:48:58.504+0000] {logging_mixin.py:190} INFO - [2026-01-09T09:48:58.502+0000] {dagbag.py:588} INFO - Filling up the DagBag from /opt/airflow/dags/hello_airflow.py
[2026-01-09T09:48:58.548+0000] {processor.py:925} INFO - DAG(s) 'hello_airflow' retrieved from /opt/airflow/dags/hello_airflow.py
[2026-01-09T09:48:58.641+0000] {logging_mixin.py:190} INFO - [2026-01-09T09:48:58.640+0000] {dag.py:3239} INFO - Sync 1 DAGs
[2026-01-09T09:48:58.751+0000] {logging_mixin.py:190} INFO - [2026-01-09T09:48:58.751+0000] {dag.py:4180} INFO - Setting next_dagrun for hello_airflow to 2026-01-09 09:47:00+00:00, run_after=2026-01-09 09:48:00+00:00
[2026-01-09T09:48:58.866+0000] {processor.py:208} INFO - Processing /opt/airflow/dags/hello_airflow.py took 0.403 seconds
[2026-01-09T09:49:29.157+0000] {processor.py:186} INFO - Started process (PID=1932) to work on /opt/airflow/dags/hello_airflow.py
[2026-01-09T09:49:29.161+0000] {processor.py:914} INFO - Processing file /opt/airflow/dags/hello_airflow.py for tasks to queue
[2026-01-09T09:49:29.178+0000] {logging_mixin.py:190} INFO - [2026-01-09T09:49:29.177+0000] {dagbag.py:588} INFO - Filling up the DagBag from /opt/airflow/dags/hello_airflow.py
[2026-01-09T09:49:29.217+0000] {processor.py:925} INFO - DAG(s) 'hello_airflow' retrieved from /opt/airflow/dags/hello_airflow.py
[2026-01-09T09:49:29.334+0000] {logging_mixin.py:190} INFO - [2026-01-09T09:49:29.333+0000] {dag.py:3239} INFO - Sync 1 DAGs
[2026-01-09T09:49:29.435+0000] {logging_mixin.py:190} INFO - [2026-01-09T09:49:29.435+0000] {dag.py:4180} INFO - Setting next_dagrun for hello_airflow to 2026-01-09 09:48:00+00:00, run_after=2026-01-09 09:49:00+00:00
[2026-01-09T09:49:29.543+0000] {processor.py:208} INFO - Processing /opt/airflow/dags/hello_airflow.py took 0.414 seconds
[2026-01-09T09:49:59.673+0000] {processor.py:186} INFO - Started process (PID=1952) to work on /opt/airflow/dags/hello_airflow.py
[2026-01-09T09:49:59.677+0000] {processor.py:914} INFO - Processing file /opt/airflow/dags/hello_airflow.py for tasks to queue
[2026-01-09T09:49:59.685+0000] {logging_mixin.py:190} INFO - [2026-01-09T09:49:59.684+0000] {dagbag.py:588} INFO - Filling up the DagBag from /opt/airflow/dags/hello_airflow.py
[2026-01-09T09:49:59.720+0000] {processor.py:925} INFO - DAG(s) 'hello_airflow' retrieved from /opt/airflow/dags/hello_airflow.py
[2026-01-09T09:49:59.804+0000] {logging_mixin.py:190} INFO - [2026-01-09T09:49:59.803+0000] {dag.py:3239} INFO - Sync 1 DAGs
[2026-01-09T09:49:59.940+0000] {logging_mixin.py:190} INFO - [2026-01-09T09:49:59.940+0000] {dag.py:4180} INFO - Setting next_dagrun for hello_airflow to 2026-01-09 09:48:00+00:00, run_after=2026-01-09 09:49:00+00:00
[2026-01-09T09:50:00.055+0000] {processor.py:208} INFO - Processing /opt/airflow/dags/hello_airflow.py took 0.410 seconds
[2026-01-09T09:50:30.307+0000] {processor.py:186} INFO - Started process (PID=1974) to work on /opt/airflow/dags/hello_airflow.py
[2026-01-09T09:50:30.310+0000] {processor.py:914} INFO - Processing file /opt/airflow/dags/hello_airflow.py for tasks to queue
[2026-01-09T09:50:30.319+0000] {logging_mixin.py:190} INFO - [2026-01-09T09:50:30.318+0000] {dagbag.py:588} INFO - Filling up the DagBag from /opt/airflow/dags/hello_airflow.py
[2026-01-09T09:50:30.364+0000] {processor.py:925} INFO - DAG(s) 'hello_airflow' retrieved from /opt/airflow/dags/hello_airflow.py
[2026-01-09T09:50:30.440+0000] {logging_mixin.py:190} INFO - [2026-01-09T09:50:30.439+0000] {dag.py:3239} INFO - Sync 1 DAGs
[2026-01-09T09:50:30.522+0000] {logging_mixin.py:190} INFO - [2026-01-09T09:50:30.522+0000] {dag.py:4180} INFO - Setting next_dagrun for hello_airflow to 2026-01-09 09:49:00+00:00, run_after=2026-01-09 09:50:00+00:00
[2026-01-09T09:50:30.619+0000] {processor.py:208} INFO - Processing /opt/airflow/dags/hello_airflow.py took 0.344 seconds
[2026-01-09T09:51:01.755+0000] {processor.py:186} INFO - Started process (PID=1997) to work on /opt/airflow/dags/hello_airflow.py
[2026-01-09T09:51:01.761+0000] {processor.py:914} INFO - Processing file /opt/airflow/dags/hello_airflow.py for tasks to queue
[2026-01-09T09:51:01.770+0000] {logging_mixin.py:190} INFO - [2026-01-09T09:51:01.769+0000] {dagbag.py:588} INFO - Filling up the DagBag from /opt/airflow/dags/hello_airflow.py
[2026-01-09T09:51:01.815+0000] {processor.py:925} INFO - DAG(s) 'hello_airflow' retrieved from /opt/airflow/dags/hello_airflow.py
[2026-01-09T09:51:01.951+0000] {logging_mixin.py:190} INFO - [2026-01-09T09:51:01.950+0000] {dag.py:3239} INFO - Sync 1 DAGs
[2026-01-09T09:51:02.082+0000] {logging_mixin.py:190} INFO - [2026-01-09T09:51:02.082+0000] {dag.py:4180} INFO - Setting next_dagrun for hello_airflow to 2026-01-09 09:50:00+00:00, run_after=2026-01-09 09:51:00+00:00
[2026-01-09T09:51:02.198+0000] {processor.py:208} INFO - Processing /opt/airflow/dags/hello_airflow.py took 0.470 seconds
[2026-01-09T09:51:32.344+0000] {processor.py:186} INFO - Started process (PID=2018) to work on /opt/airflow/dags/hello_airflow.py
[2026-01-09T09:51:32.347+0000] {processor.py:914} INFO - Processing file /opt/airflow/dags/hello_airflow.py for tasks to queue
[2026-01-09T09:51:32.359+0000] {logging_mixin.py:190} INFO - [2026-01-09T09:51:32.357+0000] {dagbag.py:588} INFO - Filling up the DagBag from /opt/airflow/dags/hello_airflow.py
[2026-01-09T09:51:32.401+0000] {processor.py:925} INFO - DAG(s) 'hello_airflow' retrieved from /opt/airflow/dags/hello_airflow.py
[2026-01-09T09:51:32.507+0000] {logging_mixin.py:190} INFO - [2026-01-09T09:51:32.506+0000] {dag.py:3239} INFO - Sync 1 DAGs
[2026-01-09T09:51:32.614+0000] {logging_mixin.py:190} INFO - [2026-01-09T09:51:32.613+0000] {dag.py:4180} INFO - Setting next_dagrun for hello_airflow to 2026-01-09 09:50:00+00:00, run_after=2026-01-09 09:51:00+00:00
[2026-01-09T09:51:32.746+0000] {processor.py:208} INFO - Processing /opt/airflow/dags/hello_airflow.py took 0.431 seconds
[2026-01-09T09:52:03.314+0000] {processor.py:186} INFO - Started process (PID=2038) to work on /opt/airflow/dags/hello_airflow.py
[2026-01-09T09:52:03.317+0000] {processor.py:914} INFO - Processing file /opt/airflow/dags/hello_airflow.py for tasks to queue
[2026-01-09T09:52:03.328+0000] {logging_mixin.py:190} INFO - [2026-01-09T09:52:03.328+0000] {dagbag.py:588} INFO - Filling up the DagBag from /opt/airflow/dags/hello_airflow.py
[2026-01-09T09:52:03.367+0000] {processor.py:925} INFO - DAG(s) 'hello_airflow' retrieved from /opt/airflow/dags/hello_airflow.py
[2026-01-09T09:52:03.447+0000] {logging_mixin.py:190} INFO - [2026-01-09T09:52:03.446+0000] {dag.py:3239} INFO - Sync 1 DAGs
[2026-01-09T09:52:03.527+0000] {logging_mixin.py:190} INFO - [2026-01-09T09:52:03.527+0000] {dag.py:4180} INFO - Setting next_dagrun for hello_airflow to 2026-01-09 09:51:00+00:00, run_after=2026-01-09 09:52:00+00:00
[2026-01-09T09:52:03.595+0000] {processor.py:208} INFO - Processing /opt/airflow/dags/hello_airflow.py took 0.304 seconds
[2026-01-09T09:52:34.023+0000] {processor.py:186} INFO - Started process (PID=2060) to work on /opt/airflow/dags/hello_airflow.py
[2026-01-09T09:52:34.030+0000] {processor.py:914} INFO - Processing file /opt/airflow/dags/hello_airflow.py for tasks to queue
[2026-01-09T09:52:34.040+0000] {logging_mixin.py:190} INFO - [2026-01-09T09:52:34.039+0000] {dagbag.py:588} INFO - Filling up the DagBag from /opt/airflow/dags/hello_airflow.py
[2026-01-09T09:52:34.082+0000] {processor.py:925} INFO - DAG(s) 'hello_airflow' retrieved from /opt/airflow/dags/hello_airflow.py
[2026-01-09T09:52:34.168+0000] {logging_mixin.py:190} INFO - [2026-01-09T09:52:34.167+0000] {dag.py:3239} INFO - Sync 1 DAGs
[2026-01-09T09:52:34.281+0000] {logging_mixin.py:190} INFO - [2026-01-09T09:52:34.280+0000] {dag.py:4180} INFO - Setting next_dagrun for hello_airflow to 2026-01-09 09:51:00+00:00, run_after=2026-01-09 09:52:00+00:00
[2026-01-09T09:52:34.349+0000] {processor.py:208} INFO - Processing /opt/airflow/dags/hello_airflow.py took 0.362 seconds
[2026-01-09T09:53:04.488+0000] {processor.py:186} INFO - Started process (PID=2081) to work on /opt/airflow/dags/hello_airflow.py
[2026-01-09T09:53:04.493+0000] {processor.py:914} INFO - Processing file /opt/airflow/dags/hello_airflow.py for tasks to queue
[2026-01-09T09:53:04.499+0000] {logging_mixin.py:190} INFO - [2026-01-09T09:53:04.498+0000] {dagbag.py:588} INFO - Filling up the DagBag from /opt/airflow/dags/hello_airflow.py
[2026-01-09T09:53:04.535+0000] {processor.py:925} INFO - DAG(s) 'hello_airflow' retrieved from /opt/airflow/dags/hello_airflow.py
[2026-01-09T09:53:04.622+0000] {logging_mixin.py:190} INFO - [2026-01-09T09:53:04.621+0000] {dag.py:3239} INFO - Sync 1 DAGs
[2026-01-09T09:53:04.716+0000] {logging_mixin.py:190} INFO - [2026-01-09T09:53:04.715+0000] {dag.py:4180} INFO - Setting next_dagrun for hello_airflow to 2026-01-09 09:52:00+00:00, run_after=2026-01-09 09:53:00+00:00
[2026-01-09T09:53:04.817+0000] {processor.py:208} INFO - Processing /opt/airflow/dags/hello_airflow.py took 0.346 seconds
[2026-01-09T09:53:35.037+0000] {processor.py:186} INFO - Started process (PID=2104) to work on /opt/airflow/dags/hello_airflow.py
[2026-01-09T09:53:35.040+0000] {processor.py:914} INFO - Processing file /opt/airflow/dags/hello_airflow.py for tasks to queue
[2026-01-09T09:53:35.048+0000] {logging_mixin.py:190} INFO - [2026-01-09T09:53:35.047+0000] {dagbag.py:588} INFO - Filling up the DagBag from /opt/airflow/dags/hello_airflow.py
[2026-01-09T09:53:35.086+0000] {processor.py:925} INFO - DAG(s) 'hello_airflow' retrieved from /opt/airflow/dags/hello_airflow.py
[2026-01-09T09:53:35.168+0000] {logging_mixin.py:190} INFO - [2026-01-09T09:53:35.167+0000] {dag.py:3239} INFO - Sync 1 DAGs
[2026-01-09T09:53:35.280+0000] {logging_mixin.py:190} INFO - [2026-01-09T09:53:35.276+0000] {dag.py:4180} INFO - Setting next_dagrun for hello_airflow to 2026-01-09 09:52:00+00:00, run_after=2026-01-09 09:53:00+00:00
[2026-01-09T09:53:35.430+0000] {processor.py:208} INFO - Processing /opt/airflow/dags/hello_airflow.py took 0.421 seconds
[2026-01-09T09:54:05.563+0000] {processor.py:186} INFO - Started process (PID=2127) to work on /opt/airflow/dags/hello_airflow.py
[2026-01-09T09:54:05.570+0000] {processor.py:914} INFO - Processing file /opt/airflow/dags/hello_airflow.py for tasks to queue
[2026-01-09T09:54:05.578+0000] {logging_mixin.py:190} INFO - [2026-01-09T09:54:05.577+0000] {dagbag.py:588} INFO - Filling up the DagBag from /opt/airflow/dags/hello_airflow.py
[2026-01-09T09:54:05.622+0000] {processor.py:925} INFO - DAG(s) 'hello_airflow' retrieved from /opt/airflow/dags/hello_airflow.py
[2026-01-09T09:54:05.720+0000] {logging_mixin.py:190} INFO - [2026-01-09T09:54:05.719+0000] {dag.py:3239} INFO - Sync 1 DAGs
[2026-01-09T09:54:05.836+0000] {logging_mixin.py:190} INFO - [2026-01-09T09:54:05.835+0000] {dag.py:4180} INFO - Setting next_dagrun for hello_airflow to 2026-01-09 09:53:00+00:00, run_after=2026-01-09 09:54:00+00:00
[2026-01-09T09:54:05.924+0000] {processor.py:208} INFO - Processing /opt/airflow/dags/hello_airflow.py took 0.386 seconds
[2026-01-09T09:54:36.740+0000] {processor.py:186} INFO - Started process (PID=2150) to work on /opt/airflow/dags/hello_airflow.py
[2026-01-09T09:54:36.764+0000] {processor.py:914} INFO - Processing file /opt/airflow/dags/hello_airflow.py for tasks to queue
[2026-01-09T09:54:36.773+0000] {logging_mixin.py:190} INFO - [2026-01-09T09:54:36.772+0000] {dagbag.py:588} INFO - Filling up the DagBag from /opt/airflow/dags/hello_airflow.py
[2026-01-09T09:54:36.809+0000] {processor.py:925} INFO - DAG(s) 'hello_airflow' retrieved from /opt/airflow/dags/hello_airflow.py
[2026-01-09T09:54:36.891+0000] {logging_mixin.py:190} INFO - [2026-01-09T09:54:36.891+0000] {dag.py:3239} INFO - Sync 1 DAGs
[2026-01-09T09:54:37.008+0000] {logging_mixin.py:190} INFO - [2026-01-09T09:54:37.008+0000] {dag.py:4180} INFO - Setting next_dagrun for hello_airflow to 2026-01-09 09:53:00+00:00, run_after=2026-01-09 09:54:00+00:00
[2026-01-09T09:54:37.072+0000] {processor.py:208} INFO - Processing /opt/airflow/dags/hello_airflow.py took 0.389 seconds
[2026-01-09T09:55:07.331+0000] {processor.py:186} INFO - Started process (PID=2171) to work on /opt/airflow/dags/hello_airflow.py
[2026-01-09T09:55:07.338+0000] {processor.py:914} INFO - Processing file /opt/airflow/dags/hello_airflow.py for tasks to queue
[2026-01-09T09:55:07.348+0000] {logging_mixin.py:190} INFO - [2026-01-09T09:55:07.347+0000] {dagbag.py:588} INFO - Filling up the DagBag from /opt/airflow/dags/hello_airflow.py
[2026-01-09T09:55:07.422+0000] {processor.py:925} INFO - DAG(s) 'hello_airflow' retrieved from /opt/airflow/dags/hello_airflow.py
[2026-01-09T09:55:07.567+0000] {logging_mixin.py:190} INFO - [2026-01-09T09:55:07.566+0000] {dag.py:3239} INFO - Sync 1 DAGs
[2026-01-09T09:55:07.657+0000] {logging_mixin.py:190} INFO - [2026-01-09T09:55:07.657+0000] {dag.py:4180} INFO - Setting next_dagrun for hello_airflow to 2026-01-09 09:54:00+00:00, run_after=2026-01-09 09:55:00+00:00
[2026-01-09T09:55:07.706+0000] {processor.py:208} INFO - Processing /opt/airflow/dags/hello_airflow.py took 0.424 seconds
[2026-01-09T09:55:38.133+0000] {processor.py:186} INFO - Started process (PID=2195) to work on /opt/airflow/dags/hello_airflow.py
[2026-01-09T09:55:38.138+0000] {processor.py:914} INFO - Processing file /opt/airflow/dags/hello_airflow.py for tasks to queue
[2026-01-09T09:55:38.146+0000] {logging_mixin.py:190} INFO - [2026-01-09T09:55:38.145+0000] {dagbag.py:588} INFO - Filling up the DagBag from /opt/airflow/dags/hello_airflow.py
[2026-01-09T09:55:38.182+0000] {processor.py:925} INFO - DAG(s) 'hello_airflow' retrieved from /opt/airflow/dags/hello_airflow.py
[2026-01-09T09:55:38.257+0000] {logging_mixin.py:190} INFO - [2026-01-09T09:55:38.256+0000] {dag.py:3239} INFO - Sync 1 DAGs
[2026-01-09T09:55:38.351+0000] {logging_mixin.py:190} INFO - [2026-01-09T09:55:38.350+0000] {dag.py:4180} INFO - Setting next_dagrun for hello_airflow to 2026-01-09 09:54:00+00:00, run_after=2026-01-09 09:55:00+00:00
[2026-01-09T09:55:38.398+0000] {processor.py:208} INFO - Processing /opt/airflow/dags/hello_airflow.py took 0.301 seconds
[2026-01-09T09:56:08.744+0000] {processor.py:186} INFO - Started process (PID=2219) to work on /opt/airflow/dags/hello_airflow.py
[2026-01-09T09:56:08.746+0000] {processor.py:914} INFO - Processing file /opt/airflow/dags/hello_airflow.py for tasks to queue
[2026-01-09T09:56:08.754+0000] {logging_mixin.py:190} INFO - [2026-01-09T09:56:08.752+0000] {dagbag.py:588} INFO - Filling up the DagBag from /opt/airflow/dags/hello_airflow.py
[2026-01-09T09:56:08.799+0000] {processor.py:925} INFO - DAG(s) 'hello_airflow' retrieved from /opt/airflow/dags/hello_airflow.py
[2026-01-09T09:56:08.881+0000] {logging_mixin.py:190} INFO - [2026-01-09T09:56:08.880+0000] {dag.py:3239} INFO - Sync 1 DAGs
[2026-01-09T09:56:08.993+0000] {logging_mixin.py:190} INFO - [2026-01-09T09:56:08.992+0000] {dag.py:4180} INFO - Setting next_dagrun for hello_airflow to 2026-01-09 09:55:00+00:00, run_after=2026-01-09 09:56:00+00:00
[2026-01-09T09:56:09.095+0000] {processor.py:208} INFO - Processing /opt/airflow/dags/hello_airflow.py took 0.380 seconds
[2026-01-09T09:56:39.640+0000] {processor.py:186} INFO - Started process (PID=2242) to work on /opt/airflow/dags/hello_airflow.py
[2026-01-09T09:56:39.643+0000] {processor.py:914} INFO - Processing file /opt/airflow/dags/hello_airflow.py for tasks to queue
[2026-01-09T09:56:39.650+0000] {logging_mixin.py:190} INFO - [2026-01-09T09:56:39.648+0000] {dagbag.py:588} INFO - Filling up the DagBag from /opt/airflow/dags/hello_airflow.py
[2026-01-09T09:56:39.685+0000] {processor.py:925} INFO - DAG(s) 'hello_airflow' retrieved from /opt/airflow/dags/hello_airflow.py
[2026-01-09T09:56:39.762+0000] {logging_mixin.py:190} INFO - [2026-01-09T09:56:39.762+0000] {dag.py:3239} INFO - Sync 1 DAGs
[2026-01-09T09:56:39.854+0000] {logging_mixin.py:190} INFO - [2026-01-09T09:56:39.853+0000] {dag.py:4180} INFO - Setting next_dagrun for hello_airflow to 2026-01-09 09:55:00+00:00, run_after=2026-01-09 09:56:00+00:00
[2026-01-09T09:56:39.962+0000] {processor.py:208} INFO - Processing /opt/airflow/dags/hello_airflow.py took 0.345 seconds
[2026-01-09T09:57:10.187+0000] {processor.py:186} INFO - Started process (PID=2265) to work on /opt/airflow/dags/hello_airflow.py
[2026-01-09T09:57:10.193+0000] {processor.py:914} INFO - Processing file /opt/airflow/dags/hello_airflow.py for tasks to queue
[2026-01-09T09:57:10.209+0000] {logging_mixin.py:190} INFO - [2026-01-09T09:57:10.207+0000] {dagbag.py:588} INFO - Filling up the DagBag from /opt/airflow/dags/hello_airflow.py
[2026-01-09T09:57:10.280+0000] {processor.py:925} INFO - DAG(s) 'hello_airflow' retrieved from /opt/airflow/dags/hello_airflow.py
[2026-01-09T09:57:10.433+0000] {logging_mixin.py:190} INFO - [2026-01-09T09:57:10.432+0000] {dag.py:3239} INFO - Sync 1 DAGs
[2026-01-09T09:57:10.556+0000] {logging_mixin.py:190} INFO - [2026-01-09T09:57:10.556+0000] {dag.py:4180} INFO - Setting next_dagrun for hello_airflow to 2026-01-09 09:56:00+00:00, run_after=2026-01-09 09:57:00+00:00
[2026-01-09T09:57:10.672+0000] {processor.py:208} INFO - Processing /opt/airflow/dags/hello_airflow.py took 0.530 seconds
[2026-01-09T09:57:41.311+0000] {processor.py:186} INFO - Started process (PID=2288) to work on /opt/airflow/dags/hello_airflow.py
[2026-01-09T09:57:41.315+0000] {processor.py:914} INFO - Processing file /opt/airflow/dags/hello_airflow.py for tasks to queue
[2026-01-09T09:57:41.326+0000] {logging_mixin.py:190} INFO - [2026-01-09T09:57:41.325+0000] {dagbag.py:588} INFO - Filling up the DagBag from /opt/airflow/dags/hello_airflow.py
[2026-01-09T09:57:41.369+0000] {processor.py:925} INFO - DAG(s) 'hello_airflow' retrieved from /opt/airflow/dags/hello_airflow.py
[2026-01-09T09:57:41.463+0000] {logging_mixin.py:190} INFO - [2026-01-09T09:57:41.462+0000] {dag.py:3239} INFO - Sync 1 DAGs
[2026-01-09T09:57:41.563+0000] {logging_mixin.py:190} INFO - [2026-01-09T09:57:41.563+0000] {dag.py:4180} INFO - Setting next_dagrun for hello_airflow to 2026-01-09 09:56:00+00:00, run_after=2026-01-09 09:57:00+00:00
[2026-01-09T09:57:41.674+0000] {processor.py:208} INFO - Processing /opt/airflow/dags/hello_airflow.py took 0.391 seconds
[2026-01-09T09:58:11.996+0000] {processor.py:186} INFO - Started process (PID=2311) to work on /opt/airflow/dags/hello_airflow.py
[2026-01-09T09:58:12.000+0000] {processor.py:914} INFO - Processing file /opt/airflow/dags/hello_airflow.py for tasks to queue
[2026-01-09T09:58:12.008+0000] {logging_mixin.py:190} INFO - [2026-01-09T09:58:12.007+0000] {dagbag.py:588} INFO - Filling up the DagBag from /opt/airflow/dags/hello_airflow.py
[2026-01-09T09:58:12.042+0000] {processor.py:925} INFO - DAG(s) 'hello_airflow' retrieved from /opt/airflow/dags/hello_airflow.py
[2026-01-09T09:58:12.136+0000] {logging_mixin.py:190} INFO - [2026-01-09T09:58:12.135+0000] {dag.py:3239} INFO - Sync 1 DAGs
[2026-01-09T09:58:12.255+0000] {logging_mixin.py:190} INFO - [2026-01-09T09:58:12.254+0000] {dag.py:4180} INFO - Setting next_dagrun for hello_airflow to 2026-01-09 09:57:00+00:00, run_after=2026-01-09 09:58:00+00:00
[2026-01-09T09:58:12.344+0000] {processor.py:208} INFO - Processing /opt/airflow/dags/hello_airflow.py took 0.378 seconds
[2026-01-09T09:58:42.631+0000] {processor.py:186} INFO - Started process (PID=2334) to work on /opt/airflow/dags/hello_airflow.py
[2026-01-09T09:58:42.637+0000] {processor.py:914} INFO - Processing file /opt/airflow/dags/hello_airflow.py for tasks to queue
[2026-01-09T09:58:42.645+0000] {logging_mixin.py:190} INFO - [2026-01-09T09:58:42.644+0000] {dagbag.py:588} INFO - Filling up the DagBag from /opt/airflow/dags/hello_airflow.py
[2026-01-09T09:58:42.686+0000] {processor.py:925} INFO - DAG(s) 'hello_airflow' retrieved from /opt/airflow/dags/hello_airflow.py
[2026-01-09T09:58:42.775+0000] {logging_mixin.py:190} INFO - [2026-01-09T09:58:42.775+0000] {dag.py:3239} INFO - Sync 1 DAGs
[2026-01-09T09:58:42.952+0000] {logging_mixin.py:190} INFO - [2026-01-09T09:58:42.951+0000] {dag.py:4180} INFO - Setting next_dagrun for hello_airflow to 2026-01-09 09:57:00+00:00, run_after=2026-01-09 09:58:00+00:00
[2026-01-09T09:58:43.015+0000] {processor.py:208} INFO - Processing /opt/airflow/dags/hello_airflow.py took 0.422 seconds
[2026-01-09T09:59:13.574+0000] {processor.py:186} INFO - Started process (PID=2357) to work on /opt/airflow/dags/hello_airflow.py
[2026-01-09T09:59:13.576+0000] {processor.py:914} INFO - Processing file /opt/airflow/dags/hello_airflow.py for tasks to queue
[2026-01-09T09:59:13.583+0000] {logging_mixin.py:190} INFO - [2026-01-09T09:59:13.582+0000] {dagbag.py:588} INFO - Filling up the DagBag from /opt/airflow/dags/hello_airflow.py
[2026-01-09T09:59:13.612+0000] {processor.py:925} INFO - DAG(s) 'hello_airflow' retrieved from /opt/airflow/dags/hello_airflow.py
[2026-01-09T09:59:13.727+0000] {logging_mixin.py:190} INFO - [2026-01-09T09:59:13.727+0000] {dag.py:3239} INFO - Sync 1 DAGs
[2026-01-09T09:59:13.811+0000] {logging_mixin.py:190} INFO - [2026-01-09T09:59:13.811+0000] {dag.py:4180} INFO - Setting next_dagrun for hello_airflow to 2026-01-09 09:58:00+00:00, run_after=2026-01-09 09:59:00+00:00
[2026-01-09T09:59:13.910+0000] {processor.py:208} INFO - Processing /opt/airflow/dags/hello_airflow.py took 0.356 seconds
[2026-01-09T09:59:44.423+0000] {processor.py:186} INFO - Started process (PID=2380) to work on /opt/airflow/dags/hello_airflow.py
[2026-01-09T09:59:44.426+0000] {processor.py:914} INFO - Processing file /opt/airflow/dags/hello_airflow.py for tasks to queue
[2026-01-09T09:59:44.439+0000] {logging_mixin.py:190} INFO - [2026-01-09T09:59:44.437+0000] {dagbag.py:588} INFO - Filling up the DagBag from /opt/airflow/dags/hello_airflow.py
[2026-01-09T09:59:44.465+0000] {processor.py:925} INFO - DAG(s) 'hello_airflow' retrieved from /opt/airflow/dags/hello_airflow.py
[2026-01-09T09:59:44.547+0000] {logging_mixin.py:190} INFO - [2026-01-09T09:59:44.546+0000] {dag.py:3239} INFO - Sync 1 DAGs
[2026-01-09T09:59:44.629+0000] {logging_mixin.py:190} INFO - [2026-01-09T09:59:44.628+0000] {dag.py:4180} INFO - Setting next_dagrun for hello_airflow to 2026-01-09 09:58:00+00:00, run_after=2026-01-09 09:59:00+00:00
[2026-01-09T09:59:44.717+0000] {processor.py:208} INFO - Processing /opt/airflow/dags/hello_airflow.py took 0.320 seconds
[2026-01-09T10:00:15.608+0000] {processor.py:186} INFO - Started process (PID=2403) to work on /opt/airflow/dags/hello_airflow.py
[2026-01-09T10:00:15.614+0000] {processor.py:914} INFO - Processing file /opt/airflow/dags/hello_airflow.py for tasks to queue
[2026-01-09T10:00:15.631+0000] {logging_mixin.py:190} INFO - [2026-01-09T10:00:15.629+0000] {dagbag.py:588} INFO - Filling up the DagBag from /opt/airflow/dags/hello_airflow.py
[2026-01-09T10:00:15.679+0000] {processor.py:925} INFO - DAG(s) 'hello_airflow' retrieved from /opt/airflow/dags/hello_airflow.py
[2026-01-09T10:00:15.782+0000] {logging_mixin.py:190} INFO - [2026-01-09T10:00:15.781+0000] {dag.py:3239} INFO - Sync 1 DAGs
[2026-01-09T10:00:15.917+0000] {logging_mixin.py:190} INFO - [2026-01-09T10:00:15.916+0000] {dag.py:4180} INFO - Setting next_dagrun for hello_airflow to 2026-01-09 09:59:00+00:00, run_after=2026-01-09 10:00:00+00:00
[2026-01-09T10:00:16.037+0000] {processor.py:208} INFO - Processing /opt/airflow/dags/hello_airflow.py took 0.470 seconds
[2026-01-09T10:00:46.931+0000] {processor.py:186} INFO - Started process (PID=2427) to work on /opt/airflow/dags/hello_airflow.py
[2026-01-09T10:00:46.935+0000] {processor.py:914} INFO - Processing file /opt/airflow/dags/hello_airflow.py for tasks to queue
[2026-01-09T10:00:46.946+0000] {logging_mixin.py:190} INFO - [2026-01-09T10:00:46.945+0000] {dagbag.py:588} INFO - Filling up the DagBag from /opt/airflow/dags/hello_airflow.py
[2026-01-09T10:00:46.994+0000] {processor.py:925} INFO - DAG(s) 'hello_airflow' retrieved from /opt/airflow/dags/hello_airflow.py
[2026-01-09T10:00:47.086+0000] {logging_mixin.py:190} INFO - [2026-01-09T10:00:47.085+0000] {dag.py:3239} INFO - Sync 1 DAGs
[2026-01-09T10:00:47.187+0000] {logging_mixin.py:190} INFO - [2026-01-09T10:00:47.186+0000] {dag.py:4180} INFO - Setting next_dagrun for hello_airflow to 2026-01-09 09:59:00+00:00, run_after=2026-01-09 10:00:00+00:00
[2026-01-09T10:00:47.303+0000] {processor.py:208} INFO - Processing /opt/airflow/dags/hello_airflow.py took 0.399 seconds
[2026-01-09T10:01:19.467+0000] {processor.py:186} INFO - Started process (PID=2450) to work on /opt/airflow/dags/hello_airflow.py
[2026-01-09T10:01:19.473+0000] {processor.py:914} INFO - Processing file /opt/airflow/dags/hello_airflow.py for tasks to queue
[2026-01-09T10:01:19.482+0000] {logging_mixin.py:190} INFO - [2026-01-09T10:01:19.481+0000] {dagbag.py:588} INFO - Filling up the DagBag from /opt/airflow/dags/hello_airflow.py
[2026-01-09T10:01:19.588+0000] {processor.py:925} INFO - DAG(s) 'hello_airflow' retrieved from /opt/airflow/dags/hello_airflow.py
[2026-01-09T10:01:19.723+0000] {logging_mixin.py:190} INFO - [2026-01-09T10:01:19.722+0000] {dag.py:3239} INFO - Sync 1 DAGs
[2026-01-09T10:01:19.849+0000] {logging_mixin.py:190} INFO - [2026-01-09T10:01:19.848+0000] {dag.py:4180} INFO - Setting next_dagrun for hello_airflow to 2026-01-09 10:00:00+00:00, run_after=2026-01-09 10:01:00+00:00
[2026-01-09T10:01:19.999+0000] {processor.py:208} INFO - Processing /opt/airflow/dags/hello_airflow.py took 0.607 seconds
[2026-01-09T10:01:50.636+0000] {processor.py:186} INFO - Started process (PID=2471) to work on /opt/airflow/dags/hello_airflow.py
[2026-01-09T10:01:50.646+0000] {processor.py:914} INFO - Processing file /opt/airflow/dags/hello_airflow.py for tasks to queue
[2026-01-09T10:01:50.654+0000] {logging_mixin.py:190} INFO - [2026-01-09T10:01:50.653+0000] {dagbag.py:588} INFO - Filling up the DagBag from /opt/airflow/dags/hello_airflow.py
[2026-01-09T10:01:50.688+0000] {processor.py:925} INFO - DAG(s) 'hello_airflow' retrieved from /opt/airflow/dags/hello_airflow.py
[2026-01-09T10:01:50.793+0000] {logging_mixin.py:190} INFO - [2026-01-09T10:01:50.793+0000] {dag.py:3239} INFO - Sync 1 DAGs
[2026-01-09T10:01:50.892+0000] {logging_mixin.py:190} INFO - [2026-01-09T10:01:50.892+0000] {dag.py:4180} INFO - Setting next_dagrun for hello_airflow to 2026-01-09 10:00:00+00:00, run_after=2026-01-09 10:01:00+00:00
[2026-01-09T10:01:51.018+0000] {processor.py:208} INFO - Processing /opt/airflow/dags/hello_airflow.py took 0.407 seconds
[2026-01-09T10:02:21.647+0000] {processor.py:186} INFO - Started process (PID=2492) to work on /opt/airflow/dags/hello_airflow.py
[2026-01-09T10:02:21.654+0000] {processor.py:914} INFO - Processing file /opt/airflow/dags/hello_airflow.py for tasks to queue
[2026-01-09T10:02:21.665+0000] {logging_mixin.py:190} INFO - [2026-01-09T10:02:21.663+0000] {dagbag.py:588} INFO - Filling up the DagBag from /opt/airflow/dags/hello_airflow.py
[2026-01-09T10:02:21.712+0000] {processor.py:925} INFO - DAG(s) 'hello_airflow' retrieved from /opt/airflow/dags/hello_airflow.py
[2026-01-09T10:02:21.852+0000] {logging_mixin.py:190} INFO - [2026-01-09T10:02:21.851+0000] {dag.py:3239} INFO - Sync 1 DAGs
[2026-01-09T10:02:21.994+0000] {logging_mixin.py:190} INFO - [2026-01-09T10:02:21.994+0000] {dag.py:4180} INFO - Setting next_dagrun for hello_airflow to 2026-01-09 10:01:00+00:00, run_after=2026-01-09 10:02:00+00:00
[2026-01-09T10:02:22.122+0000] {processor.py:208} INFO - Processing /opt/airflow/dags/hello_airflow.py took 0.511 seconds
[2026-01-09T10:02:52.328+0000] {processor.py:186} INFO - Started process (PID=2513) to work on /opt/airflow/dags/hello_airflow.py
[2026-01-09T10:02:52.332+0000] {processor.py:914} INFO - Processing file /opt/airflow/dags/hello_airflow.py for tasks to queue
[2026-01-09T10:02:52.346+0000] {logging_mixin.py:190} INFO - [2026-01-09T10:02:52.345+0000] {dagbag.py:588} INFO - Filling up the DagBag from /opt/airflow/dags/hello_airflow.py
[2026-01-09T10:02:52.406+0000] {processor.py:925} INFO - DAG(s) 'hello_airflow' retrieved from /opt/airflow/dags/hello_airflow.py
[2026-01-09T10:02:52.521+0000] {logging_mixin.py:190} INFO - [2026-01-09T10:02:52.520+0000] {dag.py:3239} INFO - Sync 1 DAGs
[2026-01-09T10:02:52.631+0000] {logging_mixin.py:190} INFO - [2026-01-09T10:02:52.630+0000] {dag.py:4180} INFO - Setting next_dagrun for hello_airflow to 2026-01-09 10:01:00+00:00, run_after=2026-01-09 10:02:00+00:00
[2026-01-09T10:02:52.756+0000] {processor.py:208} INFO - Processing /opt/airflow/dags/hello_airflow.py took 0.471 seconds
[2026-01-09T10:03:23.080+0000] {processor.py:186} INFO - Started process (PID=2535) to work on /opt/airflow/dags/hello_airflow.py
[2026-01-09T10:03:23.086+0000] {processor.py:914} INFO - Processing file /opt/airflow/dags/hello_airflow.py for tasks to queue
[2026-01-09T10:03:23.091+0000] {logging_mixin.py:190} INFO - [2026-01-09T10:03:23.089+0000] {dagbag.py:588} INFO - Filling up the DagBag from /opt/airflow/dags/hello_airflow.py
[2026-01-09T10:03:23.119+0000] {processor.py:925} INFO - DAG(s) 'hello_airflow' retrieved from /opt/airflow/dags/hello_airflow.py
[2026-01-09T10:03:23.180+0000] {logging_mixin.py:190} INFO - [2026-01-09T10:03:23.179+0000] {dag.py:3239} INFO - Sync 1 DAGs
[2026-01-09T10:03:23.278+0000] {logging_mixin.py:190} INFO - [2026-01-09T10:03:23.278+0000] {dag.py:4180} INFO - Setting next_dagrun for hello_airflow to 2026-01-09 10:02:00+00:00, run_after=2026-01-09 10:03:00+00:00
[2026-01-09T10:03:23.383+0000] {processor.py:208} INFO - Processing /opt/airflow/dags/hello_airflow.py took 0.321 seconds
