[2026-01-17T04:44:53.474+0000] {processor.py:186} INFO - Started process (PID=8302) to work on /opt/airflow/dags/branching_user_processing.py
[2026-01-17T04:44:53.572+0000] {processor.py:914} INFO - Processing file /opt/airflow/dags/branching_user_processing.py for tasks to queue
[2026-01-17T04:44:53.631+0000] {logging_mixin.py:190} INFO - [2026-01-17T04:44:53.602+0000] {dagbag.py:588} INFO - Filling up the DagBag from /opt/airflow/dags/branching_user_processing.py
[2026-01-17T04:44:59.098+0000] {processor.py:925} INFO - DAG(s) 'user_processing_branch' retrieved from /opt/airflow/dags/branching_user_processing.py
[2026-01-17T04:44:59.599+0000] {logging_mixin.py:190} INFO - [2026-01-17T04:44:59.598+0000] {dag.py:3239} INFO - Sync 1 DAGs
[2026-01-17T04:45:00.032+0000] {logging_mixin.py:190} INFO - [2026-01-17T04:45:00.002+0000] {dag.py:4180} INFO - Setting next_dagrun for user_processing_branch to 2026-01-16 00:00:00+00:00, run_after=2026-01-17 00:00:00+00:00
[2026-01-17T04:45:00.241+0000] {processor.py:208} INFO - Processing /opt/airflow/dags/branching_user_processing.py took 6.944 seconds
[2026-01-17T05:33:17.209+0000] {processor.py:186} INFO - Started process (PID=8327) to work on /opt/airflow/dags/branching_user_processing.py
[2026-01-17T05:33:17.226+0000] {processor.py:914} INFO - Processing file /opt/airflow/dags/branching_user_processing.py for tasks to queue
[2026-01-17T05:33:17.230+0000] {logging_mixin.py:190} INFO - [2026-01-17T05:33:17.229+0000] {dagbag.py:588} INFO - Filling up the DagBag from /opt/airflow/dags/branching_user_processing.py
[2026-01-17T05:33:19.505+0000] {processor.py:925} INFO - DAG(s) 'user_processing_branch' retrieved from /opt/airflow/dags/branching_user_processing.py
[2026-01-17T05:33:19.743+0000] {logging_mixin.py:190} INFO - [2026-01-17T05:33:19.736+0000] {dag.py:3239} INFO - Sync 1 DAGs
[2026-01-17T05:33:19.903+0000] {logging_mixin.py:190} INFO - [2026-01-17T05:33:19.903+0000] {dag.py:4180} INFO - Setting next_dagrun for user_processing_branch to 2026-01-16 00:00:00+00:00, run_after=2026-01-17 00:00:00+00:00
[2026-01-17T05:33:20.048+0000] {processor.py:208} INFO - Processing /opt/airflow/dags/branching_user_processing.py took 3.075 seconds
[2026-01-17T05:33:50.673+0000] {processor.py:186} INFO - Started process (PID=8356) to work on /opt/airflow/dags/branching_user_processing.py
[2026-01-17T05:33:50.692+0000] {processor.py:914} INFO - Processing file /opt/airflow/dags/branching_user_processing.py for tasks to queue
[2026-01-17T05:33:50.716+0000] {logging_mixin.py:190} INFO - [2026-01-17T05:33:50.694+0000] {dagbag.py:588} INFO - Filling up the DagBag from /opt/airflow/dags/branching_user_processing.py
[2026-01-17T05:33:55.570+0000] {processor.py:925} INFO - DAG(s) 'user_processing_branch' retrieved from /opt/airflow/dags/branching_user_processing.py
[2026-01-17T05:33:55.871+0000] {logging_mixin.py:190} INFO - [2026-01-17T05:33:55.869+0000] {dag.py:3239} INFO - Sync 1 DAGs
[2026-01-17T05:33:55.993+0000] {logging_mixin.py:190} INFO - [2026-01-17T05:33:55.992+0000] {dag.py:4180} INFO - Setting next_dagrun for user_processing_branch to 2026-01-16 00:00:00+00:00, run_after=2026-01-17 00:00:00+00:00
[2026-01-17T05:33:56.133+0000] {processor.py:208} INFO - Processing /opt/airflow/dags/branching_user_processing.py took 5.548 seconds
[2026-01-17T05:34:26.717+0000] {processor.py:186} INFO - Started process (PID=8389) to work on /opt/airflow/dags/branching_user_processing.py
[2026-01-17T05:34:26.719+0000] {processor.py:914} INFO - Processing file /opt/airflow/dags/branching_user_processing.py for tasks to queue
[2026-01-17T05:34:26.721+0000] {logging_mixin.py:190} INFO - [2026-01-17T05:34:26.720+0000] {dagbag.py:588} INFO - Filling up the DagBag from /opt/airflow/dags/branching_user_processing.py
[2026-01-17T05:34:28.290+0000] {processor.py:925} INFO - DAG(s) 'user_processing_branch' retrieved from /opt/airflow/dags/branching_user_processing.py
[2026-01-17T05:34:28.436+0000] {logging_mixin.py:190} INFO - [2026-01-17T05:34:28.435+0000] {dag.py:3239} INFO - Sync 1 DAGs
[2026-01-17T05:34:28.533+0000] {logging_mixin.py:190} INFO - [2026-01-17T05:34:28.533+0000] {dag.py:4180} INFO - Setting next_dagrun for user_processing_branch to 2026-01-16 00:00:00+00:00, run_after=2026-01-17 00:00:00+00:00
[2026-01-17T05:34:28.611+0000] {processor.py:208} INFO - Processing /opt/airflow/dags/branching_user_processing.py took 1.950 seconds
[2026-01-17T05:34:59.144+0000] {processor.py:186} INFO - Started process (PID=8413) to work on /opt/airflow/dags/branching_user_processing.py
[2026-01-17T05:34:59.146+0000] {processor.py:914} INFO - Processing file /opt/airflow/dags/branching_user_processing.py for tasks to queue
[2026-01-17T05:34:59.149+0000] {logging_mixin.py:190} INFO - [2026-01-17T05:34:59.149+0000] {dagbag.py:588} INFO - Filling up the DagBag from /opt/airflow/dags/branching_user_processing.py
[2026-01-17T05:34:59.693+0000] {processor.py:925} INFO - DAG(s) 'user_processing_branch' retrieved from /opt/airflow/dags/branching_user_processing.py
[2026-01-17T05:34:59.739+0000] {logging_mixin.py:190} INFO - [2026-01-17T05:34:59.738+0000] {dag.py:3239} INFO - Sync 1 DAGs
[2026-01-17T05:34:59.780+0000] {logging_mixin.py:190} INFO - [2026-01-17T05:34:59.780+0000] {dag.py:4180} INFO - Setting next_dagrun for user_processing_branch to 2026-01-16 00:00:00+00:00, run_after=2026-01-17 00:00:00+00:00
[2026-01-17T05:34:59.813+0000] {processor.py:208} INFO - Processing /opt/airflow/dags/branching_user_processing.py took 0.681 seconds
[2026-01-17T05:35:30.435+0000] {processor.py:186} INFO - Started process (PID=8437) to work on /opt/airflow/dags/branching_user_processing.py
[2026-01-17T05:35:30.436+0000] {processor.py:914} INFO - Processing file /opt/airflow/dags/branching_user_processing.py for tasks to queue
[2026-01-17T05:35:30.438+0000] {logging_mixin.py:190} INFO - [2026-01-17T05:35:30.438+0000] {dagbag.py:588} INFO - Filling up the DagBag from /opt/airflow/dags/branching_user_processing.py
[2026-01-17T05:35:30.998+0000] {processor.py:925} INFO - DAG(s) 'user_processing_branch' retrieved from /opt/airflow/dags/branching_user_processing.py
[2026-01-17T05:35:31.051+0000] {logging_mixin.py:190} INFO - [2026-01-17T05:35:31.051+0000] {dag.py:3239} INFO - Sync 1 DAGs
[2026-01-17T05:35:31.087+0000] {logging_mixin.py:190} INFO - [2026-01-17T05:35:31.086+0000] {dag.py:4180} INFO - Setting next_dagrun for user_processing_branch to 2026-01-16 00:00:00+00:00, run_after=2026-01-17 00:00:00+00:00
[2026-01-17T05:35:31.126+0000] {processor.py:208} INFO - Processing /opt/airflow/dags/branching_user_processing.py took 0.705 seconds
[2026-01-17T05:36:01.308+0000] {processor.py:186} INFO - Started process (PID=8461) to work on /opt/airflow/dags/branching_user_processing.py
[2026-01-17T05:36:01.311+0000] {processor.py:914} INFO - Processing file /opt/airflow/dags/branching_user_processing.py for tasks to queue
[2026-01-17T05:36:01.315+0000] {logging_mixin.py:190} INFO - [2026-01-17T05:36:01.314+0000] {dagbag.py:588} INFO - Filling up the DagBag from /opt/airflow/dags/branching_user_processing.py
[2026-01-17T05:36:01.852+0000] {processor.py:925} INFO - DAG(s) 'user_processing_branch' retrieved from /opt/airflow/dags/branching_user_processing.py
[2026-01-17T05:36:01.896+0000] {logging_mixin.py:190} INFO - [2026-01-17T05:36:01.895+0000] {dag.py:3239} INFO - Sync 1 DAGs
[2026-01-17T05:36:01.934+0000] {logging_mixin.py:190} INFO - [2026-01-17T05:36:01.934+0000] {dag.py:4180} INFO - Setting next_dagrun for user_processing_branch to 2026-01-16 00:00:00+00:00, run_after=2026-01-17 00:00:00+00:00
[2026-01-17T05:36:01.960+0000] {processor.py:208} INFO - Processing /opt/airflow/dags/branching_user_processing.py took 0.677 seconds
[2026-01-17T05:36:32.532+0000] {processor.py:186} INFO - Started process (PID=8485) to work on /opt/airflow/dags/branching_user_processing.py
[2026-01-17T05:36:32.536+0000] {processor.py:914} INFO - Processing file /opt/airflow/dags/branching_user_processing.py for tasks to queue
[2026-01-17T05:36:32.540+0000] {logging_mixin.py:190} INFO - [2026-01-17T05:36:32.539+0000] {dagbag.py:588} INFO - Filling up the DagBag from /opt/airflow/dags/branching_user_processing.py
[2026-01-17T05:36:33.016+0000] {processor.py:925} INFO - DAG(s) 'user_processing_branch' retrieved from /opt/airflow/dags/branching_user_processing.py
[2026-01-17T05:36:33.065+0000] {logging_mixin.py:190} INFO - [2026-01-17T05:36:33.064+0000] {dag.py:3239} INFO - Sync 1 DAGs
[2026-01-17T05:36:33.099+0000] {logging_mixin.py:190} INFO - [2026-01-17T05:36:33.099+0000] {dag.py:4180} INFO - Setting next_dagrun for user_processing_branch to 2026-01-16 00:00:00+00:00, run_after=2026-01-17 00:00:00+00:00
[2026-01-17T05:36:33.125+0000] {processor.py:208} INFO - Processing /opt/airflow/dags/branching_user_processing.py took 0.626 seconds
[2026-01-17T05:37:03.369+0000] {processor.py:186} INFO - Started process (PID=8509) to work on /opt/airflow/dags/branching_user_processing.py
[2026-01-17T05:37:03.372+0000] {processor.py:914} INFO - Processing file /opt/airflow/dags/branching_user_processing.py for tasks to queue
[2026-01-17T05:37:03.374+0000] {logging_mixin.py:190} INFO - [2026-01-17T05:37:03.374+0000] {dagbag.py:588} INFO - Filling up the DagBag from /opt/airflow/dags/branching_user_processing.py
[2026-01-17T05:37:03.933+0000] {processor.py:925} INFO - DAG(s) 'user_processing_branch' retrieved from /opt/airflow/dags/branching_user_processing.py
[2026-01-17T05:37:03.982+0000] {logging_mixin.py:190} INFO - [2026-01-17T05:37:03.981+0000] {dag.py:3239} INFO - Sync 1 DAGs
[2026-01-17T05:37:04.030+0000] {logging_mixin.py:190} INFO - [2026-01-17T05:37:04.030+0000] {dag.py:4180} INFO - Setting next_dagrun for user_processing_branch to 2026-01-16 00:00:00+00:00, run_after=2026-01-17 00:00:00+00:00
[2026-01-17T05:37:04.064+0000] {processor.py:208} INFO - Processing /opt/airflow/dags/branching_user_processing.py took 0.710 seconds
[2026-01-17T05:37:34.652+0000] {processor.py:186} INFO - Started process (PID=8533) to work on /opt/airflow/dags/branching_user_processing.py
[2026-01-17T05:37:34.654+0000] {processor.py:914} INFO - Processing file /opt/airflow/dags/branching_user_processing.py for tasks to queue
[2026-01-17T05:37:34.656+0000] {logging_mixin.py:190} INFO - [2026-01-17T05:37:34.655+0000] {dagbag.py:588} INFO - Filling up the DagBag from /opt/airflow/dags/branching_user_processing.py
[2026-01-17T05:37:35.189+0000] {processor.py:925} INFO - DAG(s) 'user_processing_branch' retrieved from /opt/airflow/dags/branching_user_processing.py
[2026-01-17T05:37:35.242+0000] {logging_mixin.py:190} INFO - [2026-01-17T05:37:35.241+0000] {dag.py:3239} INFO - Sync 1 DAGs
[2026-01-17T05:37:35.288+0000] {logging_mixin.py:190} INFO - [2026-01-17T05:37:35.288+0000] {dag.py:4180} INFO - Setting next_dagrun for user_processing_branch to 2026-01-16 00:00:00+00:00, run_after=2026-01-17 00:00:00+00:00
[2026-01-17T05:37:35.325+0000] {processor.py:208} INFO - Processing /opt/airflow/dags/branching_user_processing.py took 0.682 seconds
[2026-01-17T05:38:05.477+0000] {processor.py:186} INFO - Started process (PID=8557) to work on /opt/airflow/dags/branching_user_processing.py
[2026-01-17T05:38:05.479+0000] {processor.py:914} INFO - Processing file /opt/airflow/dags/branching_user_processing.py for tasks to queue
[2026-01-17T05:38:05.481+0000] {logging_mixin.py:190} INFO - [2026-01-17T05:38:05.481+0000] {dagbag.py:588} INFO - Filling up the DagBag from /opt/airflow/dags/branching_user_processing.py
[2026-01-17T05:38:06.076+0000] {processor.py:925} INFO - DAG(s) 'user_processing_branch' retrieved from /opt/airflow/dags/branching_user_processing.py
[2026-01-17T05:38:06.152+0000] {logging_mixin.py:190} INFO - [2026-01-17T05:38:06.151+0000] {dag.py:3239} INFO - Sync 1 DAGs
[2026-01-17T05:38:06.205+0000] {logging_mixin.py:190} INFO - [2026-01-17T05:38:06.205+0000] {dag.py:4180} INFO - Setting next_dagrun for user_processing_branch to 2026-01-16 00:00:00+00:00, run_after=2026-01-17 00:00:00+00:00
[2026-01-17T05:38:06.259+0000] {processor.py:208} INFO - Processing /opt/airflow/dags/branching_user_processing.py took 0.798 seconds
[2026-01-17T05:38:36.337+0000] {processor.py:186} INFO - Started process (PID=8580) to work on /opt/airflow/dags/branching_user_processing.py
[2026-01-17T05:38:36.339+0000] {processor.py:914} INFO - Processing file /opt/airflow/dags/branching_user_processing.py for tasks to queue
[2026-01-17T05:38:36.344+0000] {logging_mixin.py:190} INFO - [2026-01-17T05:38:36.343+0000] {dagbag.py:588} INFO - Filling up the DagBag from /opt/airflow/dags/branching_user_processing.py
[2026-01-17T05:38:36.989+0000] {processor.py:925} INFO - DAG(s) 'user_processing_branch' retrieved from /opt/airflow/dags/branching_user_processing.py
[2026-01-17T05:38:37.048+0000] {logging_mixin.py:190} INFO - [2026-01-17T05:38:37.047+0000] {dag.py:3239} INFO - Sync 1 DAGs
[2026-01-17T05:38:37.085+0000] {logging_mixin.py:190} INFO - [2026-01-17T05:38:37.085+0000] {dag.py:4180} INFO - Setting next_dagrun for user_processing_branch to 2026-01-16 00:00:00+00:00, run_after=2026-01-17 00:00:00+00:00
[2026-01-17T05:38:37.125+0000] {processor.py:208} INFO - Processing /opt/airflow/dags/branching_user_processing.py took 0.800 seconds
[2026-01-17T05:39:07.331+0000] {processor.py:186} INFO - Started process (PID=8605) to work on /opt/airflow/dags/branching_user_processing.py
[2026-01-17T05:39:07.333+0000] {processor.py:914} INFO - Processing file /opt/airflow/dags/branching_user_processing.py for tasks to queue
[2026-01-17T05:39:07.335+0000] {logging_mixin.py:190} INFO - [2026-01-17T05:39:07.335+0000] {dagbag.py:588} INFO - Filling up the DagBag from /opt/airflow/dags/branching_user_processing.py
[2026-01-17T05:39:07.935+0000] {processor.py:925} INFO - DAG(s) 'user_processing_branch' retrieved from /opt/airflow/dags/branching_user_processing.py
[2026-01-17T05:39:07.980+0000] {logging_mixin.py:190} INFO - [2026-01-17T05:39:07.979+0000] {dag.py:3239} INFO - Sync 1 DAGs
[2026-01-17T05:39:08.022+0000] {logging_mixin.py:190} INFO - [2026-01-17T05:39:08.021+0000] {dag.py:4180} INFO - Setting next_dagrun for user_processing_branch to 2026-01-16 00:00:00+00:00, run_after=2026-01-17 00:00:00+00:00
[2026-01-17T05:39:08.058+0000] {processor.py:208} INFO - Processing /opt/airflow/dags/branching_user_processing.py took 0.740 seconds
[2026-01-17T05:39:38.542+0000] {processor.py:186} INFO - Started process (PID=8629) to work on /opt/airflow/dags/branching_user_processing.py
[2026-01-17T05:39:38.543+0000] {processor.py:914} INFO - Processing file /opt/airflow/dags/branching_user_processing.py for tasks to queue
[2026-01-17T05:39:38.544+0000] {logging_mixin.py:190} INFO - [2026-01-17T05:39:38.544+0000] {dagbag.py:588} INFO - Filling up the DagBag from /opt/airflow/dags/branching_user_processing.py
[2026-01-17T05:39:39.093+0000] {processor.py:925} INFO - DAG(s) 'user_processing_branch' retrieved from /opt/airflow/dags/branching_user_processing.py
[2026-01-17T05:39:39.140+0000] {logging_mixin.py:190} INFO - [2026-01-17T05:39:39.139+0000] {dag.py:3239} INFO - Sync 1 DAGs
[2026-01-17T05:39:39.187+0000] {logging_mixin.py:190} INFO - [2026-01-17T05:39:39.187+0000] {dag.py:4180} INFO - Setting next_dagrun for user_processing_branch to 2026-01-16 00:00:00+00:00, run_after=2026-01-17 00:00:00+00:00
[2026-01-17T05:39:39.219+0000] {processor.py:208} INFO - Processing /opt/airflow/dags/branching_user_processing.py took 0.685 seconds
[2026-01-17T05:40:09.504+0000] {processor.py:186} INFO - Started process (PID=8653) to work on /opt/airflow/dags/branching_user_processing.py
[2026-01-17T05:40:09.505+0000] {processor.py:914} INFO - Processing file /opt/airflow/dags/branching_user_processing.py for tasks to queue
[2026-01-17T05:40:09.507+0000] {logging_mixin.py:190} INFO - [2026-01-17T05:40:09.506+0000] {dagbag.py:588} INFO - Filling up the DagBag from /opt/airflow/dags/branching_user_processing.py
[2026-01-17T05:40:10.092+0000] {processor.py:925} INFO - DAG(s) 'user_processing_branch' retrieved from /opt/airflow/dags/branching_user_processing.py
[2026-01-17T05:40:10.139+0000] {logging_mixin.py:190} INFO - [2026-01-17T05:40:10.138+0000] {dag.py:3239} INFO - Sync 1 DAGs
[2026-01-17T05:40:10.181+0000] {logging_mixin.py:190} INFO - [2026-01-17T05:40:10.181+0000] {dag.py:4180} INFO - Setting next_dagrun for user_processing_branch to 2026-01-16 00:00:00+00:00, run_after=2026-01-17 00:00:00+00:00
[2026-01-17T05:40:10.216+0000] {processor.py:208} INFO - Processing /opt/airflow/dags/branching_user_processing.py took 0.724 seconds
[2026-01-17T05:40:40.845+0000] {processor.py:186} INFO - Started process (PID=8679) to work on /opt/airflow/dags/branching_user_processing.py
[2026-01-17T05:40:40.847+0000] {processor.py:914} INFO - Processing file /opt/airflow/dags/branching_user_processing.py for tasks to queue
[2026-01-17T05:40:40.849+0000] {logging_mixin.py:190} INFO - [2026-01-17T05:40:40.848+0000] {dagbag.py:588} INFO - Filling up the DagBag from /opt/airflow/dags/branching_user_processing.py
[2026-01-17T05:40:41.399+0000] {processor.py:925} INFO - DAG(s) 'user_processing_branch' retrieved from /opt/airflow/dags/branching_user_processing.py
[2026-01-17T05:40:41.444+0000] {logging_mixin.py:190} INFO - [2026-01-17T05:40:41.443+0000] {dag.py:3239} INFO - Sync 1 DAGs
[2026-01-17T05:40:41.479+0000] {logging_mixin.py:190} INFO - [2026-01-17T05:40:41.479+0000] {dag.py:4180} INFO - Setting next_dagrun for user_processing_branch to 2026-01-16 00:00:00+00:00, run_after=2026-01-17 00:00:00+00:00
[2026-01-17T05:40:41.509+0000] {processor.py:208} INFO - Processing /opt/airflow/dags/branching_user_processing.py took 0.688 seconds
[2026-01-17T05:41:12.073+0000] {processor.py:186} INFO - Started process (PID=8703) to work on /opt/airflow/dags/branching_user_processing.py
[2026-01-17T05:41:12.075+0000] {processor.py:914} INFO - Processing file /opt/airflow/dags/branching_user_processing.py for tasks to queue
[2026-01-17T05:41:12.077+0000] {logging_mixin.py:190} INFO - [2026-01-17T05:41:12.077+0000] {dagbag.py:588} INFO - Filling up the DagBag from /opt/airflow/dags/branching_user_processing.py
[2026-01-17T05:41:12.636+0000] {processor.py:925} INFO - DAG(s) 'user_processing_branch' retrieved from /opt/airflow/dags/branching_user_processing.py
[2026-01-17T05:41:12.686+0000] {logging_mixin.py:190} INFO - [2026-01-17T05:41:12.685+0000] {dag.py:3239} INFO - Sync 1 DAGs
[2026-01-17T05:41:12.737+0000] {logging_mixin.py:190} INFO - [2026-01-17T05:41:12.737+0000] {dag.py:4180} INFO - Setting next_dagrun for user_processing_branch to 2026-01-16 00:00:00+00:00, run_after=2026-01-17 00:00:00+00:00
[2026-01-17T05:41:12.768+0000] {processor.py:208} INFO - Processing /opt/airflow/dags/branching_user_processing.py took 0.711 seconds
[2026-01-17T05:41:43.005+0000] {processor.py:186} INFO - Started process (PID=8728) to work on /opt/airflow/dags/branching_user_processing.py
[2026-01-17T05:41:43.008+0000] {processor.py:914} INFO - Processing file /opt/airflow/dags/branching_user_processing.py for tasks to queue
[2026-01-17T05:41:43.012+0000] {logging_mixin.py:190} INFO - [2026-01-17T05:41:43.011+0000] {dagbag.py:588} INFO - Filling up the DagBag from /opt/airflow/dags/branching_user_processing.py
[2026-01-17T05:41:43.686+0000] {processor.py:925} INFO - DAG(s) 'user_processing_branch' retrieved from /opt/airflow/dags/branching_user_processing.py
[2026-01-17T05:41:43.750+0000] {logging_mixin.py:190} INFO - [2026-01-17T05:41:43.750+0000] {dag.py:3239} INFO - Sync 1 DAGs
[2026-01-17T05:41:43.798+0000] {logging_mixin.py:190} INFO - [2026-01-17T05:41:43.798+0000] {dag.py:4180} INFO - Setting next_dagrun for user_processing_branch to 2026-01-16 00:00:00+00:00, run_after=2026-01-17 00:00:00+00:00
[2026-01-17T05:41:43.838+0000] {processor.py:208} INFO - Processing /opt/airflow/dags/branching_user_processing.py took 0.846 seconds
[2026-01-17T05:42:14.361+0000] {processor.py:186} INFO - Started process (PID=8752) to work on /opt/airflow/dags/branching_user_processing.py
[2026-01-17T05:42:14.363+0000] {processor.py:914} INFO - Processing file /opt/airflow/dags/branching_user_processing.py for tasks to queue
[2026-01-17T05:42:14.366+0000] {logging_mixin.py:190} INFO - [2026-01-17T05:42:14.365+0000] {dagbag.py:588} INFO - Filling up the DagBag from /opt/airflow/dags/branching_user_processing.py
[2026-01-17T05:42:15.256+0000] {processor.py:925} INFO - DAG(s) 'user_processing_branch' retrieved from /opt/airflow/dags/branching_user_processing.py
[2026-01-17T05:42:15.318+0000] {logging_mixin.py:190} INFO - [2026-01-17T05:42:15.317+0000] {dag.py:3239} INFO - Sync 1 DAGs
[2026-01-17T05:42:15.407+0000] {logging_mixin.py:190} INFO - [2026-01-17T05:42:15.406+0000] {dag.py:4180} INFO - Setting next_dagrun for user_processing_branch to 2026-01-16 00:00:00+00:00, run_after=2026-01-17 00:00:00+00:00
[2026-01-17T05:42:15.447+0000] {processor.py:208} INFO - Processing /opt/airflow/dags/branching_user_processing.py took 1.101 seconds
[2026-01-17T05:42:45.863+0000] {processor.py:186} INFO - Started process (PID=8775) to work on /opt/airflow/dags/branching_user_processing.py
[2026-01-17T05:42:45.865+0000] {processor.py:914} INFO - Processing file /opt/airflow/dags/branching_user_processing.py for tasks to queue
[2026-01-17T05:42:45.867+0000] {logging_mixin.py:190} INFO - [2026-01-17T05:42:45.867+0000] {dagbag.py:588} INFO - Filling up the DagBag from /opt/airflow/dags/branching_user_processing.py
[2026-01-17T05:42:46.603+0000] {processor.py:925} INFO - DAG(s) 'user_processing_branch' retrieved from /opt/airflow/dags/branching_user_processing.py
[2026-01-17T05:42:46.663+0000] {logging_mixin.py:190} INFO - [2026-01-17T05:42:46.663+0000] {dag.py:3239} INFO - Sync 1 DAGs
[2026-01-17T05:42:46.712+0000] {logging_mixin.py:190} INFO - [2026-01-17T05:42:46.712+0000] {dag.py:4180} INFO - Setting next_dagrun for user_processing_branch to 2026-01-16 00:00:00+00:00, run_after=2026-01-17 00:00:00+00:00
[2026-01-17T05:42:46.750+0000] {processor.py:208} INFO - Processing /opt/airflow/dags/branching_user_processing.py took 0.902 seconds
[2026-01-17T05:43:17.484+0000] {processor.py:186} INFO - Started process (PID=8804) to work on /opt/airflow/dags/branching_user_processing.py
[2026-01-17T05:43:17.487+0000] {processor.py:914} INFO - Processing file /opt/airflow/dags/branching_user_processing.py for tasks to queue
[2026-01-17T05:43:17.490+0000] {logging_mixin.py:190} INFO - [2026-01-17T05:43:17.489+0000] {dagbag.py:588} INFO - Filling up the DagBag from /opt/airflow/dags/branching_user_processing.py
[2026-01-17T05:43:18.112+0000] {processor.py:925} INFO - DAG(s) 'user_processing_branch' retrieved from /opt/airflow/dags/branching_user_processing.py
[2026-01-17T05:43:18.181+0000] {logging_mixin.py:190} INFO - [2026-01-17T05:43:18.181+0000] {dag.py:3239} INFO - Sync 1 DAGs
[2026-01-17T05:43:18.242+0000] {logging_mixin.py:190} INFO - [2026-01-17T05:43:18.241+0000] {dag.py:4180} INFO - Setting next_dagrun for user_processing_branch to 2026-01-16 00:00:00+00:00, run_after=2026-01-17 00:00:00+00:00
[2026-01-17T05:43:18.281+0000] {processor.py:208} INFO - Processing /opt/airflow/dags/branching_user_processing.py took 0.818 seconds
[2026-01-17T05:43:48.887+0000] {processor.py:186} INFO - Started process (PID=8828) to work on /opt/airflow/dags/branching_user_processing.py
[2026-01-17T05:43:48.889+0000] {processor.py:914} INFO - Processing file /opt/airflow/dags/branching_user_processing.py for tasks to queue
[2026-01-17T05:43:48.890+0000] {logging_mixin.py:190} INFO - [2026-01-17T05:43:48.890+0000] {dagbag.py:588} INFO - Filling up the DagBag from /opt/airflow/dags/branching_user_processing.py
[2026-01-17T05:43:49.609+0000] {processor.py:925} INFO - DAG(s) 'user_processing_branch' retrieved from /opt/airflow/dags/branching_user_processing.py
[2026-01-17T05:43:49.677+0000] {logging_mixin.py:190} INFO - [2026-01-17T05:43:49.676+0000] {dag.py:3239} INFO - Sync 1 DAGs
[2026-01-17T05:43:49.733+0000] {logging_mixin.py:190} INFO - [2026-01-17T05:43:49.732+0000] {dag.py:4180} INFO - Setting next_dagrun for user_processing_branch to 2026-01-16 00:00:00+00:00, run_after=2026-01-17 00:00:00+00:00
[2026-01-17T05:43:49.778+0000] {processor.py:208} INFO - Processing /opt/airflow/dags/branching_user_processing.py took 0.908 seconds
[2026-01-17T05:44:20.313+0000] {processor.py:186} INFO - Started process (PID=8852) to work on /opt/airflow/dags/branching_user_processing.py
[2026-01-17T05:44:20.316+0000] {processor.py:914} INFO - Processing file /opt/airflow/dags/branching_user_processing.py for tasks to queue
[2026-01-17T05:44:20.322+0000] {logging_mixin.py:190} INFO - [2026-01-17T05:44:20.321+0000] {dagbag.py:588} INFO - Filling up the DagBag from /opt/airflow/dags/branching_user_processing.py
[2026-01-17T05:44:21.103+0000] {processor.py:925} INFO - DAG(s) 'user_processing_branch' retrieved from /opt/airflow/dags/branching_user_processing.py
[2026-01-17T05:44:21.188+0000] {logging_mixin.py:190} INFO - [2026-01-17T05:44:21.187+0000] {dag.py:3239} INFO - Sync 1 DAGs
[2026-01-17T05:44:21.257+0000] {logging_mixin.py:190} INFO - [2026-01-17T05:44:21.256+0000] {dag.py:4180} INFO - Setting next_dagrun for user_processing_branch to 2026-01-16 00:00:00+00:00, run_after=2026-01-17 00:00:00+00:00
[2026-01-17T05:44:21.307+0000] {processor.py:208} INFO - Processing /opt/airflow/dags/branching_user_processing.py took 1.007 seconds
[2026-01-17T05:44:51.706+0000] {processor.py:186} INFO - Started process (PID=8876) to work on /opt/airflow/dags/branching_user_processing.py
[2026-01-17T05:44:51.709+0000] {processor.py:914} INFO - Processing file /opt/airflow/dags/branching_user_processing.py for tasks to queue
[2026-01-17T05:44:51.712+0000] {logging_mixin.py:190} INFO - [2026-01-17T05:44:51.711+0000] {dagbag.py:588} INFO - Filling up the DagBag from /opt/airflow/dags/branching_user_processing.py
[2026-01-17T05:44:52.295+0000] {processor.py:925} INFO - DAG(s) 'user_processing_branch' retrieved from /opt/airflow/dags/branching_user_processing.py
[2026-01-17T05:44:52.342+0000] {logging_mixin.py:190} INFO - [2026-01-17T05:44:52.341+0000] {dag.py:3239} INFO - Sync 1 DAGs
[2026-01-17T05:44:52.384+0000] {logging_mixin.py:190} INFO - [2026-01-17T05:44:52.383+0000] {dag.py:4180} INFO - Setting next_dagrun for user_processing_branch to 2026-01-16 00:00:00+00:00, run_after=2026-01-17 00:00:00+00:00
[2026-01-17T05:44:52.438+0000] {processor.py:208} INFO - Processing /opt/airflow/dags/branching_user_processing.py took 0.754 seconds
[2026-01-17T05:45:23.120+0000] {processor.py:186} INFO - Started process (PID=8900) to work on /opt/airflow/dags/branching_user_processing.py
[2026-01-17T05:45:23.125+0000] {processor.py:914} INFO - Processing file /opt/airflow/dags/branching_user_processing.py for tasks to queue
[2026-01-17T05:45:23.135+0000] {logging_mixin.py:190} INFO - [2026-01-17T05:45:23.129+0000] {dagbag.py:588} INFO - Filling up the DagBag from /opt/airflow/dags/branching_user_processing.py
[2026-01-17T05:45:23.729+0000] {processor.py:925} INFO - DAG(s) 'user_processing_branch' retrieved from /opt/airflow/dags/branching_user_processing.py
[2026-01-17T05:45:23.782+0000] {logging_mixin.py:190} INFO - [2026-01-17T05:45:23.781+0000] {dag.py:3239} INFO - Sync 1 DAGs
[2026-01-17T05:45:23.828+0000] {logging_mixin.py:190} INFO - [2026-01-17T05:45:23.828+0000] {dag.py:4180} INFO - Setting next_dagrun for user_processing_branch to 2026-01-16 00:00:00+00:00, run_after=2026-01-17 00:00:00+00:00
[2026-01-17T05:45:23.866+0000] {processor.py:208} INFO - Processing /opt/airflow/dags/branching_user_processing.py took 0.788 seconds
[2026-01-17T05:45:54.621+0000] {processor.py:186} INFO - Started process (PID=8924) to work on /opt/airflow/dags/branching_user_processing.py
[2026-01-17T05:45:54.626+0000] {processor.py:914} INFO - Processing file /opt/airflow/dags/branching_user_processing.py for tasks to queue
[2026-01-17T05:45:54.630+0000] {logging_mixin.py:190} INFO - [2026-01-17T05:45:54.629+0000] {dagbag.py:588} INFO - Filling up the DagBag from /opt/airflow/dags/branching_user_processing.py
[2026-01-17T05:45:55.205+0000] {processor.py:925} INFO - DAG(s) 'user_processing_branch' retrieved from /opt/airflow/dags/branching_user_processing.py
[2026-01-17T05:45:55.257+0000] {logging_mixin.py:190} INFO - [2026-01-17T05:45:55.256+0000] {dag.py:3239} INFO - Sync 1 DAGs
[2026-01-17T05:45:55.297+0000] {logging_mixin.py:190} INFO - [2026-01-17T05:45:55.296+0000] {dag.py:4180} INFO - Setting next_dagrun for user_processing_branch to 2026-01-16 00:00:00+00:00, run_after=2026-01-17 00:00:00+00:00
[2026-01-17T05:45:55.331+0000] {processor.py:208} INFO - Processing /opt/airflow/dags/branching_user_processing.py took 0.727 seconds
[2026-01-17T05:46:25.486+0000] {processor.py:186} INFO - Started process (PID=8948) to work on /opt/airflow/dags/branching_user_processing.py
[2026-01-17T05:46:25.487+0000] {processor.py:914} INFO - Processing file /opt/airflow/dags/branching_user_processing.py for tasks to queue
[2026-01-17T05:46:25.490+0000] {logging_mixin.py:190} INFO - [2026-01-17T05:46:25.489+0000] {dagbag.py:588} INFO - Filling up the DagBag from /opt/airflow/dags/branching_user_processing.py
[2026-01-17T05:46:26.027+0000] {processor.py:925} INFO - DAG(s) 'user_processing_branch' retrieved from /opt/airflow/dags/branching_user_processing.py
[2026-01-17T05:46:26.082+0000] {logging_mixin.py:190} INFO - [2026-01-17T05:46:26.081+0000] {dag.py:3239} INFO - Sync 1 DAGs
[2026-01-17T05:46:26.127+0000] {logging_mixin.py:190} INFO - [2026-01-17T05:46:26.127+0000] {dag.py:4180} INFO - Setting next_dagrun for user_processing_branch to 2026-01-16 00:00:00+00:00, run_after=2026-01-17 00:00:00+00:00
[2026-01-17T05:46:26.155+0000] {processor.py:208} INFO - Processing /opt/airflow/dags/branching_user_processing.py took 0.682 seconds
[2026-01-17T05:46:57.086+0000] {processor.py:186} INFO - Started process (PID=8973) to work on /opt/airflow/dags/branching_user_processing.py
[2026-01-17T05:46:57.088+0000] {processor.py:914} INFO - Processing file /opt/airflow/dags/branching_user_processing.py for tasks to queue
[2026-01-17T05:46:57.091+0000] {logging_mixin.py:190} INFO - [2026-01-17T05:46:57.090+0000] {dagbag.py:588} INFO - Filling up the DagBag from /opt/airflow/dags/branching_user_processing.py
[2026-01-17T05:46:57.657+0000] {processor.py:925} INFO - DAG(s) 'user_processing_branch' retrieved from /opt/airflow/dags/branching_user_processing.py
[2026-01-17T05:46:57.710+0000] {logging_mixin.py:190} INFO - [2026-01-17T05:46:57.709+0000] {dag.py:3239} INFO - Sync 1 DAGs
[2026-01-17T05:46:57.761+0000] {logging_mixin.py:190} INFO - [2026-01-17T05:46:57.761+0000] {dag.py:4180} INFO - Setting next_dagrun for user_processing_branch to 2026-01-16 00:00:00+00:00, run_after=2026-01-17 00:00:00+00:00
[2026-01-17T05:46:57.790+0000] {processor.py:208} INFO - Processing /opt/airflow/dags/branching_user_processing.py took 0.717 seconds
[2026-01-17T05:47:27.975+0000] {processor.py:186} INFO - Started process (PID=8997) to work on /opt/airflow/dags/branching_user_processing.py
[2026-01-17T05:47:27.977+0000] {processor.py:914} INFO - Processing file /opt/airflow/dags/branching_user_processing.py for tasks to queue
[2026-01-17T05:47:27.980+0000] {logging_mixin.py:190} INFO - [2026-01-17T05:47:27.979+0000] {dagbag.py:588} INFO - Filling up the DagBag from /opt/airflow/dags/branching_user_processing.py
[2026-01-17T05:47:28.584+0000] {processor.py:925} INFO - DAG(s) 'user_processing_branch' retrieved from /opt/airflow/dags/branching_user_processing.py
[2026-01-17T05:47:28.647+0000] {logging_mixin.py:190} INFO - [2026-01-17T05:47:28.646+0000] {dag.py:3239} INFO - Sync 1 DAGs
[2026-01-17T05:47:28.698+0000] {logging_mixin.py:190} INFO - [2026-01-17T05:47:28.697+0000] {dag.py:4180} INFO - Setting next_dagrun for user_processing_branch to 2026-01-16 00:00:00+00:00, run_after=2026-01-17 00:00:00+00:00
[2026-01-17T05:47:28.734+0000] {processor.py:208} INFO - Processing /opt/airflow/dags/branching_user_processing.py took 0.772 seconds
[2026-01-17T05:47:59.002+0000] {processor.py:186} INFO - Started process (PID=9021) to work on /opt/airflow/dags/branching_user_processing.py
[2026-01-17T05:47:59.005+0000] {processor.py:914} INFO - Processing file /opt/airflow/dags/branching_user_processing.py for tasks to queue
[2026-01-17T05:47:59.009+0000] {logging_mixin.py:190} INFO - [2026-01-17T05:47:59.007+0000] {dagbag.py:588} INFO - Filling up the DagBag from /opt/airflow/dags/branching_user_processing.py
[2026-01-17T05:47:59.634+0000] {processor.py:925} INFO - DAG(s) 'user_processing_branch' retrieved from /opt/airflow/dags/branching_user_processing.py
[2026-01-17T05:47:59.684+0000] {logging_mixin.py:190} INFO - [2026-01-17T05:47:59.684+0000] {dag.py:3239} INFO - Sync 1 DAGs
[2026-01-17T05:47:59.725+0000] {logging_mixin.py:190} INFO - [2026-01-17T05:47:59.724+0000] {dag.py:4180} INFO - Setting next_dagrun for user_processing_branch to 2026-01-16 00:00:00+00:00, run_after=2026-01-17 00:00:00+00:00
[2026-01-17T05:47:59.756+0000] {processor.py:208} INFO - Processing /opt/airflow/dags/branching_user_processing.py took 0.780 seconds
[2026-01-17T05:48:30.370+0000] {processor.py:186} INFO - Started process (PID=9046) to work on /opt/airflow/dags/branching_user_processing.py
[2026-01-17T05:48:30.373+0000] {processor.py:914} INFO - Processing file /opt/airflow/dags/branching_user_processing.py for tasks to queue
[2026-01-17T05:48:30.375+0000] {logging_mixin.py:190} INFO - [2026-01-17T05:48:30.374+0000] {dagbag.py:588} INFO - Filling up the DagBag from /opt/airflow/dags/branching_user_processing.py
[2026-01-17T05:48:30.930+0000] {processor.py:925} INFO - DAG(s) 'user_processing_branch' retrieved from /opt/airflow/dags/branching_user_processing.py
[2026-01-17T05:48:30.978+0000] {logging_mixin.py:190} INFO - [2026-01-17T05:48:30.977+0000] {dag.py:3239} INFO - Sync 1 DAGs
[2026-01-17T05:48:31.013+0000] {logging_mixin.py:190} INFO - [2026-01-17T05:48:31.013+0000] {dag.py:4180} INFO - Setting next_dagrun for user_processing_branch to 2026-01-16 00:00:00+00:00, run_after=2026-01-17 00:00:00+00:00
[2026-01-17T05:48:31.039+0000] {processor.py:208} INFO - Processing /opt/airflow/dags/branching_user_processing.py took 0.684 seconds
[2026-01-17T05:49:01.411+0000] {processor.py:186} INFO - Started process (PID=9072) to work on /opt/airflow/dags/branching_user_processing.py
[2026-01-17T05:49:01.413+0000] {processor.py:914} INFO - Processing file /opt/airflow/dags/branching_user_processing.py for tasks to queue
[2026-01-17T05:49:01.416+0000] {logging_mixin.py:190} INFO - [2026-01-17T05:49:01.415+0000] {dagbag.py:588} INFO - Filling up the DagBag from /opt/airflow/dags/branching_user_processing.py
[2026-01-17T05:49:01.945+0000] {processor.py:925} INFO - DAG(s) 'user_processing_branch' retrieved from /opt/airflow/dags/branching_user_processing.py
[2026-01-17T05:49:01.984+0000] {logging_mixin.py:190} INFO - [2026-01-17T05:49:01.984+0000] {dag.py:3239} INFO - Sync 1 DAGs
[2026-01-17T05:49:02.019+0000] {logging_mixin.py:190} INFO - [2026-01-17T05:49:02.018+0000] {dag.py:4180} INFO - Setting next_dagrun for user_processing_branch to 2026-01-16 00:00:00+00:00, run_after=2026-01-17 00:00:00+00:00
[2026-01-17T05:49:02.044+0000] {processor.py:208} INFO - Processing /opt/airflow/dags/branching_user_processing.py took 0.647 seconds
[2026-01-17T05:49:32.457+0000] {processor.py:186} INFO - Started process (PID=9094) to work on /opt/airflow/dags/branching_user_processing.py
[2026-01-17T05:49:32.458+0000] {processor.py:914} INFO - Processing file /opt/airflow/dags/branching_user_processing.py for tasks to queue
[2026-01-17T05:49:32.460+0000] {logging_mixin.py:190} INFO - [2026-01-17T05:49:32.460+0000] {dagbag.py:588} INFO - Filling up the DagBag from /opt/airflow/dags/branching_user_processing.py
[2026-01-17T05:49:33.000+0000] {processor.py:925} INFO - DAG(s) 'user_processing_branch' retrieved from /opt/airflow/dags/branching_user_processing.py
[2026-01-17T05:49:33.056+0000] {logging_mixin.py:190} INFO - [2026-01-17T05:49:33.055+0000] {dag.py:3239} INFO - Sync 1 DAGs
[2026-01-17T05:49:33.106+0000] {logging_mixin.py:190} INFO - [2026-01-17T05:49:33.105+0000] {dag.py:4180} INFO - Setting next_dagrun for user_processing_branch to 2026-01-16 00:00:00+00:00, run_after=2026-01-17 00:00:00+00:00
[2026-01-17T05:49:33.137+0000] {processor.py:208} INFO - Processing /opt/airflow/dags/branching_user_processing.py took 0.692 seconds
[2026-01-17T05:50:03.817+0000] {processor.py:186} INFO - Started process (PID=9118) to work on /opt/airflow/dags/branching_user_processing.py
[2026-01-17T05:50:03.819+0000] {processor.py:914} INFO - Processing file /opt/airflow/dags/branching_user_processing.py for tasks to queue
[2026-01-17T05:50:03.821+0000] {logging_mixin.py:190} INFO - [2026-01-17T05:50:03.820+0000] {dagbag.py:588} INFO - Filling up the DagBag from /opt/airflow/dags/branching_user_processing.py
[2026-01-17T05:50:04.410+0000] {processor.py:925} INFO - DAG(s) 'user_processing_branch' retrieved from /opt/airflow/dags/branching_user_processing.py
[2026-01-17T05:50:04.467+0000] {logging_mixin.py:190} INFO - [2026-01-17T05:50:04.466+0000] {dag.py:3239} INFO - Sync 1 DAGs
[2026-01-17T05:50:04.522+0000] {logging_mixin.py:190} INFO - [2026-01-17T05:50:04.522+0000] {dag.py:4180} INFO - Setting next_dagrun for user_processing_branch to 2026-01-16 00:00:00+00:00, run_after=2026-01-17 00:00:00+00:00
[2026-01-17T05:50:04.558+0000] {processor.py:208} INFO - Processing /opt/airflow/dags/branching_user_processing.py took 0.756 seconds
[2026-01-17T05:50:35.246+0000] {processor.py:186} INFO - Started process (PID=9142) to work on /opt/airflow/dags/branching_user_processing.py
[2026-01-17T05:50:35.248+0000] {processor.py:914} INFO - Processing file /opt/airflow/dags/branching_user_processing.py for tasks to queue
[2026-01-17T05:50:35.251+0000] {logging_mixin.py:190} INFO - [2026-01-17T05:50:35.251+0000] {dagbag.py:588} INFO - Filling up the DagBag from /opt/airflow/dags/branching_user_processing.py
[2026-01-17T05:50:35.827+0000] {processor.py:925} INFO - DAG(s) 'user_processing_branch' retrieved from /opt/airflow/dags/branching_user_processing.py
[2026-01-17T05:50:35.870+0000] {logging_mixin.py:190} INFO - [2026-01-17T05:50:35.869+0000] {dag.py:3239} INFO - Sync 1 DAGs
[2026-01-17T05:50:35.910+0000] {logging_mixin.py:190} INFO - [2026-01-17T05:50:35.910+0000] {dag.py:4180} INFO - Setting next_dagrun for user_processing_branch to 2026-01-16 00:00:00+00:00, run_after=2026-01-17 00:00:00+00:00
[2026-01-17T05:50:35.938+0000] {processor.py:208} INFO - Processing /opt/airflow/dags/branching_user_processing.py took 0.709 seconds
[2026-01-17T05:51:06.978+0000] {processor.py:186} INFO - Started process (PID=9168) to work on /opt/airflow/dags/branching_user_processing.py
[2026-01-17T05:51:06.981+0000] {processor.py:914} INFO - Processing file /opt/airflow/dags/branching_user_processing.py for tasks to queue
[2026-01-17T05:51:06.983+0000] {logging_mixin.py:190} INFO - [2026-01-17T05:51:06.982+0000] {dagbag.py:588} INFO - Filling up the DagBag from /opt/airflow/dags/branching_user_processing.py
[2026-01-17T05:51:07.575+0000] {processor.py:925} INFO - DAG(s) 'user_processing_branch' retrieved from /opt/airflow/dags/branching_user_processing.py
[2026-01-17T05:51:07.626+0000] {logging_mixin.py:190} INFO - [2026-01-17T05:51:07.625+0000] {dag.py:3239} INFO - Sync 1 DAGs
[2026-01-17T05:51:07.672+0000] {logging_mixin.py:190} INFO - [2026-01-17T05:51:07.672+0000] {dag.py:4180} INFO - Setting next_dagrun for user_processing_branch to 2026-01-16 00:00:00+00:00, run_after=2026-01-17 00:00:00+00:00
[2026-01-17T05:51:07.696+0000] {processor.py:208} INFO - Processing /opt/airflow/dags/branching_user_processing.py took 0.735 seconds
[2026-01-17T05:51:38.439+0000] {processor.py:186} INFO - Started process (PID=9193) to work on /opt/airflow/dags/branching_user_processing.py
[2026-01-17T05:51:38.440+0000] {processor.py:914} INFO - Processing file /opt/airflow/dags/branching_user_processing.py for tasks to queue
[2026-01-17T05:51:38.442+0000] {logging_mixin.py:190} INFO - [2026-01-17T05:51:38.442+0000] {dagbag.py:588} INFO - Filling up the DagBag from /opt/airflow/dags/branching_user_processing.py
[2026-01-17T05:51:39.027+0000] {processor.py:925} INFO - DAG(s) 'user_processing_branch' retrieved from /opt/airflow/dags/branching_user_processing.py
[2026-01-17T05:51:39.080+0000] {logging_mixin.py:190} INFO - [2026-01-17T05:51:39.079+0000] {dag.py:3239} INFO - Sync 1 DAGs
[2026-01-17T05:51:39.128+0000] {logging_mixin.py:190} INFO - [2026-01-17T05:51:39.128+0000] {dag.py:4180} INFO - Setting next_dagrun for user_processing_branch to 2026-01-16 00:00:00+00:00, run_after=2026-01-17 00:00:00+00:00
[2026-01-17T05:51:39.161+0000] {processor.py:208} INFO - Processing /opt/airflow/dags/branching_user_processing.py took 0.736 seconds
[2026-01-17T05:52:09.546+0000] {processor.py:186} INFO - Started process (PID=9218) to work on /opt/airflow/dags/branching_user_processing.py
[2026-01-17T05:52:09.548+0000] {processor.py:914} INFO - Processing file /opt/airflow/dags/branching_user_processing.py for tasks to queue
[2026-01-17T05:52:09.550+0000] {logging_mixin.py:190} INFO - [2026-01-17T05:52:09.550+0000] {dagbag.py:588} INFO - Filling up the DagBag from /opt/airflow/dags/branching_user_processing.py
[2026-01-17T05:52:10.024+0000] {processor.py:925} INFO - DAG(s) 'user_processing_branch' retrieved from /opt/airflow/dags/branching_user_processing.py
[2026-01-17T05:52:10.074+0000] {logging_mixin.py:190} INFO - [2026-01-17T05:52:10.073+0000] {dag.py:3239} INFO - Sync 1 DAGs
[2026-01-17T05:52:10.109+0000] {logging_mixin.py:190} INFO - [2026-01-17T05:52:10.108+0000] {dag.py:4180} INFO - Setting next_dagrun for user_processing_branch to 2026-01-16 00:00:00+00:00, run_after=2026-01-17 00:00:00+00:00
[2026-01-17T05:52:10.134+0000] {processor.py:208} INFO - Processing /opt/airflow/dags/branching_user_processing.py took 0.602 seconds
[2026-01-17T05:52:40.457+0000] {processor.py:186} INFO - Started process (PID=9242) to work on /opt/airflow/dags/branching_user_processing.py
[2026-01-17T05:52:40.459+0000] {processor.py:914} INFO - Processing file /opt/airflow/dags/branching_user_processing.py for tasks to queue
[2026-01-17T05:52:40.465+0000] {logging_mixin.py:190} INFO - [2026-01-17T05:52:40.462+0000] {dagbag.py:588} INFO - Filling up the DagBag from /opt/airflow/dags/branching_user_processing.py
[2026-01-17T05:52:40.939+0000] {processor.py:925} INFO - DAG(s) 'user_processing_branch' retrieved from /opt/airflow/dags/branching_user_processing.py
[2026-01-17T05:52:40.980+0000] {logging_mixin.py:190} INFO - [2026-01-17T05:52:40.980+0000] {dag.py:3239} INFO - Sync 1 DAGs
[2026-01-17T05:52:41.015+0000] {logging_mixin.py:190} INFO - [2026-01-17T05:52:41.015+0000] {dag.py:4180} INFO - Setting next_dagrun for user_processing_branch to 2026-01-16 00:00:00+00:00, run_after=2026-01-17 00:00:00+00:00
[2026-01-17T05:52:41.043+0000] {processor.py:208} INFO - Processing /opt/airflow/dags/branching_user_processing.py took 0.601 seconds
[2026-01-17T05:53:11.331+0000] {processor.py:186} INFO - Started process (PID=9265) to work on /opt/airflow/dags/branching_user_processing.py
[2026-01-17T05:53:11.332+0000] {processor.py:914} INFO - Processing file /opt/airflow/dags/branching_user_processing.py for tasks to queue
[2026-01-17T05:53:11.335+0000] {logging_mixin.py:190} INFO - [2026-01-17T05:53:11.334+0000] {dagbag.py:588} INFO - Filling up the DagBag from /opt/airflow/dags/branching_user_processing.py
[2026-01-17T05:53:11.879+0000] {processor.py:925} INFO - DAG(s) 'user_processing_branch' retrieved from /opt/airflow/dags/branching_user_processing.py
[2026-01-17T05:53:11.928+0000] {logging_mixin.py:190} INFO - [2026-01-17T05:53:11.927+0000] {dag.py:3239} INFO - Sync 1 DAGs
[2026-01-17T05:53:11.971+0000] {logging_mixin.py:190} INFO - [2026-01-17T05:53:11.971+0000] {dag.py:4180} INFO - Setting next_dagrun for user_processing_branch to 2026-01-16 00:00:00+00:00, run_after=2026-01-17 00:00:00+00:00
[2026-01-17T05:53:12.010+0000] {processor.py:208} INFO - Processing /opt/airflow/dags/branching_user_processing.py took 0.692 seconds
[2026-01-17T05:53:42.672+0000] {processor.py:186} INFO - Started process (PID=9289) to work on /opt/airflow/dags/branching_user_processing.py
[2026-01-17T05:53:42.674+0000] {processor.py:914} INFO - Processing file /opt/airflow/dags/branching_user_processing.py for tasks to queue
[2026-01-17T05:53:42.677+0000] {logging_mixin.py:190} INFO - [2026-01-17T05:53:42.676+0000] {dagbag.py:588} INFO - Filling up the DagBag from /opt/airflow/dags/branching_user_processing.py
[2026-01-17T05:53:43.182+0000] {processor.py:925} INFO - DAG(s) 'user_processing_branch' retrieved from /opt/airflow/dags/branching_user_processing.py
[2026-01-17T05:53:43.241+0000] {logging_mixin.py:190} INFO - [2026-01-17T05:53:43.240+0000] {dag.py:3239} INFO - Sync 1 DAGs
[2026-01-17T05:53:43.287+0000] {logging_mixin.py:190} INFO - [2026-01-17T05:53:43.287+0000] {dag.py:4180} INFO - Setting next_dagrun for user_processing_branch to 2026-01-16 00:00:00+00:00, run_after=2026-01-17 00:00:00+00:00
[2026-01-17T05:53:43.325+0000] {processor.py:208} INFO - Processing /opt/airflow/dags/branching_user_processing.py took 0.667 seconds
[2026-01-17T05:54:14.127+0000] {processor.py:186} INFO - Started process (PID=9313) to work on /opt/airflow/dags/branching_user_processing.py
[2026-01-17T05:54:14.129+0000] {processor.py:914} INFO - Processing file /opt/airflow/dags/branching_user_processing.py for tasks to queue
[2026-01-17T05:54:14.131+0000] {logging_mixin.py:190} INFO - [2026-01-17T05:54:14.131+0000] {dagbag.py:588} INFO - Filling up the DagBag from /opt/airflow/dags/branching_user_processing.py
[2026-01-17T05:54:14.703+0000] {processor.py:925} INFO - DAG(s) 'user_processing_branch' retrieved from /opt/airflow/dags/branching_user_processing.py
[2026-01-17T05:54:14.756+0000] {logging_mixin.py:190} INFO - [2026-01-17T05:54:14.755+0000] {dag.py:3239} INFO - Sync 1 DAGs
[2026-01-17T05:54:14.797+0000] {logging_mixin.py:190} INFO - [2026-01-17T05:54:14.797+0000] {dag.py:4180} INFO - Setting next_dagrun for user_processing_branch to 2026-01-16 00:00:00+00:00, run_after=2026-01-17 00:00:00+00:00
[2026-01-17T05:54:14.832+0000] {processor.py:208} INFO - Processing /opt/airflow/dags/branching_user_processing.py took 0.718 seconds
[2026-01-17T05:54:45.449+0000] {processor.py:186} INFO - Started process (PID=9337) to work on /opt/airflow/dags/branching_user_processing.py
[2026-01-17T05:54:45.451+0000] {processor.py:914} INFO - Processing file /opt/airflow/dags/branching_user_processing.py for tasks to queue
[2026-01-17T05:54:45.455+0000] {logging_mixin.py:190} INFO - [2026-01-17T05:54:45.454+0000] {dagbag.py:588} INFO - Filling up the DagBag from /opt/airflow/dags/branching_user_processing.py
[2026-01-17T05:54:46.049+0000] {processor.py:925} INFO - DAG(s) 'user_processing_branch' retrieved from /opt/airflow/dags/branching_user_processing.py
[2026-01-17T05:54:46.102+0000] {logging_mixin.py:190} INFO - [2026-01-17T05:54:46.101+0000] {dag.py:3239} INFO - Sync 1 DAGs
[2026-01-17T05:54:46.149+0000] {logging_mixin.py:190} INFO - [2026-01-17T05:54:46.149+0000] {dag.py:4180} INFO - Setting next_dagrun for user_processing_branch to 2026-01-16 00:00:00+00:00, run_after=2026-01-17 00:00:00+00:00
[2026-01-17T05:54:46.189+0000] {processor.py:208} INFO - Processing /opt/airflow/dags/branching_user_processing.py took 0.761 seconds
[2026-01-17T05:55:17.068+0000] {processor.py:186} INFO - Started process (PID=9361) to work on /opt/airflow/dags/branching_user_processing.py
[2026-01-17T05:55:17.070+0000] {processor.py:914} INFO - Processing file /opt/airflow/dags/branching_user_processing.py for tasks to queue
[2026-01-17T05:55:17.073+0000] {logging_mixin.py:190} INFO - [2026-01-17T05:55:17.072+0000] {dagbag.py:588} INFO - Filling up the DagBag from /opt/airflow/dags/branching_user_processing.py
[2026-01-17T05:55:17.693+0000] {processor.py:925} INFO - DAG(s) 'user_processing_branch' retrieved from /opt/airflow/dags/branching_user_processing.py
[2026-01-17T05:55:17.739+0000] {logging_mixin.py:190} INFO - [2026-01-17T05:55:17.739+0000] {dag.py:3239} INFO - Sync 1 DAGs
[2026-01-17T05:55:17.784+0000] {logging_mixin.py:190} INFO - [2026-01-17T05:55:17.783+0000] {dag.py:4180} INFO - Setting next_dagrun for user_processing_branch to 2026-01-16 00:00:00+00:00, run_after=2026-01-17 00:00:00+00:00
[2026-01-17T05:55:17.823+0000] {processor.py:208} INFO - Processing /opt/airflow/dags/branching_user_processing.py took 0.770 seconds
[2026-01-17T05:55:48.639+0000] {processor.py:186} INFO - Started process (PID=9385) to work on /opt/airflow/dags/branching_user_processing.py
[2026-01-17T05:55:48.641+0000] {processor.py:914} INFO - Processing file /opt/airflow/dags/branching_user_processing.py for tasks to queue
[2026-01-17T05:55:48.643+0000] {logging_mixin.py:190} INFO - [2026-01-17T05:55:48.642+0000] {dagbag.py:588} INFO - Filling up the DagBag from /opt/airflow/dags/branching_user_processing.py
[2026-01-17T05:55:49.248+0000] {processor.py:925} INFO - DAG(s) 'user_processing_branch' retrieved from /opt/airflow/dags/branching_user_processing.py
[2026-01-17T05:55:49.321+0000] {logging_mixin.py:190} INFO - [2026-01-17T05:55:49.320+0000] {dag.py:3239} INFO - Sync 1 DAGs
[2026-01-17T05:55:49.378+0000] {logging_mixin.py:190} INFO - [2026-01-17T05:55:49.378+0000] {dag.py:4180} INFO - Setting next_dagrun for user_processing_branch to 2026-01-16 00:00:00+00:00, run_after=2026-01-17 00:00:00+00:00
[2026-01-17T05:55:49.419+0000] {processor.py:208} INFO - Processing /opt/airflow/dags/branching_user_processing.py took 0.794 seconds
[2026-01-17T05:56:19.859+0000] {processor.py:186} INFO - Started process (PID=9416) to work on /opt/airflow/dags/branching_user_processing.py
[2026-01-17T05:56:19.862+0000] {processor.py:914} INFO - Processing file /opt/airflow/dags/branching_user_processing.py for tasks to queue
[2026-01-17T05:56:19.864+0000] {logging_mixin.py:190} INFO - [2026-01-17T05:56:19.864+0000] {dagbag.py:588} INFO - Filling up the DagBag from /opt/airflow/dags/branching_user_processing.py
[2026-01-17T05:56:20.365+0000] {processor.py:925} INFO - DAG(s) 'user_processing_branch' retrieved from /opt/airflow/dags/branching_user_processing.py
[2026-01-17T05:56:20.415+0000] {logging_mixin.py:190} INFO - [2026-01-17T05:56:20.414+0000] {dag.py:3239} INFO - Sync 1 DAGs
[2026-01-17T05:56:20.462+0000] {logging_mixin.py:190} INFO - [2026-01-17T05:56:20.462+0000] {dag.py:4180} INFO - Setting next_dagrun for user_processing_branch to 2026-01-16 00:00:00+00:00, run_after=2026-01-17 00:00:00+00:00
[2026-01-17T05:56:20.493+0000] {processor.py:208} INFO - Processing /opt/airflow/dags/branching_user_processing.py took 0.650 seconds
[2026-01-17T05:56:51.480+0000] {processor.py:186} INFO - Started process (PID=9440) to work on /opt/airflow/dags/branching_user_processing.py
[2026-01-17T05:56:51.483+0000] {processor.py:914} INFO - Processing file /opt/airflow/dags/branching_user_processing.py for tasks to queue
[2026-01-17T05:56:51.485+0000] {logging_mixin.py:190} INFO - [2026-01-17T05:56:51.485+0000] {dagbag.py:588} INFO - Filling up the DagBag from /opt/airflow/dags/branching_user_processing.py
[2026-01-17T05:56:52.035+0000] {processor.py:925} INFO - DAG(s) 'user_processing_branch' retrieved from /opt/airflow/dags/branching_user_processing.py
[2026-01-17T05:56:52.092+0000] {logging_mixin.py:190} INFO - [2026-01-17T05:56:52.091+0000] {dag.py:3239} INFO - Sync 1 DAGs
[2026-01-17T05:56:52.128+0000] {logging_mixin.py:190} INFO - [2026-01-17T05:56:52.128+0000] {dag.py:4180} INFO - Setting next_dagrun for user_processing_branch to 2026-01-16 00:00:00+00:00, run_after=2026-01-17 00:00:00+00:00
[2026-01-17T05:56:52.159+0000] {processor.py:208} INFO - Processing /opt/airflow/dags/branching_user_processing.py took 0.692 seconds
[2026-01-17T05:57:23.123+0000] {processor.py:186} INFO - Started process (PID=9465) to work on /opt/airflow/dags/branching_user_processing.py
[2026-01-17T05:57:23.125+0000] {processor.py:914} INFO - Processing file /opt/airflow/dags/branching_user_processing.py for tasks to queue
[2026-01-17T05:57:23.128+0000] {logging_mixin.py:190} INFO - [2026-01-17T05:57:23.127+0000] {dagbag.py:588} INFO - Filling up the DagBag from /opt/airflow/dags/branching_user_processing.py
[2026-01-17T05:57:23.687+0000] {processor.py:925} INFO - DAG(s) 'user_processing_branch' retrieved from /opt/airflow/dags/branching_user_processing.py
[2026-01-17T05:57:23.734+0000] {logging_mixin.py:190} INFO - [2026-01-17T05:57:23.733+0000] {dag.py:3239} INFO - Sync 1 DAGs
[2026-01-17T05:57:23.786+0000] {logging_mixin.py:190} INFO - [2026-01-17T05:57:23.786+0000] {dag.py:4180} INFO - Setting next_dagrun for user_processing_branch to 2026-01-16 00:00:00+00:00, run_after=2026-01-17 00:00:00+00:00
[2026-01-17T05:57:23.818+0000] {processor.py:208} INFO - Processing /opt/airflow/dags/branching_user_processing.py took 0.707 seconds
[2026-01-17T05:57:54.407+0000] {processor.py:186} INFO - Started process (PID=9489) to work on /opt/airflow/dags/branching_user_processing.py
[2026-01-17T05:57:54.409+0000] {processor.py:914} INFO - Processing file /opt/airflow/dags/branching_user_processing.py for tasks to queue
[2026-01-17T05:57:54.411+0000] {logging_mixin.py:190} INFO - [2026-01-17T05:57:54.411+0000] {dagbag.py:588} INFO - Filling up the DagBag from /opt/airflow/dags/branching_user_processing.py
[2026-01-17T05:57:54.960+0000] {processor.py:925} INFO - DAG(s) 'user_processing_branch' retrieved from /opt/airflow/dags/branching_user_processing.py
[2026-01-17T05:57:55.003+0000] {logging_mixin.py:190} INFO - [2026-01-17T05:57:55.002+0000] {dag.py:3239} INFO - Sync 1 DAGs
[2026-01-17T05:57:55.040+0000] {logging_mixin.py:190} INFO - [2026-01-17T05:57:55.039+0000] {dag.py:4180} INFO - Setting next_dagrun for user_processing_branch to 2026-01-16 00:00:00+00:00, run_after=2026-01-17 00:00:00+00:00
[2026-01-17T05:57:55.071+0000] {processor.py:208} INFO - Processing /opt/airflow/dags/branching_user_processing.py took 0.682 seconds
[2026-01-17T05:58:25.597+0000] {processor.py:186} INFO - Started process (PID=9513) to work on /opt/airflow/dags/branching_user_processing.py
[2026-01-17T05:58:25.600+0000] {processor.py:914} INFO - Processing file /opt/airflow/dags/branching_user_processing.py for tasks to queue
[2026-01-17T05:58:25.602+0000] {logging_mixin.py:190} INFO - [2026-01-17T05:58:25.601+0000] {dagbag.py:588} INFO - Filling up the DagBag from /opt/airflow/dags/branching_user_processing.py
[2026-01-17T05:58:26.131+0000] {processor.py:925} INFO - DAG(s) 'user_processing_branch' retrieved from /opt/airflow/dags/branching_user_processing.py
[2026-01-17T05:58:26.179+0000] {logging_mixin.py:190} INFO - [2026-01-17T05:58:26.178+0000] {dag.py:3239} INFO - Sync 1 DAGs
[2026-01-17T05:58:26.228+0000] {logging_mixin.py:190} INFO - [2026-01-17T05:58:26.228+0000] {dag.py:4180} INFO - Setting next_dagrun for user_processing_branch to 2026-01-16 00:00:00+00:00, run_after=2026-01-17 00:00:00+00:00
[2026-01-17T05:58:26.257+0000] {processor.py:208} INFO - Processing /opt/airflow/dags/branching_user_processing.py took 0.675 seconds
[2026-01-17T05:58:56.900+0000] {processor.py:186} INFO - Started process (PID=9537) to work on /opt/airflow/dags/branching_user_processing.py
[2026-01-17T05:58:56.901+0000] {processor.py:914} INFO - Processing file /opt/airflow/dags/branching_user_processing.py for tasks to queue
[2026-01-17T05:58:56.904+0000] {logging_mixin.py:190} INFO - [2026-01-17T05:58:56.903+0000] {dagbag.py:588} INFO - Filling up the DagBag from /opt/airflow/dags/branching_user_processing.py
[2026-01-17T05:58:57.423+0000] {processor.py:925} INFO - DAG(s) 'user_processing_branch' retrieved from /opt/airflow/dags/branching_user_processing.py
[2026-01-17T05:58:57.466+0000] {logging_mixin.py:190} INFO - [2026-01-17T05:58:57.466+0000] {dag.py:3239} INFO - Sync 1 DAGs
[2026-01-17T05:58:57.502+0000] {logging_mixin.py:190} INFO - [2026-01-17T05:58:57.501+0000] {dag.py:4180} INFO - Setting next_dagrun for user_processing_branch to 2026-01-16 00:00:00+00:00, run_after=2026-01-17 00:00:00+00:00
[2026-01-17T05:58:57.532+0000] {processor.py:208} INFO - Processing /opt/airflow/dags/branching_user_processing.py took 0.645 seconds
[2026-01-17T05:59:28.156+0000] {processor.py:186} INFO - Started process (PID=9561) to work on /opt/airflow/dags/branching_user_processing.py
[2026-01-17T05:59:28.158+0000] {processor.py:914} INFO - Processing file /opt/airflow/dags/branching_user_processing.py for tasks to queue
[2026-01-17T05:59:28.161+0000] {logging_mixin.py:190} INFO - [2026-01-17T05:59:28.161+0000] {dagbag.py:588} INFO - Filling up the DagBag from /opt/airflow/dags/branching_user_processing.py
[2026-01-17T05:59:28.749+0000] {processor.py:925} INFO - DAG(s) 'user_processing_branch' retrieved from /opt/airflow/dags/branching_user_processing.py
[2026-01-17T05:59:28.782+0000] {logging_mixin.py:190} INFO - [2026-01-17T05:59:28.781+0000] {dag.py:3239} INFO - Sync 1 DAGs
[2026-01-17T05:59:28.824+0000] {logging_mixin.py:190} INFO - [2026-01-17T05:59:28.824+0000] {dag.py:4180} INFO - Setting next_dagrun for user_processing_branch to 2026-01-16 00:00:00+00:00, run_after=2026-01-17 00:00:00+00:00
[2026-01-17T05:59:28.852+0000] {processor.py:208} INFO - Processing /opt/airflow/dags/branching_user_processing.py took 0.711 seconds
[2026-01-17T05:59:59.488+0000] {processor.py:186} INFO - Started process (PID=9585) to work on /opt/airflow/dags/branching_user_processing.py
[2026-01-17T05:59:59.489+0000] {processor.py:914} INFO - Processing file /opt/airflow/dags/branching_user_processing.py for tasks to queue
[2026-01-17T05:59:59.492+0000] {logging_mixin.py:190} INFO - [2026-01-17T05:59:59.491+0000] {dagbag.py:588} INFO - Filling up the DagBag from /opt/airflow/dags/branching_user_processing.py
[2026-01-17T06:00:00.032+0000] {processor.py:925} INFO - DAG(s) 'user_processing_branch' retrieved from /opt/airflow/dags/branching_user_processing.py
[2026-01-17T06:00:00.080+0000] {logging_mixin.py:190} INFO - [2026-01-17T06:00:00.079+0000] {dag.py:3239} INFO - Sync 1 DAGs
[2026-01-17T06:00:00.126+0000] {logging_mixin.py:190} INFO - [2026-01-17T06:00:00.125+0000] {dag.py:4180} INFO - Setting next_dagrun for user_processing_branch to 2026-01-16 00:00:00+00:00, run_after=2026-01-17 00:00:00+00:00
[2026-01-17T06:00:00.151+0000] {processor.py:208} INFO - Processing /opt/airflow/dags/branching_user_processing.py took 0.674 seconds
[2026-01-17T06:00:30.789+0000] {processor.py:186} INFO - Started process (PID=9609) to work on /opt/airflow/dags/branching_user_processing.py
[2026-01-17T06:00:30.791+0000] {processor.py:914} INFO - Processing file /opt/airflow/dags/branching_user_processing.py for tasks to queue
[2026-01-17T06:00:30.794+0000] {logging_mixin.py:190} INFO - [2026-01-17T06:00:30.793+0000] {dagbag.py:588} INFO - Filling up the DagBag from /opt/airflow/dags/branching_user_processing.py
[2026-01-17T06:00:31.409+0000] {processor.py:925} INFO - DAG(s) 'user_processing_branch' retrieved from /opt/airflow/dags/branching_user_processing.py
[2026-01-17T06:00:31.462+0000] {logging_mixin.py:190} INFO - [2026-01-17T06:00:31.461+0000] {dag.py:3239} INFO - Sync 1 DAGs
[2026-01-17T06:00:31.500+0000] {logging_mixin.py:190} INFO - [2026-01-17T06:00:31.500+0000] {dag.py:4180} INFO - Setting next_dagrun for user_processing_branch to 2026-01-16 00:00:00+00:00, run_after=2026-01-17 00:00:00+00:00
[2026-01-17T06:00:31.530+0000] {processor.py:208} INFO - Processing /opt/airflow/dags/branching_user_processing.py took 0.758 seconds
[2026-01-17T06:01:02.262+0000] {processor.py:186} INFO - Started process (PID=9633) to work on /opt/airflow/dags/branching_user_processing.py
[2026-01-17T06:01:02.264+0000] {processor.py:914} INFO - Processing file /opt/airflow/dags/branching_user_processing.py for tasks to queue
[2026-01-17T06:01:02.268+0000] {logging_mixin.py:190} INFO - [2026-01-17T06:01:02.267+0000] {dagbag.py:588} INFO - Filling up the DagBag from /opt/airflow/dags/branching_user_processing.py
[2026-01-17T06:01:02.823+0000] {processor.py:925} INFO - DAG(s) 'user_processing_branch' retrieved from /opt/airflow/dags/branching_user_processing.py
[2026-01-17T06:01:02.879+0000] {logging_mixin.py:190} INFO - [2026-01-17T06:01:02.878+0000] {dag.py:3239} INFO - Sync 1 DAGs
[2026-01-17T06:01:02.926+0000] {logging_mixin.py:190} INFO - [2026-01-17T06:01:02.926+0000] {dag.py:4180} INFO - Setting next_dagrun for user_processing_branch to 2026-01-16 00:00:00+00:00, run_after=2026-01-17 00:00:00+00:00
[2026-01-17T06:01:02.955+0000] {processor.py:208} INFO - Processing /opt/airflow/dags/branching_user_processing.py took 0.708 seconds
[2026-01-17T06:01:33.119+0000] {processor.py:186} INFO - Started process (PID=9657) to work on /opt/airflow/dags/branching_user_processing.py
[2026-01-17T06:01:33.121+0000] {processor.py:914} INFO - Processing file /opt/airflow/dags/branching_user_processing.py for tasks to queue
[2026-01-17T06:01:33.124+0000] {logging_mixin.py:190} INFO - [2026-01-17T06:01:33.123+0000] {dagbag.py:588} INFO - Filling up the DagBag from /opt/airflow/dags/branching_user_processing.py
[2026-01-17T06:01:33.838+0000] {processor.py:925} INFO - DAG(s) 'user_processing_branch' retrieved from /opt/airflow/dags/branching_user_processing.py
[2026-01-17T06:01:33.887+0000] {logging_mixin.py:190} INFO - [2026-01-17T06:01:33.886+0000] {dag.py:3239} INFO - Sync 1 DAGs
[2026-01-17T06:01:33.938+0000] {logging_mixin.py:190} INFO - [2026-01-17T06:01:33.937+0000] {dag.py:4180} INFO - Setting next_dagrun for user_processing_branch to 2026-01-16 00:00:00+00:00, run_after=2026-01-17 00:00:00+00:00
[2026-01-17T06:01:33.969+0000] {processor.py:208} INFO - Processing /opt/airflow/dags/branching_user_processing.py took 0.867 seconds
[2026-01-17T06:02:04.685+0000] {processor.py:186} INFO - Started process (PID=9682) to work on /opt/airflow/dags/branching_user_processing.py
[2026-01-17T06:02:04.687+0000] {processor.py:914} INFO - Processing file /opt/airflow/dags/branching_user_processing.py for tasks to queue
[2026-01-17T06:02:04.690+0000] {logging_mixin.py:190} INFO - [2026-01-17T06:02:04.689+0000] {dagbag.py:588} INFO - Filling up the DagBag from /opt/airflow/dags/branching_user_processing.py
[2026-01-17T06:02:05.263+0000] {processor.py:925} INFO - DAG(s) 'user_processing_branch' retrieved from /opt/airflow/dags/branching_user_processing.py
[2026-01-17T06:02:05.305+0000] {logging_mixin.py:190} INFO - [2026-01-17T06:02:05.304+0000] {dag.py:3239} INFO - Sync 1 DAGs
[2026-01-17T06:02:05.354+0000] {logging_mixin.py:190} INFO - [2026-01-17T06:02:05.354+0000] {dag.py:4180} INFO - Setting next_dagrun for user_processing_branch to 2026-01-16 00:00:00+00:00, run_after=2026-01-17 00:00:00+00:00
[2026-01-17T06:02:05.395+0000] {processor.py:208} INFO - Processing /opt/airflow/dags/branching_user_processing.py took 0.723 seconds
[2026-01-17T06:02:35.596+0000] {processor.py:186} INFO - Started process (PID=9705) to work on /opt/airflow/dags/branching_user_processing.py
[2026-01-17T06:02:35.600+0000] {processor.py:914} INFO - Processing file /opt/airflow/dags/branching_user_processing.py for tasks to queue
[2026-01-17T06:02:35.602+0000] {logging_mixin.py:190} INFO - [2026-01-17T06:02:35.602+0000] {dagbag.py:588} INFO - Filling up the DagBag from /opt/airflow/dags/branching_user_processing.py
[2026-01-17T06:02:36.186+0000] {processor.py:925} INFO - DAG(s) 'user_processing_branch' retrieved from /opt/airflow/dags/branching_user_processing.py
[2026-01-17T06:02:36.237+0000] {logging_mixin.py:190} INFO - [2026-01-17T06:02:36.236+0000] {dag.py:3239} INFO - Sync 1 DAGs
[2026-01-17T06:02:36.280+0000] {logging_mixin.py:190} INFO - [2026-01-17T06:02:36.279+0000] {dag.py:4180} INFO - Setting next_dagrun for user_processing_branch to 2026-01-16 00:00:00+00:00, run_after=2026-01-17 00:00:00+00:00
[2026-01-17T06:02:36.310+0000] {processor.py:208} INFO - Processing /opt/airflow/dags/branching_user_processing.py took 0.731 seconds
[2026-01-17T06:03:06.734+0000] {processor.py:186} INFO - Started process (PID=9728) to work on /opt/airflow/dags/branching_user_processing.py
[2026-01-17T06:03:06.737+0000] {processor.py:914} INFO - Processing file /opt/airflow/dags/branching_user_processing.py for tasks to queue
[2026-01-17T06:03:06.744+0000] {logging_mixin.py:190} INFO - [2026-01-17T06:03:06.739+0000] {dagbag.py:588} INFO - Filling up the DagBag from /opt/airflow/dags/branching_user_processing.py
[2026-01-17T06:03:07.697+0000] {processor.py:925} INFO - DAG(s) 'user_processing_branch' retrieved from /opt/airflow/dags/branching_user_processing.py
[2026-01-17T06:03:07.776+0000] {logging_mixin.py:190} INFO - [2026-01-17T06:03:07.775+0000] {dag.py:3239} INFO - Sync 1 DAGs
[2026-01-17T06:03:07.844+0000] {logging_mixin.py:190} INFO - [2026-01-17T06:03:07.844+0000] {dag.py:4180} INFO - Setting next_dagrun for user_processing_branch to 2026-01-16 00:00:00+00:00, run_after=2026-01-17 00:00:00+00:00
[2026-01-17T06:03:07.903+0000] {processor.py:208} INFO - Processing /opt/airflow/dags/branching_user_processing.py took 1.189 seconds
[2026-01-17T06:03:38.198+0000] {processor.py:186} INFO - Started process (PID=9752) to work on /opt/airflow/dags/branching_user_processing.py
[2026-01-17T06:03:38.200+0000] {processor.py:914} INFO - Processing file /opt/airflow/dags/branching_user_processing.py for tasks to queue
[2026-01-17T06:03:38.203+0000] {logging_mixin.py:190} INFO - [2026-01-17T06:03:38.202+0000] {dagbag.py:588} INFO - Filling up the DagBag from /opt/airflow/dags/branching_user_processing.py
[2026-01-17T06:03:38.979+0000] {processor.py:925} INFO - DAG(s) 'user_processing_branch' retrieved from /opt/airflow/dags/branching_user_processing.py
[2026-01-17T06:03:39.036+0000] {logging_mixin.py:190} INFO - [2026-01-17T06:03:39.035+0000] {dag.py:3239} INFO - Sync 1 DAGs
[2026-01-17T06:03:39.101+0000] {logging_mixin.py:190} INFO - [2026-01-17T06:03:39.101+0000] {dag.py:4180} INFO - Setting next_dagrun for user_processing_branch to 2026-01-16 00:00:00+00:00, run_after=2026-01-17 00:00:00+00:00
[2026-01-17T06:03:39.141+0000] {processor.py:208} INFO - Processing /opt/airflow/dags/branching_user_processing.py took 0.966 seconds
[2026-01-17T06:04:09.237+0000] {processor.py:186} INFO - Started process (PID=9776) to work on /opt/airflow/dags/branching_user_processing.py
[2026-01-17T06:04:09.239+0000] {processor.py:914} INFO - Processing file /opt/airflow/dags/branching_user_processing.py for tasks to queue
[2026-01-17T06:04:09.241+0000] {logging_mixin.py:190} INFO - [2026-01-17T06:04:09.241+0000] {dagbag.py:588} INFO - Filling up the DagBag from /opt/airflow/dags/branching_user_processing.py
[2026-01-17T06:04:09.846+0000] {processor.py:925} INFO - DAG(s) 'user_processing_branch' retrieved from /opt/airflow/dags/branching_user_processing.py
[2026-01-17T06:04:09.904+0000] {logging_mixin.py:190} INFO - [2026-01-17T06:04:09.903+0000] {dag.py:3239} INFO - Sync 1 DAGs
[2026-01-17T06:04:09.944+0000] {logging_mixin.py:190} INFO - [2026-01-17T06:04:09.944+0000] {dag.py:4180} INFO - Setting next_dagrun for user_processing_branch to 2026-01-16 00:00:00+00:00, run_after=2026-01-17 00:00:00+00:00
[2026-01-17T06:04:09.976+0000] {processor.py:208} INFO - Processing /opt/airflow/dags/branching_user_processing.py took 0.750 seconds
[2026-01-17T06:04:40.353+0000] {processor.py:186} INFO - Started process (PID=9800) to work on /opt/airflow/dags/branching_user_processing.py
[2026-01-17T06:04:40.358+0000] {processor.py:914} INFO - Processing file /opt/airflow/dags/branching_user_processing.py for tasks to queue
[2026-01-17T06:04:40.361+0000] {logging_mixin.py:190} INFO - [2026-01-17T06:04:40.361+0000] {dagbag.py:588} INFO - Filling up the DagBag from /opt/airflow/dags/branching_user_processing.py
[2026-01-17T06:04:40.973+0000] {processor.py:925} INFO - DAG(s) 'user_processing_branch' retrieved from /opt/airflow/dags/branching_user_processing.py
[2026-01-17T06:04:41.029+0000] {logging_mixin.py:190} INFO - [2026-01-17T06:04:41.029+0000] {dag.py:3239} INFO - Sync 1 DAGs
[2026-01-17T06:04:41.075+0000] {logging_mixin.py:190} INFO - [2026-01-17T06:04:41.075+0000] {dag.py:4180} INFO - Setting next_dagrun for user_processing_branch to 2026-01-16 00:00:00+00:00, run_after=2026-01-17 00:00:00+00:00
[2026-01-17T06:04:41.115+0000] {processor.py:208} INFO - Processing /opt/airflow/dags/branching_user_processing.py took 0.793 seconds
[2026-01-17T06:05:11.364+0000] {processor.py:186} INFO - Started process (PID=9823) to work on /opt/airflow/dags/branching_user_processing.py
[2026-01-17T06:05:11.366+0000] {processor.py:914} INFO - Processing file /opt/airflow/dags/branching_user_processing.py for tasks to queue
[2026-01-17T06:05:11.368+0000] {logging_mixin.py:190} INFO - [2026-01-17T06:05:11.367+0000] {dagbag.py:588} INFO - Filling up the DagBag from /opt/airflow/dags/branching_user_processing.py
[2026-01-17T06:05:11.968+0000] {processor.py:925} INFO - DAG(s) 'user_processing_branch' retrieved from /opt/airflow/dags/branching_user_processing.py
[2026-01-17T06:05:12.038+0000] {logging_mixin.py:190} INFO - [2026-01-17T06:05:12.037+0000] {dag.py:3239} INFO - Sync 1 DAGs
[2026-01-17T06:05:12.093+0000] {logging_mixin.py:190} INFO - [2026-01-17T06:05:12.093+0000] {dag.py:4180} INFO - Setting next_dagrun for user_processing_branch to 2026-01-16 00:00:00+00:00, run_after=2026-01-17 00:00:00+00:00
[2026-01-17T06:05:12.132+0000] {processor.py:208} INFO - Processing /opt/airflow/dags/branching_user_processing.py took 0.782 seconds
[2026-01-17T06:05:43.198+0000] {processor.py:186} INFO - Started process (PID=9847) to work on /opt/airflow/dags/branching_user_processing.py
[2026-01-17T06:05:43.200+0000] {processor.py:914} INFO - Processing file /opt/airflow/dags/branching_user_processing.py for tasks to queue
[2026-01-17T06:05:43.202+0000] {logging_mixin.py:190} INFO - [2026-01-17T06:05:43.201+0000] {dagbag.py:588} INFO - Filling up the DagBag from /opt/airflow/dags/branching_user_processing.py
[2026-01-17T06:05:43.879+0000] {processor.py:925} INFO - DAG(s) 'user_processing_branch' retrieved from /opt/airflow/dags/branching_user_processing.py
[2026-01-17T06:05:43.936+0000] {logging_mixin.py:190} INFO - [2026-01-17T06:05:43.935+0000] {dag.py:3239} INFO - Sync 1 DAGs
[2026-01-17T06:05:43.985+0000] {logging_mixin.py:190} INFO - [2026-01-17T06:05:43.984+0000] {dag.py:4180} INFO - Setting next_dagrun for user_processing_branch to 2026-01-16 00:00:00+00:00, run_after=2026-01-17 00:00:00+00:00
[2026-01-17T06:05:44.027+0000] {processor.py:208} INFO - Processing /opt/airflow/dags/branching_user_processing.py took 0.841 seconds
[2026-01-17T06:06:14.541+0000] {processor.py:186} INFO - Started process (PID=9871) to work on /opt/airflow/dags/branching_user_processing.py
[2026-01-17T06:06:14.543+0000] {processor.py:914} INFO - Processing file /opt/airflow/dags/branching_user_processing.py for tasks to queue
[2026-01-17T06:06:14.546+0000] {logging_mixin.py:190} INFO - [2026-01-17T06:06:14.545+0000] {dagbag.py:588} INFO - Filling up the DagBag from /opt/airflow/dags/branching_user_processing.py
[2026-01-17T06:06:15.166+0000] {processor.py:925} INFO - DAG(s) 'user_processing_branch' retrieved from /opt/airflow/dags/branching_user_processing.py
[2026-01-17T06:06:15.220+0000] {logging_mixin.py:190} INFO - [2026-01-17T06:06:15.219+0000] {dag.py:3239} INFO - Sync 1 DAGs
[2026-01-17T06:06:15.261+0000] {logging_mixin.py:190} INFO - [2026-01-17T06:06:15.260+0000] {dag.py:4180} INFO - Setting next_dagrun for user_processing_branch to 2026-01-16 00:00:00+00:00, run_after=2026-01-17 00:00:00+00:00
[2026-01-17T06:06:15.286+0000] {processor.py:208} INFO - Processing /opt/airflow/dags/branching_user_processing.py took 0.757 seconds
[2026-01-17T06:06:45.583+0000] {processor.py:186} INFO - Started process (PID=9895) to work on /opt/airflow/dags/branching_user_processing.py
[2026-01-17T06:06:45.585+0000] {processor.py:914} INFO - Processing file /opt/airflow/dags/branching_user_processing.py for tasks to queue
[2026-01-17T06:06:45.590+0000] {logging_mixin.py:190} INFO - [2026-01-17T06:06:45.589+0000] {dagbag.py:588} INFO - Filling up the DagBag from /opt/airflow/dags/branching_user_processing.py
[2026-01-17T06:06:46.199+0000] {processor.py:925} INFO - DAG(s) 'user_processing_branch' retrieved from /opt/airflow/dags/branching_user_processing.py
[2026-01-17T06:06:46.248+0000] {logging_mixin.py:190} INFO - [2026-01-17T06:06:46.247+0000] {dag.py:3239} INFO - Sync 1 DAGs
[2026-01-17T06:06:46.288+0000] {logging_mixin.py:190} INFO - [2026-01-17T06:06:46.288+0000] {dag.py:4180} INFO - Setting next_dagrun for user_processing_branch to 2026-01-16 00:00:00+00:00, run_after=2026-01-17 00:00:00+00:00
[2026-01-17T06:06:46.331+0000] {processor.py:208} INFO - Processing /opt/airflow/dags/branching_user_processing.py took 0.763 seconds
[2026-01-17T06:07:16.962+0000] {processor.py:186} INFO - Started process (PID=9919) to work on /opt/airflow/dags/branching_user_processing.py
[2026-01-17T06:07:16.963+0000] {processor.py:914} INFO - Processing file /opt/airflow/dags/branching_user_processing.py for tasks to queue
[2026-01-17T06:07:16.965+0000] {logging_mixin.py:190} INFO - [2026-01-17T06:07:16.964+0000] {dagbag.py:588} INFO - Filling up the DagBag from /opt/airflow/dags/branching_user_processing.py
[2026-01-17T06:07:17.450+0000] {processor.py:925} INFO - DAG(s) 'user_processing_branch' retrieved from /opt/airflow/dags/branching_user_processing.py
[2026-01-17T06:07:17.487+0000] {logging_mixin.py:190} INFO - [2026-01-17T06:07:17.486+0000] {dag.py:3239} INFO - Sync 1 DAGs
[2026-01-17T06:07:17.527+0000] {logging_mixin.py:190} INFO - [2026-01-17T06:07:17.527+0000] {dag.py:4180} INFO - Setting next_dagrun for user_processing_branch to 2026-01-16 00:00:00+00:00, run_after=2026-01-17 00:00:00+00:00
[2026-01-17T06:07:17.557+0000] {processor.py:208} INFO - Processing /opt/airflow/dags/branching_user_processing.py took 0.606 seconds
[2026-01-17T06:07:48.133+0000] {processor.py:186} INFO - Started process (PID=9943) to work on /opt/airflow/dags/branching_user_processing.py
[2026-01-17T06:07:48.136+0000] {processor.py:914} INFO - Processing file /opt/airflow/dags/branching_user_processing.py for tasks to queue
[2026-01-17T06:07:48.141+0000] {logging_mixin.py:190} INFO - [2026-01-17T06:07:48.140+0000] {dagbag.py:588} INFO - Filling up the DagBag from /opt/airflow/dags/branching_user_processing.py
[2026-01-17T06:07:48.825+0000] {processor.py:925} INFO - DAG(s) 'user_processing_branch' retrieved from /opt/airflow/dags/branching_user_processing.py
[2026-01-17T06:07:48.877+0000] {logging_mixin.py:190} INFO - [2026-01-17T06:07:48.876+0000] {dag.py:3239} INFO - Sync 1 DAGs
[2026-01-17T06:07:48.920+0000] {logging_mixin.py:190} INFO - [2026-01-17T06:07:48.919+0000] {dag.py:4180} INFO - Setting next_dagrun for user_processing_branch to 2026-01-16 00:00:00+00:00, run_after=2026-01-17 00:00:00+00:00
[2026-01-17T06:07:48.961+0000] {processor.py:208} INFO - Processing /opt/airflow/dags/branching_user_processing.py took 0.843 seconds
[2026-01-17T06:08:19.094+0000] {processor.py:186} INFO - Started process (PID=9967) to work on /opt/airflow/dags/branching_user_processing.py
[2026-01-17T06:08:19.096+0000] {processor.py:914} INFO - Processing file /opt/airflow/dags/branching_user_processing.py for tasks to queue
[2026-01-17T06:08:19.099+0000] {logging_mixin.py:190} INFO - [2026-01-17T06:08:19.098+0000] {dagbag.py:588} INFO - Filling up the DagBag from /opt/airflow/dags/branching_user_processing.py
[2026-01-17T06:08:19.744+0000] {processor.py:925} INFO - DAG(s) 'user_processing_branch' retrieved from /opt/airflow/dags/branching_user_processing.py
[2026-01-17T06:08:19.812+0000] {logging_mixin.py:190} INFO - [2026-01-17T06:08:19.811+0000] {dag.py:3239} INFO - Sync 1 DAGs
[2026-01-17T06:08:19.865+0000] {logging_mixin.py:190} INFO - [2026-01-17T06:08:19.865+0000] {dag.py:4180} INFO - Setting next_dagrun for user_processing_branch to 2026-01-16 00:00:00+00:00, run_after=2026-01-17 00:00:00+00:00
[2026-01-17T06:08:19.903+0000] {processor.py:208} INFO - Processing /opt/airflow/dags/branching_user_processing.py took 0.826 seconds
[2026-01-17T06:08:50.488+0000] {processor.py:186} INFO - Started process (PID=9990) to work on /opt/airflow/dags/branching_user_processing.py
[2026-01-17T06:08:50.491+0000] {processor.py:914} INFO - Processing file /opt/airflow/dags/branching_user_processing.py for tasks to queue
[2026-01-17T06:08:50.494+0000] {logging_mixin.py:190} INFO - [2026-01-17T06:08:50.493+0000] {dagbag.py:588} INFO - Filling up the DagBag from /opt/airflow/dags/branching_user_processing.py
[2026-01-17T06:08:51.105+0000] {processor.py:925} INFO - DAG(s) 'user_processing_branch' retrieved from /opt/airflow/dags/branching_user_processing.py
[2026-01-17T06:08:51.155+0000] {logging_mixin.py:190} INFO - [2026-01-17T06:08:51.155+0000] {dag.py:3239} INFO - Sync 1 DAGs
[2026-01-17T06:08:51.220+0000] {logging_mixin.py:190} INFO - [2026-01-17T06:08:51.219+0000] {dag.py:4180} INFO - Setting next_dagrun for user_processing_branch to 2026-01-16 00:00:00+00:00, run_after=2026-01-17 00:00:00+00:00
[2026-01-17T06:08:51.264+0000] {processor.py:208} INFO - Processing /opt/airflow/dags/branching_user_processing.py took 0.790 seconds
[2026-01-17T06:09:21.658+0000] {processor.py:186} INFO - Started process (PID=10014) to work on /opt/airflow/dags/branching_user_processing.py
[2026-01-17T06:09:21.661+0000] {processor.py:914} INFO - Processing file /opt/airflow/dags/branching_user_processing.py for tasks to queue
[2026-01-17T06:09:21.668+0000] {logging_mixin.py:190} INFO - [2026-01-17T06:09:21.665+0000] {dagbag.py:588} INFO - Filling up the DagBag from /opt/airflow/dags/branching_user_processing.py
[2026-01-17T06:09:22.729+0000] {processor.py:925} INFO - DAG(s) 'user_processing_branch' retrieved from /opt/airflow/dags/branching_user_processing.py
[2026-01-17T06:09:22.811+0000] {logging_mixin.py:190} INFO - [2026-01-17T06:09:22.810+0000] {dag.py:3239} INFO - Sync 1 DAGs
[2026-01-17T06:09:22.911+0000] {logging_mixin.py:190} INFO - [2026-01-17T06:09:22.910+0000] {dag.py:4180} INFO - Setting next_dagrun for user_processing_branch to 2026-01-16 00:00:00+00:00, run_after=2026-01-17 00:00:00+00:00
[2026-01-17T06:09:22.990+0000] {processor.py:208} INFO - Processing /opt/airflow/dags/branching_user_processing.py took 1.380 seconds
[2026-01-17T06:09:53.433+0000] {processor.py:186} INFO - Started process (PID=10045) to work on /opt/airflow/dags/branching_user_processing.py
[2026-01-17T06:09:53.436+0000] {processor.py:914} INFO - Processing file /opt/airflow/dags/branching_user_processing.py for tasks to queue
[2026-01-17T06:09:53.445+0000] {logging_mixin.py:190} INFO - [2026-01-17T06:09:53.444+0000] {dagbag.py:588} INFO - Filling up the DagBag from /opt/airflow/dags/branching_user_processing.py
[2026-01-17T06:09:54.663+0000] {processor.py:925} INFO - DAG(s) 'user_processing_branch' retrieved from /opt/airflow/dags/branching_user_processing.py
[2026-01-17T06:09:54.765+0000] {logging_mixin.py:190} INFO - [2026-01-17T06:09:54.764+0000] {dag.py:3239} INFO - Sync 1 DAGs
[2026-01-17T06:09:54.877+0000] {logging_mixin.py:190} INFO - [2026-01-17T06:09:54.876+0000] {dag.py:4180} INFO - Setting next_dagrun for user_processing_branch to 2026-01-16 00:00:00+00:00, run_after=2026-01-17 00:00:00+00:00
[2026-01-17T06:09:54.958+0000] {processor.py:208} INFO - Processing /opt/airflow/dags/branching_user_processing.py took 1.546 seconds
[2026-01-17T06:10:25.267+0000] {processor.py:186} INFO - Started process (PID=10069) to work on /opt/airflow/dags/branching_user_processing.py
[2026-01-17T06:10:25.269+0000] {processor.py:914} INFO - Processing file /opt/airflow/dags/branching_user_processing.py for tasks to queue
[2026-01-17T06:10:25.272+0000] {logging_mixin.py:190} INFO - [2026-01-17T06:10:25.271+0000] {dagbag.py:588} INFO - Filling up the DagBag from /opt/airflow/dags/branching_user_processing.py
[2026-01-17T06:10:25.903+0000] {processor.py:925} INFO - DAG(s) 'user_processing_branch' retrieved from /opt/airflow/dags/branching_user_processing.py
[2026-01-17T06:10:25.953+0000] {logging_mixin.py:190} INFO - [2026-01-17T06:10:25.953+0000] {dag.py:3239} INFO - Sync 1 DAGs
[2026-01-17T06:10:25.999+0000] {logging_mixin.py:190} INFO - [2026-01-17T06:10:25.999+0000] {dag.py:4180} INFO - Setting next_dagrun for user_processing_branch to 2026-01-16 00:00:00+00:00, run_after=2026-01-17 00:00:00+00:00
[2026-01-17T06:10:26.034+0000] {processor.py:208} INFO - Processing /opt/airflow/dags/branching_user_processing.py took 0.784 seconds
[2026-01-17T06:10:56.276+0000] {processor.py:186} INFO - Started process (PID=10094) to work on /opt/airflow/dags/branching_user_processing.py
[2026-01-17T06:10:56.278+0000] {processor.py:914} INFO - Processing file /opt/airflow/dags/branching_user_processing.py for tasks to queue
[2026-01-17T06:10:56.280+0000] {logging_mixin.py:190} INFO - [2026-01-17T06:10:56.279+0000] {dagbag.py:588} INFO - Filling up the DagBag from /opt/airflow/dags/branching_user_processing.py
[2026-01-17T06:10:56.912+0000] {processor.py:925} INFO - DAG(s) 'user_processing_branch' retrieved from /opt/airflow/dags/branching_user_processing.py
[2026-01-17T06:10:56.959+0000] {logging_mixin.py:190} INFO - [2026-01-17T06:10:56.959+0000] {dag.py:3239} INFO - Sync 1 DAGs
[2026-01-17T06:10:57.007+0000] {logging_mixin.py:190} INFO - [2026-01-17T06:10:57.007+0000] {dag.py:4180} INFO - Setting next_dagrun for user_processing_branch to 2026-01-16 00:00:00+00:00, run_after=2026-01-17 00:00:00+00:00
[2026-01-17T06:10:57.032+0000] {processor.py:208} INFO - Processing /opt/airflow/dags/branching_user_processing.py took 0.768 seconds
[2026-01-17T06:11:27.622+0000] {processor.py:186} INFO - Started process (PID=10118) to work on /opt/airflow/dags/branching_user_processing.py
[2026-01-17T06:11:27.624+0000] {processor.py:914} INFO - Processing file /opt/airflow/dags/branching_user_processing.py for tasks to queue
[2026-01-17T06:11:27.627+0000] {logging_mixin.py:190} INFO - [2026-01-17T06:11:27.626+0000] {dagbag.py:588} INFO - Filling up the DagBag from /opt/airflow/dags/branching_user_processing.py
[2026-01-17T06:11:28.583+0000] {processor.py:925} INFO - DAG(s) 'user_processing_branch' retrieved from /opt/airflow/dags/branching_user_processing.py
[2026-01-17T06:11:28.704+0000] {logging_mixin.py:190} INFO - [2026-01-17T06:11:28.697+0000] {dag.py:3239} INFO - Sync 1 DAGs
[2026-01-17T06:11:28.782+0000] {logging_mixin.py:190} INFO - [2026-01-17T06:11:28.780+0000] {dag.py:4180} INFO - Setting next_dagrun for user_processing_branch to 2026-01-16 00:00:00+00:00, run_after=2026-01-17 00:00:00+00:00
[2026-01-17T06:11:28.832+0000] {processor.py:208} INFO - Processing /opt/airflow/dags/branching_user_processing.py took 1.227 seconds
[2026-01-17T06:11:59.079+0000] {processor.py:186} INFO - Started process (PID=10142) to work on /opt/airflow/dags/branching_user_processing.py
[2026-01-17T06:11:59.081+0000] {processor.py:914} INFO - Processing file /opt/airflow/dags/branching_user_processing.py for tasks to queue
[2026-01-17T06:11:59.084+0000] {logging_mixin.py:190} INFO - [2026-01-17T06:11:59.083+0000] {dagbag.py:588} INFO - Filling up the DagBag from /opt/airflow/dags/branching_user_processing.py
[2026-01-17T06:11:59.652+0000] {processor.py:925} INFO - DAG(s) 'user_processing_branch' retrieved from /opt/airflow/dags/branching_user_processing.py
[2026-01-17T06:11:59.702+0000] {logging_mixin.py:190} INFO - [2026-01-17T06:11:59.701+0000] {dag.py:3239} INFO - Sync 1 DAGs
[2026-01-17T06:11:59.748+0000] {logging_mixin.py:190} INFO - [2026-01-17T06:11:59.747+0000] {dag.py:4180} INFO - Setting next_dagrun for user_processing_branch to 2026-01-16 00:00:00+00:00, run_after=2026-01-17 00:00:00+00:00
[2026-01-17T06:11:59.773+0000] {processor.py:208} INFO - Processing /opt/airflow/dags/branching_user_processing.py took 0.708 seconds
[2026-01-17T06:12:30.241+0000] {processor.py:186} INFO - Started process (PID=10167) to work on /opt/airflow/dags/branching_user_processing.py
[2026-01-17T06:12:30.242+0000] {processor.py:914} INFO - Processing file /opt/airflow/dags/branching_user_processing.py for tasks to queue
[2026-01-17T06:12:30.245+0000] {logging_mixin.py:190} INFO - [2026-01-17T06:12:30.244+0000] {dagbag.py:588} INFO - Filling up the DagBag from /opt/airflow/dags/branching_user_processing.py
[2026-01-17T06:12:30.808+0000] {processor.py:925} INFO - DAG(s) 'user_processing_branch' retrieved from /opt/airflow/dags/branching_user_processing.py
[2026-01-17T06:12:30.843+0000] {logging_mixin.py:190} INFO - [2026-01-17T06:12:30.842+0000] {dag.py:3239} INFO - Sync 1 DAGs
[2026-01-17T06:12:30.886+0000] {logging_mixin.py:190} INFO - [2026-01-17T06:12:30.886+0000] {dag.py:4180} INFO - Setting next_dagrun for user_processing_branch to 2026-01-16 00:00:00+00:00, run_after=2026-01-17 00:00:00+00:00
[2026-01-17T06:12:30.914+0000] {processor.py:208} INFO - Processing /opt/airflow/dags/branching_user_processing.py took 0.686 seconds
[2026-01-17T06:13:01.161+0000] {processor.py:186} INFO - Started process (PID=10191) to work on /opt/airflow/dags/branching_user_processing.py
[2026-01-17T06:13:01.163+0000] {processor.py:914} INFO - Processing file /opt/airflow/dags/branching_user_processing.py for tasks to queue
[2026-01-17T06:13:01.165+0000] {logging_mixin.py:190} INFO - [2026-01-17T06:13:01.165+0000] {dagbag.py:588} INFO - Filling up the DagBag from /opt/airflow/dags/branching_user_processing.py
[2026-01-17T06:13:01.673+0000] {processor.py:925} INFO - DAG(s) 'user_processing_branch' retrieved from /opt/airflow/dags/branching_user_processing.py
[2026-01-17T06:13:01.713+0000] {logging_mixin.py:190} INFO - [2026-01-17T06:13:01.712+0000] {dag.py:3239} INFO - Sync 1 DAGs
[2026-01-17T06:13:01.765+0000] {logging_mixin.py:190} INFO - [2026-01-17T06:13:01.765+0000] {dag.py:4180} INFO - Setting next_dagrun for user_processing_branch to 2026-01-16 00:00:00+00:00, run_after=2026-01-17 00:00:00+00:00
[2026-01-17T06:13:01.796+0000] {processor.py:208} INFO - Processing /opt/airflow/dags/branching_user_processing.py took 0.652 seconds
[2026-01-17T06:13:32.107+0000] {processor.py:186} INFO - Started process (PID=10214) to work on /opt/airflow/dags/branching_user_processing.py
[2026-01-17T06:13:32.108+0000] {processor.py:914} INFO - Processing file /opt/airflow/dags/branching_user_processing.py for tasks to queue
[2026-01-17T06:13:32.110+0000] {logging_mixin.py:190} INFO - [2026-01-17T06:13:32.110+0000] {dagbag.py:588} INFO - Filling up the DagBag from /opt/airflow/dags/branching_user_processing.py
[2026-01-17T06:13:32.723+0000] {processor.py:925} INFO - DAG(s) 'user_processing_branch' retrieved from /opt/airflow/dags/branching_user_processing.py
[2026-01-17T06:13:32.758+0000] {logging_mixin.py:190} INFO - [2026-01-17T06:13:32.757+0000] {dag.py:3239} INFO - Sync 1 DAGs
[2026-01-17T06:13:32.807+0000] {logging_mixin.py:190} INFO - [2026-01-17T06:13:32.807+0000] {dag.py:4180} INFO - Setting next_dagrun for user_processing_branch to 2026-01-16 00:00:00+00:00, run_after=2026-01-17 00:00:00+00:00
[2026-01-17T06:13:32.835+0000] {processor.py:208} INFO - Processing /opt/airflow/dags/branching_user_processing.py took 0.741 seconds
[2026-01-17T06:14:02.959+0000] {processor.py:186} INFO - Started process (PID=10238) to work on /opt/airflow/dags/branching_user_processing.py
[2026-01-17T06:14:02.960+0000] {processor.py:914} INFO - Processing file /opt/airflow/dags/branching_user_processing.py for tasks to queue
[2026-01-17T06:14:02.963+0000] {logging_mixin.py:190} INFO - [2026-01-17T06:14:02.963+0000] {dagbag.py:588} INFO - Filling up the DagBag from /opt/airflow/dags/branching_user_processing.py
[2026-01-17T06:14:03.456+0000] {processor.py:925} INFO - DAG(s) 'user_processing_branch' retrieved from /opt/airflow/dags/branching_user_processing.py
[2026-01-17T06:14:03.512+0000] {logging_mixin.py:190} INFO - [2026-01-17T06:14:03.512+0000] {dag.py:3239} INFO - Sync 1 DAGs
[2026-01-17T06:14:03.551+0000] {logging_mixin.py:190} INFO - [2026-01-17T06:14:03.551+0000] {dag.py:4180} INFO - Setting next_dagrun for user_processing_branch to 2026-01-16 00:00:00+00:00, run_after=2026-01-17 00:00:00+00:00
[2026-01-17T06:14:03.585+0000] {processor.py:208} INFO - Processing /opt/airflow/dags/branching_user_processing.py took 0.645 seconds
[2026-01-17T06:14:33.875+0000] {processor.py:186} INFO - Started process (PID=10262) to work on /opt/airflow/dags/branching_user_processing.py
[2026-01-17T06:14:33.877+0000] {processor.py:914} INFO - Processing file /opt/airflow/dags/branching_user_processing.py for tasks to queue
[2026-01-17T06:14:33.879+0000] {logging_mixin.py:190} INFO - [2026-01-17T06:14:33.878+0000] {dagbag.py:588} INFO - Filling up the DagBag from /opt/airflow/dags/branching_user_processing.py
[2026-01-17T06:14:34.416+0000] {processor.py:925} INFO - DAG(s) 'user_processing_branch' retrieved from /opt/airflow/dags/branching_user_processing.py
[2026-01-17T06:14:34.459+0000] {logging_mixin.py:190} INFO - [2026-01-17T06:14:34.459+0000] {dag.py:3239} INFO - Sync 1 DAGs
[2026-01-17T06:14:34.505+0000] {logging_mixin.py:190} INFO - [2026-01-17T06:14:34.504+0000] {dag.py:4180} INFO - Setting next_dagrun for user_processing_branch to 2026-01-16 00:00:00+00:00, run_after=2026-01-17 00:00:00+00:00
[2026-01-17T06:14:34.536+0000] {processor.py:208} INFO - Processing /opt/airflow/dags/branching_user_processing.py took 0.672 seconds
[2026-01-17T06:15:04.640+0000] {processor.py:186} INFO - Started process (PID=10286) to work on /opt/airflow/dags/branching_user_processing.py
[2026-01-17T06:15:04.642+0000] {processor.py:914} INFO - Processing file /opt/airflow/dags/branching_user_processing.py for tasks to queue
[2026-01-17T06:15:04.645+0000] {logging_mixin.py:190} INFO - [2026-01-17T06:15:04.644+0000] {dagbag.py:588} INFO - Filling up the DagBag from /opt/airflow/dags/branching_user_processing.py
[2026-01-17T06:15:05.191+0000] {processor.py:925} INFO - DAG(s) 'user_processing_branch' retrieved from /opt/airflow/dags/branching_user_processing.py
[2026-01-17T06:15:05.241+0000] {logging_mixin.py:190} INFO - [2026-01-17T06:15:05.240+0000] {dag.py:3239} INFO - Sync 1 DAGs
[2026-01-17T06:15:05.283+0000] {logging_mixin.py:190} INFO - [2026-01-17T06:15:05.282+0000] {dag.py:4180} INFO - Setting next_dagrun for user_processing_branch to 2026-01-16 00:00:00+00:00, run_after=2026-01-17 00:00:00+00:00
[2026-01-17T06:15:05.312+0000] {processor.py:208} INFO - Processing /opt/airflow/dags/branching_user_processing.py took 0.688 seconds
[2026-01-17T06:15:35.631+0000] {processor.py:186} INFO - Started process (PID=10311) to work on /opt/airflow/dags/branching_user_processing.py
[2026-01-17T06:15:35.635+0000] {processor.py:914} INFO - Processing file /opt/airflow/dags/branching_user_processing.py for tasks to queue
[2026-01-17T06:15:35.637+0000] {logging_mixin.py:190} INFO - [2026-01-17T06:15:35.637+0000] {dagbag.py:588} INFO - Filling up the DagBag from /opt/airflow/dags/branching_user_processing.py
[2026-01-17T06:15:36.164+0000] {processor.py:925} INFO - DAG(s) 'user_processing_branch' retrieved from /opt/airflow/dags/branching_user_processing.py
[2026-01-17T06:15:36.215+0000] {logging_mixin.py:190} INFO - [2026-01-17T06:15:36.214+0000] {dag.py:3239} INFO - Sync 1 DAGs
[2026-01-17T06:15:36.260+0000] {logging_mixin.py:190} INFO - [2026-01-17T06:15:36.259+0000] {dag.py:4180} INFO - Setting next_dagrun for user_processing_branch to 2026-01-16 00:00:00+00:00, run_after=2026-01-17 00:00:00+00:00
[2026-01-17T06:15:36.287+0000] {processor.py:208} INFO - Processing /opt/airflow/dags/branching_user_processing.py took 0.682 seconds
[2026-01-17T06:16:06.800+0000] {processor.py:186} INFO - Started process (PID=10335) to work on /opt/airflow/dags/branching_user_processing.py
[2026-01-17T06:16:06.802+0000] {processor.py:914} INFO - Processing file /opt/airflow/dags/branching_user_processing.py for tasks to queue
[2026-01-17T06:16:06.803+0000] {logging_mixin.py:190} INFO - [2026-01-17T06:16:06.803+0000] {dagbag.py:588} INFO - Filling up the DagBag from /opt/airflow/dags/branching_user_processing.py
[2026-01-17T06:16:07.292+0000] {processor.py:925} INFO - DAG(s) 'user_processing_branch' retrieved from /opt/airflow/dags/branching_user_processing.py
[2026-01-17T06:16:07.338+0000] {logging_mixin.py:190} INFO - [2026-01-17T06:16:07.337+0000] {dag.py:3239} INFO - Sync 1 DAGs
[2026-01-17T06:16:07.389+0000] {logging_mixin.py:190} INFO - [2026-01-17T06:16:07.388+0000] {dag.py:4180} INFO - Setting next_dagrun for user_processing_branch to 2026-01-16 00:00:00+00:00, run_after=2026-01-17 00:00:00+00:00
[2026-01-17T06:16:07.424+0000] {processor.py:208} INFO - Processing /opt/airflow/dags/branching_user_processing.py took 0.635 seconds
[2026-01-17T06:16:37.956+0000] {processor.py:186} INFO - Started process (PID=10360) to work on /opt/airflow/dags/branching_user_processing.py
[2026-01-17T06:16:37.958+0000] {processor.py:914} INFO - Processing file /opt/airflow/dags/branching_user_processing.py for tasks to queue
[2026-01-17T06:16:37.960+0000] {logging_mixin.py:190} INFO - [2026-01-17T06:16:37.959+0000] {dagbag.py:588} INFO - Filling up the DagBag from /opt/airflow/dags/branching_user_processing.py
[2026-01-17T06:16:38.399+0000] {processor.py:925} INFO - DAG(s) 'user_processing_branch' retrieved from /opt/airflow/dags/branching_user_processing.py
[2026-01-17T06:16:38.451+0000] {logging_mixin.py:190} INFO - [2026-01-17T06:16:38.450+0000] {dag.py:3239} INFO - Sync 1 DAGs
[2026-01-17T06:16:38.494+0000] {logging_mixin.py:190} INFO - [2026-01-17T06:16:38.493+0000] {dag.py:4180} INFO - Setting next_dagrun for user_processing_branch to 2026-01-16 00:00:00+00:00, run_after=2026-01-17 00:00:00+00:00
[2026-01-17T06:16:38.529+0000] {processor.py:208} INFO - Processing /opt/airflow/dags/branching_user_processing.py took 0.589 seconds
[2026-01-17T06:17:09.187+0000] {processor.py:186} INFO - Started process (PID=10385) to work on /opt/airflow/dags/branching_user_processing.py
[2026-01-17T06:17:09.191+0000] {processor.py:914} INFO - Processing file /opt/airflow/dags/branching_user_processing.py for tasks to queue
[2026-01-17T06:17:09.196+0000] {logging_mixin.py:190} INFO - [2026-01-17T06:17:09.195+0000] {dagbag.py:588} INFO - Filling up the DagBag from /opt/airflow/dags/branching_user_processing.py
[2026-01-17T06:17:09.703+0000] {processor.py:925} INFO - DAG(s) 'user_processing_branch' retrieved from /opt/airflow/dags/branching_user_processing.py
[2026-01-17T06:17:09.736+0000] {logging_mixin.py:190} INFO - [2026-01-17T06:17:09.736+0000] {dag.py:3239} INFO - Sync 1 DAGs
[2026-01-17T06:17:09.775+0000] {logging_mixin.py:190} INFO - [2026-01-17T06:17:09.774+0000] {dag.py:4180} INFO - Setting next_dagrun for user_processing_branch to 2026-01-16 00:00:00+00:00, run_after=2026-01-17 00:00:00+00:00
[2026-01-17T06:17:09.823+0000] {processor.py:208} INFO - Processing /opt/airflow/dags/branching_user_processing.py took 0.665 seconds
[2026-01-17T06:17:40.027+0000] {processor.py:186} INFO - Started process (PID=10410) to work on /opt/airflow/dags/branching_user_processing.py
[2026-01-17T06:17:40.030+0000] {processor.py:914} INFO - Processing file /opt/airflow/dags/branching_user_processing.py for tasks to queue
[2026-01-17T06:17:40.032+0000] {logging_mixin.py:190} INFO - [2026-01-17T06:17:40.032+0000] {dagbag.py:588} INFO - Filling up the DagBag from /opt/airflow/dags/branching_user_processing.py
[2026-01-17T06:17:40.550+0000] {processor.py:925} INFO - DAG(s) 'user_processing_branch' retrieved from /opt/airflow/dags/branching_user_processing.py
[2026-01-17T06:17:40.590+0000] {logging_mixin.py:190} INFO - [2026-01-17T06:17:40.589+0000] {dag.py:3239} INFO - Sync 1 DAGs
[2026-01-17T06:17:40.628+0000] {logging_mixin.py:190} INFO - [2026-01-17T06:17:40.628+0000] {dag.py:4180} INFO - Setting next_dagrun for user_processing_branch to 2026-01-16 00:00:00+00:00, run_after=2026-01-17 00:00:00+00:00
[2026-01-17T06:17:40.657+0000] {processor.py:208} INFO - Processing /opt/airflow/dags/branching_user_processing.py took 0.647 seconds
[2026-01-17T06:18:10.754+0000] {processor.py:186} INFO - Started process (PID=10434) to work on /opt/airflow/dags/branching_user_processing.py
[2026-01-17T06:18:10.756+0000] {processor.py:914} INFO - Processing file /opt/airflow/dags/branching_user_processing.py for tasks to queue
[2026-01-17T06:18:10.758+0000] {logging_mixin.py:190} INFO - [2026-01-17T06:18:10.758+0000] {dagbag.py:588} INFO - Filling up the DagBag from /opt/airflow/dags/branching_user_processing.py
[2026-01-17T06:18:11.239+0000] {processor.py:925} INFO - DAG(s) 'user_processing_branch' retrieved from /opt/airflow/dags/branching_user_processing.py
[2026-01-17T06:18:11.292+0000] {logging_mixin.py:190} INFO - [2026-01-17T06:18:11.291+0000] {dag.py:3239} INFO - Sync 1 DAGs
[2026-01-17T06:18:11.333+0000] {logging_mixin.py:190} INFO - [2026-01-17T06:18:11.333+0000] {dag.py:4180} INFO - Setting next_dagrun for user_processing_branch to 2026-01-16 00:00:00+00:00, run_after=2026-01-17 00:00:00+00:00
[2026-01-17T06:18:11.361+0000] {processor.py:208} INFO - Processing /opt/airflow/dags/branching_user_processing.py took 0.619 seconds
[2026-01-17T06:18:41.874+0000] {processor.py:186} INFO - Started process (PID=10459) to work on /opt/airflow/dags/branching_user_processing.py
[2026-01-17T06:18:41.876+0000] {processor.py:914} INFO - Processing file /opt/airflow/dags/branching_user_processing.py for tasks to queue
[2026-01-17T06:18:41.878+0000] {logging_mixin.py:190} INFO - [2026-01-17T06:18:41.877+0000] {dagbag.py:588} INFO - Filling up the DagBag from /opt/airflow/dags/branching_user_processing.py
[2026-01-17T06:18:42.360+0000] {processor.py:925} INFO - DAG(s) 'user_processing_branch' retrieved from /opt/airflow/dags/branching_user_processing.py
[2026-01-17T06:18:42.400+0000] {logging_mixin.py:190} INFO - [2026-01-17T06:18:42.399+0000] {dag.py:3239} INFO - Sync 1 DAGs
[2026-01-17T06:18:42.434+0000] {logging_mixin.py:190} INFO - [2026-01-17T06:18:42.434+0000] {dag.py:4180} INFO - Setting next_dagrun for user_processing_branch to 2026-01-16 00:00:00+00:00, run_after=2026-01-17 00:00:00+00:00
[2026-01-17T06:18:42.460+0000] {processor.py:208} INFO - Processing /opt/airflow/dags/branching_user_processing.py took 0.603 seconds
[2026-01-17T06:19:12.864+0000] {processor.py:186} INFO - Started process (PID=10485) to work on /opt/airflow/dags/branching_user_processing.py
[2026-01-17T06:19:12.866+0000] {processor.py:914} INFO - Processing file /opt/airflow/dags/branching_user_processing.py for tasks to queue
[2026-01-17T06:19:12.868+0000] {logging_mixin.py:190} INFO - [2026-01-17T06:19:12.867+0000] {dagbag.py:588} INFO - Filling up the DagBag from /opt/airflow/dags/branching_user_processing.py
[2026-01-17T06:19:13.305+0000] {processor.py:925} INFO - DAG(s) 'user_processing_branch' retrieved from /opt/airflow/dags/branching_user_processing.py
[2026-01-17T06:19:13.331+0000] {logging_mixin.py:190} INFO - [2026-01-17T06:19:13.331+0000] {dag.py:3239} INFO - Sync 1 DAGs
[2026-01-17T06:19:13.357+0000] {logging_mixin.py:190} INFO - [2026-01-17T06:19:13.357+0000] {dag.py:4180} INFO - Setting next_dagrun for user_processing_branch to 2026-01-16 00:00:00+00:00, run_after=2026-01-17 00:00:00+00:00
[2026-01-17T06:19:13.378+0000] {processor.py:208} INFO - Processing /opt/airflow/dags/branching_user_processing.py took 0.527 seconds
[2026-01-17T06:19:43.476+0000] {processor.py:186} INFO - Started process (PID=10511) to work on /opt/airflow/dags/branching_user_processing.py
[2026-01-17T06:19:43.478+0000] {processor.py:914} INFO - Processing file /opt/airflow/dags/branching_user_processing.py for tasks to queue
[2026-01-17T06:19:43.480+0000] {logging_mixin.py:190} INFO - [2026-01-17T06:19:43.479+0000] {dagbag.py:588} INFO - Filling up the DagBag from /opt/airflow/dags/branching_user_processing.py
[2026-01-17T06:19:43.848+0000] {processor.py:925} INFO - DAG(s) 'user_processing_branch' retrieved from /opt/airflow/dags/branching_user_processing.py
[2026-01-17T06:19:43.880+0000] {logging_mixin.py:190} INFO - [2026-01-17T06:19:43.880+0000] {dag.py:3239} INFO - Sync 1 DAGs
[2026-01-17T06:19:43.906+0000] {logging_mixin.py:190} INFO - [2026-01-17T06:19:43.906+0000] {dag.py:4180} INFO - Setting next_dagrun for user_processing_branch to 2026-01-16 00:00:00+00:00, run_after=2026-01-17 00:00:00+00:00
[2026-01-17T06:19:43.932+0000] {processor.py:208} INFO - Processing /opt/airflow/dags/branching_user_processing.py took 0.468 seconds
[2026-01-17T06:20:14.057+0000] {processor.py:186} INFO - Started process (PID=10535) to work on /opt/airflow/dags/branching_user_processing.py
[2026-01-17T06:20:14.058+0000] {processor.py:914} INFO - Processing file /opt/airflow/dags/branching_user_processing.py for tasks to queue
[2026-01-17T06:20:14.059+0000] {logging_mixin.py:190} INFO - [2026-01-17T06:20:14.059+0000] {dagbag.py:588} INFO - Filling up the DagBag from /opt/airflow/dags/branching_user_processing.py
[2026-01-17T06:20:14.410+0000] {processor.py:925} INFO - DAG(s) 'user_processing_branch' retrieved from /opt/airflow/dags/branching_user_processing.py
[2026-01-17T06:20:14.444+0000] {logging_mixin.py:190} INFO - [2026-01-17T06:20:14.444+0000] {dag.py:3239} INFO - Sync 1 DAGs
[2026-01-17T06:20:14.468+0000] {logging_mixin.py:190} INFO - [2026-01-17T06:20:14.468+0000] {dag.py:4180} INFO - Setting next_dagrun for user_processing_branch to 2026-01-16 00:00:00+00:00, run_after=2026-01-17 00:00:00+00:00
[2026-01-17T06:20:14.485+0000] {processor.py:208} INFO - Processing /opt/airflow/dags/branching_user_processing.py took 0.440 seconds
[2026-01-17T06:20:44.635+0000] {processor.py:186} INFO - Started process (PID=10559) to work on /opt/airflow/dags/branching_user_processing.py
[2026-01-17T06:20:44.637+0000] {processor.py:914} INFO - Processing file /opt/airflow/dags/branching_user_processing.py for tasks to queue
[2026-01-17T06:20:44.638+0000] {logging_mixin.py:190} INFO - [2026-01-17T06:20:44.638+0000] {dagbag.py:588} INFO - Filling up the DagBag from /opt/airflow/dags/branching_user_processing.py
[2026-01-17T06:20:45.013+0000] {processor.py:925} INFO - DAG(s) 'user_processing_branch' retrieved from /opt/airflow/dags/branching_user_processing.py
[2026-01-17T06:20:45.040+0000] {logging_mixin.py:190} INFO - [2026-01-17T06:20:45.040+0000] {dag.py:3239} INFO - Sync 1 DAGs
[2026-01-17T06:20:45.068+0000] {logging_mixin.py:190} INFO - [2026-01-17T06:20:45.068+0000] {dag.py:4180} INFO - Setting next_dagrun for user_processing_branch to 2026-01-16 00:00:00+00:00, run_after=2026-01-17 00:00:00+00:00
[2026-01-17T06:20:45.087+0000] {processor.py:208} INFO - Processing /opt/airflow/dags/branching_user_processing.py took 0.460 seconds
[2026-01-17T06:21:15.616+0000] {processor.py:186} INFO - Started process (PID=10582) to work on /opt/airflow/dags/branching_user_processing.py
[2026-01-17T06:21:15.618+0000] {processor.py:914} INFO - Processing file /opt/airflow/dags/branching_user_processing.py for tasks to queue
[2026-01-17T06:21:15.624+0000] {logging_mixin.py:190} INFO - [2026-01-17T06:21:15.624+0000] {dagbag.py:588} INFO - Filling up the DagBag from /opt/airflow/dags/branching_user_processing.py
[2026-01-17T06:21:16.022+0000] {processor.py:925} INFO - DAG(s) 'user_processing_branch' retrieved from /opt/airflow/dags/branching_user_processing.py
[2026-01-17T06:21:16.061+0000] {logging_mixin.py:190} INFO - [2026-01-17T06:21:16.061+0000] {dag.py:3239} INFO - Sync 1 DAGs
[2026-01-17T06:21:16.092+0000] {logging_mixin.py:190} INFO - [2026-01-17T06:21:16.092+0000] {dag.py:4180} INFO - Setting next_dagrun for user_processing_branch to 2026-01-16 00:00:00+00:00, run_after=2026-01-17 00:00:00+00:00
[2026-01-17T06:21:16.127+0000] {processor.py:208} INFO - Processing /opt/airflow/dags/branching_user_processing.py took 0.526 seconds
[2026-01-17T06:21:46.665+0000] {processor.py:186} INFO - Started process (PID=10607) to work on /opt/airflow/dags/branching_user_processing.py
[2026-01-17T06:21:46.666+0000] {processor.py:914} INFO - Processing file /opt/airflow/dags/branching_user_processing.py for tasks to queue
[2026-01-17T06:21:46.669+0000] {logging_mixin.py:190} INFO - [2026-01-17T06:21:46.668+0000] {dagbag.py:588} INFO - Filling up the DagBag from /opt/airflow/dags/branching_user_processing.py
[2026-01-17T06:21:47.089+0000] {processor.py:925} INFO - DAG(s) 'user_processing_branch' retrieved from /opt/airflow/dags/branching_user_processing.py
[2026-01-17T06:21:47.129+0000] {logging_mixin.py:190} INFO - [2026-01-17T06:21:47.128+0000] {dag.py:3239} INFO - Sync 1 DAGs
[2026-01-17T06:21:47.162+0000] {logging_mixin.py:190} INFO - [2026-01-17T06:21:47.161+0000] {dag.py:4180} INFO - Setting next_dagrun for user_processing_branch to 2026-01-16 00:00:00+00:00, run_after=2026-01-17 00:00:00+00:00
[2026-01-17T06:21:47.187+0000] {processor.py:208} INFO - Processing /opt/airflow/dags/branching_user_processing.py took 0.533 seconds
[2026-01-17T06:22:17.597+0000] {processor.py:186} INFO - Started process (PID=10631) to work on /opt/airflow/dags/branching_user_processing.py
[2026-01-17T06:22:17.599+0000] {processor.py:914} INFO - Processing file /opt/airflow/dags/branching_user_processing.py for tasks to queue
[2026-01-17T06:22:17.601+0000] {logging_mixin.py:190} INFO - [2026-01-17T06:22:17.600+0000] {dagbag.py:588} INFO - Filling up the DagBag from /opt/airflow/dags/branching_user_processing.py
[2026-01-17T06:22:18.034+0000] {processor.py:925} INFO - DAG(s) 'user_processing_branch' retrieved from /opt/airflow/dags/branching_user_processing.py
[2026-01-17T06:22:18.068+0000] {logging_mixin.py:190} INFO - [2026-01-17T06:22:18.067+0000] {dag.py:3239} INFO - Sync 1 DAGs
[2026-01-17T06:22:18.101+0000] {logging_mixin.py:190} INFO - [2026-01-17T06:22:18.100+0000] {dag.py:4180} INFO - Setting next_dagrun for user_processing_branch to 2026-01-16 00:00:00+00:00, run_after=2026-01-17 00:00:00+00:00
[2026-01-17T06:22:18.126+0000] {processor.py:208} INFO - Processing /opt/airflow/dags/branching_user_processing.py took 0.536 seconds
[2026-01-17T06:22:48.291+0000] {processor.py:186} INFO - Started process (PID=10655) to work on /opt/airflow/dags/branching_user_processing.py
[2026-01-17T06:22:48.293+0000] {processor.py:914} INFO - Processing file /opt/airflow/dags/branching_user_processing.py for tasks to queue
[2026-01-17T06:22:48.295+0000] {logging_mixin.py:190} INFO - [2026-01-17T06:22:48.295+0000] {dagbag.py:588} INFO - Filling up the DagBag from /opt/airflow/dags/branching_user_processing.py
[2026-01-17T06:22:48.747+0000] {processor.py:925} INFO - DAG(s) 'user_processing_branch' retrieved from /opt/airflow/dags/branching_user_processing.py
[2026-01-17T06:22:48.778+0000] {logging_mixin.py:190} INFO - [2026-01-17T06:22:48.777+0000] {dag.py:3239} INFO - Sync 1 DAGs
[2026-01-17T06:22:48.804+0000] {logging_mixin.py:190} INFO - [2026-01-17T06:22:48.803+0000] {dag.py:4180} INFO - Setting next_dagrun for user_processing_branch to 2026-01-16 00:00:00+00:00, run_after=2026-01-17 00:00:00+00:00
[2026-01-17T06:22:48.826+0000] {processor.py:208} INFO - Processing /opt/airflow/dags/branching_user_processing.py took 0.556 seconds
[2026-01-17T06:23:19.860+0000] {processor.py:186} INFO - Started process (PID=10681) to work on /opt/airflow/dags/branching_user_processing.py
[2026-01-17T06:23:19.862+0000] {processor.py:914} INFO - Processing file /opt/airflow/dags/branching_user_processing.py for tasks to queue
[2026-01-17T06:23:19.864+0000] {logging_mixin.py:190} INFO - [2026-01-17T06:23:19.863+0000] {dagbag.py:588} INFO - Filling up the DagBag from /opt/airflow/dags/branching_user_processing.py
[2026-01-17T06:23:20.237+0000] {processor.py:925} INFO - DAG(s) 'user_processing_branch' retrieved from /opt/airflow/dags/branching_user_processing.py
[2026-01-17T06:23:20.266+0000] {logging_mixin.py:190} INFO - [2026-01-17T06:23:20.266+0000] {dag.py:3239} INFO - Sync 1 DAGs
[2026-01-17T06:23:20.291+0000] {logging_mixin.py:190} INFO - [2026-01-17T06:23:20.291+0000] {dag.py:4180} INFO - Setting next_dagrun for user_processing_branch to 2026-01-16 00:00:00+00:00, run_after=2026-01-17 00:00:00+00:00
[2026-01-17T06:23:20.310+0000] {processor.py:208} INFO - Processing /opt/airflow/dags/branching_user_processing.py took 0.460 seconds
[2026-01-17T06:23:51.085+0000] {processor.py:186} INFO - Started process (PID=10705) to work on /opt/airflow/dags/branching_user_processing.py
[2026-01-17T06:23:51.087+0000] {processor.py:914} INFO - Processing file /opt/airflow/dags/branching_user_processing.py for tasks to queue
[2026-01-17T06:23:51.089+0000] {logging_mixin.py:190} INFO - [2026-01-17T06:23:51.088+0000] {dagbag.py:588} INFO - Filling up the DagBag from /opt/airflow/dags/branching_user_processing.py
[2026-01-17T06:23:51.514+0000] {processor.py:925} INFO - DAG(s) 'user_processing_branch' retrieved from /opt/airflow/dags/branching_user_processing.py
[2026-01-17T06:23:51.553+0000] {logging_mixin.py:190} INFO - [2026-01-17T06:23:51.553+0000] {dag.py:3239} INFO - Sync 1 DAGs
[2026-01-17T06:23:51.587+0000] {logging_mixin.py:190} INFO - [2026-01-17T06:23:51.587+0000] {dag.py:4180} INFO - Setting next_dagrun for user_processing_branch to 2026-01-16 00:00:00+00:00, run_after=2026-01-17 00:00:00+00:00
[2026-01-17T06:23:51.608+0000] {processor.py:208} INFO - Processing /opt/airflow/dags/branching_user_processing.py took 0.535 seconds
[2026-01-17T06:24:22.169+0000] {processor.py:186} INFO - Started process (PID=10729) to work on /opt/airflow/dags/branching_user_processing.py
[2026-01-17T06:24:22.170+0000] {processor.py:914} INFO - Processing file /opt/airflow/dags/branching_user_processing.py for tasks to queue
[2026-01-17T06:24:22.172+0000] {logging_mixin.py:190} INFO - [2026-01-17T06:24:22.171+0000] {dagbag.py:588} INFO - Filling up the DagBag from /opt/airflow/dags/branching_user_processing.py
[2026-01-17T06:24:22.558+0000] {processor.py:925} INFO - DAG(s) 'user_processing_branch' retrieved from /opt/airflow/dags/branching_user_processing.py
[2026-01-17T06:24:22.589+0000] {logging_mixin.py:190} INFO - [2026-01-17T06:24:22.588+0000] {dag.py:3239} INFO - Sync 1 DAGs
[2026-01-17T06:24:22.613+0000] {logging_mixin.py:190} INFO - [2026-01-17T06:24:22.613+0000] {dag.py:4180} INFO - Setting next_dagrun for user_processing_branch to 2026-01-16 00:00:00+00:00, run_after=2026-01-17 00:00:00+00:00
[2026-01-17T06:24:22.631+0000] {processor.py:208} INFO - Processing /opt/airflow/dags/branching_user_processing.py took 0.473 seconds
[2026-01-17T06:24:53.460+0000] {processor.py:186} INFO - Started process (PID=10753) to work on /opt/airflow/dags/branching_user_processing.py
[2026-01-17T06:24:53.462+0000] {processor.py:914} INFO - Processing file /opt/airflow/dags/branching_user_processing.py for tasks to queue
[2026-01-17T06:24:53.464+0000] {logging_mixin.py:190} INFO - [2026-01-17T06:24:53.463+0000] {dagbag.py:588} INFO - Filling up the DagBag from /opt/airflow/dags/branching_user_processing.py
[2026-01-17T06:24:53.886+0000] {processor.py:925} INFO - DAG(s) 'user_processing_branch' retrieved from /opt/airflow/dags/branching_user_processing.py
[2026-01-17T06:24:53.918+0000] {logging_mixin.py:190} INFO - [2026-01-17T06:24:53.917+0000] {dag.py:3239} INFO - Sync 1 DAGs
[2026-01-17T06:24:53.945+0000] {logging_mixin.py:190} INFO - [2026-01-17T06:24:53.945+0000] {dag.py:4180} INFO - Setting next_dagrun for user_processing_branch to 2026-01-16 00:00:00+00:00, run_after=2026-01-17 00:00:00+00:00
[2026-01-17T06:24:53.965+0000] {processor.py:208} INFO - Processing /opt/airflow/dags/branching_user_processing.py took 0.515 seconds
[2026-01-17T06:25:24.675+0000] {processor.py:186} INFO - Started process (PID=10776) to work on /opt/airflow/dags/branching_user_processing.py
[2026-01-17T06:25:24.678+0000] {processor.py:914} INFO - Processing file /opt/airflow/dags/branching_user_processing.py for tasks to queue
[2026-01-17T06:25:24.681+0000] {logging_mixin.py:190} INFO - [2026-01-17T06:25:24.680+0000] {dagbag.py:588} INFO - Filling up the DagBag from /opt/airflow/dags/branching_user_processing.py
[2026-01-17T06:25:25.144+0000] {processor.py:925} INFO - DAG(s) 'user_processing_branch' retrieved from /opt/airflow/dags/branching_user_processing.py
[2026-01-17T06:25:25.186+0000] {logging_mixin.py:190} INFO - [2026-01-17T06:25:25.185+0000] {dag.py:3239} INFO - Sync 1 DAGs
[2026-01-17T06:25:25.216+0000] {logging_mixin.py:190} INFO - [2026-01-17T06:25:25.216+0000] {dag.py:4180} INFO - Setting next_dagrun for user_processing_branch to 2026-01-16 00:00:00+00:00, run_after=2026-01-17 00:00:00+00:00
[2026-01-17T06:25:25.243+0000] {processor.py:208} INFO - Processing /opt/airflow/dags/branching_user_processing.py took 0.589 seconds
[2026-01-17T06:25:56.153+0000] {processor.py:186} INFO - Started process (PID=10801) to work on /opt/airflow/dags/branching_user_processing.py
[2026-01-17T06:25:56.160+0000] {processor.py:914} INFO - Processing file /opt/airflow/dags/branching_user_processing.py for tasks to queue
[2026-01-17T06:25:56.162+0000] {logging_mixin.py:190} INFO - [2026-01-17T06:25:56.161+0000] {dagbag.py:588} INFO - Filling up the DagBag from /opt/airflow/dags/branching_user_processing.py
[2026-01-17T06:25:56.604+0000] {processor.py:925} INFO - DAG(s) 'user_processing_branch' retrieved from /opt/airflow/dags/branching_user_processing.py
[2026-01-17T06:25:56.642+0000] {logging_mixin.py:190} INFO - [2026-01-17T06:25:56.641+0000] {dag.py:3239} INFO - Sync 1 DAGs
[2026-01-17T06:25:56.675+0000] {logging_mixin.py:190} INFO - [2026-01-17T06:25:56.674+0000] {dag.py:4180} INFO - Setting next_dagrun for user_processing_branch to 2026-01-16 00:00:00+00:00, run_after=2026-01-17 00:00:00+00:00
[2026-01-17T06:25:56.694+0000] {processor.py:208} INFO - Processing /opt/airflow/dags/branching_user_processing.py took 0.562 seconds
[2026-01-17T06:26:27.470+0000] {processor.py:186} INFO - Started process (PID=10831) to work on /opt/airflow/dags/branching_user_processing.py
[2026-01-17T06:26:27.472+0000] {processor.py:914} INFO - Processing file /opt/airflow/dags/branching_user_processing.py for tasks to queue
[2026-01-17T06:26:27.474+0000] {logging_mixin.py:190} INFO - [2026-01-17T06:26:27.474+0000] {dagbag.py:588} INFO - Filling up the DagBag from /opt/airflow/dags/branching_user_processing.py
[2026-01-17T06:26:27.860+0000] {processor.py:925} INFO - DAG(s) 'user_processing_branch' retrieved from /opt/airflow/dags/branching_user_processing.py
[2026-01-17T06:26:27.891+0000] {logging_mixin.py:190} INFO - [2026-01-17T06:26:27.891+0000] {dag.py:3239} INFO - Sync 1 DAGs
[2026-01-17T06:26:27.915+0000] {logging_mixin.py:190} INFO - [2026-01-17T06:26:27.915+0000] {dag.py:4180} INFO - Setting next_dagrun for user_processing_branch to 2026-01-16 00:00:00+00:00, run_after=2026-01-17 00:00:00+00:00
[2026-01-17T06:26:27.935+0000] {processor.py:208} INFO - Processing /opt/airflow/dags/branching_user_processing.py took 0.475 seconds
[2026-01-17T06:26:58.716+0000] {processor.py:186} INFO - Started process (PID=10855) to work on /opt/airflow/dags/branching_user_processing.py
[2026-01-17T06:26:58.717+0000] {processor.py:914} INFO - Processing file /opt/airflow/dags/branching_user_processing.py for tasks to queue
[2026-01-17T06:26:58.719+0000] {logging_mixin.py:190} INFO - [2026-01-17T06:26:58.718+0000] {dagbag.py:588} INFO - Filling up the DagBag from /opt/airflow/dags/branching_user_processing.py
[2026-01-17T06:26:59.147+0000] {processor.py:925} INFO - DAG(s) 'user_processing_branch' retrieved from /opt/airflow/dags/branching_user_processing.py
[2026-01-17T06:26:59.178+0000] {logging_mixin.py:190} INFO - [2026-01-17T06:26:59.177+0000] {dag.py:3239} INFO - Sync 1 DAGs
[2026-01-17T06:26:59.203+0000] {logging_mixin.py:190} INFO - [2026-01-17T06:26:59.203+0000] {dag.py:4180} INFO - Setting next_dagrun for user_processing_branch to 2026-01-16 00:00:00+00:00, run_after=2026-01-17 00:00:00+00:00
[2026-01-17T06:26:59.227+0000] {processor.py:208} INFO - Processing /opt/airflow/dags/branching_user_processing.py took 0.522 seconds
[2026-01-17T06:27:29.987+0000] {processor.py:186} INFO - Started process (PID=10879) to work on /opt/airflow/dags/branching_user_processing.py
[2026-01-17T06:27:29.989+0000] {processor.py:914} INFO - Processing file /opt/airflow/dags/branching_user_processing.py for tasks to queue
[2026-01-17T06:27:29.990+0000] {logging_mixin.py:190} INFO - [2026-01-17T06:27:29.990+0000] {dagbag.py:588} INFO - Filling up the DagBag from /opt/airflow/dags/branching_user_processing.py
[2026-01-17T06:27:30.378+0000] {processor.py:925} INFO - DAG(s) 'user_processing_branch' retrieved from /opt/airflow/dags/branching_user_processing.py
[2026-01-17T06:27:30.415+0000] {logging_mixin.py:190} INFO - [2026-01-17T06:27:30.414+0000] {dag.py:3239} INFO - Sync 1 DAGs
[2026-01-17T06:27:30.447+0000] {logging_mixin.py:190} INFO - [2026-01-17T06:27:30.446+0000] {dag.py:4180} INFO - Setting next_dagrun for user_processing_branch to 2026-01-16 00:00:00+00:00, run_after=2026-01-17 00:00:00+00:00
[2026-01-17T06:27:30.477+0000] {processor.py:208} INFO - Processing /opt/airflow/dags/branching_user_processing.py took 0.499 seconds
[2026-01-17T06:28:00.549+0000] {processor.py:186} INFO - Started process (PID=10903) to work on /opt/airflow/dags/branching_user_processing.py
[2026-01-17T06:28:00.552+0000] {processor.py:914} INFO - Processing file /opt/airflow/dags/branching_user_processing.py for tasks to queue
[2026-01-17T06:28:00.554+0000] {logging_mixin.py:190} INFO - [2026-01-17T06:28:00.553+0000] {dagbag.py:588} INFO - Filling up the DagBag from /opt/airflow/dags/branching_user_processing.py
[2026-01-17T06:28:00.961+0000] {processor.py:925} INFO - DAG(s) 'user_processing_branch' retrieved from /opt/airflow/dags/branching_user_processing.py
[2026-01-17T06:28:00.999+0000] {logging_mixin.py:190} INFO - [2026-01-17T06:28:00.999+0000] {dag.py:3239} INFO - Sync 1 DAGs
[2026-01-17T06:28:01.032+0000] {logging_mixin.py:190} INFO - [2026-01-17T06:28:01.032+0000] {dag.py:4180} INFO - Setting next_dagrun for user_processing_branch to 2026-01-16 00:00:00+00:00, run_after=2026-01-17 00:00:00+00:00
[2026-01-17T06:28:01.058+0000] {processor.py:208} INFO - Processing /opt/airflow/dags/branching_user_processing.py took 0.521 seconds
[2026-01-17T06:28:31.953+0000] {processor.py:186} INFO - Started process (PID=10927) to work on /opt/airflow/dags/branching_user_processing.py
[2026-01-17T06:28:31.954+0000] {processor.py:914} INFO - Processing file /opt/airflow/dags/branching_user_processing.py for tasks to queue
[2026-01-17T06:28:31.955+0000] {logging_mixin.py:190} INFO - [2026-01-17T06:28:31.955+0000] {dagbag.py:588} INFO - Filling up the DagBag from /opt/airflow/dags/branching_user_processing.py
[2026-01-17T06:28:32.351+0000] {processor.py:925} INFO - DAG(s) 'user_processing_branch' retrieved from /opt/airflow/dags/branching_user_processing.py
[2026-01-17T06:28:32.397+0000] {logging_mixin.py:190} INFO - [2026-01-17T06:28:32.397+0000] {dag.py:3239} INFO - Sync 1 DAGs
[2026-01-17T06:28:32.441+0000] {logging_mixin.py:190} INFO - [2026-01-17T06:28:32.441+0000] {dag.py:4180} INFO - Setting next_dagrun for user_processing_branch to 2026-01-16 00:00:00+00:00, run_after=2026-01-17 00:00:00+00:00
[2026-01-17T06:28:32.468+0000] {processor.py:208} INFO - Processing /opt/airflow/dags/branching_user_processing.py took 0.523 seconds
[2026-01-17T06:29:02.682+0000] {processor.py:186} INFO - Started process (PID=10951) to work on /opt/airflow/dags/branching_user_processing.py
[2026-01-17T06:29:02.685+0000] {processor.py:914} INFO - Processing file /opt/airflow/dags/branching_user_processing.py for tasks to queue
[2026-01-17T06:29:02.688+0000] {logging_mixin.py:190} INFO - [2026-01-17T06:29:02.687+0000] {dagbag.py:588} INFO - Filling up the DagBag from /opt/airflow/dags/branching_user_processing.py
[2026-01-17T06:29:03.704+0000] {processor.py:925} INFO - DAG(s) 'user_processing_branch' retrieved from /opt/airflow/dags/branching_user_processing.py
[2026-01-17T06:29:03.809+0000] {logging_mixin.py:190} INFO - [2026-01-17T06:29:03.808+0000] {dag.py:3239} INFO - Sync 1 DAGs
[2026-01-17T06:29:03.906+0000] {logging_mixin.py:190} INFO - [2026-01-17T06:29:03.905+0000] {dag.py:4180} INFO - Setting next_dagrun for user_processing_branch to 2026-01-16 00:00:00+00:00, run_after=2026-01-17 00:00:00+00:00
[2026-01-17T06:29:03.958+0000] {processor.py:208} INFO - Processing /opt/airflow/dags/branching_user_processing.py took 1.297 seconds
[2026-01-17T06:29:34.731+0000] {processor.py:186} INFO - Started process (PID=10975) to work on /opt/airflow/dags/branching_user_processing.py
[2026-01-17T06:29:34.734+0000] {processor.py:914} INFO - Processing file /opt/airflow/dags/branching_user_processing.py for tasks to queue
[2026-01-17T06:29:34.739+0000] {logging_mixin.py:190} INFO - [2026-01-17T06:29:34.737+0000] {dagbag.py:588} INFO - Filling up the DagBag from /opt/airflow/dags/branching_user_processing.py
[2026-01-17T06:29:35.733+0000] {processor.py:925} INFO - DAG(s) 'user_processing_branch' retrieved from /opt/airflow/dags/branching_user_processing.py
[2026-01-17T06:29:35.809+0000] {logging_mixin.py:190} INFO - [2026-01-17T06:29:35.808+0000] {dag.py:3239} INFO - Sync 1 DAGs
[2026-01-17T06:29:35.884+0000] {logging_mixin.py:190} INFO - [2026-01-17T06:29:35.883+0000] {dag.py:4180} INFO - Setting next_dagrun for user_processing_branch to 2026-01-16 00:00:00+00:00, run_after=2026-01-17 00:00:00+00:00
[2026-01-17T06:29:35.936+0000] {processor.py:208} INFO - Processing /opt/airflow/dags/branching_user_processing.py took 1.225 seconds
[2026-01-17T06:30:06.167+0000] {processor.py:186} INFO - Started process (PID=11000) to work on /opt/airflow/dags/branching_user_processing.py
[2026-01-17T06:30:06.169+0000] {processor.py:914} INFO - Processing file /opt/airflow/dags/branching_user_processing.py for tasks to queue
[2026-01-17T06:30:06.172+0000] {logging_mixin.py:190} INFO - [2026-01-17T06:30:06.171+0000] {dagbag.py:588} INFO - Filling up the DagBag from /opt/airflow/dags/branching_user_processing.py
[2026-01-17T06:30:06.819+0000] {processor.py:925} INFO - DAG(s) 'user_processing_branch' retrieved from /opt/airflow/dags/branching_user_processing.py
[2026-01-17T06:30:06.885+0000] {logging_mixin.py:190} INFO - [2026-01-17T06:30:06.885+0000] {dag.py:3239} INFO - Sync 1 DAGs
[2026-01-17T06:30:06.942+0000] {logging_mixin.py:190} INFO - [2026-01-17T06:30:06.941+0000] {dag.py:4180} INFO - Setting next_dagrun for user_processing_branch to 2026-01-16 00:00:00+00:00, run_after=2026-01-17 00:00:00+00:00
[2026-01-17T06:30:06.978+0000] {processor.py:208} INFO - Processing /opt/airflow/dags/branching_user_processing.py took 0.825 seconds
[2026-01-17T06:30:37.065+0000] {processor.py:186} INFO - Started process (PID=11024) to work on /opt/airflow/dags/branching_user_processing.py
[2026-01-17T06:30:37.067+0000] {processor.py:914} INFO - Processing file /opt/airflow/dags/branching_user_processing.py for tasks to queue
[2026-01-17T06:30:37.070+0000] {logging_mixin.py:190} INFO - [2026-01-17T06:30:37.069+0000] {dagbag.py:588} INFO - Filling up the DagBag from /opt/airflow/dags/branching_user_processing.py
[2026-01-17T06:30:37.692+0000] {processor.py:925} INFO - DAG(s) 'user_processing_branch' retrieved from /opt/airflow/dags/branching_user_processing.py
[2026-01-17T06:30:37.749+0000] {logging_mixin.py:190} INFO - [2026-01-17T06:30:37.748+0000] {dag.py:3239} INFO - Sync 1 DAGs
[2026-01-17T06:30:37.799+0000] {logging_mixin.py:190} INFO - [2026-01-17T06:30:37.798+0000] {dag.py:4180} INFO - Setting next_dagrun for user_processing_branch to 2026-01-16 00:00:00+00:00, run_after=2026-01-17 00:00:00+00:00
[2026-01-17T06:30:37.833+0000] {processor.py:208} INFO - Processing /opt/airflow/dags/branching_user_processing.py took 0.781 seconds
[2026-01-17T06:31:08.385+0000] {processor.py:186} INFO - Started process (PID=11048) to work on /opt/airflow/dags/branching_user_processing.py
[2026-01-17T06:31:08.387+0000] {processor.py:914} INFO - Processing file /opt/airflow/dags/branching_user_processing.py for tasks to queue
[2026-01-17T06:31:08.390+0000] {logging_mixin.py:190} INFO - [2026-01-17T06:31:08.389+0000] {dagbag.py:588} INFO - Filling up the DagBag from /opt/airflow/dags/branching_user_processing.py
[2026-01-17T06:31:09.059+0000] {processor.py:925} INFO - DAG(s) 'user_processing_branch' retrieved from /opt/airflow/dags/branching_user_processing.py
[2026-01-17T06:31:09.107+0000] {logging_mixin.py:190} INFO - [2026-01-17T06:31:09.106+0000] {dag.py:3239} INFO - Sync 1 DAGs
[2026-01-17T06:31:09.157+0000] {logging_mixin.py:190} INFO - [2026-01-17T06:31:09.157+0000] {dag.py:4180} INFO - Setting next_dagrun for user_processing_branch to 2026-01-16 00:00:00+00:00, run_after=2026-01-17 00:00:00+00:00
[2026-01-17T06:31:09.193+0000] {processor.py:208} INFO - Processing /opt/airflow/dags/branching_user_processing.py took 0.821 seconds
[2026-01-17T06:31:39.585+0000] {processor.py:186} INFO - Started process (PID=11072) to work on /opt/airflow/dags/branching_user_processing.py
[2026-01-17T06:31:39.587+0000] {processor.py:914} INFO - Processing file /opt/airflow/dags/branching_user_processing.py for tasks to queue
[2026-01-17T06:31:39.589+0000] {logging_mixin.py:190} INFO - [2026-01-17T06:31:39.588+0000] {dagbag.py:588} INFO - Filling up the DagBag from /opt/airflow/dags/branching_user_processing.py
[2026-01-17T06:31:40.288+0000] {processor.py:925} INFO - DAG(s) 'user_processing_branch' retrieved from /opt/airflow/dags/branching_user_processing.py
[2026-01-17T06:31:40.357+0000] {logging_mixin.py:190} INFO - [2026-01-17T06:31:40.356+0000] {dag.py:3239} INFO - Sync 1 DAGs
[2026-01-17T06:31:40.433+0000] {logging_mixin.py:190} INFO - [2026-01-17T06:31:40.432+0000] {dag.py:4180} INFO - Setting next_dagrun for user_processing_branch to 2026-01-16 00:00:00+00:00, run_after=2026-01-17 00:00:00+00:00
[2026-01-17T06:31:40.483+0000] {processor.py:208} INFO - Processing /opt/airflow/dags/branching_user_processing.py took 0.911 seconds
[2026-01-17T06:32:11.017+0000] {processor.py:186} INFO - Started process (PID=11096) to work on /opt/airflow/dags/branching_user_processing.py
[2026-01-17T06:32:11.023+0000] {processor.py:914} INFO - Processing file /opt/airflow/dags/branching_user_processing.py for tasks to queue
[2026-01-17T06:32:11.028+0000] {logging_mixin.py:190} INFO - [2026-01-17T06:32:11.027+0000] {dagbag.py:588} INFO - Filling up the DagBag from /opt/airflow/dags/branching_user_processing.py
[2026-01-17T06:32:11.989+0000] {processor.py:925} INFO - DAG(s) 'user_processing_branch' retrieved from /opt/airflow/dags/branching_user_processing.py
[2026-01-17T06:32:12.080+0000] {logging_mixin.py:190} INFO - [2026-01-17T06:32:12.079+0000] {dag.py:3239} INFO - Sync 1 DAGs
[2026-01-17T06:32:12.162+0000] {logging_mixin.py:190} INFO - [2026-01-17T06:32:12.161+0000] {dag.py:4180} INFO - Setting next_dagrun for user_processing_branch to 2026-01-16 00:00:00+00:00, run_after=2026-01-17 00:00:00+00:00
[2026-01-17T06:32:12.207+0000] {processor.py:208} INFO - Processing /opt/airflow/dags/branching_user_processing.py took 1.214 seconds
[2026-01-17T06:32:42.723+0000] {processor.py:186} INFO - Started process (PID=11120) to work on /opt/airflow/dags/branching_user_processing.py
[2026-01-17T06:32:42.725+0000] {processor.py:914} INFO - Processing file /opt/airflow/dags/branching_user_processing.py for tasks to queue
[2026-01-17T06:32:42.728+0000] {logging_mixin.py:190} INFO - [2026-01-17T06:32:42.727+0000] {dagbag.py:588} INFO - Filling up the DagBag from /opt/airflow/dags/branching_user_processing.py
[2026-01-17T06:32:43.449+0000] {processor.py:925} INFO - DAG(s) 'user_processing_branch' retrieved from /opt/airflow/dags/branching_user_processing.py
[2026-01-17T06:32:43.529+0000] {logging_mixin.py:190} INFO - [2026-01-17T06:32:43.528+0000] {dag.py:3239} INFO - Sync 1 DAGs
[2026-01-17T06:32:43.616+0000] {logging_mixin.py:190} INFO - [2026-01-17T06:32:43.616+0000] {dag.py:4180} INFO - Setting next_dagrun for user_processing_branch to 2026-01-16 00:00:00+00:00, run_after=2026-01-17 00:00:00+00:00
[2026-01-17T06:32:43.669+0000] {processor.py:208} INFO - Processing /opt/airflow/dags/branching_user_processing.py took 0.962 seconds
[2026-01-17T06:33:13.896+0000] {processor.py:186} INFO - Started process (PID=11144) to work on /opt/airflow/dags/branching_user_processing.py
[2026-01-17T06:33:13.897+0000] {processor.py:914} INFO - Processing file /opt/airflow/dags/branching_user_processing.py for tasks to queue
[2026-01-17T06:33:13.899+0000] {logging_mixin.py:190} INFO - [2026-01-17T06:33:13.898+0000] {dagbag.py:588} INFO - Filling up the DagBag from /opt/airflow/dags/branching_user_processing.py
[2026-01-17T06:33:14.540+0000] {processor.py:925} INFO - DAG(s) 'user_processing_branch' retrieved from /opt/airflow/dags/branching_user_processing.py
[2026-01-17T06:33:14.615+0000] {logging_mixin.py:190} INFO - [2026-01-17T06:33:14.614+0000] {dag.py:3239} INFO - Sync 1 DAGs
[2026-01-17T06:33:14.688+0000] {logging_mixin.py:190} INFO - [2026-01-17T06:33:14.687+0000] {dag.py:4180} INFO - Setting next_dagrun for user_processing_branch to 2026-01-16 00:00:00+00:00, run_after=2026-01-17 00:00:00+00:00
[2026-01-17T06:33:14.731+0000] {processor.py:208} INFO - Processing /opt/airflow/dags/branching_user_processing.py took 0.847 seconds
[2026-01-17T06:33:45.530+0000] {processor.py:186} INFO - Started process (PID=11168) to work on /opt/airflow/dags/branching_user_processing.py
[2026-01-17T06:33:45.531+0000] {processor.py:914} INFO - Processing file /opt/airflow/dags/branching_user_processing.py for tasks to queue
[2026-01-17T06:33:45.533+0000] {logging_mixin.py:190} INFO - [2026-01-17T06:33:45.533+0000] {dagbag.py:588} INFO - Filling up the DagBag from /opt/airflow/dags/branching_user_processing.py
[2026-01-17T06:33:46.070+0000] {processor.py:925} INFO - DAG(s) 'user_processing_branch' retrieved from /opt/airflow/dags/branching_user_processing.py
[2026-01-17T06:33:46.123+0000] {logging_mixin.py:190} INFO - [2026-01-17T06:33:46.122+0000] {dag.py:3239} INFO - Sync 1 DAGs
[2026-01-17T06:33:46.175+0000] {logging_mixin.py:190} INFO - [2026-01-17T06:33:46.174+0000] {dag.py:4180} INFO - Setting next_dagrun for user_processing_branch to 2026-01-16 00:00:00+00:00, run_after=2026-01-17 00:00:00+00:00
[2026-01-17T06:33:46.207+0000] {processor.py:208} INFO - Processing /opt/airflow/dags/branching_user_processing.py took 0.689 seconds
[2026-01-17T06:34:16.417+0000] {processor.py:186} INFO - Started process (PID=11192) to work on /opt/airflow/dags/branching_user_processing.py
[2026-01-17T06:34:16.419+0000] {processor.py:914} INFO - Processing file /opt/airflow/dags/branching_user_processing.py for tasks to queue
[2026-01-17T06:34:16.421+0000] {logging_mixin.py:190} INFO - [2026-01-17T06:34:16.420+0000] {dagbag.py:588} INFO - Filling up the DagBag from /opt/airflow/dags/branching_user_processing.py
[2026-01-17T06:34:17.129+0000] {processor.py:925} INFO - DAG(s) 'user_processing_branch' retrieved from /opt/airflow/dags/branching_user_processing.py
[2026-01-17T06:34:17.193+0000] {logging_mixin.py:190} INFO - [2026-01-17T06:34:17.192+0000] {dag.py:3239} INFO - Sync 1 DAGs
[2026-01-17T06:34:17.251+0000] {logging_mixin.py:190} INFO - [2026-01-17T06:34:17.251+0000] {dag.py:4180} INFO - Setting next_dagrun for user_processing_branch to 2026-01-16 00:00:00+00:00, run_after=2026-01-17 00:00:00+00:00
[2026-01-17T06:34:17.294+0000] {processor.py:208} INFO - Processing /opt/airflow/dags/branching_user_processing.py took 0.891 seconds
[2026-01-17T06:34:47.506+0000] {processor.py:186} INFO - Started process (PID=11216) to work on /opt/airflow/dags/branching_user_processing.py
[2026-01-17T06:34:47.509+0000] {processor.py:914} INFO - Processing file /opt/airflow/dags/branching_user_processing.py for tasks to queue
[2026-01-17T06:34:47.515+0000] {logging_mixin.py:190} INFO - [2026-01-17T06:34:47.513+0000] {dagbag.py:588} INFO - Filling up the DagBag from /opt/airflow/dags/branching_user_processing.py
[2026-01-17T06:34:48.521+0000] {processor.py:925} INFO - DAG(s) 'user_processing_branch' retrieved from /opt/airflow/dags/branching_user_processing.py
[2026-01-17T06:34:48.599+0000] {logging_mixin.py:190} INFO - [2026-01-17T06:34:48.598+0000] {dag.py:3239} INFO - Sync 1 DAGs
[2026-01-17T06:34:48.662+0000] {logging_mixin.py:190} INFO - [2026-01-17T06:34:48.662+0000] {dag.py:4180} INFO - Setting next_dagrun for user_processing_branch to 2026-01-16 00:00:00+00:00, run_after=2026-01-17 00:00:00+00:00
[2026-01-17T06:34:48.706+0000] {processor.py:208} INFO - Processing /opt/airflow/dags/branching_user_processing.py took 1.222 seconds
[2026-01-17T06:35:18.886+0000] {processor.py:186} INFO - Started process (PID=11240) to work on /opt/airflow/dags/branching_user_processing.py
[2026-01-17T06:35:18.888+0000] {processor.py:914} INFO - Processing file /opt/airflow/dags/branching_user_processing.py for tasks to queue
[2026-01-17T06:35:18.892+0000] {logging_mixin.py:190} INFO - [2026-01-17T06:35:18.891+0000] {dagbag.py:588} INFO - Filling up the DagBag from /opt/airflow/dags/branching_user_processing.py
[2026-01-17T06:35:19.675+0000] {processor.py:925} INFO - DAG(s) 'user_processing_branch' retrieved from /opt/airflow/dags/branching_user_processing.py
[2026-01-17T06:35:19.749+0000] {logging_mixin.py:190} INFO - [2026-01-17T06:35:19.748+0000] {dag.py:3239} INFO - Sync 1 DAGs
[2026-01-17T06:35:19.808+0000] {logging_mixin.py:190} INFO - [2026-01-17T06:35:19.808+0000] {dag.py:4180} INFO - Setting next_dagrun for user_processing_branch to 2026-01-16 00:00:00+00:00, run_after=2026-01-17 00:00:00+00:00
[2026-01-17T06:35:19.852+0000] {processor.py:208} INFO - Processing /opt/airflow/dags/branching_user_processing.py took 0.982 seconds
[2026-01-17T06:35:50.320+0000] {processor.py:186} INFO - Started process (PID=11264) to work on /opt/airflow/dags/branching_user_processing.py
[2026-01-17T06:35:50.322+0000] {processor.py:914} INFO - Processing file /opt/airflow/dags/branching_user_processing.py for tasks to queue
[2026-01-17T06:35:50.324+0000] {logging_mixin.py:190} INFO - [2026-01-17T06:35:50.324+0000] {dagbag.py:588} INFO - Filling up the DagBag from /opt/airflow/dags/branching_user_processing.py
[2026-01-17T06:35:51.016+0000] {processor.py:925} INFO - DAG(s) 'user_processing_branch' retrieved from /opt/airflow/dags/branching_user_processing.py
[2026-01-17T06:35:51.071+0000] {logging_mixin.py:190} INFO - [2026-01-17T06:35:51.070+0000] {dag.py:3239} INFO - Sync 1 DAGs
[2026-01-17T06:35:51.127+0000] {logging_mixin.py:190} INFO - [2026-01-17T06:35:51.126+0000] {dag.py:4180} INFO - Setting next_dagrun for user_processing_branch to 2026-01-16 00:00:00+00:00, run_after=2026-01-17 00:00:00+00:00
[2026-01-17T06:35:51.167+0000] {processor.py:208} INFO - Processing /opt/airflow/dags/branching_user_processing.py took 0.858 seconds
[2026-01-17T06:36:21.308+0000] {processor.py:186} INFO - Started process (PID=11289) to work on /opt/airflow/dags/branching_user_processing.py
[2026-01-17T06:36:21.309+0000] {processor.py:914} INFO - Processing file /opt/airflow/dags/branching_user_processing.py for tasks to queue
[2026-01-17T06:36:21.311+0000] {logging_mixin.py:190} INFO - [2026-01-17T06:36:21.310+0000] {dagbag.py:588} INFO - Filling up the DagBag from /opt/airflow/dags/branching_user_processing.py
[2026-01-17T06:36:21.747+0000] {processor.py:925} INFO - DAG(s) 'user_processing_branch' retrieved from /opt/airflow/dags/branching_user_processing.py
[2026-01-17T06:36:21.795+0000] {logging_mixin.py:190} INFO - [2026-01-17T06:36:21.794+0000] {dag.py:3239} INFO - Sync 1 DAGs
[2026-01-17T06:36:21.832+0000] {logging_mixin.py:190} INFO - [2026-01-17T06:36:21.831+0000] {dag.py:4180} INFO - Setting next_dagrun for user_processing_branch to 2026-01-16 00:00:00+00:00, run_after=2026-01-17 00:00:00+00:00
[2026-01-17T06:36:21.860+0000] {processor.py:208} INFO - Processing /opt/airflow/dags/branching_user_processing.py took 0.562 seconds
[2026-01-17T06:36:52.704+0000] {processor.py:186} INFO - Started process (PID=11313) to work on /opt/airflow/dags/branching_user_processing.py
[2026-01-17T06:36:52.705+0000] {processor.py:914} INFO - Processing file /opt/airflow/dags/branching_user_processing.py for tasks to queue
[2026-01-17T06:36:52.707+0000] {logging_mixin.py:190} INFO - [2026-01-17T06:36:52.707+0000] {dagbag.py:588} INFO - Filling up the DagBag from /opt/airflow/dags/branching_user_processing.py
[2026-01-17T06:36:53.176+0000] {processor.py:925} INFO - DAG(s) 'user_processing_branch' retrieved from /opt/airflow/dags/branching_user_processing.py
[2026-01-17T06:36:53.225+0000] {logging_mixin.py:190} INFO - [2026-01-17T06:36:53.224+0000] {dag.py:3239} INFO - Sync 1 DAGs
[2026-01-17T06:36:53.272+0000] {logging_mixin.py:190} INFO - [2026-01-17T06:36:53.271+0000] {dag.py:4180} INFO - Setting next_dagrun for user_processing_branch to 2026-01-16 00:00:00+00:00, run_after=2026-01-17 00:00:00+00:00
[2026-01-17T06:36:53.303+0000] {processor.py:208} INFO - Processing /opt/airflow/dags/branching_user_processing.py took 0.609 seconds
[2026-01-17T06:37:23.440+0000] {processor.py:186} INFO - Started process (PID=11337) to work on /opt/airflow/dags/branching_user_processing.py
[2026-01-17T06:37:23.442+0000] {processor.py:914} INFO - Processing file /opt/airflow/dags/branching_user_processing.py for tasks to queue
[2026-01-17T06:37:23.446+0000] {logging_mixin.py:190} INFO - [2026-01-17T06:37:23.444+0000] {dagbag.py:588} INFO - Filling up the DagBag from /opt/airflow/dags/branching_user_processing.py
[2026-01-17T06:37:24.105+0000] {processor.py:925} INFO - DAG(s) 'user_processing_branch' retrieved from /opt/airflow/dags/branching_user_processing.py
[2026-01-17T06:37:24.156+0000] {logging_mixin.py:190} INFO - [2026-01-17T06:37:24.155+0000] {dag.py:3239} INFO - Sync 1 DAGs
[2026-01-17T06:37:24.207+0000] {logging_mixin.py:190} INFO - [2026-01-17T06:37:24.206+0000] {dag.py:4180} INFO - Setting next_dagrun for user_processing_branch to 2026-01-16 00:00:00+00:00, run_after=2026-01-17 00:00:00+00:00
[2026-01-17T06:37:24.240+0000] {processor.py:208} INFO - Processing /opt/airflow/dags/branching_user_processing.py took 0.811 seconds
[2026-01-17T06:37:54.377+0000] {processor.py:186} INFO - Started process (PID=11361) to work on /opt/airflow/dags/branching_user_processing.py
[2026-01-17T06:37:54.378+0000] {processor.py:914} INFO - Processing file /opt/airflow/dags/branching_user_processing.py for tasks to queue
[2026-01-17T06:37:54.381+0000] {logging_mixin.py:190} INFO - [2026-01-17T06:37:54.380+0000] {dagbag.py:588} INFO - Filling up the DagBag from /opt/airflow/dags/branching_user_processing.py
[2026-01-17T06:37:54.867+0000] {processor.py:925} INFO - DAG(s) 'user_processing_branch' retrieved from /opt/airflow/dags/branching_user_processing.py
[2026-01-17T06:37:54.914+0000] {logging_mixin.py:190} INFO - [2026-01-17T06:37:54.913+0000] {dag.py:3239} INFO - Sync 1 DAGs
[2026-01-17T06:37:54.956+0000] {logging_mixin.py:190} INFO - [2026-01-17T06:37:54.956+0000] {dag.py:4180} INFO - Setting next_dagrun for user_processing_branch to 2026-01-16 00:00:00+00:00, run_after=2026-01-17 00:00:00+00:00
[2026-01-17T06:37:54.990+0000] {processor.py:208} INFO - Processing /opt/airflow/dags/branching_user_processing.py took 0.626 seconds
[2026-01-17T06:38:25.784+0000] {processor.py:186} INFO - Started process (PID=11385) to work on /opt/airflow/dags/branching_user_processing.py
[2026-01-17T06:38:25.786+0000] {processor.py:914} INFO - Processing file /opt/airflow/dags/branching_user_processing.py for tasks to queue
[2026-01-17T06:38:25.789+0000] {logging_mixin.py:190} INFO - [2026-01-17T06:38:25.788+0000] {dagbag.py:588} INFO - Filling up the DagBag from /opt/airflow/dags/branching_user_processing.py
[2026-01-17T06:38:26.512+0000] {processor.py:925} INFO - DAG(s) 'user_processing_branch' retrieved from /opt/airflow/dags/branching_user_processing.py
[2026-01-17T06:38:26.575+0000] {logging_mixin.py:190} INFO - [2026-01-17T06:38:26.574+0000] {dag.py:3239} INFO - Sync 1 DAGs
[2026-01-17T06:38:26.639+0000] {logging_mixin.py:190} INFO - [2026-01-17T06:38:26.639+0000] {dag.py:4180} INFO - Setting next_dagrun for user_processing_branch to 2026-01-16 00:00:00+00:00, run_after=2026-01-17 00:00:00+00:00
[2026-01-17T06:38:26.677+0000] {processor.py:208} INFO - Processing /opt/airflow/dags/branching_user_processing.py took 0.912 seconds
[2026-01-17T06:38:57.255+0000] {processor.py:186} INFO - Started process (PID=11409) to work on /opt/airflow/dags/branching_user_processing.py
[2026-01-17T06:38:57.257+0000] {processor.py:914} INFO - Processing file /opt/airflow/dags/branching_user_processing.py for tasks to queue
[2026-01-17T06:38:57.259+0000] {logging_mixin.py:190} INFO - [2026-01-17T06:38:57.259+0000] {dagbag.py:588} INFO - Filling up the DagBag from /opt/airflow/dags/branching_user_processing.py
[2026-01-17T06:38:57.782+0000] {processor.py:925} INFO - DAG(s) 'user_processing_branch' retrieved from /opt/airflow/dags/branching_user_processing.py
[2026-01-17T06:38:57.837+0000] {logging_mixin.py:190} INFO - [2026-01-17T06:38:57.836+0000] {dag.py:3239} INFO - Sync 1 DAGs
[2026-01-17T06:38:57.892+0000] {logging_mixin.py:190} INFO - [2026-01-17T06:38:57.891+0000] {dag.py:4180} INFO - Setting next_dagrun for user_processing_branch to 2026-01-16 00:00:00+00:00, run_after=2026-01-17 00:00:00+00:00
[2026-01-17T06:38:57.937+0000] {processor.py:208} INFO - Processing /opt/airflow/dags/branching_user_processing.py took 0.695 seconds
[2026-01-17T06:39:28.847+0000] {processor.py:186} INFO - Started process (PID=11433) to work on /opt/airflow/dags/branching_user_processing.py
[2026-01-17T06:39:28.848+0000] {processor.py:914} INFO - Processing file /opt/airflow/dags/branching_user_processing.py for tasks to queue
[2026-01-17T06:39:28.850+0000] {logging_mixin.py:190} INFO - [2026-01-17T06:39:28.850+0000] {dagbag.py:588} INFO - Filling up the DagBag from /opt/airflow/dags/branching_user_processing.py
[2026-01-17T06:39:29.316+0000] {processor.py:925} INFO - DAG(s) 'user_processing_branch' retrieved from /opt/airflow/dags/branching_user_processing.py
[2026-01-17T06:39:29.365+0000] {logging_mixin.py:190} INFO - [2026-01-17T06:39:29.364+0000] {dag.py:3239} INFO - Sync 1 DAGs
[2026-01-17T06:39:29.407+0000] {logging_mixin.py:190} INFO - [2026-01-17T06:39:29.407+0000] {dag.py:4180} INFO - Setting next_dagrun for user_processing_branch to 2026-01-16 00:00:00+00:00, run_after=2026-01-17 00:00:00+00:00
[2026-01-17T06:39:29.436+0000] {processor.py:208} INFO - Processing /opt/airflow/dags/branching_user_processing.py took 0.600 seconds
[2026-01-17T06:39:59.655+0000] {processor.py:186} INFO - Started process (PID=11457) to work on /opt/airflow/dags/branching_user_processing.py
[2026-01-17T06:39:59.657+0000] {processor.py:914} INFO - Processing file /opt/airflow/dags/branching_user_processing.py for tasks to queue
[2026-01-17T06:39:59.660+0000] {logging_mixin.py:190} INFO - [2026-01-17T06:39:59.659+0000] {dagbag.py:588} INFO - Filling up the DagBag from /opt/airflow/dags/branching_user_processing.py
[2026-01-17T06:40:00.539+0000] {processor.py:925} INFO - DAG(s) 'user_processing_branch' retrieved from /opt/airflow/dags/branching_user_processing.py
[2026-01-17T06:40:00.633+0000] {logging_mixin.py:190} INFO - [2026-01-17T06:40:00.630+0000] {dag.py:3239} INFO - Sync 1 DAGs
[2026-01-17T06:40:00.711+0000] {logging_mixin.py:190} INFO - [2026-01-17T06:40:00.710+0000] {dag.py:4180} INFO - Setting next_dagrun for user_processing_branch to 2026-01-16 00:00:00+00:00, run_after=2026-01-17 00:00:00+00:00
[2026-01-17T06:40:00.767+0000] {processor.py:208} INFO - Processing /opt/airflow/dags/branching_user_processing.py took 1.130 seconds
[2026-01-17T06:40:30.875+0000] {processor.py:186} INFO - Started process (PID=11488) to work on /opt/airflow/dags/branching_user_processing.py
[2026-01-17T06:40:30.877+0000] {processor.py:914} INFO - Processing file /opt/airflow/dags/branching_user_processing.py for tasks to queue
[2026-01-17T06:40:30.879+0000] {logging_mixin.py:190} INFO - [2026-01-17T06:40:30.878+0000] {dagbag.py:588} INFO - Filling up the DagBag from /opt/airflow/dags/branching_user_processing.py
[2026-01-17T06:40:31.341+0000] {processor.py:925} INFO - DAG(s) 'user_processing_branch' retrieved from /opt/airflow/dags/branching_user_processing.py
[2026-01-17T06:40:31.386+0000] {logging_mixin.py:190} INFO - [2026-01-17T06:40:31.385+0000] {dag.py:3239} INFO - Sync 1 DAGs
[2026-01-17T06:40:31.427+0000] {logging_mixin.py:190} INFO - [2026-01-17T06:40:31.427+0000] {dag.py:4180} INFO - Setting next_dagrun for user_processing_branch to 2026-01-16 00:00:00+00:00, run_after=2026-01-17 00:00:00+00:00
[2026-01-17T06:40:31.455+0000] {processor.py:208} INFO - Processing /opt/airflow/dags/branching_user_processing.py took 0.591 seconds
[2026-01-17T06:41:02.015+0000] {processor.py:186} INFO - Started process (PID=11512) to work on /opt/airflow/dags/branching_user_processing.py
[2026-01-17T06:41:02.016+0000] {processor.py:914} INFO - Processing file /opt/airflow/dags/branching_user_processing.py for tasks to queue
[2026-01-17T06:41:02.018+0000] {logging_mixin.py:190} INFO - [2026-01-17T06:41:02.017+0000] {dagbag.py:588} INFO - Filling up the DagBag from /opt/airflow/dags/branching_user_processing.py
[2026-01-17T06:41:02.405+0000] {processor.py:925} INFO - DAG(s) 'user_processing_branch' retrieved from /opt/airflow/dags/branching_user_processing.py
[2026-01-17T06:41:02.456+0000] {logging_mixin.py:190} INFO - [2026-01-17T06:41:02.455+0000] {dag.py:3239} INFO - Sync 1 DAGs
[2026-01-17T06:41:02.491+0000] {logging_mixin.py:190} INFO - [2026-01-17T06:41:02.490+0000] {dag.py:4180} INFO - Setting next_dagrun for user_processing_branch to 2026-01-16 00:00:00+00:00, run_after=2026-01-17 00:00:00+00:00
[2026-01-17T06:41:02.516+0000] {processor.py:208} INFO - Processing /opt/airflow/dags/branching_user_processing.py took 0.510 seconds
[2026-01-17T06:41:33.071+0000] {processor.py:186} INFO - Started process (PID=11536) to work on /opt/airflow/dags/branching_user_processing.py
[2026-01-17T06:41:33.073+0000] {processor.py:914} INFO - Processing file /opt/airflow/dags/branching_user_processing.py for tasks to queue
[2026-01-17T06:41:33.075+0000] {logging_mixin.py:190} INFO - [2026-01-17T06:41:33.074+0000] {dagbag.py:588} INFO - Filling up the DagBag from /opt/airflow/dags/branching_user_processing.py
[2026-01-17T06:41:33.752+0000] {processor.py:925} INFO - DAG(s) 'user_processing_branch' retrieved from /opt/airflow/dags/branching_user_processing.py
[2026-01-17T06:41:33.800+0000] {logging_mixin.py:190} INFO - [2026-01-17T06:41:33.800+0000] {dag.py:3239} INFO - Sync 1 DAGs
[2026-01-17T06:41:33.851+0000] {logging_mixin.py:190} INFO - [2026-01-17T06:41:33.851+0000] {dag.py:4180} INFO - Setting next_dagrun for user_processing_branch to 2026-01-16 00:00:00+00:00, run_after=2026-01-17 00:00:00+00:00
[2026-01-17T06:41:33.887+0000] {processor.py:208} INFO - Processing /opt/airflow/dags/branching_user_processing.py took 0.832 seconds
[2026-01-17T06:42:04.503+0000] {processor.py:186} INFO - Started process (PID=11560) to work on /opt/airflow/dags/branching_user_processing.py
[2026-01-17T06:42:04.504+0000] {processor.py:914} INFO - Processing file /opt/airflow/dags/branching_user_processing.py for tasks to queue
[2026-01-17T06:42:04.506+0000] {logging_mixin.py:190} INFO - [2026-01-17T06:42:04.505+0000] {dagbag.py:588} INFO - Filling up the DagBag from /opt/airflow/dags/branching_user_processing.py
[2026-01-17T06:42:04.978+0000] {processor.py:925} INFO - DAG(s) 'user_processing_branch' retrieved from /opt/airflow/dags/branching_user_processing.py
[2026-01-17T06:42:05.018+0000] {logging_mixin.py:190} INFO - [2026-01-17T06:42:05.017+0000] {dag.py:3239} INFO - Sync 1 DAGs
[2026-01-17T06:42:05.058+0000] {logging_mixin.py:190} INFO - [2026-01-17T06:42:05.057+0000] {dag.py:4180} INFO - Setting next_dagrun for user_processing_branch to 2026-01-16 00:00:00+00:00, run_after=2026-01-17 00:00:00+00:00
[2026-01-17T06:42:05.082+0000] {processor.py:208} INFO - Processing /opt/airflow/dags/branching_user_processing.py took 0.589 seconds
[2026-01-17T06:42:35.376+0000] {processor.py:186} INFO - Started process (PID=11583) to work on /opt/airflow/dags/branching_user_processing.py
[2026-01-17T06:42:35.378+0000] {processor.py:914} INFO - Processing file /opt/airflow/dags/branching_user_processing.py for tasks to queue
[2026-01-17T06:42:35.379+0000] {logging_mixin.py:190} INFO - [2026-01-17T06:42:35.379+0000] {dagbag.py:588} INFO - Filling up the DagBag from /opt/airflow/dags/branching_user_processing.py
[2026-01-17T06:42:35.811+0000] {processor.py:925} INFO - DAG(s) 'user_processing_branch' retrieved from /opt/airflow/dags/branching_user_processing.py
[2026-01-17T06:42:35.853+0000] {logging_mixin.py:190} INFO - [2026-01-17T06:42:35.853+0000] {dag.py:3239} INFO - Sync 1 DAGs
[2026-01-17T06:42:35.892+0000] {logging_mixin.py:190} INFO - [2026-01-17T06:42:35.892+0000] {dag.py:4180} INFO - Setting next_dagrun for user_processing_branch to 2026-01-16 00:00:00+00:00, run_after=2026-01-17 00:00:00+00:00
[2026-01-17T06:42:35.920+0000] {processor.py:208} INFO - Processing /opt/airflow/dags/branching_user_processing.py took 0.554 seconds
[2026-01-17T06:43:06.023+0000] {processor.py:186} INFO - Started process (PID=11607) to work on /opt/airflow/dags/branching_user_processing.py
[2026-01-17T06:43:06.025+0000] {processor.py:914} INFO - Processing file /opt/airflow/dags/branching_user_processing.py for tasks to queue
[2026-01-17T06:43:06.028+0000] {logging_mixin.py:190} INFO - [2026-01-17T06:43:06.027+0000] {dagbag.py:588} INFO - Filling up the DagBag from /opt/airflow/dags/branching_user_processing.py
[2026-01-17T06:43:06.581+0000] {processor.py:925} INFO - DAG(s) 'user_processing_branch' retrieved from /opt/airflow/dags/branching_user_processing.py
[2026-01-17T06:43:06.633+0000] {logging_mixin.py:190} INFO - [2026-01-17T06:43:06.632+0000] {dag.py:3239} INFO - Sync 1 DAGs
[2026-01-17T06:43:06.681+0000] {logging_mixin.py:190} INFO - [2026-01-17T06:43:06.680+0000] {dag.py:4180} INFO - Setting next_dagrun for user_processing_branch to 2026-01-16 00:00:00+00:00, run_after=2026-01-17 00:00:00+00:00
[2026-01-17T06:43:06.712+0000] {processor.py:208} INFO - Processing /opt/airflow/dags/branching_user_processing.py took 0.701 seconds
[2026-01-17T06:43:36.956+0000] {processor.py:186} INFO - Started process (PID=11632) to work on /opt/airflow/dags/branching_user_processing.py
[2026-01-17T06:43:36.958+0000] {processor.py:914} INFO - Processing file /opt/airflow/dags/branching_user_processing.py for tasks to queue
[2026-01-17T06:43:36.959+0000] {logging_mixin.py:190} INFO - [2026-01-17T06:43:36.959+0000] {dagbag.py:588} INFO - Filling up the DagBag from /opt/airflow/dags/branching_user_processing.py
[2026-01-17T06:43:37.449+0000] {processor.py:925} INFO - DAG(s) 'user_processing_branch' retrieved from /opt/airflow/dags/branching_user_processing.py
[2026-01-17T06:43:37.489+0000] {logging_mixin.py:190} INFO - [2026-01-17T06:43:37.489+0000] {dag.py:3239} INFO - Sync 1 DAGs
[2026-01-17T06:43:37.527+0000] {logging_mixin.py:190} INFO - [2026-01-17T06:43:37.526+0000] {dag.py:4180} INFO - Setting next_dagrun for user_processing_branch to 2026-01-16 00:00:00+00:00, run_after=2026-01-17 00:00:00+00:00
[2026-01-17T06:43:37.551+0000] {processor.py:208} INFO - Processing /opt/airflow/dags/branching_user_processing.py took 0.605 seconds
[2026-01-17T06:44:07.760+0000] {processor.py:186} INFO - Started process (PID=11656) to work on /opt/airflow/dags/branching_user_processing.py
[2026-01-17T06:44:07.761+0000] {processor.py:914} INFO - Processing file /opt/airflow/dags/branching_user_processing.py for tasks to queue
[2026-01-17T06:44:07.763+0000] {logging_mixin.py:190} INFO - [2026-01-17T06:44:07.763+0000] {dagbag.py:588} INFO - Filling up the DagBag from /opt/airflow/dags/branching_user_processing.py
[2026-01-17T06:44:08.287+0000] {processor.py:925} INFO - DAG(s) 'user_processing_branch' retrieved from /opt/airflow/dags/branching_user_processing.py
[2026-01-17T06:44:08.331+0000] {logging_mixin.py:190} INFO - [2026-01-17T06:44:08.330+0000] {dag.py:3239} INFO - Sync 1 DAGs
[2026-01-17T06:44:08.377+0000] {logging_mixin.py:190} INFO - [2026-01-17T06:44:08.377+0000] {dag.py:4180} INFO - Setting next_dagrun for user_processing_branch to 2026-01-16 00:00:00+00:00, run_after=2026-01-17 00:00:00+00:00
[2026-01-17T06:44:08.408+0000] {processor.py:208} INFO - Processing /opt/airflow/dags/branching_user_processing.py took 0.660 seconds
[2026-01-17T06:44:39.084+0000] {processor.py:186} INFO - Started process (PID=11681) to work on /opt/airflow/dags/branching_user_processing.py
[2026-01-17T06:44:39.085+0000] {processor.py:914} INFO - Processing file /opt/airflow/dags/branching_user_processing.py for tasks to queue
[2026-01-17T06:44:39.087+0000] {logging_mixin.py:190} INFO - [2026-01-17T06:44:39.086+0000] {dagbag.py:588} INFO - Filling up the DagBag from /opt/airflow/dags/branching_user_processing.py
[2026-01-17T06:44:39.532+0000] {processor.py:925} INFO - DAG(s) 'user_processing_branch' retrieved from /opt/airflow/dags/branching_user_processing.py
[2026-01-17T06:44:39.575+0000] {logging_mixin.py:190} INFO - [2026-01-17T06:44:39.574+0000] {dag.py:3239} INFO - Sync 1 DAGs
[2026-01-17T06:44:39.614+0000] {logging_mixin.py:190} INFO - [2026-01-17T06:44:39.614+0000] {dag.py:4180} INFO - Setting next_dagrun for user_processing_branch to 2026-01-16 00:00:00+00:00, run_after=2026-01-17 00:00:00+00:00
[2026-01-17T06:44:39.642+0000] {processor.py:208} INFO - Processing /opt/airflow/dags/branching_user_processing.py took 0.569 seconds
[2026-01-17T06:45:09.698+0000] {processor.py:186} INFO - Started process (PID=11705) to work on /opt/airflow/dags/branching_user_processing.py
[2026-01-17T06:45:09.700+0000] {processor.py:914} INFO - Processing file /opt/airflow/dags/branching_user_processing.py for tasks to queue
[2026-01-17T06:45:09.703+0000] {logging_mixin.py:190} INFO - [2026-01-17T06:45:09.702+0000] {dagbag.py:588} INFO - Filling up the DagBag from /opt/airflow/dags/branching_user_processing.py
[2026-01-17T06:45:10.196+0000] {processor.py:925} INFO - DAG(s) 'user_processing_branch' retrieved from /opt/airflow/dags/branching_user_processing.py
[2026-01-17T06:45:10.231+0000] {logging_mixin.py:190} INFO - [2026-01-17T06:45:10.231+0000] {dag.py:3239} INFO - Sync 1 DAGs
[2026-01-17T06:45:10.267+0000] {logging_mixin.py:190} INFO - [2026-01-17T06:45:10.267+0000] {dag.py:4180} INFO - Setting next_dagrun for user_processing_branch to 2026-01-16 00:00:00+00:00, run_after=2026-01-17 00:00:00+00:00
[2026-01-17T06:45:10.294+0000] {processor.py:208} INFO - Processing /opt/airflow/dags/branching_user_processing.py took 0.609 seconds
[2026-01-17T06:45:40.859+0000] {processor.py:186} INFO - Started process (PID=11729) to work on /opt/airflow/dags/branching_user_processing.py
[2026-01-17T06:45:40.861+0000] {processor.py:914} INFO - Processing file /opt/airflow/dags/branching_user_processing.py for tasks to queue
[2026-01-17T06:45:40.862+0000] {logging_mixin.py:190} INFO - [2026-01-17T06:45:40.862+0000] {dagbag.py:588} INFO - Filling up the DagBag from /opt/airflow/dags/branching_user_processing.py
[2026-01-17T06:45:41.324+0000] {processor.py:925} INFO - DAG(s) 'user_processing_branch' retrieved from /opt/airflow/dags/branching_user_processing.py
[2026-01-17T06:45:41.367+0000] {logging_mixin.py:190} INFO - [2026-01-17T06:45:41.366+0000] {dag.py:3239} INFO - Sync 1 DAGs
[2026-01-17T06:45:41.407+0000] {logging_mixin.py:190} INFO - [2026-01-17T06:45:41.406+0000] {dag.py:4180} INFO - Setting next_dagrun for user_processing_branch to 2026-01-16 00:00:00+00:00, run_after=2026-01-17 00:00:00+00:00
[2026-01-17T06:45:41.431+0000] {processor.py:208} INFO - Processing /opt/airflow/dags/branching_user_processing.py took 0.583 seconds
[2026-01-17T06:46:12.279+0000] {processor.py:186} INFO - Started process (PID=11754) to work on /opt/airflow/dags/branching_user_processing.py
[2026-01-17T06:46:12.281+0000] {processor.py:914} INFO - Processing file /opt/airflow/dags/branching_user_processing.py for tasks to queue
[2026-01-17T06:46:12.283+0000] {logging_mixin.py:190} INFO - [2026-01-17T06:46:12.282+0000] {dagbag.py:588} INFO - Filling up the DagBag from /opt/airflow/dags/branching_user_processing.py
[2026-01-17T06:46:12.851+0000] {processor.py:925} INFO - DAG(s) 'user_processing_branch' retrieved from /opt/airflow/dags/branching_user_processing.py
[2026-01-17T06:46:12.905+0000] {logging_mixin.py:190} INFO - [2026-01-17T06:46:12.904+0000] {dag.py:3239} INFO - Sync 1 DAGs
[2026-01-17T06:46:12.961+0000] {logging_mixin.py:190} INFO - [2026-01-17T06:46:12.961+0000] {dag.py:4180} INFO - Setting next_dagrun for user_processing_branch to 2026-01-16 00:00:00+00:00, run_after=2026-01-17 00:00:00+00:00
[2026-01-17T06:46:12.996+0000] {processor.py:208} INFO - Processing /opt/airflow/dags/branching_user_processing.py took 0.730 seconds
[2026-01-17T06:46:44.032+0000] {processor.py:186} INFO - Started process (PID=11778) to work on /opt/airflow/dags/branching_user_processing.py
[2026-01-17T06:46:44.034+0000] {processor.py:914} INFO - Processing file /opt/airflow/dags/branching_user_processing.py for tasks to queue
[2026-01-17T06:46:44.036+0000] {logging_mixin.py:190} INFO - [2026-01-17T06:46:44.036+0000] {dagbag.py:588} INFO - Filling up the DagBag from /opt/airflow/dags/branching_user_processing.py
[2026-01-17T06:46:44.528+0000] {processor.py:925} INFO - DAG(s) 'user_processing_branch' retrieved from /opt/airflow/dags/branching_user_processing.py
[2026-01-17T06:46:44.567+0000] {logging_mixin.py:190} INFO - [2026-01-17T06:46:44.566+0000] {dag.py:3239} INFO - Sync 1 DAGs
[2026-01-17T06:46:44.601+0000] {logging_mixin.py:190} INFO - [2026-01-17T06:46:44.601+0000] {dag.py:4180} INFO - Setting next_dagrun for user_processing_branch to 2026-01-16 00:00:00+00:00, run_after=2026-01-17 00:00:00+00:00
[2026-01-17T06:46:44.627+0000] {processor.py:208} INFO - Processing /opt/airflow/dags/branching_user_processing.py took 0.610 seconds
[2026-01-17T06:47:14.736+0000] {processor.py:186} INFO - Started process (PID=11800) to work on /opt/airflow/dags/branching_user_processing.py
[2026-01-17T06:47:14.738+0000] {processor.py:914} INFO - Processing file /opt/airflow/dags/branching_user_processing.py for tasks to queue
[2026-01-17T06:47:14.740+0000] {logging_mixin.py:190} INFO - [2026-01-17T06:47:14.739+0000] {dagbag.py:588} INFO - Filling up the DagBag from /opt/airflow/dags/branching_user_processing.py
[2026-01-17T06:47:15.185+0000] {processor.py:925} INFO - DAG(s) 'user_processing_branch' retrieved from /opt/airflow/dags/branching_user_processing.py
[2026-01-17T06:47:15.228+0000] {logging_mixin.py:190} INFO - [2026-01-17T06:47:15.227+0000] {dag.py:3239} INFO - Sync 1 DAGs
[2026-01-17T06:47:15.264+0000] {logging_mixin.py:190} INFO - [2026-01-17T06:47:15.264+0000] {dag.py:4180} INFO - Setting next_dagrun for user_processing_branch to 2026-01-16 00:00:00+00:00, run_after=2026-01-17 00:00:00+00:00
[2026-01-17T06:47:15.288+0000] {processor.py:208} INFO - Processing /opt/airflow/dags/branching_user_processing.py took 0.563 seconds
[2026-01-17T06:47:45.934+0000] {processor.py:186} INFO - Started process (PID=11824) to work on /opt/airflow/dags/branching_user_processing.py
[2026-01-17T06:47:45.936+0000] {processor.py:914} INFO - Processing file /opt/airflow/dags/branching_user_processing.py for tasks to queue
[2026-01-17T06:47:45.939+0000] {logging_mixin.py:190} INFO - [2026-01-17T06:47:45.938+0000] {dagbag.py:588} INFO - Filling up the DagBag from /opt/airflow/dags/branching_user_processing.py
[2026-01-17T06:47:46.582+0000] {processor.py:925} INFO - DAG(s) 'user_processing_branch' retrieved from /opt/airflow/dags/branching_user_processing.py
[2026-01-17T06:47:46.633+0000] {logging_mixin.py:190} INFO - [2026-01-17T06:47:46.632+0000] {dag.py:3239} INFO - Sync 1 DAGs
[2026-01-17T06:47:46.682+0000] {logging_mixin.py:190} INFO - [2026-01-17T06:47:46.682+0000] {dag.py:4180} INFO - Setting next_dagrun for user_processing_branch to 2026-01-16 00:00:00+00:00, run_after=2026-01-17 00:00:00+00:00
[2026-01-17T06:47:46.713+0000] {processor.py:208} INFO - Processing /opt/airflow/dags/branching_user_processing.py took 0.792 seconds
[2026-01-17T06:48:16.866+0000] {processor.py:186} INFO - Started process (PID=11848) to work on /opt/airflow/dags/branching_user_processing.py
[2026-01-17T06:48:16.867+0000] {processor.py:914} INFO - Processing file /opt/airflow/dags/branching_user_processing.py for tasks to queue
[2026-01-17T06:48:16.869+0000] {logging_mixin.py:190} INFO - [2026-01-17T06:48:16.869+0000] {dagbag.py:588} INFO - Filling up the DagBag from /opt/airflow/dags/branching_user_processing.py
[2026-01-17T06:48:17.348+0000] {processor.py:925} INFO - DAG(s) 'user_processing_branch' retrieved from /opt/airflow/dags/branching_user_processing.py
[2026-01-17T06:48:17.390+0000] {logging_mixin.py:190} INFO - [2026-01-17T06:48:17.389+0000] {dag.py:3239} INFO - Sync 1 DAGs
[2026-01-17T06:48:17.652+0000] {logging_mixin.py:190} INFO - [2026-01-17T06:48:17.652+0000] {dag.py:4180} INFO - Setting next_dagrun for user_processing_branch to 2026-01-16 00:00:00+00:00, run_after=2026-01-17 00:00:00+00:00
[2026-01-17T06:48:17.674+0000] {processor.py:208} INFO - Processing /opt/airflow/dags/branching_user_processing.py took 0.819 seconds
[2026-01-17T06:48:48.701+0000] {processor.py:186} INFO - Started process (PID=11873) to work on /opt/airflow/dags/branching_user_processing.py
[2026-01-17T06:48:48.702+0000] {processor.py:914} INFO - Processing file /opt/airflow/dags/branching_user_processing.py for tasks to queue
[2026-01-17T06:48:48.704+0000] {logging_mixin.py:190} INFO - [2026-01-17T06:48:48.703+0000] {dagbag.py:588} INFO - Filling up the DagBag from /opt/airflow/dags/branching_user_processing.py
[2026-01-17T06:48:49.223+0000] {processor.py:925} INFO - DAG(s) 'user_processing_branch' retrieved from /opt/airflow/dags/branching_user_processing.py
[2026-01-17T06:48:49.288+0000] {logging_mixin.py:190} INFO - [2026-01-17T06:48:49.287+0000] {dag.py:3239} INFO - Sync 1 DAGs
[2026-01-17T06:48:49.330+0000] {logging_mixin.py:190} INFO - [2026-01-17T06:48:49.330+0000] {dag.py:4180} INFO - Setting next_dagrun for user_processing_branch to 2026-01-16 00:00:00+00:00, run_after=2026-01-17 00:00:00+00:00
[2026-01-17T06:48:49.372+0000] {processor.py:208} INFO - Processing /opt/airflow/dags/branching_user_processing.py took 0.682 seconds
[2026-01-17T06:49:20.429+0000] {processor.py:186} INFO - Started process (PID=11897) to work on /opt/airflow/dags/branching_user_processing.py
[2026-01-17T06:49:20.431+0000] {processor.py:914} INFO - Processing file /opt/airflow/dags/branching_user_processing.py for tasks to queue
[2026-01-17T06:49:20.433+0000] {logging_mixin.py:190} INFO - [2026-01-17T06:49:20.432+0000] {dagbag.py:588} INFO - Filling up the DagBag from /opt/airflow/dags/branching_user_processing.py
[2026-01-17T06:49:21.013+0000] {processor.py:925} INFO - DAG(s) 'user_processing_branch' retrieved from /opt/airflow/dags/branching_user_processing.py
[2026-01-17T06:49:21.065+0000] {logging_mixin.py:190} INFO - [2026-01-17T06:49:21.065+0000] {dag.py:3239} INFO - Sync 1 DAGs
[2026-01-17T06:49:21.115+0000] {logging_mixin.py:190} INFO - [2026-01-17T06:49:21.115+0000] {dag.py:4180} INFO - Setting next_dagrun for user_processing_branch to 2026-01-16 00:00:00+00:00, run_after=2026-01-17 00:00:00+00:00
[2026-01-17T06:49:21.147+0000] {processor.py:208} INFO - Processing /opt/airflow/dags/branching_user_processing.py took 0.730 seconds
[2026-01-17T06:49:51.224+0000] {processor.py:186} INFO - Started process (PID=11920) to work on /opt/airflow/dags/branching_user_processing.py
[2026-01-17T06:49:51.225+0000] {processor.py:914} INFO - Processing file /opt/airflow/dags/branching_user_processing.py for tasks to queue
[2026-01-17T06:49:51.227+0000] {logging_mixin.py:190} INFO - [2026-01-17T06:49:51.227+0000] {dagbag.py:588} INFO - Filling up the DagBag from /opt/airflow/dags/branching_user_processing.py
[2026-01-17T06:49:51.681+0000] {processor.py:925} INFO - DAG(s) 'user_processing_branch' retrieved from /opt/airflow/dags/branching_user_processing.py
[2026-01-17T06:49:51.727+0000] {logging_mixin.py:190} INFO - [2026-01-17T06:49:51.726+0000] {dag.py:3239} INFO - Sync 1 DAGs
[2026-01-17T06:49:51.771+0000] {logging_mixin.py:190} INFO - [2026-01-17T06:49:51.771+0000] {dag.py:4180} INFO - Setting next_dagrun for user_processing_branch to 2026-01-16 00:00:00+00:00, run_after=2026-01-17 00:00:00+00:00
[2026-01-17T06:49:51.801+0000] {processor.py:208} INFO - Processing /opt/airflow/dags/branching_user_processing.py took 0.587 seconds
[2026-01-17T06:50:22.749+0000] {processor.py:186} INFO - Started process (PID=11945) to work on /opt/airflow/dags/branching_user_processing.py
[2026-01-17T06:50:22.751+0000] {processor.py:914} INFO - Processing file /opt/airflow/dags/branching_user_processing.py for tasks to queue
[2026-01-17T06:50:22.752+0000] {logging_mixin.py:190} INFO - [2026-01-17T06:50:22.752+0000] {dagbag.py:588} INFO - Filling up the DagBag from /opt/airflow/dags/branching_user_processing.py
[2026-01-17T06:50:23.199+0000] {processor.py:925} INFO - DAG(s) 'user_processing_branch' retrieved from /opt/airflow/dags/branching_user_processing.py
[2026-01-17T06:50:23.245+0000] {logging_mixin.py:190} INFO - [2026-01-17T06:50:23.244+0000] {dag.py:3239} INFO - Sync 1 DAGs
[2026-01-17T06:50:23.534+0000] {logging_mixin.py:190} INFO - [2026-01-17T06:50:23.534+0000] {dag.py:4180} INFO - Setting next_dagrun for user_processing_branch to 2026-01-16 00:00:00+00:00, run_after=2026-01-17 00:00:00+00:00
[2026-01-17T06:50:23.566+0000] {processor.py:208} INFO - Processing /opt/airflow/dags/branching_user_processing.py took 0.825 seconds
[2026-01-17T06:50:53.901+0000] {processor.py:186} INFO - Started process (PID=11970) to work on /opt/airflow/dags/branching_user_processing.py
[2026-01-17T06:50:53.903+0000] {processor.py:914} INFO - Processing file /opt/airflow/dags/branching_user_processing.py for tasks to queue
[2026-01-17T06:50:53.905+0000] {logging_mixin.py:190} INFO - [2026-01-17T06:50:53.904+0000] {dagbag.py:588} INFO - Filling up the DagBag from /opt/airflow/dags/branching_user_processing.py
[2026-01-17T06:50:54.426+0000] {processor.py:925} INFO - DAG(s) 'user_processing_branch' retrieved from /opt/airflow/dags/branching_user_processing.py
[2026-01-17T06:50:54.479+0000] {logging_mixin.py:190} INFO - [2026-01-17T06:50:54.478+0000] {dag.py:3239} INFO - Sync 1 DAGs
[2026-01-17T06:50:54.531+0000] {logging_mixin.py:190} INFO - [2026-01-17T06:50:54.530+0000] {dag.py:4180} INFO - Setting next_dagrun for user_processing_branch to 2026-01-16 00:00:00+00:00, run_after=2026-01-17 00:00:00+00:00
[2026-01-17T06:50:54.564+0000] {processor.py:208} INFO - Processing /opt/airflow/dags/branching_user_processing.py took 0.674 seconds
[2026-01-17T06:51:24.803+0000] {processor.py:186} INFO - Started process (PID=11994) to work on /opt/airflow/dags/branching_user_processing.py
[2026-01-17T06:51:24.805+0000] {processor.py:914} INFO - Processing file /opt/airflow/dags/branching_user_processing.py for tasks to queue
[2026-01-17T06:51:24.807+0000] {logging_mixin.py:190} INFO - [2026-01-17T06:51:24.807+0000] {dagbag.py:588} INFO - Filling up the DagBag from /opt/airflow/dags/branching_user_processing.py
[2026-01-17T06:51:25.343+0000] {processor.py:925} INFO - DAG(s) 'user_processing_branch' retrieved from /opt/airflow/dags/branching_user_processing.py
[2026-01-17T06:51:25.399+0000] {logging_mixin.py:190} INFO - [2026-01-17T06:51:25.398+0000] {dag.py:3239} INFO - Sync 1 DAGs
[2026-01-17T06:51:25.448+0000] {logging_mixin.py:190} INFO - [2026-01-17T06:51:25.447+0000] {dag.py:4180} INFO - Setting next_dagrun for user_processing_branch to 2026-01-16 00:00:00+00:00, run_after=2026-01-17 00:00:00+00:00
[2026-01-17T06:51:25.476+0000] {processor.py:208} INFO - Processing /opt/airflow/dags/branching_user_processing.py took 0.685 seconds
[2026-01-17T06:51:55.646+0000] {processor.py:186} INFO - Started process (PID=12018) to work on /opt/airflow/dags/branching_user_processing.py
[2026-01-17T06:51:55.647+0000] {processor.py:914} INFO - Processing file /opt/airflow/dags/branching_user_processing.py for tasks to queue
[2026-01-17T06:51:55.648+0000] {logging_mixin.py:190} INFO - [2026-01-17T06:51:55.648+0000] {dagbag.py:588} INFO - Filling up the DagBag from /opt/airflow/dags/branching_user_processing.py
[2026-01-17T06:51:56.113+0000] {processor.py:925} INFO - DAG(s) 'user_processing_branch' retrieved from /opt/airflow/dags/branching_user_processing.py
[2026-01-17T06:51:56.170+0000] {logging_mixin.py:190} INFO - [2026-01-17T06:51:56.169+0000] {dag.py:3239} INFO - Sync 1 DAGs
[2026-01-17T06:51:56.220+0000] {logging_mixin.py:190} INFO - [2026-01-17T06:51:56.220+0000] {dag.py:4180} INFO - Setting next_dagrun for user_processing_branch to 2026-01-16 00:00:00+00:00, run_after=2026-01-17 00:00:00+00:00
[2026-01-17T06:51:56.259+0000] {processor.py:208} INFO - Processing /opt/airflow/dags/branching_user_processing.py took 0.622 seconds
[2026-01-17T06:52:26.789+0000] {processor.py:186} INFO - Started process (PID=12044) to work on /opt/airflow/dags/branching_user_processing.py
[2026-01-17T06:52:26.791+0000] {processor.py:914} INFO - Processing file /opt/airflow/dags/branching_user_processing.py for tasks to queue
[2026-01-17T06:52:26.793+0000] {logging_mixin.py:190} INFO - [2026-01-17T06:52:26.792+0000] {dagbag.py:588} INFO - Filling up the DagBag from /opt/airflow/dags/branching_user_processing.py
[2026-01-17T06:52:27.388+0000] {processor.py:925} INFO - DAG(s) 'user_processing_branch' retrieved from /opt/airflow/dags/branching_user_processing.py
[2026-01-17T06:52:27.433+0000] {logging_mixin.py:190} INFO - [2026-01-17T06:52:27.432+0000] {dag.py:3239} INFO - Sync 1 DAGs
[2026-01-17T06:52:27.742+0000] {logging_mixin.py:190} INFO - [2026-01-17T06:52:27.742+0000] {dag.py:4180} INFO - Setting next_dagrun for user_processing_branch to 2026-01-16 00:00:00+00:00, run_after=2026-01-17 00:00:00+00:00
[2026-01-17T06:52:27.767+0000] {processor.py:208} INFO - Processing /opt/airflow/dags/branching_user_processing.py took 0.991 seconds
[2026-01-17T06:52:58.403+0000] {processor.py:186} INFO - Started process (PID=12069) to work on /opt/airflow/dags/branching_user_processing.py
[2026-01-17T06:52:58.404+0000] {processor.py:914} INFO - Processing file /opt/airflow/dags/branching_user_processing.py for tasks to queue
[2026-01-17T06:52:58.407+0000] {logging_mixin.py:190} INFO - [2026-01-17T06:52:58.406+0000] {dagbag.py:588} INFO - Filling up the DagBag from /opt/airflow/dags/branching_user_processing.py
[2026-01-17T06:52:58.890+0000] {processor.py:925} INFO - DAG(s) 'user_processing_branch' retrieved from /opt/airflow/dags/branching_user_processing.py
[2026-01-17T06:52:58.941+0000] {logging_mixin.py:190} INFO - [2026-01-17T06:52:58.940+0000] {dag.py:3239} INFO - Sync 1 DAGs
[2026-01-17T06:52:58.988+0000] {logging_mixin.py:190} INFO - [2026-01-17T06:52:58.987+0000] {dag.py:4180} INFO - Setting next_dagrun for user_processing_branch to 2026-01-16 00:00:00+00:00, run_after=2026-01-17 00:00:00+00:00
[2026-01-17T06:52:59.013+0000] {processor.py:208} INFO - Processing /opt/airflow/dags/branching_user_processing.py took 0.622 seconds
[2026-01-17T06:53:29.116+0000] {processor.py:186} INFO - Started process (PID=12092) to work on /opt/airflow/dags/branching_user_processing.py
[2026-01-17T06:53:29.119+0000] {processor.py:914} INFO - Processing file /opt/airflow/dags/branching_user_processing.py for tasks to queue
[2026-01-17T06:53:29.122+0000] {logging_mixin.py:190} INFO - [2026-01-17T06:53:29.121+0000] {dagbag.py:588} INFO - Filling up the DagBag from /opt/airflow/dags/branching_user_processing.py
[2026-01-17T06:53:29.989+0000] {processor.py:925} INFO - DAG(s) 'user_processing_branch' retrieved from /opt/airflow/dags/branching_user_processing.py
[2026-01-17T06:53:30.084+0000] {logging_mixin.py:190} INFO - [2026-01-17T06:53:30.083+0000] {dag.py:3239} INFO - Sync 1 DAGs
[2026-01-17T06:53:30.154+0000] {logging_mixin.py:190} INFO - [2026-01-17T06:53:30.154+0000] {dag.py:4180} INFO - Setting next_dagrun for user_processing_branch to 2026-01-16 00:00:00+00:00, run_after=2026-01-17 00:00:00+00:00
[2026-01-17T06:53:30.199+0000] {processor.py:208} INFO - Processing /opt/airflow/dags/branching_user_processing.py took 1.101 seconds
[2026-01-17T06:54:00.895+0000] {processor.py:186} INFO - Started process (PID=12116) to work on /opt/airflow/dags/branching_user_processing.py
[2026-01-17T06:54:00.897+0000] {processor.py:914} INFO - Processing file /opt/airflow/dags/branching_user_processing.py for tasks to queue
[2026-01-17T06:54:00.899+0000] {logging_mixin.py:190} INFO - [2026-01-17T06:54:00.898+0000] {dagbag.py:588} INFO - Filling up the DagBag from /opt/airflow/dags/branching_user_processing.py
[2026-01-17T06:54:01.319+0000] {processor.py:925} INFO - DAG(s) 'user_processing_branch' retrieved from /opt/airflow/dags/branching_user_processing.py
[2026-01-17T06:54:01.360+0000] {logging_mixin.py:190} INFO - [2026-01-17T06:54:01.359+0000] {dag.py:3239} INFO - Sync 1 DAGs
[2026-01-17T06:54:01.408+0000] {logging_mixin.py:190} INFO - [2026-01-17T06:54:01.408+0000] {dag.py:4180} INFO - Setting next_dagrun for user_processing_branch to 2026-01-16 00:00:00+00:00, run_after=2026-01-17 00:00:00+00:00
[2026-01-17T06:54:01.744+0000] {processor.py:208} INFO - Processing /opt/airflow/dags/branching_user_processing.py took 0.861 seconds
[2026-01-17T06:54:32.264+0000] {processor.py:186} INFO - Started process (PID=12139) to work on /opt/airflow/dags/branching_user_processing.py
[2026-01-17T06:54:32.265+0000] {processor.py:914} INFO - Processing file /opt/airflow/dags/branching_user_processing.py for tasks to queue
[2026-01-17T06:54:32.267+0000] {logging_mixin.py:190} INFO - [2026-01-17T06:54:32.267+0000] {dagbag.py:588} INFO - Filling up the DagBag from /opt/airflow/dags/branching_user_processing.py
[2026-01-17T06:54:32.757+0000] {processor.py:925} INFO - DAG(s) 'user_processing_branch' retrieved from /opt/airflow/dags/branching_user_processing.py
[2026-01-17T06:54:32.799+0000] {logging_mixin.py:190} INFO - [2026-01-17T06:54:32.798+0000] {dag.py:3239} INFO - Sync 1 DAGs
[2026-01-17T06:54:32.847+0000] {logging_mixin.py:190} INFO - [2026-01-17T06:54:32.847+0000] {dag.py:4180} INFO - Setting next_dagrun for user_processing_branch to 2026-01-16 00:00:00+00:00, run_after=2026-01-17 00:00:00+00:00
[2026-01-17T06:54:32.875+0000] {processor.py:208} INFO - Processing /opt/airflow/dags/branching_user_processing.py took 0.621 seconds
[2026-01-17T06:55:02.945+0000] {processor.py:186} INFO - Started process (PID=12161) to work on /opt/airflow/dags/branching_user_processing.py
[2026-01-17T06:55:02.947+0000] {processor.py:914} INFO - Processing file /opt/airflow/dags/branching_user_processing.py for tasks to queue
[2026-01-17T06:55:02.951+0000] {logging_mixin.py:190} INFO - [2026-01-17T06:55:02.950+0000] {dagbag.py:588} INFO - Filling up the DagBag from /opt/airflow/dags/branching_user_processing.py
[2026-01-17T06:55:03.658+0000] {processor.py:925} INFO - DAG(s) 'user_processing_branch' retrieved from /opt/airflow/dags/branching_user_processing.py
[2026-01-17T06:55:03.736+0000] {logging_mixin.py:190} INFO - [2026-01-17T06:55:03.734+0000] {dag.py:3239} INFO - Sync 1 DAGs
[2026-01-17T06:55:03.796+0000] {logging_mixin.py:190} INFO - [2026-01-17T06:55:03.796+0000] {dag.py:4180} INFO - Setting next_dagrun for user_processing_branch to 2026-01-16 00:00:00+00:00, run_after=2026-01-17 00:00:00+00:00
[2026-01-17T06:55:03.838+0000] {processor.py:208} INFO - Processing /opt/airflow/dags/branching_user_processing.py took 0.910 seconds
[2026-01-17T06:55:34.134+0000] {processor.py:186} INFO - Started process (PID=12191) to work on /opt/airflow/dags/branching_user_processing.py
[2026-01-17T06:55:34.135+0000] {processor.py:914} INFO - Processing file /opt/airflow/dags/branching_user_processing.py for tasks to queue
[2026-01-17T06:55:34.137+0000] {logging_mixin.py:190} INFO - [2026-01-17T06:55:34.137+0000] {dagbag.py:588} INFO - Filling up the DagBag from /opt/airflow/dags/branching_user_processing.py
[2026-01-17T06:55:34.663+0000] {processor.py:925} INFO - DAG(s) 'user_processing_branch' retrieved from /opt/airflow/dags/branching_user_processing.py
[2026-01-17T06:55:34.703+0000] {logging_mixin.py:190} INFO - [2026-01-17T06:55:34.703+0000] {dag.py:3239} INFO - Sync 1 DAGs
[2026-01-17T06:55:34.738+0000] {logging_mixin.py:190} INFO - [2026-01-17T06:55:34.738+0000] {dag.py:4180} INFO - Setting next_dagrun for user_processing_branch to 2026-01-16 00:00:00+00:00, run_after=2026-01-17 00:00:00+00:00
[2026-01-17T06:55:34.770+0000] {processor.py:208} INFO - Processing /opt/airflow/dags/branching_user_processing.py took 0.647 seconds
[2026-01-17T06:56:05.134+0000] {processor.py:186} INFO - Started process (PID=12216) to work on /opt/airflow/dags/branching_user_processing.py
[2026-01-17T06:56:05.135+0000] {processor.py:914} INFO - Processing file /opt/airflow/dags/branching_user_processing.py for tasks to queue
[2026-01-17T06:56:05.137+0000] {logging_mixin.py:190} INFO - [2026-01-17T06:56:05.137+0000] {dagbag.py:588} INFO - Filling up the DagBag from /opt/airflow/dags/branching_user_processing.py
[2026-01-17T06:56:05.692+0000] {processor.py:925} INFO - DAG(s) 'user_processing_branch' retrieved from /opt/airflow/dags/branching_user_processing.py
[2026-01-17T06:56:05.735+0000] {logging_mixin.py:190} INFO - [2026-01-17T06:56:05.734+0000] {dag.py:3239} INFO - Sync 1 DAGs
[2026-01-17T06:56:05.781+0000] {logging_mixin.py:190} INFO - [2026-01-17T06:56:05.780+0000] {dag.py:4180} INFO - Setting next_dagrun for user_processing_branch to 2026-01-16 00:00:00+00:00, run_after=2026-01-17 00:00:00+00:00
[2026-01-17T06:56:06.078+0000] {processor.py:208} INFO - Processing /opt/airflow/dags/branching_user_processing.py took 0.954 seconds
[2026-01-17T06:56:36.848+0000] {processor.py:186} INFO - Started process (PID=12240) to work on /opt/airflow/dags/branching_user_processing.py
[2026-01-17T06:56:36.850+0000] {processor.py:914} INFO - Processing file /opt/airflow/dags/branching_user_processing.py for tasks to queue
[2026-01-17T06:56:36.852+0000] {logging_mixin.py:190} INFO - [2026-01-17T06:56:36.852+0000] {dagbag.py:588} INFO - Filling up the DagBag from /opt/airflow/dags/branching_user_processing.py
[2026-01-17T06:56:37.511+0000] {processor.py:925} INFO - DAG(s) 'user_processing_branch' retrieved from /opt/airflow/dags/branching_user_processing.py
[2026-01-17T06:56:37.567+0000] {logging_mixin.py:190} INFO - [2026-01-17T06:56:37.566+0000] {dag.py:3239} INFO - Sync 1 DAGs
[2026-01-17T06:56:37.951+0000] {logging_mixin.py:190} INFO - [2026-01-17T06:56:37.951+0000] {dag.py:4180} INFO - Setting next_dagrun for user_processing_branch to 2026-01-16 00:00:00+00:00, run_after=2026-01-17 00:00:00+00:00
[2026-01-17T06:56:37.980+0000] {processor.py:208} INFO - Processing /opt/airflow/dags/branching_user_processing.py took 1.145 seconds
[2026-01-17T06:57:08.335+0000] {processor.py:186} INFO - Started process (PID=12265) to work on /opt/airflow/dags/branching_user_processing.py
[2026-01-17T06:57:08.337+0000] {processor.py:914} INFO - Processing file /opt/airflow/dags/branching_user_processing.py for tasks to queue
[2026-01-17T06:57:08.339+0000] {logging_mixin.py:190} INFO - [2026-01-17T06:57:08.338+0000] {dagbag.py:588} INFO - Filling up the DagBag from /opt/airflow/dags/branching_user_processing.py
[2026-01-17T06:57:08.965+0000] {processor.py:925} INFO - DAG(s) 'user_processing_branch' retrieved from /opt/airflow/dags/branching_user_processing.py
[2026-01-17T06:57:09.022+0000] {logging_mixin.py:190} INFO - [2026-01-17T06:57:09.021+0000] {dag.py:3239} INFO - Sync 1 DAGs
[2026-01-17T06:57:09.066+0000] {logging_mixin.py:190} INFO - [2026-01-17T06:57:09.066+0000] {dag.py:4180} INFO - Setting next_dagrun for user_processing_branch to 2026-01-16 00:00:00+00:00, run_after=2026-01-17 00:00:00+00:00
[2026-01-17T06:57:09.103+0000] {processor.py:208} INFO - Processing /opt/airflow/dags/branching_user_processing.py took 0.783 seconds
[2026-01-17T06:57:39.640+0000] {processor.py:186} INFO - Started process (PID=12288) to work on /opt/airflow/dags/branching_user_processing.py
[2026-01-17T06:57:39.641+0000] {processor.py:914} INFO - Processing file /opt/airflow/dags/branching_user_processing.py for tasks to queue
[2026-01-17T06:57:39.642+0000] {logging_mixin.py:190} INFO - [2026-01-17T06:57:39.642+0000] {dagbag.py:588} INFO - Filling up the DagBag from /opt/airflow/dags/branching_user_processing.py
[2026-01-17T06:57:40.119+0000] {processor.py:925} INFO - DAG(s) 'user_processing_branch' retrieved from /opt/airflow/dags/branching_user_processing.py
[2026-01-17T06:57:40.165+0000] {logging_mixin.py:190} INFO - [2026-01-17T06:57:40.164+0000] {dag.py:3239} INFO - Sync 1 DAGs
[2026-01-17T06:57:40.208+0000] {logging_mixin.py:190} INFO - [2026-01-17T06:57:40.207+0000] {dag.py:4180} INFO - Setting next_dagrun for user_processing_branch to 2026-01-16 00:00:00+00:00, run_after=2026-01-17 00:00:00+00:00
[2026-01-17T06:57:40.237+0000] {processor.py:208} INFO - Processing /opt/airflow/dags/branching_user_processing.py took 0.607 seconds
[2026-01-17T06:58:10.394+0000] {processor.py:186} INFO - Started process (PID=12312) to work on /opt/airflow/dags/branching_user_processing.py
[2026-01-17T06:58:10.396+0000] {processor.py:914} INFO - Processing file /opt/airflow/dags/branching_user_processing.py for tasks to queue
[2026-01-17T06:58:10.398+0000] {logging_mixin.py:190} INFO - [2026-01-17T06:58:10.398+0000] {dagbag.py:588} INFO - Filling up the DagBag from /opt/airflow/dags/branching_user_processing.py
[2026-01-17T06:58:10.967+0000] {processor.py:925} INFO - DAG(s) 'user_processing_branch' retrieved from /opt/airflow/dags/branching_user_processing.py
[2026-01-17T06:58:11.039+0000] {logging_mixin.py:190} INFO - [2026-01-17T06:58:11.037+0000] {dag.py:3239} INFO - Sync 1 DAGs
[2026-01-17T06:58:11.104+0000] {logging_mixin.py:190} INFO - [2026-01-17T06:58:11.103+0000] {dag.py:4180} INFO - Setting next_dagrun for user_processing_branch to 2026-01-16 00:00:00+00:00, run_after=2026-01-17 00:00:00+00:00
[2026-01-17T06:58:11.493+0000] {processor.py:208} INFO - Processing /opt/airflow/dags/branching_user_processing.py took 1.112 seconds
[2026-01-17T06:58:41.824+0000] {processor.py:186} INFO - Started process (PID=12336) to work on /opt/airflow/dags/branching_user_processing.py
[2026-01-17T06:58:41.827+0000] {processor.py:914} INFO - Processing file /opt/airflow/dags/branching_user_processing.py for tasks to queue
[2026-01-17T06:58:41.830+0000] {logging_mixin.py:190} INFO - [2026-01-17T06:58:41.829+0000] {dagbag.py:588} INFO - Filling up the DagBag from /opt/airflow/dags/branching_user_processing.py
[2026-01-17T06:58:42.570+0000] {processor.py:925} INFO - DAG(s) 'user_processing_branch' retrieved from /opt/airflow/dags/branching_user_processing.py
[2026-01-17T06:58:42.636+0000] {logging_mixin.py:190} INFO - [2026-01-17T06:58:42.636+0000] {dag.py:3239} INFO - Sync 1 DAGs
[2026-01-17T06:58:43.056+0000] {logging_mixin.py:190} INFO - [2026-01-17T06:58:43.055+0000] {dag.py:4180} INFO - Setting next_dagrun for user_processing_branch to 2026-01-16 00:00:00+00:00, run_after=2026-01-17 00:00:00+00:00
[2026-01-17T06:58:43.085+0000] {processor.py:208} INFO - Processing /opt/airflow/dags/branching_user_processing.py took 1.274 seconds
[2026-01-17T06:59:13.570+0000] {processor.py:186} INFO - Started process (PID=12360) to work on /opt/airflow/dags/branching_user_processing.py
[2026-01-17T06:59:13.573+0000] {processor.py:914} INFO - Processing file /opt/airflow/dags/branching_user_processing.py for tasks to queue
[2026-01-17T06:59:13.577+0000] {logging_mixin.py:190} INFO - [2026-01-17T06:59:13.576+0000] {dagbag.py:588} INFO - Filling up the DagBag from /opt/airflow/dags/branching_user_processing.py
[2026-01-17T06:59:14.291+0000] {processor.py:925} INFO - DAG(s) 'user_processing_branch' retrieved from /opt/airflow/dags/branching_user_processing.py
[2026-01-17T06:59:14.349+0000] {logging_mixin.py:190} INFO - [2026-01-17T06:59:14.348+0000] {dag.py:3239} INFO - Sync 1 DAGs
[2026-01-17T06:59:14.405+0000] {logging_mixin.py:190} INFO - [2026-01-17T06:59:14.404+0000] {dag.py:4180} INFO - Setting next_dagrun for user_processing_branch to 2026-01-16 00:00:00+00:00, run_after=2026-01-17 00:00:00+00:00
[2026-01-17T06:59:14.459+0000] {processor.py:208} INFO - Processing /opt/airflow/dags/branching_user_processing.py took 0.905 seconds
[2026-01-17T06:59:44.692+0000] {processor.py:186} INFO - Started process (PID=12385) to work on /opt/airflow/dags/branching_user_processing.py
[2026-01-17T06:59:44.693+0000] {processor.py:914} INFO - Processing file /opt/airflow/dags/branching_user_processing.py for tasks to queue
[2026-01-17T06:59:44.695+0000] {logging_mixin.py:190} INFO - [2026-01-17T06:59:44.694+0000] {dagbag.py:588} INFO - Filling up the DagBag from /opt/airflow/dags/branching_user_processing.py
[2026-01-17T06:59:45.208+0000] {processor.py:925} INFO - DAG(s) 'user_processing_branch' retrieved from /opt/airflow/dags/branching_user_processing.py
[2026-01-17T06:59:45.261+0000] {logging_mixin.py:190} INFO - [2026-01-17T06:59:45.259+0000] {dag.py:3239} INFO - Sync 1 DAGs
[2026-01-17T06:59:45.305+0000] {logging_mixin.py:190} INFO - [2026-01-17T06:59:45.303+0000] {dag.py:4180} INFO - Setting next_dagrun for user_processing_branch to 2026-01-16 00:00:00+00:00, run_after=2026-01-17 00:00:00+00:00
[2026-01-17T06:59:45.336+0000] {processor.py:208} INFO - Processing /opt/airflow/dags/branching_user_processing.py took 0.654 seconds
[2026-01-17T07:00:15.891+0000] {processor.py:186} INFO - Started process (PID=12408) to work on /opt/airflow/dags/branching_user_processing.py
[2026-01-17T07:00:15.892+0000] {processor.py:914} INFO - Processing file /opt/airflow/dags/branching_user_processing.py for tasks to queue
[2026-01-17T07:00:15.895+0000] {logging_mixin.py:190} INFO - [2026-01-17T07:00:15.894+0000] {dagbag.py:588} INFO - Filling up the DagBag from /opt/airflow/dags/branching_user_processing.py
[2026-01-17T07:00:16.436+0000] {processor.py:925} INFO - DAG(s) 'user_processing_branch' retrieved from /opt/airflow/dags/branching_user_processing.py
[2026-01-17T07:00:16.481+0000] {logging_mixin.py:190} INFO - [2026-01-17T07:00:16.481+0000] {dag.py:3239} INFO - Sync 1 DAGs
[2026-01-17T07:00:16.523+0000] {logging_mixin.py:190} INFO - [2026-01-17T07:00:16.522+0000] {dag.py:4180} INFO - Setting next_dagrun for user_processing_branch to 2026-01-16 00:00:00+00:00, run_after=2026-01-17 00:00:00+00:00
[2026-01-17T07:00:16.841+0000] {processor.py:208} INFO - Processing /opt/airflow/dags/branching_user_processing.py took 0.962 seconds
[2026-01-17T07:00:47.558+0000] {processor.py:186} INFO - Started process (PID=12432) to work on /opt/airflow/dags/branching_user_processing.py
[2026-01-17T07:00:47.559+0000] {processor.py:914} INFO - Processing file /opt/airflow/dags/branching_user_processing.py for tasks to queue
[2026-01-17T07:00:47.561+0000] {logging_mixin.py:190} INFO - [2026-01-17T07:00:47.561+0000] {dagbag.py:588} INFO - Filling up the DagBag from /opt/airflow/dags/branching_user_processing.py
[2026-01-17T07:00:48.037+0000] {processor.py:925} INFO - DAG(s) 'user_processing_branch' retrieved from /opt/airflow/dags/branching_user_processing.py
[2026-01-17T07:00:48.085+0000] {logging_mixin.py:190} INFO - [2026-01-17T07:00:48.084+0000] {dag.py:3239} INFO - Sync 1 DAGs
[2026-01-17T07:00:48.397+0000] {logging_mixin.py:190} INFO - [2026-01-17T07:00:48.396+0000] {dag.py:4180} INFO - Setting next_dagrun for user_processing_branch to 2026-01-16 00:00:00+00:00, run_after=2026-01-17 00:00:00+00:00
[2026-01-17T07:00:48.428+0000] {processor.py:208} INFO - Processing /opt/airflow/dags/branching_user_processing.py took 0.881 seconds
[2026-01-17T07:01:18.983+0000] {processor.py:186} INFO - Started process (PID=12456) to work on /opt/airflow/dags/branching_user_processing.py
[2026-01-17T07:01:18.984+0000] {processor.py:914} INFO - Processing file /opt/airflow/dags/branching_user_processing.py for tasks to queue
[2026-01-17T07:01:18.987+0000] {logging_mixin.py:190} INFO - [2026-01-17T07:01:18.986+0000] {dagbag.py:588} INFO - Filling up the DagBag from /opt/airflow/dags/branching_user_processing.py
[2026-01-17T07:01:19.492+0000] {processor.py:925} INFO - DAG(s) 'user_processing_branch' retrieved from /opt/airflow/dags/branching_user_processing.py
[2026-01-17T07:01:19.542+0000] {logging_mixin.py:190} INFO - [2026-01-17T07:01:19.541+0000] {dag.py:3239} INFO - Sync 1 DAGs
[2026-01-17T07:01:19.596+0000] {logging_mixin.py:190} INFO - [2026-01-17T07:01:19.595+0000] {dag.py:4180} INFO - Setting next_dagrun for user_processing_branch to 2026-01-16 00:00:00+00:00, run_after=2026-01-17 00:00:00+00:00
[2026-01-17T07:01:19.626+0000] {processor.py:208} INFO - Processing /opt/airflow/dags/branching_user_processing.py took 0.654 seconds
[2026-01-17T07:01:50.365+0000] {processor.py:186} INFO - Started process (PID=12480) to work on /opt/airflow/dags/branching_user_processing.py
[2026-01-17T07:01:50.367+0000] {processor.py:914} INFO - Processing file /opt/airflow/dags/branching_user_processing.py for tasks to queue
[2026-01-17T07:01:50.368+0000] {logging_mixin.py:190} INFO - [2026-01-17T07:01:50.368+0000] {dagbag.py:588} INFO - Filling up the DagBag from /opt/airflow/dags/branching_user_processing.py
[2026-01-17T07:01:50.826+0000] {processor.py:925} INFO - DAG(s) 'user_processing_branch' retrieved from /opt/airflow/dags/branching_user_processing.py
[2026-01-17T07:01:50.893+0000] {logging_mixin.py:190} INFO - [2026-01-17T07:01:50.892+0000] {dag.py:3239} INFO - Sync 1 DAGs
[2026-01-17T07:01:50.933+0000] {logging_mixin.py:190} INFO - [2026-01-17T07:01:50.933+0000] {dag.py:4180} INFO - Setting next_dagrun for user_processing_branch to 2026-01-16 00:00:00+00:00, run_after=2026-01-17 00:00:00+00:00
[2026-01-17T07:01:50.960+0000] {processor.py:208} INFO - Processing /opt/airflow/dags/branching_user_processing.py took 0.605 seconds
[2026-01-17T07:02:21.610+0000] {processor.py:186} INFO - Started process (PID=12504) to work on /opt/airflow/dags/branching_user_processing.py
[2026-01-17T07:02:21.611+0000] {processor.py:914} INFO - Processing file /opt/airflow/dags/branching_user_processing.py for tasks to queue
[2026-01-17T07:02:21.613+0000] {logging_mixin.py:190} INFO - [2026-01-17T07:02:21.612+0000] {dagbag.py:588} INFO - Filling up the DagBag from /opt/airflow/dags/branching_user_processing.py
[2026-01-17T07:02:22.099+0000] {processor.py:925} INFO - DAG(s) 'user_processing_branch' retrieved from /opt/airflow/dags/branching_user_processing.py
[2026-01-17T07:02:22.143+0000] {logging_mixin.py:190} INFO - [2026-01-17T07:02:22.142+0000] {dag.py:3239} INFO - Sync 1 DAGs
[2026-01-17T07:02:22.181+0000] {logging_mixin.py:190} INFO - [2026-01-17T07:02:22.180+0000] {dag.py:4180} INFO - Setting next_dagrun for user_processing_branch to 2026-01-16 00:00:00+00:00, run_after=2026-01-17 00:00:00+00:00
[2026-01-17T07:02:22.470+0000] {processor.py:208} INFO - Processing /opt/airflow/dags/branching_user_processing.py took 0.868 seconds
[2026-01-17T07:02:53.198+0000] {processor.py:186} INFO - Started process (PID=12528) to work on /opt/airflow/dags/branching_user_processing.py
[2026-01-17T07:02:53.199+0000] {processor.py:914} INFO - Processing file /opt/airflow/dags/branching_user_processing.py for tasks to queue
[2026-01-17T07:02:53.201+0000] {logging_mixin.py:190} INFO - [2026-01-17T07:02:53.200+0000] {dagbag.py:588} INFO - Filling up the DagBag from /opt/airflow/dags/branching_user_processing.py
[2026-01-17T07:02:53.535+0000] {processor.py:925} INFO - DAG(s) 'user_processing_branch' retrieved from /opt/airflow/dags/branching_user_processing.py
[2026-01-17T07:02:53.567+0000] {logging_mixin.py:190} INFO - [2026-01-17T07:02:53.566+0000] {dag.py:3239} INFO - Sync 1 DAGs
[2026-01-17T07:02:53.825+0000] {logging_mixin.py:190} INFO - [2026-01-17T07:02:53.824+0000] {dag.py:4180} INFO - Setting next_dagrun for user_processing_branch to 2026-01-16 00:00:00+00:00, run_after=2026-01-17 00:00:00+00:00
[2026-01-17T07:02:53.851+0000] {processor.py:208} INFO - Processing /opt/airflow/dags/branching_user_processing.py took 0.666 seconds
[2026-01-17T07:03:24.786+0000] {processor.py:186} INFO - Started process (PID=12552) to work on /opt/airflow/dags/branching_user_processing.py
[2026-01-17T07:03:24.788+0000] {processor.py:914} INFO - Processing file /opt/airflow/dags/branching_user_processing.py for tasks to queue
[2026-01-17T07:03:24.789+0000] {logging_mixin.py:190} INFO - [2026-01-17T07:03:24.789+0000] {dagbag.py:588} INFO - Filling up the DagBag from /opt/airflow/dags/branching_user_processing.py
[2026-01-17T07:03:25.276+0000] {processor.py:925} INFO - DAG(s) 'user_processing_branch' retrieved from /opt/airflow/dags/branching_user_processing.py
[2026-01-17T07:03:25.327+0000] {logging_mixin.py:190} INFO - [2026-01-17T07:03:25.326+0000] {dag.py:3239} INFO - Sync 1 DAGs
[2026-01-17T07:03:25.355+0000] {logging_mixin.py:190} INFO - [2026-01-17T07:03:25.355+0000] {dag.py:4180} INFO - Setting next_dagrun for user_processing_branch to 2026-01-16 00:00:00+00:00, run_after=2026-01-17 00:00:00+00:00
[2026-01-17T07:03:25.379+0000] {processor.py:208} INFO - Processing /opt/airflow/dags/branching_user_processing.py took 0.610 seconds
[2026-01-17T07:03:56.199+0000] {processor.py:186} INFO - Started process (PID=12576) to work on /opt/airflow/dags/branching_user_processing.py
[2026-01-17T07:03:56.200+0000] {processor.py:914} INFO - Processing file /opt/airflow/dags/branching_user_processing.py for tasks to queue
[2026-01-17T07:03:56.202+0000] {logging_mixin.py:190} INFO - [2026-01-17T07:03:56.201+0000] {dagbag.py:588} INFO - Filling up the DagBag from /opt/airflow/dags/branching_user_processing.py
[2026-01-17T07:03:56.610+0000] {processor.py:925} INFO - DAG(s) 'user_processing_branch' retrieved from /opt/airflow/dags/branching_user_processing.py
[2026-01-17T07:03:56.637+0000] {logging_mixin.py:190} INFO - [2026-01-17T07:03:56.636+0000] {dag.py:3239} INFO - Sync 1 DAGs
[2026-01-17T07:03:56.666+0000] {logging_mixin.py:190} INFO - [2026-01-17T07:03:56.666+0000] {dag.py:4180} INFO - Setting next_dagrun for user_processing_branch to 2026-01-16 00:00:00+00:00, run_after=2026-01-17 00:00:00+00:00
[2026-01-17T07:03:56.695+0000] {processor.py:208} INFO - Processing /opt/airflow/dags/branching_user_processing.py took 0.509 seconds
[2026-01-17T07:04:27.411+0000] {processor.py:186} INFO - Started process (PID=12600) to work on /opt/airflow/dags/branching_user_processing.py
[2026-01-17T07:04:27.412+0000] {processor.py:914} INFO - Processing file /opt/airflow/dags/branching_user_processing.py for tasks to queue
[2026-01-17T07:04:27.414+0000] {logging_mixin.py:190} INFO - [2026-01-17T07:04:27.413+0000] {dagbag.py:588} INFO - Filling up the DagBag from /opt/airflow/dags/branching_user_processing.py
[2026-01-17T07:04:27.740+0000] {processor.py:925} INFO - DAG(s) 'user_processing_branch' retrieved from /opt/airflow/dags/branching_user_processing.py
[2026-01-17T07:04:27.775+0000] {logging_mixin.py:190} INFO - [2026-01-17T07:04:27.775+0000] {dag.py:3239} INFO - Sync 1 DAGs
[2026-01-17T07:04:27.800+0000] {logging_mixin.py:190} INFO - [2026-01-17T07:04:27.800+0000] {dag.py:4180} INFO - Setting next_dagrun for user_processing_branch to 2026-01-16 00:00:00+00:00, run_after=2026-01-17 00:00:00+00:00
[2026-01-17T07:04:28.049+0000] {processor.py:208} INFO - Processing /opt/airflow/dags/branching_user_processing.py took 0.648 seconds
[2026-01-17T07:04:58.741+0000] {processor.py:186} INFO - Started process (PID=12624) to work on /opt/airflow/dags/branching_user_processing.py
[2026-01-17T07:04:58.742+0000] {processor.py:914} INFO - Processing file /opt/airflow/dags/branching_user_processing.py for tasks to queue
[2026-01-17T07:04:58.744+0000] {logging_mixin.py:190} INFO - [2026-01-17T07:04:58.744+0000] {dagbag.py:588} INFO - Filling up the DagBag from /opt/airflow/dags/branching_user_processing.py
[2026-01-17T07:04:59.076+0000] {processor.py:925} INFO - DAG(s) 'user_processing_branch' retrieved from /opt/airflow/dags/branching_user_processing.py
[2026-01-17T07:04:59.110+0000] {logging_mixin.py:190} INFO - [2026-01-17T07:04:59.109+0000] {dag.py:3239} INFO - Sync 1 DAGs
[2026-01-17T07:04:59.352+0000] {logging_mixin.py:190} INFO - [2026-01-17T07:04:59.352+0000] {dag.py:4180} INFO - Setting next_dagrun for user_processing_branch to 2026-01-16 00:00:00+00:00, run_after=2026-01-17 00:00:00+00:00
[2026-01-17T07:04:59.379+0000] {processor.py:208} INFO - Processing /opt/airflow/dags/branching_user_processing.py took 0.652 seconds
[2026-01-17T07:05:30.274+0000] {processor.py:186} INFO - Started process (PID=12648) to work on /opt/airflow/dags/branching_user_processing.py
[2026-01-17T07:05:30.275+0000] {processor.py:914} INFO - Processing file /opt/airflow/dags/branching_user_processing.py for tasks to queue
[2026-01-17T07:05:30.277+0000] {logging_mixin.py:190} INFO - [2026-01-17T07:05:30.277+0000] {dagbag.py:588} INFO - Filling up the DagBag from /opt/airflow/dags/branching_user_processing.py
[2026-01-17T07:05:30.739+0000] {processor.py:925} INFO - DAG(s) 'user_processing_branch' retrieved from /opt/airflow/dags/branching_user_processing.py
[2026-01-17T07:05:31.005+0000] {logging_mixin.py:190} INFO - [2026-01-17T07:05:31.004+0000] {dag.py:3239} INFO - Sync 1 DAGs
[2026-01-17T07:05:31.040+0000] {logging_mixin.py:190} INFO - [2026-01-17T07:05:31.040+0000] {dag.py:4180} INFO - Setting next_dagrun for user_processing_branch to 2026-01-16 00:00:00+00:00, run_after=2026-01-17 00:00:00+00:00
[2026-01-17T07:05:31.066+0000] {processor.py:208} INFO - Processing /opt/airflow/dags/branching_user_processing.py took 0.805 seconds
[2026-01-17T07:06:01.510+0000] {processor.py:186} INFO - Started process (PID=12672) to work on /opt/airflow/dags/branching_user_processing.py
[2026-01-17T07:06:01.512+0000] {processor.py:914} INFO - Processing file /opt/airflow/dags/branching_user_processing.py for tasks to queue
[2026-01-17T07:06:01.514+0000] {logging_mixin.py:190} INFO - [2026-01-17T07:06:01.514+0000] {dagbag.py:588} INFO - Filling up the DagBag from /opt/airflow/dags/branching_user_processing.py
[2026-01-17T07:06:01.832+0000] {processor.py:925} INFO - DAG(s) 'user_processing_branch' retrieved from /opt/airflow/dags/branching_user_processing.py
[2026-01-17T07:06:01.864+0000] {logging_mixin.py:190} INFO - [2026-01-17T07:06:01.863+0000] {dag.py:3239} INFO - Sync 1 DAGs
[2026-01-17T07:06:01.887+0000] {logging_mixin.py:190} INFO - [2026-01-17T07:06:01.887+0000] {dag.py:4180} INFO - Setting next_dagrun for user_processing_branch to 2026-01-16 00:00:00+00:00, run_after=2026-01-17 00:00:00+00:00
[2026-01-17T07:06:01.914+0000] {processor.py:208} INFO - Processing /opt/airflow/dags/branching_user_processing.py took 0.417 seconds
[2026-01-17T07:06:32.924+0000] {processor.py:186} INFO - Started process (PID=12696) to work on /opt/airflow/dags/branching_user_processing.py
[2026-01-17T07:06:32.926+0000] {processor.py:914} INFO - Processing file /opt/airflow/dags/branching_user_processing.py for tasks to queue
[2026-01-17T07:06:32.927+0000] {logging_mixin.py:190} INFO - [2026-01-17T07:06:32.927+0000] {dagbag.py:588} INFO - Filling up the DagBag from /opt/airflow/dags/branching_user_processing.py
[2026-01-17T07:06:33.326+0000] {processor.py:925} INFO - DAG(s) 'user_processing_branch' retrieved from /opt/airflow/dags/branching_user_processing.py
[2026-01-17T07:06:33.358+0000] {logging_mixin.py:190} INFO - [2026-01-17T07:06:33.357+0000] {dag.py:3239} INFO - Sync 1 DAGs
[2026-01-17T07:06:33.386+0000] {logging_mixin.py:190} INFO - [2026-01-17T07:06:33.386+0000] {dag.py:4180} INFO - Setting next_dagrun for user_processing_branch to 2026-01-16 00:00:00+00:00, run_after=2026-01-17 00:00:00+00:00
[2026-01-17T07:06:33.667+0000] {processor.py:208} INFO - Processing /opt/airflow/dags/branching_user_processing.py took 0.755 seconds
[2026-01-17T07:07:04.326+0000] {processor.py:186} INFO - Started process (PID=12720) to work on /opt/airflow/dags/branching_user_processing.py
[2026-01-17T07:07:04.328+0000] {processor.py:914} INFO - Processing file /opt/airflow/dags/branching_user_processing.py for tasks to queue
[2026-01-17T07:07:04.330+0000] {logging_mixin.py:190} INFO - [2026-01-17T07:07:04.329+0000] {dagbag.py:588} INFO - Filling up the DagBag from /opt/airflow/dags/branching_user_processing.py
[2026-01-17T07:07:04.834+0000] {processor.py:925} INFO - DAG(s) 'user_processing_branch' retrieved from /opt/airflow/dags/branching_user_processing.py
[2026-01-17T07:07:04.874+0000] {logging_mixin.py:190} INFO - [2026-01-17T07:07:04.873+0000] {dag.py:3239} INFO - Sync 1 DAGs
[2026-01-17T07:07:05.221+0000] {logging_mixin.py:190} INFO - [2026-01-17T07:07:05.221+0000] {dag.py:4180} INFO - Setting next_dagrun for user_processing_branch to 2026-01-16 00:00:00+00:00, run_after=2026-01-17 00:00:00+00:00
[2026-01-17T07:07:05.257+0000] {processor.py:208} INFO - Processing /opt/airflow/dags/branching_user_processing.py took 0.945 seconds
[2026-01-17T07:07:35.353+0000] {processor.py:186} INFO - Started process (PID=12744) to work on /opt/airflow/dags/branching_user_processing.py
[2026-01-17T07:07:35.355+0000] {processor.py:914} INFO - Processing file /opt/airflow/dags/branching_user_processing.py for tasks to queue
[2026-01-17T07:07:35.357+0000] {logging_mixin.py:190} INFO - [2026-01-17T07:07:35.356+0000] {dagbag.py:588} INFO - Filling up the DagBag from /opt/airflow/dags/branching_user_processing.py
[2026-01-17T07:07:35.845+0000] {processor.py:925} INFO - DAG(s) 'user_processing_branch' retrieved from /opt/airflow/dags/branching_user_processing.py
[2026-01-17T07:07:36.167+0000] {logging_mixin.py:190} INFO - [2026-01-17T07:07:36.167+0000] {dag.py:3239} INFO - Sync 1 DAGs
[2026-01-17T07:07:36.205+0000] {logging_mixin.py:190} INFO - [2026-01-17T07:07:36.205+0000] {dag.py:4180} INFO - Setting next_dagrun for user_processing_branch to 2026-01-16 00:00:00+00:00, run_after=2026-01-17 00:00:00+00:00
[2026-01-17T07:07:36.231+0000] {processor.py:208} INFO - Processing /opt/airflow/dags/branching_user_processing.py took 0.888 seconds
[2026-01-17T07:08:06.373+0000] {processor.py:186} INFO - Started process (PID=12768) to work on /opt/airflow/dags/branching_user_processing.py
[2026-01-17T07:08:06.375+0000] {processor.py:914} INFO - Processing file /opt/airflow/dags/branching_user_processing.py for tasks to queue
[2026-01-17T07:08:06.379+0000] {logging_mixin.py:190} INFO - [2026-01-17T07:08:06.378+0000] {dagbag.py:588} INFO - Filling up the DagBag from /opt/airflow/dags/branching_user_processing.py
[2026-01-17T07:08:06.839+0000] {processor.py:925} INFO - DAG(s) 'user_processing_branch' retrieved from /opt/airflow/dags/branching_user_processing.py
[2026-01-17T07:08:06.876+0000] {logging_mixin.py:190} INFO - [2026-01-17T07:08:06.876+0000] {dag.py:3239} INFO - Sync 1 DAGs
[2026-01-17T07:08:06.907+0000] {logging_mixin.py:190} INFO - [2026-01-17T07:08:06.907+0000] {dag.py:4180} INFO - Setting next_dagrun for user_processing_branch to 2026-01-16 00:00:00+00:00, run_after=2026-01-17 00:00:00+00:00
[2026-01-17T07:08:06.927+0000] {processor.py:208} INFO - Processing /opt/airflow/dags/branching_user_processing.py took 0.574 seconds
[2026-01-17T07:08:37.748+0000] {processor.py:186} INFO - Started process (PID=12798) to work on /opt/airflow/dags/branching_user_processing.py
[2026-01-17T07:08:37.750+0000] {processor.py:914} INFO - Processing file /opt/airflow/dags/branching_user_processing.py for tasks to queue
[2026-01-17T07:08:37.753+0000] {logging_mixin.py:190} INFO - [2026-01-17T07:08:37.752+0000] {dagbag.py:588} INFO - Filling up the DagBag from /opt/airflow/dags/branching_user_processing.py
[2026-01-17T07:08:38.172+0000] {processor.py:925} INFO - DAG(s) 'user_processing_branch' retrieved from /opt/airflow/dags/branching_user_processing.py
[2026-01-17T07:08:38.205+0000] {logging_mixin.py:190} INFO - [2026-01-17T07:08:38.205+0000] {dag.py:3239} INFO - Sync 1 DAGs
[2026-01-17T07:08:38.241+0000] {logging_mixin.py:190} INFO - [2026-01-17T07:08:38.240+0000] {dag.py:4180} INFO - Setting next_dagrun for user_processing_branch to 2026-01-16 00:00:00+00:00, run_after=2026-01-17 00:00:00+00:00
[2026-01-17T07:08:38.545+0000] {processor.py:208} INFO - Processing /opt/airflow/dags/branching_user_processing.py took 0.813 seconds
[2026-01-17T07:09:08.864+0000] {processor.py:186} INFO - Started process (PID=12822) to work on /opt/airflow/dags/branching_user_processing.py
[2026-01-17T07:09:08.866+0000] {processor.py:914} INFO - Processing file /opt/airflow/dags/branching_user_processing.py for tasks to queue
[2026-01-17T07:09:08.868+0000] {logging_mixin.py:190} INFO - [2026-01-17T07:09:08.867+0000] {dagbag.py:588} INFO - Filling up the DagBag from /opt/airflow/dags/branching_user_processing.py
[2026-01-17T07:09:09.349+0000] {processor.py:925} INFO - DAG(s) 'user_processing_branch' retrieved from /opt/airflow/dags/branching_user_processing.py
[2026-01-17T07:09:09.381+0000] {logging_mixin.py:190} INFO - [2026-01-17T07:09:09.380+0000] {dag.py:3239} INFO - Sync 1 DAGs
[2026-01-17T07:09:09.674+0000] {logging_mixin.py:190} INFO - [2026-01-17T07:09:09.674+0000] {dag.py:4180} INFO - Setting next_dagrun for user_processing_branch to 2026-01-16 00:00:00+00:00, run_after=2026-01-17 00:00:00+00:00
[2026-01-17T07:09:09.700+0000] {processor.py:208} INFO - Processing /opt/airflow/dags/branching_user_processing.py took 0.847 seconds
[2026-01-17T07:09:40.396+0000] {processor.py:186} INFO - Started process (PID=12846) to work on /opt/airflow/dags/branching_user_processing.py
[2026-01-17T07:09:40.398+0000] {processor.py:914} INFO - Processing file /opt/airflow/dags/branching_user_processing.py for tasks to queue
[2026-01-17T07:09:40.400+0000] {logging_mixin.py:190} INFO - [2026-01-17T07:09:40.399+0000] {dagbag.py:588} INFO - Filling up the DagBag from /opt/airflow/dags/branching_user_processing.py
[2026-01-17T07:09:40.907+0000] {processor.py:925} INFO - DAG(s) 'user_processing_branch' retrieved from /opt/airflow/dags/branching_user_processing.py
[2026-01-17T07:09:40.967+0000] {logging_mixin.py:190} INFO - [2026-01-17T07:09:40.965+0000] {dag.py:3239} INFO - Sync 1 DAGs
[2026-01-17T07:09:41.030+0000] {logging_mixin.py:190} INFO - [2026-01-17T07:09:41.029+0000] {dag.py:4180} INFO - Setting next_dagrun for user_processing_branch to 2026-01-16 00:00:00+00:00, run_after=2026-01-17 00:00:00+00:00
[2026-01-17T07:09:41.067+0000] {processor.py:208} INFO - Processing /opt/airflow/dags/branching_user_processing.py took 0.681 seconds
[2026-01-17T07:10:11.324+0000] {processor.py:186} INFO - Started process (PID=12870) to work on /opt/airflow/dags/branching_user_processing.py
[2026-01-17T07:10:11.327+0000] {processor.py:914} INFO - Processing file /opt/airflow/dags/branching_user_processing.py for tasks to queue
[2026-01-17T07:10:11.331+0000] {logging_mixin.py:190} INFO - [2026-01-17T07:10:11.330+0000] {dagbag.py:588} INFO - Filling up the DagBag from /opt/airflow/dags/branching_user_processing.py
[2026-01-17T07:10:11.742+0000] {processor.py:925} INFO - DAG(s) 'user_processing_branch' retrieved from /opt/airflow/dags/branching_user_processing.py
[2026-01-17T07:10:11.785+0000] {logging_mixin.py:190} INFO - [2026-01-17T07:10:11.784+0000] {dag.py:3239} INFO - Sync 1 DAGs
[2026-01-17T07:10:11.817+0000] {logging_mixin.py:190} INFO - [2026-01-17T07:10:11.817+0000] {dag.py:4180} INFO - Setting next_dagrun for user_processing_branch to 2026-01-16 00:00:00+00:00, run_after=2026-01-17 00:00:00+00:00
[2026-01-17T07:10:11.835+0000] {processor.py:208} INFO - Processing /opt/airflow/dags/branching_user_processing.py took 0.538 seconds
[2026-01-17T07:10:42.570+0000] {processor.py:186} INFO - Started process (PID=12894) to work on /opt/airflow/dags/branching_user_processing.py
[2026-01-17T07:10:42.572+0000] {processor.py:914} INFO - Processing file /opt/airflow/dags/branching_user_processing.py for tasks to queue
[2026-01-17T07:10:42.573+0000] {logging_mixin.py:190} INFO - [2026-01-17T07:10:42.573+0000] {dagbag.py:588} INFO - Filling up the DagBag from /opt/airflow/dags/branching_user_processing.py
[2026-01-17T07:10:43.089+0000] {processor.py:925} INFO - DAG(s) 'user_processing_branch' retrieved from /opt/airflow/dags/branching_user_processing.py
[2026-01-17T07:10:43.148+0000] {logging_mixin.py:190} INFO - [2026-01-17T07:10:43.147+0000] {dag.py:3239} INFO - Sync 1 DAGs
[2026-01-17T07:10:43.193+0000] {logging_mixin.py:190} INFO - [2026-01-17T07:10:43.193+0000] {dag.py:4180} INFO - Setting next_dagrun for user_processing_branch to 2026-01-16 00:00:00+00:00, run_after=2026-01-17 00:00:00+00:00
[2026-01-17T07:10:43.478+0000] {processor.py:208} INFO - Processing /opt/airflow/dags/branching_user_processing.py took 0.918 seconds
[2026-01-17T07:11:13.698+0000] {processor.py:186} INFO - Started process (PID=12918) to work on /opt/airflow/dags/branching_user_processing.py
[2026-01-17T07:11:13.701+0000] {processor.py:914} INFO - Processing file /opt/airflow/dags/branching_user_processing.py for tasks to queue
[2026-01-17T07:11:13.706+0000] {logging_mixin.py:190} INFO - [2026-01-17T07:11:13.704+0000] {dagbag.py:588} INFO - Filling up the DagBag from /opt/airflow/dags/branching_user_processing.py
[2026-01-17T07:11:14.105+0000] {processor.py:925} INFO - DAG(s) 'user_processing_branch' retrieved from /opt/airflow/dags/branching_user_processing.py
[2026-01-17T07:11:14.134+0000] {logging_mixin.py:190} INFO - [2026-01-17T07:11:14.134+0000] {dag.py:3239} INFO - Sync 1 DAGs
[2026-01-17T07:11:14.377+0000] {logging_mixin.py:190} INFO - [2026-01-17T07:11:14.376+0000] {dag.py:4180} INFO - Setting next_dagrun for user_processing_branch to 2026-01-16 00:00:00+00:00, run_after=2026-01-17 00:00:00+00:00
[2026-01-17T07:11:14.399+0000] {processor.py:208} INFO - Processing /opt/airflow/dags/branching_user_processing.py took 0.719 seconds
[2026-01-17T07:11:44.517+0000] {processor.py:186} INFO - Started process (PID=12943) to work on /opt/airflow/dags/branching_user_processing.py
[2026-01-17T07:11:44.518+0000] {processor.py:914} INFO - Processing file /opt/airflow/dags/branching_user_processing.py for tasks to queue
[2026-01-17T07:11:44.520+0000] {logging_mixin.py:190} INFO - [2026-01-17T07:11:44.519+0000] {dagbag.py:588} INFO - Filling up the DagBag from /opt/airflow/dags/branching_user_processing.py
[2026-01-17T07:11:44.926+0000] {processor.py:925} INFO - DAG(s) 'user_processing_branch' retrieved from /opt/airflow/dags/branching_user_processing.py
[2026-01-17T07:11:44.966+0000] {logging_mixin.py:190} INFO - [2026-01-17T07:11:44.966+0000] {dag.py:3239} INFO - Sync 1 DAGs
[2026-01-17T07:11:45.001+0000] {logging_mixin.py:190} INFO - [2026-01-17T07:11:45.001+0000] {dag.py:4180} INFO - Setting next_dagrun for user_processing_branch to 2026-01-16 00:00:00+00:00, run_after=2026-01-17 00:00:00+00:00
[2026-01-17T07:11:45.023+0000] {processor.py:208} INFO - Processing /opt/airflow/dags/branching_user_processing.py took 0.517 seconds
[2026-01-17T07:12:15.243+0000] {processor.py:186} INFO - Started process (PID=12966) to work on /opt/airflow/dags/branching_user_processing.py
[2026-01-17T07:12:15.244+0000] {processor.py:914} INFO - Processing file /opt/airflow/dags/branching_user_processing.py for tasks to queue
[2026-01-17T07:12:15.246+0000] {logging_mixin.py:190} INFO - [2026-01-17T07:12:15.245+0000] {dagbag.py:588} INFO - Filling up the DagBag from /opt/airflow/dags/branching_user_processing.py
[2026-01-17T07:12:15.592+0000] {processor.py:925} INFO - DAG(s) 'user_processing_branch' retrieved from /opt/airflow/dags/branching_user_processing.py
[2026-01-17T07:12:15.619+0000] {logging_mixin.py:190} INFO - [2026-01-17T07:12:15.619+0000] {dag.py:3239} INFO - Sync 1 DAGs
[2026-01-17T07:12:15.687+0000] {logging_mixin.py:190} INFO - [2026-01-17T07:12:15.687+0000] {dag.py:4180} INFO - Setting next_dagrun for user_processing_branch to 2026-01-16 00:00:00+00:00, run_after=2026-01-17 00:00:00+00:00
[2026-01-17T07:12:15.749+0000] {processor.py:208} INFO - Processing /opt/airflow/dags/branching_user_processing.py took 0.515 seconds
[2026-01-17T07:12:46.392+0000] {processor.py:186} INFO - Started process (PID=12990) to work on /opt/airflow/dags/branching_user_processing.py
[2026-01-17T07:12:46.393+0000] {processor.py:914} INFO - Processing file /opt/airflow/dags/branching_user_processing.py for tasks to queue
[2026-01-17T07:12:46.396+0000] {logging_mixin.py:190} INFO - [2026-01-17T07:12:46.395+0000] {dagbag.py:588} INFO - Filling up the DagBag from /opt/airflow/dags/branching_user_processing.py
[2026-01-17T07:12:46.804+0000] {processor.py:925} INFO - DAG(s) 'user_processing_branch' retrieved from /opt/airflow/dags/branching_user_processing.py
[2026-01-17T07:12:46.831+0000] {logging_mixin.py:190} INFO - [2026-01-17T07:12:46.830+0000] {dag.py:3239} INFO - Sync 1 DAGs
[2026-01-17T07:12:46.856+0000] {logging_mixin.py:190} INFO - [2026-01-17T07:12:46.856+0000] {dag.py:4180} INFO - Setting next_dagrun for user_processing_branch to 2026-01-16 00:00:00+00:00, run_after=2026-01-17 00:00:00+00:00
[2026-01-17T07:12:47.099+0000] {processor.py:208} INFO - Processing /opt/airflow/dags/branching_user_processing.py took 0.717 seconds
[2026-01-17T07:13:17.981+0000] {processor.py:186} INFO - Started process (PID=13016) to work on /opt/airflow/dags/branching_user_processing.py
[2026-01-17T07:13:17.983+0000] {processor.py:914} INFO - Processing file /opt/airflow/dags/branching_user_processing.py for tasks to queue
[2026-01-17T07:13:17.986+0000] {logging_mixin.py:190} INFO - [2026-01-17T07:13:17.986+0000] {dagbag.py:588} INFO - Filling up the DagBag from /opt/airflow/dags/branching_user_processing.py
[2026-01-17T07:13:18.351+0000] {processor.py:925} INFO - DAG(s) 'user_processing_branch' retrieved from /opt/airflow/dags/branching_user_processing.py
[2026-01-17T07:13:18.387+0000] {logging_mixin.py:190} INFO - [2026-01-17T07:13:18.387+0000] {dag.py:3239} INFO - Sync 1 DAGs
[2026-01-17T07:13:18.623+0000] {logging_mixin.py:190} INFO - [2026-01-17T07:13:18.622+0000] {dag.py:4180} INFO - Setting next_dagrun for user_processing_branch to 2026-01-16 00:00:00+00:00, run_after=2026-01-17 00:00:00+00:00
[2026-01-17T07:13:18.653+0000] {processor.py:208} INFO - Processing /opt/airflow/dags/branching_user_processing.py took 0.690 seconds
[2026-01-17T07:13:48.827+0000] {processor.py:186} INFO - Started process (PID=13040) to work on /opt/airflow/dags/branching_user_processing.py
[2026-01-17T07:13:48.829+0000] {processor.py:914} INFO - Processing file /opt/airflow/dags/branching_user_processing.py for tasks to queue
[2026-01-17T07:13:48.833+0000] {logging_mixin.py:190} INFO - [2026-01-17T07:13:48.832+0000] {dagbag.py:588} INFO - Filling up the DagBag from /opt/airflow/dags/branching_user_processing.py
[2026-01-17T07:13:49.191+0000] {processor.py:925} INFO - DAG(s) 'user_processing_branch' retrieved from /opt/airflow/dags/branching_user_processing.py
[2026-01-17T07:13:49.219+0000] {logging_mixin.py:190} INFO - [2026-01-17T07:13:49.219+0000] {dag.py:3239} INFO - Sync 1 DAGs
[2026-01-17T07:13:49.245+0000] {logging_mixin.py:190} INFO - [2026-01-17T07:13:49.245+0000] {dag.py:4180} INFO - Setting next_dagrun for user_processing_branch to 2026-01-16 00:00:00+00:00, run_after=2026-01-17 00:00:00+00:00
[2026-01-17T07:13:49.271+0000] {processor.py:208} INFO - Processing /opt/airflow/dags/branching_user_processing.py took 0.462 seconds
[2026-01-17T07:14:20.228+0000] {processor.py:186} INFO - Started process (PID=13064) to work on /opt/airflow/dags/branching_user_processing.py
[2026-01-17T07:14:20.229+0000] {processor.py:914} INFO - Processing file /opt/airflow/dags/branching_user_processing.py for tasks to queue
[2026-01-17T07:14:20.231+0000] {logging_mixin.py:190} INFO - [2026-01-17T07:14:20.230+0000] {dagbag.py:588} INFO - Filling up the DagBag from /opt/airflow/dags/branching_user_processing.py
[2026-01-17T07:14:20.550+0000] {processor.py:925} INFO - DAG(s) 'user_processing_branch' retrieved from /opt/airflow/dags/branching_user_processing.py
[2026-01-17T07:14:20.583+0000] {logging_mixin.py:190} INFO - [2026-01-17T07:14:20.582+0000] {dag.py:3239} INFO - Sync 1 DAGs
[2026-01-17T07:14:20.615+0000] {logging_mixin.py:190} INFO - [2026-01-17T07:14:20.614+0000] {dag.py:4180} INFO - Setting next_dagrun for user_processing_branch to 2026-01-16 00:00:00+00:00, run_after=2026-01-17 00:00:00+00:00
[2026-01-17T07:14:20.649+0000] {processor.py:208} INFO - Processing /opt/airflow/dags/branching_user_processing.py took 0.429 seconds
[2026-01-17T07:14:51.422+0000] {processor.py:186} INFO - Started process (PID=13088) to work on /opt/airflow/dags/branching_user_processing.py
[2026-01-17T07:14:51.424+0000] {processor.py:914} INFO - Processing file /opt/airflow/dags/branching_user_processing.py for tasks to queue
[2026-01-17T07:14:51.425+0000] {logging_mixin.py:190} INFO - [2026-01-17T07:14:51.425+0000] {dagbag.py:588} INFO - Filling up the DagBag from /opt/airflow/dags/branching_user_processing.py
[2026-01-17T07:14:51.859+0000] {processor.py:925} INFO - DAG(s) 'user_processing_branch' retrieved from /opt/airflow/dags/branching_user_processing.py
[2026-01-17T07:14:51.893+0000] {logging_mixin.py:190} INFO - [2026-01-17T07:14:51.892+0000] {dag.py:3239} INFO - Sync 1 DAGs
[2026-01-17T07:14:52.220+0000] {logging_mixin.py:190} INFO - [2026-01-17T07:14:52.220+0000] {dag.py:4180} INFO - Setting next_dagrun for user_processing_branch to 2026-01-16 00:00:00+00:00, run_after=2026-01-17 00:00:00+00:00
[2026-01-17T07:14:52.253+0000] {processor.py:208} INFO - Processing /opt/airflow/dags/branching_user_processing.py took 0.842 seconds
[2026-01-17T07:15:22.901+0000] {processor.py:186} INFO - Started process (PID=13112) to work on /opt/airflow/dags/branching_user_processing.py
[2026-01-17T07:15:22.903+0000] {processor.py:914} INFO - Processing file /opt/airflow/dags/branching_user_processing.py for tasks to queue
[2026-01-17T07:15:22.905+0000] {logging_mixin.py:190} INFO - [2026-01-17T07:15:22.904+0000] {dagbag.py:588} INFO - Filling up the DagBag from /opt/airflow/dags/branching_user_processing.py
[2026-01-17T07:15:23.376+0000] {processor.py:925} INFO - DAG(s) 'user_processing_branch' retrieved from /opt/airflow/dags/branching_user_processing.py
[2026-01-17T07:15:23.427+0000] {logging_mixin.py:190} INFO - [2026-01-17T07:15:23.426+0000] {dag.py:3239} INFO - Sync 1 DAGs
[2026-01-17T07:15:23.740+0000] {logging_mixin.py:190} INFO - [2026-01-17T07:15:23.739+0000] {dag.py:4180} INFO - Setting next_dagrun for user_processing_branch to 2026-01-16 00:00:00+00:00, run_after=2026-01-17 00:00:00+00:00
[2026-01-17T07:15:23.765+0000] {processor.py:208} INFO - Processing /opt/airflow/dags/branching_user_processing.py took 0.875 seconds
[2026-01-17T07:15:53.988+0000] {processor.py:186} INFO - Started process (PID=13136) to work on /opt/airflow/dags/branching_user_processing.py
[2026-01-17T07:15:53.989+0000] {processor.py:914} INFO - Processing file /opt/airflow/dags/branching_user_processing.py for tasks to queue
[2026-01-17T07:15:53.991+0000] {logging_mixin.py:190} INFO - [2026-01-17T07:15:53.991+0000] {dagbag.py:588} INFO - Filling up the DagBag from /opt/airflow/dags/branching_user_processing.py
[2026-01-17T07:15:54.579+0000] {processor.py:925} INFO - DAG(s) 'user_processing_branch' retrieved from /opt/airflow/dags/branching_user_processing.py
[2026-01-17T07:15:54.951+0000] {logging_mixin.py:190} INFO - [2026-01-17T07:15:54.950+0000] {dag.py:3239} INFO - Sync 1 DAGs
[2026-01-17T07:15:55.002+0000] {logging_mixin.py:190} INFO - [2026-01-17T07:15:55.001+0000] {dag.py:4180} INFO - Setting next_dagrun for user_processing_branch to 2026-01-16 00:00:00+00:00, run_after=2026-01-17 00:00:00+00:00
[2026-01-17T07:15:55.037+0000] {processor.py:208} INFO - Processing /opt/airflow/dags/branching_user_processing.py took 1.061 seconds
[2026-01-17T07:16:25.177+0000] {processor.py:186} INFO - Started process (PID=13160) to work on /opt/airflow/dags/branching_user_processing.py
[2026-01-17T07:16:25.179+0000] {processor.py:914} INFO - Processing file /opt/airflow/dags/branching_user_processing.py for tasks to queue
[2026-01-17T07:16:25.181+0000] {logging_mixin.py:190} INFO - [2026-01-17T07:16:25.180+0000] {dagbag.py:588} INFO - Filling up the DagBag from /opt/airflow/dags/branching_user_processing.py
[2026-01-17T07:16:25.686+0000] {processor.py:925} INFO - DAG(s) 'user_processing_branch' retrieved from /opt/airflow/dags/branching_user_processing.py
[2026-01-17T07:16:25.748+0000] {logging_mixin.py:190} INFO - [2026-01-17T07:16:25.747+0000] {dag.py:3239} INFO - Sync 1 DAGs
[2026-01-17T07:16:25.806+0000] {logging_mixin.py:190} INFO - [2026-01-17T07:16:25.805+0000] {dag.py:4180} INFO - Setting next_dagrun for user_processing_branch to 2026-01-16 00:00:00+00:00, run_after=2026-01-17 00:00:00+00:00
[2026-01-17T07:16:26.104+0000] {processor.py:208} INFO - Processing /opt/airflow/dags/branching_user_processing.py took 0.939 seconds
[2026-01-17T07:16:56.616+0000] {processor.py:186} INFO - Started process (PID=13185) to work on /opt/airflow/dags/branching_user_processing.py
[2026-01-17T07:16:56.617+0000] {processor.py:914} INFO - Processing file /opt/airflow/dags/branching_user_processing.py for tasks to queue
[2026-01-17T07:16:56.619+0000] {logging_mixin.py:190} INFO - [2026-01-17T07:16:56.619+0000] {dagbag.py:588} INFO - Filling up the DagBag from /opt/airflow/dags/branching_user_processing.py
[2026-01-17T07:16:56.943+0000] {processor.py:925} INFO - DAG(s) 'user_processing_branch' retrieved from /opt/airflow/dags/branching_user_processing.py
[2026-01-17T07:16:56.972+0000] {logging_mixin.py:190} INFO - [2026-01-17T07:16:56.972+0000] {dag.py:3239} INFO - Sync 1 DAGs
[2026-01-17T07:16:57.206+0000] {logging_mixin.py:190} INFO - [2026-01-17T07:16:57.206+0000] {dag.py:4180} INFO - Setting next_dagrun for user_processing_branch to 2026-01-16 00:00:00+00:00, run_after=2026-01-17 00:00:00+00:00
[2026-01-17T07:16:57.238+0000] {processor.py:208} INFO - Processing /opt/airflow/dags/branching_user_processing.py took 0.632 seconds
[2026-01-17T07:17:27.475+0000] {processor.py:186} INFO - Started process (PID=13209) to work on /opt/airflow/dags/branching_user_processing.py
[2026-01-17T07:17:27.476+0000] {processor.py:914} INFO - Processing file /opt/airflow/dags/branching_user_processing.py for tasks to queue
[2026-01-17T07:17:27.478+0000] {logging_mixin.py:190} INFO - [2026-01-17T07:17:27.478+0000] {dagbag.py:588} INFO - Filling up the DagBag from /opt/airflow/dags/branching_user_processing.py
[2026-01-17T07:17:27.964+0000] {processor.py:925} INFO - DAG(s) 'user_processing_branch' retrieved from /opt/airflow/dags/branching_user_processing.py
[2026-01-17T07:17:28.262+0000] {logging_mixin.py:190} INFO - [2026-01-17T07:17:28.261+0000] {dag.py:3239} INFO - Sync 1 DAGs
[2026-01-17T07:17:28.303+0000] {logging_mixin.py:190} INFO - [2026-01-17T07:17:28.303+0000] {dag.py:4180} INFO - Setting next_dagrun for user_processing_branch to 2026-01-16 00:00:00+00:00, run_after=2026-01-17 00:00:00+00:00
[2026-01-17T07:17:28.329+0000] {processor.py:208} INFO - Processing /opt/airflow/dags/branching_user_processing.py took 0.866 seconds
[2026-01-17T07:17:58.570+0000] {processor.py:186} INFO - Started process (PID=13234) to work on /opt/airflow/dags/branching_user_processing.py
[2026-01-17T07:17:58.572+0000] {processor.py:914} INFO - Processing file /opt/airflow/dags/branching_user_processing.py for tasks to queue
[2026-01-17T07:17:58.574+0000] {logging_mixin.py:190} INFO - [2026-01-17T07:17:58.573+0000] {dagbag.py:588} INFO - Filling up the DagBag from /opt/airflow/dags/branching_user_processing.py
[2026-01-17T07:17:59.076+0000] {processor.py:925} INFO - DAG(s) 'user_processing_branch' retrieved from /opt/airflow/dags/branching_user_processing.py
[2026-01-17T07:17:59.124+0000] {logging_mixin.py:190} INFO - [2026-01-17T07:17:59.123+0000] {dag.py:3239} INFO - Sync 1 DAGs
[2026-01-17T07:17:59.158+0000] {logging_mixin.py:190} INFO - [2026-01-17T07:17:59.158+0000] {dag.py:4180} INFO - Setting next_dagrun for user_processing_branch to 2026-01-16 00:00:00+00:00, run_after=2026-01-17 00:00:00+00:00
[2026-01-17T07:17:59.188+0000] {processor.py:208} INFO - Processing /opt/airflow/dags/branching_user_processing.py took 0.630 seconds
[2026-01-17T07:18:29.922+0000] {processor.py:186} INFO - Started process (PID=13258) to work on /opt/airflow/dags/branching_user_processing.py
[2026-01-17T07:18:29.924+0000] {processor.py:914} INFO - Processing file /opt/airflow/dags/branching_user_processing.py for tasks to queue
[2026-01-17T07:18:29.926+0000] {logging_mixin.py:190} INFO - [2026-01-17T07:18:29.926+0000] {dagbag.py:588} INFO - Filling up the DagBag from /opt/airflow/dags/branching_user_processing.py
[2026-01-17T07:18:30.242+0000] {processor.py:925} INFO - DAG(s) 'user_processing_branch' retrieved from /opt/airflow/dags/branching_user_processing.py
[2026-01-17T07:18:30.274+0000] {logging_mixin.py:190} INFO - [2026-01-17T07:18:30.273+0000] {dag.py:3239} INFO - Sync 1 DAGs
[2026-01-17T07:18:30.305+0000] {logging_mixin.py:190} INFO - [2026-01-17T07:18:30.305+0000] {dag.py:4180} INFO - Setting next_dagrun for user_processing_branch to 2026-01-16 00:00:00+00:00, run_after=2026-01-17 00:00:00+00:00
[2026-01-17T07:18:30.549+0000] {processor.py:208} INFO - Processing /opt/airflow/dags/branching_user_processing.py took 0.640 seconds
[2026-01-17T07:19:01.504+0000] {processor.py:186} INFO - Started process (PID=13284) to work on /opt/airflow/dags/branching_user_processing.py
[2026-01-17T07:19:01.506+0000] {processor.py:914} INFO - Processing file /opt/airflow/dags/branching_user_processing.py for tasks to queue
[2026-01-17T07:19:01.507+0000] {logging_mixin.py:190} INFO - [2026-01-17T07:19:01.507+0000] {dagbag.py:588} INFO - Filling up the DagBag from /opt/airflow/dags/branching_user_processing.py
[2026-01-17T07:19:02.036+0000] {processor.py:925} INFO - DAG(s) 'user_processing_branch' retrieved from /opt/airflow/dags/branching_user_processing.py
[2026-01-17T07:19:02.088+0000] {logging_mixin.py:190} INFO - [2026-01-17T07:19:02.088+0000] {dag.py:3239} INFO - Sync 1 DAGs
[2026-01-17T07:19:02.423+0000] {logging_mixin.py:190} INFO - [2026-01-17T07:19:02.422+0000] {dag.py:4180} INFO - Setting next_dagrun for user_processing_branch to 2026-01-16 00:00:00+00:00, run_after=2026-01-17 00:00:00+00:00
[2026-01-17T07:19:02.468+0000] {processor.py:208} INFO - Processing /opt/airflow/dags/branching_user_processing.py took 0.980 seconds
[2026-01-17T07:19:32.574+0000] {processor.py:186} INFO - Started process (PID=13308) to work on /opt/airflow/dags/branching_user_processing.py
[2026-01-17T07:19:32.577+0000] {processor.py:914} INFO - Processing file /opt/airflow/dags/branching_user_processing.py for tasks to queue
[2026-01-17T07:19:32.580+0000] {logging_mixin.py:190} INFO - [2026-01-17T07:19:32.579+0000] {dagbag.py:588} INFO - Filling up the DagBag from /opt/airflow/dags/branching_user_processing.py
[2026-01-17T07:19:33.369+0000] {processor.py:925} INFO - DAG(s) 'user_processing_branch' retrieved from /opt/airflow/dags/branching_user_processing.py
[2026-01-17T07:19:33.688+0000] {logging_mixin.py:190} INFO - [2026-01-17T07:19:33.688+0000] {dag.py:3239} INFO - Sync 1 DAGs
[2026-01-17T07:19:33.758+0000] {logging_mixin.py:190} INFO - [2026-01-17T07:19:33.757+0000] {dag.py:4180} INFO - Setting next_dagrun for user_processing_branch to 2026-01-16 00:00:00+00:00, run_after=2026-01-17 00:00:00+00:00
[2026-01-17T07:19:33.799+0000] {processor.py:208} INFO - Processing /opt/airflow/dags/branching_user_processing.py took 1.240 seconds
[2026-01-17T07:20:04.347+0000] {processor.py:186} INFO - Started process (PID=13333) to work on /opt/airflow/dags/branching_user_processing.py
[2026-01-17T07:20:04.349+0000] {processor.py:914} INFO - Processing file /opt/airflow/dags/branching_user_processing.py for tasks to queue
[2026-01-17T07:20:04.354+0000] {logging_mixin.py:190} INFO - [2026-01-17T07:20:04.353+0000] {dagbag.py:588} INFO - Filling up the DagBag from /opt/airflow/dags/branching_user_processing.py
[2026-01-17T07:20:05.961+0000] {processor.py:925} INFO - DAG(s) 'user_processing_branch' retrieved from /opt/airflow/dags/branching_user_processing.py
[2026-01-17T07:20:06.058+0000] {logging_mixin.py:190} INFO - [2026-01-17T07:20:06.057+0000] {dag.py:3239} INFO - Sync 1 DAGs
[2026-01-17T07:20:06.140+0000] {logging_mixin.py:190} INFO - [2026-01-17T07:20:06.139+0000] {dag.py:4180} INFO - Setting next_dagrun for user_processing_branch to 2026-01-16 00:00:00+00:00, run_after=2026-01-17 00:00:00+00:00
[2026-01-17T07:20:06.199+0000] {processor.py:208} INFO - Processing /opt/airflow/dags/branching_user_processing.py took 1.877 seconds
[2026-01-17T07:20:36.477+0000] {processor.py:186} INFO - Started process (PID=13357) to work on /opt/airflow/dags/branching_user_processing.py
[2026-01-17T07:20:36.481+0000] {processor.py:914} INFO - Processing file /opt/airflow/dags/branching_user_processing.py for tasks to queue
[2026-01-17T07:20:36.485+0000] {logging_mixin.py:190} INFO - [2026-01-17T07:20:36.484+0000] {dagbag.py:588} INFO - Filling up the DagBag from /opt/airflow/dags/branching_user_processing.py
[2026-01-17T07:20:37.571+0000] {processor.py:925} INFO - DAG(s) 'user_processing_branch' retrieved from /opt/airflow/dags/branching_user_processing.py
[2026-01-17T07:20:37.658+0000] {logging_mixin.py:190} INFO - [2026-01-17T07:20:37.657+0000] {dag.py:3239} INFO - Sync 1 DAGs
[2026-01-17T07:20:38.146+0000] {logging_mixin.py:190} INFO - [2026-01-17T07:20:38.146+0000] {dag.py:4180} INFO - Setting next_dagrun for user_processing_branch to 2026-01-16 00:00:00+00:00, run_after=2026-01-17 00:00:00+00:00
[2026-01-17T07:20:38.193+0000] {processor.py:208} INFO - Processing /opt/airflow/dags/branching_user_processing.py took 1.746 seconds
[2026-01-17T07:21:08.609+0000] {processor.py:186} INFO - Started process (PID=13381) to work on /opt/airflow/dags/branching_user_processing.py
[2026-01-17T07:21:08.610+0000] {processor.py:914} INFO - Processing file /opt/airflow/dags/branching_user_processing.py for tasks to queue
[2026-01-17T07:21:08.612+0000] {logging_mixin.py:190} INFO - [2026-01-17T07:21:08.611+0000] {dagbag.py:588} INFO - Filling up the DagBag from /opt/airflow/dags/branching_user_processing.py
[2026-01-17T07:21:08.951+0000] {processor.py:925} INFO - DAG(s) 'user_processing_branch' retrieved from /opt/airflow/dags/branching_user_processing.py
[2026-01-17T07:21:08.982+0000] {logging_mixin.py:190} INFO - [2026-01-17T07:21:08.981+0000] {dag.py:3239} INFO - Sync 1 DAGs
[2026-01-17T07:21:09.246+0000] {logging_mixin.py:190} INFO - [2026-01-17T07:21:09.245+0000] {dag.py:4180} INFO - Setting next_dagrun for user_processing_branch to 2026-01-16 00:00:00+00:00, run_after=2026-01-17 00:00:00+00:00
[2026-01-17T07:21:09.273+0000] {processor.py:208} INFO - Processing /opt/airflow/dags/branching_user_processing.py took 0.672 seconds
[2026-01-17T07:21:39.327+0000] {processor.py:186} INFO - Started process (PID=13405) to work on /opt/airflow/dags/branching_user_processing.py
[2026-01-17T07:21:39.328+0000] {processor.py:914} INFO - Processing file /opt/airflow/dags/branching_user_processing.py for tasks to queue
[2026-01-17T07:21:39.330+0000] {logging_mixin.py:190} INFO - [2026-01-17T07:21:39.329+0000] {dagbag.py:588} INFO - Filling up the DagBag from /opt/airflow/dags/branching_user_processing.py
[2026-01-17T07:21:39.739+0000] {processor.py:925} INFO - DAG(s) 'user_processing_branch' retrieved from /opt/airflow/dags/branching_user_processing.py
[2026-01-17T07:21:40.032+0000] {logging_mixin.py:190} INFO - [2026-01-17T07:21:40.032+0000] {dag.py:3239} INFO - Sync 1 DAGs
[2026-01-17T07:21:40.064+0000] {logging_mixin.py:190} INFO - [2026-01-17T07:21:40.064+0000] {dag.py:4180} INFO - Setting next_dagrun for user_processing_branch to 2026-01-16 00:00:00+00:00, run_after=2026-01-17 00:00:00+00:00
[2026-01-17T07:21:40.081+0000] {processor.py:208} INFO - Processing /opt/airflow/dags/branching_user_processing.py took 0.766 seconds
[2026-01-17T07:22:10.846+0000] {processor.py:186} INFO - Started process (PID=13434) to work on /opt/airflow/dags/branching_user_processing.py
[2026-01-17T07:22:10.847+0000] {processor.py:914} INFO - Processing file /opt/airflow/dags/branching_user_processing.py for tasks to queue
[2026-01-17T07:22:10.849+0000] {logging_mixin.py:190} INFO - [2026-01-17T07:22:10.848+0000] {dagbag.py:588} INFO - Filling up the DagBag from /opt/airflow/dags/branching_user_processing.py
[2026-01-17T07:22:11.619+0000] {processor.py:925} INFO - DAG(s) 'user_processing_branch' retrieved from /opt/airflow/dags/branching_user_processing.py
[2026-01-17T07:22:11.655+0000] {logging_mixin.py:190} INFO - [2026-01-17T07:22:11.654+0000] {dag.py:3239} INFO - Sync 1 DAGs
[2026-01-17T07:22:11.685+0000] {logging_mixin.py:190} INFO - [2026-01-17T07:22:11.685+0000] {dag.py:4180} INFO - Setting next_dagrun for user_processing_branch to 2026-01-16 00:00:00+00:00, run_after=2026-01-17 00:00:00+00:00
[2026-01-17T07:22:11.715+0000] {processor.py:208} INFO - Processing /opt/airflow/dags/branching_user_processing.py took 0.879 seconds
[2026-01-17T07:22:41.933+0000] {processor.py:186} INFO - Started process (PID=13458) to work on /opt/airflow/dags/branching_user_processing.py
[2026-01-17T07:22:41.936+0000] {processor.py:914} INFO - Processing file /opt/airflow/dags/branching_user_processing.py for tasks to queue
[2026-01-17T07:22:41.940+0000] {logging_mixin.py:190} INFO - [2026-01-17T07:22:41.939+0000] {dagbag.py:588} INFO - Filling up the DagBag from /opt/airflow/dags/branching_user_processing.py
[2026-01-17T07:22:43.219+0000] {processor.py:925} INFO - DAG(s) 'user_processing_branch' retrieved from /opt/airflow/dags/branching_user_processing.py
[2026-01-17T07:22:43.406+0000] {logging_mixin.py:190} INFO - [2026-01-17T07:22:43.405+0000] {dag.py:3239} INFO - Sync 1 DAGs
[2026-01-17T07:22:43.939+0000] {logging_mixin.py:190} INFO - [2026-01-17T07:22:43.938+0000] {dag.py:4180} INFO - Setting next_dagrun for user_processing_branch to 2026-01-16 00:00:00+00:00, run_after=2026-01-17 00:00:00+00:00
[2026-01-17T07:22:43.993+0000] {processor.py:208} INFO - Processing /opt/airflow/dags/branching_user_processing.py took 2.088 seconds
[2026-01-17T07:23:14.153+0000] {processor.py:186} INFO - Started process (PID=13482) to work on /opt/airflow/dags/branching_user_processing.py
[2026-01-17T07:23:14.155+0000] {processor.py:914} INFO - Processing file /opt/airflow/dags/branching_user_processing.py for tasks to queue
[2026-01-17T07:23:14.161+0000] {logging_mixin.py:190} INFO - [2026-01-17T07:23:14.159+0000] {dagbag.py:588} INFO - Filling up the DagBag from /opt/airflow/dags/branching_user_processing.py
[2026-01-17T07:23:14.988+0000] {processor.py:925} INFO - DAG(s) 'user_processing_branch' retrieved from /opt/airflow/dags/branching_user_processing.py
[2026-01-17T07:23:15.063+0000] {logging_mixin.py:190} INFO - [2026-01-17T07:23:15.062+0000] {dag.py:3239} INFO - Sync 1 DAGs
[2026-01-17T07:23:15.605+0000] {logging_mixin.py:190} INFO - [2026-01-17T07:23:15.604+0000] {dag.py:4180} INFO - Setting next_dagrun for user_processing_branch to 2026-01-16 00:00:00+00:00, run_after=2026-01-17 00:00:00+00:00
[2026-01-17T07:23:15.656+0000] {processor.py:208} INFO - Processing /opt/airflow/dags/branching_user_processing.py took 1.524 seconds
[2026-01-17T07:23:46.208+0000] {processor.py:186} INFO - Started process (PID=13507) to work on /opt/airflow/dags/branching_user_processing.py
[2026-01-17T07:23:46.210+0000] {processor.py:914} INFO - Processing file /opt/airflow/dags/branching_user_processing.py for tasks to queue
[2026-01-17T07:23:46.214+0000] {logging_mixin.py:190} INFO - [2026-01-17T07:23:46.213+0000] {dagbag.py:588} INFO - Filling up the DagBag from /opt/airflow/dags/branching_user_processing.py
[2026-01-17T07:23:47.473+0000] {processor.py:925} INFO - DAG(s) 'user_processing_branch' retrieved from /opt/airflow/dags/branching_user_processing.py
[2026-01-17T07:23:47.524+0000] {logging_mixin.py:190} INFO - [2026-01-17T07:23:47.523+0000] {dag.py:3239} INFO - Sync 1 DAGs
[2026-01-17T07:23:47.573+0000] {logging_mixin.py:190} INFO - [2026-01-17T07:23:47.573+0000] {dag.py:4180} INFO - Setting next_dagrun for user_processing_branch to 2026-01-16 00:00:00+00:00, run_after=2026-01-17 00:00:00+00:00
[2026-01-17T07:23:47.626+0000] {processor.py:208} INFO - Processing /opt/airflow/dags/branching_user_processing.py took 1.446 seconds
[2026-01-17T07:24:18.426+0000] {processor.py:186} INFO - Started process (PID=13531) to work on /opt/airflow/dags/branching_user_processing.py
[2026-01-17T07:24:18.428+0000] {processor.py:914} INFO - Processing file /opt/airflow/dags/branching_user_processing.py for tasks to queue
[2026-01-17T07:24:18.429+0000] {logging_mixin.py:190} INFO - [2026-01-17T07:24:18.429+0000] {dagbag.py:588} INFO - Filling up the DagBag from /opt/airflow/dags/branching_user_processing.py
[2026-01-17T07:24:19.113+0000] {processor.py:925} INFO - DAG(s) 'user_processing_branch' retrieved from /opt/airflow/dags/branching_user_processing.py
[2026-01-17T07:24:19.153+0000] {logging_mixin.py:190} INFO - [2026-01-17T07:24:19.153+0000] {dag.py:3239} INFO - Sync 1 DAGs
[2026-01-17T07:24:19.183+0000] {logging_mixin.py:190} INFO - [2026-01-17T07:24:19.183+0000] {dag.py:4180} INFO - Setting next_dagrun for user_processing_branch to 2026-01-16 00:00:00+00:00, run_after=2026-01-17 00:00:00+00:00
[2026-01-17T07:24:19.208+0000] {processor.py:208} INFO - Processing /opt/airflow/dags/branching_user_processing.py took 0.793 seconds
[2026-01-17T07:24:50.159+0000] {processor.py:186} INFO - Started process (PID=13554) to work on /opt/airflow/dags/branching_user_processing.py
[2026-01-17T07:24:50.162+0000] {processor.py:914} INFO - Processing file /opt/airflow/dags/branching_user_processing.py for tasks to queue
[2026-01-17T07:24:50.166+0000] {logging_mixin.py:190} INFO - [2026-01-17T07:24:50.165+0000] {dagbag.py:588} INFO - Filling up the DagBag from /opt/airflow/dags/branching_user_processing.py
[2026-01-17T07:24:50.843+0000] {processor.py:925} INFO - DAG(s) 'user_processing_branch' retrieved from /opt/airflow/dags/branching_user_processing.py
[2026-01-17T07:24:50.871+0000] {logging_mixin.py:190} INFO - [2026-01-17T07:24:50.871+0000] {dag.py:3239} INFO - Sync 1 DAGs
[2026-01-17T07:24:50.899+0000] {logging_mixin.py:190} INFO - [2026-01-17T07:24:50.899+0000] {dag.py:4180} INFO - Setting next_dagrun for user_processing_branch to 2026-01-16 00:00:00+00:00, run_after=2026-01-17 00:00:00+00:00
[2026-01-17T07:24:50.918+0000] {processor.py:208} INFO - Processing /opt/airflow/dags/branching_user_processing.py took 0.774 seconds
[2026-01-17T07:25:21.036+0000] {processor.py:186} INFO - Started process (PID=13578) to work on /opt/airflow/dags/branching_user_processing.py
[2026-01-17T07:25:21.037+0000] {processor.py:914} INFO - Processing file /opt/airflow/dags/branching_user_processing.py for tasks to queue
[2026-01-17T07:25:21.039+0000] {logging_mixin.py:190} INFO - [2026-01-17T07:25:21.038+0000] {dagbag.py:588} INFO - Filling up the DagBag from /opt/airflow/dags/branching_user_processing.py
[2026-01-17T07:25:21.492+0000] {processor.py:925} INFO - DAG(s) 'user_processing_branch' retrieved from /opt/airflow/dags/branching_user_processing.py
[2026-01-17T07:25:21.780+0000] {logging_mixin.py:190} INFO - [2026-01-17T07:25:21.779+0000] {dag.py:3239} INFO - Sync 1 DAGs
[2026-01-17T07:25:21.832+0000] {logging_mixin.py:190} INFO - [2026-01-17T07:25:21.831+0000] {dag.py:4180} INFO - Setting next_dagrun for user_processing_branch to 2026-01-16 00:00:00+00:00, run_after=2026-01-17 00:00:00+00:00
[2026-01-17T07:25:21.854+0000] {processor.py:208} INFO - Processing /opt/airflow/dags/branching_user_processing.py took 0.829 seconds
[2026-01-17T07:25:52.550+0000] {processor.py:186} INFO - Started process (PID=13602) to work on /opt/airflow/dags/branching_user_processing.py
[2026-01-17T07:25:52.553+0000] {processor.py:914} INFO - Processing file /opt/airflow/dags/branching_user_processing.py for tasks to queue
[2026-01-17T07:25:52.557+0000] {logging_mixin.py:190} INFO - [2026-01-17T07:25:52.556+0000] {dagbag.py:588} INFO - Filling up the DagBag from /opt/airflow/dags/branching_user_processing.py
[2026-01-17T07:25:53.260+0000] {processor.py:925} INFO - DAG(s) 'user_processing_branch' retrieved from /opt/airflow/dags/branching_user_processing.py
[2026-01-17T07:25:53.301+0000] {logging_mixin.py:190} INFO - [2026-01-17T07:25:53.300+0000] {dag.py:3239} INFO - Sync 1 DAGs
[2026-01-17T07:25:53.335+0000] {logging_mixin.py:190} INFO - [2026-01-17T07:25:53.335+0000] {dag.py:4180} INFO - Setting next_dagrun for user_processing_branch to 2026-01-16 00:00:00+00:00, run_after=2026-01-17 00:00:00+00:00
[2026-01-17T07:25:53.362+0000] {processor.py:208} INFO - Processing /opt/airflow/dags/branching_user_processing.py took 0.830 seconds
[2026-01-17T07:26:23.621+0000] {processor.py:186} INFO - Started process (PID=13626) to work on /opt/airflow/dags/branching_user_processing.py
[2026-01-17T07:26:23.622+0000] {processor.py:914} INFO - Processing file /opt/airflow/dags/branching_user_processing.py for tasks to queue
[2026-01-17T07:26:23.624+0000] {logging_mixin.py:190} INFO - [2026-01-17T07:26:23.624+0000] {dagbag.py:588} INFO - Filling up the DagBag from /opt/airflow/dags/branching_user_processing.py
[2026-01-17T07:26:24.326+0000] {processor.py:925} INFO - DAG(s) 'user_processing_branch' retrieved from /opt/airflow/dags/branching_user_processing.py
[2026-01-17T07:26:24.364+0000] {logging_mixin.py:190} INFO - [2026-01-17T07:26:24.364+0000] {dag.py:3239} INFO - Sync 1 DAGs
[2026-01-17T07:26:24.391+0000] {logging_mixin.py:190} INFO - [2026-01-17T07:26:24.391+0000] {dag.py:4180} INFO - Setting next_dagrun for user_processing_branch to 2026-01-16 00:00:00+00:00, run_after=2026-01-17 00:00:00+00:00
[2026-01-17T07:26:24.415+0000] {processor.py:208} INFO - Processing /opt/airflow/dags/branching_user_processing.py took 0.806 seconds
[2026-01-17T07:26:54.972+0000] {processor.py:186} INFO - Started process (PID=13650) to work on /opt/airflow/dags/branching_user_processing.py
[2026-01-17T07:26:54.974+0000] {processor.py:914} INFO - Processing file /opt/airflow/dags/branching_user_processing.py for tasks to queue
[2026-01-17T07:26:54.976+0000] {logging_mixin.py:190} INFO - [2026-01-17T07:26:54.976+0000] {dagbag.py:588} INFO - Filling up the DagBag from /opt/airflow/dags/branching_user_processing.py
[2026-01-17T07:26:55.668+0000] {processor.py:925} INFO - DAG(s) 'user_processing_branch' retrieved from /opt/airflow/dags/branching_user_processing.py
[2026-01-17T07:26:55.702+0000] {logging_mixin.py:190} INFO - [2026-01-17T07:26:55.701+0000] {dag.py:3239} INFO - Sync 1 DAGs
[2026-01-17T07:26:55.734+0000] {logging_mixin.py:190} INFO - [2026-01-17T07:26:55.734+0000] {dag.py:4180} INFO - Setting next_dagrun for user_processing_branch to 2026-01-16 00:00:00+00:00, run_after=2026-01-17 00:00:00+00:00
[2026-01-17T07:26:55.752+0000] {processor.py:208} INFO - Processing /opt/airflow/dags/branching_user_processing.py took 0.797 seconds
[2026-01-17T07:27:26.398+0000] {processor.py:186} INFO - Started process (PID=13674) to work on /opt/airflow/dags/branching_user_processing.py
[2026-01-17T07:27:26.399+0000] {processor.py:914} INFO - Processing file /opt/airflow/dags/branching_user_processing.py for tasks to queue
[2026-01-17T07:27:26.401+0000] {logging_mixin.py:190} INFO - [2026-01-17T07:27:26.400+0000] {dagbag.py:588} INFO - Filling up the DagBag from /opt/airflow/dags/branching_user_processing.py
[2026-01-17T07:27:26.827+0000] {processor.py:925} INFO - DAG(s) 'user_processing_branch' retrieved from /opt/airflow/dags/branching_user_processing.py
[2026-01-17T07:27:27.108+0000] {logging_mixin.py:190} INFO - [2026-01-17T07:27:27.107+0000] {dag.py:3239} INFO - Sync 1 DAGs
[2026-01-17T07:27:27.141+0000] {logging_mixin.py:190} INFO - [2026-01-17T07:27:27.140+0000] {dag.py:4180} INFO - Setting next_dagrun for user_processing_branch to 2026-01-16 00:00:00+00:00, run_after=2026-01-17 00:00:00+00:00
[2026-01-17T07:27:27.167+0000] {processor.py:208} INFO - Processing /opt/airflow/dags/branching_user_processing.py took 0.780 seconds
[2026-01-17T07:27:58.021+0000] {processor.py:186} INFO - Started process (PID=13698) to work on /opt/airflow/dags/branching_user_processing.py
[2026-01-17T07:27:58.023+0000] {processor.py:914} INFO - Processing file /opt/airflow/dags/branching_user_processing.py for tasks to queue
[2026-01-17T07:27:58.026+0000] {logging_mixin.py:190} INFO - [2026-01-17T07:27:58.024+0000] {dagbag.py:588} INFO - Filling up the DagBag from /opt/airflow/dags/branching_user_processing.py
[2026-01-17T07:27:58.795+0000] {processor.py:925} INFO - DAG(s) 'user_processing_branch' retrieved from /opt/airflow/dags/branching_user_processing.py
[2026-01-17T07:27:58.847+0000] {logging_mixin.py:190} INFO - [2026-01-17T07:27:58.847+0000] {dag.py:3239} INFO - Sync 1 DAGs
[2026-01-17T07:27:58.895+0000] {logging_mixin.py:190} INFO - [2026-01-17T07:27:58.894+0000] {dag.py:4180} INFO - Setting next_dagrun for user_processing_branch to 2026-01-16 00:00:00+00:00, run_after=2026-01-17 00:00:00+00:00
[2026-01-17T07:27:58.929+0000] {processor.py:208} INFO - Processing /opt/airflow/dags/branching_user_processing.py took 0.922 seconds
[2026-01-17T07:28:30.014+0000] {processor.py:186} INFO - Started process (PID=13722) to work on /opt/airflow/dags/branching_user_processing.py
[2026-01-17T07:28:30.015+0000] {processor.py:914} INFO - Processing file /opt/airflow/dags/branching_user_processing.py for tasks to queue
[2026-01-17T07:28:30.017+0000] {logging_mixin.py:190} INFO - [2026-01-17T07:28:30.017+0000] {dagbag.py:588} INFO - Filling up the DagBag from /opt/airflow/dags/branching_user_processing.py
[2026-01-17T07:28:30.831+0000] {processor.py:925} INFO - DAG(s) 'user_processing_branch' retrieved from /opt/airflow/dags/branching_user_processing.py
[2026-01-17T07:28:30.889+0000] {logging_mixin.py:190} INFO - [2026-01-17T07:28:30.888+0000] {dag.py:3239} INFO - Sync 1 DAGs
[2026-01-17T07:28:30.929+0000] {logging_mixin.py:190} INFO - [2026-01-17T07:28:30.928+0000] {dag.py:4180} INFO - Setting next_dagrun for user_processing_branch to 2026-01-16 00:00:00+00:00, run_after=2026-01-17 00:00:00+00:00
[2026-01-17T07:28:30.964+0000] {processor.py:208} INFO - Processing /opt/airflow/dags/branching_user_processing.py took 0.964 seconds
[2026-01-17T07:29:01.758+0000] {processor.py:186} INFO - Started process (PID=13746) to work on /opt/airflow/dags/branching_user_processing.py
[2026-01-17T07:29:01.761+0000] {processor.py:914} INFO - Processing file /opt/airflow/dags/branching_user_processing.py for tasks to queue
[2026-01-17T07:29:01.765+0000] {logging_mixin.py:190} INFO - [2026-01-17T07:29:01.764+0000] {dagbag.py:588} INFO - Filling up the DagBag from /opt/airflow/dags/branching_user_processing.py
[2026-01-17T07:29:03.151+0000] {processor.py:925} INFO - DAG(s) 'user_processing_branch' retrieved from /opt/airflow/dags/branching_user_processing.py
[2026-01-17T07:29:03.237+0000] {logging_mixin.py:190} INFO - [2026-01-17T07:29:03.236+0000] {dag.py:3239} INFO - Sync 1 DAGs
[2026-01-17T07:29:03.327+0000] {logging_mixin.py:190} INFO - [2026-01-17T07:29:03.326+0000] {dag.py:4180} INFO - Setting next_dagrun for user_processing_branch to 2026-01-16 00:00:00+00:00, run_after=2026-01-17 00:00:00+00:00
[2026-01-17T07:29:03.408+0000] {processor.py:208} INFO - Processing /opt/airflow/dags/branching_user_processing.py took 1.665 seconds
[2026-01-17T07:29:33.766+0000] {processor.py:186} INFO - Started process (PID=13771) to work on /opt/airflow/dags/branching_user_processing.py
[2026-01-17T07:29:33.768+0000] {processor.py:914} INFO - Processing file /opt/airflow/dags/branching_user_processing.py for tasks to queue
[2026-01-17T07:29:33.771+0000] {logging_mixin.py:190} INFO - [2026-01-17T07:29:33.771+0000] {dagbag.py:588} INFO - Filling up the DagBag from /opt/airflow/dags/branching_user_processing.py
[2026-01-17T07:29:34.342+0000] {processor.py:925} INFO - DAG(s) 'user_processing_branch' retrieved from /opt/airflow/dags/branching_user_processing.py
[2026-01-17T07:29:34.691+0000] {logging_mixin.py:190} INFO - [2026-01-17T07:29:34.690+0000] {dag.py:3239} INFO - Sync 1 DAGs
[2026-01-17T07:29:34.739+0000] {logging_mixin.py:190} INFO - [2026-01-17T07:29:34.739+0000] {dag.py:4180} INFO - Setting next_dagrun for user_processing_branch to 2026-01-16 00:00:00+00:00, run_after=2026-01-17 00:00:00+00:00
[2026-01-17T07:29:34.768+0000] {processor.py:208} INFO - Processing /opt/airflow/dags/branching_user_processing.py took 1.021 seconds
[2026-01-17T07:30:05.400+0000] {processor.py:186} INFO - Started process (PID=13796) to work on /opt/airflow/dags/branching_user_processing.py
[2026-01-17T07:30:05.402+0000] {processor.py:914} INFO - Processing file /opt/airflow/dags/branching_user_processing.py for tasks to queue
[2026-01-17T07:30:05.405+0000] {logging_mixin.py:190} INFO - [2026-01-17T07:30:05.404+0000] {dagbag.py:588} INFO - Filling up the DagBag from /opt/airflow/dags/branching_user_processing.py
[2026-01-17T07:30:06.385+0000] {processor.py:925} INFO - DAG(s) 'user_processing_branch' retrieved from /opt/airflow/dags/branching_user_processing.py
[2026-01-17T07:30:06.449+0000] {logging_mixin.py:190} INFO - [2026-01-17T07:30:06.448+0000] {dag.py:3239} INFO - Sync 1 DAGs
[2026-01-17T07:30:06.508+0000] {logging_mixin.py:190} INFO - [2026-01-17T07:30:06.508+0000] {dag.py:4180} INFO - Setting next_dagrun for user_processing_branch to 2026-01-16 00:00:00+00:00, run_after=2026-01-17 00:00:00+00:00
[2026-01-17T07:30:06.556+0000] {processor.py:208} INFO - Processing /opt/airflow/dags/branching_user_processing.py took 1.172 seconds
[2026-01-17T07:30:36.775+0000] {processor.py:186} INFO - Started process (PID=13820) to work on /opt/airflow/dags/branching_user_processing.py
[2026-01-17T07:30:36.776+0000] {processor.py:914} INFO - Processing file /opt/airflow/dags/branching_user_processing.py for tasks to queue
[2026-01-17T07:30:36.779+0000] {logging_mixin.py:190} INFO - [2026-01-17T07:30:36.778+0000] {dagbag.py:588} INFO - Filling up the DagBag from /opt/airflow/dags/branching_user_processing.py
[2026-01-17T07:30:37.787+0000] {processor.py:925} INFO - DAG(s) 'user_processing_branch' retrieved from /opt/airflow/dags/branching_user_processing.py
[2026-01-17T07:30:37.845+0000] {logging_mixin.py:190} INFO - [2026-01-17T07:30:37.844+0000] {dag.py:3239} INFO - Sync 1 DAGs
[2026-01-17T07:30:37.908+0000] {logging_mixin.py:190} INFO - [2026-01-17T07:30:37.908+0000] {dag.py:4180} INFO - Setting next_dagrun for user_processing_branch to 2026-01-16 00:00:00+00:00, run_after=2026-01-17 00:00:00+00:00
[2026-01-17T07:30:37.943+0000] {processor.py:208} INFO - Processing /opt/airflow/dags/branching_user_processing.py took 1.182 seconds
[2026-01-17T07:31:08.279+0000] {processor.py:186} INFO - Started process (PID=13845) to work on /opt/airflow/dags/branching_user_processing.py
[2026-01-17T07:31:08.281+0000] {processor.py:914} INFO - Processing file /opt/airflow/dags/branching_user_processing.py for tasks to queue
[2026-01-17T07:31:08.284+0000] {logging_mixin.py:190} INFO - [2026-01-17T07:31:08.283+0000] {dagbag.py:588} INFO - Filling up the DagBag from /opt/airflow/dags/branching_user_processing.py
[2026-01-17T07:31:09.307+0000] {processor.py:925} INFO - DAG(s) 'user_processing_branch' retrieved from /opt/airflow/dags/branching_user_processing.py
[2026-01-17T07:31:09.359+0000] {logging_mixin.py:190} INFO - [2026-01-17T07:31:09.359+0000] {dag.py:3239} INFO - Sync 1 DAGs
[2026-01-17T07:31:09.414+0000] {logging_mixin.py:190} INFO - [2026-01-17T07:31:09.414+0000] {dag.py:4180} INFO - Setting next_dagrun for user_processing_branch to 2026-01-16 00:00:00+00:00, run_after=2026-01-17 00:00:00+00:00
[2026-01-17T07:31:09.451+0000] {processor.py:208} INFO - Processing /opt/airflow/dags/branching_user_processing.py took 1.191 seconds
[2026-01-17T07:31:40.219+0000] {processor.py:186} INFO - Started process (PID=13869) to work on /opt/airflow/dags/branching_user_processing.py
[2026-01-17T07:31:40.221+0000] {processor.py:914} INFO - Processing file /opt/airflow/dags/branching_user_processing.py for tasks to queue
[2026-01-17T07:31:40.225+0000] {logging_mixin.py:190} INFO - [2026-01-17T07:31:40.224+0000] {dagbag.py:588} INFO - Filling up the DagBag from /opt/airflow/dags/branching_user_processing.py
[2026-01-17T07:31:41.176+0000] {processor.py:925} INFO - DAG(s) 'user_processing_branch' retrieved from /opt/airflow/dags/branching_user_processing.py
[2026-01-17T07:31:41.680+0000] {logging_mixin.py:190} INFO - [2026-01-17T07:31:41.679+0000] {dag.py:3239} INFO - Sync 1 DAGs
[2026-01-17T07:31:41.737+0000] {logging_mixin.py:190} INFO - [2026-01-17T07:31:41.736+0000] {dag.py:4180} INFO - Setting next_dagrun for user_processing_branch to 2026-01-16 00:00:00+00:00, run_after=2026-01-17 00:00:00+00:00
[2026-01-17T07:31:41.777+0000] {processor.py:208} INFO - Processing /opt/airflow/dags/branching_user_processing.py took 1.572 seconds
[2026-01-17T07:32:12.001+0000] {processor.py:186} INFO - Started process (PID=13894) to work on /opt/airflow/dags/branching_user_processing.py
[2026-01-17T07:32:12.003+0000] {processor.py:914} INFO - Processing file /opt/airflow/dags/branching_user_processing.py for tasks to queue
[2026-01-17T07:32:12.007+0000] {logging_mixin.py:190} INFO - [2026-01-17T07:32:12.005+0000] {dagbag.py:588} INFO - Filling up the DagBag from /opt/airflow/dags/branching_user_processing.py
[2026-01-17T07:32:12.901+0000] {processor.py:925} INFO - DAG(s) 'user_processing_branch' retrieved from /opt/airflow/dags/branching_user_processing.py
[2026-01-17T07:32:12.988+0000] {logging_mixin.py:190} INFO - [2026-01-17T07:32:12.986+0000] {dag.py:3239} INFO - Sync 1 DAGs
[2026-01-17T07:32:13.049+0000] {logging_mixin.py:190} INFO - [2026-01-17T07:32:13.049+0000] {dag.py:4180} INFO - Setting next_dagrun for user_processing_branch to 2026-01-16 00:00:00+00:00, run_after=2026-01-17 00:00:00+00:00
[2026-01-17T07:32:13.097+0000] {processor.py:208} INFO - Processing /opt/airflow/dags/branching_user_processing.py took 1.121 seconds
[2026-01-17T07:32:43.499+0000] {processor.py:186} INFO - Started process (PID=13924) to work on /opt/airflow/dags/branching_user_processing.py
[2026-01-17T07:32:43.501+0000] {processor.py:914} INFO - Processing file /opt/airflow/dags/branching_user_processing.py for tasks to queue
[2026-01-17T07:32:43.503+0000] {logging_mixin.py:190} INFO - [2026-01-17T07:32:43.502+0000] {dagbag.py:588} INFO - Filling up the DagBag from /opt/airflow/dags/branching_user_processing.py
[2026-01-17T07:32:44.151+0000] {processor.py:925} INFO - DAG(s) 'user_processing_branch' retrieved from /opt/airflow/dags/branching_user_processing.py
[2026-01-17T07:32:44.190+0000] {logging_mixin.py:190} INFO - [2026-01-17T07:32:44.189+0000] {dag.py:3239} INFO - Sync 1 DAGs
[2026-01-17T07:32:44.219+0000] {logging_mixin.py:190} INFO - [2026-01-17T07:32:44.219+0000] {dag.py:4180} INFO - Setting next_dagrun for user_processing_branch to 2026-01-16 00:00:00+00:00, run_after=2026-01-17 00:00:00+00:00
[2026-01-17T07:32:44.239+0000] {processor.py:208} INFO - Processing /opt/airflow/dags/branching_user_processing.py took 0.748 seconds
[2026-01-17T07:33:15.051+0000] {processor.py:186} INFO - Started process (PID=13948) to work on /opt/airflow/dags/branching_user_processing.py
[2026-01-17T07:33:15.053+0000] {processor.py:914} INFO - Processing file /opt/airflow/dags/branching_user_processing.py for tasks to queue
[2026-01-17T07:33:15.062+0000] {logging_mixin.py:190} INFO - [2026-01-17T07:33:15.058+0000] {dagbag.py:588} INFO - Filling up the DagBag from /opt/airflow/dags/branching_user_processing.py
[2026-01-17T07:33:16.349+0000] {processor.py:925} INFO - DAG(s) 'user_processing_branch' retrieved from /opt/airflow/dags/branching_user_processing.py
[2026-01-17T07:33:16.416+0000] {logging_mixin.py:190} INFO - [2026-01-17T07:33:16.415+0000] {dag.py:3239} INFO - Sync 1 DAGs
[2026-01-17T07:33:16.512+0000] {logging_mixin.py:190} INFO - [2026-01-17T07:33:16.512+0000] {dag.py:4180} INFO - Setting next_dagrun for user_processing_branch to 2026-01-16 00:00:00+00:00, run_after=2026-01-17 00:00:00+00:00
[2026-01-17T07:33:16.560+0000] {processor.py:208} INFO - Processing /opt/airflow/dags/branching_user_processing.py took 1.533 seconds
[2026-01-17T07:33:46.825+0000] {processor.py:186} INFO - Started process (PID=13973) to work on /opt/airflow/dags/branching_user_processing.py
[2026-01-17T07:33:46.827+0000] {processor.py:914} INFO - Processing file /opt/airflow/dags/branching_user_processing.py for tasks to queue
[2026-01-17T07:33:46.829+0000] {logging_mixin.py:190} INFO - [2026-01-17T07:33:46.828+0000] {dagbag.py:588} INFO - Filling up the DagBag from /opt/airflow/dags/branching_user_processing.py
[2026-01-17T07:33:47.346+0000] {processor.py:925} INFO - DAG(s) 'user_processing_branch' retrieved from /opt/airflow/dags/branching_user_processing.py
[2026-01-17T07:33:47.674+0000] {logging_mixin.py:190} INFO - [2026-01-17T07:33:47.673+0000] {dag.py:3239} INFO - Sync 1 DAGs
[2026-01-17T07:33:47.707+0000] {logging_mixin.py:190} INFO - [2026-01-17T07:33:47.707+0000] {dag.py:4180} INFO - Setting next_dagrun for user_processing_branch to 2026-01-16 00:00:00+00:00, run_after=2026-01-17 00:00:00+00:00
[2026-01-17T07:33:47.725+0000] {processor.py:208} INFO - Processing /opt/airflow/dags/branching_user_processing.py took 0.911 seconds
[2026-01-17T07:34:17.908+0000] {processor.py:186} INFO - Started process (PID=13997) to work on /opt/airflow/dags/branching_user_processing.py
[2026-01-17T07:34:17.911+0000] {processor.py:914} INFO - Processing file /opt/airflow/dags/branching_user_processing.py for tasks to queue
[2026-01-17T07:34:17.913+0000] {logging_mixin.py:190} INFO - [2026-01-17T07:34:17.913+0000] {dagbag.py:588} INFO - Filling up the DagBag from /opt/airflow/dags/branching_user_processing.py
[2026-01-17T07:34:18.953+0000] {processor.py:925} INFO - DAG(s) 'user_processing_branch' retrieved from /opt/airflow/dags/branching_user_processing.py
[2026-01-17T07:34:19.007+0000] {logging_mixin.py:190} INFO - [2026-01-17T07:34:19.006+0000] {dag.py:3239} INFO - Sync 1 DAGs
[2026-01-17T07:34:19.051+0000] {logging_mixin.py:190} INFO - [2026-01-17T07:34:19.051+0000] {dag.py:4180} INFO - Setting next_dagrun for user_processing_branch to 2026-01-16 00:00:00+00:00, run_after=2026-01-17 00:00:00+00:00
[2026-01-17T07:34:19.081+0000] {processor.py:208} INFO - Processing /opt/airflow/dags/branching_user_processing.py took 1.187 seconds
[2026-01-17T07:34:49.433+0000] {processor.py:186} INFO - Started process (PID=14021) to work on /opt/airflow/dags/branching_user_processing.py
[2026-01-17T07:34:49.435+0000] {processor.py:914} INFO - Processing file /opt/airflow/dags/branching_user_processing.py for tasks to queue
[2026-01-17T07:34:49.436+0000] {logging_mixin.py:190} INFO - [2026-01-17T07:34:49.436+0000] {dagbag.py:588} INFO - Filling up the DagBag from /opt/airflow/dags/branching_user_processing.py
[2026-01-17T07:34:50.151+0000] {processor.py:925} INFO - DAG(s) 'user_processing_branch' retrieved from /opt/airflow/dags/branching_user_processing.py
[2026-01-17T07:34:50.193+0000] {logging_mixin.py:190} INFO - [2026-01-17T07:34:50.191+0000] {dag.py:3239} INFO - Sync 1 DAGs
[2026-01-17T07:34:50.224+0000] {logging_mixin.py:190} INFO - [2026-01-17T07:34:50.224+0000] {dag.py:4180} INFO - Setting next_dagrun for user_processing_branch to 2026-01-16 00:00:00+00:00, run_after=2026-01-17 00:00:00+00:00
[2026-01-17T07:34:50.250+0000] {processor.py:208} INFO - Processing /opt/airflow/dags/branching_user_processing.py took 0.826 seconds
[2026-01-17T07:35:20.762+0000] {processor.py:186} INFO - Started process (PID=14045) to work on /opt/airflow/dags/branching_user_processing.py
[2026-01-17T07:35:20.764+0000] {processor.py:914} INFO - Processing file /opt/airflow/dags/branching_user_processing.py for tasks to queue
[2026-01-17T07:35:20.766+0000] {logging_mixin.py:190} INFO - [2026-01-17T07:35:20.766+0000] {dagbag.py:588} INFO - Filling up the DagBag from /opt/airflow/dags/branching_user_processing.py
[2026-01-17T07:35:21.445+0000] {processor.py:925} INFO - DAG(s) 'user_processing_branch' retrieved from /opt/airflow/dags/branching_user_processing.py
[2026-01-17T07:35:21.487+0000] {logging_mixin.py:190} INFO - [2026-01-17T07:35:21.486+0000] {dag.py:3239} INFO - Sync 1 DAGs
[2026-01-17T07:35:21.524+0000] {logging_mixin.py:190} INFO - [2026-01-17T07:35:21.523+0000] {dag.py:4180} INFO - Setting next_dagrun for user_processing_branch to 2026-01-16 00:00:00+00:00, run_after=2026-01-17 00:00:00+00:00
[2026-01-17T07:35:21.563+0000] {processor.py:208} INFO - Processing /opt/airflow/dags/branching_user_processing.py took 0.820 seconds
[2026-01-17T07:35:51.825+0000] {processor.py:186} INFO - Started process (PID=14069) to work on /opt/airflow/dags/branching_user_processing.py
[2026-01-17T07:35:51.827+0000] {processor.py:914} INFO - Processing file /opt/airflow/dags/branching_user_processing.py for tasks to queue
[2026-01-17T07:35:51.830+0000] {logging_mixin.py:190} INFO - [2026-01-17T07:35:51.829+0000] {dagbag.py:588} INFO - Filling up the DagBag from /opt/airflow/dags/branching_user_processing.py
[2026-01-17T07:35:52.699+0000] {processor.py:925} INFO - DAG(s) 'user_processing_branch' retrieved from /opt/airflow/dags/branching_user_processing.py
[2026-01-17T07:35:52.741+0000] {logging_mixin.py:190} INFO - [2026-01-17T07:35:52.740+0000] {dag.py:3239} INFO - Sync 1 DAGs
[2026-01-17T07:35:52.776+0000] {logging_mixin.py:190} INFO - [2026-01-17T07:35:52.776+0000] {dag.py:4180} INFO - Setting next_dagrun for user_processing_branch to 2026-01-16 00:00:00+00:00, run_after=2026-01-17 00:00:00+00:00
[2026-01-17T07:35:52.807+0000] {processor.py:208} INFO - Processing /opt/airflow/dags/branching_user_processing.py took 1.002 seconds
[2026-01-17T07:36:22.992+0000] {processor.py:186} INFO - Started process (PID=14093) to work on /opt/airflow/dags/branching_user_processing.py
[2026-01-17T07:36:22.994+0000] {processor.py:914} INFO - Processing file /opt/airflow/dags/branching_user_processing.py for tasks to queue
[2026-01-17T07:36:22.996+0000] {logging_mixin.py:190} INFO - [2026-01-17T07:36:22.996+0000] {dagbag.py:588} INFO - Filling up the DagBag from /opt/airflow/dags/branching_user_processing.py
[2026-01-17T07:36:23.832+0000] {processor.py:925} INFO - DAG(s) 'user_processing_branch' retrieved from /opt/airflow/dags/branching_user_processing.py
[2026-01-17T07:36:23.876+0000] {logging_mixin.py:190} INFO - [2026-01-17T07:36:23.875+0000] {dag.py:3239} INFO - Sync 1 DAGs
[2026-01-17T07:36:23.914+0000] {logging_mixin.py:190} INFO - [2026-01-17T07:36:23.914+0000] {dag.py:4180} INFO - Setting next_dagrun for user_processing_branch to 2026-01-16 00:00:00+00:00, run_after=2026-01-17 00:00:00+00:00
[2026-01-17T07:36:23.939+0000] {processor.py:208} INFO - Processing /opt/airflow/dags/branching_user_processing.py took 0.963 seconds
[2026-01-17T07:36:54.070+0000] {processor.py:186} INFO - Started process (PID=14117) to work on /opt/airflow/dags/branching_user_processing.py
[2026-01-17T07:36:54.071+0000] {processor.py:914} INFO - Processing file /opt/airflow/dags/branching_user_processing.py for tasks to queue
[2026-01-17T07:36:54.073+0000] {logging_mixin.py:190} INFO - [2026-01-17T07:36:54.072+0000] {dagbag.py:588} INFO - Filling up the DagBag from /opt/airflow/dags/branching_user_processing.py
[2026-01-17T07:36:54.832+0000] {processor.py:925} INFO - DAG(s) 'user_processing_branch' retrieved from /opt/airflow/dags/branching_user_processing.py
[2026-01-17T07:36:54.868+0000] {logging_mixin.py:190} INFO - [2026-01-17T07:36:54.867+0000] {dag.py:3239} INFO - Sync 1 DAGs
[2026-01-17T07:36:54.908+0000] {logging_mixin.py:190} INFO - [2026-01-17T07:36:54.907+0000] {dag.py:4180} INFO - Setting next_dagrun for user_processing_branch to 2026-01-16 00:00:00+00:00, run_after=2026-01-17 00:00:00+00:00
[2026-01-17T07:36:54.935+0000] {processor.py:208} INFO - Processing /opt/airflow/dags/branching_user_processing.py took 0.879 seconds
[2026-01-17T07:37:25.754+0000] {processor.py:186} INFO - Started process (PID=14141) to work on /opt/airflow/dags/branching_user_processing.py
[2026-01-17T07:37:25.755+0000] {processor.py:914} INFO - Processing file /opt/airflow/dags/branching_user_processing.py for tasks to queue
[2026-01-17T07:37:25.757+0000] {logging_mixin.py:190} INFO - [2026-01-17T07:37:25.756+0000] {dagbag.py:588} INFO - Filling up the DagBag from /opt/airflow/dags/branching_user_processing.py
[2026-01-17T07:37:26.482+0000] {processor.py:925} INFO - DAG(s) 'user_processing_branch' retrieved from /opt/airflow/dags/branching_user_processing.py
[2026-01-17T07:37:26.517+0000] {logging_mixin.py:190} INFO - [2026-01-17T07:37:26.516+0000] {dag.py:3239} INFO - Sync 1 DAGs
[2026-01-17T07:37:26.548+0000] {logging_mixin.py:190} INFO - [2026-01-17T07:37:26.548+0000] {dag.py:4180} INFO - Setting next_dagrun for user_processing_branch to 2026-01-16 00:00:00+00:00, run_after=2026-01-17 00:00:00+00:00
[2026-01-17T07:37:26.566+0000] {processor.py:208} INFO - Processing /opt/airflow/dags/branching_user_processing.py took 0.821 seconds
[2026-01-17T07:37:56.798+0000] {processor.py:186} INFO - Started process (PID=14165) to work on /opt/airflow/dags/branching_user_processing.py
[2026-01-17T07:37:56.799+0000] {processor.py:914} INFO - Processing file /opt/airflow/dags/branching_user_processing.py for tasks to queue
[2026-01-17T07:37:56.802+0000] {logging_mixin.py:190} INFO - [2026-01-17T07:37:56.801+0000] {dagbag.py:588} INFO - Filling up the DagBag from /opt/airflow/dags/branching_user_processing.py
[2026-01-17T07:37:57.478+0000] {processor.py:925} INFO - DAG(s) 'user_processing_branch' retrieved from /opt/airflow/dags/branching_user_processing.py
[2026-01-17T07:37:57.511+0000] {logging_mixin.py:190} INFO - [2026-01-17T07:37:57.511+0000] {dag.py:3239} INFO - Sync 1 DAGs
[2026-01-17T07:37:57.536+0000] {logging_mixin.py:190} INFO - [2026-01-17T07:37:57.536+0000] {dag.py:4180} INFO - Setting next_dagrun for user_processing_branch to 2026-01-16 00:00:00+00:00, run_after=2026-01-17 00:00:00+00:00
[2026-01-17T07:37:57.554+0000] {processor.py:208} INFO - Processing /opt/airflow/dags/branching_user_processing.py took 0.766 seconds
[2026-01-17T07:38:27.863+0000] {processor.py:186} INFO - Started process (PID=14189) to work on /opt/airflow/dags/branching_user_processing.py
[2026-01-17T07:38:27.864+0000] {processor.py:914} INFO - Processing file /opt/airflow/dags/branching_user_processing.py for tasks to queue
[2026-01-17T07:38:27.866+0000] {logging_mixin.py:190} INFO - [2026-01-17T07:38:27.866+0000] {dagbag.py:588} INFO - Filling up the DagBag from /opt/airflow/dags/branching_user_processing.py
[2026-01-17T07:38:28.632+0000] {processor.py:925} INFO - DAG(s) 'user_processing_branch' retrieved from /opt/airflow/dags/branching_user_processing.py
[2026-01-17T07:38:28.679+0000] {logging_mixin.py:190} INFO - [2026-01-17T07:38:28.678+0000] {dag.py:3239} INFO - Sync 1 DAGs
[2026-01-17T07:38:28.710+0000] {logging_mixin.py:190} INFO - [2026-01-17T07:38:28.710+0000] {dag.py:4180} INFO - Setting next_dagrun for user_processing_branch to 2026-01-16 00:00:00+00:00, run_after=2026-01-17 00:00:00+00:00
[2026-01-17T07:38:28.731+0000] {processor.py:208} INFO - Processing /opt/airflow/dags/branching_user_processing.py took 0.880 seconds
[2026-01-17T07:38:58.857+0000] {processor.py:186} INFO - Started process (PID=14213) to work on /opt/airflow/dags/branching_user_processing.py
[2026-01-17T07:38:58.858+0000] {processor.py:914} INFO - Processing file /opt/airflow/dags/branching_user_processing.py for tasks to queue
[2026-01-17T07:38:58.859+0000] {logging_mixin.py:190} INFO - [2026-01-17T07:38:58.859+0000] {dagbag.py:588} INFO - Filling up the DagBag from /opt/airflow/dags/branching_user_processing.py
[2026-01-17T07:38:59.580+0000] {processor.py:925} INFO - DAG(s) 'user_processing_branch' retrieved from /opt/airflow/dags/branching_user_processing.py
[2026-01-17T07:38:59.618+0000] {logging_mixin.py:190} INFO - [2026-01-17T07:38:59.617+0000] {dag.py:3239} INFO - Sync 1 DAGs
[2026-01-17T07:38:59.648+0000] {logging_mixin.py:190} INFO - [2026-01-17T07:38:59.647+0000] {dag.py:4180} INFO - Setting next_dagrun for user_processing_branch to 2026-01-16 00:00:00+00:00, run_after=2026-01-17 00:00:00+00:00
[2026-01-17T07:38:59.673+0000] {processor.py:208} INFO - Processing /opt/airflow/dags/branching_user_processing.py took 0.830 seconds
[2026-01-17T07:39:29.846+0000] {processor.py:186} INFO - Started process (PID=14237) to work on /opt/airflow/dags/branching_user_processing.py
[2026-01-17T07:39:29.848+0000] {processor.py:914} INFO - Processing file /opt/airflow/dags/branching_user_processing.py for tasks to queue
[2026-01-17T07:39:29.852+0000] {logging_mixin.py:190} INFO - [2026-01-17T07:39:29.851+0000] {dagbag.py:588} INFO - Filling up the DagBag from /opt/airflow/dags/branching_user_processing.py
[2026-01-17T07:39:30.588+0000] {processor.py:925} INFO - DAG(s) 'user_processing_branch' retrieved from /opt/airflow/dags/branching_user_processing.py
[2026-01-17T07:39:30.620+0000] {logging_mixin.py:190} INFO - [2026-01-17T07:39:30.620+0000] {dag.py:3239} INFO - Sync 1 DAGs
[2026-01-17T07:39:30.653+0000] {logging_mixin.py:190} INFO - [2026-01-17T07:39:30.653+0000] {dag.py:4180} INFO - Setting next_dagrun for user_processing_branch to 2026-01-16 00:00:00+00:00, run_after=2026-01-17 00:00:00+00:00
[2026-01-17T07:39:30.675+0000] {processor.py:208} INFO - Processing /opt/airflow/dags/branching_user_processing.py took 0.845 seconds
[2026-01-17T07:40:01.332+0000] {processor.py:186} INFO - Started process (PID=14261) to work on /opt/airflow/dags/branching_user_processing.py
[2026-01-17T07:40:01.334+0000] {processor.py:914} INFO - Processing file /opt/airflow/dags/branching_user_processing.py for tasks to queue
[2026-01-17T07:40:01.335+0000] {logging_mixin.py:190} INFO - [2026-01-17T07:40:01.335+0000] {dagbag.py:588} INFO - Filling up the DagBag from /opt/airflow/dags/branching_user_processing.py
[2026-01-17T07:40:02.123+0000] {processor.py:925} INFO - DAG(s) 'user_processing_branch' retrieved from /opt/airflow/dags/branching_user_processing.py
[2026-01-17T07:40:02.151+0000] {logging_mixin.py:190} INFO - [2026-01-17T07:40:02.150+0000] {dag.py:3239} INFO - Sync 1 DAGs
[2026-01-17T07:40:02.181+0000] {logging_mixin.py:190} INFO - [2026-01-17T07:40:02.180+0000] {dag.py:4180} INFO - Setting next_dagrun for user_processing_branch to 2026-01-16 00:00:00+00:00, run_after=2026-01-17 00:00:00+00:00
[2026-01-17T07:40:02.211+0000] {processor.py:208} INFO - Processing /opt/airflow/dags/branching_user_processing.py took 0.888 seconds
[2026-01-17T07:40:32.998+0000] {processor.py:186} INFO - Started process (PID=14285) to work on /opt/airflow/dags/branching_user_processing.py
[2026-01-17T07:40:33.000+0000] {processor.py:914} INFO - Processing file /opt/airflow/dags/branching_user_processing.py for tasks to queue
[2026-01-17T07:40:33.001+0000] {logging_mixin.py:190} INFO - [2026-01-17T07:40:33.001+0000] {dagbag.py:588} INFO - Filling up the DagBag from /opt/airflow/dags/branching_user_processing.py
[2026-01-17T07:40:33.694+0000] {processor.py:925} INFO - DAG(s) 'user_processing_branch' retrieved from /opt/airflow/dags/branching_user_processing.py
[2026-01-17T07:40:33.723+0000] {logging_mixin.py:190} INFO - [2026-01-17T07:40:33.722+0000] {dag.py:3239} INFO - Sync 1 DAGs
[2026-01-17T07:40:33.748+0000] {logging_mixin.py:190} INFO - [2026-01-17T07:40:33.748+0000] {dag.py:4180} INFO - Setting next_dagrun for user_processing_branch to 2026-01-16 00:00:00+00:00, run_after=2026-01-17 00:00:00+00:00
[2026-01-17T07:40:33.771+0000] {processor.py:208} INFO - Processing /opt/airflow/dags/branching_user_processing.py took 0.785 seconds
[2026-01-17T07:41:04.313+0000] {processor.py:186} INFO - Started process (PID=14309) to work on /opt/airflow/dags/branching_user_processing.py
[2026-01-17T07:41:04.315+0000] {processor.py:914} INFO - Processing file /opt/airflow/dags/branching_user_processing.py for tasks to queue
[2026-01-17T07:41:04.316+0000] {logging_mixin.py:190} INFO - [2026-01-17T07:41:04.316+0000] {dagbag.py:588} INFO - Filling up the DagBag from /opt/airflow/dags/branching_user_processing.py
[2026-01-17T07:41:05.043+0000] {processor.py:925} INFO - DAG(s) 'user_processing_branch' retrieved from /opt/airflow/dags/branching_user_processing.py
[2026-01-17T07:41:05.074+0000] {logging_mixin.py:190} INFO - [2026-01-17T07:41:05.073+0000] {dag.py:3239} INFO - Sync 1 DAGs
[2026-01-17T07:41:05.102+0000] {logging_mixin.py:190} INFO - [2026-01-17T07:41:05.102+0000] {dag.py:4180} INFO - Setting next_dagrun for user_processing_branch to 2026-01-16 00:00:00+00:00, run_after=2026-01-17 00:00:00+00:00
[2026-01-17T07:41:05.126+0000] {processor.py:208} INFO - Processing /opt/airflow/dags/branching_user_processing.py took 0.825 seconds
[2026-01-17T07:41:36.022+0000] {processor.py:186} INFO - Started process (PID=14335) to work on /opt/airflow/dags/branching_user_processing.py
[2026-01-17T07:41:36.024+0000] {processor.py:914} INFO - Processing file /opt/airflow/dags/branching_user_processing.py for tasks to queue
[2026-01-17T07:41:36.026+0000] {logging_mixin.py:190} INFO - [2026-01-17T07:41:36.025+0000] {dagbag.py:588} INFO - Filling up the DagBag from /opt/airflow/dags/branching_user_processing.py
[2026-01-17T07:41:36.823+0000] {processor.py:925} INFO - DAG(s) 'user_processing_branch' retrieved from /opt/airflow/dags/branching_user_processing.py
[2026-01-17T07:41:36.851+0000] {logging_mixin.py:190} INFO - [2026-01-17T07:41:36.851+0000] {dag.py:3239} INFO - Sync 1 DAGs
[2026-01-17T07:41:36.881+0000] {logging_mixin.py:190} INFO - [2026-01-17T07:41:36.881+0000] {dag.py:4180} INFO - Setting next_dagrun for user_processing_branch to 2026-01-16 00:00:00+00:00, run_after=2026-01-17 00:00:00+00:00
[2026-01-17T07:41:36.910+0000] {processor.py:208} INFO - Processing /opt/airflow/dags/branching_user_processing.py took 0.900 seconds
[2026-01-17T07:42:07.118+0000] {processor.py:186} INFO - Started process (PID=14357) to work on /opt/airflow/dags/branching_user_processing.py
[2026-01-17T07:42:07.120+0000] {processor.py:914} INFO - Processing file /opt/airflow/dags/branching_user_processing.py for tasks to queue
[2026-01-17T07:42:07.122+0000] {logging_mixin.py:190} INFO - [2026-01-17T07:42:07.121+0000] {dagbag.py:588} INFO - Filling up the DagBag from /opt/airflow/dags/branching_user_processing.py
[2026-01-17T07:42:08.130+0000] {processor.py:925} INFO - DAG(s) 'user_processing_branch' retrieved from /opt/airflow/dags/branching_user_processing.py
[2026-01-17T07:42:08.177+0000] {logging_mixin.py:190} INFO - [2026-01-17T07:42:08.177+0000] {dag.py:3239} INFO - Sync 1 DAGs
[2026-01-17T07:42:08.220+0000] {logging_mixin.py:190} INFO - [2026-01-17T07:42:08.220+0000] {dag.py:4180} INFO - Setting next_dagrun for user_processing_branch to 2026-01-16 00:00:00+00:00, run_after=2026-01-17 00:00:00+00:00
[2026-01-17T07:42:08.268+0000] {processor.py:208} INFO - Processing /opt/airflow/dags/branching_user_processing.py took 1.165 seconds
[2026-01-17T07:42:38.743+0000] {processor.py:186} INFO - Started process (PID=14381) to work on /opt/airflow/dags/branching_user_processing.py
[2026-01-17T07:42:38.745+0000] {processor.py:914} INFO - Processing file /opt/airflow/dags/branching_user_processing.py for tasks to queue
[2026-01-17T07:42:38.746+0000] {logging_mixin.py:190} INFO - [2026-01-17T07:42:38.746+0000] {dagbag.py:588} INFO - Filling up the DagBag from /opt/airflow/dags/branching_user_processing.py
[2026-01-17T07:42:39.463+0000] {processor.py:925} INFO - DAG(s) 'user_processing_branch' retrieved from /opt/airflow/dags/branching_user_processing.py
[2026-01-17T07:42:39.494+0000] {logging_mixin.py:190} INFO - [2026-01-17T07:42:39.493+0000] {dag.py:3239} INFO - Sync 1 DAGs
[2026-01-17T07:42:39.526+0000] {logging_mixin.py:190} INFO - [2026-01-17T07:42:39.525+0000] {dag.py:4180} INFO - Setting next_dagrun for user_processing_branch to 2026-01-16 00:00:00+00:00, run_after=2026-01-17 00:00:00+00:00
[2026-01-17T07:42:39.554+0000] {processor.py:208} INFO - Processing /opt/airflow/dags/branching_user_processing.py took 0.822 seconds
[2026-01-17T07:43:10.053+0000] {processor.py:186} INFO - Started process (PID=14405) to work on /opt/airflow/dags/branching_user_processing.py
[2026-01-17T07:43:10.054+0000] {processor.py:914} INFO - Processing file /opt/airflow/dags/branching_user_processing.py for tasks to queue
[2026-01-17T07:43:10.056+0000] {logging_mixin.py:190} INFO - [2026-01-17T07:43:10.055+0000] {dagbag.py:588} INFO - Filling up the DagBag from /opt/airflow/dags/branching_user_processing.py
[2026-01-17T07:43:10.851+0000] {processor.py:925} INFO - DAG(s) 'user_processing_branch' retrieved from /opt/airflow/dags/branching_user_processing.py
[2026-01-17T07:43:10.890+0000] {logging_mixin.py:190} INFO - [2026-01-17T07:43:10.889+0000] {dag.py:3239} INFO - Sync 1 DAGs
[2026-01-17T07:43:10.922+0000] {logging_mixin.py:190} INFO - [2026-01-17T07:43:10.921+0000] {dag.py:4180} INFO - Setting next_dagrun for user_processing_branch to 2026-01-16 00:00:00+00:00, run_after=2026-01-17 00:00:00+00:00
[2026-01-17T07:43:10.942+0000] {processor.py:208} INFO - Processing /opt/airflow/dags/branching_user_processing.py took 0.898 seconds
[2026-01-17T07:43:41.604+0000] {processor.py:186} INFO - Started process (PID=14429) to work on /opt/airflow/dags/branching_user_processing.py
[2026-01-17T07:43:41.606+0000] {processor.py:914} INFO - Processing file /opt/airflow/dags/branching_user_processing.py for tasks to queue
[2026-01-17T07:43:41.607+0000] {logging_mixin.py:190} INFO - [2026-01-17T07:43:41.607+0000] {dagbag.py:588} INFO - Filling up the DagBag from /opt/airflow/dags/branching_user_processing.py
[2026-01-17T07:43:42.306+0000] {processor.py:925} INFO - DAG(s) 'user_processing_branch' retrieved from /opt/airflow/dags/branching_user_processing.py
[2026-01-17T07:43:42.333+0000] {logging_mixin.py:190} INFO - [2026-01-17T07:43:42.332+0000] {dag.py:3239} INFO - Sync 1 DAGs
[2026-01-17T07:43:42.355+0000] {logging_mixin.py:190} INFO - [2026-01-17T07:43:42.354+0000] {dag.py:4180} INFO - Setting next_dagrun for user_processing_branch to 2026-01-16 00:00:00+00:00, run_after=2026-01-17 00:00:00+00:00
[2026-01-17T07:43:42.375+0000] {processor.py:208} INFO - Processing /opt/airflow/dags/branching_user_processing.py took 0.780 seconds
[2026-01-17T07:44:12.872+0000] {processor.py:186} INFO - Started process (PID=14453) to work on /opt/airflow/dags/branching_user_processing.py
[2026-01-17T07:44:12.873+0000] {processor.py:914} INFO - Processing file /opt/airflow/dags/branching_user_processing.py for tasks to queue
[2026-01-17T07:44:12.875+0000] {logging_mixin.py:190} INFO - [2026-01-17T07:44:12.874+0000] {dagbag.py:588} INFO - Filling up the DagBag from /opt/airflow/dags/branching_user_processing.py
[2026-01-17T07:44:13.595+0000] {processor.py:925} INFO - DAG(s) 'user_processing_branch' retrieved from /opt/airflow/dags/branching_user_processing.py
[2026-01-17T07:44:13.619+0000] {logging_mixin.py:190} INFO - [2026-01-17T07:44:13.618+0000] {dag.py:3239} INFO - Sync 1 DAGs
[2026-01-17T07:44:13.650+0000] {logging_mixin.py:190} INFO - [2026-01-17T07:44:13.649+0000] {dag.py:4180} INFO - Setting next_dagrun for user_processing_branch to 2026-01-16 00:00:00+00:00, run_after=2026-01-17 00:00:00+00:00
[2026-01-17T07:44:13.676+0000] {processor.py:208} INFO - Processing /opt/airflow/dags/branching_user_processing.py took 0.815 seconds
[2026-01-17T07:44:43.871+0000] {processor.py:186} INFO - Started process (PID=14477) to work on /opt/airflow/dags/branching_user_processing.py
[2026-01-17T07:44:43.873+0000] {processor.py:914} INFO - Processing file /opt/airflow/dags/branching_user_processing.py for tasks to queue
[2026-01-17T07:44:43.875+0000] {logging_mixin.py:190} INFO - [2026-01-17T07:44:43.875+0000] {dagbag.py:588} INFO - Filling up the DagBag from /opt/airflow/dags/branching_user_processing.py
[2026-01-17T07:44:44.745+0000] {processor.py:925} INFO - DAG(s) 'user_processing_branch' retrieved from /opt/airflow/dags/branching_user_processing.py
[2026-01-17T07:44:44.814+0000] {logging_mixin.py:190} INFO - [2026-01-17T07:44:44.813+0000] {dag.py:3239} INFO - Sync 1 DAGs
[2026-01-17T07:44:44.868+0000] {logging_mixin.py:190} INFO - [2026-01-17T07:44:44.868+0000] {dag.py:4180} INFO - Setting next_dagrun for user_processing_branch to 2026-01-16 00:00:00+00:00, run_after=2026-01-17 00:00:00+00:00
[2026-01-17T07:44:44.901+0000] {processor.py:208} INFO - Processing /opt/airflow/dags/branching_user_processing.py took 1.044 seconds
[2026-01-17T07:45:15.338+0000] {processor.py:186} INFO - Started process (PID=14508) to work on /opt/airflow/dags/branching_user_processing.py
[2026-01-17T07:45:15.339+0000] {processor.py:914} INFO - Processing file /opt/airflow/dags/branching_user_processing.py for tasks to queue
[2026-01-17T07:45:15.341+0000] {logging_mixin.py:190} INFO - [2026-01-17T07:45:15.341+0000] {dagbag.py:588} INFO - Filling up the DagBag from /opt/airflow/dags/branching_user_processing.py
[2026-01-17T07:45:16.058+0000] {processor.py:925} INFO - DAG(s) 'user_processing_branch' retrieved from /opt/airflow/dags/branching_user_processing.py
[2026-01-17T07:45:16.104+0000] {logging_mixin.py:190} INFO - [2026-01-17T07:45:16.103+0000] {dag.py:3239} INFO - Sync 1 DAGs
[2026-01-17T07:45:16.130+0000] {logging_mixin.py:190} INFO - [2026-01-17T07:45:16.130+0000] {dag.py:4180} INFO - Setting next_dagrun for user_processing_branch to 2026-01-16 00:00:00+00:00, run_after=2026-01-17 00:00:00+00:00
[2026-01-17T07:45:16.155+0000] {processor.py:208} INFO - Processing /opt/airflow/dags/branching_user_processing.py took 0.829 seconds
[2026-01-17T07:45:46.698+0000] {processor.py:186} INFO - Started process (PID=14532) to work on /opt/airflow/dags/branching_user_processing.py
[2026-01-17T07:45:46.700+0000] {processor.py:914} INFO - Processing file /opt/airflow/dags/branching_user_processing.py for tasks to queue
[2026-01-17T07:45:46.702+0000] {logging_mixin.py:190} INFO - [2026-01-17T07:45:46.701+0000] {dagbag.py:588} INFO - Filling up the DagBag from /opt/airflow/dags/branching_user_processing.py
[2026-01-17T07:45:47.423+0000] {processor.py:925} INFO - DAG(s) 'user_processing_branch' retrieved from /opt/airflow/dags/branching_user_processing.py
[2026-01-17T07:45:47.466+0000] {logging_mixin.py:190} INFO - [2026-01-17T07:45:47.466+0000] {dag.py:3239} INFO - Sync 1 DAGs
[2026-01-17T07:45:47.503+0000] {logging_mixin.py:190} INFO - [2026-01-17T07:45:47.503+0000] {dag.py:4180} INFO - Setting next_dagrun for user_processing_branch to 2026-01-16 00:00:00+00:00, run_after=2026-01-17 00:00:00+00:00
[2026-01-17T07:45:47.536+0000] {processor.py:208} INFO - Processing /opt/airflow/dags/branching_user_processing.py took 0.848 seconds
[2026-01-17T07:46:17.946+0000] {processor.py:186} INFO - Started process (PID=14556) to work on /opt/airflow/dags/branching_user_processing.py
[2026-01-17T07:46:17.948+0000] {processor.py:914} INFO - Processing file /opt/airflow/dags/branching_user_processing.py for tasks to queue
[2026-01-17T07:46:17.949+0000] {logging_mixin.py:190} INFO - [2026-01-17T07:46:17.949+0000] {dagbag.py:588} INFO - Filling up the DagBag from /opt/airflow/dags/branching_user_processing.py
[2026-01-17T07:46:18.554+0000] {processor.py:925} INFO - DAG(s) 'user_processing_branch' retrieved from /opt/airflow/dags/branching_user_processing.py
[2026-01-17T07:46:18.578+0000] {logging_mixin.py:190} INFO - [2026-01-17T07:46:18.577+0000] {dag.py:3239} INFO - Sync 1 DAGs
[2026-01-17T07:46:18.602+0000] {logging_mixin.py:190} INFO - [2026-01-17T07:46:18.601+0000] {dag.py:4180} INFO - Setting next_dagrun for user_processing_branch to 2026-01-16 00:00:00+00:00, run_after=2026-01-17 00:00:00+00:00
[2026-01-17T07:46:18.621+0000] {processor.py:208} INFO - Processing /opt/airflow/dags/branching_user_processing.py took 0.693 seconds
[2026-01-17T07:46:48.873+0000] {processor.py:186} INFO - Started process (PID=14580) to work on /opt/airflow/dags/branching_user_processing.py
[2026-01-17T07:46:48.875+0000] {processor.py:914} INFO - Processing file /opt/airflow/dags/branching_user_processing.py for tasks to queue
[2026-01-17T07:46:48.876+0000] {logging_mixin.py:190} INFO - [2026-01-17T07:46:48.876+0000] {dagbag.py:588} INFO - Filling up the DagBag from /opt/airflow/dags/branching_user_processing.py
[2026-01-17T07:46:49.436+0000] {processor.py:925} INFO - DAG(s) 'user_processing_branch' retrieved from /opt/airflow/dags/branching_user_processing.py
[2026-01-17T07:46:49.467+0000] {logging_mixin.py:190} INFO - [2026-01-17T07:46:49.466+0000] {dag.py:3239} INFO - Sync 1 DAGs
[2026-01-17T07:46:49.496+0000] {logging_mixin.py:190} INFO - [2026-01-17T07:46:49.495+0000] {dag.py:4180} INFO - Setting next_dagrun for user_processing_branch to 2026-01-16 00:00:00+00:00, run_after=2026-01-17 00:00:00+00:00
[2026-01-17T07:46:49.518+0000] {processor.py:208} INFO - Processing /opt/airflow/dags/branching_user_processing.py took 0.656 seconds
[2026-01-17T07:47:20.159+0000] {processor.py:186} INFO - Started process (PID=14604) to work on /opt/airflow/dags/branching_user_processing.py
[2026-01-17T07:47:20.160+0000] {processor.py:914} INFO - Processing file /opt/airflow/dags/branching_user_processing.py for tasks to queue
[2026-01-17T07:47:20.162+0000] {logging_mixin.py:190} INFO - [2026-01-17T07:47:20.162+0000] {dagbag.py:588} INFO - Filling up the DagBag from /opt/airflow/dags/branching_user_processing.py
[2026-01-17T07:47:20.787+0000] {processor.py:925} INFO - DAG(s) 'user_processing_branch' retrieved from /opt/airflow/dags/branching_user_processing.py
[2026-01-17T07:47:20.825+0000] {logging_mixin.py:190} INFO - [2026-01-17T07:47:20.825+0000] {dag.py:3239} INFO - Sync 1 DAGs
[2026-01-17T07:47:20.851+0000] {logging_mixin.py:190} INFO - [2026-01-17T07:47:20.850+0000] {dag.py:4180} INFO - Setting next_dagrun for user_processing_branch to 2026-01-16 00:00:00+00:00, run_after=2026-01-17 00:00:00+00:00
[2026-01-17T07:47:20.872+0000] {processor.py:208} INFO - Processing /opt/airflow/dags/branching_user_processing.py took 0.724 seconds
[2026-01-17T07:47:51.119+0000] {processor.py:186} INFO - Started process (PID=14628) to work on /opt/airflow/dags/branching_user_processing.py
[2026-01-17T07:47:51.121+0000] {processor.py:914} INFO - Processing file /opt/airflow/dags/branching_user_processing.py for tasks to queue
[2026-01-17T07:47:51.122+0000] {logging_mixin.py:190} INFO - [2026-01-17T07:47:51.122+0000] {dagbag.py:588} INFO - Filling up the DagBag from /opt/airflow/dags/branching_user_processing.py
[2026-01-17T07:47:51.646+0000] {processor.py:925} INFO - DAG(s) 'user_processing_branch' retrieved from /opt/airflow/dags/branching_user_processing.py
[2026-01-17T07:47:51.674+0000] {logging_mixin.py:190} INFO - [2026-01-17T07:47:51.674+0000] {dag.py:3239} INFO - Sync 1 DAGs
[2026-01-17T07:47:51.697+0000] {logging_mixin.py:190} INFO - [2026-01-17T07:47:51.696+0000] {dag.py:4180} INFO - Setting next_dagrun for user_processing_branch to 2026-01-16 00:00:00+00:00, run_after=2026-01-17 00:00:00+00:00
[2026-01-17T07:47:51.721+0000] {processor.py:208} INFO - Processing /opt/airflow/dags/branching_user_processing.py took 0.613 seconds
[2026-01-17T07:48:22.139+0000] {processor.py:186} INFO - Started process (PID=14652) to work on /opt/airflow/dags/branching_user_processing.py
[2026-01-17T07:48:22.140+0000] {processor.py:914} INFO - Processing file /opt/airflow/dags/branching_user_processing.py for tasks to queue
[2026-01-17T07:48:22.141+0000] {logging_mixin.py:190} INFO - [2026-01-17T07:48:22.141+0000] {dagbag.py:588} INFO - Filling up the DagBag from /opt/airflow/dags/branching_user_processing.py
[2026-01-17T07:48:22.686+0000] {processor.py:925} INFO - DAG(s) 'user_processing_branch' retrieved from /opt/airflow/dags/branching_user_processing.py
[2026-01-17T07:48:22.713+0000] {logging_mixin.py:190} INFO - [2026-01-17T07:48:22.712+0000] {dag.py:3239} INFO - Sync 1 DAGs
[2026-01-17T07:48:22.736+0000] {logging_mixin.py:190} INFO - [2026-01-17T07:48:22.736+0000] {dag.py:4180} INFO - Setting next_dagrun for user_processing_branch to 2026-01-16 00:00:00+00:00, run_after=2026-01-17 00:00:00+00:00
[2026-01-17T07:48:22.765+0000] {processor.py:208} INFO - Processing /opt/airflow/dags/branching_user_processing.py took 0.637 seconds
[2026-01-17T07:48:53.529+0000] {processor.py:186} INFO - Started process (PID=14676) to work on /opt/airflow/dags/branching_user_processing.py
[2026-01-17T07:48:53.530+0000] {processor.py:914} INFO - Processing file /opt/airflow/dags/branching_user_processing.py for tasks to queue
[2026-01-17T07:48:53.532+0000] {logging_mixin.py:190} INFO - [2026-01-17T07:48:53.531+0000] {dagbag.py:588} INFO - Filling up the DagBag from /opt/airflow/dags/branching_user_processing.py
[2026-01-17T07:48:54.082+0000] {processor.py:925} INFO - DAG(s) 'user_processing_branch' retrieved from /opt/airflow/dags/branching_user_processing.py
[2026-01-17T07:48:54.116+0000] {logging_mixin.py:190} INFO - [2026-01-17T07:48:54.116+0000] {dag.py:3239} INFO - Sync 1 DAGs
[2026-01-17T07:48:54.142+0000] {logging_mixin.py:190} INFO - [2026-01-17T07:48:54.142+0000] {dag.py:4180} INFO - Setting next_dagrun for user_processing_branch to 2026-01-16 00:00:00+00:00, run_after=2026-01-17 00:00:00+00:00
[2026-01-17T07:48:54.159+0000] {processor.py:208} INFO - Processing /opt/airflow/dags/branching_user_processing.py took 0.641 seconds
[2026-01-17T07:49:24.431+0000] {processor.py:186} INFO - Started process (PID=14700) to work on /opt/airflow/dags/branching_user_processing.py
[2026-01-17T07:49:24.433+0000] {processor.py:914} INFO - Processing file /opt/airflow/dags/branching_user_processing.py for tasks to queue
[2026-01-17T07:49:24.434+0000] {logging_mixin.py:190} INFO - [2026-01-17T07:49:24.434+0000] {dagbag.py:588} INFO - Filling up the DagBag from /opt/airflow/dags/branching_user_processing.py
[2026-01-17T07:49:24.991+0000] {processor.py:925} INFO - DAG(s) 'user_processing_branch' retrieved from /opt/airflow/dags/branching_user_processing.py
[2026-01-17T07:49:25.026+0000] {logging_mixin.py:190} INFO - [2026-01-17T07:49:25.025+0000] {dag.py:3239} INFO - Sync 1 DAGs
[2026-01-17T07:49:25.058+0000] {logging_mixin.py:190} INFO - [2026-01-17T07:49:25.058+0000] {dag.py:4180} INFO - Setting next_dagrun for user_processing_branch to 2026-01-16 00:00:00+00:00, run_after=2026-01-17 00:00:00+00:00
[2026-01-17T07:49:25.077+0000] {processor.py:208} INFO - Processing /opt/airflow/dags/branching_user_processing.py took 0.657 seconds
[2026-01-17T07:49:55.344+0000] {processor.py:186} INFO - Started process (PID=14725) to work on /opt/airflow/dags/branching_user_processing.py
[2026-01-17T07:49:55.345+0000] {processor.py:914} INFO - Processing file /opt/airflow/dags/branching_user_processing.py for tasks to queue
[2026-01-17T07:49:55.346+0000] {logging_mixin.py:190} INFO - [2026-01-17T07:49:55.346+0000] {dagbag.py:588} INFO - Filling up the DagBag from /opt/airflow/dags/branching_user_processing.py
[2026-01-17T07:49:55.848+0000] {processor.py:925} INFO - DAG(s) 'user_processing_branch' retrieved from /opt/airflow/dags/branching_user_processing.py
[2026-01-17T07:49:55.872+0000] {logging_mixin.py:190} INFO - [2026-01-17T07:49:55.871+0000] {dag.py:3239} INFO - Sync 1 DAGs
[2026-01-17T07:49:55.901+0000] {logging_mixin.py:190} INFO - [2026-01-17T07:49:55.901+0000] {dag.py:4180} INFO - Setting next_dagrun for user_processing_branch to 2026-01-16 00:00:00+00:00, run_after=2026-01-17 00:00:00+00:00
[2026-01-17T07:49:55.921+0000] {processor.py:208} INFO - Processing /opt/airflow/dags/branching_user_processing.py took 0.587 seconds
[2026-01-17T07:50:26.286+0000] {processor.py:186} INFO - Started process (PID=14749) to work on /opt/airflow/dags/branching_user_processing.py
[2026-01-17T07:50:26.287+0000] {processor.py:914} INFO - Processing file /opt/airflow/dags/branching_user_processing.py for tasks to queue
[2026-01-17T07:50:26.289+0000] {logging_mixin.py:190} INFO - [2026-01-17T07:50:26.289+0000] {dagbag.py:588} INFO - Filling up the DagBag from /opt/airflow/dags/branching_user_processing.py
[2026-01-17T07:50:26.928+0000] {processor.py:925} INFO - DAG(s) 'user_processing_branch' retrieved from /opt/airflow/dags/branching_user_processing.py
[2026-01-17T07:50:26.957+0000] {logging_mixin.py:190} INFO - [2026-01-17T07:50:26.957+0000] {dag.py:3239} INFO - Sync 1 DAGs
[2026-01-17T07:50:26.982+0000] {logging_mixin.py:190} INFO - [2026-01-17T07:50:26.981+0000] {dag.py:4180} INFO - Setting next_dagrun for user_processing_branch to 2026-01-16 00:00:00+00:00, run_after=2026-01-17 00:00:00+00:00
[2026-01-17T07:50:27.003+0000] {processor.py:208} INFO - Processing /opt/airflow/dags/branching_user_processing.py took 0.728 seconds
[2026-01-17T07:50:57.363+0000] {processor.py:186} INFO - Started process (PID=14773) to work on /opt/airflow/dags/branching_user_processing.py
[2026-01-17T07:50:57.364+0000] {processor.py:914} INFO - Processing file /opt/airflow/dags/branching_user_processing.py for tasks to queue
[2026-01-17T07:50:57.366+0000] {logging_mixin.py:190} INFO - [2026-01-17T07:50:57.365+0000] {dagbag.py:588} INFO - Filling up the DagBag from /opt/airflow/dags/branching_user_processing.py
[2026-01-17T07:50:57.987+0000] {processor.py:925} INFO - DAG(s) 'user_processing_branch' retrieved from /opt/airflow/dags/branching_user_processing.py
[2026-01-17T07:50:58.016+0000] {logging_mixin.py:190} INFO - [2026-01-17T07:50:58.015+0000] {dag.py:3239} INFO - Sync 1 DAGs
[2026-01-17T07:50:58.047+0000] {logging_mixin.py:190} INFO - [2026-01-17T07:50:58.047+0000] {dag.py:4180} INFO - Setting next_dagrun for user_processing_branch to 2026-01-16 00:00:00+00:00, run_after=2026-01-17 00:00:00+00:00
[2026-01-17T07:50:58.071+0000] {processor.py:208} INFO - Processing /opt/airflow/dags/branching_user_processing.py took 0.721 seconds
[2026-01-17T07:51:28.362+0000] {processor.py:186} INFO - Started process (PID=14797) to work on /opt/airflow/dags/branching_user_processing.py
[2026-01-17T07:51:28.364+0000] {processor.py:914} INFO - Processing file /opt/airflow/dags/branching_user_processing.py for tasks to queue
[2026-01-17T07:51:28.365+0000] {logging_mixin.py:190} INFO - [2026-01-17T07:51:28.365+0000] {dagbag.py:588} INFO - Filling up the DagBag from /opt/airflow/dags/branching_user_processing.py
[2026-01-17T07:51:28.918+0000] {processor.py:925} INFO - DAG(s) 'user_processing_branch' retrieved from /opt/airflow/dags/branching_user_processing.py
[2026-01-17T07:51:28.945+0000] {logging_mixin.py:190} INFO - [2026-01-17T07:51:28.945+0000] {dag.py:3239} INFO - Sync 1 DAGs
[2026-01-17T07:51:28.969+0000] {logging_mixin.py:190} INFO - [2026-01-17T07:51:28.968+0000] {dag.py:4180} INFO - Setting next_dagrun for user_processing_branch to 2026-01-16 00:00:00+00:00, run_after=2026-01-17 00:00:00+00:00
[2026-01-17T07:51:28.988+0000] {processor.py:208} INFO - Processing /opt/airflow/dags/branching_user_processing.py took 0.636 seconds
[2026-01-17T07:51:59.327+0000] {processor.py:186} INFO - Started process (PID=14821) to work on /opt/airflow/dags/branching_user_processing.py
[2026-01-17T07:51:59.329+0000] {processor.py:914} INFO - Processing file /opt/airflow/dags/branching_user_processing.py for tasks to queue
[2026-01-17T07:51:59.331+0000] {logging_mixin.py:190} INFO - [2026-01-17T07:51:59.331+0000] {dagbag.py:588} INFO - Filling up the DagBag from /opt/airflow/dags/branching_user_processing.py
[2026-01-17T07:51:59.923+0000] {processor.py:925} INFO - DAG(s) 'user_processing_branch' retrieved from /opt/airflow/dags/branching_user_processing.py
[2026-01-17T07:51:59.948+0000] {logging_mixin.py:190} INFO - [2026-01-17T07:51:59.947+0000] {dag.py:3239} INFO - Sync 1 DAGs
[2026-01-17T07:51:59.968+0000] {logging_mixin.py:190} INFO - [2026-01-17T07:51:59.968+0000] {dag.py:4180} INFO - Setting next_dagrun for user_processing_branch to 2026-01-16 00:00:00+00:00, run_after=2026-01-17 00:00:00+00:00
[2026-01-17T07:51:59.986+0000] {processor.py:208} INFO - Processing /opt/airflow/dags/branching_user_processing.py took 0.673 seconds
[2026-01-17T07:52:30.316+0000] {processor.py:186} INFO - Started process (PID=14845) to work on /opt/airflow/dags/branching_user_processing.py
[2026-01-17T07:52:30.317+0000] {processor.py:914} INFO - Processing file /opt/airflow/dags/branching_user_processing.py for tasks to queue
[2026-01-17T07:52:30.319+0000] {logging_mixin.py:190} INFO - [2026-01-17T07:52:30.318+0000] {dagbag.py:588} INFO - Filling up the DagBag from /opt/airflow/dags/branching_user_processing.py
[2026-01-17T07:52:30.994+0000] {processor.py:925} INFO - DAG(s) 'user_processing_branch' retrieved from /opt/airflow/dags/branching_user_processing.py
[2026-01-17T07:52:31.023+0000] {logging_mixin.py:190} INFO - [2026-01-17T07:52:31.022+0000] {dag.py:3239} INFO - Sync 1 DAGs
[2026-01-17T07:52:31.049+0000] {logging_mixin.py:190} INFO - [2026-01-17T07:52:31.048+0000] {dag.py:4180} INFO - Setting next_dagrun for user_processing_branch to 2026-01-16 00:00:00+00:00, run_after=2026-01-17 00:00:00+00:00
[2026-01-17T07:52:31.071+0000] {processor.py:208} INFO - Processing /opt/airflow/dags/branching_user_processing.py took 0.766 seconds
[2026-01-17T07:53:01.456+0000] {processor.py:186} INFO - Started process (PID=14869) to work on /opt/airflow/dags/branching_user_processing.py
[2026-01-17T07:53:01.457+0000] {processor.py:914} INFO - Processing file /opt/airflow/dags/branching_user_processing.py for tasks to queue
[2026-01-17T07:53:01.459+0000] {logging_mixin.py:190} INFO - [2026-01-17T07:53:01.459+0000] {dagbag.py:588} INFO - Filling up the DagBag from /opt/airflow/dags/branching_user_processing.py
[2026-01-17T07:53:01.994+0000] {processor.py:925} INFO - DAG(s) 'user_processing_branch' retrieved from /opt/airflow/dags/branching_user_processing.py
[2026-01-17T07:53:02.022+0000] {logging_mixin.py:190} INFO - [2026-01-17T07:53:02.021+0000] {dag.py:3239} INFO - Sync 1 DAGs
[2026-01-17T07:53:02.056+0000] {logging_mixin.py:190} INFO - [2026-01-17T07:53:02.055+0000] {dag.py:4180} INFO - Setting next_dagrun for user_processing_branch to 2026-01-16 00:00:00+00:00, run_after=2026-01-17 00:00:00+00:00
[2026-01-17T07:53:02.087+0000] {processor.py:208} INFO - Processing /opt/airflow/dags/branching_user_processing.py took 0.642 seconds
[2026-01-17T07:53:32.152+0000] {processor.py:186} INFO - Started process (PID=14892) to work on /opt/airflow/dags/branching_user_processing.py
[2026-01-17T07:53:32.153+0000] {processor.py:914} INFO - Processing file /opt/airflow/dags/branching_user_processing.py for tasks to queue
[2026-01-17T07:53:32.154+0000] {logging_mixin.py:190} INFO - [2026-01-17T07:53:32.154+0000] {dagbag.py:588} INFO - Filling up the DagBag from /opt/airflow/dags/branching_user_processing.py
[2026-01-17T07:53:32.610+0000] {processor.py:925} INFO - DAG(s) 'user_processing_branch' retrieved from /opt/airflow/dags/branching_user_processing.py
[2026-01-17T07:53:32.635+0000] {logging_mixin.py:190} INFO - [2026-01-17T07:53:32.634+0000] {dag.py:3239} INFO - Sync 1 DAGs
[2026-01-17T07:53:32.654+0000] {logging_mixin.py:190} INFO - [2026-01-17T07:53:32.654+0000] {dag.py:4180} INFO - Setting next_dagrun for user_processing_branch to 2026-01-16 00:00:00+00:00, run_after=2026-01-17 00:00:00+00:00
[2026-01-17T07:53:32.679+0000] {processor.py:208} INFO - Processing /opt/airflow/dags/branching_user_processing.py took 0.537 seconds
[2026-01-17T07:54:03.572+0000] {processor.py:186} INFO - Started process (PID=14917) to work on /opt/airflow/dags/branching_user_processing.py
[2026-01-17T07:54:03.573+0000] {processor.py:914} INFO - Processing file /opt/airflow/dags/branching_user_processing.py for tasks to queue
[2026-01-17T07:54:03.575+0000] {logging_mixin.py:190} INFO - [2026-01-17T07:54:03.575+0000] {dagbag.py:588} INFO - Filling up the DagBag from /opt/airflow/dags/branching_user_processing.py
[2026-01-17T07:54:04.096+0000] {processor.py:925} INFO - DAG(s) 'user_processing_branch' retrieved from /opt/airflow/dags/branching_user_processing.py
[2026-01-17T07:54:04.118+0000] {logging_mixin.py:190} INFO - [2026-01-17T07:54:04.118+0000] {dag.py:3239} INFO - Sync 1 DAGs
[2026-01-17T07:54:04.138+0000] {logging_mixin.py:190} INFO - [2026-01-17T07:54:04.137+0000] {dag.py:4180} INFO - Setting next_dagrun for user_processing_branch to 2026-01-16 00:00:00+00:00, run_after=2026-01-17 00:00:00+00:00
[2026-01-17T07:54:04.157+0000] {processor.py:208} INFO - Processing /opt/airflow/dags/branching_user_processing.py took 0.599 seconds
[2026-01-17T07:54:34.467+0000] {processor.py:186} INFO - Started process (PID=14942) to work on /opt/airflow/dags/branching_user_processing.py
[2026-01-17T07:54:34.468+0000] {processor.py:914} INFO - Processing file /opt/airflow/dags/branching_user_processing.py for tasks to queue
[2026-01-17T07:54:34.470+0000] {logging_mixin.py:190} INFO - [2026-01-17T07:54:34.470+0000] {dagbag.py:588} INFO - Filling up the DagBag from /opt/airflow/dags/branching_user_processing.py
[2026-01-17T07:54:35.081+0000] {processor.py:925} INFO - DAG(s) 'user_processing_branch' retrieved from /opt/airflow/dags/branching_user_processing.py
[2026-01-17T07:54:35.113+0000] {logging_mixin.py:190} INFO - [2026-01-17T07:54:35.112+0000] {dag.py:3239} INFO - Sync 1 DAGs
[2026-01-17T07:54:35.140+0000] {logging_mixin.py:190} INFO - [2026-01-17T07:54:35.140+0000] {dag.py:4180} INFO - Setting next_dagrun for user_processing_branch to 2026-01-16 00:00:00+00:00, run_after=2026-01-17 00:00:00+00:00
[2026-01-17T07:54:35.169+0000] {processor.py:208} INFO - Processing /opt/airflow/dags/branching_user_processing.py took 0.714 seconds
[2026-01-17T07:55:05.741+0000] {processor.py:186} INFO - Started process (PID=14965) to work on /opt/airflow/dags/branching_user_processing.py
[2026-01-17T07:55:05.742+0000] {processor.py:914} INFO - Processing file /opt/airflow/dags/branching_user_processing.py for tasks to queue
[2026-01-17T07:55:05.744+0000] {logging_mixin.py:190} INFO - [2026-01-17T07:55:05.744+0000] {dagbag.py:588} INFO - Filling up the DagBag from /opt/airflow/dags/branching_user_processing.py
[2026-01-17T07:55:06.338+0000] {processor.py:925} INFO - DAG(s) 'user_processing_branch' retrieved from /opt/airflow/dags/branching_user_processing.py
[2026-01-17T07:55:06.373+0000] {logging_mixin.py:190} INFO - [2026-01-17T07:55:06.372+0000] {dag.py:3239} INFO - Sync 1 DAGs
[2026-01-17T07:55:06.403+0000] {logging_mixin.py:190} INFO - [2026-01-17T07:55:06.402+0000] {dag.py:4180} INFO - Setting next_dagrun for user_processing_branch to 2026-01-16 00:00:00+00:00, run_after=2026-01-17 00:00:00+00:00
[2026-01-17T07:55:06.422+0000] {processor.py:208} INFO - Processing /opt/airflow/dags/branching_user_processing.py took 0.691 seconds
[2026-01-17T07:55:36.808+0000] {processor.py:186} INFO - Started process (PID=14989) to work on /opt/airflow/dags/branching_user_processing.py
[2026-01-17T07:55:36.809+0000] {processor.py:914} INFO - Processing file /opt/airflow/dags/branching_user_processing.py for tasks to queue
[2026-01-17T07:55:36.811+0000] {logging_mixin.py:190} INFO - [2026-01-17T07:55:36.810+0000] {dagbag.py:588} INFO - Filling up the DagBag from /opt/airflow/dags/branching_user_processing.py
[2026-01-17T07:55:37.317+0000] {processor.py:925} INFO - DAG(s) 'user_processing_branch' retrieved from /opt/airflow/dags/branching_user_processing.py
[2026-01-17T07:55:37.348+0000] {logging_mixin.py:190} INFO - [2026-01-17T07:55:37.348+0000] {dag.py:3239} INFO - Sync 1 DAGs
[2026-01-17T07:55:37.379+0000] {logging_mixin.py:190} INFO - [2026-01-17T07:55:37.378+0000] {dag.py:4180} INFO - Setting next_dagrun for user_processing_branch to 2026-01-16 00:00:00+00:00, run_after=2026-01-17 00:00:00+00:00
[2026-01-17T07:55:37.412+0000] {processor.py:208} INFO - Processing /opt/airflow/dags/branching_user_processing.py took 0.612 seconds
[2026-01-17T07:56:08.002+0000] {processor.py:186} INFO - Started process (PID=15013) to work on /opt/airflow/dags/branching_user_processing.py
[2026-01-17T07:56:08.004+0000] {processor.py:914} INFO - Processing file /opt/airflow/dags/branching_user_processing.py for tasks to queue
[2026-01-17T07:56:08.006+0000] {logging_mixin.py:190} INFO - [2026-01-17T07:56:08.005+0000] {dagbag.py:588} INFO - Filling up the DagBag from /opt/airflow/dags/branching_user_processing.py
[2026-01-17T07:56:08.608+0000] {processor.py:925} INFO - DAG(s) 'user_processing_branch' retrieved from /opt/airflow/dags/branching_user_processing.py
[2026-01-17T07:56:08.631+0000] {logging_mixin.py:190} INFO - [2026-01-17T07:56:08.631+0000] {dag.py:3239} INFO - Sync 1 DAGs
[2026-01-17T07:56:08.653+0000] {logging_mixin.py:190} INFO - [2026-01-17T07:56:08.653+0000] {dag.py:4180} INFO - Setting next_dagrun for user_processing_branch to 2026-01-16 00:00:00+00:00, run_after=2026-01-17 00:00:00+00:00
[2026-01-17T07:56:08.676+0000] {processor.py:208} INFO - Processing /opt/airflow/dags/branching_user_processing.py took 0.691 seconds
[2026-01-17T07:56:38.948+0000] {processor.py:186} INFO - Started process (PID=15038) to work on /opt/airflow/dags/branching_user_processing.py
[2026-01-17T07:56:38.950+0000] {processor.py:914} INFO - Processing file /opt/airflow/dags/branching_user_processing.py for tasks to queue
[2026-01-17T07:56:38.951+0000] {logging_mixin.py:190} INFO - [2026-01-17T07:56:38.951+0000] {dagbag.py:588} INFO - Filling up the DagBag from /opt/airflow/dags/branching_user_processing.py
[2026-01-17T07:56:39.523+0000] {processor.py:925} INFO - DAG(s) 'user_processing_branch' retrieved from /opt/airflow/dags/branching_user_processing.py
[2026-01-17T07:56:39.548+0000] {logging_mixin.py:190} INFO - [2026-01-17T07:56:39.547+0000] {dag.py:3239} INFO - Sync 1 DAGs
[2026-01-17T07:56:39.569+0000] {logging_mixin.py:190} INFO - [2026-01-17T07:56:39.569+0000] {dag.py:4180} INFO - Setting next_dagrun for user_processing_branch to 2026-01-16 00:00:00+00:00, run_after=2026-01-17 00:00:00+00:00
[2026-01-17T07:56:39.591+0000] {processor.py:208} INFO - Processing /opt/airflow/dags/branching_user_processing.py took 0.652 seconds
[2026-01-17T07:57:09.750+0000] {processor.py:186} INFO - Started process (PID=15062) to work on /opt/airflow/dags/branching_user_processing.py
[2026-01-17T07:57:09.751+0000] {processor.py:914} INFO - Processing file /opt/airflow/dags/branching_user_processing.py for tasks to queue
[2026-01-17T07:57:09.753+0000] {logging_mixin.py:190} INFO - [2026-01-17T07:57:09.752+0000] {dagbag.py:588} INFO - Filling up the DagBag from /opt/airflow/dags/branching_user_processing.py
[2026-01-17T07:57:10.309+0000] {processor.py:925} INFO - DAG(s) 'user_processing_branch' retrieved from /opt/airflow/dags/branching_user_processing.py
[2026-01-17T07:57:10.334+0000] {logging_mixin.py:190} INFO - [2026-01-17T07:57:10.334+0000] {dag.py:3239} INFO - Sync 1 DAGs
[2026-01-17T07:57:10.357+0000] {logging_mixin.py:190} INFO - [2026-01-17T07:57:10.357+0000] {dag.py:4180} INFO - Setting next_dagrun for user_processing_branch to 2026-01-16 00:00:00+00:00, run_after=2026-01-17 00:00:00+00:00
[2026-01-17T07:57:10.373+0000] {processor.py:208} INFO - Processing /opt/airflow/dags/branching_user_processing.py took 0.631 seconds
[2026-01-17T07:57:40.704+0000] {processor.py:186} INFO - Started process (PID=15085) to work on /opt/airflow/dags/branching_user_processing.py
[2026-01-17T07:57:40.705+0000] {processor.py:914} INFO - Processing file /opt/airflow/dags/branching_user_processing.py for tasks to queue
[2026-01-17T07:57:40.707+0000] {logging_mixin.py:190} INFO - [2026-01-17T07:57:40.707+0000] {dagbag.py:588} INFO - Filling up the DagBag from /opt/airflow/dags/branching_user_processing.py
[2026-01-17T07:57:41.331+0000] {processor.py:925} INFO - DAG(s) 'user_processing_branch' retrieved from /opt/airflow/dags/branching_user_processing.py
[2026-01-17T07:57:41.359+0000] {logging_mixin.py:190} INFO - [2026-01-17T07:57:41.359+0000] {dag.py:3239} INFO - Sync 1 DAGs
[2026-01-17T07:57:41.383+0000] {logging_mixin.py:190} INFO - [2026-01-17T07:57:41.382+0000] {dag.py:4180} INFO - Setting next_dagrun for user_processing_branch to 2026-01-16 00:00:00+00:00, run_after=2026-01-17 00:00:00+00:00
[2026-01-17T07:57:41.406+0000] {processor.py:208} INFO - Processing /opt/airflow/dags/branching_user_processing.py took 0.712 seconds
[2026-01-17T07:58:11.609+0000] {processor.py:186} INFO - Started process (PID=15109) to work on /opt/airflow/dags/branching_user_processing.py
[2026-01-17T07:58:11.610+0000] {processor.py:914} INFO - Processing file /opt/airflow/dags/branching_user_processing.py for tasks to queue
[2026-01-17T07:58:11.612+0000] {logging_mixin.py:190} INFO - [2026-01-17T07:58:11.612+0000] {dagbag.py:588} INFO - Filling up the DagBag from /opt/airflow/dags/branching_user_processing.py
[2026-01-17T07:58:12.274+0000] {processor.py:925} INFO - DAG(s) 'user_processing_branch' retrieved from /opt/airflow/dags/branching_user_processing.py
[2026-01-17T07:58:12.303+0000] {logging_mixin.py:190} INFO - [2026-01-17T07:58:12.303+0000] {dag.py:3239} INFO - Sync 1 DAGs
[2026-01-17T07:58:12.338+0000] {logging_mixin.py:190} INFO - [2026-01-17T07:58:12.338+0000] {dag.py:4180} INFO - Setting next_dagrun for user_processing_branch to 2026-01-16 00:00:00+00:00, run_after=2026-01-17 00:00:00+00:00
[2026-01-17T07:58:12.359+0000] {processor.py:208} INFO - Processing /opt/airflow/dags/branching_user_processing.py took 0.760 seconds
[2026-01-17T07:58:42.770+0000] {processor.py:186} INFO - Started process (PID=15133) to work on /opt/airflow/dags/branching_user_processing.py
[2026-01-17T07:58:42.771+0000] {processor.py:914} INFO - Processing file /opt/airflow/dags/branching_user_processing.py for tasks to queue
[2026-01-17T07:58:42.772+0000] {logging_mixin.py:190} INFO - [2026-01-17T07:58:42.772+0000] {dagbag.py:588} INFO - Filling up the DagBag from /opt/airflow/dags/branching_user_processing.py
[2026-01-17T07:58:43.322+0000] {processor.py:925} INFO - DAG(s) 'user_processing_branch' retrieved from /opt/airflow/dags/branching_user_processing.py
[2026-01-17T07:58:43.352+0000] {logging_mixin.py:190} INFO - [2026-01-17T07:58:43.352+0000] {dag.py:3239} INFO - Sync 1 DAGs
[2026-01-17T07:58:43.383+0000] {logging_mixin.py:190} INFO - [2026-01-17T07:58:43.383+0000] {dag.py:4180} INFO - Setting next_dagrun for user_processing_branch to 2026-01-16 00:00:00+00:00, run_after=2026-01-17 00:00:00+00:00
[2026-01-17T07:58:43.406+0000] {processor.py:208} INFO - Processing /opt/airflow/dags/branching_user_processing.py took 0.646 seconds
[2026-01-17T07:59:13.571+0000] {processor.py:186} INFO - Started process (PID=15157) to work on /opt/airflow/dags/branching_user_processing.py
[2026-01-17T07:59:13.572+0000] {processor.py:914} INFO - Processing file /opt/airflow/dags/branching_user_processing.py for tasks to queue
[2026-01-17T07:59:13.574+0000] {logging_mixin.py:190} INFO - [2026-01-17T07:59:13.573+0000] {dagbag.py:588} INFO - Filling up the DagBag from /opt/airflow/dags/branching_user_processing.py
[2026-01-17T07:59:14.314+0000] {processor.py:925} INFO - DAG(s) 'user_processing_branch' retrieved from /opt/airflow/dags/branching_user_processing.py
[2026-01-17T07:59:14.347+0000] {logging_mixin.py:190} INFO - [2026-01-17T07:59:14.347+0000] {dag.py:3239} INFO - Sync 1 DAGs
[2026-01-17T07:59:14.394+0000] {logging_mixin.py:190} INFO - [2026-01-17T07:59:14.393+0000] {dag.py:4180} INFO - Setting next_dagrun for user_processing_branch to 2026-01-16 00:00:00+00:00, run_after=2026-01-17 00:00:00+00:00
[2026-01-17T07:59:14.415+0000] {processor.py:208} INFO - Processing /opt/airflow/dags/branching_user_processing.py took 0.855 seconds
[2026-01-17T07:59:44.650+0000] {processor.py:186} INFO - Started process (PID=15181) to work on /opt/airflow/dags/branching_user_processing.py
[2026-01-17T07:59:44.652+0000] {processor.py:914} INFO - Processing file /opt/airflow/dags/branching_user_processing.py for tasks to queue
[2026-01-17T07:59:44.654+0000] {logging_mixin.py:190} INFO - [2026-01-17T07:59:44.653+0000] {dagbag.py:588} INFO - Filling up the DagBag from /opt/airflow/dags/branching_user_processing.py
[2026-01-17T07:59:45.431+0000] {processor.py:925} INFO - DAG(s) 'user_processing_branch' retrieved from /opt/airflow/dags/branching_user_processing.py
[2026-01-17T07:59:45.471+0000] {logging_mixin.py:190} INFO - [2026-01-17T07:59:45.470+0000] {dag.py:3239} INFO - Sync 1 DAGs
[2026-01-17T07:59:45.513+0000] {logging_mixin.py:190} INFO - [2026-01-17T07:59:45.512+0000] {dag.py:4180} INFO - Setting next_dagrun for user_processing_branch to 2026-01-16 00:00:00+00:00, run_after=2026-01-17 00:00:00+00:00
[2026-01-17T07:59:45.543+0000] {processor.py:208} INFO - Processing /opt/airflow/dags/branching_user_processing.py took 0.905 seconds
[2026-01-17T08:00:15.816+0000] {processor.py:186} INFO - Started process (PID=15205) to work on /opt/airflow/dags/branching_user_processing.py
[2026-01-17T08:00:15.817+0000] {processor.py:914} INFO - Processing file /opt/airflow/dags/branching_user_processing.py for tasks to queue
[2026-01-17T08:00:15.819+0000] {logging_mixin.py:190} INFO - [2026-01-17T08:00:15.819+0000] {dagbag.py:588} INFO - Filling up the DagBag from /opt/airflow/dags/branching_user_processing.py
[2026-01-17T08:00:16.474+0000] {processor.py:925} INFO - DAG(s) 'user_processing_branch' retrieved from /opt/airflow/dags/branching_user_processing.py
[2026-01-17T08:00:16.500+0000] {logging_mixin.py:190} INFO - [2026-01-17T08:00:16.499+0000] {dag.py:3239} INFO - Sync 1 DAGs
[2026-01-17T08:00:16.522+0000] {logging_mixin.py:190} INFO - [2026-01-17T08:00:16.522+0000] {dag.py:4180} INFO - Setting next_dagrun for user_processing_branch to 2026-01-16 00:00:00+00:00, run_after=2026-01-17 00:00:00+00:00
[2026-01-17T08:00:16.540+0000] {processor.py:208} INFO - Processing /opt/airflow/dags/branching_user_processing.py took 0.738 seconds
[2026-01-17T08:00:46.939+0000] {processor.py:186} INFO - Started process (PID=15229) to work on /opt/airflow/dags/branching_user_processing.py
[2026-01-17T08:00:46.940+0000] {processor.py:914} INFO - Processing file /opt/airflow/dags/branching_user_processing.py for tasks to queue
[2026-01-17T08:00:46.942+0000] {logging_mixin.py:190} INFO - [2026-01-17T08:00:46.941+0000] {dagbag.py:588} INFO - Filling up the DagBag from /opt/airflow/dags/branching_user_processing.py
[2026-01-17T08:00:47.551+0000] {processor.py:925} INFO - DAG(s) 'user_processing_branch' retrieved from /opt/airflow/dags/branching_user_processing.py
[2026-01-17T08:00:47.583+0000] {logging_mixin.py:190} INFO - [2026-01-17T08:00:47.582+0000] {dag.py:3239} INFO - Sync 1 DAGs
[2026-01-17T08:00:47.611+0000] {logging_mixin.py:190} INFO - [2026-01-17T08:00:47.611+0000] {dag.py:4180} INFO - Setting next_dagrun for user_processing_branch to 2026-01-16 00:00:00+00:00, run_after=2026-01-17 00:00:00+00:00
[2026-01-17T08:00:47.640+0000] {processor.py:208} INFO - Processing /opt/airflow/dags/branching_user_processing.py took 0.710 seconds
[2026-01-17T08:01:18.195+0000] {processor.py:186} INFO - Started process (PID=15259) to work on /opt/airflow/dags/branching_user_processing.py
[2026-01-17T08:01:18.197+0000] {processor.py:914} INFO - Processing file /opt/airflow/dags/branching_user_processing.py for tasks to queue
[2026-01-17T08:01:18.198+0000] {logging_mixin.py:190} INFO - [2026-01-17T08:01:18.198+0000] {dagbag.py:588} INFO - Filling up the DagBag from /opt/airflow/dags/branching_user_processing.py
[2026-01-17T08:01:18.817+0000] {processor.py:925} INFO - DAG(s) 'user_processing_branch' retrieved from /opt/airflow/dags/branching_user_processing.py
[2026-01-17T08:01:18.838+0000] {logging_mixin.py:190} INFO - [2026-01-17T08:01:18.837+0000] {dag.py:3239} INFO - Sync 1 DAGs
[2026-01-17T08:01:18.861+0000] {logging_mixin.py:190} INFO - [2026-01-17T08:01:18.861+0000] {dag.py:4180} INFO - Setting next_dagrun for user_processing_branch to 2026-01-16 00:00:00+00:00, run_after=2026-01-17 00:00:00+00:00
[2026-01-17T08:01:18.882+0000] {processor.py:208} INFO - Processing /opt/airflow/dags/branching_user_processing.py took 0.698 seconds
[2026-01-17T08:01:49.200+0000] {processor.py:186} INFO - Started process (PID=15283) to work on /opt/airflow/dags/branching_user_processing.py
[2026-01-17T08:01:49.201+0000] {processor.py:914} INFO - Processing file /opt/airflow/dags/branching_user_processing.py for tasks to queue
[2026-01-17T08:01:49.202+0000] {logging_mixin.py:190} INFO - [2026-01-17T08:01:49.202+0000] {dagbag.py:588} INFO - Filling up the DagBag from /opt/airflow/dags/branching_user_processing.py
[2026-01-17T08:01:49.716+0000] {processor.py:925} INFO - DAG(s) 'user_processing_branch' retrieved from /opt/airflow/dags/branching_user_processing.py
[2026-01-17T08:01:49.738+0000] {logging_mixin.py:190} INFO - [2026-01-17T08:01:49.738+0000] {dag.py:3239} INFO - Sync 1 DAGs
[2026-01-17T08:01:49.759+0000] {logging_mixin.py:190} INFO - [2026-01-17T08:01:49.759+0000] {dag.py:4180} INFO - Setting next_dagrun for user_processing_branch to 2026-01-16 00:00:00+00:00, run_after=2026-01-17 00:00:00+00:00
[2026-01-17T08:01:49.784+0000] {processor.py:208} INFO - Processing /opt/airflow/dags/branching_user_processing.py took 0.592 seconds
[2026-01-17T08:02:20.194+0000] {processor.py:186} INFO - Started process (PID=15307) to work on /opt/airflow/dags/branching_user_processing.py
[2026-01-17T08:02:20.195+0000] {processor.py:914} INFO - Processing file /opt/airflow/dags/branching_user_processing.py for tasks to queue
[2026-01-17T08:02:20.196+0000] {logging_mixin.py:190} INFO - [2026-01-17T08:02:20.196+0000] {dagbag.py:588} INFO - Filling up the DagBag from /opt/airflow/dags/branching_user_processing.py
[2026-01-17T08:02:20.832+0000] {processor.py:925} INFO - DAG(s) 'user_processing_branch' retrieved from /opt/airflow/dags/branching_user_processing.py
[2026-01-17T08:02:20.875+0000] {logging_mixin.py:190} INFO - [2026-01-17T08:02:20.874+0000] {dag.py:3239} INFO - Sync 1 DAGs
[2026-01-17T08:02:20.903+0000] {logging_mixin.py:190} INFO - [2026-01-17T08:02:20.902+0000] {dag.py:4180} INFO - Setting next_dagrun for user_processing_branch to 2026-01-16 00:00:00+00:00, run_after=2026-01-17 00:00:00+00:00
[2026-01-17T08:02:20.933+0000] {processor.py:208} INFO - Processing /opt/airflow/dags/branching_user_processing.py took 0.749 seconds
[2026-01-17T08:02:51.200+0000] {processor.py:186} INFO - Started process (PID=15331) to work on /opt/airflow/dags/branching_user_processing.py
[2026-01-17T08:02:51.201+0000] {processor.py:914} INFO - Processing file /opt/airflow/dags/branching_user_processing.py for tasks to queue
[2026-01-17T08:02:51.203+0000] {logging_mixin.py:190} INFO - [2026-01-17T08:02:51.203+0000] {dagbag.py:588} INFO - Filling up the DagBag from /opt/airflow/dags/branching_user_processing.py
[2026-01-17T08:02:51.731+0000] {processor.py:925} INFO - DAG(s) 'user_processing_branch' retrieved from /opt/airflow/dags/branching_user_processing.py
[2026-01-17T08:02:51.756+0000] {logging_mixin.py:190} INFO - [2026-01-17T08:02:51.756+0000] {dag.py:3239} INFO - Sync 1 DAGs
[2026-01-17T08:02:51.781+0000] {logging_mixin.py:190} INFO - [2026-01-17T08:02:51.781+0000] {dag.py:4180} INFO - Setting next_dagrun for user_processing_branch to 2026-01-16 00:00:00+00:00, run_after=2026-01-17 00:00:00+00:00
[2026-01-17T08:02:51.804+0000] {processor.py:208} INFO - Processing /opt/airflow/dags/branching_user_processing.py took 0.615 seconds
[2026-01-17T08:03:22.190+0000] {processor.py:186} INFO - Started process (PID=15357) to work on /opt/airflow/dags/branching_user_processing.py
[2026-01-17T08:03:22.191+0000] {processor.py:914} INFO - Processing file /opt/airflow/dags/branching_user_processing.py for tasks to queue
[2026-01-17T08:03:22.192+0000] {logging_mixin.py:190} INFO - [2026-01-17T08:03:22.192+0000] {dagbag.py:588} INFO - Filling up the DagBag from /opt/airflow/dags/branching_user_processing.py
[2026-01-17T08:03:22.758+0000] {processor.py:925} INFO - DAG(s) 'user_processing_branch' retrieved from /opt/airflow/dags/branching_user_processing.py
[2026-01-17T08:03:22.778+0000] {logging_mixin.py:190} INFO - [2026-01-17T08:03:22.777+0000] {dag.py:3239} INFO - Sync 1 DAGs
[2026-01-17T08:03:22.797+0000] {logging_mixin.py:190} INFO - [2026-01-17T08:03:22.797+0000] {dag.py:4180} INFO - Setting next_dagrun for user_processing_branch to 2026-01-16 00:00:00+00:00, run_after=2026-01-17 00:00:00+00:00
[2026-01-17T08:03:22.810+0000] {processor.py:208} INFO - Processing /opt/airflow/dags/branching_user_processing.py took 0.629 seconds
[2026-01-17T08:03:53.201+0000] {processor.py:186} INFO - Started process (PID=15381) to work on /opt/airflow/dags/branching_user_processing.py
[2026-01-17T08:03:53.202+0000] {processor.py:914} INFO - Processing file /opt/airflow/dags/branching_user_processing.py for tasks to queue
[2026-01-17T08:03:53.203+0000] {logging_mixin.py:190} INFO - [2026-01-17T08:03:53.203+0000] {dagbag.py:588} INFO - Filling up the DagBag from /opt/airflow/dags/branching_user_processing.py
[2026-01-17T08:03:53.776+0000] {processor.py:925} INFO - DAG(s) 'user_processing_branch' retrieved from /opt/airflow/dags/branching_user_processing.py
[2026-01-17T08:03:53.798+0000] {logging_mixin.py:190} INFO - [2026-01-17T08:03:53.797+0000] {dag.py:3239} INFO - Sync 1 DAGs
[2026-01-17T08:03:53.816+0000] {logging_mixin.py:190} INFO - [2026-01-17T08:03:53.816+0000] {dag.py:4180} INFO - Setting next_dagrun for user_processing_branch to 2026-01-16 00:00:00+00:00, run_after=2026-01-17 00:00:00+00:00
[2026-01-17T08:03:53.832+0000] {processor.py:208} INFO - Processing /opt/airflow/dags/branching_user_processing.py took 0.638 seconds
[2026-01-17T08:04:24.214+0000] {processor.py:186} INFO - Started process (PID=15405) to work on /opt/airflow/dags/branching_user_processing.py
[2026-01-17T08:04:24.215+0000] {processor.py:914} INFO - Processing file /opt/airflow/dags/branching_user_processing.py for tasks to queue
[2026-01-17T08:04:24.216+0000] {logging_mixin.py:190} INFO - [2026-01-17T08:04:24.216+0000] {dagbag.py:588} INFO - Filling up the DagBag from /opt/airflow/dags/branching_user_processing.py
[2026-01-17T08:04:24.761+0000] {processor.py:925} INFO - DAG(s) 'user_processing_branch' retrieved from /opt/airflow/dags/branching_user_processing.py
[2026-01-17T08:04:24.784+0000] {logging_mixin.py:190} INFO - [2026-01-17T08:04:24.783+0000] {dag.py:3239} INFO - Sync 1 DAGs
[2026-01-17T08:04:24.802+0000] {logging_mixin.py:190} INFO - [2026-01-17T08:04:24.801+0000] {dag.py:4180} INFO - Setting next_dagrun for user_processing_branch to 2026-01-16 00:00:00+00:00, run_after=2026-01-17 00:00:00+00:00
[2026-01-17T08:04:24.815+0000] {processor.py:208} INFO - Processing /opt/airflow/dags/branching_user_processing.py took 0.609 seconds
[2026-01-17T08:04:55.304+0000] {processor.py:186} INFO - Started process (PID=15429) to work on /opt/airflow/dags/branching_user_processing.py
[2026-01-17T08:04:55.305+0000] {processor.py:914} INFO - Processing file /opt/airflow/dags/branching_user_processing.py for tasks to queue
[2026-01-17T08:04:55.306+0000] {logging_mixin.py:190} INFO - [2026-01-17T08:04:55.306+0000] {dagbag.py:588} INFO - Filling up the DagBag from /opt/airflow/dags/branching_user_processing.py
[2026-01-17T08:04:55.867+0000] {processor.py:925} INFO - DAG(s) 'user_processing_branch' retrieved from /opt/airflow/dags/branching_user_processing.py
[2026-01-17T08:04:55.888+0000] {logging_mixin.py:190} INFO - [2026-01-17T08:04:55.887+0000] {dag.py:3239} INFO - Sync 1 DAGs
[2026-01-17T08:04:55.907+0000] {logging_mixin.py:190} INFO - [2026-01-17T08:04:55.907+0000] {dag.py:4180} INFO - Setting next_dagrun for user_processing_branch to 2026-01-16 00:00:00+00:00, run_after=2026-01-17 00:00:00+00:00
[2026-01-17T08:04:55.920+0000] {processor.py:208} INFO - Processing /opt/airflow/dags/branching_user_processing.py took 0.627 seconds
[2026-01-17T08:05:26.134+0000] {processor.py:186} INFO - Started process (PID=15452) to work on /opt/airflow/dags/branching_user_processing.py
[2026-01-17T08:05:26.135+0000] {processor.py:914} INFO - Processing file /opt/airflow/dags/branching_user_processing.py for tasks to queue
[2026-01-17T08:05:26.136+0000] {logging_mixin.py:190} INFO - [2026-01-17T08:05:26.136+0000] {dagbag.py:588} INFO - Filling up the DagBag from /opt/airflow/dags/branching_user_processing.py
[2026-01-17T08:05:26.699+0000] {processor.py:925} INFO - DAG(s) 'user_processing_branch' retrieved from /opt/airflow/dags/branching_user_processing.py
[2026-01-17T08:05:26.724+0000] {logging_mixin.py:190} INFO - [2026-01-17T08:05:26.724+0000] {dag.py:3239} INFO - Sync 1 DAGs
[2026-01-17T08:05:26.745+0000] {logging_mixin.py:190} INFO - [2026-01-17T08:05:26.744+0000] {dag.py:4180} INFO - Setting next_dagrun for user_processing_branch to 2026-01-16 00:00:00+00:00, run_after=2026-01-17 00:00:00+00:00
[2026-01-17T08:05:26.759+0000] {processor.py:208} INFO - Processing /opt/airflow/dags/branching_user_processing.py took 0.632 seconds
[2026-01-17T08:05:57.108+0000] {processor.py:186} INFO - Started process (PID=15476) to work on /opt/airflow/dags/branching_user_processing.py
[2026-01-17T08:05:57.110+0000] {processor.py:914} INFO - Processing file /opt/airflow/dags/branching_user_processing.py for tasks to queue
[2026-01-17T08:05:57.111+0000] {logging_mixin.py:190} INFO - [2026-01-17T08:05:57.111+0000] {dagbag.py:588} INFO - Filling up the DagBag from /opt/airflow/dags/branching_user_processing.py
[2026-01-17T08:05:57.692+0000] {processor.py:925} INFO - DAG(s) 'user_processing_branch' retrieved from /opt/airflow/dags/branching_user_processing.py
[2026-01-17T08:05:57.729+0000] {logging_mixin.py:190} INFO - [2026-01-17T08:05:57.728+0000] {dag.py:3239} INFO - Sync 1 DAGs
[2026-01-17T08:05:57.750+0000] {logging_mixin.py:190} INFO - [2026-01-17T08:05:57.750+0000] {dag.py:4180} INFO - Setting next_dagrun for user_processing_branch to 2026-01-16 00:00:00+00:00, run_after=2026-01-17 00:00:00+00:00
[2026-01-17T08:05:57.766+0000] {processor.py:208} INFO - Processing /opt/airflow/dags/branching_user_processing.py took 0.668 seconds
[2026-01-17T08:06:28.022+0000] {processor.py:186} INFO - Started process (PID=15501) to work on /opt/airflow/dags/branching_user_processing.py
[2026-01-17T08:06:28.023+0000] {processor.py:914} INFO - Processing file /opt/airflow/dags/branching_user_processing.py for tasks to queue
[2026-01-17T08:06:28.025+0000] {logging_mixin.py:190} INFO - [2026-01-17T08:06:28.025+0000] {dagbag.py:588} INFO - Filling up the DagBag from /opt/airflow/dags/branching_user_processing.py
[2026-01-17T08:06:28.605+0000] {processor.py:925} INFO - DAG(s) 'user_processing_branch' retrieved from /opt/airflow/dags/branching_user_processing.py
[2026-01-17T08:06:28.640+0000] {logging_mixin.py:190} INFO - [2026-01-17T08:06:28.639+0000] {dag.py:3239} INFO - Sync 1 DAGs
[2026-01-17T08:06:28.669+0000] {logging_mixin.py:190} INFO - [2026-01-17T08:06:28.669+0000] {dag.py:4180} INFO - Setting next_dagrun for user_processing_branch to 2026-01-16 00:00:00+00:00, run_after=2026-01-17 00:00:00+00:00
[2026-01-17T08:06:28.688+0000] {processor.py:208} INFO - Processing /opt/airflow/dags/branching_user_processing.py took 0.683 seconds
[2026-01-17T08:06:59.092+0000] {processor.py:186} INFO - Started process (PID=15525) to work on /opt/airflow/dags/branching_user_processing.py
[2026-01-17T08:06:59.094+0000] {processor.py:914} INFO - Processing file /opt/airflow/dags/branching_user_processing.py for tasks to queue
[2026-01-17T08:06:59.096+0000] {logging_mixin.py:190} INFO - [2026-01-17T08:06:59.095+0000] {dagbag.py:588} INFO - Filling up the DagBag from /opt/airflow/dags/branching_user_processing.py
[2026-01-17T08:06:59.876+0000] {processor.py:925} INFO - DAG(s) 'user_processing_branch' retrieved from /opt/airflow/dags/branching_user_processing.py
[2026-01-17T08:06:59.918+0000] {logging_mixin.py:190} INFO - [2026-01-17T08:06:59.917+0000] {dag.py:3239} INFO - Sync 1 DAGs
[2026-01-17T08:06:59.976+0000] {logging_mixin.py:190} INFO - [2026-01-17T08:06:59.975+0000] {dag.py:4180} INFO - Setting next_dagrun for user_processing_branch to 2026-01-16 00:00:00+00:00, run_after=2026-01-17 00:00:00+00:00
[2026-01-17T08:07:00.008+0000] {processor.py:208} INFO - Processing /opt/airflow/dags/branching_user_processing.py took 0.928 seconds
[2026-01-17T08:07:30.241+0000] {processor.py:186} INFO - Started process (PID=15549) to work on /opt/airflow/dags/branching_user_processing.py
[2026-01-17T08:07:30.243+0000] {processor.py:914} INFO - Processing file /opt/airflow/dags/branching_user_processing.py for tasks to queue
[2026-01-17T08:07:30.244+0000] {logging_mixin.py:190} INFO - [2026-01-17T08:07:30.244+0000] {dagbag.py:588} INFO - Filling up the DagBag from /opt/airflow/dags/branching_user_processing.py
[2026-01-17T08:07:30.791+0000] {processor.py:925} INFO - DAG(s) 'user_processing_branch' retrieved from /opt/airflow/dags/branching_user_processing.py
[2026-01-17T08:07:30.815+0000] {logging_mixin.py:190} INFO - [2026-01-17T08:07:30.815+0000] {dag.py:3239} INFO - Sync 1 DAGs
[2026-01-17T08:07:30.836+0000] {logging_mixin.py:190} INFO - [2026-01-17T08:07:30.836+0000] {dag.py:4180} INFO - Setting next_dagrun for user_processing_branch to 2026-01-16 00:00:00+00:00, run_after=2026-01-17 00:00:00+00:00
[2026-01-17T08:07:30.851+0000] {processor.py:208} INFO - Processing /opt/airflow/dags/branching_user_processing.py took 0.621 seconds
[2026-01-17T08:08:01.123+0000] {processor.py:186} INFO - Started process (PID=15573) to work on /opt/airflow/dags/branching_user_processing.py
[2026-01-17T08:08:01.124+0000] {processor.py:914} INFO - Processing file /opt/airflow/dags/branching_user_processing.py for tasks to queue
[2026-01-17T08:08:01.127+0000] {logging_mixin.py:190} INFO - [2026-01-17T08:08:01.126+0000] {dagbag.py:588} INFO - Filling up the DagBag from /opt/airflow/dags/branching_user_processing.py
[2026-01-17T08:08:01.706+0000] {processor.py:925} INFO - DAG(s) 'user_processing_branch' retrieved from /opt/airflow/dags/branching_user_processing.py
[2026-01-17T08:08:01.730+0000] {logging_mixin.py:190} INFO - [2026-01-17T08:08:01.729+0000] {dag.py:3239} INFO - Sync 1 DAGs
[2026-01-17T08:08:01.748+0000] {logging_mixin.py:190} INFO - [2026-01-17T08:08:01.748+0000] {dag.py:4180} INFO - Setting next_dagrun for user_processing_branch to 2026-01-16 00:00:00+00:00, run_after=2026-01-17 00:00:00+00:00
[2026-01-17T08:08:01.762+0000] {processor.py:208} INFO - Processing /opt/airflow/dags/branching_user_processing.py took 0.651 seconds
[2026-01-17T08:08:32.417+0000] {processor.py:186} INFO - Started process (PID=15596) to work on /opt/airflow/dags/branching_user_processing.py
[2026-01-17T08:08:32.418+0000] {processor.py:914} INFO - Processing file /opt/airflow/dags/branching_user_processing.py for tasks to queue
[2026-01-17T08:08:32.420+0000] {logging_mixin.py:190} INFO - [2026-01-17T08:08:32.419+0000] {dagbag.py:588} INFO - Filling up the DagBag from /opt/airflow/dags/branching_user_processing.py
[2026-01-17T08:08:32.917+0000] {processor.py:925} INFO - DAG(s) 'user_processing_branch' retrieved from /opt/airflow/dags/branching_user_processing.py
[2026-01-17T08:08:32.943+0000] {logging_mixin.py:190} INFO - [2026-01-17T08:08:32.943+0000] {dag.py:3239} INFO - Sync 1 DAGs
[2026-01-17T08:08:32.966+0000] {logging_mixin.py:190} INFO - [2026-01-17T08:08:32.966+0000] {dag.py:4180} INFO - Setting next_dagrun for user_processing_branch to 2026-01-16 00:00:00+00:00, run_after=2026-01-17 00:00:00+00:00
[2026-01-17T08:08:32.984+0000] {processor.py:208} INFO - Processing /opt/airflow/dags/branching_user_processing.py took 0.579 seconds
[2026-01-17T08:09:03.383+0000] {processor.py:186} INFO - Started process (PID=15620) to work on /opt/airflow/dags/branching_user_processing.py
[2026-01-17T08:09:03.385+0000] {processor.py:914} INFO - Processing file /opt/airflow/dags/branching_user_processing.py for tasks to queue
[2026-01-17T08:09:03.387+0000] {logging_mixin.py:190} INFO - [2026-01-17T08:09:03.386+0000] {dagbag.py:588} INFO - Filling up the DagBag from /opt/airflow/dags/branching_user_processing.py
[2026-01-17T08:09:03.971+0000] {processor.py:925} INFO - DAG(s) 'user_processing_branch' retrieved from /opt/airflow/dags/branching_user_processing.py
[2026-01-17T08:09:04.000+0000] {logging_mixin.py:190} INFO - [2026-01-17T08:09:04.000+0000] {dag.py:3239} INFO - Sync 1 DAGs
[2026-01-17T08:09:04.026+0000] {logging_mixin.py:190} INFO - [2026-01-17T08:09:04.026+0000] {dag.py:4180} INFO - Setting next_dagrun for user_processing_branch to 2026-01-16 00:00:00+00:00, run_after=2026-01-17 00:00:00+00:00
[2026-01-17T08:09:04.047+0000] {processor.py:208} INFO - Processing /opt/airflow/dags/branching_user_processing.py took 0.678 seconds
[2026-01-17T08:09:34.701+0000] {processor.py:186} INFO - Started process (PID=15644) to work on /opt/airflow/dags/branching_user_processing.py
[2026-01-17T08:09:34.702+0000] {processor.py:914} INFO - Processing file /opt/airflow/dags/branching_user_processing.py for tasks to queue
[2026-01-17T08:09:34.704+0000] {logging_mixin.py:190} INFO - [2026-01-17T08:09:34.703+0000] {dagbag.py:588} INFO - Filling up the DagBag from /opt/airflow/dags/branching_user_processing.py
[2026-01-17T08:09:35.296+0000] {processor.py:925} INFO - DAG(s) 'user_processing_branch' retrieved from /opt/airflow/dags/branching_user_processing.py
[2026-01-17T08:09:35.327+0000] {logging_mixin.py:190} INFO - [2026-01-17T08:09:35.326+0000] {dag.py:3239} INFO - Sync 1 DAGs
[2026-01-17T08:09:35.354+0000] {logging_mixin.py:190} INFO - [2026-01-17T08:09:35.353+0000] {dag.py:4180} INFO - Setting next_dagrun for user_processing_branch to 2026-01-16 00:00:00+00:00, run_after=2026-01-17 00:00:00+00:00
[2026-01-17T08:09:35.381+0000] {processor.py:208} INFO - Processing /opt/airflow/dags/branching_user_processing.py took 0.689 seconds
[2026-01-17T08:10:05.488+0000] {processor.py:186} INFO - Started process (PID=15668) to work on /opt/airflow/dags/branching_user_processing.py
[2026-01-17T08:10:05.489+0000] {processor.py:914} INFO - Processing file /opt/airflow/dags/branching_user_processing.py for tasks to queue
[2026-01-17T08:10:05.491+0000] {logging_mixin.py:190} INFO - [2026-01-17T08:10:05.490+0000] {dagbag.py:588} INFO - Filling up the DagBag from /opt/airflow/dags/branching_user_processing.py
[2026-01-17T08:10:06.102+0000] {processor.py:925} INFO - DAG(s) 'user_processing_branch' retrieved from /opt/airflow/dags/branching_user_processing.py
[2026-01-17T08:10:06.127+0000] {logging_mixin.py:190} INFO - [2026-01-17T08:10:06.126+0000] {dag.py:3239} INFO - Sync 1 DAGs
[2026-01-17T08:10:06.153+0000] {logging_mixin.py:190} INFO - [2026-01-17T08:10:06.153+0000] {dag.py:4180} INFO - Setting next_dagrun for user_processing_branch to 2026-01-16 00:00:00+00:00, run_after=2026-01-17 00:00:00+00:00
[2026-01-17T08:10:06.173+0000] {processor.py:208} INFO - Processing /opt/airflow/dags/branching_user_processing.py took 0.695 seconds
[2026-01-17T08:10:36.875+0000] {processor.py:186} INFO - Started process (PID=15691) to work on /opt/airflow/dags/branching_user_processing.py
[2026-01-17T08:10:36.876+0000] {processor.py:914} INFO - Processing file /opt/airflow/dags/branching_user_processing.py for tasks to queue
[2026-01-17T08:10:36.878+0000] {logging_mixin.py:190} INFO - [2026-01-17T08:10:36.877+0000] {dagbag.py:588} INFO - Filling up the DagBag from /opt/airflow/dags/branching_user_processing.py
[2026-01-17T08:10:37.439+0000] {processor.py:925} INFO - DAG(s) 'user_processing_branch' retrieved from /opt/airflow/dags/branching_user_processing.py
[2026-01-17T08:10:37.464+0000] {logging_mixin.py:190} INFO - [2026-01-17T08:10:37.463+0000] {dag.py:3239} INFO - Sync 1 DAGs
[2026-01-17T08:10:37.484+0000] {logging_mixin.py:190} INFO - [2026-01-17T08:10:37.484+0000] {dag.py:4180} INFO - Setting next_dagrun for user_processing_branch to 2026-01-16 00:00:00+00:00, run_after=2026-01-17 00:00:00+00:00
[2026-01-17T08:10:37.505+0000] {processor.py:208} INFO - Processing /opt/airflow/dags/branching_user_processing.py took 0.640 seconds
[2026-01-17T08:11:07.775+0000] {processor.py:186} INFO - Started process (PID=15715) to work on /opt/airflow/dags/branching_user_processing.py
[2026-01-17T08:11:07.776+0000] {processor.py:914} INFO - Processing file /opt/airflow/dags/branching_user_processing.py for tasks to queue
[2026-01-17T08:11:07.777+0000] {logging_mixin.py:190} INFO - [2026-01-17T08:11:07.777+0000] {dagbag.py:588} INFO - Filling up the DagBag from /opt/airflow/dags/branching_user_processing.py
[2026-01-17T08:11:08.328+0000] {processor.py:925} INFO - DAG(s) 'user_processing_branch' retrieved from /opt/airflow/dags/branching_user_processing.py
[2026-01-17T08:11:08.359+0000] {logging_mixin.py:190} INFO - [2026-01-17T08:11:08.358+0000] {dag.py:3239} INFO - Sync 1 DAGs
[2026-01-17T08:11:08.386+0000] {logging_mixin.py:190} INFO - [2026-01-17T08:11:08.385+0000] {dag.py:4180} INFO - Setting next_dagrun for user_processing_branch to 2026-01-16 00:00:00+00:00, run_after=2026-01-17 00:00:00+00:00
[2026-01-17T08:11:08.405+0000] {processor.py:208} INFO - Processing /opt/airflow/dags/branching_user_processing.py took 0.641 seconds
[2026-01-17T08:11:38.672+0000] {processor.py:186} INFO - Started process (PID=15740) to work on /opt/airflow/dags/branching_user_processing.py
[2026-01-17T08:11:38.673+0000] {processor.py:914} INFO - Processing file /opt/airflow/dags/branching_user_processing.py for tasks to queue
[2026-01-17T08:11:38.675+0000] {logging_mixin.py:190} INFO - [2026-01-17T08:11:38.674+0000] {dagbag.py:588} INFO - Filling up the DagBag from /opt/airflow/dags/branching_user_processing.py
[2026-01-17T08:11:39.244+0000] {processor.py:925} INFO - DAG(s) 'user_processing_branch' retrieved from /opt/airflow/dags/branching_user_processing.py
[2026-01-17T08:11:39.270+0000] {logging_mixin.py:190} INFO - [2026-01-17T08:11:39.270+0000] {dag.py:3239} INFO - Sync 1 DAGs
[2026-01-17T08:11:39.291+0000] {logging_mixin.py:190} INFO - [2026-01-17T08:11:39.291+0000] {dag.py:4180} INFO - Setting next_dagrun for user_processing_branch to 2026-01-16 00:00:00+00:00, run_after=2026-01-17 00:00:00+00:00
[2026-01-17T08:11:39.314+0000] {processor.py:208} INFO - Processing /opt/airflow/dags/branching_user_processing.py took 0.651 seconds
[2026-01-17T08:12:09.977+0000] {processor.py:186} INFO - Started process (PID=15764) to work on /opt/airflow/dags/branching_user_processing.py
[2026-01-17T08:12:09.978+0000] {processor.py:914} INFO - Processing file /opt/airflow/dags/branching_user_processing.py for tasks to queue
[2026-01-17T08:12:09.979+0000] {logging_mixin.py:190} INFO - [2026-01-17T08:12:09.979+0000] {dagbag.py:588} INFO - Filling up the DagBag from /opt/airflow/dags/branching_user_processing.py
[2026-01-17T08:12:10.653+0000] {processor.py:925} INFO - DAG(s) 'user_processing_branch' retrieved from /opt/airflow/dags/branching_user_processing.py
[2026-01-17T08:12:10.675+0000] {logging_mixin.py:190} INFO - [2026-01-17T08:12:10.674+0000] {dag.py:3239} INFO - Sync 1 DAGs
[2026-01-17T08:12:10.695+0000] {logging_mixin.py:190} INFO - [2026-01-17T08:12:10.694+0000] {dag.py:4180} INFO - Setting next_dagrun for user_processing_branch to 2026-01-16 00:00:00+00:00, run_after=2026-01-17 00:00:00+00:00
[2026-01-17T08:12:10.710+0000] {processor.py:208} INFO - Processing /opt/airflow/dags/branching_user_processing.py took 0.743 seconds
[2026-01-17T08:12:41.424+0000] {processor.py:186} INFO - Started process (PID=15788) to work on /opt/airflow/dags/branching_user_processing.py
[2026-01-17T08:12:41.426+0000] {processor.py:914} INFO - Processing file /opt/airflow/dags/branching_user_processing.py for tasks to queue
[2026-01-17T08:12:41.428+0000] {logging_mixin.py:190} INFO - [2026-01-17T08:12:41.427+0000] {dagbag.py:588} INFO - Filling up the DagBag from /opt/airflow/dags/branching_user_processing.py
[2026-01-17T08:12:41.937+0000] {processor.py:925} INFO - DAG(s) 'user_processing_branch' retrieved from /opt/airflow/dags/branching_user_processing.py
[2026-01-17T08:12:41.964+0000] {logging_mixin.py:190} INFO - [2026-01-17T08:12:41.963+0000] {dag.py:3239} INFO - Sync 1 DAGs
[2026-01-17T08:12:41.990+0000] {logging_mixin.py:190} INFO - [2026-01-17T08:12:41.990+0000] {dag.py:4180} INFO - Setting next_dagrun for user_processing_branch to 2026-01-16 00:00:00+00:00, run_after=2026-01-17 00:00:00+00:00
[2026-01-17T08:12:42.024+0000] {processor.py:208} INFO - Processing /opt/airflow/dags/branching_user_processing.py took 0.617 seconds
[2026-01-17T08:13:12.256+0000] {processor.py:186} INFO - Started process (PID=15812) to work on /opt/airflow/dags/branching_user_processing.py
[2026-01-17T08:13:12.258+0000] {processor.py:914} INFO - Processing file /opt/airflow/dags/branching_user_processing.py for tasks to queue
[2026-01-17T08:13:12.260+0000] {logging_mixin.py:190} INFO - [2026-01-17T08:13:12.259+0000] {dagbag.py:588} INFO - Filling up the DagBag from /opt/airflow/dags/branching_user_processing.py
[2026-01-17T08:13:13.057+0000] {processor.py:925} INFO - DAG(s) 'user_processing_branch' retrieved from /opt/airflow/dags/branching_user_processing.py
[2026-01-17T08:13:13.088+0000] {logging_mixin.py:190} INFO - [2026-01-17T08:13:13.087+0000] {dag.py:3239} INFO - Sync 1 DAGs
[2026-01-17T08:13:13.128+0000] {logging_mixin.py:190} INFO - [2026-01-17T08:13:13.127+0000] {dag.py:4180} INFO - Setting next_dagrun for user_processing_branch to 2026-01-16 00:00:00+00:00, run_after=2026-01-17 00:00:00+00:00
[2026-01-17T08:13:13.158+0000] {processor.py:208} INFO - Processing /opt/airflow/dags/branching_user_processing.py took 0.916 seconds
[2026-01-17T08:13:43.442+0000] {processor.py:186} INFO - Started process (PID=15836) to work on /opt/airflow/dags/branching_user_processing.py
[2026-01-17T08:13:43.444+0000] {processor.py:914} INFO - Processing file /opt/airflow/dags/branching_user_processing.py for tasks to queue
[2026-01-17T08:13:43.446+0000] {logging_mixin.py:190} INFO - [2026-01-17T08:13:43.445+0000] {dagbag.py:588} INFO - Filling up the DagBag from /opt/airflow/dags/branching_user_processing.py
[2026-01-17T08:13:44.033+0000] {processor.py:925} INFO - DAG(s) 'user_processing_branch' retrieved from /opt/airflow/dags/branching_user_processing.py
[2026-01-17T08:13:44.065+0000] {logging_mixin.py:190} INFO - [2026-01-17T08:13:44.064+0000] {dag.py:3239} INFO - Sync 1 DAGs
[2026-01-17T08:13:44.091+0000] {logging_mixin.py:190} INFO - [2026-01-17T08:13:44.091+0000] {dag.py:4180} INFO - Setting next_dagrun for user_processing_branch to 2026-01-16 00:00:00+00:00, run_after=2026-01-17 00:00:00+00:00
[2026-01-17T08:13:44.117+0000] {processor.py:208} INFO - Processing /opt/airflow/dags/branching_user_processing.py took 0.685 seconds
[2026-01-17T08:14:14.779+0000] {processor.py:186} INFO - Started process (PID=15860) to work on /opt/airflow/dags/branching_user_processing.py
[2026-01-17T08:14:14.780+0000] {processor.py:914} INFO - Processing file /opt/airflow/dags/branching_user_processing.py for tasks to queue
[2026-01-17T08:14:14.781+0000] {logging_mixin.py:190} INFO - [2026-01-17T08:14:14.781+0000] {dagbag.py:588} INFO - Filling up the DagBag from /opt/airflow/dags/branching_user_processing.py
[2026-01-17T08:14:15.303+0000] {processor.py:925} INFO - DAG(s) 'user_processing_branch' retrieved from /opt/airflow/dags/branching_user_processing.py
[2026-01-17T08:14:15.327+0000] {logging_mixin.py:190} INFO - [2026-01-17T08:14:15.326+0000] {dag.py:3239} INFO - Sync 1 DAGs
[2026-01-17T08:14:15.350+0000] {logging_mixin.py:190} INFO - [2026-01-17T08:14:15.350+0000] {dag.py:4180} INFO - Setting next_dagrun for user_processing_branch to 2026-01-16 00:00:00+00:00, run_after=2026-01-17 00:00:00+00:00
[2026-01-17T08:14:15.365+0000] {processor.py:208} INFO - Processing /opt/airflow/dags/branching_user_processing.py took 0.598 seconds
[2026-01-17T08:14:45.537+0000] {processor.py:186} INFO - Started process (PID=15885) to work on /opt/airflow/dags/branching_user_processing.py
[2026-01-17T08:14:45.539+0000] {processor.py:914} INFO - Processing file /opt/airflow/dags/branching_user_processing.py for tasks to queue
[2026-01-17T08:14:45.541+0000] {logging_mixin.py:190} INFO - [2026-01-17T08:14:45.540+0000] {dagbag.py:588} INFO - Filling up the DagBag from /opt/airflow/dags/branching_user_processing.py
[2026-01-17T08:14:46.188+0000] {processor.py:925} INFO - DAG(s) 'user_processing_branch' retrieved from /opt/airflow/dags/branching_user_processing.py
[2026-01-17T08:14:46.236+0000] {logging_mixin.py:190} INFO - [2026-01-17T08:14:46.236+0000] {dag.py:3239} INFO - Sync 1 DAGs
[2026-01-17T08:14:46.275+0000] {logging_mixin.py:190} INFO - [2026-01-17T08:14:46.275+0000] {dag.py:4180} INFO - Setting next_dagrun for user_processing_branch to 2026-01-16 00:00:00+00:00, run_after=2026-01-17 00:00:00+00:00
[2026-01-17T08:14:46.299+0000] {processor.py:208} INFO - Processing /opt/airflow/dags/branching_user_processing.py took 0.772 seconds
[2026-01-17T08:15:16.671+0000] {processor.py:186} INFO - Started process (PID=15909) to work on /opt/airflow/dags/branching_user_processing.py
[2026-01-17T08:15:16.672+0000] {processor.py:914} INFO - Processing file /opt/airflow/dags/branching_user_processing.py for tasks to queue
[2026-01-17T08:15:16.673+0000] {logging_mixin.py:190} INFO - [2026-01-17T08:15:16.673+0000] {dagbag.py:588} INFO - Filling up the DagBag from /opt/airflow/dags/branching_user_processing.py
[2026-01-17T08:15:17.282+0000] {processor.py:925} INFO - DAG(s) 'user_processing_branch' retrieved from /opt/airflow/dags/branching_user_processing.py
[2026-01-17T08:15:17.320+0000] {logging_mixin.py:190} INFO - [2026-01-17T08:15:17.320+0000] {dag.py:3239} INFO - Sync 1 DAGs
[2026-01-17T08:15:17.346+0000] {logging_mixin.py:190} INFO - [2026-01-17T08:15:17.346+0000] {dag.py:4180} INFO - Setting next_dagrun for user_processing_branch to 2026-01-16 00:00:00+00:00, run_after=2026-01-17 00:00:00+00:00
[2026-01-17T08:15:17.364+0000] {processor.py:208} INFO - Processing /opt/airflow/dags/branching_user_processing.py took 0.702 seconds
[2026-01-17T08:15:47.592+0000] {processor.py:186} INFO - Started process (PID=15933) to work on /opt/airflow/dags/branching_user_processing.py
[2026-01-17T08:15:47.593+0000] {processor.py:914} INFO - Processing file /opt/airflow/dags/branching_user_processing.py for tasks to queue
[2026-01-17T08:15:47.595+0000] {logging_mixin.py:190} INFO - [2026-01-17T08:15:47.594+0000] {dagbag.py:588} INFO - Filling up the DagBag from /opt/airflow/dags/branching_user_processing.py
[2026-01-17T08:15:48.283+0000] {processor.py:925} INFO - DAG(s) 'user_processing_branch' retrieved from /opt/airflow/dags/branching_user_processing.py
[2026-01-17T08:15:48.311+0000] {logging_mixin.py:190} INFO - [2026-01-17T08:15:48.311+0000] {dag.py:3239} INFO - Sync 1 DAGs
[2026-01-17T08:15:48.346+0000] {logging_mixin.py:190} INFO - [2026-01-17T08:15:48.345+0000] {dag.py:4180} INFO - Setting next_dagrun for user_processing_branch to 2026-01-16 00:00:00+00:00, run_after=2026-01-17 00:00:00+00:00
[2026-01-17T08:15:48.368+0000] {processor.py:208} INFO - Processing /opt/airflow/dags/branching_user_processing.py took 0.786 seconds
[2026-01-17T08:16:18.455+0000] {processor.py:186} INFO - Started process (PID=15957) to work on /opt/airflow/dags/branching_user_processing.py
[2026-01-17T08:16:18.457+0000] {processor.py:914} INFO - Processing file /opt/airflow/dags/branching_user_processing.py for tasks to queue
[2026-01-17T08:16:18.459+0000] {logging_mixin.py:190} INFO - [2026-01-17T08:16:18.458+0000] {dagbag.py:588} INFO - Filling up the DagBag from /opt/airflow/dags/branching_user_processing.py
[2026-01-17T08:16:19.009+0000] {processor.py:925} INFO - DAG(s) 'user_processing_branch' retrieved from /opt/airflow/dags/branching_user_processing.py
[2026-01-17T08:16:19.039+0000] {logging_mixin.py:190} INFO - [2026-01-17T08:16:19.039+0000] {dag.py:3239} INFO - Sync 1 DAGs
[2026-01-17T08:16:19.067+0000] {logging_mixin.py:190} INFO - [2026-01-17T08:16:19.067+0000] {dag.py:4180} INFO - Setting next_dagrun for user_processing_branch to 2026-01-16 00:00:00+00:00, run_after=2026-01-17 00:00:00+00:00
[2026-01-17T08:16:19.104+0000] {processor.py:208} INFO - Processing /opt/airflow/dags/branching_user_processing.py took 0.659 seconds
[2026-01-17T08:16:49.236+0000] {processor.py:186} INFO - Started process (PID=15982) to work on /opt/airflow/dags/branching_user_processing.py
[2026-01-17T08:16:49.238+0000] {processor.py:914} INFO - Processing file /opt/airflow/dags/branching_user_processing.py for tasks to queue
[2026-01-17T08:16:49.239+0000] {logging_mixin.py:190} INFO - [2026-01-17T08:16:49.239+0000] {dagbag.py:588} INFO - Filling up the DagBag from /opt/airflow/dags/branching_user_processing.py
[2026-01-17T08:16:49.829+0000] {processor.py:925} INFO - DAG(s) 'user_processing_branch' retrieved from /opt/airflow/dags/branching_user_processing.py
[2026-01-17T08:16:49.855+0000] {logging_mixin.py:190} INFO - [2026-01-17T08:16:49.854+0000] {dag.py:3239} INFO - Sync 1 DAGs
[2026-01-17T08:16:49.878+0000] {logging_mixin.py:190} INFO - [2026-01-17T08:16:49.877+0000] {dag.py:4180} INFO - Setting next_dagrun for user_processing_branch to 2026-01-16 00:00:00+00:00, run_after=2026-01-17 00:00:00+00:00
[2026-01-17T08:16:49.895+0000] {processor.py:208} INFO - Processing /opt/airflow/dags/branching_user_processing.py took 0.670 seconds
[2026-01-17T08:17:20.093+0000] {processor.py:186} INFO - Started process (PID=16005) to work on /opt/airflow/dags/branching_user_processing.py
[2026-01-17T08:17:20.095+0000] {processor.py:914} INFO - Processing file /opt/airflow/dags/branching_user_processing.py for tasks to queue
[2026-01-17T08:17:20.097+0000] {logging_mixin.py:190} INFO - [2026-01-17T08:17:20.096+0000] {dagbag.py:588} INFO - Filling up the DagBag from /opt/airflow/dags/branching_user_processing.py
[2026-01-17T08:17:20.661+0000] {processor.py:925} INFO - DAG(s) 'user_processing_branch' retrieved from /opt/airflow/dags/branching_user_processing.py
[2026-01-17T08:17:20.683+0000] {logging_mixin.py:190} INFO - [2026-01-17T08:17:20.683+0000] {dag.py:3239} INFO - Sync 1 DAGs
[2026-01-17T08:17:20.709+0000] {logging_mixin.py:190} INFO - [2026-01-17T08:17:20.708+0000] {dag.py:4180} INFO - Setting next_dagrun for user_processing_branch to 2026-01-16 00:00:00+00:00, run_after=2026-01-17 00:00:00+00:00
[2026-01-17T08:17:20.727+0000] {processor.py:208} INFO - Processing /opt/airflow/dags/branching_user_processing.py took 0.647 seconds
[2026-01-17T08:17:51.055+0000] {processor.py:186} INFO - Started process (PID=16036) to work on /opt/airflow/dags/branching_user_processing.py
[2026-01-17T08:17:51.057+0000] {processor.py:914} INFO - Processing file /opt/airflow/dags/branching_user_processing.py for tasks to queue
[2026-01-17T08:17:51.059+0000] {logging_mixin.py:190} INFO - [2026-01-17T08:17:51.058+0000] {dagbag.py:588} INFO - Filling up the DagBag from /opt/airflow/dags/branching_user_processing.py
[2026-01-17T08:17:51.697+0000] {processor.py:925} INFO - DAG(s) 'user_processing_branch' retrieved from /opt/airflow/dags/branching_user_processing.py
[2026-01-17T08:17:51.725+0000] {logging_mixin.py:190} INFO - [2026-01-17T08:17:51.724+0000] {dag.py:3239} INFO - Sync 1 DAGs
[2026-01-17T08:17:51.753+0000] {logging_mixin.py:190} INFO - [2026-01-17T08:17:51.753+0000] {dag.py:4180} INFO - Setting next_dagrun for user_processing_branch to 2026-01-16 00:00:00+00:00, run_after=2026-01-17 00:00:00+00:00
[2026-01-17T08:17:51.777+0000] {processor.py:208} INFO - Processing /opt/airflow/dags/branching_user_processing.py took 0.730 seconds
[2026-01-17T08:18:22.014+0000] {processor.py:186} INFO - Started process (PID=16060) to work on /opt/airflow/dags/branching_user_processing.py
[2026-01-17T08:18:22.016+0000] {processor.py:914} INFO - Processing file /opt/airflow/dags/branching_user_processing.py for tasks to queue
[2026-01-17T08:18:22.017+0000] {logging_mixin.py:190} INFO - [2026-01-17T08:18:22.017+0000] {dagbag.py:588} INFO - Filling up the DagBag from /opt/airflow/dags/branching_user_processing.py
[2026-01-17T08:18:22.522+0000] {processor.py:925} INFO - DAG(s) 'user_processing_branch' retrieved from /opt/airflow/dags/branching_user_processing.py
[2026-01-17T08:18:22.545+0000] {logging_mixin.py:190} INFO - [2026-01-17T08:18:22.545+0000] {dag.py:3239} INFO - Sync 1 DAGs
[2026-01-17T08:18:22.563+0000] {logging_mixin.py:190} INFO - [2026-01-17T08:18:22.563+0000] {dag.py:4180} INFO - Setting next_dagrun for user_processing_branch to 2026-01-16 00:00:00+00:00, run_after=2026-01-17 00:00:00+00:00
[2026-01-17T08:18:22.589+0000] {processor.py:208} INFO - Processing /opt/airflow/dags/branching_user_processing.py took 0.584 seconds
[2026-01-17T08:18:52.888+0000] {processor.py:186} INFO - Started process (PID=16084) to work on /opt/airflow/dags/branching_user_processing.py
[2026-01-17T08:18:52.889+0000] {processor.py:914} INFO - Processing file /opt/airflow/dags/branching_user_processing.py for tasks to queue
[2026-01-17T08:18:52.891+0000] {logging_mixin.py:190} INFO - [2026-01-17T08:18:52.891+0000] {dagbag.py:588} INFO - Filling up the DagBag from /opt/airflow/dags/branching_user_processing.py
[2026-01-17T08:18:53.441+0000] {processor.py:925} INFO - DAG(s) 'user_processing_branch' retrieved from /opt/airflow/dags/branching_user_processing.py
[2026-01-17T08:18:53.463+0000] {logging_mixin.py:190} INFO - [2026-01-17T08:18:53.463+0000] {dag.py:3239} INFO - Sync 1 DAGs
[2026-01-17T08:18:53.483+0000] {logging_mixin.py:190} INFO - [2026-01-17T08:18:53.483+0000] {dag.py:4180} INFO - Setting next_dagrun for user_processing_branch to 2026-01-16 00:00:00+00:00, run_after=2026-01-17 00:00:00+00:00
[2026-01-17T08:18:53.506+0000] {processor.py:208} INFO - Processing /opt/airflow/dags/branching_user_processing.py took 0.628 seconds
[2026-01-17T08:19:23.978+0000] {processor.py:186} INFO - Started process (PID=16108) to work on /opt/airflow/dags/branching_user_processing.py
[2026-01-17T08:19:23.979+0000] {processor.py:914} INFO - Processing file /opt/airflow/dags/branching_user_processing.py for tasks to queue
[2026-01-17T08:19:23.982+0000] {logging_mixin.py:190} INFO - [2026-01-17T08:19:23.981+0000] {dagbag.py:588} INFO - Filling up the DagBag from /opt/airflow/dags/branching_user_processing.py
[2026-01-17T08:19:24.551+0000] {processor.py:925} INFO - DAG(s) 'user_processing_branch' retrieved from /opt/airflow/dags/branching_user_processing.py
[2026-01-17T08:19:24.574+0000] {logging_mixin.py:190} INFO - [2026-01-17T08:19:24.574+0000] {dag.py:3239} INFO - Sync 1 DAGs
[2026-01-17T08:19:24.599+0000] {logging_mixin.py:190} INFO - [2026-01-17T08:19:24.598+0000] {dag.py:4180} INFO - Setting next_dagrun for user_processing_branch to 2026-01-16 00:00:00+00:00, run_after=2026-01-17 00:00:00+00:00
[2026-01-17T08:19:24.621+0000] {processor.py:208} INFO - Processing /opt/airflow/dags/branching_user_processing.py took 0.654 seconds
[2026-01-17T08:19:55.144+0000] {processor.py:186} INFO - Started process (PID=16133) to work on /opt/airflow/dags/branching_user_processing.py
[2026-01-17T08:19:55.146+0000] {processor.py:914} INFO - Processing file /opt/airflow/dags/branching_user_processing.py for tasks to queue
[2026-01-17T08:19:55.148+0000] {logging_mixin.py:190} INFO - [2026-01-17T08:19:55.147+0000] {dagbag.py:588} INFO - Filling up the DagBag from /opt/airflow/dags/branching_user_processing.py
[2026-01-17T08:19:55.723+0000] {processor.py:925} INFO - DAG(s) 'user_processing_branch' retrieved from /opt/airflow/dags/branching_user_processing.py
[2026-01-17T08:19:55.749+0000] {logging_mixin.py:190} INFO - [2026-01-17T08:19:55.749+0000] {dag.py:3239} INFO - Sync 1 DAGs
[2026-01-17T08:19:55.771+0000] {logging_mixin.py:190} INFO - [2026-01-17T08:19:55.771+0000] {dag.py:4180} INFO - Setting next_dagrun for user_processing_branch to 2026-01-16 00:00:00+00:00, run_after=2026-01-17 00:00:00+00:00
[2026-01-17T08:19:55.794+0000] {processor.py:208} INFO - Processing /opt/airflow/dags/branching_user_processing.py took 0.663 seconds
[2026-01-17T08:20:25.921+0000] {processor.py:186} INFO - Started process (PID=16157) to work on /opt/airflow/dags/branching_user_processing.py
[2026-01-17T08:20:25.922+0000] {processor.py:914} INFO - Processing file /opt/airflow/dags/branching_user_processing.py for tasks to queue
[2026-01-17T08:20:25.924+0000] {logging_mixin.py:190} INFO - [2026-01-17T08:20:25.923+0000] {dagbag.py:588} INFO - Filling up the DagBag from /opt/airflow/dags/branching_user_processing.py
[2026-01-17T08:20:26.591+0000] {processor.py:925} INFO - DAG(s) 'user_processing_branch' retrieved from /opt/airflow/dags/branching_user_processing.py
[2026-01-17T08:20:26.621+0000] {logging_mixin.py:190} INFO - [2026-01-17T08:20:26.620+0000] {dag.py:3239} INFO - Sync 1 DAGs
[2026-01-17T08:20:26.656+0000] {logging_mixin.py:190} INFO - [2026-01-17T08:20:26.656+0000] {dag.py:4180} INFO - Setting next_dagrun for user_processing_branch to 2026-01-16 00:00:00+00:00, run_after=2026-01-17 00:00:00+00:00
[2026-01-17T08:20:26.686+0000] {processor.py:208} INFO - Processing /opt/airflow/dags/branching_user_processing.py took 0.781 seconds
[2026-01-17T08:20:56.974+0000] {processor.py:186} INFO - Started process (PID=16181) to work on /opt/airflow/dags/branching_user_processing.py
[2026-01-17T08:20:56.976+0000] {processor.py:914} INFO - Processing file /opt/airflow/dags/branching_user_processing.py for tasks to queue
[2026-01-17T08:20:56.978+0000] {logging_mixin.py:190} INFO - [2026-01-17T08:20:56.977+0000] {dagbag.py:588} INFO - Filling up the DagBag from /opt/airflow/dags/branching_user_processing.py
[2026-01-17T08:20:57.577+0000] {processor.py:925} INFO - DAG(s) 'user_processing_branch' retrieved from /opt/airflow/dags/branching_user_processing.py
[2026-01-17T08:20:57.605+0000] {logging_mixin.py:190} INFO - [2026-01-17T08:20:57.604+0000] {dag.py:3239} INFO - Sync 1 DAGs
[2026-01-17T08:20:57.630+0000] {logging_mixin.py:190} INFO - [2026-01-17T08:20:57.629+0000] {dag.py:4180} INFO - Setting next_dagrun for user_processing_branch to 2026-01-16 00:00:00+00:00, run_after=2026-01-17 00:00:00+00:00
[2026-01-17T08:20:57.663+0000] {processor.py:208} INFO - Processing /opt/airflow/dags/branching_user_processing.py took 0.699 seconds
[2026-01-17T08:21:28.000+0000] {processor.py:186} INFO - Started process (PID=16205) to work on /opt/airflow/dags/branching_user_processing.py
[2026-01-17T08:21:28.002+0000] {processor.py:914} INFO - Processing file /opt/airflow/dags/branching_user_processing.py for tasks to queue
[2026-01-17T08:21:28.004+0000] {logging_mixin.py:190} INFO - [2026-01-17T08:21:28.003+0000] {dagbag.py:588} INFO - Filling up the DagBag from /opt/airflow/dags/branching_user_processing.py
[2026-01-17T08:21:28.548+0000] {processor.py:925} INFO - DAG(s) 'user_processing_branch' retrieved from /opt/airflow/dags/branching_user_processing.py
[2026-01-17T08:21:28.577+0000] {logging_mixin.py:190} INFO - [2026-01-17T08:21:28.577+0000] {dag.py:3239} INFO - Sync 1 DAGs
[2026-01-17T08:21:28.600+0000] {logging_mixin.py:190} INFO - [2026-01-17T08:21:28.600+0000] {dag.py:4180} INFO - Setting next_dagrun for user_processing_branch to 2026-01-16 00:00:00+00:00, run_after=2026-01-17 00:00:00+00:00
[2026-01-17T08:21:28.616+0000] {processor.py:208} INFO - Processing /opt/airflow/dags/branching_user_processing.py took 0.624 seconds
[2026-01-17T08:21:58.884+0000] {processor.py:186} INFO - Started process (PID=16230) to work on /opt/airflow/dags/branching_user_processing.py
[2026-01-17T08:21:58.885+0000] {processor.py:914} INFO - Processing file /opt/airflow/dags/branching_user_processing.py for tasks to queue
[2026-01-17T08:21:58.887+0000] {logging_mixin.py:190} INFO - [2026-01-17T08:21:58.887+0000] {dagbag.py:588} INFO - Filling up the DagBag from /opt/airflow/dags/branching_user_processing.py
[2026-01-17T08:21:59.423+0000] {processor.py:925} INFO - DAG(s) 'user_processing_branch' retrieved from /opt/airflow/dags/branching_user_processing.py
[2026-01-17T08:21:59.448+0000] {logging_mixin.py:190} INFO - [2026-01-17T08:21:59.448+0000] {dag.py:3239} INFO - Sync 1 DAGs
[2026-01-17T08:21:59.478+0000] {logging_mixin.py:190} INFO - [2026-01-17T08:21:59.478+0000] {dag.py:4180} INFO - Setting next_dagrun for user_processing_branch to 2026-01-16 00:00:00+00:00, run_after=2026-01-17 00:00:00+00:00
[2026-01-17T08:21:59.502+0000] {processor.py:208} INFO - Processing /opt/airflow/dags/branching_user_processing.py took 0.631 seconds
[2026-01-17T08:22:29.988+0000] {processor.py:186} INFO - Started process (PID=16254) to work on /opt/airflow/dags/branching_user_processing.py
[2026-01-17T08:22:29.989+0000] {processor.py:914} INFO - Processing file /opt/airflow/dags/branching_user_processing.py for tasks to queue
[2026-01-17T08:22:29.990+0000] {logging_mixin.py:190} INFO - [2026-01-17T08:22:29.990+0000] {dagbag.py:588} INFO - Filling up the DagBag from /opt/airflow/dags/branching_user_processing.py
[2026-01-17T08:22:30.597+0000] {processor.py:925} INFO - DAG(s) 'user_processing_branch' retrieved from /opt/airflow/dags/branching_user_processing.py
[2026-01-17T08:22:30.628+0000] {logging_mixin.py:190} INFO - [2026-01-17T08:22:30.627+0000] {dag.py:3239} INFO - Sync 1 DAGs
[2026-01-17T08:22:30.657+0000] {logging_mixin.py:190} INFO - [2026-01-17T08:22:30.657+0000] {dag.py:4180} INFO - Setting next_dagrun for user_processing_branch to 2026-01-16 00:00:00+00:00, run_after=2026-01-17 00:00:00+00:00
[2026-01-17T08:22:30.688+0000] {processor.py:208} INFO - Processing /opt/airflow/dags/branching_user_processing.py took 0.710 seconds
[2026-01-17T08:23:00.976+0000] {processor.py:186} INFO - Started process (PID=16278) to work on /opt/airflow/dags/branching_user_processing.py
[2026-01-17T08:23:00.977+0000] {processor.py:914} INFO - Processing file /opt/airflow/dags/branching_user_processing.py for tasks to queue
[2026-01-17T08:23:00.979+0000] {logging_mixin.py:190} INFO - [2026-01-17T08:23:00.978+0000] {dagbag.py:588} INFO - Filling up the DagBag from /opt/airflow/dags/branching_user_processing.py
[2026-01-17T08:23:01.552+0000] {processor.py:925} INFO - DAG(s) 'user_processing_branch' retrieved from /opt/airflow/dags/branching_user_processing.py
[2026-01-17T08:23:01.583+0000] {logging_mixin.py:190} INFO - [2026-01-17T08:23:01.583+0000] {dag.py:3239} INFO - Sync 1 DAGs
[2026-01-17T08:23:01.606+0000] {logging_mixin.py:190} INFO - [2026-01-17T08:23:01.606+0000] {dag.py:4180} INFO - Setting next_dagrun for user_processing_branch to 2026-01-16 00:00:00+00:00, run_after=2026-01-17 00:00:00+00:00
[2026-01-17T08:23:01.639+0000] {processor.py:208} INFO - Processing /opt/airflow/dags/branching_user_processing.py took 0.674 seconds
[2026-01-17T08:23:31.728+0000] {processor.py:186} INFO - Started process (PID=16302) to work on /opt/airflow/dags/branching_user_processing.py
[2026-01-17T08:23:31.730+0000] {processor.py:914} INFO - Processing file /opt/airflow/dags/branching_user_processing.py for tasks to queue
[2026-01-17T08:23:31.732+0000] {logging_mixin.py:190} INFO - [2026-01-17T08:23:31.731+0000] {dagbag.py:588} INFO - Filling up the DagBag from /opt/airflow/dags/branching_user_processing.py
[2026-01-17T08:23:32.544+0000] {processor.py:925} INFO - DAG(s) 'user_processing_branch' retrieved from /opt/airflow/dags/branching_user_processing.py
[2026-01-17T08:23:32.592+0000] {logging_mixin.py:190} INFO - [2026-01-17T08:23:32.591+0000] {dag.py:3239} INFO - Sync 1 DAGs
[2026-01-17T08:23:32.627+0000] {logging_mixin.py:190} INFO - [2026-01-17T08:23:32.627+0000] {dag.py:4180} INFO - Setting next_dagrun for user_processing_branch to 2026-01-16 00:00:00+00:00, run_after=2026-01-17 00:00:00+00:00
[2026-01-17T08:23:32.655+0000] {processor.py:208} INFO - Processing /opt/airflow/dags/branching_user_processing.py took 0.938 seconds
[2026-01-17T08:24:02.862+0000] {processor.py:186} INFO - Started process (PID=16326) to work on /opt/airflow/dags/branching_user_processing.py
[2026-01-17T08:24:02.863+0000] {processor.py:914} INFO - Processing file /opt/airflow/dags/branching_user_processing.py for tasks to queue
[2026-01-17T08:24:02.864+0000] {logging_mixin.py:190} INFO - [2026-01-17T08:24:02.864+0000] {dagbag.py:588} INFO - Filling up the DagBag from /opt/airflow/dags/branching_user_processing.py
[2026-01-17T08:24:03.383+0000] {processor.py:925} INFO - DAG(s) 'user_processing_branch' retrieved from /opt/airflow/dags/branching_user_processing.py
[2026-01-17T08:24:03.412+0000] {logging_mixin.py:190} INFO - [2026-01-17T08:24:03.411+0000] {dag.py:3239} INFO - Sync 1 DAGs
[2026-01-17T08:24:03.433+0000] {logging_mixin.py:190} INFO - [2026-01-17T08:24:03.433+0000] {dag.py:4180} INFO - Setting next_dagrun for user_processing_branch to 2026-01-16 00:00:00+00:00, run_after=2026-01-17 00:00:00+00:00
[2026-01-17T08:24:03.451+0000] {processor.py:208} INFO - Processing /opt/airflow/dags/branching_user_processing.py took 0.599 seconds
[2026-01-17T08:24:33.583+0000] {processor.py:186} INFO - Started process (PID=16350) to work on /opt/airflow/dags/branching_user_processing.py
[2026-01-17T08:24:33.585+0000] {processor.py:914} INFO - Processing file /opt/airflow/dags/branching_user_processing.py for tasks to queue
[2026-01-17T08:24:33.587+0000] {logging_mixin.py:190} INFO - [2026-01-17T08:24:33.586+0000] {dagbag.py:588} INFO - Filling up the DagBag from /opt/airflow/dags/branching_user_processing.py
[2026-01-17T08:24:34.275+0000] {processor.py:925} INFO - DAG(s) 'user_processing_branch' retrieved from /opt/airflow/dags/branching_user_processing.py
[2026-01-17T08:24:34.310+0000] {logging_mixin.py:190} INFO - [2026-01-17T08:24:34.309+0000] {dag.py:3239} INFO - Sync 1 DAGs
[2026-01-17T08:24:34.336+0000] {logging_mixin.py:190} INFO - [2026-01-17T08:24:34.336+0000] {dag.py:4180} INFO - Setting next_dagrun for user_processing_branch to 2026-01-16 00:00:00+00:00, run_after=2026-01-17 00:00:00+00:00
[2026-01-17T08:24:34.359+0000] {processor.py:208} INFO - Processing /opt/airflow/dags/branching_user_processing.py took 0.787 seconds
[2026-01-17T08:25:04.544+0000] {processor.py:186} INFO - Started process (PID=16374) to work on /opt/airflow/dags/branching_user_processing.py
[2026-01-17T08:25:04.545+0000] {processor.py:914} INFO - Processing file /opt/airflow/dags/branching_user_processing.py for tasks to queue
[2026-01-17T08:25:04.546+0000] {logging_mixin.py:190} INFO - [2026-01-17T08:25:04.546+0000] {dagbag.py:588} INFO - Filling up the DagBag from /opt/airflow/dags/branching_user_processing.py
[2026-01-17T08:25:05.081+0000] {processor.py:925} INFO - DAG(s) 'user_processing_branch' retrieved from /opt/airflow/dags/branching_user_processing.py
[2026-01-17T08:25:05.102+0000] {logging_mixin.py:190} INFO - [2026-01-17T08:25:05.102+0000] {dag.py:3239} INFO - Sync 1 DAGs
[2026-01-17T08:25:05.128+0000] {logging_mixin.py:190} INFO - [2026-01-17T08:25:05.127+0000] {dag.py:4180} INFO - Setting next_dagrun for user_processing_branch to 2026-01-16 00:00:00+00:00, run_after=2026-01-17 00:00:00+00:00
[2026-01-17T08:25:05.149+0000] {processor.py:208} INFO - Processing /opt/airflow/dags/branching_user_processing.py took 0.613 seconds
[2026-01-17T08:25:35.393+0000] {processor.py:186} INFO - Started process (PID=16398) to work on /opt/airflow/dags/branching_user_processing.py
[2026-01-17T08:25:35.394+0000] {processor.py:914} INFO - Processing file /opt/airflow/dags/branching_user_processing.py for tasks to queue
[2026-01-17T08:25:35.396+0000] {logging_mixin.py:190} INFO - [2026-01-17T08:25:35.395+0000] {dagbag.py:588} INFO - Filling up the DagBag from /opt/airflow/dags/branching_user_processing.py
[2026-01-17T08:25:35.939+0000] {processor.py:925} INFO - DAG(s) 'user_processing_branch' retrieved from /opt/airflow/dags/branching_user_processing.py
[2026-01-17T08:25:35.965+0000] {logging_mixin.py:190} INFO - [2026-01-17T08:25:35.964+0000] {dag.py:3239} INFO - Sync 1 DAGs
[2026-01-17T08:25:35.996+0000] {logging_mixin.py:190} INFO - [2026-01-17T08:25:35.996+0000] {dag.py:4180} INFO - Setting next_dagrun for user_processing_branch to 2026-01-16 00:00:00+00:00, run_after=2026-01-17 00:00:00+00:00
[2026-01-17T08:25:36.021+0000] {processor.py:208} INFO - Processing /opt/airflow/dags/branching_user_processing.py took 0.640 seconds
[2026-01-17T08:26:06.257+0000] {processor.py:186} INFO - Started process (PID=16422) to work on /opt/airflow/dags/branching_user_processing.py
[2026-01-17T08:26:06.258+0000] {processor.py:914} INFO - Processing file /opt/airflow/dags/branching_user_processing.py for tasks to queue
[2026-01-17T08:26:06.261+0000] {logging_mixin.py:190} INFO - [2026-01-17T08:26:06.260+0000] {dagbag.py:588} INFO - Filling up the DagBag from /opt/airflow/dags/branching_user_processing.py
[2026-01-17T08:26:06.849+0000] {processor.py:925} INFO - DAG(s) 'user_processing_branch' retrieved from /opt/airflow/dags/branching_user_processing.py
[2026-01-17T08:26:06.881+0000] {logging_mixin.py:190} INFO - [2026-01-17T08:26:06.880+0000] {dag.py:3239} INFO - Sync 1 DAGs
[2026-01-17T08:26:06.909+0000] {logging_mixin.py:190} INFO - [2026-01-17T08:26:06.909+0000] {dag.py:4180} INFO - Setting next_dagrun for user_processing_branch to 2026-01-16 00:00:00+00:00, run_after=2026-01-17 00:00:00+00:00
[2026-01-17T08:26:06.928+0000] {processor.py:208} INFO - Processing /opt/airflow/dags/branching_user_processing.py took 0.687 seconds
[2026-01-17T08:26:37.034+0000] {processor.py:186} INFO - Started process (PID=16446) to work on /opt/airflow/dags/branching_user_processing.py
[2026-01-17T08:26:37.035+0000] {processor.py:914} INFO - Processing file /opt/airflow/dags/branching_user_processing.py for tasks to queue
[2026-01-17T08:26:37.036+0000] {logging_mixin.py:190} INFO - [2026-01-17T08:26:37.036+0000] {dagbag.py:588} INFO - Filling up the DagBag from /opt/airflow/dags/branching_user_processing.py
[2026-01-17T08:26:37.649+0000] {processor.py:925} INFO - DAG(s) 'user_processing_branch' retrieved from /opt/airflow/dags/branching_user_processing.py
[2026-01-17T08:26:37.675+0000] {logging_mixin.py:190} INFO - [2026-01-17T08:26:37.675+0000] {dag.py:3239} INFO - Sync 1 DAGs
[2026-01-17T08:26:37.697+0000] {logging_mixin.py:190} INFO - [2026-01-17T08:26:37.696+0000] {dag.py:4180} INFO - Setting next_dagrun for user_processing_branch to 2026-01-16 00:00:00+00:00, run_after=2026-01-17 00:00:00+00:00
[2026-01-17T08:26:37.718+0000] {processor.py:208} INFO - Processing /opt/airflow/dags/branching_user_processing.py took 0.692 seconds
[2026-01-17T08:27:07.863+0000] {processor.py:186} INFO - Started process (PID=16470) to work on /opt/airflow/dags/branching_user_processing.py
[2026-01-17T08:27:07.865+0000] {processor.py:914} INFO - Processing file /opt/airflow/dags/branching_user_processing.py for tasks to queue
[2026-01-17T08:27:07.867+0000] {logging_mixin.py:190} INFO - [2026-01-17T08:27:07.867+0000] {dagbag.py:588} INFO - Filling up the DagBag from /opt/airflow/dags/branching_user_processing.py
[2026-01-17T08:27:08.581+0000] {processor.py:925} INFO - DAG(s) 'user_processing_branch' retrieved from /opt/airflow/dags/branching_user_processing.py
[2026-01-17T08:27:08.621+0000] {logging_mixin.py:190} INFO - [2026-01-17T08:27:08.621+0000] {dag.py:3239} INFO - Sync 1 DAGs
[2026-01-17T08:27:08.656+0000] {logging_mixin.py:190} INFO - [2026-01-17T08:27:08.655+0000] {dag.py:4180} INFO - Setting next_dagrun for user_processing_branch to 2026-01-16 00:00:00+00:00, run_after=2026-01-17 00:00:00+00:00
[2026-01-17T08:27:08.681+0000] {processor.py:208} INFO - Processing /opt/airflow/dags/branching_user_processing.py took 0.828 seconds
[2026-01-17T08:27:38.801+0000] {processor.py:186} INFO - Started process (PID=16494) to work on /opt/airflow/dags/branching_user_processing.py
[2026-01-17T08:27:38.803+0000] {processor.py:914} INFO - Processing file /opt/airflow/dags/branching_user_processing.py for tasks to queue
[2026-01-17T08:27:38.804+0000] {logging_mixin.py:190} INFO - [2026-01-17T08:27:38.804+0000] {dagbag.py:588} INFO - Filling up the DagBag from /opt/airflow/dags/branching_user_processing.py
[2026-01-17T08:27:39.353+0000] {processor.py:925} INFO - DAG(s) 'user_processing_branch' retrieved from /opt/airflow/dags/branching_user_processing.py
[2026-01-17T08:27:39.386+0000] {logging_mixin.py:190} INFO - [2026-01-17T08:27:39.386+0000] {dag.py:3239} INFO - Sync 1 DAGs
[2026-01-17T08:27:39.425+0000] {logging_mixin.py:190} INFO - [2026-01-17T08:27:39.424+0000] {dag.py:4180} INFO - Setting next_dagrun for user_processing_branch to 2026-01-16 00:00:00+00:00, run_after=2026-01-17 00:00:00+00:00
[2026-01-17T08:27:39.446+0000] {processor.py:208} INFO - Processing /opt/airflow/dags/branching_user_processing.py took 0.654 seconds
[2026-01-17T08:28:09.704+0000] {processor.py:186} INFO - Started process (PID=16519) to work on /opt/airflow/dags/branching_user_processing.py
[2026-01-17T08:28:09.706+0000] {processor.py:914} INFO - Processing file /opt/airflow/dags/branching_user_processing.py for tasks to queue
[2026-01-17T08:28:09.707+0000] {logging_mixin.py:190} INFO - [2026-01-17T08:28:09.707+0000] {dagbag.py:588} INFO - Filling up the DagBag from /opt/airflow/dags/branching_user_processing.py
[2026-01-17T08:28:10.295+0000] {processor.py:925} INFO - DAG(s) 'user_processing_branch' retrieved from /opt/airflow/dags/branching_user_processing.py
[2026-01-17T08:28:10.319+0000] {logging_mixin.py:190} INFO - [2026-01-17T08:28:10.318+0000] {dag.py:3239} INFO - Sync 1 DAGs
[2026-01-17T08:28:10.338+0000] {logging_mixin.py:190} INFO - [2026-01-17T08:28:10.338+0000] {dag.py:4180} INFO - Setting next_dagrun for user_processing_branch to 2026-01-16 00:00:00+00:00, run_after=2026-01-17 00:00:00+00:00
[2026-01-17T08:28:10.354+0000] {processor.py:208} INFO - Processing /opt/airflow/dags/branching_user_processing.py took 0.663 seconds
[2026-01-17T08:28:40.818+0000] {processor.py:186} INFO - Started process (PID=16543) to work on /opt/airflow/dags/branching_user_processing.py
[2026-01-17T08:28:40.820+0000] {processor.py:914} INFO - Processing file /opt/airflow/dags/branching_user_processing.py for tasks to queue
[2026-01-17T08:28:40.823+0000] {logging_mixin.py:190} INFO - [2026-01-17T08:28:40.822+0000] {dagbag.py:588} INFO - Filling up the DagBag from /opt/airflow/dags/branching_user_processing.py
[2026-01-17T08:28:41.369+0000] {processor.py:925} INFO - DAG(s) 'user_processing_branch' retrieved from /opt/airflow/dags/branching_user_processing.py
[2026-01-17T08:28:41.392+0000] {logging_mixin.py:190} INFO - [2026-01-17T08:28:41.391+0000] {dag.py:3239} INFO - Sync 1 DAGs
[2026-01-17T08:28:41.414+0000] {logging_mixin.py:190} INFO - [2026-01-17T08:28:41.414+0000] {dag.py:4180} INFO - Setting next_dagrun for user_processing_branch to 2026-01-16 00:00:00+00:00, run_after=2026-01-17 00:00:00+00:00
[2026-01-17T08:28:41.444+0000] {processor.py:208} INFO - Processing /opt/airflow/dags/branching_user_processing.py took 0.644 seconds
[2026-01-17T08:29:11.978+0000] {processor.py:186} INFO - Started process (PID=16567) to work on /opt/airflow/dags/branching_user_processing.py
[2026-01-17T08:29:11.979+0000] {processor.py:914} INFO - Processing file /opt/airflow/dags/branching_user_processing.py for tasks to queue
[2026-01-17T08:29:11.981+0000] {logging_mixin.py:190} INFO - [2026-01-17T08:29:11.980+0000] {dagbag.py:588} INFO - Filling up the DagBag from /opt/airflow/dags/branching_user_processing.py
[2026-01-17T08:29:12.568+0000] {processor.py:925} INFO - DAG(s) 'user_processing_branch' retrieved from /opt/airflow/dags/branching_user_processing.py
[2026-01-17T08:29:12.599+0000] {logging_mixin.py:190} INFO - [2026-01-17T08:29:12.599+0000] {dag.py:3239} INFO - Sync 1 DAGs
[2026-01-17T08:29:12.630+0000] {logging_mixin.py:190} INFO - [2026-01-17T08:29:12.630+0000] {dag.py:4180} INFO - Setting next_dagrun for user_processing_branch to 2026-01-16 00:00:00+00:00, run_after=2026-01-17 00:00:00+00:00
[2026-01-17T08:29:12.667+0000] {processor.py:208} INFO - Processing /opt/airflow/dags/branching_user_processing.py took 0.699 seconds
[2026-01-17T08:29:42.966+0000] {processor.py:186} INFO - Started process (PID=16591) to work on /opt/airflow/dags/branching_user_processing.py
[2026-01-17T08:29:42.968+0000] {processor.py:914} INFO - Processing file /opt/airflow/dags/branching_user_processing.py for tasks to queue
[2026-01-17T08:29:42.970+0000] {logging_mixin.py:190} INFO - [2026-01-17T08:29:42.969+0000] {dagbag.py:588} INFO - Filling up the DagBag from /opt/airflow/dags/branching_user_processing.py
[2026-01-17T08:29:43.485+0000] {processor.py:925} INFO - DAG(s) 'user_processing_branch' retrieved from /opt/airflow/dags/branching_user_processing.py
[2026-01-17T08:29:43.511+0000] {logging_mixin.py:190} INFO - [2026-01-17T08:29:43.511+0000] {dag.py:3239} INFO - Sync 1 DAGs
[2026-01-17T08:29:43.532+0000] {logging_mixin.py:190} INFO - [2026-01-17T08:29:43.531+0000] {dag.py:4180} INFO - Setting next_dagrun for user_processing_branch to 2026-01-16 00:00:00+00:00, run_after=2026-01-17 00:00:00+00:00
[2026-01-17T08:29:43.550+0000] {processor.py:208} INFO - Processing /opt/airflow/dags/branching_user_processing.py took 0.594 seconds
[2026-01-17T08:30:13.892+0000] {processor.py:186} INFO - Started process (PID=16615) to work on /opt/airflow/dags/branching_user_processing.py
[2026-01-17T08:30:13.894+0000] {processor.py:914} INFO - Processing file /opt/airflow/dags/branching_user_processing.py for tasks to queue
[2026-01-17T08:30:13.895+0000] {logging_mixin.py:190} INFO - [2026-01-17T08:30:13.895+0000] {dagbag.py:588} INFO - Filling up the DagBag from /opt/airflow/dags/branching_user_processing.py
[2026-01-17T08:30:14.445+0000] {processor.py:925} INFO - DAG(s) 'user_processing_branch' retrieved from /opt/airflow/dags/branching_user_processing.py
[2026-01-17T08:30:14.472+0000] {logging_mixin.py:190} INFO - [2026-01-17T08:30:14.472+0000] {dag.py:3239} INFO - Sync 1 DAGs
[2026-01-17T08:30:14.495+0000] {logging_mixin.py:190} INFO - [2026-01-17T08:30:14.495+0000] {dag.py:4180} INFO - Setting next_dagrun for user_processing_branch to 2026-01-16 00:00:00+00:00, run_after=2026-01-17 00:00:00+00:00
[2026-01-17T08:30:14.519+0000] {processor.py:208} INFO - Processing /opt/airflow/dags/branching_user_processing.py took 0.635 seconds
[2026-01-17T08:30:45.094+0000] {processor.py:186} INFO - Started process (PID=16639) to work on /opt/airflow/dags/branching_user_processing.py
[2026-01-17T08:30:45.096+0000] {processor.py:914} INFO - Processing file /opt/airflow/dags/branching_user_processing.py for tasks to queue
[2026-01-17T08:30:45.097+0000] {logging_mixin.py:190} INFO - [2026-01-17T08:30:45.097+0000] {dagbag.py:588} INFO - Filling up the DagBag from /opt/airflow/dags/branching_user_processing.py
[2026-01-17T08:30:45.825+0000] {processor.py:925} INFO - DAG(s) 'user_processing_branch' retrieved from /opt/airflow/dags/branching_user_processing.py
[2026-01-17T08:30:45.860+0000] {logging_mixin.py:190} INFO - [2026-01-17T08:30:45.859+0000] {dag.py:3239} INFO - Sync 1 DAGs
[2026-01-17T08:30:45.887+0000] {logging_mixin.py:190} INFO - [2026-01-17T08:30:45.886+0000] {dag.py:4180} INFO - Setting next_dagrun for user_processing_branch to 2026-01-16 00:00:00+00:00, run_after=2026-01-17 00:00:00+00:00
[2026-01-17T08:30:45.911+0000] {processor.py:208} INFO - Processing /opt/airflow/dags/branching_user_processing.py took 0.828 seconds
[2026-01-17T08:31:16.246+0000] {processor.py:186} INFO - Started process (PID=16662) to work on /opt/airflow/dags/branching_user_processing.py
[2026-01-17T08:31:16.248+0000] {processor.py:914} INFO - Processing file /opt/airflow/dags/branching_user_processing.py for tasks to queue
[2026-01-17T08:31:16.250+0000] {logging_mixin.py:190} INFO - [2026-01-17T08:31:16.250+0000] {dagbag.py:588} INFO - Filling up the DagBag from /opt/airflow/dags/branching_user_processing.py
[2026-01-17T08:31:16.990+0000] {processor.py:925} INFO - DAG(s) 'user_processing_branch' retrieved from /opt/airflow/dags/branching_user_processing.py
[2026-01-17T08:31:17.019+0000] {logging_mixin.py:190} INFO - [2026-01-17T08:31:17.018+0000] {dag.py:3239} INFO - Sync 1 DAGs
[2026-01-17T08:31:17.050+0000] {logging_mixin.py:190} INFO - [2026-01-17T08:31:17.050+0000] {dag.py:4180} INFO - Setting next_dagrun for user_processing_branch to 2026-01-16 00:00:00+00:00, run_after=2026-01-17 00:00:00+00:00
[2026-01-17T08:31:17.081+0000] {processor.py:208} INFO - Processing /opt/airflow/dags/branching_user_processing.py took 0.846 seconds
[2026-01-17T08:31:47.309+0000] {processor.py:186} INFO - Started process (PID=16686) to work on /opt/airflow/dags/branching_user_processing.py
[2026-01-17T08:31:47.311+0000] {processor.py:914} INFO - Processing file /opt/airflow/dags/branching_user_processing.py for tasks to queue
[2026-01-17T08:31:47.313+0000] {logging_mixin.py:190} INFO - [2026-01-17T08:31:47.312+0000] {dagbag.py:588} INFO - Filling up the DagBag from /opt/airflow/dags/branching_user_processing.py
[2026-01-17T08:31:48.033+0000] {processor.py:925} INFO - DAG(s) 'user_processing_branch' retrieved from /opt/airflow/dags/branching_user_processing.py
[2026-01-17T08:31:48.061+0000] {logging_mixin.py:190} INFO - [2026-01-17T08:31:48.061+0000] {dag.py:3239} INFO - Sync 1 DAGs
[2026-01-17T08:31:48.083+0000] {logging_mixin.py:190} INFO - [2026-01-17T08:31:48.083+0000] {dag.py:4180} INFO - Setting next_dagrun for user_processing_branch to 2026-01-16 00:00:00+00:00, run_after=2026-01-17 00:00:00+00:00
[2026-01-17T08:31:48.104+0000] {processor.py:208} INFO - Processing /opt/airflow/dags/branching_user_processing.py took 0.807 seconds
[2026-01-17T08:32:18.718+0000] {processor.py:186} INFO - Started process (PID=16710) to work on /opt/airflow/dags/branching_user_processing.py
[2026-01-17T08:32:18.721+0000] {processor.py:914} INFO - Processing file /opt/airflow/dags/branching_user_processing.py for tasks to queue
[2026-01-17T08:32:18.723+0000] {logging_mixin.py:190} INFO - [2026-01-17T08:32:18.723+0000] {dagbag.py:588} INFO - Filling up the DagBag from /opt/airflow/dags/branching_user_processing.py
[2026-01-17T08:32:19.426+0000] {processor.py:925} INFO - DAG(s) 'user_processing_branch' retrieved from /opt/airflow/dags/branching_user_processing.py
[2026-01-17T08:32:19.455+0000] {logging_mixin.py:190} INFO - [2026-01-17T08:32:19.455+0000] {dag.py:3239} INFO - Sync 1 DAGs
[2026-01-17T08:32:19.483+0000] {logging_mixin.py:190} INFO - [2026-01-17T08:32:19.483+0000] {dag.py:4180} INFO - Setting next_dagrun for user_processing_branch to 2026-01-16 00:00:00+00:00, run_after=2026-01-17 00:00:00+00:00
[2026-01-17T08:32:19.504+0000] {processor.py:208} INFO - Processing /opt/airflow/dags/branching_user_processing.py took 0.798 seconds
[2026-01-17T08:32:49.588+0000] {processor.py:186} INFO - Started process (PID=16734) to work on /opt/airflow/dags/branching_user_processing.py
[2026-01-17T08:32:49.589+0000] {processor.py:914} INFO - Processing file /opt/airflow/dags/branching_user_processing.py for tasks to queue
[2026-01-17T08:32:49.591+0000] {logging_mixin.py:190} INFO - [2026-01-17T08:32:49.591+0000] {dagbag.py:588} INFO - Filling up the DagBag from /opt/airflow/dags/branching_user_processing.py
[2026-01-17T08:32:50.449+0000] {processor.py:925} INFO - DAG(s) 'user_processing_branch' retrieved from /opt/airflow/dags/branching_user_processing.py
[2026-01-17T08:32:50.491+0000] {logging_mixin.py:190} INFO - [2026-01-17T08:32:50.490+0000] {dag.py:3239} INFO - Sync 1 DAGs
[2026-01-17T08:32:50.526+0000] {logging_mixin.py:190} INFO - [2026-01-17T08:32:50.525+0000] {dag.py:4180} INFO - Setting next_dagrun for user_processing_branch to 2026-01-16 00:00:00+00:00, run_after=2026-01-17 00:00:00+00:00
[2026-01-17T08:32:50.554+0000] {processor.py:208} INFO - Processing /opt/airflow/dags/branching_user_processing.py took 0.979 seconds
[2026-01-17T08:33:20.977+0000] {processor.py:186} INFO - Started process (PID=16758) to work on /opt/airflow/dags/branching_user_processing.py
[2026-01-17T08:33:20.978+0000] {processor.py:914} INFO - Processing file /opt/airflow/dags/branching_user_processing.py for tasks to queue
[2026-01-17T08:33:20.980+0000] {logging_mixin.py:190} INFO - [2026-01-17T08:33:20.980+0000] {dagbag.py:588} INFO - Filling up the DagBag from /opt/airflow/dags/branching_user_processing.py
[2026-01-17T08:33:21.748+0000] {processor.py:925} INFO - DAG(s) 'user_processing_branch' retrieved from /opt/airflow/dags/branching_user_processing.py
[2026-01-17T08:33:21.778+0000] {logging_mixin.py:190} INFO - [2026-01-17T08:33:21.778+0000] {dag.py:3239} INFO - Sync 1 DAGs
[2026-01-17T08:33:21.815+0000] {logging_mixin.py:190} INFO - [2026-01-17T08:33:21.814+0000] {dag.py:4180} INFO - Setting next_dagrun for user_processing_branch to 2026-01-16 00:00:00+00:00, run_after=2026-01-17 00:00:00+00:00
[2026-01-17T08:33:21.841+0000] {processor.py:208} INFO - Processing /opt/airflow/dags/branching_user_processing.py took 0.873 seconds
[2026-01-17T08:33:52.424+0000] {processor.py:186} INFO - Started process (PID=16782) to work on /opt/airflow/dags/branching_user_processing.py
[2026-01-17T08:33:52.425+0000] {processor.py:914} INFO - Processing file /opt/airflow/dags/branching_user_processing.py for tasks to queue
[2026-01-17T08:33:52.427+0000] {logging_mixin.py:190} INFO - [2026-01-17T08:33:52.427+0000] {dagbag.py:588} INFO - Filling up the DagBag from /opt/airflow/dags/branching_user_processing.py
[2026-01-17T08:33:53.094+0000] {processor.py:925} INFO - DAG(s) 'user_processing_branch' retrieved from /opt/airflow/dags/branching_user_processing.py
[2026-01-17T08:33:53.116+0000] {logging_mixin.py:190} INFO - [2026-01-17T08:33:53.116+0000] {dag.py:3239} INFO - Sync 1 DAGs
[2026-01-17T08:33:53.143+0000] {logging_mixin.py:190} INFO - [2026-01-17T08:33:53.142+0000] {dag.py:4180} INFO - Setting next_dagrun for user_processing_branch to 2026-01-16 00:00:00+00:00, run_after=2026-01-17 00:00:00+00:00
[2026-01-17T08:33:53.160+0000] {processor.py:208} INFO - Processing /opt/airflow/dags/branching_user_processing.py took 0.748 seconds
[2026-01-17T08:34:23.717+0000] {processor.py:186} INFO - Started process (PID=16806) to work on /opt/airflow/dags/branching_user_processing.py
[2026-01-17T08:34:23.719+0000] {processor.py:914} INFO - Processing file /opt/airflow/dags/branching_user_processing.py for tasks to queue
[2026-01-17T08:34:23.721+0000] {logging_mixin.py:190} INFO - [2026-01-17T08:34:23.720+0000] {dagbag.py:588} INFO - Filling up the DagBag from /opt/airflow/dags/branching_user_processing.py
[2026-01-17T08:34:24.546+0000] {processor.py:925} INFO - DAG(s) 'user_processing_branch' retrieved from /opt/airflow/dags/branching_user_processing.py
[2026-01-17T08:34:24.591+0000] {logging_mixin.py:190} INFO - [2026-01-17T08:34:24.591+0000] {dag.py:3239} INFO - Sync 1 DAGs
[2026-01-17T08:34:24.628+0000] {logging_mixin.py:190} INFO - [2026-01-17T08:34:24.628+0000] {dag.py:4180} INFO - Setting next_dagrun for user_processing_branch to 2026-01-16 00:00:00+00:00, run_after=2026-01-17 00:00:00+00:00
[2026-01-17T08:34:24.668+0000] {processor.py:208} INFO - Processing /opt/airflow/dags/branching_user_processing.py took 0.967 seconds
[2026-01-17T08:34:54.833+0000] {processor.py:186} INFO - Started process (PID=16837) to work on /opt/airflow/dags/branching_user_processing.py
[2026-01-17T08:34:54.836+0000] {processor.py:914} INFO - Processing file /opt/airflow/dags/branching_user_processing.py for tasks to queue
[2026-01-17T08:34:54.841+0000] {logging_mixin.py:190} INFO - [2026-01-17T08:34:54.839+0000] {dagbag.py:588} INFO - Filling up the DagBag from /opt/airflow/dags/branching_user_processing.py
[2026-01-17T08:34:55.752+0000] {processor.py:925} INFO - DAG(s) 'user_processing_branch' retrieved from /opt/airflow/dags/branching_user_processing.py
[2026-01-17T08:34:55.797+0000] {logging_mixin.py:190} INFO - [2026-01-17T08:34:55.796+0000] {dag.py:3239} INFO - Sync 1 DAGs
[2026-01-17T08:34:55.847+0000] {logging_mixin.py:190} INFO - [2026-01-17T08:34:55.846+0000] {dag.py:4180} INFO - Setting next_dagrun for user_processing_branch to 2026-01-16 00:00:00+00:00, run_after=2026-01-17 00:00:00+00:00
[2026-01-17T08:34:55.893+0000] {processor.py:208} INFO - Processing /opt/airflow/dags/branching_user_processing.py took 1.079 seconds
[2026-01-17T08:35:26.052+0000] {processor.py:186} INFO - Started process (PID=16861) to work on /opt/airflow/dags/branching_user_processing.py
[2026-01-17T08:35:26.053+0000] {processor.py:914} INFO - Processing file /opt/airflow/dags/branching_user_processing.py for tasks to queue
[2026-01-17T08:35:26.055+0000] {logging_mixin.py:190} INFO - [2026-01-17T08:35:26.055+0000] {dagbag.py:588} INFO - Filling up the DagBag from /opt/airflow/dags/branching_user_processing.py
[2026-01-17T08:35:26.773+0000] {processor.py:925} INFO - DAG(s) 'user_processing_branch' retrieved from /opt/airflow/dags/branching_user_processing.py
[2026-01-17T08:35:26.801+0000] {logging_mixin.py:190} INFO - [2026-01-17T08:35:26.801+0000] {dag.py:3239} INFO - Sync 1 DAGs
[2026-01-17T08:35:26.836+0000] {logging_mixin.py:190} INFO - [2026-01-17T08:35:26.835+0000] {dag.py:4180} INFO - Setting next_dagrun for user_processing_branch to 2026-01-16 00:00:00+00:00, run_after=2026-01-17 00:00:00+00:00
[2026-01-17T08:35:26.855+0000] {processor.py:208} INFO - Processing /opt/airflow/dags/branching_user_processing.py took 0.812 seconds
[2026-01-17T08:35:56.973+0000] {processor.py:186} INFO - Started process (PID=16885) to work on /opt/airflow/dags/branching_user_processing.py
[2026-01-17T08:35:56.975+0000] {processor.py:914} INFO - Processing file /opt/airflow/dags/branching_user_processing.py for tasks to queue
[2026-01-17T08:35:56.976+0000] {logging_mixin.py:190} INFO - [2026-01-17T08:35:56.976+0000] {dagbag.py:588} INFO - Filling up the DagBag from /opt/airflow/dags/branching_user_processing.py
[2026-01-17T08:35:57.620+0000] {processor.py:925} INFO - DAG(s) 'user_processing_branch' retrieved from /opt/airflow/dags/branching_user_processing.py
[2026-01-17T08:35:57.651+0000] {logging_mixin.py:190} INFO - [2026-01-17T08:35:57.651+0000] {dag.py:3239} INFO - Sync 1 DAGs
[2026-01-17T08:35:57.680+0000] {logging_mixin.py:190} INFO - [2026-01-17T08:35:57.680+0000] {dag.py:4180} INFO - Setting next_dagrun for user_processing_branch to 2026-01-16 00:00:00+00:00, run_after=2026-01-17 00:00:00+00:00
[2026-01-17T08:35:57.702+0000] {processor.py:208} INFO - Processing /opt/airflow/dags/branching_user_processing.py took 0.738 seconds
[2026-01-17T08:36:28.509+0000] {processor.py:186} INFO - Started process (PID=16909) to work on /opt/airflow/dags/branching_user_processing.py
[2026-01-17T08:36:28.511+0000] {processor.py:914} INFO - Processing file /opt/airflow/dags/branching_user_processing.py for tasks to queue
[2026-01-17T08:36:28.513+0000] {logging_mixin.py:190} INFO - [2026-01-17T08:36:28.512+0000] {dagbag.py:588} INFO - Filling up the DagBag from /opt/airflow/dags/branching_user_processing.py
[2026-01-17T08:36:29.198+0000] {processor.py:925} INFO - DAG(s) 'user_processing_branch' retrieved from /opt/airflow/dags/branching_user_processing.py
[2026-01-17T08:36:29.228+0000] {logging_mixin.py:190} INFO - [2026-01-17T08:36:29.227+0000] {dag.py:3239} INFO - Sync 1 DAGs
[2026-01-17T08:36:29.265+0000] {logging_mixin.py:190} INFO - [2026-01-17T08:36:29.264+0000] {dag.py:4180} INFO - Setting next_dagrun for user_processing_branch to 2026-01-16 00:00:00+00:00, run_after=2026-01-17 00:00:00+00:00
[2026-01-17T08:36:29.290+0000] {processor.py:208} INFO - Processing /opt/airflow/dags/branching_user_processing.py took 0.793 seconds
[2026-01-17T08:36:59.454+0000] {processor.py:186} INFO - Started process (PID=16934) to work on /opt/airflow/dags/branching_user_processing.py
[2026-01-17T08:36:59.457+0000] {processor.py:914} INFO - Processing file /opt/airflow/dags/branching_user_processing.py for tasks to queue
[2026-01-17T08:36:59.459+0000] {logging_mixin.py:190} INFO - [2026-01-17T08:36:59.459+0000] {dagbag.py:588} INFO - Filling up the DagBag from /opt/airflow/dags/branching_user_processing.py
[2026-01-17T08:37:00.302+0000] {processor.py:925} INFO - DAG(s) 'user_processing_branch' retrieved from /opt/airflow/dags/branching_user_processing.py
[2026-01-17T08:37:00.340+0000] {logging_mixin.py:190} INFO - [2026-01-17T08:37:00.339+0000] {dag.py:3239} INFO - Sync 1 DAGs
[2026-01-17T08:37:00.380+0000] {logging_mixin.py:190} INFO - [2026-01-17T08:37:00.380+0000] {dag.py:4180} INFO - Setting next_dagrun for user_processing_branch to 2026-01-16 00:00:00+00:00, run_after=2026-01-17 00:00:00+00:00
[2026-01-17T08:37:00.419+0000] {processor.py:208} INFO - Processing /opt/airflow/dags/branching_user_processing.py took 0.989 seconds
[2026-01-17T08:37:30.656+0000] {processor.py:186} INFO - Started process (PID=16957) to work on /opt/airflow/dags/branching_user_processing.py
[2026-01-17T08:37:30.659+0000] {processor.py:914} INFO - Processing file /opt/airflow/dags/branching_user_processing.py for tasks to queue
[2026-01-17T08:37:30.661+0000] {logging_mixin.py:190} INFO - [2026-01-17T08:37:30.661+0000] {dagbag.py:588} INFO - Filling up the DagBag from /opt/airflow/dags/branching_user_processing.py
[2026-01-17T08:37:31.490+0000] {processor.py:925} INFO - DAG(s) 'user_processing_branch' retrieved from /opt/airflow/dags/branching_user_processing.py
[2026-01-17T08:37:31.541+0000] {logging_mixin.py:190} INFO - [2026-01-17T08:37:31.540+0000] {dag.py:3239} INFO - Sync 1 DAGs
[2026-01-17T08:37:31.585+0000] {logging_mixin.py:190} INFO - [2026-01-17T08:37:31.585+0000] {dag.py:4180} INFO - Setting next_dagrun for user_processing_branch to 2026-01-16 00:00:00+00:00, run_after=2026-01-17 00:00:00+00:00
[2026-01-17T08:37:31.614+0000] {processor.py:208} INFO - Processing /opt/airflow/dags/branching_user_processing.py took 0.974 seconds
[2026-01-17T08:38:01.968+0000] {processor.py:186} INFO - Started process (PID=16981) to work on /opt/airflow/dags/branching_user_processing.py
[2026-01-17T08:38:01.970+0000] {processor.py:914} INFO - Processing file /opt/airflow/dags/branching_user_processing.py for tasks to queue
[2026-01-17T08:38:01.973+0000] {logging_mixin.py:190} INFO - [2026-01-17T08:38:01.972+0000] {dagbag.py:588} INFO - Filling up the DagBag from /opt/airflow/dags/branching_user_processing.py
[2026-01-17T08:38:02.764+0000] {processor.py:925} INFO - DAG(s) 'user_processing_branch' retrieved from /opt/airflow/dags/branching_user_processing.py
[2026-01-17T08:38:02.797+0000] {logging_mixin.py:190} INFO - [2026-01-17T08:38:02.796+0000] {dag.py:3239} INFO - Sync 1 DAGs
[2026-01-17T08:38:02.895+0000] {logging_mixin.py:190} INFO - [2026-01-17T08:38:02.893+0000] {dag.py:4180} INFO - Setting next_dagrun for user_processing_branch to 2026-01-16 00:00:00+00:00, run_after=2026-01-17 00:00:00+00:00
[2026-01-17T08:38:02.913+0000] {processor.py:208} INFO - Processing /opt/airflow/dags/branching_user_processing.py took 0.959 seconds
[2026-01-17T08:38:33.179+0000] {processor.py:186} INFO - Started process (PID=17005) to work on /opt/airflow/dags/branching_user_processing.py
[2026-01-17T08:38:33.181+0000] {processor.py:914} INFO - Processing file /opt/airflow/dags/branching_user_processing.py for tasks to queue
[2026-01-17T08:38:33.183+0000] {logging_mixin.py:190} INFO - [2026-01-17T08:38:33.182+0000] {dagbag.py:588} INFO - Filling up the DagBag from /opt/airflow/dags/branching_user_processing.py
[2026-01-17T08:38:34.240+0000] {processor.py:925} INFO - DAG(s) 'user_processing_branch' retrieved from /opt/airflow/dags/branching_user_processing.py
[2026-01-17T08:38:34.296+0000] {logging_mixin.py:190} INFO - [2026-01-17T08:38:34.295+0000] {dag.py:3239} INFO - Sync 1 DAGs
[2026-01-17T08:38:34.344+0000] {logging_mixin.py:190} INFO - [2026-01-17T08:38:34.343+0000] {dag.py:4180} INFO - Setting next_dagrun for user_processing_branch to 2026-01-16 00:00:00+00:00, run_after=2026-01-17 00:00:00+00:00
[2026-01-17T08:38:34.382+0000] {processor.py:208} INFO - Processing /opt/airflow/dags/branching_user_processing.py took 1.217 seconds
[2026-01-17T08:39:04.733+0000] {processor.py:186} INFO - Started process (PID=17029) to work on /opt/airflow/dags/branching_user_processing.py
[2026-01-17T08:39:04.736+0000] {processor.py:914} INFO - Processing file /opt/airflow/dags/branching_user_processing.py for tasks to queue
[2026-01-17T08:39:04.737+0000] {logging_mixin.py:190} INFO - [2026-01-17T08:39:04.737+0000] {dagbag.py:588} INFO - Filling up the DagBag from /opt/airflow/dags/branching_user_processing.py
[2026-01-17T08:39:05.613+0000] {processor.py:925} INFO - DAG(s) 'user_processing_branch' retrieved from /opt/airflow/dags/branching_user_processing.py
[2026-01-17T08:39:05.652+0000] {logging_mixin.py:190} INFO - [2026-01-17T08:39:05.651+0000] {dag.py:3239} INFO - Sync 1 DAGs
[2026-01-17T08:39:05.700+0000] {logging_mixin.py:190} INFO - [2026-01-17T08:39:05.699+0000] {dag.py:4180} INFO - Setting next_dagrun for user_processing_branch to 2026-01-16 00:00:00+00:00, run_after=2026-01-17 00:00:00+00:00
[2026-01-17T08:39:05.737+0000] {processor.py:208} INFO - Processing /opt/airflow/dags/branching_user_processing.py took 1.019 seconds
[2026-01-17T08:39:36.051+0000] {processor.py:186} INFO - Started process (PID=17054) to work on /opt/airflow/dags/branching_user_processing.py
[2026-01-17T08:39:36.053+0000] {processor.py:914} INFO - Processing file /opt/airflow/dags/branching_user_processing.py for tasks to queue
[2026-01-17T08:39:36.055+0000] {logging_mixin.py:190} INFO - [2026-01-17T08:39:36.054+0000] {dagbag.py:588} INFO - Filling up the DagBag from /opt/airflow/dags/branching_user_processing.py
[2026-01-17T08:39:36.904+0000] {processor.py:925} INFO - DAG(s) 'user_processing_branch' retrieved from /opt/airflow/dags/branching_user_processing.py
[2026-01-17T08:39:36.934+0000] {logging_mixin.py:190} INFO - [2026-01-17T08:39:36.933+0000] {dag.py:3239} INFO - Sync 1 DAGs
[2026-01-17T08:39:36.965+0000] {logging_mixin.py:190} INFO - [2026-01-17T08:39:36.965+0000] {dag.py:4180} INFO - Setting next_dagrun for user_processing_branch to 2026-01-16 00:00:00+00:00, run_after=2026-01-17 00:00:00+00:00
[2026-01-17T08:39:36.994+0000] {processor.py:208} INFO - Processing /opt/airflow/dags/branching_user_processing.py took 0.955 seconds
[2026-01-17T08:40:07.094+0000] {processor.py:186} INFO - Started process (PID=17078) to work on /opt/airflow/dags/branching_user_processing.py
[2026-01-17T08:40:07.096+0000] {processor.py:914} INFO - Processing file /opt/airflow/dags/branching_user_processing.py for tasks to queue
[2026-01-17T08:40:07.099+0000] {logging_mixin.py:190} INFO - [2026-01-17T08:40:07.098+0000] {dagbag.py:588} INFO - Filling up the DagBag from /opt/airflow/dags/branching_user_processing.py
[2026-01-17T08:40:07.971+0000] {processor.py:925} INFO - DAG(s) 'user_processing_branch' retrieved from /opt/airflow/dags/branching_user_processing.py
[2026-01-17T08:40:08.016+0000] {logging_mixin.py:190} INFO - [2026-01-17T08:40:08.015+0000] {dag.py:3239} INFO - Sync 1 DAGs
[2026-01-17T08:40:08.060+0000] {logging_mixin.py:190} INFO - [2026-01-17T08:40:08.060+0000] {dag.py:4180} INFO - Setting next_dagrun for user_processing_branch to 2026-01-16 00:00:00+00:00, run_after=2026-01-17 00:00:00+00:00
[2026-01-17T08:40:08.084+0000] {processor.py:208} INFO - Processing /opt/airflow/dags/branching_user_processing.py took 1.008 seconds
[2026-01-17T08:40:38.263+0000] {processor.py:186} INFO - Started process (PID=17101) to work on /opt/airflow/dags/branching_user_processing.py
[2026-01-17T08:40:38.264+0000] {processor.py:914} INFO - Processing file /opt/airflow/dags/branching_user_processing.py for tasks to queue
[2026-01-17T08:40:38.266+0000] {logging_mixin.py:190} INFO - [2026-01-17T08:40:38.266+0000] {dagbag.py:588} INFO - Filling up the DagBag from /opt/airflow/dags/branching_user_processing.py
[2026-01-17T08:40:38.992+0000] {processor.py:925} INFO - DAG(s) 'user_processing_branch' retrieved from /opt/airflow/dags/branching_user_processing.py
[2026-01-17T08:40:39.030+0000] {logging_mixin.py:190} INFO - [2026-01-17T08:40:39.029+0000] {dag.py:3239} INFO - Sync 1 DAGs
[2026-01-17T08:40:39.064+0000] {logging_mixin.py:190} INFO - [2026-01-17T08:40:39.064+0000] {dag.py:4180} INFO - Setting next_dagrun for user_processing_branch to 2026-01-16 00:00:00+00:00, run_after=2026-01-17 00:00:00+00:00
[2026-01-17T08:40:39.095+0000] {processor.py:208} INFO - Processing /opt/airflow/dags/branching_user_processing.py took 0.842 seconds
[2026-01-17T08:41:10.150+0000] {processor.py:186} INFO - Started process (PID=17127) to work on /opt/airflow/dags/branching_user_processing.py
[2026-01-17T08:41:10.152+0000] {processor.py:914} INFO - Processing file /opt/airflow/dags/branching_user_processing.py for tasks to queue
[2026-01-17T08:41:10.154+0000] {logging_mixin.py:190} INFO - [2026-01-17T08:41:10.154+0000] {dagbag.py:588} INFO - Filling up the DagBag from /opt/airflow/dags/branching_user_processing.py
[2026-01-17T08:41:10.855+0000] {processor.py:925} INFO - DAG(s) 'user_processing_branch' retrieved from /opt/airflow/dags/branching_user_processing.py
[2026-01-17T08:41:10.886+0000] {logging_mixin.py:190} INFO - [2026-01-17T08:41:10.885+0000] {dag.py:3239} INFO - Sync 1 DAGs
[2026-01-17T08:41:10.915+0000] {logging_mixin.py:190} INFO - [2026-01-17T08:41:10.915+0000] {dag.py:4180} INFO - Setting next_dagrun for user_processing_branch to 2026-01-16 00:00:00+00:00, run_after=2026-01-17 00:00:00+00:00
[2026-01-17T08:41:10.940+0000] {processor.py:208} INFO - Processing /opt/airflow/dags/branching_user_processing.py took 0.801 seconds
[2026-01-17T08:41:41.403+0000] {processor.py:186} INFO - Started process (PID=17150) to work on /opt/airflow/dags/branching_user_processing.py
[2026-01-17T08:41:41.405+0000] {processor.py:914} INFO - Processing file /opt/airflow/dags/branching_user_processing.py for tasks to queue
[2026-01-17T08:41:41.408+0000] {logging_mixin.py:190} INFO - [2026-01-17T08:41:41.407+0000] {dagbag.py:588} INFO - Filling up the DagBag from /opt/airflow/dags/branching_user_processing.py
[2026-01-17T08:41:42.157+0000] {processor.py:925} INFO - DAG(s) 'user_processing_branch' retrieved from /opt/airflow/dags/branching_user_processing.py
[2026-01-17T08:41:42.182+0000] {logging_mixin.py:190} INFO - [2026-01-17T08:41:42.181+0000] {dag.py:3239} INFO - Sync 1 DAGs
[2026-01-17T08:41:42.211+0000] {logging_mixin.py:190} INFO - [2026-01-17T08:41:42.210+0000] {dag.py:4180} INFO - Setting next_dagrun for user_processing_branch to 2026-01-16 00:00:00+00:00, run_after=2026-01-17 00:00:00+00:00
[2026-01-17T08:41:42.231+0000] {processor.py:208} INFO - Processing /opt/airflow/dags/branching_user_processing.py took 0.844 seconds
[2026-01-17T08:42:12.828+0000] {processor.py:186} INFO - Started process (PID=17174) to work on /opt/airflow/dags/branching_user_processing.py
[2026-01-17T08:42:12.830+0000] {processor.py:914} INFO - Processing file /opt/airflow/dags/branching_user_processing.py for tasks to queue
[2026-01-17T08:42:12.832+0000] {logging_mixin.py:190} INFO - [2026-01-17T08:42:12.831+0000] {dagbag.py:588} INFO - Filling up the DagBag from /opt/airflow/dags/branching_user_processing.py
[2026-01-17T08:42:13.588+0000] {processor.py:925} INFO - DAG(s) 'user_processing_branch' retrieved from /opt/airflow/dags/branching_user_processing.py
[2026-01-17T08:42:13.627+0000] {logging_mixin.py:190} INFO - [2026-01-17T08:42:13.626+0000] {dag.py:3239} INFO - Sync 1 DAGs
[2026-01-17T08:42:13.661+0000] {logging_mixin.py:190} INFO - [2026-01-17T08:42:13.661+0000] {dag.py:4180} INFO - Setting next_dagrun for user_processing_branch to 2026-01-16 00:00:00+00:00, run_after=2026-01-17 00:00:00+00:00
[2026-01-17T08:42:13.701+0000] {processor.py:208} INFO - Processing /opt/airflow/dags/branching_user_processing.py took 0.884 seconds
[2026-01-17T08:42:44.357+0000] {processor.py:186} INFO - Started process (PID=17198) to work on /opt/airflow/dags/branching_user_processing.py
[2026-01-17T08:42:44.359+0000] {processor.py:914} INFO - Processing file /opt/airflow/dags/branching_user_processing.py for tasks to queue
[2026-01-17T08:42:44.362+0000] {logging_mixin.py:190} INFO - [2026-01-17T08:42:44.361+0000] {dagbag.py:588} INFO - Filling up the DagBag from /opt/airflow/dags/branching_user_processing.py
[2026-01-17T08:42:45.070+0000] {processor.py:925} INFO - DAG(s) 'user_processing_branch' retrieved from /opt/airflow/dags/branching_user_processing.py
[2026-01-17T08:42:45.107+0000] {logging_mixin.py:190} INFO - [2026-01-17T08:42:45.106+0000] {dag.py:3239} INFO - Sync 1 DAGs
[2026-01-17T08:42:45.147+0000] {logging_mixin.py:190} INFO - [2026-01-17T08:42:45.146+0000] {dag.py:4180} INFO - Setting next_dagrun for user_processing_branch to 2026-01-16 00:00:00+00:00, run_after=2026-01-17 00:00:00+00:00
[2026-01-17T08:42:45.188+0000] {processor.py:208} INFO - Processing /opt/airflow/dags/branching_user_processing.py took 0.842 seconds
[2026-01-17T08:43:16.104+0000] {processor.py:186} INFO - Started process (PID=17221) to work on /opt/airflow/dags/branching_user_processing.py
[2026-01-17T08:43:16.105+0000] {processor.py:914} INFO - Processing file /opt/airflow/dags/branching_user_processing.py for tasks to queue
[2026-01-17T08:43:16.108+0000] {logging_mixin.py:190} INFO - [2026-01-17T08:43:16.107+0000] {dagbag.py:588} INFO - Filling up the DagBag from /opt/airflow/dags/branching_user_processing.py
[2026-01-17T08:43:17.022+0000] {processor.py:925} INFO - DAG(s) 'user_processing_branch' retrieved from /opt/airflow/dags/branching_user_processing.py
[2026-01-17T08:43:17.071+0000] {logging_mixin.py:190} INFO - [2026-01-17T08:43:17.070+0000] {dag.py:3239} INFO - Sync 1 DAGs
[2026-01-17T08:43:17.115+0000] {logging_mixin.py:190} INFO - [2026-01-17T08:43:17.114+0000] {dag.py:4180} INFO - Setting next_dagrun for user_processing_branch to 2026-01-16 00:00:00+00:00, run_after=2026-01-17 00:00:00+00:00
[2026-01-17T08:43:17.144+0000] {processor.py:208} INFO - Processing /opt/airflow/dags/branching_user_processing.py took 1.054 seconds
[2026-01-17T08:43:47.646+0000] {processor.py:186} INFO - Started process (PID=17245) to work on /opt/airflow/dags/branching_user_processing.py
[2026-01-17T08:43:47.648+0000] {processor.py:914} INFO - Processing file /opt/airflow/dags/branching_user_processing.py for tasks to queue
[2026-01-17T08:43:47.651+0000] {logging_mixin.py:190} INFO - [2026-01-17T08:43:47.650+0000] {dagbag.py:588} INFO - Filling up the DagBag from /opt/airflow/dags/branching_user_processing.py
[2026-01-17T08:43:48.712+0000] {processor.py:925} INFO - DAG(s) 'user_processing_branch' retrieved from /opt/airflow/dags/branching_user_processing.py
[2026-01-17T08:43:48.771+0000] {logging_mixin.py:190} INFO - [2026-01-17T08:43:48.770+0000] {dag.py:3239} INFO - Sync 1 DAGs
[2026-01-17T08:43:48.824+0000] {logging_mixin.py:190} INFO - [2026-01-17T08:43:48.823+0000] {dag.py:4180} INFO - Setting next_dagrun for user_processing_branch to 2026-01-16 00:00:00+00:00, run_after=2026-01-17 00:00:00+00:00
[2026-01-17T08:43:48.859+0000] {processor.py:208} INFO - Processing /opt/airflow/dags/branching_user_processing.py took 1.225 seconds
[2026-01-17T08:44:19.555+0000] {processor.py:186} INFO - Started process (PID=17269) to work on /opt/airflow/dags/branching_user_processing.py
[2026-01-17T08:44:19.556+0000] {processor.py:914} INFO - Processing file /opt/airflow/dags/branching_user_processing.py for tasks to queue
[2026-01-17T08:44:19.557+0000] {logging_mixin.py:190} INFO - [2026-01-17T08:44:19.557+0000] {dagbag.py:588} INFO - Filling up the DagBag from /opt/airflow/dags/branching_user_processing.py
[2026-01-17T08:44:20.296+0000] {processor.py:925} INFO - DAG(s) 'user_processing_branch' retrieved from /opt/airflow/dags/branching_user_processing.py
[2026-01-17T08:44:20.347+0000] {logging_mixin.py:190} INFO - [2026-01-17T08:44:20.346+0000] {dag.py:3239} INFO - Sync 1 DAGs
[2026-01-17T08:44:20.391+0000] {logging_mixin.py:190} INFO - [2026-01-17T08:44:20.390+0000] {dag.py:4180} INFO - Setting next_dagrun for user_processing_branch to 2026-01-16 00:00:00+00:00, run_after=2026-01-17 00:00:00+00:00
[2026-01-17T08:44:20.417+0000] {processor.py:208} INFO - Processing /opt/airflow/dags/branching_user_processing.py took 0.873 seconds
[2026-01-17T08:44:50.824+0000] {processor.py:186} INFO - Started process (PID=17293) to work on /opt/airflow/dags/branching_user_processing.py
[2026-01-17T08:44:50.825+0000] {processor.py:914} INFO - Processing file /opt/airflow/dags/branching_user_processing.py for tasks to queue
[2026-01-17T08:44:50.827+0000] {logging_mixin.py:190} INFO - [2026-01-17T08:44:50.826+0000] {dagbag.py:588} INFO - Filling up the DagBag from /opt/airflow/dags/branching_user_processing.py
[2026-01-17T08:44:51.579+0000] {processor.py:925} INFO - DAG(s) 'user_processing_branch' retrieved from /opt/airflow/dags/branching_user_processing.py
[2026-01-17T08:44:51.624+0000] {logging_mixin.py:190} INFO - [2026-01-17T08:44:51.623+0000] {dag.py:3239} INFO - Sync 1 DAGs
[2026-01-17T08:44:51.666+0000] {logging_mixin.py:190} INFO - [2026-01-17T08:44:51.666+0000] {dag.py:4180} INFO - Setting next_dagrun for user_processing_branch to 2026-01-16 00:00:00+00:00, run_after=2026-01-17 00:00:00+00:00
[2026-01-17T08:44:51.707+0000] {processor.py:208} INFO - Processing /opt/airflow/dags/branching_user_processing.py took 0.892 seconds
[2026-01-17T08:45:22.212+0000] {processor.py:186} INFO - Started process (PID=17317) to work on /opt/airflow/dags/branching_user_processing.py
[2026-01-17T08:45:22.214+0000] {processor.py:914} INFO - Processing file /opt/airflow/dags/branching_user_processing.py for tasks to queue
[2026-01-17T08:45:22.215+0000] {logging_mixin.py:190} INFO - [2026-01-17T08:45:22.215+0000] {dagbag.py:588} INFO - Filling up the DagBag from /opt/airflow/dags/branching_user_processing.py
[2026-01-17T08:45:22.972+0000] {processor.py:925} INFO - DAG(s) 'user_processing_branch' retrieved from /opt/airflow/dags/branching_user_processing.py
[2026-01-17T08:45:23.005+0000] {logging_mixin.py:190} INFO - [2026-01-17T08:45:23.004+0000] {dag.py:3239} INFO - Sync 1 DAGs
[2026-01-17T08:45:23.035+0000] {logging_mixin.py:190} INFO - [2026-01-17T08:45:23.035+0000] {dag.py:4180} INFO - Setting next_dagrun for user_processing_branch to 2026-01-16 00:00:00+00:00, run_after=2026-01-17 00:00:00+00:00
[2026-01-17T08:45:23.055+0000] {processor.py:208} INFO - Processing /opt/airflow/dags/branching_user_processing.py took 0.852 seconds
[2026-01-17T08:45:53.474+0000] {processor.py:186} INFO - Started process (PID=17341) to work on /opt/airflow/dags/branching_user_processing.py
[2026-01-17T08:45:53.475+0000] {processor.py:914} INFO - Processing file /opt/airflow/dags/branching_user_processing.py for tasks to queue
[2026-01-17T08:45:53.477+0000] {logging_mixin.py:190} INFO - [2026-01-17T08:45:53.477+0000] {dagbag.py:588} INFO - Filling up the DagBag from /opt/airflow/dags/branching_user_processing.py
[2026-01-17T08:45:54.132+0000] {processor.py:925} INFO - DAG(s) 'user_processing_branch' retrieved from /opt/airflow/dags/branching_user_processing.py
[2026-01-17T08:45:54.162+0000] {logging_mixin.py:190} INFO - [2026-01-17T08:45:54.162+0000] {dag.py:3239} INFO - Sync 1 DAGs
[2026-01-17T08:45:54.189+0000] {logging_mixin.py:190} INFO - [2026-01-17T08:45:54.189+0000] {dag.py:4180} INFO - Setting next_dagrun for user_processing_branch to 2026-01-16 00:00:00+00:00, run_after=2026-01-17 00:00:00+00:00
[2026-01-17T08:45:54.204+0000] {processor.py:208} INFO - Processing /opt/airflow/dags/branching_user_processing.py took 0.741 seconds
[2026-01-17T08:46:24.775+0000] {processor.py:186} INFO - Started process (PID=17365) to work on /opt/airflow/dags/branching_user_processing.py
[2026-01-17T08:46:24.776+0000] {processor.py:914} INFO - Processing file /opt/airflow/dags/branching_user_processing.py for tasks to queue
[2026-01-17T08:46:24.778+0000] {logging_mixin.py:190} INFO - [2026-01-17T08:46:24.778+0000] {dagbag.py:588} INFO - Filling up the DagBag from /opt/airflow/dags/branching_user_processing.py
[2026-01-17T08:46:25.472+0000] {processor.py:925} INFO - DAG(s) 'user_processing_branch' retrieved from /opt/airflow/dags/branching_user_processing.py
[2026-01-17T08:46:25.503+0000] {logging_mixin.py:190} INFO - [2026-01-17T08:46:25.502+0000] {dag.py:3239} INFO - Sync 1 DAGs
[2026-01-17T08:46:25.536+0000] {logging_mixin.py:190} INFO - [2026-01-17T08:46:25.536+0000] {dag.py:4180} INFO - Setting next_dagrun for user_processing_branch to 2026-01-16 00:00:00+00:00, run_after=2026-01-17 00:00:00+00:00
[2026-01-17T08:46:25.556+0000] {processor.py:208} INFO - Processing /opt/airflow/dags/branching_user_processing.py took 0.791 seconds
[2026-01-17T08:46:55.845+0000] {processor.py:186} INFO - Started process (PID=17389) to work on /opt/airflow/dags/branching_user_processing.py
[2026-01-17T08:46:55.846+0000] {processor.py:914} INFO - Processing file /opt/airflow/dags/branching_user_processing.py for tasks to queue
[2026-01-17T08:46:55.849+0000] {logging_mixin.py:190} INFO - [2026-01-17T08:46:55.848+0000] {dagbag.py:588} INFO - Filling up the DagBag from /opt/airflow/dags/branching_user_processing.py
[2026-01-17T08:46:56.523+0000] {processor.py:925} INFO - DAG(s) 'user_processing_branch' retrieved from /opt/airflow/dags/branching_user_processing.py
[2026-01-17T08:46:56.549+0000] {logging_mixin.py:190} INFO - [2026-01-17T08:46:56.549+0000] {dag.py:3239} INFO - Sync 1 DAGs
[2026-01-17T08:46:56.573+0000] {logging_mixin.py:190} INFO - [2026-01-17T08:46:56.573+0000] {dag.py:4180} INFO - Setting next_dagrun for user_processing_branch to 2026-01-16 00:00:00+00:00, run_after=2026-01-17 00:00:00+00:00
[2026-01-17T08:46:56.594+0000] {processor.py:208} INFO - Processing /opt/airflow/dags/branching_user_processing.py took 0.758 seconds
[2026-01-17T08:47:27.505+0000] {processor.py:186} INFO - Started process (PID=17418) to work on /opt/airflow/dags/branching_user_processing.py
[2026-01-17T08:47:27.508+0000] {processor.py:914} INFO - Processing file /opt/airflow/dags/branching_user_processing.py for tasks to queue
[2026-01-17T08:47:27.511+0000] {logging_mixin.py:190} INFO - [2026-01-17T08:47:27.511+0000] {dagbag.py:588} INFO - Filling up the DagBag from /opt/airflow/dags/branching_user_processing.py
[2026-01-17T08:47:28.336+0000] {processor.py:925} INFO - DAG(s) 'user_processing_branch' retrieved from /opt/airflow/dags/branching_user_processing.py
[2026-01-17T08:47:28.376+0000] {logging_mixin.py:190} INFO - [2026-01-17T08:47:28.376+0000] {dag.py:3239} INFO - Sync 1 DAGs
[2026-01-17T08:47:28.417+0000] {logging_mixin.py:190} INFO - [2026-01-17T08:47:28.417+0000] {dag.py:4180} INFO - Setting next_dagrun for user_processing_branch to 2026-01-16 00:00:00+00:00, run_after=2026-01-17 00:00:00+00:00
[2026-01-17T08:47:28.441+0000] {processor.py:208} INFO - Processing /opt/airflow/dags/branching_user_processing.py took 0.962 seconds
[2026-01-17T08:47:58.832+0000] {processor.py:186} INFO - Started process (PID=17443) to work on /opt/airflow/dags/branching_user_processing.py
[2026-01-17T08:47:58.834+0000] {processor.py:914} INFO - Processing file /opt/airflow/dags/branching_user_processing.py for tasks to queue
[2026-01-17T08:47:58.836+0000] {logging_mixin.py:190} INFO - [2026-01-17T08:47:58.835+0000] {dagbag.py:588} INFO - Filling up the DagBag from /opt/airflow/dags/branching_user_processing.py
[2026-01-17T08:47:59.965+0000] {processor.py:925} INFO - DAG(s) 'user_processing_branch' retrieved from /opt/airflow/dags/branching_user_processing.py
[2026-01-17T08:48:00.045+0000] {logging_mixin.py:190} INFO - [2026-01-17T08:48:00.044+0000] {dag.py:3239} INFO - Sync 1 DAGs
[2026-01-17T08:48:00.118+0000] {logging_mixin.py:190} INFO - [2026-01-17T08:48:00.118+0000] {dag.py:4180} INFO - Setting next_dagrun for user_processing_branch to 2026-01-16 00:00:00+00:00, run_after=2026-01-17 00:00:00+00:00
[2026-01-17T08:48:00.179+0000] {processor.py:208} INFO - Processing /opt/airflow/dags/branching_user_processing.py took 1.363 seconds
[2026-01-17T08:48:31.006+0000] {processor.py:186} INFO - Started process (PID=17467) to work on /opt/airflow/dags/branching_user_processing.py
[2026-01-17T08:48:31.008+0000] {processor.py:914} INFO - Processing file /opt/airflow/dags/branching_user_processing.py for tasks to queue
[2026-01-17T08:48:31.011+0000] {logging_mixin.py:190} INFO - [2026-01-17T08:48:31.010+0000] {dagbag.py:588} INFO - Filling up the DagBag from /opt/airflow/dags/branching_user_processing.py
[2026-01-17T08:48:31.897+0000] {processor.py:925} INFO - DAG(s) 'user_processing_branch' retrieved from /opt/airflow/dags/branching_user_processing.py
[2026-01-17T08:48:31.930+0000] {logging_mixin.py:190} INFO - [2026-01-17T08:48:31.930+0000] {dag.py:3239} INFO - Sync 1 DAGs
[2026-01-17T08:48:31.962+0000] {logging_mixin.py:190} INFO - [2026-01-17T08:48:31.962+0000] {dag.py:4180} INFO - Setting next_dagrun for user_processing_branch to 2026-01-16 00:00:00+00:00, run_after=2026-01-17 00:00:00+00:00
[2026-01-17T08:48:31.989+0000] {processor.py:208} INFO - Processing /opt/airflow/dags/branching_user_processing.py took 0.998 seconds
[2026-01-17T08:49:02.491+0000] {processor.py:186} INFO - Started process (PID=17491) to work on /opt/airflow/dags/branching_user_processing.py
[2026-01-17T08:49:02.492+0000] {processor.py:914} INFO - Processing file /opt/airflow/dags/branching_user_processing.py for tasks to queue
[2026-01-17T08:49:02.494+0000] {logging_mixin.py:190} INFO - [2026-01-17T08:49:02.493+0000] {dagbag.py:588} INFO - Filling up the DagBag from /opt/airflow/dags/branching_user_processing.py
[2026-01-17T08:49:03.246+0000] {processor.py:925} INFO - DAG(s) 'user_processing_branch' retrieved from /opt/airflow/dags/branching_user_processing.py
[2026-01-17T08:49:03.281+0000] {logging_mixin.py:190} INFO - [2026-01-17T08:49:03.280+0000] {dag.py:3239} INFO - Sync 1 DAGs
[2026-01-17T08:49:03.317+0000] {logging_mixin.py:190} INFO - [2026-01-17T08:49:03.317+0000] {dag.py:4180} INFO - Setting next_dagrun for user_processing_branch to 2026-01-16 00:00:00+00:00, run_after=2026-01-17 00:00:00+00:00
[2026-01-17T08:49:03.360+0000] {processor.py:208} INFO - Processing /opt/airflow/dags/branching_user_processing.py took 0.879 seconds
[2026-01-17T08:49:34.220+0000] {processor.py:186} INFO - Started process (PID=17515) to work on /opt/airflow/dags/branching_user_processing.py
[2026-01-17T08:49:34.222+0000] {processor.py:914} INFO - Processing file /opt/airflow/dags/branching_user_processing.py for tasks to queue
[2026-01-17T08:49:34.225+0000] {logging_mixin.py:190} INFO - [2026-01-17T08:49:34.224+0000] {dagbag.py:588} INFO - Filling up the DagBag from /opt/airflow/dags/branching_user_processing.py
[2026-01-17T08:49:35.419+0000] {processor.py:925} INFO - DAG(s) 'user_processing_branch' retrieved from /opt/airflow/dags/branching_user_processing.py
[2026-01-17T08:49:35.489+0000] {logging_mixin.py:190} INFO - [2026-01-17T08:49:35.487+0000] {dag.py:3239} INFO - Sync 1 DAGs
[2026-01-17T08:49:35.560+0000] {logging_mixin.py:190} INFO - [2026-01-17T08:49:35.560+0000] {dag.py:4180} INFO - Setting next_dagrun for user_processing_branch to 2026-01-16 00:00:00+00:00, run_after=2026-01-17 00:00:00+00:00
[2026-01-17T08:49:35.610+0000] {processor.py:208} INFO - Processing /opt/airflow/dags/branching_user_processing.py took 1.408 seconds
[2026-01-17T08:50:06.345+0000] {processor.py:186} INFO - Started process (PID=17540) to work on /opt/airflow/dags/branching_user_processing.py
[2026-01-17T08:50:06.347+0000] {processor.py:914} INFO - Processing file /opt/airflow/dags/branching_user_processing.py for tasks to queue
[2026-01-17T08:50:06.350+0000] {logging_mixin.py:190} INFO - [2026-01-17T08:50:06.349+0000] {dagbag.py:588} INFO - Filling up the DagBag from /opt/airflow/dags/branching_user_processing.py
[2026-01-17T08:50:07.238+0000] {processor.py:925} INFO - DAG(s) 'user_processing_branch' retrieved from /opt/airflow/dags/branching_user_processing.py
[2026-01-17T08:50:07.293+0000] {logging_mixin.py:190} INFO - [2026-01-17T08:50:07.292+0000] {dag.py:3239} INFO - Sync 1 DAGs
[2026-01-17T08:50:07.336+0000] {logging_mixin.py:190} INFO - [2026-01-17T08:50:07.335+0000] {dag.py:4180} INFO - Setting next_dagrun for user_processing_branch to 2026-01-16 00:00:00+00:00, run_after=2026-01-17 00:00:00+00:00
[2026-01-17T08:50:07.366+0000] {processor.py:208} INFO - Processing /opt/airflow/dags/branching_user_processing.py took 1.036 seconds
[2026-01-17T08:50:37.571+0000] {processor.py:186} INFO - Started process (PID=17565) to work on /opt/airflow/dags/branching_user_processing.py
[2026-01-17T08:50:37.572+0000] {processor.py:914} INFO - Processing file /opt/airflow/dags/branching_user_processing.py for tasks to queue
[2026-01-17T08:50:37.575+0000] {logging_mixin.py:190} INFO - [2026-01-17T08:50:37.574+0000] {dagbag.py:588} INFO - Filling up the DagBag from /opt/airflow/dags/branching_user_processing.py
[2026-01-17T08:50:38.418+0000] {processor.py:925} INFO - DAG(s) 'user_processing_branch' retrieved from /opt/airflow/dags/branching_user_processing.py
[2026-01-17T08:50:38.463+0000] {logging_mixin.py:190} INFO - [2026-01-17T08:50:38.462+0000] {dag.py:3239} INFO - Sync 1 DAGs
[2026-01-17T08:50:38.508+0000] {logging_mixin.py:190} INFO - [2026-01-17T08:50:38.508+0000] {dag.py:4180} INFO - Setting next_dagrun for user_processing_branch to 2026-01-16 00:00:00+00:00, run_after=2026-01-17 00:00:00+00:00
[2026-01-17T08:50:38.539+0000] {processor.py:208} INFO - Processing /opt/airflow/dags/branching_user_processing.py took 0.993 seconds
[2026-01-17T08:51:08.801+0000] {processor.py:186} INFO - Started process (PID=17589) to work on /opt/airflow/dags/branching_user_processing.py
[2026-01-17T08:51:08.804+0000] {processor.py:914} INFO - Processing file /opt/airflow/dags/branching_user_processing.py for tasks to queue
[2026-01-17T08:51:08.809+0000] {logging_mixin.py:190} INFO - [2026-01-17T08:51:08.808+0000] {dagbag.py:588} INFO - Filling up the DagBag from /opt/airflow/dags/branching_user_processing.py
[2026-01-17T08:51:09.658+0000] {processor.py:925} INFO - DAG(s) 'user_processing_branch' retrieved from /opt/airflow/dags/branching_user_processing.py
[2026-01-17T08:51:09.698+0000] {logging_mixin.py:190} INFO - [2026-01-17T08:51:09.697+0000] {dag.py:3239} INFO - Sync 1 DAGs
[2026-01-17T08:51:09.733+0000] {logging_mixin.py:190} INFO - [2026-01-17T08:51:09.733+0000] {dag.py:4180} INFO - Setting next_dagrun for user_processing_branch to 2026-01-16 00:00:00+00:00, run_after=2026-01-17 00:00:00+00:00
[2026-01-17T08:51:09.767+0000] {processor.py:208} INFO - Processing /opt/airflow/dags/branching_user_processing.py took 0.995 seconds
[2026-01-17T08:51:39.945+0000] {processor.py:186} INFO - Started process (PID=17613) to work on /opt/airflow/dags/branching_user_processing.py
[2026-01-17T08:51:39.948+0000] {processor.py:914} INFO - Processing file /opt/airflow/dags/branching_user_processing.py for tasks to queue
[2026-01-17T08:51:39.953+0000] {logging_mixin.py:190} INFO - [2026-01-17T08:51:39.952+0000] {dagbag.py:588} INFO - Filling up the DagBag from /opt/airflow/dags/branching_user_processing.py
[2026-01-17T08:51:40.786+0000] {processor.py:925} INFO - DAG(s) 'user_processing_branch' retrieved from /opt/airflow/dags/branching_user_processing.py
[2026-01-17T08:51:40.828+0000] {logging_mixin.py:190} INFO - [2026-01-17T08:51:40.827+0000] {dag.py:3239} INFO - Sync 1 DAGs
[2026-01-17T08:51:40.866+0000] {logging_mixin.py:190} INFO - [2026-01-17T08:51:40.866+0000] {dag.py:4180} INFO - Setting next_dagrun for user_processing_branch to 2026-01-16 00:00:00+00:00, run_after=2026-01-17 00:00:00+00:00
[2026-01-17T08:51:40.895+0000] {processor.py:208} INFO - Processing /opt/airflow/dags/branching_user_processing.py took 0.980 seconds
[2026-01-17T08:52:11.445+0000] {processor.py:186} INFO - Started process (PID=17638) to work on /opt/airflow/dags/branching_user_processing.py
[2026-01-17T08:52:11.447+0000] {processor.py:914} INFO - Processing file /opt/airflow/dags/branching_user_processing.py for tasks to queue
[2026-01-17T08:52:11.449+0000] {logging_mixin.py:190} INFO - [2026-01-17T08:52:11.448+0000] {dagbag.py:588} INFO - Filling up the DagBag from /opt/airflow/dags/branching_user_processing.py
[2026-01-17T08:52:12.339+0000] {processor.py:925} INFO - DAG(s) 'user_processing_branch' retrieved from /opt/airflow/dags/branching_user_processing.py
[2026-01-17T08:52:12.385+0000] {logging_mixin.py:190} INFO - [2026-01-17T08:52:12.384+0000] {dag.py:3239} INFO - Sync 1 DAGs
[2026-01-17T08:52:12.437+0000] {logging_mixin.py:190} INFO - [2026-01-17T08:52:12.436+0000] {dag.py:4180} INFO - Setting next_dagrun for user_processing_branch to 2026-01-16 00:00:00+00:00, run_after=2026-01-17 00:00:00+00:00
[2026-01-17T08:52:12.480+0000] {processor.py:208} INFO - Processing /opt/airflow/dags/branching_user_processing.py took 1.048 seconds
[2026-01-17T08:52:42.845+0000] {processor.py:186} INFO - Started process (PID=17661) to work on /opt/airflow/dags/branching_user_processing.py
[2026-01-17T08:52:42.848+0000] {processor.py:914} INFO - Processing file /opt/airflow/dags/branching_user_processing.py for tasks to queue
[2026-01-17T08:52:42.851+0000] {logging_mixin.py:190} INFO - [2026-01-17T08:52:42.850+0000] {dagbag.py:588} INFO - Filling up the DagBag from /opt/airflow/dags/branching_user_processing.py
[2026-01-17T08:52:43.730+0000] {processor.py:925} INFO - DAG(s) 'user_processing_branch' retrieved from /opt/airflow/dags/branching_user_processing.py
[2026-01-17T08:52:43.772+0000] {logging_mixin.py:190} INFO - [2026-01-17T08:52:43.771+0000] {dag.py:3239} INFO - Sync 1 DAGs
[2026-01-17T08:52:43.811+0000] {logging_mixin.py:190} INFO - [2026-01-17T08:52:43.811+0000] {dag.py:4180} INFO - Setting next_dagrun for user_processing_branch to 2026-01-16 00:00:00+00:00, run_after=2026-01-17 00:00:00+00:00
[2026-01-17T08:52:43.855+0000] {processor.py:208} INFO - Processing /opt/airflow/dags/branching_user_processing.py took 1.024 seconds
[2026-01-17T08:53:14.101+0000] {processor.py:186} INFO - Started process (PID=17686) to work on /opt/airflow/dags/branching_user_processing.py
[2026-01-17T08:53:14.103+0000] {processor.py:914} INFO - Processing file /opt/airflow/dags/branching_user_processing.py for tasks to queue
[2026-01-17T08:53:14.105+0000] {logging_mixin.py:190} INFO - [2026-01-17T08:53:14.104+0000] {dagbag.py:588} INFO - Filling up the DagBag from /opt/airflow/dags/branching_user_processing.py
[2026-01-17T08:53:14.918+0000] {processor.py:925} INFO - DAG(s) 'user_processing_branch' retrieved from /opt/airflow/dags/branching_user_processing.py
[2026-01-17T08:53:14.954+0000] {logging_mixin.py:190} INFO - [2026-01-17T08:53:14.953+0000] {dag.py:3239} INFO - Sync 1 DAGs
[2026-01-17T08:53:14.996+0000] {logging_mixin.py:190} INFO - [2026-01-17T08:53:14.996+0000] {dag.py:4180} INFO - Setting next_dagrun for user_processing_branch to 2026-01-16 00:00:00+00:00, run_after=2026-01-17 00:00:00+00:00
[2026-01-17T08:53:15.035+0000] {processor.py:208} INFO - Processing /opt/airflow/dags/branching_user_processing.py took 0.947 seconds
[2026-01-17T08:53:45.917+0000] {processor.py:186} INFO - Started process (PID=17711) to work on /opt/airflow/dags/branching_user_processing.py
[2026-01-17T08:53:45.920+0000] {processor.py:914} INFO - Processing file /opt/airflow/dags/branching_user_processing.py for tasks to queue
[2026-01-17T08:53:45.923+0000] {logging_mixin.py:190} INFO - [2026-01-17T08:53:45.922+0000] {dagbag.py:588} INFO - Filling up the DagBag from /opt/airflow/dags/branching_user_processing.py
[2026-01-17T08:53:46.758+0000] {processor.py:925} INFO - DAG(s) 'user_processing_branch' retrieved from /opt/airflow/dags/branching_user_processing.py
[2026-01-17T08:53:46.804+0000] {logging_mixin.py:190} INFO - [2026-01-17T08:53:46.803+0000] {dag.py:3239} INFO - Sync 1 DAGs
[2026-01-17T08:53:46.841+0000] {logging_mixin.py:190} INFO - [2026-01-17T08:53:46.841+0000] {dag.py:4180} INFO - Setting next_dagrun for user_processing_branch to 2026-01-16 00:00:00+00:00, run_after=2026-01-17 00:00:00+00:00
[2026-01-17T08:53:46.866+0000] {processor.py:208} INFO - Processing /opt/airflow/dags/branching_user_processing.py took 0.970 seconds
[2026-01-17T08:54:17.030+0000] {processor.py:186} INFO - Started process (PID=17737) to work on /opt/airflow/dags/branching_user_processing.py
[2026-01-17T08:54:17.032+0000] {processor.py:914} INFO - Processing file /opt/airflow/dags/branching_user_processing.py for tasks to queue
[2026-01-17T08:54:17.034+0000] {logging_mixin.py:190} INFO - [2026-01-17T08:54:17.033+0000] {dagbag.py:588} INFO - Filling up the DagBag from /opt/airflow/dags/branching_user_processing.py
[2026-01-17T08:54:17.792+0000] {processor.py:925} INFO - DAG(s) 'user_processing_branch' retrieved from /opt/airflow/dags/branching_user_processing.py
[2026-01-17T08:54:17.827+0000] {logging_mixin.py:190} INFO - [2026-01-17T08:54:17.826+0000] {dag.py:3239} INFO - Sync 1 DAGs
[2026-01-17T08:54:17.861+0000] {logging_mixin.py:190} INFO - [2026-01-17T08:54:17.861+0000] {dag.py:4180} INFO - Setting next_dagrun for user_processing_branch to 2026-01-16 00:00:00+00:00, run_after=2026-01-17 00:00:00+00:00
[2026-01-17T08:54:17.895+0000] {processor.py:208} INFO - Processing /opt/airflow/dags/branching_user_processing.py took 0.877 seconds
[2026-01-17T08:54:48.260+0000] {processor.py:186} INFO - Started process (PID=17762) to work on /opt/airflow/dags/branching_user_processing.py
[2026-01-17T08:54:48.262+0000] {processor.py:914} INFO - Processing file /opt/airflow/dags/branching_user_processing.py for tasks to queue
[2026-01-17T08:54:48.265+0000] {logging_mixin.py:190} INFO - [2026-01-17T08:54:48.264+0000] {dagbag.py:588} INFO - Filling up the DagBag from /opt/airflow/dags/branching_user_processing.py
[2026-01-17T08:54:48.936+0000] {processor.py:925} INFO - DAG(s) 'user_processing_branch' retrieved from /opt/airflow/dags/branching_user_processing.py
[2026-01-17T08:54:48.968+0000] {logging_mixin.py:190} INFO - [2026-01-17T08:54:48.967+0000] {dag.py:3239} INFO - Sync 1 DAGs
[2026-01-17T08:54:48.999+0000] {logging_mixin.py:190} INFO - [2026-01-17T08:54:48.998+0000] {dag.py:4180} INFO - Setting next_dagrun for user_processing_branch to 2026-01-16 00:00:00+00:00, run_after=2026-01-17 00:00:00+00:00
[2026-01-17T08:54:49.030+0000] {processor.py:208} INFO - Processing /opt/airflow/dags/branching_user_processing.py took 0.784 seconds
[2026-01-17T08:55:19.409+0000] {processor.py:186} INFO - Started process (PID=17786) to work on /opt/airflow/dags/branching_user_processing.py
[2026-01-17T08:55:19.411+0000] {processor.py:914} INFO - Processing file /opt/airflow/dags/branching_user_processing.py for tasks to queue
[2026-01-17T08:55:19.413+0000] {logging_mixin.py:190} INFO - [2026-01-17T08:55:19.412+0000] {dagbag.py:588} INFO - Filling up the DagBag from /opt/airflow/dags/branching_user_processing.py
[2026-01-17T08:55:20.244+0000] {processor.py:925} INFO - DAG(s) 'user_processing_branch' retrieved from /opt/airflow/dags/branching_user_processing.py
[2026-01-17T08:55:20.284+0000] {logging_mixin.py:190} INFO - [2026-01-17T08:55:20.284+0000] {dag.py:3239} INFO - Sync 1 DAGs
[2026-01-17T08:55:20.319+0000] {logging_mixin.py:190} INFO - [2026-01-17T08:55:20.319+0000] {dag.py:4180} INFO - Setting next_dagrun for user_processing_branch to 2026-01-16 00:00:00+00:00, run_after=2026-01-17 00:00:00+00:00
[2026-01-17T08:55:20.355+0000] {processor.py:208} INFO - Processing /opt/airflow/dags/branching_user_processing.py took 0.960 seconds
[2026-01-17T08:55:50.618+0000] {processor.py:186} INFO - Started process (PID=17810) to work on /opt/airflow/dags/branching_user_processing.py
[2026-01-17T08:55:50.620+0000] {processor.py:914} INFO - Processing file /opt/airflow/dags/branching_user_processing.py for tasks to queue
[2026-01-17T08:55:50.623+0000] {logging_mixin.py:190} INFO - [2026-01-17T08:55:50.622+0000] {dagbag.py:588} INFO - Filling up the DagBag from /opt/airflow/dags/branching_user_processing.py
[2026-01-17T08:55:51.485+0000] {processor.py:925} INFO - DAG(s) 'user_processing_branch' retrieved from /opt/airflow/dags/branching_user_processing.py
[2026-01-17T08:55:51.524+0000] {logging_mixin.py:190} INFO - [2026-01-17T08:55:51.523+0000] {dag.py:3239} INFO - Sync 1 DAGs
[2026-01-17T08:55:51.561+0000] {logging_mixin.py:190} INFO - [2026-01-17T08:55:51.561+0000] {dag.py:4180} INFO - Setting next_dagrun for user_processing_branch to 2026-01-16 00:00:00+00:00, run_after=2026-01-17 00:00:00+00:00
[2026-01-17T08:55:51.596+0000] {processor.py:208} INFO - Processing /opt/airflow/dags/branching_user_processing.py took 0.992 seconds
[2026-01-17T08:56:22.211+0000] {processor.py:186} INFO - Started process (PID=17834) to work on /opt/airflow/dags/branching_user_processing.py
[2026-01-17T08:56:22.213+0000] {processor.py:914} INFO - Processing file /opt/airflow/dags/branching_user_processing.py for tasks to queue
[2026-01-17T08:56:22.216+0000] {logging_mixin.py:190} INFO - [2026-01-17T08:56:22.215+0000] {dagbag.py:588} INFO - Filling up the DagBag from /opt/airflow/dags/branching_user_processing.py
[2026-01-17T08:56:23.007+0000] {processor.py:925} INFO - DAG(s) 'user_processing_branch' retrieved from /opt/airflow/dags/branching_user_processing.py
[2026-01-17T08:56:23.040+0000] {logging_mixin.py:190} INFO - [2026-01-17T08:56:23.040+0000] {dag.py:3239} INFO - Sync 1 DAGs
[2026-01-17T08:56:23.071+0000] {logging_mixin.py:190} INFO - [2026-01-17T08:56:23.070+0000] {dag.py:4180} INFO - Setting next_dagrun for user_processing_branch to 2026-01-16 00:00:00+00:00, run_after=2026-01-17 00:00:00+00:00
[2026-01-17T08:56:23.104+0000] {processor.py:208} INFO - Processing /opt/airflow/dags/branching_user_processing.py took 0.909 seconds
[2026-01-17T08:56:53.823+0000] {processor.py:186} INFO - Started process (PID=17858) to work on /opt/airflow/dags/branching_user_processing.py
[2026-01-17T08:56:53.824+0000] {processor.py:914} INFO - Processing file /opt/airflow/dags/branching_user_processing.py for tasks to queue
[2026-01-17T08:56:53.827+0000] {logging_mixin.py:190} INFO - [2026-01-17T08:56:53.826+0000] {dagbag.py:588} INFO - Filling up the DagBag from /opt/airflow/dags/branching_user_processing.py
[2026-01-17T08:56:54.670+0000] {processor.py:925} INFO - DAG(s) 'user_processing_branch' retrieved from /opt/airflow/dags/branching_user_processing.py
[2026-01-17T08:56:54.705+0000] {logging_mixin.py:190} INFO - [2026-01-17T08:56:54.704+0000] {dag.py:3239} INFO - Sync 1 DAGs
[2026-01-17T08:56:54.743+0000] {logging_mixin.py:190} INFO - [2026-01-17T08:56:54.743+0000] {dag.py:4180} INFO - Setting next_dagrun for user_processing_branch to 2026-01-16 00:00:00+00:00, run_after=2026-01-17 00:00:00+00:00
[2026-01-17T08:56:54.777+0000] {processor.py:208} INFO - Processing /opt/airflow/dags/branching_user_processing.py took 0.968 seconds
[2026-01-17T08:57:25.654+0000] {processor.py:186} INFO - Started process (PID=17882) to work on /opt/airflow/dags/branching_user_processing.py
[2026-01-17T08:57:25.656+0000] {processor.py:914} INFO - Processing file /opt/airflow/dags/branching_user_processing.py for tasks to queue
[2026-01-17T08:57:25.658+0000] {logging_mixin.py:190} INFO - [2026-01-17T08:57:25.657+0000] {dagbag.py:588} INFO - Filling up the DagBag from /opt/airflow/dags/branching_user_processing.py
[2026-01-17T08:57:26.373+0000] {processor.py:925} INFO - DAG(s) 'user_processing_branch' retrieved from /opt/airflow/dags/branching_user_processing.py
[2026-01-17T08:57:26.411+0000] {logging_mixin.py:190} INFO - [2026-01-17T08:57:26.410+0000] {dag.py:3239} INFO - Sync 1 DAGs
[2026-01-17T08:57:26.442+0000] {logging_mixin.py:190} INFO - [2026-01-17T08:57:26.441+0000] {dag.py:4180} INFO - Setting next_dagrun for user_processing_branch to 2026-01-16 00:00:00+00:00, run_after=2026-01-17 00:00:00+00:00
[2026-01-17T08:57:26.480+0000] {processor.py:208} INFO - Processing /opt/airflow/dags/branching_user_processing.py took 0.838 seconds
[2026-01-17T08:57:56.807+0000] {processor.py:186} INFO - Started process (PID=17906) to work on /opt/airflow/dags/branching_user_processing.py
[2026-01-17T08:57:56.809+0000] {processor.py:914} INFO - Processing file /opt/airflow/dags/branching_user_processing.py for tasks to queue
[2026-01-17T08:57:56.811+0000] {logging_mixin.py:190} INFO - [2026-01-17T08:57:56.811+0000] {dagbag.py:588} INFO - Filling up the DagBag from /opt/airflow/dags/branching_user_processing.py
[2026-01-17T08:57:57.512+0000] {processor.py:925} INFO - DAG(s) 'user_processing_branch' retrieved from /opt/airflow/dags/branching_user_processing.py
[2026-01-17T08:57:57.544+0000] {logging_mixin.py:190} INFO - [2026-01-17T08:57:57.543+0000] {dag.py:3239} INFO - Sync 1 DAGs
[2026-01-17T08:57:57.576+0000] {logging_mixin.py:190} INFO - [2026-01-17T08:57:57.575+0000] {dag.py:4180} INFO - Setting next_dagrun for user_processing_branch to 2026-01-16 00:00:00+00:00, run_after=2026-01-17 00:00:00+00:00
[2026-01-17T08:57:57.612+0000] {processor.py:208} INFO - Processing /opt/airflow/dags/branching_user_processing.py took 0.818 seconds
[2026-01-17T08:58:27.706+0000] {processor.py:186} INFO - Started process (PID=17930) to work on /opt/airflow/dags/branching_user_processing.py
[2026-01-17T08:58:27.708+0000] {processor.py:914} INFO - Processing file /opt/airflow/dags/branching_user_processing.py for tasks to queue
[2026-01-17T08:58:27.710+0000] {logging_mixin.py:190} INFO - [2026-01-17T08:58:27.709+0000] {dagbag.py:588} INFO - Filling up the DagBag from /opt/airflow/dags/branching_user_processing.py
[2026-01-17T08:58:28.399+0000] {processor.py:925} INFO - DAG(s) 'user_processing_branch' retrieved from /opt/airflow/dags/branching_user_processing.py
[2026-01-17T08:58:28.433+0000] {logging_mixin.py:190} INFO - [2026-01-17T08:58:28.433+0000] {dag.py:3239} INFO - Sync 1 DAGs
[2026-01-17T08:58:28.466+0000] {logging_mixin.py:190} INFO - [2026-01-17T08:58:28.466+0000] {dag.py:4180} INFO - Setting next_dagrun for user_processing_branch to 2026-01-16 00:00:00+00:00, run_after=2026-01-17 00:00:00+00:00
[2026-01-17T08:58:28.500+0000] {processor.py:208} INFO - Processing /opt/airflow/dags/branching_user_processing.py took 0.810 seconds
[2026-01-17T08:58:59.497+0000] {processor.py:186} INFO - Started process (PID=17954) to work on /opt/airflow/dags/branching_user_processing.py
[2026-01-17T08:58:59.499+0000] {processor.py:914} INFO - Processing file /opt/airflow/dags/branching_user_processing.py for tasks to queue
[2026-01-17T08:58:59.501+0000] {logging_mixin.py:190} INFO - [2026-01-17T08:58:59.500+0000] {dagbag.py:588} INFO - Filling up the DagBag from /opt/airflow/dags/branching_user_processing.py
[2026-01-17T08:59:00.239+0000] {processor.py:925} INFO - DAG(s) 'user_processing_branch' retrieved from /opt/airflow/dags/branching_user_processing.py
[2026-01-17T08:59:00.272+0000] {logging_mixin.py:190} INFO - [2026-01-17T08:59:00.272+0000] {dag.py:3239} INFO - Sync 1 DAGs
[2026-01-17T08:59:00.302+0000] {logging_mixin.py:190} INFO - [2026-01-17T08:59:00.302+0000] {dag.py:4180} INFO - Setting next_dagrun for user_processing_branch to 2026-01-16 00:00:00+00:00, run_after=2026-01-17 00:00:00+00:00
[2026-01-17T08:59:00.329+0000] {processor.py:208} INFO - Processing /opt/airflow/dags/branching_user_processing.py took 0.851 seconds
[2026-01-17T08:59:30.456+0000] {processor.py:186} INFO - Started process (PID=17984) to work on /opt/airflow/dags/branching_user_processing.py
[2026-01-17T08:59:30.458+0000] {processor.py:914} INFO - Processing file /opt/airflow/dags/branching_user_processing.py for tasks to queue
[2026-01-17T08:59:30.460+0000] {logging_mixin.py:190} INFO - [2026-01-17T08:59:30.460+0000] {dagbag.py:588} INFO - Filling up the DagBag from /opt/airflow/dags/branching_user_processing.py
[2026-01-17T08:59:31.163+0000] {processor.py:925} INFO - DAG(s) 'user_processing_branch' retrieved from /opt/airflow/dags/branching_user_processing.py
[2026-01-17T08:59:31.197+0000] {logging_mixin.py:190} INFO - [2026-01-17T08:59:31.196+0000] {dag.py:3239} INFO - Sync 1 DAGs
[2026-01-17T08:59:31.229+0000] {logging_mixin.py:190} INFO - [2026-01-17T08:59:31.229+0000] {dag.py:4180} INFO - Setting next_dagrun for user_processing_branch to 2026-01-16 00:00:00+00:00, run_after=2026-01-17 00:00:00+00:00
[2026-01-17T08:59:31.273+0000] {processor.py:208} INFO - Processing /opt/airflow/dags/branching_user_processing.py took 0.830 seconds
[2026-01-17T09:00:01.559+0000] {processor.py:186} INFO - Started process (PID=18008) to work on /opt/airflow/dags/branching_user_processing.py
[2026-01-17T09:00:01.560+0000] {processor.py:914} INFO - Processing file /opt/airflow/dags/branching_user_processing.py for tasks to queue
[2026-01-17T09:00:01.563+0000] {logging_mixin.py:190} INFO - [2026-01-17T09:00:01.562+0000] {dagbag.py:588} INFO - Filling up the DagBag from /opt/airflow/dags/branching_user_processing.py
[2026-01-17T09:00:02.330+0000] {processor.py:925} INFO - DAG(s) 'user_processing_branch' retrieved from /opt/airflow/dags/branching_user_processing.py
[2026-01-17T09:00:02.363+0000] {logging_mixin.py:190} INFO - [2026-01-17T09:00:02.362+0000] {dag.py:3239} INFO - Sync 1 DAGs
[2026-01-17T09:00:02.395+0000] {logging_mixin.py:190} INFO - [2026-01-17T09:00:02.395+0000] {dag.py:4180} INFO - Setting next_dagrun for user_processing_branch to 2026-01-16 00:00:00+00:00, run_after=2026-01-17 00:00:00+00:00
[2026-01-17T09:00:02.417+0000] {processor.py:208} INFO - Processing /opt/airflow/dags/branching_user_processing.py took 0.875 seconds
[2026-01-17T09:00:32.899+0000] {processor.py:186} INFO - Started process (PID=18032) to work on /opt/airflow/dags/branching_user_processing.py
[2026-01-17T09:00:32.901+0000] {processor.py:914} INFO - Processing file /opt/airflow/dags/branching_user_processing.py for tasks to queue
[2026-01-17T09:00:32.902+0000] {logging_mixin.py:190} INFO - [2026-01-17T09:00:32.902+0000] {dagbag.py:588} INFO - Filling up the DagBag from /opt/airflow/dags/branching_user_processing.py
[2026-01-17T09:00:33.617+0000] {processor.py:925} INFO - DAG(s) 'user_processing_branch' retrieved from /opt/airflow/dags/branching_user_processing.py
[2026-01-17T09:00:33.651+0000] {logging_mixin.py:190} INFO - [2026-01-17T09:00:33.650+0000] {dag.py:3239} INFO - Sync 1 DAGs
[2026-01-17T09:00:33.693+0000] {logging_mixin.py:190} INFO - [2026-01-17T09:00:33.692+0000] {dag.py:4180} INFO - Setting next_dagrun for user_processing_branch to 2026-01-16 00:00:00+00:00, run_after=2026-01-17 00:00:00+00:00
[2026-01-17T09:00:33.729+0000] {processor.py:208} INFO - Processing /opt/airflow/dags/branching_user_processing.py took 0.844 seconds
[2026-01-17T09:01:03.980+0000] {processor.py:186} INFO - Started process (PID=18056) to work on /opt/airflow/dags/branching_user_processing.py
[2026-01-17T09:01:03.981+0000] {processor.py:914} INFO - Processing file /opt/airflow/dags/branching_user_processing.py for tasks to queue
[2026-01-17T09:01:03.983+0000] {logging_mixin.py:190} INFO - [2026-01-17T09:01:03.983+0000] {dagbag.py:588} INFO - Filling up the DagBag from /opt/airflow/dags/branching_user_processing.py
[2026-01-17T09:01:04.662+0000] {processor.py:925} INFO - DAG(s) 'user_processing_branch' retrieved from /opt/airflow/dags/branching_user_processing.py
[2026-01-17T09:01:04.695+0000] {logging_mixin.py:190} INFO - [2026-01-17T09:01:04.694+0000] {dag.py:3239} INFO - Sync 1 DAGs
[2026-01-17T09:01:04.730+0000] {logging_mixin.py:190} INFO - [2026-01-17T09:01:04.730+0000] {dag.py:4180} INFO - Setting next_dagrun for user_processing_branch to 2026-01-16 00:00:00+00:00, run_after=2026-01-17 00:00:00+00:00
[2026-01-17T09:01:04.752+0000] {processor.py:208} INFO - Processing /opt/airflow/dags/branching_user_processing.py took 0.784 seconds
[2026-01-17T09:01:34.917+0000] {processor.py:186} INFO - Started process (PID=18080) to work on /opt/airflow/dags/branching_user_processing.py
[2026-01-17T09:01:34.920+0000] {processor.py:914} INFO - Processing file /opt/airflow/dags/branching_user_processing.py for tasks to queue
[2026-01-17T09:01:34.923+0000] {logging_mixin.py:190} INFO - [2026-01-17T09:01:34.922+0000] {dagbag.py:588} INFO - Filling up the DagBag from /opt/airflow/dags/branching_user_processing.py
[2026-01-17T09:01:35.697+0000] {processor.py:925} INFO - DAG(s) 'user_processing_branch' retrieved from /opt/airflow/dags/branching_user_processing.py
[2026-01-17T09:01:35.737+0000] {logging_mixin.py:190} INFO - [2026-01-17T09:01:35.736+0000] {dag.py:3239} INFO - Sync 1 DAGs
[2026-01-17T09:01:35.777+0000] {logging_mixin.py:190} INFO - [2026-01-17T09:01:35.777+0000] {dag.py:4180} INFO - Setting next_dagrun for user_processing_branch to 2026-01-16 00:00:00+00:00, run_after=2026-01-17 00:00:00+00:00
[2026-01-17T09:01:35.803+0000] {processor.py:208} INFO - Processing /opt/airflow/dags/branching_user_processing.py took 0.905 seconds
[2026-01-17T09:02:06.004+0000] {processor.py:186} INFO - Started process (PID=18104) to work on /opt/airflow/dags/branching_user_processing.py
[2026-01-17T09:02:06.012+0000] {processor.py:914} INFO - Processing file /opt/airflow/dags/branching_user_processing.py for tasks to queue
[2026-01-17T09:02:06.016+0000] {logging_mixin.py:190} INFO - [2026-01-17T09:02:06.015+0000] {dagbag.py:588} INFO - Filling up the DagBag from /opt/airflow/dags/branching_user_processing.py
[2026-01-17T09:02:08.366+0000] {processor.py:925} INFO - DAG(s) 'user_processing_branch' retrieved from /opt/airflow/dags/branching_user_processing.py
[2026-01-17T09:02:08.491+0000] {logging_mixin.py:190} INFO - [2026-01-17T09:02:08.489+0000] {dag.py:3239} INFO - Sync 1 DAGs
[2026-01-17T09:02:08.600+0000] {logging_mixin.py:190} INFO - [2026-01-17T09:02:08.599+0000] {dag.py:4180} INFO - Setting next_dagrun for user_processing_branch to 2026-01-16 00:00:00+00:00, run_after=2026-01-17 00:00:00+00:00
[2026-01-17T09:02:08.684+0000] {processor.py:208} INFO - Processing /opt/airflow/dags/branching_user_processing.py took 2.706 seconds
[2026-01-17T09:02:38.864+0000] {processor.py:186} INFO - Started process (PID=18128) to work on /opt/airflow/dags/branching_user_processing.py
[2026-01-17T09:02:38.867+0000] {processor.py:914} INFO - Processing file /opt/airflow/dags/branching_user_processing.py for tasks to queue
[2026-01-17T09:02:38.869+0000] {logging_mixin.py:190} INFO - [2026-01-17T09:02:38.868+0000] {dagbag.py:588} INFO - Filling up the DagBag from /opt/airflow/dags/branching_user_processing.py
[2026-01-17T09:02:39.972+0000] {processor.py:925} INFO - DAG(s) 'user_processing_branch' retrieved from /opt/airflow/dags/branching_user_processing.py
[2026-01-17T09:02:40.028+0000] {logging_mixin.py:190} INFO - [2026-01-17T09:02:40.027+0000] {dag.py:3239} INFO - Sync 1 DAGs
[2026-01-17T09:02:40.082+0000] {logging_mixin.py:190} INFO - [2026-01-17T09:02:40.081+0000] {dag.py:4180} INFO - Setting next_dagrun for user_processing_branch to 2026-01-16 00:00:00+00:00, run_after=2026-01-17 00:00:00+00:00
[2026-01-17T09:02:40.122+0000] {processor.py:208} INFO - Processing /opt/airflow/dags/branching_user_processing.py took 1.277 seconds
[2026-01-17T09:03:10.999+0000] {processor.py:186} INFO - Started process (PID=18152) to work on /opt/airflow/dags/branching_user_processing.py
[2026-01-17T09:03:11.000+0000] {processor.py:914} INFO - Processing file /opt/airflow/dags/branching_user_processing.py for tasks to queue
[2026-01-17T09:03:11.003+0000] {logging_mixin.py:190} INFO - [2026-01-17T09:03:11.002+0000] {dagbag.py:588} INFO - Filling up the DagBag from /opt/airflow/dags/branching_user_processing.py
[2026-01-17T09:03:11.779+0000] {processor.py:925} INFO - DAG(s) 'user_processing_branch' retrieved from /opt/airflow/dags/branching_user_processing.py
[2026-01-17T09:03:11.815+0000] {logging_mixin.py:190} INFO - [2026-01-17T09:03:11.815+0000] {dag.py:3239} INFO - Sync 1 DAGs
[2026-01-17T09:03:11.849+0000] {logging_mixin.py:190} INFO - [2026-01-17T09:03:11.849+0000] {dag.py:4180} INFO - Setting next_dagrun for user_processing_branch to 2026-01-16 00:00:00+00:00, run_after=2026-01-17 00:00:00+00:00
[2026-01-17T09:03:11.886+0000] {processor.py:208} INFO - Processing /opt/airflow/dags/branching_user_processing.py took 0.901 seconds
[2026-01-17T09:03:42.375+0000] {processor.py:186} INFO - Started process (PID=18176) to work on /opt/airflow/dags/branching_user_processing.py
[2026-01-17T09:03:42.378+0000] {processor.py:914} INFO - Processing file /opt/airflow/dags/branching_user_processing.py for tasks to queue
[2026-01-17T09:03:42.380+0000] {logging_mixin.py:190} INFO - [2026-01-17T09:03:42.379+0000] {dagbag.py:588} INFO - Filling up the DagBag from /opt/airflow/dags/branching_user_processing.py
[2026-01-17T09:03:43.180+0000] {processor.py:925} INFO - DAG(s) 'user_processing_branch' retrieved from /opt/airflow/dags/branching_user_processing.py
[2026-01-17T09:03:43.220+0000] {logging_mixin.py:190} INFO - [2026-01-17T09:03:43.219+0000] {dag.py:3239} INFO - Sync 1 DAGs
[2026-01-17T09:03:43.254+0000] {logging_mixin.py:190} INFO - [2026-01-17T09:03:43.253+0000] {dag.py:4180} INFO - Setting next_dagrun for user_processing_branch to 2026-01-16 00:00:00+00:00, run_after=2026-01-17 00:00:00+00:00
[2026-01-17T09:03:43.283+0000] {processor.py:208} INFO - Processing /opt/airflow/dags/branching_user_processing.py took 0.922 seconds
[2026-01-17T09:04:13.793+0000] {processor.py:186} INFO - Started process (PID=18200) to work on /opt/airflow/dags/branching_user_processing.py
[2026-01-17T09:04:13.795+0000] {processor.py:914} INFO - Processing file /opt/airflow/dags/branching_user_processing.py for tasks to queue
[2026-01-17T09:04:13.797+0000] {logging_mixin.py:190} INFO - [2026-01-17T09:04:13.796+0000] {dagbag.py:588} INFO - Filling up the DagBag from /opt/airflow/dags/branching_user_processing.py
[2026-01-17T09:04:14.617+0000] {processor.py:925} INFO - DAG(s) 'user_processing_branch' retrieved from /opt/airflow/dags/branching_user_processing.py
[2026-01-17T09:04:14.657+0000] {logging_mixin.py:190} INFO - [2026-01-17T09:04:14.656+0000] {dag.py:3239} INFO - Sync 1 DAGs
[2026-01-17T09:04:14.710+0000] {logging_mixin.py:190} INFO - [2026-01-17T09:04:14.709+0000] {dag.py:4180} INFO - Setting next_dagrun for user_processing_branch to 2026-01-16 00:00:00+00:00, run_after=2026-01-17 00:00:00+00:00
[2026-01-17T09:04:14.750+0000] {processor.py:208} INFO - Processing /opt/airflow/dags/branching_user_processing.py took 0.971 seconds
[2026-01-17T09:04:45.246+0000] {processor.py:186} INFO - Started process (PID=18224) to work on /opt/airflow/dags/branching_user_processing.py
[2026-01-17T09:04:45.247+0000] {processor.py:914} INFO - Processing file /opt/airflow/dags/branching_user_processing.py for tasks to queue
[2026-01-17T09:04:45.249+0000] {logging_mixin.py:190} INFO - [2026-01-17T09:04:45.249+0000] {dagbag.py:588} INFO - Filling up the DagBag from /opt/airflow/dags/branching_user_processing.py
[2026-01-17T09:04:46.098+0000] {processor.py:925} INFO - DAG(s) 'user_processing_branch' retrieved from /opt/airflow/dags/branching_user_processing.py
[2026-01-17T09:04:46.139+0000] {logging_mixin.py:190} INFO - [2026-01-17T09:04:46.138+0000] {dag.py:3239} INFO - Sync 1 DAGs
[2026-01-17T09:04:46.176+0000] {logging_mixin.py:190} INFO - [2026-01-17T09:04:46.176+0000] {dag.py:4180} INFO - Setting next_dagrun for user_processing_branch to 2026-01-16 00:00:00+00:00, run_after=2026-01-17 00:00:00+00:00
[2026-01-17T09:04:46.201+0000] {processor.py:208} INFO - Processing /opt/airflow/dags/branching_user_processing.py took 0.975 seconds
[2026-01-17T09:05:16.745+0000] {processor.py:186} INFO - Started process (PID=18248) to work on /opt/airflow/dags/branching_user_processing.py
[2026-01-17T09:05:16.747+0000] {processor.py:914} INFO - Processing file /opt/airflow/dags/branching_user_processing.py for tasks to queue
[2026-01-17T09:05:16.749+0000] {logging_mixin.py:190} INFO - [2026-01-17T09:05:16.749+0000] {dagbag.py:588} INFO - Filling up the DagBag from /opt/airflow/dags/branching_user_processing.py
[2026-01-17T09:05:17.518+0000] {processor.py:925} INFO - DAG(s) 'user_processing_branch' retrieved from /opt/airflow/dags/branching_user_processing.py
[2026-01-17T09:05:17.555+0000] {logging_mixin.py:190} INFO - [2026-01-17T09:05:17.554+0000] {dag.py:3239} INFO - Sync 1 DAGs
[2026-01-17T09:05:17.592+0000] {logging_mixin.py:190} INFO - [2026-01-17T09:05:17.591+0000] {dag.py:4180} INFO - Setting next_dagrun for user_processing_branch to 2026-01-16 00:00:00+00:00, run_after=2026-01-17 00:00:00+00:00
[2026-01-17T09:05:17.626+0000] {processor.py:208} INFO - Processing /opt/airflow/dags/branching_user_processing.py took 0.893 seconds
[2026-01-17T09:05:47.724+0000] {processor.py:186} INFO - Started process (PID=18272) to work on /opt/airflow/dags/branching_user_processing.py
[2026-01-17T09:05:47.726+0000] {processor.py:914} INFO - Processing file /opt/airflow/dags/branching_user_processing.py for tasks to queue
[2026-01-17T09:05:47.729+0000] {logging_mixin.py:190} INFO - [2026-01-17T09:05:47.728+0000] {dagbag.py:588} INFO - Filling up the DagBag from /opt/airflow/dags/branching_user_processing.py
[2026-01-17T09:05:48.773+0000] {processor.py:925} INFO - DAG(s) 'user_processing_branch' retrieved from /opt/airflow/dags/branching_user_processing.py
[2026-01-17T09:05:48.821+0000] {logging_mixin.py:190} INFO - [2026-01-17T09:05:48.820+0000] {dag.py:3239} INFO - Sync 1 DAGs
[2026-01-17T09:05:48.866+0000] {logging_mixin.py:190} INFO - [2026-01-17T09:05:48.865+0000] {dag.py:4180} INFO - Setting next_dagrun for user_processing_branch to 2026-01-16 00:00:00+00:00, run_after=2026-01-17 00:00:00+00:00
[2026-01-17T09:05:48.911+0000] {processor.py:208} INFO - Processing /opt/airflow/dags/branching_user_processing.py took 1.202 seconds
[2026-01-17T09:06:19.758+0000] {processor.py:186} INFO - Started process (PID=18296) to work on /opt/airflow/dags/branching_user_processing.py
[2026-01-17T09:06:19.761+0000] {processor.py:914} INFO - Processing file /opt/airflow/dags/branching_user_processing.py for tasks to queue
[2026-01-17T09:06:19.765+0000] {logging_mixin.py:190} INFO - [2026-01-17T09:06:19.763+0000] {dagbag.py:588} INFO - Filling up the DagBag from /opt/airflow/dags/branching_user_processing.py
[2026-01-17T09:06:20.589+0000] {processor.py:925} INFO - DAG(s) 'user_processing_branch' retrieved from /opt/airflow/dags/branching_user_processing.py
[2026-01-17T09:06:20.626+0000] {logging_mixin.py:190} INFO - [2026-01-17T09:06:20.625+0000] {dag.py:3239} INFO - Sync 1 DAGs
[2026-01-17T09:06:20.663+0000] {logging_mixin.py:190} INFO - [2026-01-17T09:06:20.663+0000] {dag.py:4180} INFO - Setting next_dagrun for user_processing_branch to 2026-01-16 00:00:00+00:00, run_after=2026-01-17 00:00:00+00:00
[2026-01-17T09:06:20.700+0000] {processor.py:208} INFO - Processing /opt/airflow/dags/branching_user_processing.py took 0.957 seconds
[2026-01-17T09:06:50.897+0000] {processor.py:186} INFO - Started process (PID=18320) to work on /opt/airflow/dags/branching_user_processing.py
[2026-01-17T09:06:50.899+0000] {processor.py:914} INFO - Processing file /opt/airflow/dags/branching_user_processing.py for tasks to queue
[2026-01-17T09:06:50.901+0000] {logging_mixin.py:190} INFO - [2026-01-17T09:06:50.901+0000] {dagbag.py:588} INFO - Filling up the DagBag from /opt/airflow/dags/branching_user_processing.py
[2026-01-17T09:06:51.684+0000] {processor.py:925} INFO - DAG(s) 'user_processing_branch' retrieved from /opt/airflow/dags/branching_user_processing.py
[2026-01-17T09:06:51.733+0000] {logging_mixin.py:190} INFO - [2026-01-17T09:06:51.733+0000] {dag.py:3239} INFO - Sync 1 DAGs
[2026-01-17T09:06:51.773+0000] {logging_mixin.py:190} INFO - [2026-01-17T09:06:51.772+0000] {dag.py:4180} INFO - Setting next_dagrun for user_processing_branch to 2026-01-16 00:00:00+00:00, run_after=2026-01-17 00:00:00+00:00
[2026-01-17T09:06:51.809+0000] {processor.py:208} INFO - Processing /opt/airflow/dags/branching_user_processing.py took 0.925 seconds
[2026-01-17T09:07:22.136+0000] {processor.py:186} INFO - Started process (PID=18345) to work on /opt/airflow/dags/branching_user_processing.py
[2026-01-17T09:07:22.139+0000] {processor.py:914} INFO - Processing file /opt/airflow/dags/branching_user_processing.py for tasks to queue
[2026-01-17T09:07:22.143+0000] {logging_mixin.py:190} INFO - [2026-01-17T09:07:22.142+0000] {dagbag.py:588} INFO - Filling up the DagBag from /opt/airflow/dags/branching_user_processing.py
[2026-01-17T09:07:22.981+0000] {processor.py:925} INFO - DAG(s) 'user_processing_branch' retrieved from /opt/airflow/dags/branching_user_processing.py
[2026-01-17T09:07:23.020+0000] {logging_mixin.py:190} INFO - [2026-01-17T09:07:23.019+0000] {dag.py:3239} INFO - Sync 1 DAGs
[2026-01-17T09:07:23.063+0000] {logging_mixin.py:190} INFO - [2026-01-17T09:07:23.062+0000] {dag.py:4180} INFO - Setting next_dagrun for user_processing_branch to 2026-01-16 00:00:00+00:00, run_after=2026-01-17 00:00:00+00:00
[2026-01-17T09:07:23.105+0000] {processor.py:208} INFO - Processing /opt/airflow/dags/branching_user_processing.py took 0.983 seconds
[2026-01-17T09:07:53.693+0000] {processor.py:186} INFO - Started process (PID=18369) to work on /opt/airflow/dags/branching_user_processing.py
[2026-01-17T09:07:53.695+0000] {processor.py:914} INFO - Processing file /opt/airflow/dags/branching_user_processing.py for tasks to queue
[2026-01-17T09:07:53.698+0000] {logging_mixin.py:190} INFO - [2026-01-17T09:07:53.697+0000] {dagbag.py:588} INFO - Filling up the DagBag from /opt/airflow/dags/branching_user_processing.py
[2026-01-17T09:07:54.479+0000] {processor.py:925} INFO - DAG(s) 'user_processing_branch' retrieved from /opt/airflow/dags/branching_user_processing.py
[2026-01-17T09:07:54.514+0000] {logging_mixin.py:190} INFO - [2026-01-17T09:07:54.514+0000] {dag.py:3239} INFO - Sync 1 DAGs
[2026-01-17T09:07:54.551+0000] {logging_mixin.py:190} INFO - [2026-01-17T09:07:54.550+0000] {dag.py:4180} INFO - Setting next_dagrun for user_processing_branch to 2026-01-16 00:00:00+00:00, run_after=2026-01-17 00:00:00+00:00
[2026-01-17T09:07:54.579+0000] {processor.py:208} INFO - Processing /opt/airflow/dags/branching_user_processing.py took 0.902 seconds
[2026-01-17T09:08:24.931+0000] {processor.py:186} INFO - Started process (PID=18393) to work on /opt/airflow/dags/branching_user_processing.py
[2026-01-17T09:08:24.933+0000] {processor.py:914} INFO - Processing file /opt/airflow/dags/branching_user_processing.py for tasks to queue
[2026-01-17T09:08:24.936+0000] {logging_mixin.py:190} INFO - [2026-01-17T09:08:24.935+0000] {dagbag.py:588} INFO - Filling up the DagBag from /opt/airflow/dags/branching_user_processing.py
[2026-01-17T09:08:25.625+0000] {processor.py:925} INFO - DAG(s) 'user_processing_branch' retrieved from /opt/airflow/dags/branching_user_processing.py
[2026-01-17T09:08:25.658+0000] {logging_mixin.py:190} INFO - [2026-01-17T09:08:25.657+0000] {dag.py:3239} INFO - Sync 1 DAGs
[2026-01-17T09:08:25.688+0000] {logging_mixin.py:190} INFO - [2026-01-17T09:08:25.688+0000] {dag.py:4180} INFO - Setting next_dagrun for user_processing_branch to 2026-01-16 00:00:00+00:00, run_after=2026-01-17 00:00:00+00:00
[2026-01-17T09:08:25.707+0000] {processor.py:208} INFO - Processing /opt/airflow/dags/branching_user_processing.py took 0.789 seconds
[2026-01-17T09:08:55.874+0000] {processor.py:186} INFO - Started process (PID=18417) to work on /opt/airflow/dags/branching_user_processing.py
[2026-01-17T09:08:55.876+0000] {processor.py:914} INFO - Processing file /opt/airflow/dags/branching_user_processing.py for tasks to queue
[2026-01-17T09:08:55.879+0000] {logging_mixin.py:190} INFO - [2026-01-17T09:08:55.879+0000] {dagbag.py:588} INFO - Filling up the DagBag from /opt/airflow/dags/branching_user_processing.py
[2026-01-17T09:08:56.909+0000] {processor.py:925} INFO - DAG(s) 'user_processing_branch' retrieved from /opt/airflow/dags/branching_user_processing.py
[2026-01-17T09:08:56.951+0000] {logging_mixin.py:190} INFO - [2026-01-17T09:08:56.950+0000] {dag.py:3239} INFO - Sync 1 DAGs
[2026-01-17T09:08:56.995+0000] {logging_mixin.py:190} INFO - [2026-01-17T09:08:56.994+0000] {dag.py:4180} INFO - Setting next_dagrun for user_processing_branch to 2026-01-16 00:00:00+00:00, run_after=2026-01-17 00:00:00+00:00
[2026-01-17T09:08:57.029+0000] {processor.py:208} INFO - Processing /opt/airflow/dags/branching_user_processing.py took 1.168 seconds
[2026-01-17T09:09:27.586+0000] {processor.py:186} INFO - Started process (PID=18441) to work on /opt/airflow/dags/branching_user_processing.py
[2026-01-17T09:09:27.588+0000] {processor.py:914} INFO - Processing file /opt/airflow/dags/branching_user_processing.py for tasks to queue
[2026-01-17T09:09:27.590+0000] {logging_mixin.py:190} INFO - [2026-01-17T09:09:27.590+0000] {dagbag.py:588} INFO - Filling up the DagBag from /opt/airflow/dags/branching_user_processing.py
[2026-01-17T09:09:28.372+0000] {processor.py:925} INFO - DAG(s) 'user_processing_branch' retrieved from /opt/airflow/dags/branching_user_processing.py
[2026-01-17T09:09:28.417+0000] {logging_mixin.py:190} INFO - [2026-01-17T09:09:28.416+0000] {dag.py:3239} INFO - Sync 1 DAGs
[2026-01-17T09:09:28.458+0000] {logging_mixin.py:190} INFO - [2026-01-17T09:09:28.458+0000] {dag.py:4180} INFO - Setting next_dagrun for user_processing_branch to 2026-01-16 00:00:00+00:00, run_after=2026-01-17 00:00:00+00:00
[2026-01-17T09:09:28.487+0000] {processor.py:208} INFO - Processing /opt/airflow/dags/branching_user_processing.py took 0.913 seconds
[2026-01-17T09:09:58.691+0000] {processor.py:186} INFO - Started process (PID=18465) to work on /opt/airflow/dags/branching_user_processing.py
[2026-01-17T09:09:58.692+0000] {processor.py:914} INFO - Processing file /opt/airflow/dags/branching_user_processing.py for tasks to queue
[2026-01-17T09:09:58.695+0000] {logging_mixin.py:190} INFO - [2026-01-17T09:09:58.694+0000] {dagbag.py:588} INFO - Filling up the DagBag from /opt/airflow/dags/branching_user_processing.py
[2026-01-17T09:09:59.619+0000] {processor.py:925} INFO - DAG(s) 'user_processing_branch' retrieved from /opt/airflow/dags/branching_user_processing.py
[2026-01-17T09:09:59.667+0000] {logging_mixin.py:190} INFO - [2026-01-17T09:09:59.666+0000] {dag.py:3239} INFO - Sync 1 DAGs
[2026-01-17T09:09:59.747+0000] {logging_mixin.py:190} INFO - [2026-01-17T09:09:59.746+0000] {dag.py:4180} INFO - Setting next_dagrun for user_processing_branch to 2026-01-16 00:00:00+00:00, run_after=2026-01-17 00:00:00+00:00
[2026-01-17T09:09:59.794+0000] {processor.py:208} INFO - Processing /opt/airflow/dags/branching_user_processing.py took 1.121 seconds
[2026-01-17T09:10:30.264+0000] {processor.py:186} INFO - Started process (PID=18489) to work on /opt/airflow/dags/branching_user_processing.py
[2026-01-17T09:10:30.266+0000] {processor.py:914} INFO - Processing file /opt/airflow/dags/branching_user_processing.py for tasks to queue
[2026-01-17T09:10:30.269+0000] {logging_mixin.py:190} INFO - [2026-01-17T09:10:30.268+0000] {dagbag.py:588} INFO - Filling up the DagBag from /opt/airflow/dags/branching_user_processing.py
[2026-01-17T09:10:31.196+0000] {processor.py:925} INFO - DAG(s) 'user_processing_branch' retrieved from /opt/airflow/dags/branching_user_processing.py
[2026-01-17T09:10:31.239+0000] {logging_mixin.py:190} INFO - [2026-01-17T09:10:31.238+0000] {dag.py:3239} INFO - Sync 1 DAGs
[2026-01-17T09:10:31.293+0000] {logging_mixin.py:190} INFO - [2026-01-17T09:10:31.292+0000] {dag.py:4180} INFO - Setting next_dagrun for user_processing_branch to 2026-01-16 00:00:00+00:00, run_after=2026-01-17 00:00:00+00:00
[2026-01-17T09:10:31.328+0000] {processor.py:208} INFO - Processing /opt/airflow/dags/branching_user_processing.py took 1.079 seconds
[2026-01-17T09:11:01.414+0000] {processor.py:186} INFO - Started process (PID=18513) to work on /opt/airflow/dags/branching_user_processing.py
[2026-01-17T09:11:01.416+0000] {processor.py:914} INFO - Processing file /opt/airflow/dags/branching_user_processing.py for tasks to queue
[2026-01-17T09:11:01.418+0000] {logging_mixin.py:190} INFO - [2026-01-17T09:11:01.417+0000] {dagbag.py:588} INFO - Filling up the DagBag from /opt/airflow/dags/branching_user_processing.py
[2026-01-17T09:11:02.195+0000] {processor.py:925} INFO - DAG(s) 'user_processing_branch' retrieved from /opt/airflow/dags/branching_user_processing.py
[2026-01-17T09:11:02.232+0000] {logging_mixin.py:190} INFO - [2026-01-17T09:11:02.231+0000] {dag.py:3239} INFO - Sync 1 DAGs
[2026-01-17T09:11:02.264+0000] {logging_mixin.py:190} INFO - [2026-01-17T09:11:02.263+0000] {dag.py:4180} INFO - Setting next_dagrun for user_processing_branch to 2026-01-16 00:00:00+00:00, run_after=2026-01-17 00:00:00+00:00
[2026-01-17T09:11:02.296+0000] {processor.py:208} INFO - Processing /opt/airflow/dags/branching_user_processing.py took 0.895 seconds
[2026-01-17T09:11:40.747+0000] {processor.py:186} INFO - Started process (PID=18543) to work on /opt/airflow/dags/branching_user_processing.py
[2026-01-17T09:11:40.751+0000] {processor.py:914} INFO - Processing file /opt/airflow/dags/branching_user_processing.py for tasks to queue
[2026-01-17T09:11:40.755+0000] {logging_mixin.py:190} INFO - [2026-01-17T09:11:40.753+0000] {dagbag.py:588} INFO - Filling up the DagBag from /opt/airflow/dags/branching_user_processing.py
[2026-01-17T09:11:42.206+0000] {processor.py:925} INFO - DAG(s) 'user_processing_branch' retrieved from /opt/airflow/dags/branching_user_processing.py
[2026-01-17T09:11:42.265+0000] {logging_mixin.py:190} INFO - [2026-01-17T09:11:42.264+0000] {dag.py:3239} INFO - Sync 1 DAGs
[2026-01-17T09:11:42.330+0000] {logging_mixin.py:190} INFO - [2026-01-17T09:11:42.328+0000] {dag.py:4180} INFO - Setting next_dagrun for user_processing_branch to 2026-01-16 00:00:00+00:00, run_after=2026-01-17 00:00:00+00:00
[2026-01-17T09:11:42.381+0000] {processor.py:208} INFO - Processing /opt/airflow/dags/branching_user_processing.py took 1.657 seconds
[2026-01-17T09:12:12.687+0000] {processor.py:186} INFO - Started process (PID=18567) to work on /opt/airflow/dags/branching_user_processing.py
[2026-01-17T09:12:12.689+0000] {processor.py:914} INFO - Processing file /opt/airflow/dags/branching_user_processing.py for tasks to queue
[2026-01-17T09:12:12.692+0000] {logging_mixin.py:190} INFO - [2026-01-17T09:12:12.691+0000] {dagbag.py:588} INFO - Filling up the DagBag from /opt/airflow/dags/branching_user_processing.py
[2026-01-17T09:12:13.547+0000] {processor.py:925} INFO - DAG(s) 'user_processing_branch' retrieved from /opt/airflow/dags/branching_user_processing.py
[2026-01-17T09:12:13.588+0000] {logging_mixin.py:190} INFO - [2026-01-17T09:12:13.587+0000] {dag.py:3239} INFO - Sync 1 DAGs
[2026-01-17T09:12:13.626+0000] {logging_mixin.py:190} INFO - [2026-01-17T09:12:13.625+0000] {dag.py:4180} INFO - Setting next_dagrun for user_processing_branch to 2026-01-16 00:00:00+00:00, run_after=2026-01-17 00:00:00+00:00
[2026-01-17T09:12:13.658+0000] {processor.py:208} INFO - Processing /opt/airflow/dags/branching_user_processing.py took 0.987 seconds
[2026-01-17T09:12:44.121+0000] {processor.py:186} INFO - Started process (PID=18590) to work on /opt/airflow/dags/branching_user_processing.py
[2026-01-17T09:12:44.122+0000] {processor.py:914} INFO - Processing file /opt/airflow/dags/branching_user_processing.py for tasks to queue
[2026-01-17T09:12:44.136+0000] {logging_mixin.py:190} INFO - [2026-01-17T09:12:44.124+0000] {dagbag.py:588} INFO - Filling up the DagBag from /opt/airflow/dags/branching_user_processing.py
[2026-01-17T09:12:45.126+0000] {processor.py:925} INFO - DAG(s) 'user_processing_branch' retrieved from /opt/airflow/dags/branching_user_processing.py
[2026-01-17T09:12:45.169+0000] {logging_mixin.py:190} INFO - [2026-01-17T09:12:45.168+0000] {dag.py:3239} INFO - Sync 1 DAGs
[2026-01-17T09:12:45.210+0000] {logging_mixin.py:190} INFO - [2026-01-17T09:12:45.209+0000] {dag.py:4180} INFO - Setting next_dagrun for user_processing_branch to 2026-01-16 00:00:00+00:00, run_after=2026-01-17 00:00:00+00:00
[2026-01-17T09:12:45.242+0000] {processor.py:208} INFO - Processing /opt/airflow/dags/branching_user_processing.py took 1.132 seconds
[2026-01-17T09:13:15.742+0000] {processor.py:186} INFO - Started process (PID=18614) to work on /opt/airflow/dags/branching_user_processing.py
[2026-01-17T09:13:15.744+0000] {processor.py:914} INFO - Processing file /opt/airflow/dags/branching_user_processing.py for tasks to queue
[2026-01-17T09:13:15.747+0000] {logging_mixin.py:190} INFO - [2026-01-17T09:13:15.746+0000] {dagbag.py:588} INFO - Filling up the DagBag from /opt/airflow/dags/branching_user_processing.py
[2026-01-17T09:13:16.690+0000] {processor.py:925} INFO - DAG(s) 'user_processing_branch' retrieved from /opt/airflow/dags/branching_user_processing.py
[2026-01-17T09:13:16.735+0000] {logging_mixin.py:190} INFO - [2026-01-17T09:13:16.734+0000] {dag.py:3239} INFO - Sync 1 DAGs
[2026-01-17T09:13:16.786+0000] {logging_mixin.py:190} INFO - [2026-01-17T09:13:16.785+0000] {dag.py:4180} INFO - Setting next_dagrun for user_processing_branch to 2026-01-16 00:00:00+00:00, run_after=2026-01-17 00:00:00+00:00
[2026-01-17T09:13:16.830+0000] {processor.py:208} INFO - Processing /opt/airflow/dags/branching_user_processing.py took 1.104 seconds
[2026-01-17T09:13:47.217+0000] {processor.py:186} INFO - Started process (PID=18638) to work on /opt/airflow/dags/branching_user_processing.py
[2026-01-17T09:13:47.218+0000] {processor.py:914} INFO - Processing file /opt/airflow/dags/branching_user_processing.py for tasks to queue
[2026-01-17T09:13:47.220+0000] {logging_mixin.py:190} INFO - [2026-01-17T09:13:47.220+0000] {dagbag.py:588} INFO - Filling up the DagBag from /opt/airflow/dags/branching_user_processing.py
[2026-01-17T09:13:48.103+0000] {processor.py:925} INFO - DAG(s) 'user_processing_branch' retrieved from /opt/airflow/dags/branching_user_processing.py
[2026-01-17T09:13:48.147+0000] {logging_mixin.py:190} INFO - [2026-01-17T09:13:48.146+0000] {dag.py:3239} INFO - Sync 1 DAGs
[2026-01-17T09:13:48.192+0000] {logging_mixin.py:190} INFO - [2026-01-17T09:13:48.192+0000] {dag.py:4180} INFO - Setting next_dagrun for user_processing_branch to 2026-01-16 00:00:00+00:00, run_after=2026-01-17 00:00:00+00:00
[2026-01-17T09:13:48.236+0000] {processor.py:208} INFO - Processing /opt/airflow/dags/branching_user_processing.py took 1.030 seconds
[2026-01-17T09:14:18.406+0000] {processor.py:186} INFO - Started process (PID=18662) to work on /opt/airflow/dags/branching_user_processing.py
[2026-01-17T09:14:18.409+0000] {processor.py:914} INFO - Processing file /opt/airflow/dags/branching_user_processing.py for tasks to queue
[2026-01-17T09:14:18.411+0000] {logging_mixin.py:190} INFO - [2026-01-17T09:14:18.411+0000] {dagbag.py:588} INFO - Filling up the DagBag from /opt/airflow/dags/branching_user_processing.py
[2026-01-17T09:14:19.318+0000] {processor.py:925} INFO - DAG(s) 'user_processing_branch' retrieved from /opt/airflow/dags/branching_user_processing.py
[2026-01-17T09:14:19.361+0000] {logging_mixin.py:190} INFO - [2026-01-17T09:14:19.361+0000] {dag.py:3239} INFO - Sync 1 DAGs
[2026-01-17T09:14:19.408+0000] {logging_mixin.py:190} INFO - [2026-01-17T09:14:19.407+0000] {dag.py:4180} INFO - Setting next_dagrun for user_processing_branch to 2026-01-16 00:00:00+00:00, run_after=2026-01-17 00:00:00+00:00
[2026-01-17T09:14:19.439+0000] {processor.py:208} INFO - Processing /opt/airflow/dags/branching_user_processing.py took 1.047 seconds
[2026-01-17T09:14:50.038+0000] {processor.py:186} INFO - Started process (PID=18688) to work on /opt/airflow/dags/branching_user_processing.py
[2026-01-17T09:14:50.040+0000] {processor.py:914} INFO - Processing file /opt/airflow/dags/branching_user_processing.py for tasks to queue
[2026-01-17T09:14:50.044+0000] {logging_mixin.py:190} INFO - [2026-01-17T09:14:50.043+0000] {dagbag.py:588} INFO - Filling up the DagBag from /opt/airflow/dags/branching_user_processing.py
[2026-01-17T09:14:50.989+0000] {processor.py:925} INFO - DAG(s) 'user_processing_branch' retrieved from /opt/airflow/dags/branching_user_processing.py
[2026-01-17T09:14:51.025+0000] {logging_mixin.py:190} INFO - [2026-01-17T09:14:51.024+0000] {dag.py:3239} INFO - Sync 1 DAGs
[2026-01-17T09:14:51.060+0000] {logging_mixin.py:190} INFO - [2026-01-17T09:14:51.060+0000] {dag.py:4180} INFO - Setting next_dagrun for user_processing_branch to 2026-01-16 00:00:00+00:00, run_after=2026-01-17 00:00:00+00:00
[2026-01-17T09:14:51.098+0000] {processor.py:208} INFO - Processing /opt/airflow/dags/branching_user_processing.py took 1.078 seconds
[2026-01-17T09:15:21.524+0000] {processor.py:186} INFO - Started process (PID=18712) to work on /opt/airflow/dags/branching_user_processing.py
[2026-01-17T09:15:21.526+0000] {processor.py:914} INFO - Processing file /opt/airflow/dags/branching_user_processing.py for tasks to queue
[2026-01-17T09:15:21.528+0000] {logging_mixin.py:190} INFO - [2026-01-17T09:15:21.528+0000] {dagbag.py:588} INFO - Filling up the DagBag from /opt/airflow/dags/branching_user_processing.py
[2026-01-17T09:15:22.461+0000] {processor.py:925} INFO - DAG(s) 'user_processing_branch' retrieved from /opt/airflow/dags/branching_user_processing.py
[2026-01-17T09:15:22.509+0000] {logging_mixin.py:190} INFO - [2026-01-17T09:15:22.508+0000] {dag.py:3239} INFO - Sync 1 DAGs
[2026-01-17T09:15:22.549+0000] {logging_mixin.py:190} INFO - [2026-01-17T09:15:22.549+0000] {dag.py:4180} INFO - Setting next_dagrun for user_processing_branch to 2026-01-16 00:00:00+00:00, run_after=2026-01-17 00:00:00+00:00
[2026-01-17T09:15:22.576+0000] {processor.py:208} INFO - Processing /opt/airflow/dags/branching_user_processing.py took 1.063 seconds
[2026-01-17T09:15:53.289+0000] {processor.py:186} INFO - Started process (PID=18737) to work on /opt/airflow/dags/branching_user_processing.py
[2026-01-17T09:15:53.290+0000] {processor.py:914} INFO - Processing file /opt/airflow/dags/branching_user_processing.py for tasks to queue
[2026-01-17T09:15:53.292+0000] {logging_mixin.py:190} INFO - [2026-01-17T09:15:53.292+0000] {dagbag.py:588} INFO - Filling up the DagBag from /opt/airflow/dags/branching_user_processing.py
[2026-01-17T09:15:54.058+0000] {processor.py:925} INFO - DAG(s) 'user_processing_branch' retrieved from /opt/airflow/dags/branching_user_processing.py
[2026-01-17T09:15:54.101+0000] {logging_mixin.py:190} INFO - [2026-01-17T09:15:54.100+0000] {dag.py:3239} INFO - Sync 1 DAGs
[2026-01-17T09:15:54.135+0000] {logging_mixin.py:190} INFO - [2026-01-17T09:15:54.135+0000] {dag.py:4180} INFO - Setting next_dagrun for user_processing_branch to 2026-01-16 00:00:00+00:00, run_after=2026-01-17 00:00:00+00:00
[2026-01-17T09:15:54.169+0000] {processor.py:208} INFO - Processing /opt/airflow/dags/branching_user_processing.py took 0.895 seconds
[2026-01-17T09:16:24.688+0000] {processor.py:186} INFO - Started process (PID=18761) to work on /opt/airflow/dags/branching_user_processing.py
[2026-01-17T09:16:24.695+0000] {processor.py:914} INFO - Processing file /opt/airflow/dags/branching_user_processing.py for tasks to queue
[2026-01-17T09:16:24.698+0000] {logging_mixin.py:190} INFO - [2026-01-17T09:16:24.697+0000] {dagbag.py:588} INFO - Filling up the DagBag from /opt/airflow/dags/branching_user_processing.py
[2026-01-17T09:16:25.609+0000] {processor.py:925} INFO - DAG(s) 'user_processing_branch' retrieved from /opt/airflow/dags/branching_user_processing.py
[2026-01-17T09:16:25.649+0000] {logging_mixin.py:190} INFO - [2026-01-17T09:16:25.648+0000] {dag.py:3239} INFO - Sync 1 DAGs
[2026-01-17T09:16:25.687+0000] {logging_mixin.py:190} INFO - [2026-01-17T09:16:25.686+0000] {dag.py:4180} INFO - Setting next_dagrun for user_processing_branch to 2026-01-16 00:00:00+00:00, run_after=2026-01-17 00:00:00+00:00
[2026-01-17T09:16:25.722+0000] {processor.py:208} INFO - Processing /opt/airflow/dags/branching_user_processing.py took 1.063 seconds
[2026-01-17T09:16:55.872+0000] {processor.py:186} INFO - Started process (PID=18785) to work on /opt/airflow/dags/branching_user_processing.py
[2026-01-17T09:16:55.873+0000] {processor.py:914} INFO - Processing file /opt/airflow/dags/branching_user_processing.py for tasks to queue
[2026-01-17T09:16:55.875+0000] {logging_mixin.py:190} INFO - [2026-01-17T09:16:55.875+0000] {dagbag.py:588} INFO - Filling up the DagBag from /opt/airflow/dags/branching_user_processing.py
[2026-01-17T09:16:56.732+0000] {processor.py:925} INFO - DAG(s) 'user_processing_branch' retrieved from /opt/airflow/dags/branching_user_processing.py
[2026-01-17T09:16:56.777+0000] {logging_mixin.py:190} INFO - [2026-01-17T09:16:56.777+0000] {dag.py:3239} INFO - Sync 1 DAGs
[2026-01-17T09:16:56.818+0000] {logging_mixin.py:190} INFO - [2026-01-17T09:16:56.818+0000] {dag.py:4180} INFO - Setting next_dagrun for user_processing_branch to 2026-01-16 00:00:00+00:00, run_after=2026-01-17 00:00:00+00:00
[2026-01-17T09:16:56.861+0000] {processor.py:208} INFO - Processing /opt/airflow/dags/branching_user_processing.py took 1.001 seconds
[2026-01-17T09:17:27.748+0000] {processor.py:186} INFO - Started process (PID=18809) to work on /opt/airflow/dags/branching_user_processing.py
[2026-01-17T09:17:27.750+0000] {processor.py:914} INFO - Processing file /opt/airflow/dags/branching_user_processing.py for tasks to queue
[2026-01-17T09:17:27.752+0000] {logging_mixin.py:190} INFO - [2026-01-17T09:17:27.752+0000] {dagbag.py:588} INFO - Filling up the DagBag from /opt/airflow/dags/branching_user_processing.py
[2026-01-17T09:17:28.478+0000] {processor.py:925} INFO - DAG(s) 'user_processing_branch' retrieved from /opt/airflow/dags/branching_user_processing.py
[2026-01-17T09:17:28.508+0000] {logging_mixin.py:190} INFO - [2026-01-17T09:17:28.507+0000] {dag.py:3239} INFO - Sync 1 DAGs
[2026-01-17T09:17:28.538+0000] {logging_mixin.py:190} INFO - [2026-01-17T09:17:28.537+0000] {dag.py:4180} INFO - Setting next_dagrun for user_processing_branch to 2026-01-16 00:00:00+00:00, run_after=2026-01-17 00:00:00+00:00
[2026-01-17T09:17:28.565+0000] {processor.py:208} INFO - Processing /opt/airflow/dags/branching_user_processing.py took 0.836 seconds
[2026-01-17T09:17:59.128+0000] {processor.py:186} INFO - Started process (PID=18833) to work on /opt/airflow/dags/branching_user_processing.py
[2026-01-17T09:17:59.130+0000] {processor.py:914} INFO - Processing file /opt/airflow/dags/branching_user_processing.py for tasks to queue
[2026-01-17T09:17:59.133+0000] {logging_mixin.py:190} INFO - [2026-01-17T09:17:59.132+0000] {dagbag.py:588} INFO - Filling up the DagBag from /opt/airflow/dags/branching_user_processing.py
[2026-01-17T09:17:59.950+0000] {processor.py:925} INFO - DAG(s) 'user_processing_branch' retrieved from /opt/airflow/dags/branching_user_processing.py
[2026-01-17T09:17:59.991+0000] {logging_mixin.py:190} INFO - [2026-01-17T09:17:59.990+0000] {dag.py:3239} INFO - Sync 1 DAGs
[2026-01-17T09:18:00.032+0000] {logging_mixin.py:190} INFO - [2026-01-17T09:18:00.031+0000] {dag.py:4180} INFO - Setting next_dagrun for user_processing_branch to 2026-01-16 00:00:00+00:00, run_after=2026-01-17 00:00:00+00:00
[2026-01-17T09:18:00.071+0000] {processor.py:208} INFO - Processing /opt/airflow/dags/branching_user_processing.py took 0.960 seconds
[2026-01-17T09:18:30.831+0000] {processor.py:186} INFO - Started process (PID=18857) to work on /opt/airflow/dags/branching_user_processing.py
[2026-01-17T09:18:30.833+0000] {processor.py:914} INFO - Processing file /opt/airflow/dags/branching_user_processing.py for tasks to queue
[2026-01-17T09:18:30.836+0000] {logging_mixin.py:190} INFO - [2026-01-17T09:18:30.835+0000] {dagbag.py:588} INFO - Filling up the DagBag from /opt/airflow/dags/branching_user_processing.py
[2026-01-17T09:18:31.650+0000] {processor.py:925} INFO - DAG(s) 'user_processing_branch' retrieved from /opt/airflow/dags/branching_user_processing.py
[2026-01-17T09:18:31.687+0000] {logging_mixin.py:190} INFO - [2026-01-17T09:18:31.686+0000] {dag.py:3239} INFO - Sync 1 DAGs
[2026-01-17T09:18:31.723+0000] {logging_mixin.py:190} INFO - [2026-01-17T09:18:31.722+0000] {dag.py:4180} INFO - Setting next_dagrun for user_processing_branch to 2026-01-16 00:00:00+00:00, run_after=2026-01-17 00:00:00+00:00
[2026-01-17T09:18:31.760+0000] {processor.py:208} INFO - Processing /opt/airflow/dags/branching_user_processing.py took 0.948 seconds
[2026-01-17T09:19:02.521+0000] {processor.py:186} INFO - Started process (PID=18881) to work on /opt/airflow/dags/branching_user_processing.py
[2026-01-17T09:19:02.523+0000] {processor.py:914} INFO - Processing file /opt/airflow/dags/branching_user_processing.py for tasks to queue
[2026-01-17T09:19:02.526+0000] {logging_mixin.py:190} INFO - [2026-01-17T09:19:02.525+0000] {dagbag.py:588} INFO - Filling up the DagBag from /opt/airflow/dags/branching_user_processing.py
[2026-01-17T09:19:03.366+0000] {processor.py:925} INFO - DAG(s) 'user_processing_branch' retrieved from /opt/airflow/dags/branching_user_processing.py
[2026-01-17T09:19:03.403+0000] {logging_mixin.py:190} INFO - [2026-01-17T09:19:03.402+0000] {dag.py:3239} INFO - Sync 1 DAGs
[2026-01-17T09:19:03.438+0000] {logging_mixin.py:190} INFO - [2026-01-17T09:19:03.438+0000] {dag.py:4180} INFO - Setting next_dagrun for user_processing_branch to 2026-01-16 00:00:00+00:00, run_after=2026-01-17 00:00:00+00:00
[2026-01-17T09:19:03.470+0000] {processor.py:208} INFO - Processing /opt/airflow/dags/branching_user_processing.py took 0.965 seconds
[2026-01-17T09:19:33.720+0000] {processor.py:186} INFO - Started process (PID=18905) to work on /opt/airflow/dags/branching_user_processing.py
[2026-01-17T09:19:33.721+0000] {processor.py:914} INFO - Processing file /opt/airflow/dags/branching_user_processing.py for tasks to queue
[2026-01-17T09:19:33.724+0000] {logging_mixin.py:190} INFO - [2026-01-17T09:19:33.723+0000] {dagbag.py:588} INFO - Filling up the DagBag from /opt/airflow/dags/branching_user_processing.py
[2026-01-17T09:19:34.742+0000] {processor.py:925} INFO - DAG(s) 'user_processing_branch' retrieved from /opt/airflow/dags/branching_user_processing.py
[2026-01-17T09:19:34.778+0000] {logging_mixin.py:190} INFO - [2026-01-17T09:19:34.777+0000] {dag.py:3239} INFO - Sync 1 DAGs
[2026-01-17T09:19:34.813+0000] {logging_mixin.py:190} INFO - [2026-01-17T09:19:34.812+0000] {dag.py:4180} INFO - Setting next_dagrun for user_processing_branch to 2026-01-16 00:00:00+00:00, run_after=2026-01-17 00:00:00+00:00
[2026-01-17T09:19:34.846+0000] {processor.py:208} INFO - Processing /opt/airflow/dags/branching_user_processing.py took 1.143 seconds
[2026-01-17T09:20:05.866+0000] {processor.py:186} INFO - Started process (PID=18929) to work on /opt/airflow/dags/branching_user_processing.py
[2026-01-17T09:20:05.867+0000] {processor.py:914} INFO - Processing file /opt/airflow/dags/branching_user_processing.py for tasks to queue
[2026-01-17T09:20:05.870+0000] {logging_mixin.py:190} INFO - [2026-01-17T09:20:05.869+0000] {dagbag.py:588} INFO - Filling up the DagBag from /opt/airflow/dags/branching_user_processing.py
[2026-01-17T09:20:06.678+0000] {processor.py:925} INFO - DAG(s) 'user_processing_branch' retrieved from /opt/airflow/dags/branching_user_processing.py
[2026-01-17T09:20:06.730+0000] {logging_mixin.py:190} INFO - [2026-01-17T09:20:06.730+0000] {dag.py:3239} INFO - Sync 1 DAGs
[2026-01-17T09:20:06.773+0000] {logging_mixin.py:190} INFO - [2026-01-17T09:20:06.772+0000] {dag.py:4180} INFO - Setting next_dagrun for user_processing_branch to 2026-01-16 00:00:00+00:00, run_after=2026-01-17 00:00:00+00:00
[2026-01-17T09:20:06.802+0000] {processor.py:208} INFO - Processing /opt/airflow/dags/branching_user_processing.py took 0.952 seconds
[2026-01-17T09:20:37.361+0000] {processor.py:186} INFO - Started process (PID=18953) to work on /opt/airflow/dags/branching_user_processing.py
[2026-01-17T09:20:37.363+0000] {processor.py:914} INFO - Processing file /opt/airflow/dags/branching_user_processing.py for tasks to queue
[2026-01-17T09:20:37.364+0000] {logging_mixin.py:190} INFO - [2026-01-17T09:20:37.364+0000] {dagbag.py:588} INFO - Filling up the DagBag from /opt/airflow/dags/branching_user_processing.py
[2026-01-17T09:20:38.090+0000] {processor.py:925} INFO - DAG(s) 'user_processing_branch' retrieved from /opt/airflow/dags/branching_user_processing.py
[2026-01-17T09:20:38.137+0000] {logging_mixin.py:190} INFO - [2026-01-17T09:20:38.137+0000] {dag.py:3239} INFO - Sync 1 DAGs
[2026-01-17T09:20:38.164+0000] {logging_mixin.py:190} INFO - [2026-01-17T09:20:38.163+0000] {dag.py:4180} INFO - Setting next_dagrun for user_processing_branch to 2026-01-16 00:00:00+00:00, run_after=2026-01-17 00:00:00+00:00
[2026-01-17T09:20:38.189+0000] {processor.py:208} INFO - Processing /opt/airflow/dags/branching_user_processing.py took 0.841 seconds
[2026-01-17T09:21:08.481+0000] {processor.py:186} INFO - Started process (PID=18977) to work on /opt/airflow/dags/branching_user_processing.py
[2026-01-17T09:21:08.483+0000] {processor.py:914} INFO - Processing file /opt/airflow/dags/branching_user_processing.py for tasks to queue
[2026-01-17T09:21:08.485+0000] {logging_mixin.py:190} INFO - [2026-01-17T09:21:08.484+0000] {dagbag.py:588} INFO - Filling up the DagBag from /opt/airflow/dags/branching_user_processing.py
[2026-01-17T09:21:09.209+0000] {processor.py:925} INFO - DAG(s) 'user_processing_branch' retrieved from /opt/airflow/dags/branching_user_processing.py
[2026-01-17T09:21:09.243+0000] {logging_mixin.py:190} INFO - [2026-01-17T09:21:09.242+0000] {dag.py:3239} INFO - Sync 1 DAGs
[2026-01-17T09:21:09.284+0000] {logging_mixin.py:190} INFO - [2026-01-17T09:21:09.283+0000] {dag.py:4180} INFO - Setting next_dagrun for user_processing_branch to 2026-01-16 00:00:00+00:00, run_after=2026-01-17 00:00:00+00:00
[2026-01-17T09:21:09.314+0000] {processor.py:208} INFO - Processing /opt/airflow/dags/branching_user_processing.py took 0.846 seconds
[2026-01-17T09:21:39.517+0000] {processor.py:186} INFO - Started process (PID=19001) to work on /opt/airflow/dags/branching_user_processing.py
[2026-01-17T09:21:39.519+0000] {processor.py:914} INFO - Processing file /opt/airflow/dags/branching_user_processing.py for tasks to queue
[2026-01-17T09:21:39.521+0000] {logging_mixin.py:190} INFO - [2026-01-17T09:21:39.520+0000] {dagbag.py:588} INFO - Filling up the DagBag from /opt/airflow/dags/branching_user_processing.py
[2026-01-17T09:21:40.433+0000] {processor.py:925} INFO - DAG(s) 'user_processing_branch' retrieved from /opt/airflow/dags/branching_user_processing.py
[2026-01-17T09:21:40.475+0000] {logging_mixin.py:190} INFO - [2026-01-17T09:21:40.474+0000] {dag.py:3239} INFO - Sync 1 DAGs
[2026-01-17T09:21:40.527+0000] {logging_mixin.py:190} INFO - [2026-01-17T09:21:40.527+0000] {dag.py:4180} INFO - Setting next_dagrun for user_processing_branch to 2026-01-16 00:00:00+00:00, run_after=2026-01-17 00:00:00+00:00
[2026-01-17T09:21:40.571+0000] {processor.py:208} INFO - Processing /opt/airflow/dags/branching_user_processing.py took 1.070 seconds
[2026-01-17T09:22:10.990+0000] {processor.py:186} INFO - Started process (PID=19032) to work on /opt/airflow/dags/branching_user_processing.py
[2026-01-17T09:22:10.992+0000] {processor.py:914} INFO - Processing file /opt/airflow/dags/branching_user_processing.py for tasks to queue
[2026-01-17T09:22:10.994+0000] {logging_mixin.py:190} INFO - [2026-01-17T09:22:10.993+0000] {dagbag.py:588} INFO - Filling up the DagBag from /opt/airflow/dags/branching_user_processing.py
[2026-01-17T09:22:12.054+0000] {processor.py:925} INFO - DAG(s) 'user_processing_branch' retrieved from /opt/airflow/dags/branching_user_processing.py
[2026-01-17T09:22:12.106+0000] {logging_mixin.py:190} INFO - [2026-01-17T09:22:12.105+0000] {dag.py:3239} INFO - Sync 1 DAGs
[2026-01-17T09:22:12.156+0000] {logging_mixin.py:190} INFO - [2026-01-17T09:22:12.155+0000] {dag.py:4180} INFO - Setting next_dagrun for user_processing_branch to 2026-01-16 00:00:00+00:00, run_after=2026-01-17 00:00:00+00:00
[2026-01-17T09:22:12.201+0000] {processor.py:208} INFO - Processing /opt/airflow/dags/branching_user_processing.py took 1.233 seconds
[2026-01-17T09:22:42.557+0000] {processor.py:186} INFO - Started process (PID=19056) to work on /opt/airflow/dags/branching_user_processing.py
[2026-01-17T09:22:42.559+0000] {processor.py:914} INFO - Processing file /opt/airflow/dags/branching_user_processing.py for tasks to queue
[2026-01-17T09:22:42.561+0000] {logging_mixin.py:190} INFO - [2026-01-17T09:22:42.560+0000] {dagbag.py:588} INFO - Filling up the DagBag from /opt/airflow/dags/branching_user_processing.py
[2026-01-17T09:22:43.593+0000] {processor.py:925} INFO - DAG(s) 'user_processing_branch' retrieved from /opt/airflow/dags/branching_user_processing.py
[2026-01-17T09:22:43.643+0000] {logging_mixin.py:190} INFO - [2026-01-17T09:22:43.643+0000] {dag.py:3239} INFO - Sync 1 DAGs
[2026-01-17T09:22:43.695+0000] {logging_mixin.py:190} INFO - [2026-01-17T09:22:43.695+0000] {dag.py:4180} INFO - Setting next_dagrun for user_processing_branch to 2026-01-16 00:00:00+00:00, run_after=2026-01-17 00:00:00+00:00
[2026-01-17T09:22:43.741+0000] {processor.py:208} INFO - Processing /opt/airflow/dags/branching_user_processing.py took 1.199 seconds
[2026-01-17T09:23:14.054+0000] {processor.py:186} INFO - Started process (PID=19080) to work on /opt/airflow/dags/branching_user_processing.py
[2026-01-17T09:23:14.056+0000] {processor.py:914} INFO - Processing file /opt/airflow/dags/branching_user_processing.py for tasks to queue
[2026-01-17T09:23:14.059+0000] {logging_mixin.py:190} INFO - [2026-01-17T09:23:14.058+0000] {dagbag.py:588} INFO - Filling up the DagBag from /opt/airflow/dags/branching_user_processing.py
[2026-01-17T09:23:15.660+0000] {processor.py:925} INFO - DAG(s) 'user_processing_branch' retrieved from /opt/airflow/dags/branching_user_processing.py
[2026-01-17T09:23:15.710+0000] {logging_mixin.py:190} INFO - [2026-01-17T09:23:15.709+0000] {dag.py:3239} INFO - Sync 1 DAGs
[2026-01-17T09:23:15.774+0000] {logging_mixin.py:190} INFO - [2026-01-17T09:23:15.774+0000] {dag.py:4180} INFO - Setting next_dagrun for user_processing_branch to 2026-01-16 00:00:00+00:00, run_after=2026-01-17 00:00:00+00:00
[2026-01-17T09:23:15.834+0000] {processor.py:208} INFO - Processing /opt/airflow/dags/branching_user_processing.py took 1.796 seconds
[2026-01-17T09:23:46.760+0000] {processor.py:186} INFO - Started process (PID=19104) to work on /opt/airflow/dags/branching_user_processing.py
[2026-01-17T09:23:46.764+0000] {processor.py:914} INFO - Processing file /opt/airflow/dags/branching_user_processing.py for tasks to queue
[2026-01-17T09:23:46.768+0000] {logging_mixin.py:190} INFO - [2026-01-17T09:23:46.767+0000] {dagbag.py:588} INFO - Filling up the DagBag from /opt/airflow/dags/branching_user_processing.py
[2026-01-17T09:23:47.864+0000] {processor.py:925} INFO - DAG(s) 'user_processing_branch' retrieved from /opt/airflow/dags/branching_user_processing.py
[2026-01-17T09:23:47.928+0000] {logging_mixin.py:190} INFO - [2026-01-17T09:23:47.927+0000] {dag.py:3239} INFO - Sync 1 DAGs
[2026-01-17T09:23:47.984+0000] {logging_mixin.py:190} INFO - [2026-01-17T09:23:47.981+0000] {dag.py:4180} INFO - Setting next_dagrun for user_processing_branch to 2026-01-16 00:00:00+00:00, run_after=2026-01-17 00:00:00+00:00
[2026-01-17T09:23:48.024+0000] {processor.py:208} INFO - Processing /opt/airflow/dags/branching_user_processing.py took 1.283 seconds
[2026-01-17T09:24:18.443+0000] {processor.py:186} INFO - Started process (PID=19128) to work on /opt/airflow/dags/branching_user_processing.py
[2026-01-17T09:24:18.445+0000] {processor.py:914} INFO - Processing file /opt/airflow/dags/branching_user_processing.py for tasks to queue
[2026-01-17T09:24:18.448+0000] {logging_mixin.py:190} INFO - [2026-01-17T09:24:18.448+0000] {dagbag.py:588} INFO - Filling up the DagBag from /opt/airflow/dags/branching_user_processing.py
[2026-01-17T09:24:19.425+0000] {processor.py:925} INFO - DAG(s) 'user_processing_branch' retrieved from /opt/airflow/dags/branching_user_processing.py
[2026-01-17T09:24:19.483+0000] {logging_mixin.py:190} INFO - [2026-01-17T09:24:19.482+0000] {dag.py:3239} INFO - Sync 1 DAGs
[2026-01-17T09:24:19.527+0000] {logging_mixin.py:190} INFO - [2026-01-17T09:24:19.527+0000] {dag.py:4180} INFO - Setting next_dagrun for user_processing_branch to 2026-01-16 00:00:00+00:00, run_after=2026-01-17 00:00:00+00:00
[2026-01-17T09:24:19.562+0000] {processor.py:208} INFO - Processing /opt/airflow/dags/branching_user_processing.py took 1.142 seconds
[2026-01-17T09:24:49.881+0000] {processor.py:186} INFO - Started process (PID=19152) to work on /opt/airflow/dags/branching_user_processing.py
[2026-01-17T09:24:49.882+0000] {processor.py:914} INFO - Processing file /opt/airflow/dags/branching_user_processing.py for tasks to queue
[2026-01-17T09:24:49.884+0000] {logging_mixin.py:190} INFO - [2026-01-17T09:24:49.883+0000] {dagbag.py:588} INFO - Filling up the DagBag from /opt/airflow/dags/branching_user_processing.py
[2026-01-17T09:24:50.907+0000] {processor.py:925} INFO - DAG(s) 'user_processing_branch' retrieved from /opt/airflow/dags/branching_user_processing.py
[2026-01-17T09:24:50.957+0000] {logging_mixin.py:190} INFO - [2026-01-17T09:24:50.956+0000] {dag.py:3239} INFO - Sync 1 DAGs
[2026-01-17T09:24:51.006+0000] {logging_mixin.py:190} INFO - [2026-01-17T09:24:51.005+0000] {dag.py:4180} INFO - Setting next_dagrun for user_processing_branch to 2026-01-16 00:00:00+00:00, run_after=2026-01-17 00:00:00+00:00
[2026-01-17T09:24:51.044+0000] {processor.py:208} INFO - Processing /opt/airflow/dags/branching_user_processing.py took 1.179 seconds
[2026-01-17T09:25:21.630+0000] {processor.py:186} INFO - Started process (PID=19176) to work on /opt/airflow/dags/branching_user_processing.py
[2026-01-17T09:25:21.633+0000] {processor.py:914} INFO - Processing file /opt/airflow/dags/branching_user_processing.py for tasks to queue
[2026-01-17T09:25:21.637+0000] {logging_mixin.py:190} INFO - [2026-01-17T09:25:21.636+0000] {dagbag.py:588} INFO - Filling up the DagBag from /opt/airflow/dags/branching_user_processing.py
[2026-01-17T09:25:22.377+0000] {processor.py:925} INFO - DAG(s) 'user_processing_branch' retrieved from /opt/airflow/dags/branching_user_processing.py
[2026-01-17T09:25:22.407+0000] {logging_mixin.py:190} INFO - [2026-01-17T09:25:22.406+0000] {dag.py:3239} INFO - Sync 1 DAGs
[2026-01-17T09:25:22.432+0000] {logging_mixin.py:190} INFO - [2026-01-17T09:25:22.432+0000] {dag.py:4180} INFO - Setting next_dagrun for user_processing_branch to 2026-01-16 00:00:00+00:00, run_after=2026-01-17 00:00:00+00:00
[2026-01-17T09:25:22.449+0000] {processor.py:208} INFO - Processing /opt/airflow/dags/branching_user_processing.py took 0.842 seconds
[2026-01-17T09:25:52.699+0000] {processor.py:186} INFO - Started process (PID=19200) to work on /opt/airflow/dags/branching_user_processing.py
[2026-01-17T09:25:52.701+0000] {processor.py:914} INFO - Processing file /opt/airflow/dags/branching_user_processing.py for tasks to queue
[2026-01-17T09:25:52.703+0000] {logging_mixin.py:190} INFO - [2026-01-17T09:25:52.702+0000] {dagbag.py:588} INFO - Filling up the DagBag from /opt/airflow/dags/branching_user_processing.py
[2026-01-17T09:25:53.438+0000] {processor.py:925} INFO - DAG(s) 'user_processing_branch' retrieved from /opt/airflow/dags/branching_user_processing.py
[2026-01-17T09:25:53.471+0000] {logging_mixin.py:190} INFO - [2026-01-17T09:25:53.470+0000] {dag.py:3239} INFO - Sync 1 DAGs
[2026-01-17T09:25:53.505+0000] {logging_mixin.py:190} INFO - [2026-01-17T09:25:53.505+0000] {dag.py:4180} INFO - Setting next_dagrun for user_processing_branch to 2026-01-16 00:00:00+00:00, run_after=2026-01-17 00:00:00+00:00
[2026-01-17T09:25:53.535+0000] {processor.py:208} INFO - Processing /opt/airflow/dags/branching_user_processing.py took 0.848 seconds
[2026-01-17T09:26:23.904+0000] {processor.py:186} INFO - Started process (PID=19224) to work on /opt/airflow/dags/branching_user_processing.py
[2026-01-17T09:26:23.906+0000] {processor.py:914} INFO - Processing file /opt/airflow/dags/branching_user_processing.py for tasks to queue
[2026-01-17T09:26:23.907+0000] {logging_mixin.py:190} INFO - [2026-01-17T09:26:23.907+0000] {dagbag.py:588} INFO - Filling up the DagBag from /opt/airflow/dags/branching_user_processing.py
[2026-01-17T09:26:24.589+0000] {processor.py:925} INFO - DAG(s) 'user_processing_branch' retrieved from /opt/airflow/dags/branching_user_processing.py
[2026-01-17T09:26:24.622+0000] {logging_mixin.py:190} INFO - [2026-01-17T09:26:24.621+0000] {dag.py:3239} INFO - Sync 1 DAGs
[2026-01-17T09:26:24.654+0000] {logging_mixin.py:190} INFO - [2026-01-17T09:26:24.654+0000] {dag.py:4180} INFO - Setting next_dagrun for user_processing_branch to 2026-01-16 00:00:00+00:00, run_after=2026-01-17 00:00:00+00:00
[2026-01-17T09:26:24.685+0000] {processor.py:208} INFO - Processing /opt/airflow/dags/branching_user_processing.py took 0.791 seconds
[2026-01-17T09:26:54.806+0000] {processor.py:186} INFO - Started process (PID=19249) to work on /opt/airflow/dags/branching_user_processing.py
[2026-01-17T09:26:54.808+0000] {processor.py:914} INFO - Processing file /opt/airflow/dags/branching_user_processing.py for tasks to queue
[2026-01-17T09:26:54.810+0000] {logging_mixin.py:190} INFO - [2026-01-17T09:26:54.809+0000] {dagbag.py:588} INFO - Filling up the DagBag from /opt/airflow/dags/branching_user_processing.py
[2026-01-17T09:26:55.588+0000] {processor.py:925} INFO - DAG(s) 'user_processing_branch' retrieved from /opt/airflow/dags/branching_user_processing.py
[2026-01-17T09:26:55.626+0000] {logging_mixin.py:190} INFO - [2026-01-17T09:26:55.626+0000] {dag.py:3239} INFO - Sync 1 DAGs
[2026-01-17T09:26:55.668+0000] {logging_mixin.py:190} INFO - [2026-01-17T09:26:55.667+0000] {dag.py:4180} INFO - Setting next_dagrun for user_processing_branch to 2026-01-16 00:00:00+00:00, run_after=2026-01-17 00:00:00+00:00
[2026-01-17T09:26:55.700+0000] {processor.py:208} INFO - Processing /opt/airflow/dags/branching_user_processing.py took 0.906 seconds
[2026-01-17T09:27:25.915+0000] {processor.py:186} INFO - Started process (PID=19273) to work on /opt/airflow/dags/branching_user_processing.py
[2026-01-17T09:27:25.917+0000] {processor.py:914} INFO - Processing file /opt/airflow/dags/branching_user_processing.py for tasks to queue
[2026-01-17T09:27:25.921+0000] {logging_mixin.py:190} INFO - [2026-01-17T09:27:25.920+0000] {dagbag.py:588} INFO - Filling up the DagBag from /opt/airflow/dags/branching_user_processing.py
[2026-01-17T09:27:26.669+0000] {processor.py:925} INFO - DAG(s) 'user_processing_branch' retrieved from /opt/airflow/dags/branching_user_processing.py
[2026-01-17T09:27:26.702+0000] {logging_mixin.py:190} INFO - [2026-01-17T09:27:26.702+0000] {dag.py:3239} INFO - Sync 1 DAGs
[2026-01-17T09:27:26.735+0000] {logging_mixin.py:190} INFO - [2026-01-17T09:27:26.735+0000] {dag.py:4180} INFO - Setting next_dagrun for user_processing_branch to 2026-01-16 00:00:00+00:00, run_after=2026-01-17 00:00:00+00:00
[2026-01-17T09:27:26.766+0000] {processor.py:208} INFO - Processing /opt/airflow/dags/branching_user_processing.py took 0.870 seconds
[2026-01-17T09:27:57.239+0000] {processor.py:186} INFO - Started process (PID=19297) to work on /opt/airflow/dags/branching_user_processing.py
[2026-01-17T09:27:57.240+0000] {processor.py:914} INFO - Processing file /opt/airflow/dags/branching_user_processing.py for tasks to queue
[2026-01-17T09:27:57.242+0000] {logging_mixin.py:190} INFO - [2026-01-17T09:27:57.241+0000] {dagbag.py:588} INFO - Filling up the DagBag from /opt/airflow/dags/branching_user_processing.py
[2026-01-17T09:27:57.972+0000] {processor.py:925} INFO - DAG(s) 'user_processing_branch' retrieved from /opt/airflow/dags/branching_user_processing.py
[2026-01-17T09:27:58.006+0000] {logging_mixin.py:190} INFO - [2026-01-17T09:27:58.006+0000] {dag.py:3239} INFO - Sync 1 DAGs
[2026-01-17T09:27:58.049+0000] {logging_mixin.py:190} INFO - [2026-01-17T09:27:58.048+0000] {dag.py:4180} INFO - Setting next_dagrun for user_processing_branch to 2026-01-16 00:00:00+00:00, run_after=2026-01-17 00:00:00+00:00
[2026-01-17T09:27:58.081+0000] {processor.py:208} INFO - Processing /opt/airflow/dags/branching_user_processing.py took 0.854 seconds
[2026-01-17T09:28:28.776+0000] {processor.py:186} INFO - Started process (PID=19321) to work on /opt/airflow/dags/branching_user_processing.py
[2026-01-17T09:28:28.778+0000] {processor.py:914} INFO - Processing file /opt/airflow/dags/branching_user_processing.py for tasks to queue
[2026-01-17T09:28:28.780+0000] {logging_mixin.py:190} INFO - [2026-01-17T09:28:28.780+0000] {dagbag.py:588} INFO - Filling up the DagBag from /opt/airflow/dags/branching_user_processing.py
[2026-01-17T09:28:29.508+0000] {processor.py:925} INFO - DAG(s) 'user_processing_branch' retrieved from /opt/airflow/dags/branching_user_processing.py
[2026-01-17T09:28:29.544+0000] {logging_mixin.py:190} INFO - [2026-01-17T09:28:29.543+0000] {dag.py:3239} INFO - Sync 1 DAGs
[2026-01-17T09:28:29.584+0000] {logging_mixin.py:190} INFO - [2026-01-17T09:28:29.584+0000] {dag.py:4180} INFO - Setting next_dagrun for user_processing_branch to 2026-01-16 00:00:00+00:00, run_after=2026-01-17 00:00:00+00:00
[2026-01-17T09:28:29.607+0000] {processor.py:208} INFO - Processing /opt/airflow/dags/branching_user_processing.py took 0.842 seconds
[2026-01-17T09:28:59.878+0000] {processor.py:186} INFO - Started process (PID=19345) to work on /opt/airflow/dags/branching_user_processing.py
[2026-01-17T09:28:59.881+0000] {processor.py:914} INFO - Processing file /opt/airflow/dags/branching_user_processing.py for tasks to queue
[2026-01-17T09:28:59.884+0000] {logging_mixin.py:190} INFO - [2026-01-17T09:28:59.883+0000] {dagbag.py:588} INFO - Filling up the DagBag from /opt/airflow/dags/branching_user_processing.py
[2026-01-17T09:29:00.871+0000] {processor.py:925} INFO - DAG(s) 'user_processing_branch' retrieved from /opt/airflow/dags/branching_user_processing.py
[2026-01-17T09:29:00.904+0000] {logging_mixin.py:190} INFO - [2026-01-17T09:29:00.904+0000] {dag.py:3239} INFO - Sync 1 DAGs
[2026-01-17T09:29:00.934+0000] {logging_mixin.py:190} INFO - [2026-01-17T09:29:00.934+0000] {dag.py:4180} INFO - Setting next_dagrun for user_processing_branch to 2026-01-16 00:00:00+00:00, run_after=2026-01-17 00:00:00+00:00
[2026-01-17T09:29:00.959+0000] {processor.py:208} INFO - Processing /opt/airflow/dags/branching_user_processing.py took 1.101 seconds
[2026-01-17T09:29:31.117+0000] {processor.py:186} INFO - Started process (PID=19369) to work on /opt/airflow/dags/branching_user_processing.py
[2026-01-17T09:29:31.125+0000] {processor.py:914} INFO - Processing file /opt/airflow/dags/branching_user_processing.py for tasks to queue
[2026-01-17T09:29:31.127+0000] {logging_mixin.py:190} INFO - [2026-01-17T09:29:31.127+0000] {dagbag.py:588} INFO - Filling up the DagBag from /opt/airflow/dags/branching_user_processing.py
[2026-01-17T09:29:32.178+0000] {processor.py:925} INFO - DAG(s) 'user_processing_branch' retrieved from /opt/airflow/dags/branching_user_processing.py
[2026-01-17T09:29:32.233+0000] {logging_mixin.py:190} INFO - [2026-01-17T09:29:32.232+0000] {dag.py:3239} INFO - Sync 1 DAGs
[2026-01-17T09:29:32.293+0000] {logging_mixin.py:190} INFO - [2026-01-17T09:29:32.291+0000] {dag.py:4180} INFO - Setting next_dagrun for user_processing_branch to 2026-01-16 00:00:00+00:00, run_after=2026-01-17 00:00:00+00:00
[2026-01-17T09:29:32.340+0000] {processor.py:208} INFO - Processing /opt/airflow/dags/branching_user_processing.py took 1.241 seconds
[2026-01-17T09:30:02.578+0000] {processor.py:186} INFO - Started process (PID=19393) to work on /opt/airflow/dags/branching_user_processing.py
[2026-01-17T09:30:02.580+0000] {processor.py:914} INFO - Processing file /opt/airflow/dags/branching_user_processing.py for tasks to queue
[2026-01-17T09:30:02.583+0000] {logging_mixin.py:190} INFO - [2026-01-17T09:30:02.583+0000] {dagbag.py:588} INFO - Filling up the DagBag from /opt/airflow/dags/branching_user_processing.py
[2026-01-17T09:30:04.159+0000] {processor.py:925} INFO - DAG(s) 'user_processing_branch' retrieved from /opt/airflow/dags/branching_user_processing.py
[2026-01-17T09:30:04.214+0000] {logging_mixin.py:190} INFO - [2026-01-17T09:30:04.213+0000] {dag.py:3239} INFO - Sync 1 DAGs
[2026-01-17T09:30:04.267+0000] {logging_mixin.py:190} INFO - [2026-01-17T09:30:04.266+0000] {dag.py:4180} INFO - Setting next_dagrun for user_processing_branch to 2026-01-16 00:00:00+00:00, run_after=2026-01-17 00:00:00+00:00
[2026-01-17T09:30:04.308+0000] {processor.py:208} INFO - Processing /opt/airflow/dags/branching_user_processing.py took 1.748 seconds
[2026-01-17T09:30:34.950+0000] {processor.py:186} INFO - Started process (PID=19418) to work on /opt/airflow/dags/branching_user_processing.py
[2026-01-17T09:30:34.952+0000] {processor.py:914} INFO - Processing file /opt/airflow/dags/branching_user_processing.py for tasks to queue
[2026-01-17T09:30:34.955+0000] {logging_mixin.py:190} INFO - [2026-01-17T09:30:34.955+0000] {dagbag.py:588} INFO - Filling up the DagBag from /opt/airflow/dags/branching_user_processing.py
[2026-01-17T09:30:35.873+0000] {processor.py:925} INFO - DAG(s) 'user_processing_branch' retrieved from /opt/airflow/dags/branching_user_processing.py
[2026-01-17T09:30:35.911+0000] {logging_mixin.py:190} INFO - [2026-01-17T09:30:35.911+0000] {dag.py:3239} INFO - Sync 1 DAGs
[2026-01-17T09:30:35.949+0000] {logging_mixin.py:190} INFO - [2026-01-17T09:30:35.949+0000] {dag.py:4180} INFO - Setting next_dagrun for user_processing_branch to 2026-01-16 00:00:00+00:00, run_after=2026-01-17 00:00:00+00:00
[2026-01-17T09:30:35.983+0000] {processor.py:208} INFO - Processing /opt/airflow/dags/branching_user_processing.py took 1.051 seconds
[2026-01-17T09:31:06.840+0000] {processor.py:186} INFO - Started process (PID=19444) to work on /opt/airflow/dags/branching_user_processing.py
[2026-01-17T09:31:06.842+0000] {processor.py:914} INFO - Processing file /opt/airflow/dags/branching_user_processing.py for tasks to queue
[2026-01-17T09:31:06.845+0000] {logging_mixin.py:190} INFO - [2026-01-17T09:31:06.844+0000] {dagbag.py:588} INFO - Filling up the DagBag from /opt/airflow/dags/branching_user_processing.py
[2026-01-17T09:31:07.972+0000] {processor.py:925} INFO - DAG(s) 'user_processing_branch' retrieved from /opt/airflow/dags/branching_user_processing.py
[2026-01-17T09:31:08.021+0000] {logging_mixin.py:190} INFO - [2026-01-17T09:31:08.021+0000] {dag.py:3239} INFO - Sync 1 DAGs
[2026-01-17T09:31:08.384+0000] {logging_mixin.py:190} INFO - [2026-01-17T09:31:08.383+0000] {dag.py:4180} INFO - Setting next_dagrun for user_processing_branch to 2026-01-16 00:00:00+00:00, run_after=2026-01-17 00:00:00+00:00
[2026-01-17T09:31:08.545+0000] {processor.py:208} INFO - Processing /opt/airflow/dags/branching_user_processing.py took 1.724 seconds
[2026-01-17T09:31:38.813+0000] {processor.py:186} INFO - Started process (PID=19469) to work on /opt/airflow/dags/branching_user_processing.py
[2026-01-17T09:31:38.815+0000] {processor.py:914} INFO - Processing file /opt/airflow/dags/branching_user_processing.py for tasks to queue
[2026-01-17T09:31:38.817+0000] {logging_mixin.py:190} INFO - [2026-01-17T09:31:38.816+0000] {dagbag.py:588} INFO - Filling up the DagBag from /opt/airflow/dags/branching_user_processing.py
[2026-01-17T09:31:39.763+0000] {processor.py:925} INFO - DAG(s) 'user_processing_branch' retrieved from /opt/airflow/dags/branching_user_processing.py
[2026-01-17T09:31:39.812+0000] {logging_mixin.py:190} INFO - [2026-01-17T09:31:39.811+0000] {dag.py:3239} INFO - Sync 1 DAGs
[2026-01-17T09:31:39.861+0000] {logging_mixin.py:190} INFO - [2026-01-17T09:31:39.860+0000] {dag.py:4180} INFO - Setting next_dagrun for user_processing_branch to 2026-01-16 00:00:00+00:00, run_after=2026-01-17 00:00:00+00:00
[2026-01-17T09:31:39.898+0000] {processor.py:208} INFO - Processing /opt/airflow/dags/branching_user_processing.py took 1.101 seconds
[2026-01-17T09:32:10.262+0000] {processor.py:186} INFO - Started process (PID=19493) to work on /opt/airflow/dags/branching_user_processing.py
[2026-01-17T09:32:10.264+0000] {processor.py:914} INFO - Processing file /opt/airflow/dags/branching_user_processing.py for tasks to queue
[2026-01-17T09:32:10.267+0000] {logging_mixin.py:190} INFO - [2026-01-17T09:32:10.267+0000] {dagbag.py:588} INFO - Filling up the DagBag from /opt/airflow/dags/branching_user_processing.py
[2026-01-17T09:32:11.098+0000] {processor.py:925} INFO - DAG(s) 'user_processing_branch' retrieved from /opt/airflow/dags/branching_user_processing.py
[2026-01-17T09:32:11.134+0000] {logging_mixin.py:190} INFO - [2026-01-17T09:32:11.133+0000] {dag.py:3239} INFO - Sync 1 DAGs
[2026-01-17T09:32:11.173+0000] {logging_mixin.py:190} INFO - [2026-01-17T09:32:11.172+0000] {dag.py:4180} INFO - Setting next_dagrun for user_processing_branch to 2026-01-16 00:00:00+00:00, run_after=2026-01-17 00:00:00+00:00
[2026-01-17T09:32:11.200+0000] {processor.py:208} INFO - Processing /opt/airflow/dags/branching_user_processing.py took 0.957 seconds
[2026-01-17T09:32:41.513+0000] {processor.py:186} INFO - Started process (PID=19517) to work on /opt/airflow/dags/branching_user_processing.py
[2026-01-17T09:32:41.515+0000] {processor.py:914} INFO - Processing file /opt/airflow/dags/branching_user_processing.py for tasks to queue
[2026-01-17T09:32:41.518+0000] {logging_mixin.py:190} INFO - [2026-01-17T09:32:41.517+0000] {dagbag.py:588} INFO - Filling up the DagBag from /opt/airflow/dags/branching_user_processing.py
[2026-01-17T09:32:42.378+0000] {processor.py:925} INFO - DAG(s) 'user_processing_branch' retrieved from /opt/airflow/dags/branching_user_processing.py
[2026-01-17T09:32:42.412+0000] {logging_mixin.py:190} INFO - [2026-01-17T09:32:42.411+0000] {dag.py:3239} INFO - Sync 1 DAGs
[2026-01-17T09:32:42.448+0000] {logging_mixin.py:190} INFO - [2026-01-17T09:32:42.448+0000] {dag.py:4180} INFO - Setting next_dagrun for user_processing_branch to 2026-01-16 00:00:00+00:00, run_after=2026-01-17 00:00:00+00:00
[2026-01-17T09:32:42.483+0000] {processor.py:208} INFO - Processing /opt/airflow/dags/branching_user_processing.py took 0.986 seconds
[2026-01-17T09:33:12.799+0000] {processor.py:186} INFO - Started process (PID=19541) to work on /opt/airflow/dags/branching_user_processing.py
[2026-01-17T09:33:12.801+0000] {processor.py:914} INFO - Processing file /opt/airflow/dags/branching_user_processing.py for tasks to queue
[2026-01-17T09:33:12.803+0000] {logging_mixin.py:190} INFO - [2026-01-17T09:33:12.802+0000] {dagbag.py:588} INFO - Filling up the DagBag from /opt/airflow/dags/branching_user_processing.py
[2026-01-17T09:33:13.716+0000] {processor.py:925} INFO - DAG(s) 'user_processing_branch' retrieved from /opt/airflow/dags/branching_user_processing.py
[2026-01-17T09:33:13.758+0000] {logging_mixin.py:190} INFO - [2026-01-17T09:33:13.757+0000] {dag.py:3239} INFO - Sync 1 DAGs
[2026-01-17T09:33:13.795+0000] {logging_mixin.py:190} INFO - [2026-01-17T09:33:13.795+0000] {dag.py:4180} INFO - Setting next_dagrun for user_processing_branch to 2026-01-16 00:00:00+00:00, run_after=2026-01-17 00:00:00+00:00
[2026-01-17T09:33:13.827+0000] {processor.py:208} INFO - Processing /opt/airflow/dags/branching_user_processing.py took 1.044 seconds
[2026-01-17T09:33:43.982+0000] {processor.py:186} INFO - Started process (PID=19571) to work on /opt/airflow/dags/branching_user_processing.py
[2026-01-17T09:33:43.984+0000] {processor.py:914} INFO - Processing file /opt/airflow/dags/branching_user_processing.py for tasks to queue
[2026-01-17T09:33:43.986+0000] {logging_mixin.py:190} INFO - [2026-01-17T09:33:43.985+0000] {dagbag.py:588} INFO - Filling up the DagBag from /opt/airflow/dags/branching_user_processing.py
[2026-01-17T09:33:44.831+0000] {processor.py:925} INFO - DAG(s) 'user_processing_branch' retrieved from /opt/airflow/dags/branching_user_processing.py
[2026-01-17T09:33:44.882+0000] {logging_mixin.py:190} INFO - [2026-01-17T09:33:44.881+0000] {dag.py:3239} INFO - Sync 1 DAGs
[2026-01-17T09:33:44.925+0000] {logging_mixin.py:190} INFO - [2026-01-17T09:33:44.925+0000] {dag.py:4180} INFO - Setting next_dagrun for user_processing_branch to 2026-01-16 00:00:00+00:00, run_after=2026-01-17 00:00:00+00:00
[2026-01-17T09:33:44.962+0000] {processor.py:208} INFO - Processing /opt/airflow/dags/branching_user_processing.py took 0.993 seconds
[2026-01-17T09:34:15.866+0000] {processor.py:186} INFO - Started process (PID=19595) to work on /opt/airflow/dags/branching_user_processing.py
[2026-01-17T09:34:15.868+0000] {processor.py:914} INFO - Processing file /opt/airflow/dags/branching_user_processing.py for tasks to queue
[2026-01-17T09:34:15.871+0000] {logging_mixin.py:190} INFO - [2026-01-17T09:34:15.871+0000] {dagbag.py:588} INFO - Filling up the DagBag from /opt/airflow/dags/branching_user_processing.py
[2026-01-17T09:34:16.711+0000] {processor.py:925} INFO - DAG(s) 'user_processing_branch' retrieved from /opt/airflow/dags/branching_user_processing.py
[2026-01-17T09:34:16.749+0000] {logging_mixin.py:190} INFO - [2026-01-17T09:34:16.749+0000] {dag.py:3239} INFO - Sync 1 DAGs
[2026-01-17T09:34:16.793+0000] {logging_mixin.py:190} INFO - [2026-01-17T09:34:16.793+0000] {dag.py:4180} INFO - Setting next_dagrun for user_processing_branch to 2026-01-16 00:00:00+00:00, run_after=2026-01-17 00:00:00+00:00
[2026-01-17T09:34:16.829+0000] {processor.py:208} INFO - Processing /opt/airflow/dags/branching_user_processing.py took 0.978 seconds
[2026-01-17T09:34:46.978+0000] {processor.py:186} INFO - Started process (PID=19619) to work on /opt/airflow/dags/branching_user_processing.py
[2026-01-17T09:34:46.980+0000] {processor.py:914} INFO - Processing file /opt/airflow/dags/branching_user_processing.py for tasks to queue
[2026-01-17T09:34:46.984+0000] {logging_mixin.py:190} INFO - [2026-01-17T09:34:46.983+0000] {dagbag.py:588} INFO - Filling up the DagBag from /opt/airflow/dags/branching_user_processing.py
[2026-01-17T09:34:48.121+0000] {processor.py:925} INFO - DAG(s) 'user_processing_branch' retrieved from /opt/airflow/dags/branching_user_processing.py
[2026-01-17T09:34:48.161+0000] {logging_mixin.py:190} INFO - [2026-01-17T09:34:48.161+0000] {dag.py:3239} INFO - Sync 1 DAGs
[2026-01-17T09:34:48.201+0000] {logging_mixin.py:190} INFO - [2026-01-17T09:34:48.201+0000] {dag.py:4180} INFO - Setting next_dagrun for user_processing_branch to 2026-01-16 00:00:00+00:00, run_after=2026-01-17 00:00:00+00:00
[2026-01-17T09:34:48.235+0000] {processor.py:208} INFO - Processing /opt/airflow/dags/branching_user_processing.py took 1.275 seconds
[2026-01-17T09:35:19.531+0000] {processor.py:186} INFO - Started process (PID=19643) to work on /opt/airflow/dags/branching_user_processing.py
[2026-01-17T09:35:19.541+0000] {processor.py:914} INFO - Processing file /opt/airflow/dags/branching_user_processing.py for tasks to queue
[2026-01-17T09:35:19.556+0000] {logging_mixin.py:190} INFO - [2026-01-17T09:35:19.552+0000] {dagbag.py:588} INFO - Filling up the DagBag from /opt/airflow/dags/branching_user_processing.py
[2026-01-17T09:35:21.117+0000] {processor.py:925} INFO - DAG(s) 'user_processing_branch' retrieved from /opt/airflow/dags/branching_user_processing.py
[2026-01-17T09:35:21.227+0000] {logging_mixin.py:190} INFO - [2026-01-17T09:35:21.226+0000] {dag.py:3239} INFO - Sync 1 DAGs
[2026-01-17T09:35:21.312+0000] {logging_mixin.py:190} INFO - [2026-01-17T09:35:21.311+0000] {dag.py:4180} INFO - Setting next_dagrun for user_processing_branch to 2026-01-16 00:00:00+00:00, run_after=2026-01-17 00:00:00+00:00
[2026-01-17T09:35:21.354+0000] {processor.py:208} INFO - Processing /opt/airflow/dags/branching_user_processing.py took 1.918 seconds
[2026-01-17T09:35:51.688+0000] {processor.py:186} INFO - Started process (PID=19668) to work on /opt/airflow/dags/branching_user_processing.py
[2026-01-17T09:35:51.690+0000] {processor.py:914} INFO - Processing file /opt/airflow/dags/branching_user_processing.py for tasks to queue
[2026-01-17T09:35:51.692+0000] {logging_mixin.py:190} INFO - [2026-01-17T09:35:51.692+0000] {dagbag.py:588} INFO - Filling up the DagBag from /opt/airflow/dags/branching_user_processing.py
[2026-01-17T09:35:52.477+0000] {processor.py:925} INFO - DAG(s) 'user_processing_branch' retrieved from /opt/airflow/dags/branching_user_processing.py
[2026-01-17T09:35:52.517+0000] {logging_mixin.py:190} INFO - [2026-01-17T09:35:52.516+0000] {dag.py:3239} INFO - Sync 1 DAGs
[2026-01-17T09:35:52.559+0000] {logging_mixin.py:190} INFO - [2026-01-17T09:35:52.559+0000] {dag.py:4180} INFO - Setting next_dagrun for user_processing_branch to 2026-01-16 00:00:00+00:00, run_after=2026-01-17 00:00:00+00:00
[2026-01-17T09:35:52.584+0000] {processor.py:208} INFO - Processing /opt/airflow/dags/branching_user_processing.py took 0.915 seconds
[2026-01-17T09:36:22.804+0000] {processor.py:186} INFO - Started process (PID=19692) to work on /opt/airflow/dags/branching_user_processing.py
[2026-01-17T09:36:22.807+0000] {processor.py:914} INFO - Processing file /opt/airflow/dags/branching_user_processing.py for tasks to queue
[2026-01-17T09:36:22.810+0000] {logging_mixin.py:190} INFO - [2026-01-17T09:36:22.809+0000] {dagbag.py:588} INFO - Filling up the DagBag from /opt/airflow/dags/branching_user_processing.py
[2026-01-17T09:36:23.595+0000] {processor.py:925} INFO - DAG(s) 'user_processing_branch' retrieved from /opt/airflow/dags/branching_user_processing.py
[2026-01-17T09:36:23.634+0000] {logging_mixin.py:190} INFO - [2026-01-17T09:36:23.634+0000] {dag.py:3239} INFO - Sync 1 DAGs
[2026-01-17T09:36:23.669+0000] {logging_mixin.py:190} INFO - [2026-01-17T09:36:23.669+0000] {dag.py:4180} INFO - Setting next_dagrun for user_processing_branch to 2026-01-16 00:00:00+00:00, run_after=2026-01-17 00:00:00+00:00
[2026-01-17T09:36:23.705+0000] {processor.py:208} INFO - Processing /opt/airflow/dags/branching_user_processing.py took 0.915 seconds
[2026-01-17T09:36:54.480+0000] {processor.py:186} INFO - Started process (PID=19716) to work on /opt/airflow/dags/branching_user_processing.py
[2026-01-17T09:36:54.482+0000] {processor.py:914} INFO - Processing file /opt/airflow/dags/branching_user_processing.py for tasks to queue
[2026-01-17T09:36:54.485+0000] {logging_mixin.py:190} INFO - [2026-01-17T09:36:54.484+0000] {dagbag.py:588} INFO - Filling up the DagBag from /opt/airflow/dags/branching_user_processing.py
[2026-01-17T09:36:55.308+0000] {processor.py:925} INFO - DAG(s) 'user_processing_branch' retrieved from /opt/airflow/dags/branching_user_processing.py
[2026-01-17T09:36:55.345+0000] {logging_mixin.py:190} INFO - [2026-01-17T09:36:55.344+0000] {dag.py:3239} INFO - Sync 1 DAGs
[2026-01-17T09:36:55.377+0000] {logging_mixin.py:190} INFO - [2026-01-17T09:36:55.377+0000] {dag.py:4180} INFO - Setting next_dagrun for user_processing_branch to 2026-01-16 00:00:00+00:00, run_after=2026-01-17 00:00:00+00:00
[2026-01-17T09:36:55.402+0000] {processor.py:208} INFO - Processing /opt/airflow/dags/branching_user_processing.py took 0.940 seconds
[2026-01-17T09:37:25.610+0000] {processor.py:186} INFO - Started process (PID=19741) to work on /opt/airflow/dags/branching_user_processing.py
[2026-01-17T09:37:25.612+0000] {processor.py:914} INFO - Processing file /opt/airflow/dags/branching_user_processing.py for tasks to queue
[2026-01-17T09:37:25.614+0000] {logging_mixin.py:190} INFO - [2026-01-17T09:37:25.613+0000] {dagbag.py:588} INFO - Filling up the DagBag from /opt/airflow/dags/branching_user_processing.py
[2026-01-17T09:37:26.441+0000] {processor.py:925} INFO - DAG(s) 'user_processing_branch' retrieved from /opt/airflow/dags/branching_user_processing.py
[2026-01-17T09:37:26.487+0000] {logging_mixin.py:190} INFO - [2026-01-17T09:37:26.486+0000] {dag.py:3239} INFO - Sync 1 DAGs
[2026-01-17T09:37:26.544+0000] {logging_mixin.py:190} INFO - [2026-01-17T09:37:26.544+0000] {dag.py:4180} INFO - Setting next_dagrun for user_processing_branch to 2026-01-16 00:00:00+00:00, run_after=2026-01-17 00:00:00+00:00
[2026-01-17T09:37:26.576+0000] {processor.py:208} INFO - Processing /opt/airflow/dags/branching_user_processing.py took 0.985 seconds
[2026-01-17T09:37:56.719+0000] {processor.py:186} INFO - Started process (PID=19766) to work on /opt/airflow/dags/branching_user_processing.py
[2026-01-17T09:37:56.721+0000] {processor.py:914} INFO - Processing file /opt/airflow/dags/branching_user_processing.py for tasks to queue
[2026-01-17T09:37:56.725+0000] {logging_mixin.py:190} INFO - [2026-01-17T09:37:56.724+0000] {dagbag.py:588} INFO - Filling up the DagBag from /opt/airflow/dags/branching_user_processing.py
[2026-01-17T09:37:57.579+0000] {processor.py:925} INFO - DAG(s) 'user_processing_branch' retrieved from /opt/airflow/dags/branching_user_processing.py
[2026-01-17T09:37:57.617+0000] {logging_mixin.py:190} INFO - [2026-01-17T09:37:57.617+0000] {dag.py:3239} INFO - Sync 1 DAGs
[2026-01-17T09:37:57.652+0000] {logging_mixin.py:190} INFO - [2026-01-17T09:37:57.651+0000] {dag.py:4180} INFO - Setting next_dagrun for user_processing_branch to 2026-01-16 00:00:00+00:00, run_after=2026-01-17 00:00:00+00:00
[2026-01-17T09:37:57.680+0000] {processor.py:208} INFO - Processing /opt/airflow/dags/branching_user_processing.py took 0.975 seconds
[2026-01-17T09:38:28.051+0000] {processor.py:186} INFO - Started process (PID=19790) to work on /opt/airflow/dags/branching_user_processing.py
[2026-01-17T09:38:28.054+0000] {processor.py:914} INFO - Processing file /opt/airflow/dags/branching_user_processing.py for tasks to queue
[2026-01-17T09:38:28.059+0000] {logging_mixin.py:190} INFO - [2026-01-17T09:38:28.058+0000] {dagbag.py:588} INFO - Filling up the DagBag from /opt/airflow/dags/branching_user_processing.py
[2026-01-17T09:38:29.029+0000] {processor.py:925} INFO - DAG(s) 'user_processing_branch' retrieved from /opt/airflow/dags/branching_user_processing.py
[2026-01-17T09:38:29.071+0000] {logging_mixin.py:190} INFO - [2026-01-17T09:38:29.070+0000] {dag.py:3239} INFO - Sync 1 DAGs
[2026-01-17T09:38:29.104+0000] {logging_mixin.py:190} INFO - [2026-01-17T09:38:29.104+0000] {dag.py:4180} INFO - Setting next_dagrun for user_processing_branch to 2026-01-16 00:00:00+00:00, run_after=2026-01-17 00:00:00+00:00
[2026-01-17T09:38:29.130+0000] {processor.py:208} INFO - Processing /opt/airflow/dags/branching_user_processing.py took 1.097 seconds
[2026-01-17T09:38:59.797+0000] {processor.py:186} INFO - Started process (PID=19814) to work on /opt/airflow/dags/branching_user_processing.py
[2026-01-17T09:38:59.799+0000] {processor.py:914} INFO - Processing file /opt/airflow/dags/branching_user_processing.py for tasks to queue
[2026-01-17T09:38:59.800+0000] {logging_mixin.py:190} INFO - [2026-01-17T09:38:59.800+0000] {dagbag.py:588} INFO - Filling up the DagBag from /opt/airflow/dags/branching_user_processing.py
[2026-01-17T09:39:00.740+0000] {processor.py:925} INFO - DAG(s) 'user_processing_branch' retrieved from /opt/airflow/dags/branching_user_processing.py
[2026-01-17T09:39:00.798+0000] {logging_mixin.py:190} INFO - [2026-01-17T09:39:00.798+0000] {dag.py:3239} INFO - Sync 1 DAGs
[2026-01-17T09:39:00.849+0000] {logging_mixin.py:190} INFO - [2026-01-17T09:39:00.848+0000] {dag.py:4180} INFO - Setting next_dagrun for user_processing_branch to 2026-01-16 00:00:00+00:00, run_after=2026-01-17 00:00:00+00:00
[2026-01-17T09:39:00.888+0000] {processor.py:208} INFO - Processing /opt/airflow/dags/branching_user_processing.py took 1.104 seconds
[2026-01-17T09:39:31.593+0000] {processor.py:186} INFO - Started process (PID=19838) to work on /opt/airflow/dags/branching_user_processing.py
[2026-01-17T09:39:31.595+0000] {processor.py:914} INFO - Processing file /opt/airflow/dags/branching_user_processing.py for tasks to queue
[2026-01-17T09:39:31.598+0000] {logging_mixin.py:190} INFO - [2026-01-17T09:39:31.597+0000] {dagbag.py:588} INFO - Filling up the DagBag from /opt/airflow/dags/branching_user_processing.py
[2026-01-17T09:39:32.466+0000] {processor.py:925} INFO - DAG(s) 'user_processing_branch' retrieved from /opt/airflow/dags/branching_user_processing.py
[2026-01-17T09:39:32.523+0000] {logging_mixin.py:190} INFO - [2026-01-17T09:39:32.521+0000] {dag.py:3239} INFO - Sync 1 DAGs
[2026-01-17T09:39:32.576+0000] {logging_mixin.py:190} INFO - [2026-01-17T09:39:32.575+0000] {dag.py:4180} INFO - Setting next_dagrun for user_processing_branch to 2026-01-16 00:00:00+00:00, run_after=2026-01-17 00:00:00+00:00
[2026-01-17T09:39:32.621+0000] {processor.py:208} INFO - Processing /opt/airflow/dags/branching_user_processing.py took 1.042 seconds
[2026-01-17T09:40:03.070+0000] {processor.py:186} INFO - Started process (PID=19862) to work on /opt/airflow/dags/branching_user_processing.py
[2026-01-17T09:40:03.072+0000] {processor.py:914} INFO - Processing file /opt/airflow/dags/branching_user_processing.py for tasks to queue
[2026-01-17T09:40:03.075+0000] {logging_mixin.py:190} INFO - [2026-01-17T09:40:03.075+0000] {dagbag.py:588} INFO - Filling up the DagBag from /opt/airflow/dags/branching_user_processing.py
[2026-01-17T09:40:03.995+0000] {processor.py:925} INFO - DAG(s) 'user_processing_branch' retrieved from /opt/airflow/dags/branching_user_processing.py
[2026-01-17T09:40:04.031+0000] {logging_mixin.py:190} INFO - [2026-01-17T09:40:04.031+0000] {dag.py:3239} INFO - Sync 1 DAGs
[2026-01-17T09:40:04.078+0000] {logging_mixin.py:190} INFO - [2026-01-17T09:40:04.077+0000] {dag.py:4180} INFO - Setting next_dagrun for user_processing_branch to 2026-01-16 00:00:00+00:00, run_after=2026-01-17 00:00:00+00:00
[2026-01-17T09:40:04.111+0000] {processor.py:208} INFO - Processing /opt/airflow/dags/branching_user_processing.py took 1.055 seconds
[2026-01-17T09:40:34.473+0000] {processor.py:186} INFO - Started process (PID=19886) to work on /opt/airflow/dags/branching_user_processing.py
[2026-01-17T09:40:34.475+0000] {processor.py:914} INFO - Processing file /opt/airflow/dags/branching_user_processing.py for tasks to queue
[2026-01-17T09:40:34.477+0000] {logging_mixin.py:190} INFO - [2026-01-17T09:40:34.476+0000] {dagbag.py:588} INFO - Filling up the DagBag from /opt/airflow/dags/branching_user_processing.py
[2026-01-17T09:40:35.471+0000] {processor.py:925} INFO - DAG(s) 'user_processing_branch' retrieved from /opt/airflow/dags/branching_user_processing.py
[2026-01-17T09:40:35.522+0000] {logging_mixin.py:190} INFO - [2026-01-17T09:40:35.521+0000] {dag.py:3239} INFO - Sync 1 DAGs
[2026-01-17T09:40:35.571+0000] {logging_mixin.py:190} INFO - [2026-01-17T09:40:35.570+0000] {dag.py:4180} INFO - Setting next_dagrun for user_processing_branch to 2026-01-16 00:00:00+00:00, run_after=2026-01-17 00:00:00+00:00
[2026-01-17T09:40:35.604+0000] {processor.py:208} INFO - Processing /opt/airflow/dags/branching_user_processing.py took 1.142 seconds
[2026-01-17T09:41:05.937+0000] {processor.py:186} INFO - Started process (PID=19911) to work on /opt/airflow/dags/branching_user_processing.py
[2026-01-17T09:41:05.939+0000] {processor.py:914} INFO - Processing file /opt/airflow/dags/branching_user_processing.py for tasks to queue
[2026-01-17T09:41:05.942+0000] {logging_mixin.py:190} INFO - [2026-01-17T09:41:05.941+0000] {dagbag.py:588} INFO - Filling up the DagBag from /opt/airflow/dags/branching_user_processing.py
[2026-01-17T09:41:06.732+0000] {processor.py:925} INFO - DAG(s) 'user_processing_branch' retrieved from /opt/airflow/dags/branching_user_processing.py
[2026-01-17T09:41:06.782+0000] {logging_mixin.py:190} INFO - [2026-01-17T09:41:06.782+0000] {dag.py:3239} INFO - Sync 1 DAGs
[2026-01-17T09:41:06.818+0000] {logging_mixin.py:190} INFO - [2026-01-17T09:41:06.817+0000] {dag.py:4180} INFO - Setting next_dagrun for user_processing_branch to 2026-01-16 00:00:00+00:00, run_after=2026-01-17 00:00:00+00:00
[2026-01-17T09:41:06.854+0000] {processor.py:208} INFO - Processing /opt/airflow/dags/branching_user_processing.py took 0.939 seconds
[2026-01-17T09:41:37.708+0000] {processor.py:186} INFO - Started process (PID=19935) to work on /opt/airflow/dags/branching_user_processing.py
[2026-01-17T09:41:37.712+0000] {processor.py:914} INFO - Processing file /opt/airflow/dags/branching_user_processing.py for tasks to queue
[2026-01-17T09:41:37.715+0000] {logging_mixin.py:190} INFO - [2026-01-17T09:41:37.714+0000] {dagbag.py:588} INFO - Filling up the DagBag from /opt/airflow/dags/branching_user_processing.py
[2026-01-17T09:41:38.439+0000] {processor.py:925} INFO - DAG(s) 'user_processing_branch' retrieved from /opt/airflow/dags/branching_user_processing.py
[2026-01-17T09:41:38.475+0000] {logging_mixin.py:190} INFO - [2026-01-17T09:41:38.475+0000] {dag.py:3239} INFO - Sync 1 DAGs
[2026-01-17T09:41:38.502+0000] {logging_mixin.py:190} INFO - [2026-01-17T09:41:38.502+0000] {dag.py:4180} INFO - Setting next_dagrun for user_processing_branch to 2026-01-16 00:00:00+00:00, run_after=2026-01-17 00:00:00+00:00
[2026-01-17T09:41:38.523+0000] {processor.py:208} INFO - Processing /opt/airflow/dags/branching_user_processing.py took 0.836 seconds
[2026-01-17T09:42:08.779+0000] {processor.py:186} INFO - Started process (PID=19959) to work on /opt/airflow/dags/branching_user_processing.py
[2026-01-17T09:42:08.780+0000] {processor.py:914} INFO - Processing file /opt/airflow/dags/branching_user_processing.py for tasks to queue
[2026-01-17T09:42:08.782+0000] {logging_mixin.py:190} INFO - [2026-01-17T09:42:08.781+0000] {dagbag.py:588} INFO - Filling up the DagBag from /opt/airflow/dags/branching_user_processing.py
[2026-01-17T09:42:09.550+0000] {processor.py:925} INFO - DAG(s) 'user_processing_branch' retrieved from /opt/airflow/dags/branching_user_processing.py
[2026-01-17T09:42:09.584+0000] {logging_mixin.py:190} INFO - [2026-01-17T09:42:09.583+0000] {dag.py:3239} INFO - Sync 1 DAGs
[2026-01-17T09:42:09.621+0000] {logging_mixin.py:190} INFO - [2026-01-17T09:42:09.620+0000] {dag.py:4180} INFO - Setting next_dagrun for user_processing_branch to 2026-01-16 00:00:00+00:00, run_after=2026-01-17 00:00:00+00:00
[2026-01-17T09:42:09.648+0000] {processor.py:208} INFO - Processing /opt/airflow/dags/branching_user_processing.py took 0.881 seconds
[2026-01-17T09:42:40.382+0000] {processor.py:186} INFO - Started process (PID=19983) to work on /opt/airflow/dags/branching_user_processing.py
[2026-01-17T09:42:40.384+0000] {processor.py:914} INFO - Processing file /opt/airflow/dags/branching_user_processing.py for tasks to queue
[2026-01-17T09:42:40.386+0000] {logging_mixin.py:190} INFO - [2026-01-17T09:42:40.385+0000] {dagbag.py:588} INFO - Filling up the DagBag from /opt/airflow/dags/branching_user_processing.py
[2026-01-17T09:42:41.170+0000] {processor.py:925} INFO - DAG(s) 'user_processing_branch' retrieved from /opt/airflow/dags/branching_user_processing.py
[2026-01-17T09:42:41.209+0000] {logging_mixin.py:190} INFO - [2026-01-17T09:42:41.208+0000] {dag.py:3239} INFO - Sync 1 DAGs
[2026-01-17T09:42:41.244+0000] {logging_mixin.py:190} INFO - [2026-01-17T09:42:41.244+0000] {dag.py:4180} INFO - Setting next_dagrun for user_processing_branch to 2026-01-16 00:00:00+00:00, run_after=2026-01-17 00:00:00+00:00
[2026-01-17T09:42:41.281+0000] {processor.py:208} INFO - Processing /opt/airflow/dags/branching_user_processing.py took 0.913 seconds
[2026-01-17T09:43:11.698+0000] {processor.py:186} INFO - Started process (PID=20007) to work on /opt/airflow/dags/branching_user_processing.py
[2026-01-17T09:43:11.700+0000] {processor.py:914} INFO - Processing file /opt/airflow/dags/branching_user_processing.py for tasks to queue
[2026-01-17T09:43:11.704+0000] {logging_mixin.py:190} INFO - [2026-01-17T09:43:11.703+0000] {dagbag.py:588} INFO - Filling up the DagBag from /opt/airflow/dags/branching_user_processing.py
[2026-01-17T09:43:12.623+0000] {processor.py:925} INFO - DAG(s) 'user_processing_branch' retrieved from /opt/airflow/dags/branching_user_processing.py
[2026-01-17T09:43:12.676+0000] {logging_mixin.py:190} INFO - [2026-01-17T09:43:12.674+0000] {dag.py:3239} INFO - Sync 1 DAGs
[2026-01-17T09:43:12.722+0000] {logging_mixin.py:190} INFO - [2026-01-17T09:43:12.721+0000] {dag.py:4180} INFO - Setting next_dagrun for user_processing_branch to 2026-01-16 00:00:00+00:00, run_after=2026-01-17 00:00:00+00:00
[2026-01-17T09:43:12.755+0000] {processor.py:208} INFO - Processing /opt/airflow/dags/branching_user_processing.py took 1.070 seconds
[2026-01-17T09:43:43.730+0000] {processor.py:186} INFO - Started process (PID=20031) to work on /opt/airflow/dags/branching_user_processing.py
[2026-01-17T09:43:43.734+0000] {processor.py:914} INFO - Processing file /opt/airflow/dags/branching_user_processing.py for tasks to queue
[2026-01-17T09:43:43.738+0000] {logging_mixin.py:190} INFO - [2026-01-17T09:43:43.737+0000] {dagbag.py:588} INFO - Filling up the DagBag from /opt/airflow/dags/branching_user_processing.py
[2026-01-17T09:43:44.593+0000] {processor.py:925} INFO - DAG(s) 'user_processing_branch' retrieved from /opt/airflow/dags/branching_user_processing.py
[2026-01-17T09:43:44.635+0000] {logging_mixin.py:190} INFO - [2026-01-17T09:43:44.634+0000] {dag.py:3239} INFO - Sync 1 DAGs
[2026-01-17T09:43:44.672+0000] {logging_mixin.py:190} INFO - [2026-01-17T09:43:44.671+0000] {dag.py:4180} INFO - Setting next_dagrun for user_processing_branch to 2026-01-16 00:00:00+00:00, run_after=2026-01-17 00:00:00+00:00
[2026-01-17T09:43:44.705+0000] {processor.py:208} INFO - Processing /opt/airflow/dags/branching_user_processing.py took 0.988 seconds
[2026-01-17T09:44:14.977+0000] {processor.py:186} INFO - Started process (PID=20055) to work on /opt/airflow/dags/branching_user_processing.py
[2026-01-17T09:44:14.979+0000] {processor.py:914} INFO - Processing file /opt/airflow/dags/branching_user_processing.py for tasks to queue
[2026-01-17T09:44:14.981+0000] {logging_mixin.py:190} INFO - [2026-01-17T09:44:14.980+0000] {dagbag.py:588} INFO - Filling up the DagBag from /opt/airflow/dags/branching_user_processing.py
[2026-01-17T09:44:15.801+0000] {processor.py:925} INFO - DAG(s) 'user_processing_branch' retrieved from /opt/airflow/dags/branching_user_processing.py
[2026-01-17T09:44:15.881+0000] {logging_mixin.py:190} INFO - [2026-01-17T09:44:15.880+0000] {dag.py:3239} INFO - Sync 1 DAGs
[2026-01-17T09:44:15.926+0000] {logging_mixin.py:190} INFO - [2026-01-17T09:44:15.925+0000] {dag.py:4180} INFO - Setting next_dagrun for user_processing_branch to 2026-01-16 00:00:00+00:00, run_after=2026-01-17 00:00:00+00:00
[2026-01-17T09:44:15.972+0000] {processor.py:208} INFO - Processing /opt/airflow/dags/branching_user_processing.py took 1.007 seconds
[2026-01-17T09:44:46.190+0000] {processor.py:186} INFO - Started process (PID=20085) to work on /opt/airflow/dags/branching_user_processing.py
[2026-01-17T09:44:46.192+0000] {processor.py:914} INFO - Processing file /opt/airflow/dags/branching_user_processing.py for tasks to queue
[2026-01-17T09:44:46.195+0000] {logging_mixin.py:190} INFO - [2026-01-17T09:44:46.194+0000] {dagbag.py:588} INFO - Filling up the DagBag from /opt/airflow/dags/branching_user_processing.py
[2026-01-17T09:44:47.212+0000] {processor.py:925} INFO - DAG(s) 'user_processing_branch' retrieved from /opt/airflow/dags/branching_user_processing.py
[2026-01-17T09:44:47.266+0000] {logging_mixin.py:190} INFO - [2026-01-17T09:44:47.265+0000] {dag.py:3239} INFO - Sync 1 DAGs
[2026-01-17T09:44:47.315+0000] {logging_mixin.py:190} INFO - [2026-01-17T09:44:47.314+0000] {dag.py:4180} INFO - Setting next_dagrun for user_processing_branch to 2026-01-16 00:00:00+00:00, run_after=2026-01-17 00:00:00+00:00
[2026-01-17T09:44:47.345+0000] {processor.py:208} INFO - Processing /opt/airflow/dags/branching_user_processing.py took 1.170 seconds
[2026-01-17T09:45:18.196+0000] {processor.py:186} INFO - Started process (PID=20110) to work on /opt/airflow/dags/branching_user_processing.py
[2026-01-17T09:45:18.197+0000] {processor.py:914} INFO - Processing file /opt/airflow/dags/branching_user_processing.py for tasks to queue
[2026-01-17T09:45:18.200+0000] {logging_mixin.py:190} INFO - [2026-01-17T09:45:18.199+0000] {dagbag.py:588} INFO - Filling up the DagBag from /opt/airflow/dags/branching_user_processing.py
[2026-01-17T09:45:19.405+0000] {processor.py:925} INFO - DAG(s) 'user_processing_branch' retrieved from /opt/airflow/dags/branching_user_processing.py
[2026-01-17T09:45:19.454+0000] {logging_mixin.py:190} INFO - [2026-01-17T09:45:19.452+0000] {dag.py:3239} INFO - Sync 1 DAGs
[2026-01-17T09:45:19.499+0000] {logging_mixin.py:190} INFO - [2026-01-17T09:45:19.498+0000] {dag.py:4180} INFO - Setting next_dagrun for user_processing_branch to 2026-01-16 00:00:00+00:00, run_after=2026-01-17 00:00:00+00:00
[2026-01-17T09:45:19.528+0000] {processor.py:208} INFO - Processing /opt/airflow/dags/branching_user_processing.py took 1.344 seconds
[2026-01-17T09:45:49.697+0000] {processor.py:186} INFO - Started process (PID=20135) to work on /opt/airflow/dags/branching_user_processing.py
[2026-01-17T09:45:49.699+0000] {processor.py:914} INFO - Processing file /opt/airflow/dags/branching_user_processing.py for tasks to queue
[2026-01-17T09:45:49.703+0000] {logging_mixin.py:190} INFO - [2026-01-17T09:45:49.702+0000] {dagbag.py:588} INFO - Filling up the DagBag from /opt/airflow/dags/branching_user_processing.py
[2026-01-17T09:45:51.627+0000] {processor.py:925} INFO - DAG(s) 'user_processing_branch' retrieved from /opt/airflow/dags/branching_user_processing.py
[2026-01-17T09:45:51.695+0000] {logging_mixin.py:190} INFO - [2026-01-17T09:45:51.693+0000] {dag.py:3239} INFO - Sync 1 DAGs
[2026-01-17T09:45:51.771+0000] {logging_mixin.py:190} INFO - [2026-01-17T09:45:51.770+0000] {dag.py:4180} INFO - Setting next_dagrun for user_processing_branch to 2026-01-16 00:00:00+00:00, run_after=2026-01-17 00:00:00+00:00
[2026-01-17T09:45:51.827+0000] {processor.py:208} INFO - Processing /opt/airflow/dags/branching_user_processing.py took 2.148 seconds
[2026-01-17T09:46:22.156+0000] {processor.py:186} INFO - Started process (PID=20159) to work on /opt/airflow/dags/branching_user_processing.py
[2026-01-17T09:46:22.158+0000] {processor.py:914} INFO - Processing file /opt/airflow/dags/branching_user_processing.py for tasks to queue
[2026-01-17T09:46:22.160+0000] {logging_mixin.py:190} INFO - [2026-01-17T09:46:22.160+0000] {dagbag.py:588} INFO - Filling up the DagBag from /opt/airflow/dags/branching_user_processing.py
[2026-01-17T09:46:23.122+0000] {processor.py:925} INFO - DAG(s) 'user_processing_branch' retrieved from /opt/airflow/dags/branching_user_processing.py
[2026-01-17T09:46:23.172+0000] {logging_mixin.py:190} INFO - [2026-01-17T09:46:23.171+0000] {dag.py:3239} INFO - Sync 1 DAGs
[2026-01-17T09:46:23.221+0000] {logging_mixin.py:190} INFO - [2026-01-17T09:46:23.221+0000] {dag.py:4180} INFO - Setting next_dagrun for user_processing_branch to 2026-01-16 00:00:00+00:00, run_after=2026-01-17 00:00:00+00:00
[2026-01-17T09:46:23.269+0000] {processor.py:208} INFO - Processing /opt/airflow/dags/branching_user_processing.py took 1.127 seconds
[2026-01-17T09:46:53.547+0000] {processor.py:186} INFO - Started process (PID=20183) to work on /opt/airflow/dags/branching_user_processing.py
[2026-01-17T09:46:53.550+0000] {processor.py:914} INFO - Processing file /opt/airflow/dags/branching_user_processing.py for tasks to queue
[2026-01-17T09:46:53.553+0000] {logging_mixin.py:190} INFO - [2026-01-17T09:46:53.552+0000] {dagbag.py:588} INFO - Filling up the DagBag from /opt/airflow/dags/branching_user_processing.py
[2026-01-17T09:46:54.294+0000] {processor.py:925} INFO - DAG(s) 'user_processing_branch' retrieved from /opt/airflow/dags/branching_user_processing.py
[2026-01-17T09:46:54.323+0000] {logging_mixin.py:190} INFO - [2026-01-17T09:46:54.322+0000] {dag.py:3239} INFO - Sync 1 DAGs
[2026-01-17T09:46:54.360+0000] {logging_mixin.py:190} INFO - [2026-01-17T09:46:54.360+0000] {dag.py:4180} INFO - Setting next_dagrun for user_processing_branch to 2026-01-16 00:00:00+00:00, run_after=2026-01-17 00:00:00+00:00
[2026-01-17T09:46:54.388+0000] {processor.py:208} INFO - Processing /opt/airflow/dags/branching_user_processing.py took 0.860 seconds
[2026-01-17T09:47:24.534+0000] {processor.py:186} INFO - Started process (PID=20207) to work on /opt/airflow/dags/branching_user_processing.py
[2026-01-17T09:47:24.535+0000] {processor.py:914} INFO - Processing file /opt/airflow/dags/branching_user_processing.py for tasks to queue
[2026-01-17T09:47:24.538+0000] {logging_mixin.py:190} INFO - [2026-01-17T09:47:24.537+0000] {dagbag.py:588} INFO - Filling up the DagBag from /opt/airflow/dags/branching_user_processing.py
[2026-01-17T09:47:25.178+0000] {processor.py:925} INFO - DAG(s) 'user_processing_branch' retrieved from /opt/airflow/dags/branching_user_processing.py
[2026-01-17T09:47:25.209+0000] {logging_mixin.py:190} INFO - [2026-01-17T09:47:25.209+0000] {dag.py:3239} INFO - Sync 1 DAGs
[2026-01-17T09:47:25.240+0000] {logging_mixin.py:190} INFO - [2026-01-17T09:47:25.240+0000] {dag.py:4180} INFO - Setting next_dagrun for user_processing_branch to 2026-01-16 00:00:00+00:00, run_after=2026-01-17 00:00:00+00:00
[2026-01-17T09:47:25.263+0000] {processor.py:208} INFO - Processing /opt/airflow/dags/branching_user_processing.py took 0.742 seconds
[2026-01-17T09:47:55.649+0000] {processor.py:186} INFO - Started process (PID=20231) to work on /opt/airflow/dags/branching_user_processing.py
[2026-01-17T09:47:55.652+0000] {processor.py:914} INFO - Processing file /opt/airflow/dags/branching_user_processing.py for tasks to queue
[2026-01-17T09:47:55.654+0000] {logging_mixin.py:190} INFO - [2026-01-17T09:47:55.654+0000] {dagbag.py:588} INFO - Filling up the DagBag from /opt/airflow/dags/branching_user_processing.py
[2026-01-17T09:47:56.523+0000] {processor.py:925} INFO - DAG(s) 'user_processing_branch' retrieved from /opt/airflow/dags/branching_user_processing.py
[2026-01-17T09:47:56.564+0000] {logging_mixin.py:190} INFO - [2026-01-17T09:47:56.563+0000] {dag.py:3239} INFO - Sync 1 DAGs
[2026-01-17T09:47:56.612+0000] {logging_mixin.py:190} INFO - [2026-01-17T09:47:56.612+0000] {dag.py:4180} INFO - Setting next_dagrun for user_processing_branch to 2026-01-16 00:00:00+00:00, run_after=2026-01-17 00:00:00+00:00
[2026-01-17T09:47:56.651+0000] {processor.py:208} INFO - Processing /opt/airflow/dags/branching_user_processing.py took 1.015 seconds
[2026-01-17T09:48:26.786+0000] {processor.py:186} INFO - Started process (PID=20255) to work on /opt/airflow/dags/branching_user_processing.py
[2026-01-17T09:48:26.787+0000] {processor.py:914} INFO - Processing file /opt/airflow/dags/branching_user_processing.py for tasks to queue
[2026-01-17T09:48:26.789+0000] {logging_mixin.py:190} INFO - [2026-01-17T09:48:26.788+0000] {dagbag.py:588} INFO - Filling up the DagBag from /opt/airflow/dags/branching_user_processing.py
[2026-01-17T09:48:27.478+0000] {processor.py:925} INFO - DAG(s) 'user_processing_branch' retrieved from /opt/airflow/dags/branching_user_processing.py
[2026-01-17T09:48:27.511+0000] {logging_mixin.py:190} INFO - [2026-01-17T09:48:27.511+0000] {dag.py:3239} INFO - Sync 1 DAGs
[2026-01-17T09:48:27.544+0000] {logging_mixin.py:190} INFO - [2026-01-17T09:48:27.544+0000] {dag.py:4180} INFO - Setting next_dagrun for user_processing_branch to 2026-01-16 00:00:00+00:00, run_after=2026-01-17 00:00:00+00:00
[2026-01-17T09:48:27.577+0000] {processor.py:208} INFO - Processing /opt/airflow/dags/branching_user_processing.py took 0.802 seconds
[2026-01-17T09:48:57.745+0000] {processor.py:186} INFO - Started process (PID=20279) to work on /opt/airflow/dags/branching_user_processing.py
[2026-01-17T09:48:57.746+0000] {processor.py:914} INFO - Processing file /opt/airflow/dags/branching_user_processing.py for tasks to queue
[2026-01-17T09:48:57.749+0000] {logging_mixin.py:190} INFO - [2026-01-17T09:48:57.748+0000] {dagbag.py:588} INFO - Filling up the DagBag from /opt/airflow/dags/branching_user_processing.py
[2026-01-17T09:48:58.366+0000] {processor.py:925} INFO - DAG(s) 'user_processing_branch' retrieved from /opt/airflow/dags/branching_user_processing.py
[2026-01-17T09:48:58.398+0000] {logging_mixin.py:190} INFO - [2026-01-17T09:48:58.397+0000] {dag.py:3239} INFO - Sync 1 DAGs
[2026-01-17T09:48:58.428+0000] {logging_mixin.py:190} INFO - [2026-01-17T09:48:58.427+0000] {dag.py:4180} INFO - Setting next_dagrun for user_processing_branch to 2026-01-16 00:00:00+00:00, run_after=2026-01-17 00:00:00+00:00
[2026-01-17T09:48:58.448+0000] {processor.py:208} INFO - Processing /opt/airflow/dags/branching_user_processing.py took 0.712 seconds
[2026-01-17T09:49:28.969+0000] {processor.py:186} INFO - Started process (PID=20303) to work on /opt/airflow/dags/branching_user_processing.py
[2026-01-17T09:49:28.972+0000] {processor.py:914} INFO - Processing file /opt/airflow/dags/branching_user_processing.py for tasks to queue
[2026-01-17T09:49:28.976+0000] {logging_mixin.py:190} INFO - [2026-01-17T09:49:28.975+0000] {dagbag.py:588} INFO - Filling up the DagBag from /opt/airflow/dags/branching_user_processing.py
[2026-01-17T09:49:29.829+0000] {processor.py:925} INFO - DAG(s) 'user_processing_branch' retrieved from /opt/airflow/dags/branching_user_processing.py
[2026-01-17T09:49:29.877+0000] {logging_mixin.py:190} INFO - [2026-01-17T09:49:29.876+0000] {dag.py:3239} INFO - Sync 1 DAGs
[2026-01-17T09:49:29.923+0000] {logging_mixin.py:190} INFO - [2026-01-17T09:49:29.923+0000] {dag.py:4180} INFO - Setting next_dagrun for user_processing_branch to 2026-01-16 00:00:00+00:00, run_after=2026-01-17 00:00:00+00:00
[2026-01-17T09:49:29.966+0000] {processor.py:208} INFO - Processing /opt/airflow/dags/branching_user_processing.py took 1.014 seconds
[2026-01-17T09:50:00.670+0000] {processor.py:186} INFO - Started process (PID=20327) to work on /opt/airflow/dags/branching_user_processing.py
[2026-01-17T09:50:00.672+0000] {processor.py:914} INFO - Processing file /opt/airflow/dags/branching_user_processing.py for tasks to queue
[2026-01-17T09:50:00.675+0000] {logging_mixin.py:190} INFO - [2026-01-17T09:50:00.674+0000] {dagbag.py:588} INFO - Filling up the DagBag from /opt/airflow/dags/branching_user_processing.py
[2026-01-17T09:50:01.813+0000] {processor.py:925} INFO - DAG(s) 'user_processing_branch' retrieved from /opt/airflow/dags/branching_user_processing.py
[2026-01-17T09:50:01.869+0000] {logging_mixin.py:190} INFO - [2026-01-17T09:50:01.868+0000] {dag.py:3239} INFO - Sync 1 DAGs
[2026-01-17T09:50:01.919+0000] {logging_mixin.py:190} INFO - [2026-01-17T09:50:01.918+0000] {dag.py:4180} INFO - Setting next_dagrun for user_processing_branch to 2026-01-16 00:00:00+00:00, run_after=2026-01-17 00:00:00+00:00
[2026-01-17T09:50:01.953+0000] {processor.py:208} INFO - Processing /opt/airflow/dags/branching_user_processing.py took 1.303 seconds
[2026-01-17T09:50:32.120+0000] {processor.py:186} INFO - Started process (PID=20351) to work on /opt/airflow/dags/branching_user_processing.py
[2026-01-17T09:50:32.122+0000] {processor.py:914} INFO - Processing file /opt/airflow/dags/branching_user_processing.py for tasks to queue
[2026-01-17T09:50:32.124+0000] {logging_mixin.py:190} INFO - [2026-01-17T09:50:32.123+0000] {dagbag.py:588} INFO - Filling up the DagBag from /opt/airflow/dags/branching_user_processing.py
[2026-01-17T09:50:32.965+0000] {processor.py:925} INFO - DAG(s) 'user_processing_branch' retrieved from /opt/airflow/dags/branching_user_processing.py
[2026-01-17T09:50:33.003+0000] {logging_mixin.py:190} INFO - [2026-01-17T09:50:33.002+0000] {dag.py:3239} INFO - Sync 1 DAGs
[2026-01-17T09:50:33.040+0000] {logging_mixin.py:190} INFO - [2026-01-17T09:50:33.040+0000] {dag.py:4180} INFO - Setting next_dagrun for user_processing_branch to 2026-01-16 00:00:00+00:00, run_after=2026-01-17 00:00:00+00:00
[2026-01-17T09:50:33.086+0000] {processor.py:208} INFO - Processing /opt/airflow/dags/branching_user_processing.py took 0.980 seconds
[2026-01-17T09:51:03.245+0000] {processor.py:186} INFO - Started process (PID=20375) to work on /opt/airflow/dags/branching_user_processing.py
[2026-01-17T09:51:03.247+0000] {processor.py:914} INFO - Processing file /opt/airflow/dags/branching_user_processing.py for tasks to queue
[2026-01-17T09:51:03.250+0000] {logging_mixin.py:190} INFO - [2026-01-17T09:51:03.249+0000] {dagbag.py:588} INFO - Filling up the DagBag from /opt/airflow/dags/branching_user_processing.py
[2026-01-17T09:51:04.213+0000] {processor.py:925} INFO - DAG(s) 'user_processing_branch' retrieved from /opt/airflow/dags/branching_user_processing.py
[2026-01-17T09:51:04.261+0000] {logging_mixin.py:190} INFO - [2026-01-17T09:51:04.260+0000] {dag.py:3239} INFO - Sync 1 DAGs
[2026-01-17T09:51:04.306+0000] {logging_mixin.py:190} INFO - [2026-01-17T09:51:04.305+0000] {dag.py:4180} INFO - Setting next_dagrun for user_processing_branch to 2026-01-16 00:00:00+00:00, run_after=2026-01-17 00:00:00+00:00
[2026-01-17T09:51:04.339+0000] {processor.py:208} INFO - Processing /opt/airflow/dags/branching_user_processing.py took 1.112 seconds
[2026-01-17T09:51:34.767+0000] {processor.py:186} INFO - Started process (PID=20398) to work on /opt/airflow/dags/branching_user_processing.py
[2026-01-17T09:51:34.768+0000] {processor.py:914} INFO - Processing file /opt/airflow/dags/branching_user_processing.py for tasks to queue
[2026-01-17T09:51:34.770+0000] {logging_mixin.py:190} INFO - [2026-01-17T09:51:34.769+0000] {dagbag.py:588} INFO - Filling up the DagBag from /opt/airflow/dags/branching_user_processing.py
[2026-01-17T09:51:35.747+0000] {processor.py:925} INFO - DAG(s) 'user_processing_branch' retrieved from /opt/airflow/dags/branching_user_processing.py
[2026-01-17T09:51:35.800+0000] {logging_mixin.py:190} INFO - [2026-01-17T09:51:35.799+0000] {dag.py:3239} INFO - Sync 1 DAGs
[2026-01-17T09:51:35.848+0000] {logging_mixin.py:190} INFO - [2026-01-17T09:51:35.847+0000] {dag.py:4180} INFO - Setting next_dagrun for user_processing_branch to 2026-01-16 00:00:00+00:00, run_after=2026-01-17 00:00:00+00:00
[2026-01-17T09:51:35.896+0000] {processor.py:208} INFO - Processing /opt/airflow/dags/branching_user_processing.py took 1.143 seconds
[2026-01-17T09:52:07.397+0000] {processor.py:186} INFO - Started process (PID=20423) to work on /opt/airflow/dags/branching_user_processing.py
[2026-01-17T09:52:07.403+0000] {processor.py:914} INFO - Processing file /opt/airflow/dags/branching_user_processing.py for tasks to queue
[2026-01-17T09:52:07.406+0000] {logging_mixin.py:190} INFO - [2026-01-17T09:52:07.405+0000] {dagbag.py:588} INFO - Filling up the DagBag from /opt/airflow/dags/branching_user_processing.py
[2026-01-17T09:52:08.689+0000] {processor.py:925} INFO - DAG(s) 'user_processing_branch' retrieved from /opt/airflow/dags/branching_user_processing.py
[2026-01-17T09:52:08.745+0000] {logging_mixin.py:190} INFO - [2026-01-17T09:52:08.742+0000] {dag.py:3239} INFO - Sync 1 DAGs
[2026-01-17T09:52:08.796+0000] {logging_mixin.py:190} INFO - [2026-01-17T09:52:08.796+0000] {dag.py:4180} INFO - Setting next_dagrun for user_processing_branch to 2026-01-16 00:00:00+00:00, run_after=2026-01-17 00:00:00+00:00
[2026-01-17T09:52:08.857+0000] {processor.py:208} INFO - Processing /opt/airflow/dags/branching_user_processing.py took 1.481 seconds
[2026-01-17T09:52:39.847+0000] {processor.py:186} INFO - Started process (PID=20447) to work on /opt/airflow/dags/branching_user_processing.py
[2026-01-17T09:52:39.852+0000] {processor.py:914} INFO - Processing file /opt/airflow/dags/branching_user_processing.py for tasks to queue
[2026-01-17T09:52:39.855+0000] {logging_mixin.py:190} INFO - [2026-01-17T09:52:39.854+0000] {dagbag.py:588} INFO - Filling up the DagBag from /opt/airflow/dags/branching_user_processing.py
[2026-01-17T09:52:41.024+0000] {processor.py:925} INFO - DAG(s) 'user_processing_branch' retrieved from /opt/airflow/dags/branching_user_processing.py
[2026-01-17T09:52:41.076+0000] {logging_mixin.py:190} INFO - [2026-01-17T09:52:41.075+0000] {dag.py:3239} INFO - Sync 1 DAGs
[2026-01-17T09:52:41.139+0000] {logging_mixin.py:190} INFO - [2026-01-17T09:52:41.139+0000] {dag.py:4180} INFO - Setting next_dagrun for user_processing_branch to 2026-01-16 00:00:00+00:00, run_after=2026-01-17 00:00:00+00:00
[2026-01-17T09:52:41.168+0000] {processor.py:208} INFO - Processing /opt/airflow/dags/branching_user_processing.py took 1.338 seconds
[2026-01-17T09:53:11.471+0000] {processor.py:186} INFO - Started process (PID=20471) to work on /opt/airflow/dags/branching_user_processing.py
[2026-01-17T09:53:11.473+0000] {processor.py:914} INFO - Processing file /opt/airflow/dags/branching_user_processing.py for tasks to queue
[2026-01-17T09:53:11.475+0000] {logging_mixin.py:190} INFO - [2026-01-17T09:53:11.474+0000] {dagbag.py:588} INFO - Filling up the DagBag from /opt/airflow/dags/branching_user_processing.py
[2026-01-17T09:53:12.593+0000] {processor.py:925} INFO - DAG(s) 'user_processing_branch' retrieved from /opt/airflow/dags/branching_user_processing.py
[2026-01-17T09:53:12.642+0000] {logging_mixin.py:190} INFO - [2026-01-17T09:53:12.642+0000] {dag.py:3239} INFO - Sync 1 DAGs
[2026-01-17T09:53:12.691+0000] {logging_mixin.py:190} INFO - [2026-01-17T09:53:12.690+0000] {dag.py:4180} INFO - Setting next_dagrun for user_processing_branch to 2026-01-16 00:00:00+00:00, run_after=2026-01-17 00:00:00+00:00
[2026-01-17T09:53:12.725+0000] {processor.py:208} INFO - Processing /opt/airflow/dags/branching_user_processing.py took 1.272 seconds
[2026-01-17T09:53:42.826+0000] {processor.py:186} INFO - Started process (PID=20495) to work on /opt/airflow/dags/branching_user_processing.py
[2026-01-17T09:53:42.829+0000] {processor.py:914} INFO - Processing file /opt/airflow/dags/branching_user_processing.py for tasks to queue
[2026-01-17T09:53:42.835+0000] {logging_mixin.py:190} INFO - [2026-01-17T09:53:42.832+0000] {dagbag.py:588} INFO - Filling up the DagBag from /opt/airflow/dags/branching_user_processing.py
[2026-01-17T09:53:44.022+0000] {processor.py:925} INFO - DAG(s) 'user_processing_branch' retrieved from /opt/airflow/dags/branching_user_processing.py
[2026-01-17T09:53:44.090+0000] {logging_mixin.py:190} INFO - [2026-01-17T09:53:44.089+0000] {dag.py:3239} INFO - Sync 1 DAGs
[2026-01-17T09:53:44.152+0000] {logging_mixin.py:190} INFO - [2026-01-17T09:53:44.148+0000] {dag.py:4180} INFO - Setting next_dagrun for user_processing_branch to 2026-01-16 00:00:00+00:00, run_after=2026-01-17 00:00:00+00:00
[2026-01-17T09:53:44.194+0000] {processor.py:208} INFO - Processing /opt/airflow/dags/branching_user_processing.py took 1.387 seconds
[2026-01-17T09:54:15.251+0000] {processor.py:186} INFO - Started process (PID=20518) to work on /opt/airflow/dags/branching_user_processing.py
[2026-01-17T09:54:15.253+0000] {processor.py:914} INFO - Processing file /opt/airflow/dags/branching_user_processing.py for tasks to queue
[2026-01-17T09:54:15.255+0000] {logging_mixin.py:190} INFO - [2026-01-17T09:54:15.255+0000] {dagbag.py:588} INFO - Filling up the DagBag from /opt/airflow/dags/branching_user_processing.py
[2026-01-17T09:54:16.463+0000] {processor.py:925} INFO - DAG(s) 'user_processing_branch' retrieved from /opt/airflow/dags/branching_user_processing.py
[2026-01-17T09:54:16.524+0000] {logging_mixin.py:190} INFO - [2026-01-17T09:54:16.523+0000] {dag.py:3239} INFO - Sync 1 DAGs
[2026-01-17T09:54:16.581+0000] {logging_mixin.py:190} INFO - [2026-01-17T09:54:16.580+0000] {dag.py:4180} INFO - Setting next_dagrun for user_processing_branch to 2026-01-16 00:00:00+00:00, run_after=2026-01-17 00:00:00+00:00
[2026-01-17T09:54:16.619+0000] {processor.py:208} INFO - Processing /opt/airflow/dags/branching_user_processing.py took 1.389 seconds
[2026-01-17T09:54:46.902+0000] {processor.py:186} INFO - Started process (PID=20542) to work on /opt/airflow/dags/branching_user_processing.py
[2026-01-17T09:54:46.904+0000] {processor.py:914} INFO - Processing file /opt/airflow/dags/branching_user_processing.py for tasks to queue
[2026-01-17T09:54:46.906+0000] {logging_mixin.py:190} INFO - [2026-01-17T09:54:46.906+0000] {dagbag.py:588} INFO - Filling up the DagBag from /opt/airflow/dags/branching_user_processing.py
[2026-01-17T09:54:48.130+0000] {processor.py:925} INFO - DAG(s) 'user_processing_branch' retrieved from /opt/airflow/dags/branching_user_processing.py
[2026-01-17T09:54:48.191+0000] {logging_mixin.py:190} INFO - [2026-01-17T09:54:48.190+0000] {dag.py:3239} INFO - Sync 1 DAGs
[2026-01-17T09:54:48.251+0000] {logging_mixin.py:190} INFO - [2026-01-17T09:54:48.250+0000] {dag.py:4180} INFO - Setting next_dagrun for user_processing_branch to 2026-01-16 00:00:00+00:00, run_after=2026-01-17 00:00:00+00:00
[2026-01-17T09:54:48.293+0000] {processor.py:208} INFO - Processing /opt/airflow/dags/branching_user_processing.py took 1.413 seconds
[2026-01-17T09:55:19.211+0000] {processor.py:186} INFO - Started process (PID=20573) to work on /opt/airflow/dags/branching_user_processing.py
[2026-01-17T09:55:19.215+0000] {processor.py:914} INFO - Processing file /opt/airflow/dags/branching_user_processing.py for tasks to queue
[2026-01-17T09:55:19.223+0000] {logging_mixin.py:190} INFO - [2026-01-17T09:55:19.222+0000] {dagbag.py:588} INFO - Filling up the DagBag from /opt/airflow/dags/branching_user_processing.py
[2026-01-17T09:55:20.629+0000] {processor.py:925} INFO - DAG(s) 'user_processing_branch' retrieved from /opt/airflow/dags/branching_user_processing.py
[2026-01-17T09:55:20.686+0000] {logging_mixin.py:190} INFO - [2026-01-17T09:55:20.685+0000] {dag.py:3239} INFO - Sync 1 DAGs
[2026-01-17T09:55:20.763+0000] {logging_mixin.py:190} INFO - [2026-01-17T09:55:20.761+0000] {dag.py:4180} INFO - Setting next_dagrun for user_processing_branch to 2026-01-16 00:00:00+00:00, run_after=2026-01-17 00:00:00+00:00
[2026-01-17T09:55:20.814+0000] {processor.py:208} INFO - Processing /opt/airflow/dags/branching_user_processing.py took 1.623 seconds
[2026-01-17T09:55:51.508+0000] {processor.py:186} INFO - Started process (PID=20598) to work on /opt/airflow/dags/branching_user_processing.py
[2026-01-17T09:55:51.510+0000] {processor.py:914} INFO - Processing file /opt/airflow/dags/branching_user_processing.py for tasks to queue
[2026-01-17T09:55:51.513+0000] {logging_mixin.py:190} INFO - [2026-01-17T09:55:51.512+0000] {dagbag.py:588} INFO - Filling up the DagBag from /opt/airflow/dags/branching_user_processing.py
[2026-01-17T09:55:52.290+0000] {processor.py:925} INFO - DAG(s) 'user_processing_branch' retrieved from /opt/airflow/dags/branching_user_processing.py
[2026-01-17T09:55:52.329+0000] {logging_mixin.py:190} INFO - [2026-01-17T09:55:52.328+0000] {dag.py:3239} INFO - Sync 1 DAGs
[2026-01-17T09:55:52.367+0000] {logging_mixin.py:190} INFO - [2026-01-17T09:55:52.367+0000] {dag.py:4180} INFO - Setting next_dagrun for user_processing_branch to 2026-01-16 00:00:00+00:00, run_after=2026-01-17 00:00:00+00:00
[2026-01-17T09:55:52.391+0000] {processor.py:208} INFO - Processing /opt/airflow/dags/branching_user_processing.py took 0.898 seconds
[2026-01-17T09:56:23.020+0000] {processor.py:186} INFO - Started process (PID=20622) to work on /opt/airflow/dags/branching_user_processing.py
[2026-01-17T09:56:23.021+0000] {processor.py:914} INFO - Processing file /opt/airflow/dags/branching_user_processing.py for tasks to queue
[2026-01-17T09:56:23.024+0000] {logging_mixin.py:190} INFO - [2026-01-17T09:56:23.023+0000] {dagbag.py:588} INFO - Filling up the DagBag from /opt/airflow/dags/branching_user_processing.py
[2026-01-17T09:56:23.797+0000] {processor.py:925} INFO - DAG(s) 'user_processing_branch' retrieved from /opt/airflow/dags/branching_user_processing.py
[2026-01-17T09:56:23.843+0000] {logging_mixin.py:190} INFO - [2026-01-17T09:56:23.842+0000] {dag.py:3239} INFO - Sync 1 DAGs
[2026-01-17T09:56:23.888+0000] {logging_mixin.py:190} INFO - [2026-01-17T09:56:23.887+0000] {dag.py:4180} INFO - Setting next_dagrun for user_processing_branch to 2026-01-16 00:00:00+00:00, run_after=2026-01-17 00:00:00+00:00
[2026-01-17T09:56:23.927+0000] {processor.py:208} INFO - Processing /opt/airflow/dags/branching_user_processing.py took 0.926 seconds
[2026-01-17T09:56:54.497+0000] {processor.py:186} INFO - Started process (PID=20645) to work on /opt/airflow/dags/branching_user_processing.py
[2026-01-17T09:56:54.499+0000] {processor.py:914} INFO - Processing file /opt/airflow/dags/branching_user_processing.py for tasks to queue
[2026-01-17T09:56:54.501+0000] {logging_mixin.py:190} INFO - [2026-01-17T09:56:54.500+0000] {dagbag.py:588} INFO - Filling up the DagBag from /opt/airflow/dags/branching_user_processing.py
[2026-01-17T09:56:55.218+0000] {processor.py:925} INFO - DAG(s) 'user_processing_branch' retrieved from /opt/airflow/dags/branching_user_processing.py
[2026-01-17T09:56:55.258+0000] {logging_mixin.py:190} INFO - [2026-01-17T09:56:55.257+0000] {dag.py:3239} INFO - Sync 1 DAGs
[2026-01-17T09:56:55.297+0000] {logging_mixin.py:190} INFO - [2026-01-17T09:56:55.296+0000] {dag.py:4180} INFO - Setting next_dagrun for user_processing_branch to 2026-01-16 00:00:00+00:00, run_after=2026-01-17 00:00:00+00:00
[2026-01-17T09:56:55.333+0000] {processor.py:208} INFO - Processing /opt/airflow/dags/branching_user_processing.py took 0.848 seconds
[2026-01-17T09:57:25.847+0000] {processor.py:186} INFO - Started process (PID=20669) to work on /opt/airflow/dags/branching_user_processing.py
[2026-01-17T09:57:25.849+0000] {processor.py:914} INFO - Processing file /opt/airflow/dags/branching_user_processing.py for tasks to queue
[2026-01-17T09:57:25.851+0000] {logging_mixin.py:190} INFO - [2026-01-17T09:57:25.850+0000] {dagbag.py:588} INFO - Filling up the DagBag from /opt/airflow/dags/branching_user_processing.py
[2026-01-17T09:57:26.598+0000] {processor.py:925} INFO - DAG(s) 'user_processing_branch' retrieved from /opt/airflow/dags/branching_user_processing.py
[2026-01-17T09:57:26.636+0000] {logging_mixin.py:190} INFO - [2026-01-17T09:57:26.635+0000] {dag.py:3239} INFO - Sync 1 DAGs
[2026-01-17T09:57:26.674+0000] {logging_mixin.py:190} INFO - [2026-01-17T09:57:26.673+0000] {dag.py:4180} INFO - Setting next_dagrun for user_processing_branch to 2026-01-16 00:00:00+00:00, run_after=2026-01-17 00:00:00+00:00
[2026-01-17T09:57:26.696+0000] {processor.py:208} INFO - Processing /opt/airflow/dags/branching_user_processing.py took 0.861 seconds
[2026-01-17T09:57:57.504+0000] {processor.py:186} INFO - Started process (PID=20693) to work on /opt/airflow/dags/branching_user_processing.py
[2026-01-17T09:57:57.507+0000] {processor.py:914} INFO - Processing file /opt/airflow/dags/branching_user_processing.py for tasks to queue
[2026-01-17T09:57:57.510+0000] {logging_mixin.py:190} INFO - [2026-01-17T09:57:57.509+0000] {dagbag.py:588} INFO - Filling up the DagBag from /opt/airflow/dags/branching_user_processing.py
[2026-01-17T09:57:58.490+0000] {processor.py:925} INFO - DAG(s) 'user_processing_branch' retrieved from /opt/airflow/dags/branching_user_processing.py
[2026-01-17T09:57:58.537+0000] {logging_mixin.py:190} INFO - [2026-01-17T09:57:58.537+0000] {dag.py:3239} INFO - Sync 1 DAGs
[2026-01-17T09:57:58.578+0000] {logging_mixin.py:190} INFO - [2026-01-17T09:57:58.578+0000] {dag.py:4180} INFO - Setting next_dagrun for user_processing_branch to 2026-01-16 00:00:00+00:00, run_after=2026-01-17 00:00:00+00:00
[2026-01-17T09:57:58.621+0000] {processor.py:208} INFO - Processing /opt/airflow/dags/branching_user_processing.py took 1.140 seconds
[2026-01-17T09:58:29.108+0000] {processor.py:186} INFO - Started process (PID=20717) to work on /opt/airflow/dags/branching_user_processing.py
[2026-01-17T09:58:29.110+0000] {processor.py:914} INFO - Processing file /opt/airflow/dags/branching_user_processing.py for tasks to queue
[2026-01-17T09:58:29.112+0000] {logging_mixin.py:190} INFO - [2026-01-17T09:58:29.111+0000] {dagbag.py:588} INFO - Filling up the DagBag from /opt/airflow/dags/branching_user_processing.py
[2026-01-17T09:58:30.154+0000] {processor.py:925} INFO - DAG(s) 'user_processing_branch' retrieved from /opt/airflow/dags/branching_user_processing.py
[2026-01-17T09:58:30.212+0000] {logging_mixin.py:190} INFO - [2026-01-17T09:58:30.212+0000] {dag.py:3239} INFO - Sync 1 DAGs
[2026-01-17T09:58:30.273+0000] {logging_mixin.py:190} INFO - [2026-01-17T09:58:30.272+0000] {dag.py:4180} INFO - Setting next_dagrun for user_processing_branch to 2026-01-16 00:00:00+00:00, run_after=2026-01-17 00:00:00+00:00
[2026-01-17T09:58:30.323+0000] {processor.py:208} INFO - Processing /opt/airflow/dags/branching_user_processing.py took 1.235 seconds
[2026-01-17T09:59:00.726+0000] {processor.py:186} INFO - Started process (PID=20741) to work on /opt/airflow/dags/branching_user_processing.py
[2026-01-17T09:59:00.728+0000] {processor.py:914} INFO - Processing file /opt/airflow/dags/branching_user_processing.py for tasks to queue
[2026-01-17T09:59:00.732+0000] {logging_mixin.py:190} INFO - [2026-01-17T09:59:00.730+0000] {dagbag.py:588} INFO - Filling up the DagBag from /opt/airflow/dags/branching_user_processing.py
[2026-01-17T09:59:01.780+0000] {processor.py:925} INFO - DAG(s) 'user_processing_branch' retrieved from /opt/airflow/dags/branching_user_processing.py
[2026-01-17T09:59:01.825+0000] {logging_mixin.py:190} INFO - [2026-01-17T09:59:01.825+0000] {dag.py:3239} INFO - Sync 1 DAGs
[2026-01-17T09:59:01.872+0000] {logging_mixin.py:190} INFO - [2026-01-17T09:59:01.871+0000] {dag.py:4180} INFO - Setting next_dagrun for user_processing_branch to 2026-01-16 00:00:00+00:00, run_after=2026-01-17 00:00:00+00:00
[2026-01-17T09:59:01.912+0000] {processor.py:208} INFO - Processing /opt/airflow/dags/branching_user_processing.py took 1.203 seconds
[2026-01-17T09:59:32.042+0000] {processor.py:186} INFO - Started process (PID=20765) to work on /opt/airflow/dags/branching_user_processing.py
[2026-01-17T09:59:32.044+0000] {processor.py:914} INFO - Processing file /opt/airflow/dags/branching_user_processing.py for tasks to queue
[2026-01-17T09:59:32.047+0000] {logging_mixin.py:190} INFO - [2026-01-17T09:59:32.046+0000] {dagbag.py:588} INFO - Filling up the DagBag from /opt/airflow/dags/branching_user_processing.py
[2026-01-17T09:59:33.249+0000] {processor.py:925} INFO - DAG(s) 'user_processing_branch' retrieved from /opt/airflow/dags/branching_user_processing.py
[2026-01-17T09:59:33.310+0000] {logging_mixin.py:190} INFO - [2026-01-17T09:59:33.309+0000] {dag.py:3239} INFO - Sync 1 DAGs
[2026-01-17T09:59:33.371+0000] {logging_mixin.py:190} INFO - [2026-01-17T09:59:33.370+0000] {dag.py:4180} INFO - Setting next_dagrun for user_processing_branch to 2026-01-16 00:00:00+00:00, run_after=2026-01-17 00:00:00+00:00
[2026-01-17T09:59:33.436+0000] {processor.py:208} INFO - Processing /opt/airflow/dags/branching_user_processing.py took 1.413 seconds
[2026-01-17T10:00:03.577+0000] {processor.py:186} INFO - Started process (PID=20789) to work on /opt/airflow/dags/branching_user_processing.py
[2026-01-17T10:00:03.579+0000] {processor.py:914} INFO - Processing file /opt/airflow/dags/branching_user_processing.py for tasks to queue
[2026-01-17T10:00:03.581+0000] {logging_mixin.py:190} INFO - [2026-01-17T10:00:03.580+0000] {dagbag.py:588} INFO - Filling up the DagBag from /opt/airflow/dags/branching_user_processing.py
[2026-01-17T10:00:04.343+0000] {processor.py:925} INFO - DAG(s) 'user_processing_branch' retrieved from /opt/airflow/dags/branching_user_processing.py
[2026-01-17T10:00:04.380+0000] {logging_mixin.py:190} INFO - [2026-01-17T10:00:04.379+0000] {dag.py:3239} INFO - Sync 1 DAGs
[2026-01-17T10:00:04.410+0000] {logging_mixin.py:190} INFO - [2026-01-17T10:00:04.410+0000] {dag.py:4180} INFO - Setting next_dagrun for user_processing_branch to 2026-01-16 00:00:00+00:00, run_after=2026-01-17 00:00:00+00:00
[2026-01-17T10:00:04.441+0000] {processor.py:208} INFO - Processing /opt/airflow/dags/branching_user_processing.py took 0.877 seconds
[2026-01-17T10:00:34.998+0000] {processor.py:186} INFO - Started process (PID=20813) to work on /opt/airflow/dags/branching_user_processing.py
[2026-01-17T10:00:35.001+0000] {processor.py:914} INFO - Processing file /opt/airflow/dags/branching_user_processing.py for tasks to queue
[2026-01-17T10:00:35.003+0000] {logging_mixin.py:190} INFO - [2026-01-17T10:00:35.003+0000] {dagbag.py:588} INFO - Filling up the DagBag from /opt/airflow/dags/branching_user_processing.py
[2026-01-17T10:00:35.716+0000] {processor.py:925} INFO - DAG(s) 'user_processing_branch' retrieved from /opt/airflow/dags/branching_user_processing.py
[2026-01-17T10:00:35.749+0000] {logging_mixin.py:190} INFO - [2026-01-17T10:00:35.748+0000] {dag.py:3239} INFO - Sync 1 DAGs
[2026-01-17T10:00:35.785+0000] {logging_mixin.py:190} INFO - [2026-01-17T10:00:35.785+0000] {dag.py:4180} INFO - Setting next_dagrun for user_processing_branch to 2026-01-16 00:00:00+00:00, run_after=2026-01-17 00:00:00+00:00
[2026-01-17T10:00:35.820+0000] {processor.py:208} INFO - Processing /opt/airflow/dags/branching_user_processing.py took 0.838 seconds
[2026-01-17T10:01:05.943+0000] {processor.py:186} INFO - Started process (PID=20837) to work on /opt/airflow/dags/branching_user_processing.py
[2026-01-17T10:01:05.945+0000] {processor.py:914} INFO - Processing file /opt/airflow/dags/branching_user_processing.py for tasks to queue
[2026-01-17T10:01:05.947+0000] {logging_mixin.py:190} INFO - [2026-01-17T10:01:05.947+0000] {dagbag.py:588} INFO - Filling up the DagBag from /opt/airflow/dags/branching_user_processing.py
[2026-01-17T10:01:06.707+0000] {processor.py:925} INFO - DAG(s) 'user_processing_branch' retrieved from /opt/airflow/dags/branching_user_processing.py
[2026-01-17T10:01:06.741+0000] {logging_mixin.py:190} INFO - [2026-01-17T10:01:06.741+0000] {dag.py:3239} INFO - Sync 1 DAGs
[2026-01-17T10:01:06.774+0000] {logging_mixin.py:190} INFO - [2026-01-17T10:01:06.774+0000] {dag.py:4180} INFO - Setting next_dagrun for user_processing_branch to 2026-01-16 00:00:00+00:00, run_after=2026-01-17 00:00:00+00:00
[2026-01-17T10:01:06.796+0000] {processor.py:208} INFO - Processing /opt/airflow/dags/branching_user_processing.py took 0.865 seconds
[2026-01-17T10:01:37.190+0000] {processor.py:186} INFO - Started process (PID=20861) to work on /opt/airflow/dags/branching_user_processing.py
[2026-01-17T10:01:37.192+0000] {processor.py:914} INFO - Processing file /opt/airflow/dags/branching_user_processing.py for tasks to queue
[2026-01-17T10:01:37.194+0000] {logging_mixin.py:190} INFO - [2026-01-17T10:01:37.194+0000] {dagbag.py:588} INFO - Filling up the DagBag from /opt/airflow/dags/branching_user_processing.py
[2026-01-17T10:01:37.934+0000] {processor.py:925} INFO - DAG(s) 'user_processing_branch' retrieved from /opt/airflow/dags/branching_user_processing.py
[2026-01-17T10:01:37.975+0000] {logging_mixin.py:190} INFO - [2026-01-17T10:01:37.975+0000] {dag.py:3239} INFO - Sync 1 DAGs
[2026-01-17T10:01:38.013+0000] {logging_mixin.py:190} INFO - [2026-01-17T10:01:38.013+0000] {dag.py:4180} INFO - Setting next_dagrun for user_processing_branch to 2026-01-16 00:00:00+00:00, run_after=2026-01-17 00:00:00+00:00
[2026-01-17T10:01:38.041+0000] {processor.py:208} INFO - Processing /opt/airflow/dags/branching_user_processing.py took 0.863 seconds
[2026-01-17T10:02:08.120+0000] {processor.py:186} INFO - Started process (PID=20885) to work on /opt/airflow/dags/branching_user_processing.py
[2026-01-17T10:02:08.122+0000] {processor.py:914} INFO - Processing file /opt/airflow/dags/branching_user_processing.py for tasks to queue
[2026-01-17T10:02:08.125+0000] {logging_mixin.py:190} INFO - [2026-01-17T10:02:08.124+0000] {dagbag.py:588} INFO - Filling up the DagBag from /opt/airflow/dags/branching_user_processing.py
[2026-01-17T10:02:08.863+0000] {processor.py:925} INFO - DAG(s) 'user_processing_branch' retrieved from /opt/airflow/dags/branching_user_processing.py
[2026-01-17T10:02:08.896+0000] {logging_mixin.py:190} INFO - [2026-01-17T10:02:08.896+0000] {dag.py:3239} INFO - Sync 1 DAGs
[2026-01-17T10:02:08.927+0000] {logging_mixin.py:190} INFO - [2026-01-17T10:02:08.927+0000] {dag.py:4180} INFO - Setting next_dagrun for user_processing_branch to 2026-01-16 00:00:00+00:00, run_after=2026-01-17 00:00:00+00:00
[2026-01-17T10:02:08.950+0000] {processor.py:208} INFO - Processing /opt/airflow/dags/branching_user_processing.py took 0.844 seconds
[2026-01-17T10:02:39.335+0000] {processor.py:186} INFO - Started process (PID=20909) to work on /opt/airflow/dags/branching_user_processing.py
[2026-01-17T10:02:39.337+0000] {processor.py:914} INFO - Processing file /opt/airflow/dags/branching_user_processing.py for tasks to queue
[2026-01-17T10:02:39.339+0000] {logging_mixin.py:190} INFO - [2026-01-17T10:02:39.338+0000] {dagbag.py:588} INFO - Filling up the DagBag from /opt/airflow/dags/branching_user_processing.py
[2026-01-17T10:02:40.063+0000] {processor.py:925} INFO - DAG(s) 'user_processing_branch' retrieved from /opt/airflow/dags/branching_user_processing.py
[2026-01-17T10:02:40.096+0000] {logging_mixin.py:190} INFO - [2026-01-17T10:02:40.095+0000] {dag.py:3239} INFO - Sync 1 DAGs
[2026-01-17T10:02:40.128+0000] {logging_mixin.py:190} INFO - [2026-01-17T10:02:40.128+0000] {dag.py:4180} INFO - Setting next_dagrun for user_processing_branch to 2026-01-16 00:00:00+00:00, run_after=2026-01-17 00:00:00+00:00
[2026-01-17T10:02:40.159+0000] {processor.py:208} INFO - Processing /opt/airflow/dags/branching_user_processing.py took 0.835 seconds
[2026-01-17T10:03:10.571+0000] {processor.py:186} INFO - Started process (PID=20933) to work on /opt/airflow/dags/branching_user_processing.py
[2026-01-17T10:03:10.572+0000] {processor.py:914} INFO - Processing file /opt/airflow/dags/branching_user_processing.py for tasks to queue
[2026-01-17T10:03:10.574+0000] {logging_mixin.py:190} INFO - [2026-01-17T10:03:10.574+0000] {dagbag.py:588} INFO - Filling up the DagBag from /opt/airflow/dags/branching_user_processing.py
[2026-01-17T10:03:11.349+0000] {processor.py:925} INFO - DAG(s) 'user_processing_branch' retrieved from /opt/airflow/dags/branching_user_processing.py
[2026-01-17T10:03:11.383+0000] {logging_mixin.py:190} INFO - [2026-01-17T10:03:11.382+0000] {dag.py:3239} INFO - Sync 1 DAGs
[2026-01-17T10:03:11.436+0000] {logging_mixin.py:190} INFO - [2026-01-17T10:03:11.435+0000] {dag.py:4180} INFO - Setting next_dagrun for user_processing_branch to 2026-01-16 00:00:00+00:00, run_after=2026-01-17 00:00:00+00:00
[2026-01-17T10:03:11.461+0000] {processor.py:208} INFO - Processing /opt/airflow/dags/branching_user_processing.py took 0.904 seconds
[2026-01-17T10:03:41.648+0000] {processor.py:186} INFO - Started process (PID=20957) to work on /opt/airflow/dags/branching_user_processing.py
[2026-01-17T10:03:41.650+0000] {processor.py:914} INFO - Processing file /opt/airflow/dags/branching_user_processing.py for tasks to queue
[2026-01-17T10:03:41.652+0000] {logging_mixin.py:190} INFO - [2026-01-17T10:03:41.652+0000] {dagbag.py:588} INFO - Filling up the DagBag from /opt/airflow/dags/branching_user_processing.py
[2026-01-17T10:03:42.436+0000] {processor.py:925} INFO - DAG(s) 'user_processing_branch' retrieved from /opt/airflow/dags/branching_user_processing.py
[2026-01-17T10:03:42.487+0000] {logging_mixin.py:190} INFO - [2026-01-17T10:03:42.486+0000] {dag.py:3239} INFO - Sync 1 DAGs
[2026-01-17T10:03:42.527+0000] {logging_mixin.py:190} INFO - [2026-01-17T10:03:42.527+0000] {dag.py:4180} INFO - Setting next_dagrun for user_processing_branch to 2026-01-16 00:00:00+00:00, run_after=2026-01-17 00:00:00+00:00
[2026-01-17T10:03:42.559+0000] {processor.py:208} INFO - Processing /opt/airflow/dags/branching_user_processing.py took 0.922 seconds
[2026-01-17T10:04:12.835+0000] {processor.py:186} INFO - Started process (PID=20981) to work on /opt/airflow/dags/branching_user_processing.py
[2026-01-17T10:04:12.837+0000] {processor.py:914} INFO - Processing file /opt/airflow/dags/branching_user_processing.py for tasks to queue
[2026-01-17T10:04:12.841+0000] {logging_mixin.py:190} INFO - [2026-01-17T10:04:12.840+0000] {dagbag.py:588} INFO - Filling up the DagBag from /opt/airflow/dags/branching_user_processing.py
[2026-01-17T10:04:13.658+0000] {processor.py:925} INFO - DAG(s) 'user_processing_branch' retrieved from /opt/airflow/dags/branching_user_processing.py
[2026-01-17T10:04:13.689+0000] {logging_mixin.py:190} INFO - [2026-01-17T10:04:13.689+0000] {dag.py:3239} INFO - Sync 1 DAGs
[2026-01-17T10:04:13.718+0000] {logging_mixin.py:190} INFO - [2026-01-17T10:04:13.718+0000] {dag.py:4180} INFO - Setting next_dagrun for user_processing_branch to 2026-01-16 00:00:00+00:00, run_after=2026-01-17 00:00:00+00:00
[2026-01-17T10:04:13.766+0000] {processor.py:208} INFO - Processing /opt/airflow/dags/branching_user_processing.py took 0.946 seconds
[2026-01-17T10:04:44.348+0000] {processor.py:186} INFO - Started process (PID=21005) to work on /opt/airflow/dags/branching_user_processing.py
[2026-01-17T10:04:44.351+0000] {processor.py:914} INFO - Processing file /opt/airflow/dags/branching_user_processing.py for tasks to queue
[2026-01-17T10:04:44.354+0000] {logging_mixin.py:190} INFO - [2026-01-17T10:04:44.353+0000] {dagbag.py:588} INFO - Filling up the DagBag from /opt/airflow/dags/branching_user_processing.py
[2026-01-17T10:04:45.199+0000] {processor.py:925} INFO - DAG(s) 'user_processing_branch' retrieved from /opt/airflow/dags/branching_user_processing.py
[2026-01-17T10:04:45.238+0000] {logging_mixin.py:190} INFO - [2026-01-17T10:04:45.237+0000] {dag.py:3239} INFO - Sync 1 DAGs
[2026-01-17T10:04:45.274+0000] {logging_mixin.py:190} INFO - [2026-01-17T10:04:45.274+0000] {dag.py:4180} INFO - Setting next_dagrun for user_processing_branch to 2026-01-16 00:00:00+00:00, run_after=2026-01-17 00:00:00+00:00
[2026-01-17T10:04:45.308+0000] {processor.py:208} INFO - Processing /opt/airflow/dags/branching_user_processing.py took 0.975 seconds
[2026-01-17T10:05:15.865+0000] {processor.py:186} INFO - Started process (PID=21030) to work on /opt/airflow/dags/branching_user_processing.py
[2026-01-17T10:05:15.868+0000] {processor.py:914} INFO - Processing file /opt/airflow/dags/branching_user_processing.py for tasks to queue
[2026-01-17T10:05:15.871+0000] {logging_mixin.py:190} INFO - [2026-01-17T10:05:15.870+0000] {dagbag.py:588} INFO - Filling up the DagBag from /opt/airflow/dags/branching_user_processing.py
[2026-01-17T10:05:16.616+0000] {processor.py:925} INFO - DAG(s) 'user_processing_branch' retrieved from /opt/airflow/dags/branching_user_processing.py
[2026-01-17T10:05:16.650+0000] {logging_mixin.py:190} INFO - [2026-01-17T10:05:16.649+0000] {dag.py:3239} INFO - Sync 1 DAGs
[2026-01-17T10:05:16.685+0000] {logging_mixin.py:190} INFO - [2026-01-17T10:05:16.684+0000] {dag.py:4180} INFO - Setting next_dagrun for user_processing_branch to 2026-01-16 00:00:00+00:00, run_after=2026-01-17 00:00:00+00:00
[2026-01-17T10:05:16.708+0000] {processor.py:208} INFO - Processing /opt/airflow/dags/branching_user_processing.py took 0.858 seconds
[2026-01-17T10:05:46.844+0000] {processor.py:186} INFO - Started process (PID=21054) to work on /opt/airflow/dags/branching_user_processing.py
[2026-01-17T10:05:46.847+0000] {processor.py:914} INFO - Processing file /opt/airflow/dags/branching_user_processing.py for tasks to queue
[2026-01-17T10:05:46.850+0000] {logging_mixin.py:190} INFO - [2026-01-17T10:05:46.849+0000] {dagbag.py:588} INFO - Filling up the DagBag from /opt/airflow/dags/branching_user_processing.py
[2026-01-17T10:05:47.600+0000] {processor.py:925} INFO - DAG(s) 'user_processing_branch' retrieved from /opt/airflow/dags/branching_user_processing.py
[2026-01-17T10:05:47.632+0000] {logging_mixin.py:190} INFO - [2026-01-17T10:05:47.632+0000] {dag.py:3239} INFO - Sync 1 DAGs
[2026-01-17T10:05:47.663+0000] {logging_mixin.py:190} INFO - [2026-01-17T10:05:47.663+0000] {dag.py:4180} INFO - Setting next_dagrun for user_processing_branch to 2026-01-16 00:00:00+00:00, run_after=2026-01-17 00:00:00+00:00
[2026-01-17T10:05:47.699+0000] {processor.py:208} INFO - Processing /opt/airflow/dags/branching_user_processing.py took 0.881 seconds
[2026-01-17T10:06:18.223+0000] {processor.py:186} INFO - Started process (PID=21078) to work on /opt/airflow/dags/branching_user_processing.py
[2026-01-17T10:06:18.225+0000] {processor.py:914} INFO - Processing file /opt/airflow/dags/branching_user_processing.py for tasks to queue
[2026-01-17T10:06:18.227+0000] {logging_mixin.py:190} INFO - [2026-01-17T10:06:18.227+0000] {dagbag.py:588} INFO - Filling up the DagBag from /opt/airflow/dags/branching_user_processing.py
[2026-01-17T10:06:18.960+0000] {processor.py:925} INFO - DAG(s) 'user_processing_branch' retrieved from /opt/airflow/dags/branching_user_processing.py
[2026-01-17T10:06:18.993+0000] {logging_mixin.py:190} INFO - [2026-01-17T10:06:18.992+0000] {dag.py:3239} INFO - Sync 1 DAGs
[2026-01-17T10:06:19.024+0000] {logging_mixin.py:190} INFO - [2026-01-17T10:06:19.024+0000] {dag.py:4180} INFO - Setting next_dagrun for user_processing_branch to 2026-01-16 00:00:00+00:00, run_after=2026-01-17 00:00:00+00:00
[2026-01-17T10:06:19.056+0000] {processor.py:208} INFO - Processing /opt/airflow/dags/branching_user_processing.py took 0.850 seconds
[2026-01-17T10:06:49.291+0000] {processor.py:186} INFO - Started process (PID=21101) to work on /opt/airflow/dags/branching_user_processing.py
[2026-01-17T10:06:49.294+0000] {processor.py:914} INFO - Processing file /opt/airflow/dags/branching_user_processing.py for tasks to queue
[2026-01-17T10:06:49.296+0000] {logging_mixin.py:190} INFO - [2026-01-17T10:06:49.295+0000] {dagbag.py:588} INFO - Filling up the DagBag from /opt/airflow/dags/branching_user_processing.py
[2026-01-17T10:06:50.073+0000] {processor.py:925} INFO - DAG(s) 'user_processing_branch' retrieved from /opt/airflow/dags/branching_user_processing.py
[2026-01-17T10:06:50.115+0000] {logging_mixin.py:190} INFO - [2026-01-17T10:06:50.114+0000] {dag.py:3239} INFO - Sync 1 DAGs
[2026-01-17T10:06:50.162+0000] {logging_mixin.py:190} INFO - [2026-01-17T10:06:50.162+0000] {dag.py:4180} INFO - Setting next_dagrun for user_processing_branch to 2026-01-16 00:00:00+00:00, run_after=2026-01-17 00:00:00+00:00
[2026-01-17T10:06:50.188+0000] {processor.py:208} INFO - Processing /opt/airflow/dags/branching_user_processing.py took 0.909 seconds
[2026-01-17T10:07:20.596+0000] {processor.py:186} INFO - Started process (PID=21125) to work on /opt/airflow/dags/branching_user_processing.py
[2026-01-17T10:07:20.599+0000] {processor.py:914} INFO - Processing file /opt/airflow/dags/branching_user_processing.py for tasks to queue
[2026-01-17T10:07:20.602+0000] {logging_mixin.py:190} INFO - [2026-01-17T10:07:20.601+0000] {dagbag.py:588} INFO - Filling up the DagBag from /opt/airflow/dags/branching_user_processing.py
[2026-01-17T10:07:21.444+0000] {processor.py:925} INFO - DAG(s) 'user_processing_branch' retrieved from /opt/airflow/dags/branching_user_processing.py
[2026-01-17T10:07:21.485+0000] {logging_mixin.py:190} INFO - [2026-01-17T10:07:21.484+0000] {dag.py:3239} INFO - Sync 1 DAGs
[2026-01-17T10:07:21.521+0000] {logging_mixin.py:190} INFO - [2026-01-17T10:07:21.520+0000] {dag.py:4180} INFO - Setting next_dagrun for user_processing_branch to 2026-01-16 00:00:00+00:00, run_after=2026-01-17 00:00:00+00:00
[2026-01-17T10:07:21.546+0000] {processor.py:208} INFO - Processing /opt/airflow/dags/branching_user_processing.py took 0.970 seconds
[2026-01-17T10:07:51.820+0000] {processor.py:186} INFO - Started process (PID=21149) to work on /opt/airflow/dags/branching_user_processing.py
[2026-01-17T10:07:51.823+0000] {processor.py:914} INFO - Processing file /opt/airflow/dags/branching_user_processing.py for tasks to queue
[2026-01-17T10:07:51.828+0000] {logging_mixin.py:190} INFO - [2026-01-17T10:07:51.826+0000] {dagbag.py:588} INFO - Filling up the DagBag from /opt/airflow/dags/branching_user_processing.py
[2026-01-17T10:07:52.697+0000] {processor.py:925} INFO - DAG(s) 'user_processing_branch' retrieved from /opt/airflow/dags/branching_user_processing.py
[2026-01-17T10:07:52.738+0000] {logging_mixin.py:190} INFO - [2026-01-17T10:07:52.737+0000] {dag.py:3239} INFO - Sync 1 DAGs
[2026-01-17T10:07:52.774+0000] {logging_mixin.py:190} INFO - [2026-01-17T10:07:52.773+0000] {dag.py:4180} INFO - Setting next_dagrun for user_processing_branch to 2026-01-16 00:00:00+00:00, run_after=2026-01-17 00:00:00+00:00
[2026-01-17T10:07:52.801+0000] {processor.py:208} INFO - Processing /opt/airflow/dags/branching_user_processing.py took 1.000 seconds
[2026-01-17T10:08:23.099+0000] {processor.py:186} INFO - Started process (PID=21181) to work on /opt/airflow/dags/branching_user_processing.py
[2026-01-17T10:08:23.101+0000] {processor.py:914} INFO - Processing file /opt/airflow/dags/branching_user_processing.py for tasks to queue
[2026-01-17T10:08:23.104+0000] {logging_mixin.py:190} INFO - [2026-01-17T10:08:23.103+0000] {dagbag.py:588} INFO - Filling up the DagBag from /opt/airflow/dags/branching_user_processing.py
[2026-01-17T10:08:23.866+0000] {processor.py:925} INFO - DAG(s) 'user_processing_branch' retrieved from /opt/airflow/dags/branching_user_processing.py
[2026-01-17T10:08:23.909+0000] {logging_mixin.py:190} INFO - [2026-01-17T10:08:23.908+0000] {dag.py:3239} INFO - Sync 1 DAGs
[2026-01-17T10:08:23.945+0000] {logging_mixin.py:190} INFO - [2026-01-17T10:08:23.945+0000] {dag.py:4180} INFO - Setting next_dagrun for user_processing_branch to 2026-01-16 00:00:00+00:00, run_after=2026-01-17 00:00:00+00:00
[2026-01-17T10:08:23.979+0000] {processor.py:208} INFO - Processing /opt/airflow/dags/branching_user_processing.py took 0.899 seconds
[2026-01-17T10:08:54.379+0000] {processor.py:186} INFO - Started process (PID=21205) to work on /opt/airflow/dags/branching_user_processing.py
[2026-01-17T10:08:54.381+0000] {processor.py:914} INFO - Processing file /opt/airflow/dags/branching_user_processing.py for tasks to queue
[2026-01-17T10:08:54.383+0000] {logging_mixin.py:190} INFO - [2026-01-17T10:08:54.382+0000] {dagbag.py:588} INFO - Filling up the DagBag from /opt/airflow/dags/branching_user_processing.py
[2026-01-17T10:08:55.297+0000] {processor.py:925} INFO - DAG(s) 'user_processing_branch' retrieved from /opt/airflow/dags/branching_user_processing.py
[2026-01-17T10:08:55.342+0000] {logging_mixin.py:190} INFO - [2026-01-17T10:08:55.341+0000] {dag.py:3239} INFO - Sync 1 DAGs
[2026-01-17T10:08:55.383+0000] {logging_mixin.py:190} INFO - [2026-01-17T10:08:55.383+0000] {dag.py:4180} INFO - Setting next_dagrun for user_processing_branch to 2026-01-16 00:00:00+00:00, run_after=2026-01-17 00:00:00+00:00
[2026-01-17T10:08:55.407+0000] {processor.py:208} INFO - Processing /opt/airflow/dags/branching_user_processing.py took 1.041 seconds
[2026-01-17T10:09:25.873+0000] {processor.py:186} INFO - Started process (PID=21229) to work on /opt/airflow/dags/branching_user_processing.py
[2026-01-17T10:09:25.875+0000] {processor.py:914} INFO - Processing file /opt/airflow/dags/branching_user_processing.py for tasks to queue
[2026-01-17T10:09:25.877+0000] {logging_mixin.py:190} INFO - [2026-01-17T10:09:25.876+0000] {dagbag.py:588} INFO - Filling up the DagBag from /opt/airflow/dags/branching_user_processing.py
[2026-01-17T10:09:26.699+0000] {processor.py:925} INFO - DAG(s) 'user_processing_branch' retrieved from /opt/airflow/dags/branching_user_processing.py
[2026-01-17T10:09:26.746+0000] {logging_mixin.py:190} INFO - [2026-01-17T10:09:26.745+0000] {dag.py:3239} INFO - Sync 1 DAGs
[2026-01-17T10:09:26.786+0000] {logging_mixin.py:190} INFO - [2026-01-17T10:09:26.786+0000] {dag.py:4180} INFO - Setting next_dagrun for user_processing_branch to 2026-01-16 00:00:00+00:00, run_after=2026-01-17 00:00:00+00:00
[2026-01-17T10:09:26.815+0000] {processor.py:208} INFO - Processing /opt/airflow/dags/branching_user_processing.py took 0.958 seconds
[2026-01-17T10:09:57.828+0000] {processor.py:186} INFO - Started process (PID=21253) to work on /opt/airflow/dags/branching_user_processing.py
[2026-01-17T10:09:57.829+0000] {processor.py:914} INFO - Processing file /opt/airflow/dags/branching_user_processing.py for tasks to queue
[2026-01-17T10:09:57.831+0000] {logging_mixin.py:190} INFO - [2026-01-17T10:09:57.831+0000] {dagbag.py:588} INFO - Filling up the DagBag from /opt/airflow/dags/branching_user_processing.py
[2026-01-17T10:09:58.571+0000] {processor.py:925} INFO - DAG(s) 'user_processing_branch' retrieved from /opt/airflow/dags/branching_user_processing.py
[2026-01-17T10:09:58.609+0000] {logging_mixin.py:190} INFO - [2026-01-17T10:09:58.608+0000] {dag.py:3239} INFO - Sync 1 DAGs
[2026-01-17T10:09:58.643+0000] {logging_mixin.py:190} INFO - [2026-01-17T10:09:58.642+0000] {dag.py:4180} INFO - Setting next_dagrun for user_processing_branch to 2026-01-16 00:00:00+00:00, run_after=2026-01-17 00:00:00+00:00
[2026-01-17T10:09:58.682+0000] {processor.py:208} INFO - Processing /opt/airflow/dags/branching_user_processing.py took 0.871 seconds
[2026-01-17T10:10:28.976+0000] {processor.py:186} INFO - Started process (PID=21277) to work on /opt/airflow/dags/branching_user_processing.py
[2026-01-17T10:10:28.978+0000] {processor.py:914} INFO - Processing file /opt/airflow/dags/branching_user_processing.py for tasks to queue
[2026-01-17T10:10:28.981+0000] {logging_mixin.py:190} INFO - [2026-01-17T10:10:28.980+0000] {dagbag.py:588} INFO - Filling up the DagBag from /opt/airflow/dags/branching_user_processing.py
[2026-01-17T10:10:29.792+0000] {processor.py:925} INFO - DAG(s) 'user_processing_branch' retrieved from /opt/airflow/dags/branching_user_processing.py
[2026-01-17T10:10:29.832+0000] {logging_mixin.py:190} INFO - [2026-01-17T10:10:29.831+0000] {dag.py:3239} INFO - Sync 1 DAGs
[2026-01-17T10:10:29.876+0000] {logging_mixin.py:190} INFO - [2026-01-17T10:10:29.875+0000] {dag.py:4180} INFO - Setting next_dagrun for user_processing_branch to 2026-01-16 00:00:00+00:00, run_after=2026-01-17 00:00:00+00: