[2026-01-17T04:45:13.885+0000] {processor.py:186} INFO - Started process (PID=8311) to work on /opt/airflow/dags/dynamic_user_processing.py
[2026-01-17T04:45:13.905+0000] {processor.py:914} INFO - Processing file /opt/airflow/dags/dynamic_user_processing.py for tasks to queue
[2026-01-17T04:45:13.924+0000] {logging_mixin.py:190} INFO - [2026-01-17T04:45:13.910+0000] {dagbag.py:588} INFO - Filling up the DagBag from /opt/airflow/dags/dynamic_user_processing.py
[2026-01-17T05:33:09.134+0000] {logging_mixin.py:190} INFO - [2026-01-17T05:33:09.021+0000] {timeout.py:68} ERROR - Process timed out, PID: 8311
[2026-01-17T05:33:09.241+0000] {logging_mixin.py:190} INFO - [2026-01-17T05:33:09.135+0000] {dagbag.py:387} ERROR - Failed to import: /opt/airflow/dags/dynamic_user_processing.py
Traceback (most recent call last):
  File "/home/airflow/.local/lib/python3.11/site-packages/airflow/models/dagbag.py", line 383, in parse
    loader.exec_module(new_module)
  File "<frozen importlib._bootstrap_external>", line 940, in exec_module
  File "<frozen importlib._bootstrap>", line 241, in _call_with_frames_removed
  File "/opt/airflow/dags/dynamic_user_processing.py", line 9, in <module>
    from pandas import json_normalize
  File "/home/airflow/.local/lib/python3.11/site-packages/pandas/__init__.py", line 46, in <module>
    from pandas.core.api import (
  File "/home/airflow/.local/lib/python3.11/site-packages/pandas/core/api.py", line 1, in <module>
    from pandas._libs import (
  File "/home/airflow/.local/lib/python3.11/site-packages/pandas/_libs/__init__.py", line 18, in <module>
    from pandas._libs.interval import Interval
  File "interval.pyx", line 1, in init pandas._libs.interval
  File "hashtable.pyx", line 1, in init pandas._libs.hashtable
  File "missing.pyx", line 1, in init pandas._libs.missing
  File "/home/airflow/.local/lib/python3.11/site-packages/pandas/_libs/tslibs/__init__.py", line 38, in <module>
    from pandas._libs.tslibs import dtypes  # pylint: disable=import-self
    ^^^^^^^^^^^^^^^^^^^^^^^^^^^^^^^^^^^^^^
  File "dtypes.pyx", line 204, in init pandas._libs.tslibs.dtypes
  File "/usr/local/lib/python3.11/enum.py", line 426, in __setitem__
    elif _is_descriptor(value):
         ^^^^^^^^^^^^^^^^^^^^^
  File "/usr/local/lib/python3.11/enum.py", line 38, in _is_descriptor
    def _is_descriptor(obj):
    
  File "/home/airflow/.local/lib/python3.11/site-packages/airflow/utils/timeout.py", line 69, in handle_timeout
    raise AirflowTaskTimeout(self.error_message)
airflow.exceptions.AirflowTaskTimeout: DagBag import timeout for /opt/airflow/dags/dynamic_user_processing.py after 30.0s.
Please take a look at these docs to improve your DAG import time:
* https://airflow.apache.org/docs/apache-airflow/2.10.4/best-practices.html#top-level-python-code
* https://airflow.apache.org/docs/apache-airflow/2.10.4/best-practices.html#reducing-dag-complexity, PID: 8311
[2026-01-17T05:33:09.536+0000] {processor.py:927} WARNING - No viable dags retrieved from /opt/airflow/dags/dynamic_user_processing.py
[2026-01-17T05:33:40.015+0000] {processor.py:186} INFO - Started process (PID=8340) to work on /opt/airflow/dags/dynamic_user_processing.py
[2026-01-17T05:33:40.018+0000] {processor.py:914} INFO - Processing file /opt/airflow/dags/dynamic_user_processing.py for tasks to queue
[2026-01-17T05:33:40.022+0000] {logging_mixin.py:190} INFO - [2026-01-17T05:33:40.021+0000] {dagbag.py:588} INFO - Filling up the DagBag from /opt/airflow/dags/dynamic_user_processing.py
[2026-01-17T05:33:41.672+0000] {processor.py:925} INFO - DAG(s) 'dynamic_user_processing' retrieved from /opt/airflow/dags/dynamic_user_processing.py
[2026-01-17T05:33:42.576+0000] {logging_mixin.py:190} INFO - [2026-01-17T05:33:42.575+0000] {dag.py:3239} INFO - Sync 1 DAGs
[2026-01-17T05:33:42.736+0000] {logging_mixin.py:190} INFO - [2026-01-17T05:33:42.734+0000] {dag.py:4180} INFO - Setting next_dagrun for dynamic_user_processing to 2026-01-17 00:00:00+00:00, run_after=2026-01-18 00:00:00+00:00
[2026-01-17T05:33:42.912+0000] {processor.py:208} INFO - Processing /opt/airflow/dags/dynamic_user_processing.py took 2.943 seconds
[2026-01-17T05:34:13.116+0000] {processor.py:186} INFO - Started process (PID=8369) to work on /opt/airflow/dags/dynamic_user_processing.py
[2026-01-17T05:34:13.118+0000] {processor.py:914} INFO - Processing file /opt/airflow/dags/dynamic_user_processing.py for tasks to queue
[2026-01-17T05:34:13.120+0000] {logging_mixin.py:190} INFO - [2026-01-17T05:34:13.120+0000] {dagbag.py:588} INFO - Filling up the DagBag from /opt/airflow/dags/dynamic_user_processing.py
[2026-01-17T05:34:13.785+0000] {processor.py:925} INFO - DAG(s) 'dynamic_user_processing' retrieved from /opt/airflow/dags/dynamic_user_processing.py
[2026-01-17T05:34:13.828+0000] {logging_mixin.py:190} INFO - [2026-01-17T05:34:13.827+0000] {dag.py:3239} INFO - Sync 1 DAGs
[2026-01-17T05:34:13.878+0000] {logging_mixin.py:190} INFO - [2026-01-17T05:34:13.877+0000] {dag.py:4180} INFO - Setting next_dagrun for dynamic_user_processing to 2026-01-17 00:00:00+00:00, run_after=2026-01-18 00:00:00+00:00
[2026-01-17T05:34:13.947+0000] {processor.py:208} INFO - Processing /opt/airflow/dags/dynamic_user_processing.py took 0.846 seconds
[2026-01-17T05:34:44.190+0000] {processor.py:186} INFO - Started process (PID=8404) to work on /opt/airflow/dags/dynamic_user_processing.py
[2026-01-17T05:34:44.203+0000] {processor.py:914} INFO - Processing file /opt/airflow/dags/dynamic_user_processing.py for tasks to queue
[2026-01-17T05:34:44.206+0000] {logging_mixin.py:190} INFO - [2026-01-17T05:34:44.205+0000] {dagbag.py:588} INFO - Filling up the DagBag from /opt/airflow/dags/dynamic_user_processing.py
[2026-01-17T05:34:44.751+0000] {processor.py:925} INFO - DAG(s) 'dynamic_user_processing' retrieved from /opt/airflow/dags/dynamic_user_processing.py
[2026-01-17T05:34:44.807+0000] {logging_mixin.py:190} INFO - [2026-01-17T05:34:44.806+0000] {dag.py:3239} INFO - Sync 1 DAGs
[2026-01-17T05:34:44.864+0000] {logging_mixin.py:190} INFO - [2026-01-17T05:34:44.864+0000] {dag.py:4180} INFO - Setting next_dagrun for dynamic_user_processing to 2026-01-17 00:00:00+00:00, run_after=2026-01-18 00:00:00+00:00
[2026-01-17T05:34:44.893+0000] {processor.py:208} INFO - Processing /opt/airflow/dags/dynamic_user_processing.py took 0.722 seconds
[2026-01-17T05:35:15.477+0000] {processor.py:186} INFO - Started process (PID=8428) to work on /opt/airflow/dags/dynamic_user_processing.py
[2026-01-17T05:35:15.478+0000] {processor.py:914} INFO - Processing file /opt/airflow/dags/dynamic_user_processing.py for tasks to queue
[2026-01-17T05:35:15.481+0000] {logging_mixin.py:190} INFO - [2026-01-17T05:35:15.480+0000] {dagbag.py:588} INFO - Filling up the DagBag from /opt/airflow/dags/dynamic_user_processing.py
[2026-01-17T05:35:16.045+0000] {processor.py:925} INFO - DAG(s) 'dynamic_user_processing' retrieved from /opt/airflow/dags/dynamic_user_processing.py
[2026-01-17T05:35:16.102+0000] {logging_mixin.py:190} INFO - [2026-01-17T05:35:16.101+0000] {dag.py:3239} INFO - Sync 1 DAGs
[2026-01-17T05:35:16.150+0000] {logging_mixin.py:190} INFO - [2026-01-17T05:35:16.150+0000] {dag.py:4180} INFO - Setting next_dagrun for dynamic_user_processing to 2026-01-17 00:00:00+00:00, run_after=2026-01-18 00:00:00+00:00
[2026-01-17T05:35:16.177+0000] {processor.py:208} INFO - Processing /opt/airflow/dags/dynamic_user_processing.py took 0.712 seconds
[2026-01-17T05:35:46.809+0000] {processor.py:186} INFO - Started process (PID=8452) to work on /opt/airflow/dags/dynamic_user_processing.py
[2026-01-17T05:35:46.810+0000] {processor.py:914} INFO - Processing file /opt/airflow/dags/dynamic_user_processing.py for tasks to queue
[2026-01-17T05:35:46.812+0000] {logging_mixin.py:190} INFO - [2026-01-17T05:35:46.811+0000] {dagbag.py:588} INFO - Filling up the DagBag from /opt/airflow/dags/dynamic_user_processing.py
[2026-01-17T05:35:47.343+0000] {processor.py:925} INFO - DAG(s) 'dynamic_user_processing' retrieved from /opt/airflow/dags/dynamic_user_processing.py
[2026-01-17T05:35:47.378+0000] {logging_mixin.py:190} INFO - [2026-01-17T05:35:47.377+0000] {dag.py:3239} INFO - Sync 1 DAGs
[2026-01-17T05:35:47.407+0000] {logging_mixin.py:190} INFO - [2026-01-17T05:35:47.407+0000] {dag.py:4180} INFO - Setting next_dagrun for dynamic_user_processing to 2026-01-17 00:00:00+00:00, run_after=2026-01-18 00:00:00+00:00
[2026-01-17T05:35:47.425+0000] {processor.py:208} INFO - Processing /opt/airflow/dags/dynamic_user_processing.py took 0.626 seconds
[2026-01-17T05:36:17.759+0000] {processor.py:186} INFO - Started process (PID=8476) to work on /opt/airflow/dags/dynamic_user_processing.py
[2026-01-17T05:36:17.761+0000] {processor.py:914} INFO - Processing file /opt/airflow/dags/dynamic_user_processing.py for tasks to queue
[2026-01-17T05:36:17.764+0000] {logging_mixin.py:190} INFO - [2026-01-17T05:36:17.763+0000] {dagbag.py:588} INFO - Filling up the DagBag from /opt/airflow/dags/dynamic_user_processing.py
[2026-01-17T05:36:18.353+0000] {processor.py:925} INFO - DAG(s) 'dynamic_user_processing' retrieved from /opt/airflow/dags/dynamic_user_processing.py
[2026-01-17T05:36:18.402+0000] {logging_mixin.py:190} INFO - [2026-01-17T05:36:18.401+0000] {dag.py:3239} INFO - Sync 1 DAGs
[2026-01-17T05:36:18.460+0000] {logging_mixin.py:190} INFO - [2026-01-17T05:36:18.459+0000] {dag.py:4180} INFO - Setting next_dagrun for dynamic_user_processing to 2026-01-17 00:00:00+00:00, run_after=2026-01-18 00:00:00+00:00
[2026-01-17T05:36:18.491+0000] {processor.py:208} INFO - Processing /opt/airflow/dags/dynamic_user_processing.py took 0.747 seconds
[2026-01-17T05:36:49.130+0000] {processor.py:186} INFO - Started process (PID=8500) to work on /opt/airflow/dags/dynamic_user_processing.py
[2026-01-17T05:36:49.132+0000] {processor.py:914} INFO - Processing file /opt/airflow/dags/dynamic_user_processing.py for tasks to queue
[2026-01-17T05:36:49.136+0000] {logging_mixin.py:190} INFO - [2026-01-17T05:36:49.135+0000] {dagbag.py:588} INFO - Filling up the DagBag from /opt/airflow/dags/dynamic_user_processing.py
[2026-01-17T05:36:49.738+0000] {processor.py:925} INFO - DAG(s) 'dynamic_user_processing' retrieved from /opt/airflow/dags/dynamic_user_processing.py
[2026-01-17T05:36:49.796+0000] {logging_mixin.py:190} INFO - [2026-01-17T05:36:49.795+0000] {dag.py:3239} INFO - Sync 1 DAGs
[2026-01-17T05:36:49.853+0000] {logging_mixin.py:190} INFO - [2026-01-17T05:36:49.853+0000] {dag.py:4180} INFO - Setting next_dagrun for dynamic_user_processing to 2026-01-17 00:00:00+00:00, run_after=2026-01-18 00:00:00+00:00
[2026-01-17T05:36:49.888+0000] {processor.py:208} INFO - Processing /opt/airflow/dags/dynamic_user_processing.py took 0.769 seconds
[2026-01-17T05:37:20.437+0000] {processor.py:186} INFO - Started process (PID=8525) to work on /opt/airflow/dags/dynamic_user_processing.py
[2026-01-17T05:37:20.438+0000] {processor.py:914} INFO - Processing file /opt/airflow/dags/dynamic_user_processing.py for tasks to queue
[2026-01-17T05:37:20.441+0000] {logging_mixin.py:190} INFO - [2026-01-17T05:37:20.440+0000] {dagbag.py:588} INFO - Filling up the DagBag from /opt/airflow/dags/dynamic_user_processing.py
[2026-01-17T05:37:21.011+0000] {processor.py:925} INFO - DAG(s) 'dynamic_user_processing' retrieved from /opt/airflow/dags/dynamic_user_processing.py
[2026-01-17T05:37:21.057+0000] {logging_mixin.py:190} INFO - [2026-01-17T05:37:21.056+0000] {dag.py:3239} INFO - Sync 1 DAGs
[2026-01-17T05:37:21.112+0000] {logging_mixin.py:190} INFO - [2026-01-17T05:37:21.111+0000] {dag.py:4180} INFO - Setting next_dagrun for dynamic_user_processing to 2026-01-17 00:00:00+00:00, run_after=2026-01-18 00:00:00+00:00
[2026-01-17T05:37:21.152+0000] {processor.py:208} INFO - Processing /opt/airflow/dags/dynamic_user_processing.py took 0.728 seconds
[2026-01-17T05:37:51.272+0000] {processor.py:186} INFO - Started process (PID=8549) to work on /opt/airflow/dags/dynamic_user_processing.py
[2026-01-17T05:37:51.274+0000] {processor.py:914} INFO - Processing file /opt/airflow/dags/dynamic_user_processing.py for tasks to queue
[2026-01-17T05:37:51.277+0000] {logging_mixin.py:190} INFO - [2026-01-17T05:37:51.276+0000] {dagbag.py:588} INFO - Filling up the DagBag from /opt/airflow/dags/dynamic_user_processing.py
[2026-01-17T05:37:51.842+0000] {processor.py:925} INFO - DAG(s) 'dynamic_user_processing' retrieved from /opt/airflow/dags/dynamic_user_processing.py
[2026-01-17T05:37:51.892+0000] {logging_mixin.py:190} INFO - [2026-01-17T05:37:51.891+0000] {dag.py:3239} INFO - Sync 1 DAGs
[2026-01-17T05:37:51.937+0000] {logging_mixin.py:190} INFO - [2026-01-17T05:37:51.936+0000] {dag.py:4180} INFO - Setting next_dagrun for dynamic_user_processing to 2026-01-17 00:00:00+00:00, run_after=2026-01-18 00:00:00+00:00
[2026-01-17T05:37:51.970+0000] {processor.py:208} INFO - Processing /opt/airflow/dags/dynamic_user_processing.py took 0.718 seconds
[2026-01-17T05:38:22.168+0000] {processor.py:186} INFO - Started process (PID=8573) to work on /opt/airflow/dags/dynamic_user_processing.py
[2026-01-17T05:38:22.171+0000] {processor.py:914} INFO - Processing file /opt/airflow/dags/dynamic_user_processing.py for tasks to queue
[2026-01-17T05:38:22.173+0000] {logging_mixin.py:190} INFO - [2026-01-17T05:38:22.172+0000] {dagbag.py:588} INFO - Filling up the DagBag from /opt/airflow/dags/dynamic_user_processing.py
[2026-01-17T05:38:22.654+0000] {processor.py:925} INFO - DAG(s) 'dynamic_user_processing' retrieved from /opt/airflow/dags/dynamic_user_processing.py
[2026-01-17T05:38:22.705+0000] {logging_mixin.py:190} INFO - [2026-01-17T05:38:22.704+0000] {dag.py:3239} INFO - Sync 1 DAGs
[2026-01-17T05:38:22.750+0000] {logging_mixin.py:190} INFO - [2026-01-17T05:38:22.749+0000] {dag.py:4180} INFO - Setting next_dagrun for dynamic_user_processing to 2026-01-17 00:00:00+00:00, run_after=2026-01-18 00:00:00+00:00
[2026-01-17T05:38:22.786+0000] {processor.py:208} INFO - Processing /opt/airflow/dags/dynamic_user_processing.py took 0.637 seconds
[2026-01-17T05:38:52.952+0000] {processor.py:186} INFO - Started process (PID=8598) to work on /opt/airflow/dags/dynamic_user_processing.py
[2026-01-17T05:38:52.954+0000] {processor.py:914} INFO - Processing file /opt/airflow/dags/dynamic_user_processing.py for tasks to queue
[2026-01-17T05:38:52.957+0000] {logging_mixin.py:190} INFO - [2026-01-17T05:38:52.956+0000] {dagbag.py:588} INFO - Filling up the DagBag from /opt/airflow/dags/dynamic_user_processing.py
[2026-01-17T05:38:53.564+0000] {processor.py:925} INFO - DAG(s) 'dynamic_user_processing' retrieved from /opt/airflow/dags/dynamic_user_processing.py
[2026-01-17T05:38:53.629+0000] {logging_mixin.py:190} INFO - [2026-01-17T05:38:53.628+0000] {dag.py:3239} INFO - Sync 1 DAGs
[2026-01-17T05:38:53.669+0000] {logging_mixin.py:190} INFO - [2026-01-17T05:38:53.668+0000] {dag.py:4180} INFO - Setting next_dagrun for dynamic_user_processing to 2026-01-17 00:00:00+00:00, run_after=2026-01-18 00:00:00+00:00
[2026-01-17T05:38:53.724+0000] {processor.py:208} INFO - Processing /opt/airflow/dags/dynamic_user_processing.py took 0.790 seconds
[2026-01-17T05:39:24.040+0000] {processor.py:186} INFO - Started process (PID=8622) to work on /opt/airflow/dags/dynamic_user_processing.py
[2026-01-17T05:39:24.041+0000] {processor.py:914} INFO - Processing file /opt/airflow/dags/dynamic_user_processing.py for tasks to queue
[2026-01-17T05:39:24.043+0000] {logging_mixin.py:190} INFO - [2026-01-17T05:39:24.043+0000] {dagbag.py:588} INFO - Filling up the DagBag from /opt/airflow/dags/dynamic_user_processing.py
[2026-01-17T05:39:24.592+0000] {processor.py:925} INFO - DAG(s) 'dynamic_user_processing' retrieved from /opt/airflow/dags/dynamic_user_processing.py
[2026-01-17T05:39:24.639+0000] {logging_mixin.py:190} INFO - [2026-01-17T05:39:24.638+0000] {dag.py:3239} INFO - Sync 1 DAGs
[2026-01-17T05:39:24.710+0000] {logging_mixin.py:190} INFO - [2026-01-17T05:39:24.708+0000] {dag.py:4180} INFO - Setting next_dagrun for dynamic_user_processing to 2026-01-17 00:00:00+00:00, run_after=2026-01-18 00:00:00+00:00
[2026-01-17T05:39:24.749+0000] {processor.py:208} INFO - Processing /opt/airflow/dags/dynamic_user_processing.py took 0.720 seconds
[2026-01-17T05:39:54.903+0000] {processor.py:186} INFO - Started process (PID=8646) to work on /opt/airflow/dags/dynamic_user_processing.py
[2026-01-17T05:39:54.905+0000] {processor.py:914} INFO - Processing file /opt/airflow/dags/dynamic_user_processing.py for tasks to queue
[2026-01-17T05:39:54.907+0000] {logging_mixin.py:190} INFO - [2026-01-17T05:39:54.906+0000] {dagbag.py:588} INFO - Filling up the DagBag from /opt/airflow/dags/dynamic_user_processing.py
[2026-01-17T05:39:55.452+0000] {processor.py:925} INFO - DAG(s) 'dynamic_user_processing' retrieved from /opt/airflow/dags/dynamic_user_processing.py
[2026-01-17T05:39:55.509+0000] {logging_mixin.py:190} INFO - [2026-01-17T05:39:55.508+0000] {dag.py:3239} INFO - Sync 1 DAGs
[2026-01-17T05:39:55.546+0000] {logging_mixin.py:190} INFO - [2026-01-17T05:39:55.546+0000] {dag.py:4180} INFO - Setting next_dagrun for dynamic_user_processing to 2026-01-17 00:00:00+00:00, run_after=2026-01-18 00:00:00+00:00
[2026-01-17T05:39:55.571+0000] {processor.py:208} INFO - Processing /opt/airflow/dags/dynamic_user_processing.py took 0.681 seconds
[2026-01-17T05:40:26.002+0000] {processor.py:186} INFO - Started process (PID=8670) to work on /opt/airflow/dags/dynamic_user_processing.py
[2026-01-17T05:40:26.003+0000] {processor.py:914} INFO - Processing file /opt/airflow/dags/dynamic_user_processing.py for tasks to queue
[2026-01-17T05:40:26.005+0000] {logging_mixin.py:190} INFO - [2026-01-17T05:40:26.005+0000] {dagbag.py:588} INFO - Filling up the DagBag from /opt/airflow/dags/dynamic_user_processing.py
[2026-01-17T05:40:26.521+0000] {processor.py:925} INFO - DAG(s) 'dynamic_user_processing' retrieved from /opt/airflow/dags/dynamic_user_processing.py
[2026-01-17T05:40:26.561+0000] {logging_mixin.py:190} INFO - [2026-01-17T05:40:26.560+0000] {dag.py:3239} INFO - Sync 1 DAGs
[2026-01-17T05:40:26.609+0000] {logging_mixin.py:190} INFO - [2026-01-17T05:40:26.608+0000] {dag.py:4180} INFO - Setting next_dagrun for dynamic_user_processing to 2026-01-17 00:00:00+00:00, run_after=2026-01-18 00:00:00+00:00
[2026-01-17T05:40:26.647+0000] {processor.py:208} INFO - Processing /opt/airflow/dags/dynamic_user_processing.py took 0.655 seconds
[2026-01-17T05:40:56.870+0000] {processor.py:186} INFO - Started process (PID=8694) to work on /opt/airflow/dags/dynamic_user_processing.py
[2026-01-17T05:40:56.873+0000] {processor.py:914} INFO - Processing file /opt/airflow/dags/dynamic_user_processing.py for tasks to queue
[2026-01-17T05:40:56.876+0000] {logging_mixin.py:190} INFO - [2026-01-17T05:40:56.875+0000] {dagbag.py:588} INFO - Filling up the DagBag from /opt/airflow/dags/dynamic_user_processing.py
[2026-01-17T05:40:57.355+0000] {processor.py:925} INFO - DAG(s) 'dynamic_user_processing' retrieved from /opt/airflow/dags/dynamic_user_processing.py
[2026-01-17T05:40:57.395+0000] {logging_mixin.py:190} INFO - [2026-01-17T05:40:57.394+0000] {dag.py:3239} INFO - Sync 1 DAGs
[2026-01-17T05:40:57.433+0000] {logging_mixin.py:190} INFO - [2026-01-17T05:40:57.433+0000] {dag.py:4180} INFO - Setting next_dagrun for dynamic_user_processing to 2026-01-17 00:00:00+00:00, run_after=2026-01-18 00:00:00+00:00
[2026-01-17T05:40:57.463+0000] {processor.py:208} INFO - Processing /opt/airflow/dags/dynamic_user_processing.py took 0.620 seconds
[2026-01-17T05:41:27.853+0000] {processor.py:186} INFO - Started process (PID=8720) to work on /opt/airflow/dags/dynamic_user_processing.py
[2026-01-17T05:41:27.855+0000] {processor.py:914} INFO - Processing file /opt/airflow/dags/dynamic_user_processing.py for tasks to queue
[2026-01-17T05:41:27.861+0000] {logging_mixin.py:190} INFO - [2026-01-17T05:41:27.859+0000] {dagbag.py:588} INFO - Filling up the DagBag from /opt/airflow/dags/dynamic_user_processing.py
[2026-01-17T05:41:28.836+0000] {processor.py:925} INFO - DAG(s) 'dynamic_user_processing' retrieved from /opt/airflow/dags/dynamic_user_processing.py
[2026-01-17T05:41:28.994+0000] {logging_mixin.py:190} INFO - [2026-01-17T05:41:28.992+0000] {dag.py:3239} INFO - Sync 1 DAGs
[2026-01-17T05:41:29.060+0000] {logging_mixin.py:190} INFO - [2026-01-17T05:41:29.057+0000] {dag.py:4180} INFO - Setting next_dagrun for dynamic_user_processing to 2026-01-17 00:00:00+00:00, run_after=2026-01-18 00:00:00+00:00
[2026-01-17T05:41:29.120+0000] {processor.py:208} INFO - Processing /opt/airflow/dags/dynamic_user_processing.py took 1.285 seconds
[2026-01-17T05:41:59.200+0000] {processor.py:186} INFO - Started process (PID=8744) to work on /opt/airflow/dags/dynamic_user_processing.py
[2026-01-17T05:41:59.202+0000] {processor.py:914} INFO - Processing file /opt/airflow/dags/dynamic_user_processing.py for tasks to queue
[2026-01-17T05:41:59.205+0000] {logging_mixin.py:190} INFO - [2026-01-17T05:41:59.203+0000] {dagbag.py:588} INFO - Filling up the DagBag from /opt/airflow/dags/dynamic_user_processing.py
[2026-01-17T05:41:59.816+0000] {processor.py:925} INFO - DAG(s) 'dynamic_user_processing' retrieved from /opt/airflow/dags/dynamic_user_processing.py
[2026-01-17T05:41:59.870+0000] {logging_mixin.py:190} INFO - [2026-01-17T05:41:59.869+0000] {dag.py:3239} INFO - Sync 1 DAGs
[2026-01-17T05:41:59.933+0000] {logging_mixin.py:190} INFO - [2026-01-17T05:41:59.932+0000] {dag.py:4180} INFO - Setting next_dagrun for dynamic_user_processing to 2026-01-17 00:00:00+00:00, run_after=2026-01-18 00:00:00+00:00
[2026-01-17T05:41:59.982+0000] {processor.py:208} INFO - Processing /opt/airflow/dags/dynamic_user_processing.py took 0.794 seconds
[2026-01-17T05:42:30.079+0000] {processor.py:186} INFO - Started process (PID=8767) to work on /opt/airflow/dags/dynamic_user_processing.py
[2026-01-17T05:42:30.082+0000] {processor.py:914} INFO - Processing file /opt/airflow/dags/dynamic_user_processing.py for tasks to queue
[2026-01-17T05:42:30.084+0000] {logging_mixin.py:190} INFO - [2026-01-17T05:42:30.083+0000] {dagbag.py:588} INFO - Filling up the DagBag from /opt/airflow/dags/dynamic_user_processing.py
[2026-01-17T05:42:30.646+0000] {processor.py:925} INFO - DAG(s) 'dynamic_user_processing' retrieved from /opt/airflow/dags/dynamic_user_processing.py
[2026-01-17T05:42:30.697+0000] {logging_mixin.py:190} INFO - [2026-01-17T05:42:30.696+0000] {dag.py:3239} INFO - Sync 1 DAGs
[2026-01-17T05:42:30.744+0000] {logging_mixin.py:190} INFO - [2026-01-17T05:42:30.743+0000] {dag.py:4180} INFO - Setting next_dagrun for dynamic_user_processing to 2026-01-17 00:00:00+00:00, run_after=2026-01-18 00:00:00+00:00
[2026-01-17T05:42:30.779+0000] {processor.py:208} INFO - Processing /opt/airflow/dags/dynamic_user_processing.py took 0.718 seconds
[2026-01-17T05:43:01.629+0000] {processor.py:186} INFO - Started process (PID=8790) to work on /opt/airflow/dags/dynamic_user_processing.py
[2026-01-17T05:43:01.631+0000] {processor.py:914} INFO - Processing file /opt/airflow/dags/dynamic_user_processing.py for tasks to queue
[2026-01-17T05:43:01.633+0000] {logging_mixin.py:190} INFO - [2026-01-17T05:43:01.632+0000] {dagbag.py:588} INFO - Filling up the DagBag from /opt/airflow/dags/dynamic_user_processing.py
[2026-01-17T05:43:02.192+0000] {processor.py:925} INFO - DAG(s) 'dynamic_user_processing' retrieved from /opt/airflow/dags/dynamic_user_processing.py
[2026-01-17T05:43:02.245+0000] {logging_mixin.py:190} INFO - [2026-01-17T05:43:02.244+0000] {dag.py:3239} INFO - Sync 1 DAGs
[2026-01-17T05:43:02.293+0000] {logging_mixin.py:190} INFO - [2026-01-17T05:43:02.292+0000] {dag.py:4180} INFO - Setting next_dagrun for dynamic_user_processing to 2026-01-17 00:00:00+00:00, run_after=2026-01-18 00:00:00+00:00
[2026-01-17T05:43:02.325+0000] {processor.py:208} INFO - Processing /opt/airflow/dags/dynamic_user_processing.py took 0.711 seconds
[2026-01-17T05:43:33.044+0000] {processor.py:186} INFO - Started process (PID=8814) to work on /opt/airflow/dags/dynamic_user_processing.py
[2026-01-17T05:43:33.046+0000] {processor.py:914} INFO - Processing file /opt/airflow/dags/dynamic_user_processing.py for tasks to queue
[2026-01-17T05:43:33.050+0000] {logging_mixin.py:190} INFO - [2026-01-17T05:43:33.048+0000] {dagbag.py:588} INFO - Filling up the DagBag from /opt/airflow/dags/dynamic_user_processing.py
[2026-01-17T05:43:33.648+0000] {processor.py:925} INFO - DAG(s) 'dynamic_user_processing' retrieved from /opt/airflow/dags/dynamic_user_processing.py
[2026-01-17T05:43:33.697+0000] {logging_mixin.py:190} INFO - [2026-01-17T05:43:33.697+0000] {dag.py:3239} INFO - Sync 1 DAGs
[2026-01-17T05:43:33.742+0000] {logging_mixin.py:190} INFO - [2026-01-17T05:43:33.742+0000] {dag.py:4180} INFO - Setting next_dagrun for dynamic_user_processing to 2026-01-17 00:00:00+00:00, run_after=2026-01-18 00:00:00+00:00
[2026-01-17T05:43:33.775+0000] {processor.py:208} INFO - Processing /opt/airflow/dags/dynamic_user_processing.py took 0.746 seconds
[2026-01-17T05:44:03.894+0000] {processor.py:186} INFO - Started process (PID=8838) to work on /opt/airflow/dags/dynamic_user_processing.py
[2026-01-17T05:44:03.896+0000] {processor.py:914} INFO - Processing file /opt/airflow/dags/dynamic_user_processing.py for tasks to queue
[2026-01-17T05:44:03.901+0000] {logging_mixin.py:190} INFO - [2026-01-17T05:44:03.900+0000] {dagbag.py:588} INFO - Filling up the DagBag from /opt/airflow/dags/dynamic_user_processing.py
[2026-01-17T05:44:04.691+0000] {processor.py:925} INFO - DAG(s) 'dynamic_user_processing' retrieved from /opt/airflow/dags/dynamic_user_processing.py
[2026-01-17T05:44:04.755+0000] {logging_mixin.py:190} INFO - [2026-01-17T05:44:04.755+0000] {dag.py:3239} INFO - Sync 1 DAGs
[2026-01-17T05:44:04.813+0000] {logging_mixin.py:190} INFO - [2026-01-17T05:44:04.812+0000] {dag.py:4180} INFO - Setting next_dagrun for dynamic_user_processing to 2026-01-17 00:00:00+00:00, run_after=2026-01-18 00:00:00+00:00
[2026-01-17T05:44:04.863+0000] {processor.py:208} INFO - Processing /opt/airflow/dags/dynamic_user_processing.py took 0.986 seconds
[2026-01-17T05:44:35.105+0000] {processor.py:186} INFO - Started process (PID=8862) to work on /opt/airflow/dags/dynamic_user_processing.py
[2026-01-17T05:44:35.107+0000] {processor.py:914} INFO - Processing file /opt/airflow/dags/dynamic_user_processing.py for tasks to queue
[2026-01-17T05:44:35.109+0000] {logging_mixin.py:190} INFO - [2026-01-17T05:44:35.108+0000] {dagbag.py:588} INFO - Filling up the DagBag from /opt/airflow/dags/dynamic_user_processing.py
[2026-01-17T05:44:35.704+0000] {processor.py:925} INFO - DAG(s) 'dynamic_user_processing' retrieved from /opt/airflow/dags/dynamic_user_processing.py
[2026-01-17T05:44:35.763+0000] {logging_mixin.py:190} INFO - [2026-01-17T05:44:35.761+0000] {dag.py:3239} INFO - Sync 1 DAGs
[2026-01-17T05:44:35.818+0000] {logging_mixin.py:190} INFO - [2026-01-17T05:44:35.818+0000] {dag.py:4180} INFO - Setting next_dagrun for dynamic_user_processing to 2026-01-17 00:00:00+00:00, run_after=2026-01-18 00:00:00+00:00
[2026-01-17T05:44:35.866+0000] {processor.py:208} INFO - Processing /opt/airflow/dags/dynamic_user_processing.py took 0.777 seconds
[2026-01-17T05:45:06.957+0000] {processor.py:186} INFO - Started process (PID=8886) to work on /opt/airflow/dags/dynamic_user_processing.py
[2026-01-17T05:45:06.960+0000] {processor.py:914} INFO - Processing file /opt/airflow/dags/dynamic_user_processing.py for tasks to queue
[2026-01-17T05:45:06.963+0000] {logging_mixin.py:190} INFO - [2026-01-17T05:45:06.962+0000] {dagbag.py:588} INFO - Filling up the DagBag from /opt/airflow/dags/dynamic_user_processing.py
[2026-01-17T05:45:07.557+0000] {processor.py:925} INFO - DAG(s) 'dynamic_user_processing' retrieved from /opt/airflow/dags/dynamic_user_processing.py
[2026-01-17T05:45:07.602+0000] {logging_mixin.py:190} INFO - [2026-01-17T05:45:07.601+0000] {dag.py:3239} INFO - Sync 1 DAGs
[2026-01-17T05:45:07.641+0000] {logging_mixin.py:190} INFO - [2026-01-17T05:45:07.641+0000] {dag.py:4180} INFO - Setting next_dagrun for dynamic_user_processing to 2026-01-17 00:00:00+00:00, run_after=2026-01-18 00:00:00+00:00
[2026-01-17T05:45:07.676+0000] {processor.py:208} INFO - Processing /opt/airflow/dags/dynamic_user_processing.py took 0.748 seconds
[2026-01-17T05:45:38.461+0000] {processor.py:186} INFO - Started process (PID=8910) to work on /opt/airflow/dags/dynamic_user_processing.py
[2026-01-17T05:45:38.463+0000] {processor.py:914} INFO - Processing file /opt/airflow/dags/dynamic_user_processing.py for tasks to queue
[2026-01-17T05:45:38.465+0000] {logging_mixin.py:190} INFO - [2026-01-17T05:45:38.464+0000] {dagbag.py:588} INFO - Filling up the DagBag from /opt/airflow/dags/dynamic_user_processing.py
[2026-01-17T05:45:39.078+0000] {processor.py:925} INFO - DAG(s) 'dynamic_user_processing' retrieved from /opt/airflow/dags/dynamic_user_processing.py
[2026-01-17T05:45:39.127+0000] {logging_mixin.py:190} INFO - [2026-01-17T05:45:39.126+0000] {dag.py:3239} INFO - Sync 1 DAGs
[2026-01-17T05:45:39.166+0000] {logging_mixin.py:190} INFO - [2026-01-17T05:45:39.166+0000] {dag.py:4180} INFO - Setting next_dagrun for dynamic_user_processing to 2026-01-17 00:00:00+00:00, run_after=2026-01-18 00:00:00+00:00
[2026-01-17T05:45:39.192+0000] {processor.py:208} INFO - Processing /opt/airflow/dags/dynamic_user_processing.py took 0.749 seconds
[2026-01-17T05:46:09.285+0000] {processor.py:186} INFO - Started process (PID=8934) to work on /opt/airflow/dags/dynamic_user_processing.py
[2026-01-17T05:46:09.287+0000] {processor.py:914} INFO - Processing file /opt/airflow/dags/dynamic_user_processing.py for tasks to queue
[2026-01-17T05:46:09.289+0000] {logging_mixin.py:190} INFO - [2026-01-17T05:46:09.288+0000] {dagbag.py:588} INFO - Filling up the DagBag from /opt/airflow/dags/dynamic_user_processing.py
[2026-01-17T05:46:09.833+0000] {processor.py:925} INFO - DAG(s) 'dynamic_user_processing' retrieved from /opt/airflow/dags/dynamic_user_processing.py
[2026-01-17T05:46:09.882+0000] {logging_mixin.py:190} INFO - [2026-01-17T05:46:09.880+0000] {dag.py:3239} INFO - Sync 1 DAGs
[2026-01-17T05:46:09.927+0000] {logging_mixin.py:190} INFO - [2026-01-17T05:46:09.927+0000] {dag.py:4180} INFO - Setting next_dagrun for dynamic_user_processing to 2026-01-17 00:00:00+00:00, run_after=2026-01-18 00:00:00+00:00
[2026-01-17T05:46:09.954+0000] {processor.py:208} INFO - Processing /opt/airflow/dags/dynamic_user_processing.py took 0.683 seconds
[2026-01-17T05:46:40.381+0000] {processor.py:186} INFO - Started process (PID=8958) to work on /opt/airflow/dags/dynamic_user_processing.py
[2026-01-17T05:46:40.384+0000] {processor.py:914} INFO - Processing file /opt/airflow/dags/dynamic_user_processing.py for tasks to queue
[2026-01-17T05:46:40.388+0000] {logging_mixin.py:190} INFO - [2026-01-17T05:46:40.387+0000] {dagbag.py:588} INFO - Filling up the DagBag from /opt/airflow/dags/dynamic_user_processing.py
[2026-01-17T05:46:40.940+0000] {processor.py:925} INFO - DAG(s) 'dynamic_user_processing' retrieved from /opt/airflow/dags/dynamic_user_processing.py
[2026-01-17T05:46:40.988+0000] {logging_mixin.py:190} INFO - [2026-01-17T05:46:40.987+0000] {dag.py:3239} INFO - Sync 1 DAGs
[2026-01-17T05:46:41.026+0000] {logging_mixin.py:190} INFO - [2026-01-17T05:46:41.025+0000] {dag.py:4180} INFO - Setting next_dagrun for dynamic_user_processing to 2026-01-17 00:00:00+00:00, run_after=2026-01-18 00:00:00+00:00
[2026-01-17T05:46:41.064+0000] {processor.py:208} INFO - Processing /opt/airflow/dags/dynamic_user_processing.py took 0.701 seconds
[2026-01-17T05:47:11.755+0000] {processor.py:186} INFO - Started process (PID=8983) to work on /opt/airflow/dags/dynamic_user_processing.py
[2026-01-17T05:47:11.758+0000] {processor.py:914} INFO - Processing file /opt/airflow/dags/dynamic_user_processing.py for tasks to queue
[2026-01-17T05:47:11.760+0000] {logging_mixin.py:190} INFO - [2026-01-17T05:47:11.760+0000] {dagbag.py:588} INFO - Filling up the DagBag from /opt/airflow/dags/dynamic_user_processing.py
[2026-01-17T05:47:12.341+0000] {processor.py:925} INFO - DAG(s) 'dynamic_user_processing' retrieved from /opt/airflow/dags/dynamic_user_processing.py
[2026-01-17T05:47:12.398+0000] {logging_mixin.py:190} INFO - [2026-01-17T05:47:12.397+0000] {dag.py:3239} INFO - Sync 1 DAGs
[2026-01-17T05:47:12.449+0000] {logging_mixin.py:190} INFO - [2026-01-17T05:47:12.448+0000] {dag.py:4180} INFO - Setting next_dagrun for dynamic_user_processing to 2026-01-17 00:00:00+00:00, run_after=2026-01-18 00:00:00+00:00
[2026-01-17T05:47:12.476+0000] {processor.py:208} INFO - Processing /opt/airflow/dags/dynamic_user_processing.py took 0.740 seconds
[2026-01-17T05:47:43.116+0000] {processor.py:186} INFO - Started process (PID=9007) to work on /opt/airflow/dags/dynamic_user_processing.py
[2026-01-17T05:47:43.122+0000] {processor.py:914} INFO - Processing file /opt/airflow/dags/dynamic_user_processing.py for tasks to queue
[2026-01-17T05:47:43.129+0000] {logging_mixin.py:190} INFO - [2026-01-17T05:47:43.127+0000] {dagbag.py:588} INFO - Filling up the DagBag from /opt/airflow/dags/dynamic_user_processing.py
[2026-01-17T05:47:43.673+0000] {processor.py:925} INFO - DAG(s) 'dynamic_user_processing' retrieved from /opt/airflow/dags/dynamic_user_processing.py
[2026-01-17T05:47:43.716+0000] {logging_mixin.py:190} INFO - [2026-01-17T05:47:43.715+0000] {dag.py:3239} INFO - Sync 1 DAGs
[2026-01-17T05:47:43.816+0000] {logging_mixin.py:190} INFO - [2026-01-17T05:47:43.813+0000] {dag.py:4180} INFO - Setting next_dagrun for dynamic_user_processing to 2026-01-17 00:00:00+00:00, run_after=2026-01-18 00:00:00+00:00
[2026-01-17T05:47:43.873+0000] {processor.py:208} INFO - Processing /opt/airflow/dags/dynamic_user_processing.py took 0.794 seconds
[2026-01-17T05:48:14.764+0000] {processor.py:186} INFO - Started process (PID=9031) to work on /opt/airflow/dags/dynamic_user_processing.py
[2026-01-17T05:48:14.767+0000] {processor.py:914} INFO - Processing file /opt/airflow/dags/dynamic_user_processing.py for tasks to queue
[2026-01-17T05:48:14.771+0000] {logging_mixin.py:190} INFO - [2026-01-17T05:48:14.771+0000] {dagbag.py:588} INFO - Filling up the DagBag from /opt/airflow/dags/dynamic_user_processing.py
[2026-01-17T05:48:15.337+0000] {processor.py:925} INFO - DAG(s) 'dynamic_user_processing' retrieved from /opt/airflow/dags/dynamic_user_processing.py
[2026-01-17T05:48:15.380+0000] {logging_mixin.py:190} INFO - [2026-01-17T05:48:15.379+0000] {dag.py:3239} INFO - Sync 1 DAGs
[2026-01-17T05:48:15.423+0000] {logging_mixin.py:190} INFO - [2026-01-17T05:48:15.423+0000] {dag.py:4180} INFO - Setting next_dagrun for dynamic_user_processing to 2026-01-17 00:00:00+00:00, run_after=2026-01-18 00:00:00+00:00
[2026-01-17T05:48:15.450+0000] {processor.py:208} INFO - Processing /opt/airflow/dags/dynamic_user_processing.py took 0.710 seconds
[2026-01-17T05:48:46.174+0000] {processor.py:186} INFO - Started process (PID=9055) to work on /opt/airflow/dags/dynamic_user_processing.py
[2026-01-17T05:48:46.176+0000] {processor.py:914} INFO - Processing file /opt/airflow/dags/dynamic_user_processing.py for tasks to queue
[2026-01-17T05:48:46.178+0000] {logging_mixin.py:190} INFO - [2026-01-17T05:48:46.178+0000] {dagbag.py:588} INFO - Filling up the DagBag from /opt/airflow/dags/dynamic_user_processing.py
[2026-01-17T05:48:46.859+0000] {processor.py:925} INFO - DAG(s) 'dynamic_user_processing' retrieved from /opt/airflow/dags/dynamic_user_processing.py
[2026-01-17T05:48:46.910+0000] {logging_mixin.py:190} INFO - [2026-01-17T05:48:46.909+0000] {dag.py:3239} INFO - Sync 1 DAGs
[2026-01-17T05:48:46.962+0000] {logging_mixin.py:190} INFO - [2026-01-17T05:48:46.961+0000] {dag.py:4180} INFO - Setting next_dagrun for dynamic_user_processing to 2026-01-17 00:00:00+00:00, run_after=2026-01-18 00:00:00+00:00
[2026-01-17T05:48:46.992+0000] {processor.py:208} INFO - Processing /opt/airflow/dags/dynamic_user_processing.py took 0.833 seconds
[2026-01-17T05:49:17.597+0000] {processor.py:186} INFO - Started process (PID=9079) to work on /opt/airflow/dags/dynamic_user_processing.py
[2026-01-17T05:49:17.600+0000] {processor.py:914} INFO - Processing file /opt/airflow/dags/dynamic_user_processing.py for tasks to queue
[2026-01-17T05:49:17.603+0000] {logging_mixin.py:190} INFO - [2026-01-17T05:49:17.602+0000] {dagbag.py:588} INFO - Filling up the DagBag from /opt/airflow/dags/dynamic_user_processing.py
[2026-01-17T05:49:18.214+0000] {processor.py:925} INFO - DAG(s) 'dynamic_user_processing' retrieved from /opt/airflow/dags/dynamic_user_processing.py
[2026-01-17T05:49:18.277+0000] {logging_mixin.py:190} INFO - [2026-01-17T05:49:18.276+0000] {dag.py:3239} INFO - Sync 1 DAGs
[2026-01-17T05:49:18.325+0000] {logging_mixin.py:190} INFO - [2026-01-17T05:49:18.325+0000] {dag.py:4180} INFO - Setting next_dagrun for dynamic_user_processing to 2026-01-17 00:00:00+00:00, run_after=2026-01-18 00:00:00+00:00
[2026-01-17T05:49:18.363+0000] {processor.py:208} INFO - Processing /opt/airflow/dags/dynamic_user_processing.py took 0.781 seconds
[2026-01-17T05:49:49.323+0000] {processor.py:186} INFO - Started process (PID=9108) to work on /opt/airflow/dags/dynamic_user_processing.py
[2026-01-17T05:49:49.326+0000] {processor.py:914} INFO - Processing file /opt/airflow/dags/dynamic_user_processing.py for tasks to queue
[2026-01-17T05:49:49.332+0000] {logging_mixin.py:190} INFO - [2026-01-17T05:49:49.330+0000] {dagbag.py:588} INFO - Filling up the DagBag from /opt/airflow/dags/dynamic_user_processing.py
[2026-01-17T05:49:49.928+0000] {processor.py:925} INFO - DAG(s) 'dynamic_user_processing' retrieved from /opt/airflow/dags/dynamic_user_processing.py
[2026-01-17T05:49:49.977+0000] {logging_mixin.py:190} INFO - [2026-01-17T05:49:49.977+0000] {dag.py:3239} INFO - Sync 1 DAGs
[2026-01-17T05:49:50.028+0000] {logging_mixin.py:190} INFO - [2026-01-17T05:49:50.027+0000] {dag.py:4180} INFO - Setting next_dagrun for dynamic_user_processing to 2026-01-17 00:00:00+00:00, run_after=2026-01-18 00:00:00+00:00
[2026-01-17T05:49:50.064+0000] {processor.py:208} INFO - Processing /opt/airflow/dags/dynamic_user_processing.py took 0.768 seconds
[2026-01-17T05:50:20.299+0000] {processor.py:186} INFO - Started process (PID=9132) to work on /opt/airflow/dags/dynamic_user_processing.py
[2026-01-17T05:50:20.301+0000] {processor.py:914} INFO - Processing file /opt/airflow/dags/dynamic_user_processing.py for tasks to queue
[2026-01-17T05:50:20.302+0000] {logging_mixin.py:190} INFO - [2026-01-17T05:50:20.302+0000] {dagbag.py:588} INFO - Filling up the DagBag from /opt/airflow/dags/dynamic_user_processing.py
[2026-01-17T05:50:20.798+0000] {processor.py:925} INFO - DAG(s) 'dynamic_user_processing' retrieved from /opt/airflow/dags/dynamic_user_processing.py
[2026-01-17T05:50:20.856+0000] {logging_mixin.py:190} INFO - [2026-01-17T05:50:20.855+0000] {dag.py:3239} INFO - Sync 1 DAGs
[2026-01-17T05:50:20.905+0000] {logging_mixin.py:190} INFO - [2026-01-17T05:50:20.904+0000] {dag.py:4180} INFO - Setting next_dagrun for dynamic_user_processing to 2026-01-17 00:00:00+00:00, run_after=2026-01-18 00:00:00+00:00
[2026-01-17T05:50:20.935+0000] {processor.py:208} INFO - Processing /opt/airflow/dags/dynamic_user_processing.py took 0.643 seconds
[2026-01-17T05:50:51.483+0000] {processor.py:186} INFO - Started process (PID=9156) to work on /opt/airflow/dags/dynamic_user_processing.py
[2026-01-17T05:50:51.485+0000] {processor.py:914} INFO - Processing file /opt/airflow/dags/dynamic_user_processing.py for tasks to queue
[2026-01-17T05:50:51.487+0000] {logging_mixin.py:190} INFO - [2026-01-17T05:50:51.487+0000] {dagbag.py:588} INFO - Filling up the DagBag from /opt/airflow/dags/dynamic_user_processing.py
[2026-01-17T05:50:52.039+0000] {processor.py:925} INFO - DAG(s) 'dynamic_user_processing' retrieved from /opt/airflow/dags/dynamic_user_processing.py
[2026-01-17T05:50:52.085+0000] {logging_mixin.py:190} INFO - [2026-01-17T05:50:52.084+0000] {dag.py:3239} INFO - Sync 1 DAGs
[2026-01-17T05:50:52.127+0000] {logging_mixin.py:190} INFO - [2026-01-17T05:50:52.127+0000] {dag.py:4180} INFO - Setting next_dagrun for dynamic_user_processing to 2026-01-17 00:00:00+00:00, run_after=2026-01-18 00:00:00+00:00
[2026-01-17T05:50:52.156+0000] {processor.py:208} INFO - Processing /opt/airflow/dags/dynamic_user_processing.py took 0.685 seconds
[2026-01-17T05:51:22.575+0000] {processor.py:186} INFO - Started process (PID=9180) to work on /opt/airflow/dags/dynamic_user_processing.py
[2026-01-17T05:51:22.577+0000] {processor.py:914} INFO - Processing file /opt/airflow/dags/dynamic_user_processing.py for tasks to queue
[2026-01-17T05:51:22.581+0000] {logging_mixin.py:190} INFO - [2026-01-17T05:51:22.580+0000] {dagbag.py:588} INFO - Filling up the DagBag from /opt/airflow/dags/dynamic_user_processing.py
[2026-01-17T05:51:23.201+0000] {processor.py:925} INFO - DAG(s) 'dynamic_user_processing' retrieved from /opt/airflow/dags/dynamic_user_processing.py
[2026-01-17T05:51:23.250+0000] {logging_mixin.py:190} INFO - [2026-01-17T05:51:23.249+0000] {dag.py:3239} INFO - Sync 1 DAGs
[2026-01-17T05:51:23.303+0000] {logging_mixin.py:190} INFO - [2026-01-17T05:51:23.303+0000] {dag.py:4180} INFO - Setting next_dagrun for dynamic_user_processing to 2026-01-17 00:00:00+00:00, run_after=2026-01-18 00:00:00+00:00
[2026-01-17T05:51:23.336+0000] {processor.py:208} INFO - Processing /opt/airflow/dags/dynamic_user_processing.py took 0.783 seconds
[2026-01-17T05:51:54.033+0000] {processor.py:186} INFO - Started process (PID=9204) to work on /opt/airflow/dags/dynamic_user_processing.py
[2026-01-17T05:51:54.036+0000] {processor.py:914} INFO - Processing file /opt/airflow/dags/dynamic_user_processing.py for tasks to queue
[2026-01-17T05:51:54.040+0000] {logging_mixin.py:190} INFO - [2026-01-17T05:51:54.039+0000] {dagbag.py:588} INFO - Filling up the DagBag from /opt/airflow/dags/dynamic_user_processing.py
[2026-01-17T05:51:54.594+0000] {processor.py:925} INFO - DAG(s) 'dynamic_user_processing' retrieved from /opt/airflow/dags/dynamic_user_processing.py
[2026-01-17T05:51:54.639+0000] {logging_mixin.py:190} INFO - [2026-01-17T05:51:54.639+0000] {dag.py:3239} INFO - Sync 1 DAGs
[2026-01-17T05:51:54.685+0000] {logging_mixin.py:190} INFO - [2026-01-17T05:51:54.684+0000] {dag.py:4180} INFO - Setting next_dagrun for dynamic_user_processing to 2026-01-17 00:00:00+00:00, run_after=2026-01-18 00:00:00+00:00
[2026-01-17T05:51:54.724+0000] {processor.py:208} INFO - Processing /opt/airflow/dags/dynamic_user_processing.py took 0.721 seconds
[2026-01-17T05:52:24.894+0000] {processor.py:186} INFO - Started process (PID=9228) to work on /opt/airflow/dags/dynamic_user_processing.py
[2026-01-17T05:52:24.896+0000] {processor.py:914} INFO - Processing file /opt/airflow/dags/dynamic_user_processing.py for tasks to queue
[2026-01-17T05:52:24.898+0000] {logging_mixin.py:190} INFO - [2026-01-17T05:52:24.897+0000] {dagbag.py:588} INFO - Filling up the DagBag from /opt/airflow/dags/dynamic_user_processing.py
[2026-01-17T05:52:25.497+0000] {processor.py:925} INFO - DAG(s) 'dynamic_user_processing' retrieved from /opt/airflow/dags/dynamic_user_processing.py
[2026-01-17T05:52:25.541+0000] {logging_mixin.py:190} INFO - [2026-01-17T05:52:25.539+0000] {dag.py:3239} INFO - Sync 1 DAGs
[2026-01-17T05:52:25.581+0000] {logging_mixin.py:190} INFO - [2026-01-17T05:52:25.580+0000] {dag.py:4180} INFO - Setting next_dagrun for dynamic_user_processing to 2026-01-17 00:00:00+00:00, run_after=2026-01-18 00:00:00+00:00
[2026-01-17T05:52:25.624+0000] {processor.py:208} INFO - Processing /opt/airflow/dags/dynamic_user_processing.py took 0.743 seconds
[2026-01-17T05:52:55.886+0000] {processor.py:186} INFO - Started process (PID=9252) to work on /opt/airflow/dags/dynamic_user_processing.py
[2026-01-17T05:52:55.888+0000] {processor.py:914} INFO - Processing file /opt/airflow/dags/dynamic_user_processing.py for tasks to queue
[2026-01-17T05:52:55.891+0000] {logging_mixin.py:190} INFO - [2026-01-17T05:52:55.891+0000] {dagbag.py:588} INFO - Filling up the DagBag from /opt/airflow/dags/dynamic_user_processing.py
[2026-01-17T05:52:56.461+0000] {processor.py:925} INFO - DAG(s) 'dynamic_user_processing' retrieved from /opt/airflow/dags/dynamic_user_processing.py
[2026-01-17T05:52:56.518+0000] {logging_mixin.py:190} INFO - [2026-01-17T05:52:56.516+0000] {dag.py:3239} INFO - Sync 1 DAGs
[2026-01-17T05:52:56.583+0000] {logging_mixin.py:190} INFO - [2026-01-17T05:52:56.583+0000] {dag.py:4180} INFO - Setting next_dagrun for dynamic_user_processing to 2026-01-17 00:00:00+00:00, run_after=2026-01-18 00:00:00+00:00
[2026-01-17T05:52:56.645+0000] {processor.py:208} INFO - Processing /opt/airflow/dags/dynamic_user_processing.py took 0.770 seconds
[2026-01-17T05:53:27.044+0000] {processor.py:186} INFO - Started process (PID=9276) to work on /opt/airflow/dags/dynamic_user_processing.py
[2026-01-17T05:53:27.047+0000] {processor.py:914} INFO - Processing file /opt/airflow/dags/dynamic_user_processing.py for tasks to queue
[2026-01-17T05:53:27.050+0000] {logging_mixin.py:190} INFO - [2026-01-17T05:53:27.049+0000] {dagbag.py:588} INFO - Filling up the DagBag from /opt/airflow/dags/dynamic_user_processing.py
[2026-01-17T05:53:27.600+0000] {processor.py:925} INFO - DAG(s) 'dynamic_user_processing' retrieved from /opt/airflow/dags/dynamic_user_processing.py
[2026-01-17T05:53:27.649+0000] {logging_mixin.py:190} INFO - [2026-01-17T05:53:27.648+0000] {dag.py:3239} INFO - Sync 1 DAGs
[2026-01-17T05:53:27.692+0000] {logging_mixin.py:190} INFO - [2026-01-17T05:53:27.691+0000] {dag.py:4180} INFO - Setting next_dagrun for dynamic_user_processing to 2026-01-17 00:00:00+00:00, run_after=2026-01-18 00:00:00+00:00
[2026-01-17T05:53:27.721+0000] {processor.py:208} INFO - Processing /opt/airflow/dags/dynamic_user_processing.py took 0.704 seconds
[2026-01-17T05:53:58.249+0000] {processor.py:186} INFO - Started process (PID=9300) to work on /opt/airflow/dags/dynamic_user_processing.py
[2026-01-17T05:53:58.250+0000] {processor.py:914} INFO - Processing file /opt/airflow/dags/dynamic_user_processing.py for tasks to queue
[2026-01-17T05:53:58.253+0000] {logging_mixin.py:190} INFO - [2026-01-17T05:53:58.252+0000] {dagbag.py:588} INFO - Filling up the DagBag from /opt/airflow/dags/dynamic_user_processing.py
[2026-01-17T05:53:58.819+0000] {processor.py:925} INFO - DAG(s) 'dynamic_user_processing' retrieved from /opt/airflow/dags/dynamic_user_processing.py
[2026-01-17T05:53:58.864+0000] {logging_mixin.py:190} INFO - [2026-01-17T05:53:58.863+0000] {dag.py:3239} INFO - Sync 1 DAGs
[2026-01-17T05:53:58.902+0000] {logging_mixin.py:190} INFO - [2026-01-17T05:53:58.901+0000] {dag.py:4180} INFO - Setting next_dagrun for dynamic_user_processing to 2026-01-17 00:00:00+00:00, run_after=2026-01-18 00:00:00+00:00
[2026-01-17T05:53:58.935+0000] {processor.py:208} INFO - Processing /opt/airflow/dags/dynamic_user_processing.py took 0.697 seconds
[2026-01-17T05:54:29.097+0000] {processor.py:186} INFO - Started process (PID=9324) to work on /opt/airflow/dags/dynamic_user_processing.py
[2026-01-17T05:54:29.098+0000] {processor.py:914} INFO - Processing file /opt/airflow/dags/dynamic_user_processing.py for tasks to queue
[2026-01-17T05:54:29.100+0000] {logging_mixin.py:190} INFO - [2026-01-17T05:54:29.099+0000] {dagbag.py:588} INFO - Filling up the DagBag from /opt/airflow/dags/dynamic_user_processing.py
[2026-01-17T05:54:29.675+0000] {processor.py:925} INFO - DAG(s) 'dynamic_user_processing' retrieved from /opt/airflow/dags/dynamic_user_processing.py
[2026-01-17T05:54:29.724+0000] {logging_mixin.py:190} INFO - [2026-01-17T05:54:29.723+0000] {dag.py:3239} INFO - Sync 1 DAGs
[2026-01-17T05:54:29.760+0000] {logging_mixin.py:190} INFO - [2026-01-17T05:54:29.760+0000] {dag.py:4180} INFO - Setting next_dagrun for dynamic_user_processing to 2026-01-17 00:00:00+00:00, run_after=2026-01-18 00:00:00+00:00
[2026-01-17T05:54:29.791+0000] {processor.py:208} INFO - Processing /opt/airflow/dags/dynamic_user_processing.py took 0.705 seconds
[2026-01-17T05:55:00.016+0000] {processor.py:186} INFO - Started process (PID=9348) to work on /opt/airflow/dags/dynamic_user_processing.py
[2026-01-17T05:55:00.018+0000] {processor.py:914} INFO - Processing file /opt/airflow/dags/dynamic_user_processing.py for tasks to queue
[2026-01-17T05:55:00.022+0000] {logging_mixin.py:190} INFO - [2026-01-17T05:55:00.021+0000] {dagbag.py:588} INFO - Filling up the DagBag from /opt/airflow/dags/dynamic_user_processing.py
[2026-01-17T05:55:00.606+0000] {processor.py:925} INFO - DAG(s) 'dynamic_user_processing' retrieved from /opt/airflow/dags/dynamic_user_processing.py
[2026-01-17T05:55:00.650+0000] {logging_mixin.py:190} INFO - [2026-01-17T05:55:00.649+0000] {dag.py:3239} INFO - Sync 1 DAGs
[2026-01-17T05:55:00.690+0000] {logging_mixin.py:190} INFO - [2026-01-17T05:55:00.690+0000] {dag.py:4180} INFO - Setting next_dagrun for dynamic_user_processing to 2026-01-17 00:00:00+00:00, run_after=2026-01-18 00:00:00+00:00
[2026-01-17T05:55:00.729+0000] {processor.py:208} INFO - Processing /opt/airflow/dags/dynamic_user_processing.py took 0.731 seconds
[2026-01-17T05:55:31.049+0000] {processor.py:186} INFO - Started process (PID=9372) to work on /opt/airflow/dags/dynamic_user_processing.py
[2026-01-17T05:55:31.051+0000] {processor.py:914} INFO - Processing file /opt/airflow/dags/dynamic_user_processing.py for tasks to queue
[2026-01-17T05:55:31.053+0000] {logging_mixin.py:190} INFO - [2026-01-17T05:55:31.052+0000] {dagbag.py:588} INFO - Filling up the DagBag from /opt/airflow/dags/dynamic_user_processing.py
[2026-01-17T05:55:31.643+0000] {processor.py:925} INFO - DAG(s) 'dynamic_user_processing' retrieved from /opt/airflow/dags/dynamic_user_processing.py
[2026-01-17T05:55:31.692+0000] {logging_mixin.py:190} INFO - [2026-01-17T05:55:31.691+0000] {dag.py:3239} INFO - Sync 1 DAGs
[2026-01-17T05:55:31.736+0000] {logging_mixin.py:190} INFO - [2026-01-17T05:55:31.736+0000] {dag.py:4180} INFO - Setting next_dagrun for dynamic_user_processing to 2026-01-17 00:00:00+00:00, run_after=2026-01-18 00:00:00+00:00
[2026-01-17T05:55:31.769+0000] {processor.py:208} INFO - Processing /opt/airflow/dags/dynamic_user_processing.py took 0.732 seconds
[2026-01-17T05:56:02.629+0000] {processor.py:186} INFO - Started process (PID=9396) to work on /opt/airflow/dags/dynamic_user_processing.py
[2026-01-17T05:56:02.631+0000] {processor.py:914} INFO - Processing file /opt/airflow/dags/dynamic_user_processing.py for tasks to queue
[2026-01-17T05:56:02.634+0000] {logging_mixin.py:190} INFO - [2026-01-17T05:56:02.633+0000] {dagbag.py:588} INFO - Filling up the DagBag from /opt/airflow/dags/dynamic_user_processing.py
[2026-01-17T05:56:03.188+0000] {processor.py:925} INFO - DAG(s) 'dynamic_user_processing' retrieved from /opt/airflow/dags/dynamic_user_processing.py
[2026-01-17T05:56:03.244+0000] {logging_mixin.py:190} INFO - [2026-01-17T05:56:03.243+0000] {dag.py:3239} INFO - Sync 1 DAGs
[2026-01-17T05:56:03.289+0000] {logging_mixin.py:190} INFO - [2026-01-17T05:56:03.289+0000] {dag.py:4180} INFO - Setting next_dagrun for dynamic_user_processing to 2026-01-17 00:00:00+00:00, run_after=2026-01-18 00:00:00+00:00
[2026-01-17T05:56:03.329+0000] {processor.py:208} INFO - Processing /opt/airflow/dags/dynamic_user_processing.py took 0.718 seconds
[2026-01-17T05:56:34.272+0000] {processor.py:186} INFO - Started process (PID=9421) to work on /opt/airflow/dags/dynamic_user_processing.py
[2026-01-17T05:56:34.273+0000] {processor.py:914} INFO - Processing file /opt/airflow/dags/dynamic_user_processing.py for tasks to queue
[2026-01-17T05:56:34.275+0000] {logging_mixin.py:190} INFO - [2026-01-17T05:56:34.274+0000] {dagbag.py:588} INFO - Filling up the DagBag from /opt/airflow/dags/dynamic_user_processing.py
[2026-01-17T05:56:34.834+0000] {processor.py:925} INFO - DAG(s) 'dynamic_user_processing' retrieved from /opt/airflow/dags/dynamic_user_processing.py
[2026-01-17T05:56:34.883+0000] {logging_mixin.py:190} INFO - [2026-01-17T05:56:34.882+0000] {dag.py:3239} INFO - Sync 1 DAGs
[2026-01-17T05:56:34.924+0000] {logging_mixin.py:190} INFO - [2026-01-17T05:56:34.923+0000] {dag.py:4180} INFO - Setting next_dagrun for dynamic_user_processing to 2026-01-17 00:00:00+00:00, run_after=2026-01-18 00:00:00+00:00
[2026-01-17T05:56:34.960+0000] {processor.py:208} INFO - Processing /opt/airflow/dags/dynamic_user_processing.py took 0.698 seconds
[2026-01-17T05:57:05.149+0000] {processor.py:186} INFO - Started process (PID=9445) to work on /opt/airflow/dags/dynamic_user_processing.py
[2026-01-17T05:57:05.152+0000] {processor.py:914} INFO - Processing file /opt/airflow/dags/dynamic_user_processing.py for tasks to queue
[2026-01-17T05:57:05.154+0000] {logging_mixin.py:190} INFO - [2026-01-17T05:57:05.154+0000] {dagbag.py:588} INFO - Filling up the DagBag from /opt/airflow/dags/dynamic_user_processing.py
[2026-01-17T05:57:05.689+0000] {processor.py:925} INFO - DAG(s) 'dynamic_user_processing' retrieved from /opt/airflow/dags/dynamic_user_processing.py
[2026-01-17T05:57:05.727+0000] {logging_mixin.py:190} INFO - [2026-01-17T05:57:05.726+0000] {dag.py:3239} INFO - Sync 1 DAGs
[2026-01-17T05:57:05.770+0000] {logging_mixin.py:190} INFO - [2026-01-17T05:57:05.770+0000] {dag.py:4180} INFO - Setting next_dagrun for dynamic_user_processing to 2026-01-17 00:00:00+00:00, run_after=2026-01-18 00:00:00+00:00
[2026-01-17T05:57:05.809+0000] {processor.py:208} INFO - Processing /opt/airflow/dags/dynamic_user_processing.py took 0.683 seconds
[2026-01-17T05:57:36.422+0000] {processor.py:186} INFO - Started process (PID=9470) to work on /opt/airflow/dags/dynamic_user_processing.py
[2026-01-17T05:57:36.424+0000] {processor.py:914} INFO - Processing file /opt/airflow/dags/dynamic_user_processing.py for tasks to queue
[2026-01-17T05:57:36.427+0000] {logging_mixin.py:190} INFO - [2026-01-17T05:57:36.426+0000] {dagbag.py:588} INFO - Filling up the DagBag from /opt/airflow/dags/dynamic_user_processing.py
[2026-01-17T05:57:36.965+0000] {processor.py:925} INFO - DAG(s) 'dynamic_user_processing' retrieved from /opt/airflow/dags/dynamic_user_processing.py
[2026-01-17T05:57:37.007+0000] {logging_mixin.py:190} INFO - [2026-01-17T05:57:37.006+0000] {dag.py:3239} INFO - Sync 1 DAGs
[2026-01-17T05:57:37.054+0000] {logging_mixin.py:190} INFO - [2026-01-17T05:57:37.054+0000] {dag.py:4180} INFO - Setting next_dagrun for dynamic_user_processing to 2026-01-17 00:00:00+00:00, run_after=2026-01-18 00:00:00+00:00
[2026-01-17T05:57:37.082+0000] {processor.py:208} INFO - Processing /opt/airflow/dags/dynamic_user_processing.py took 0.678 seconds
[2026-01-17T05:58:07.255+0000] {processor.py:186} INFO - Started process (PID=9494) to work on /opt/airflow/dags/dynamic_user_processing.py
[2026-01-17T05:58:07.258+0000] {processor.py:914} INFO - Processing file /opt/airflow/dags/dynamic_user_processing.py for tasks to queue
[2026-01-17T05:58:07.260+0000] {logging_mixin.py:190} INFO - [2026-01-17T05:58:07.260+0000] {dagbag.py:588} INFO - Filling up the DagBag from /opt/airflow/dags/dynamic_user_processing.py
[2026-01-17T05:58:07.952+0000] {processor.py:925} INFO - DAG(s) 'dynamic_user_processing' retrieved from /opt/airflow/dags/dynamic_user_processing.py
[2026-01-17T05:58:07.995+0000] {logging_mixin.py:190} INFO - [2026-01-17T05:58:07.994+0000] {dag.py:3239} INFO - Sync 1 DAGs
[2026-01-17T05:58:08.036+0000] {logging_mixin.py:190} INFO - [2026-01-17T05:58:08.036+0000] {dag.py:4180} INFO - Setting next_dagrun for dynamic_user_processing to 2026-01-17 00:00:00+00:00, run_after=2026-01-18 00:00:00+00:00
[2026-01-17T05:58:08.069+0000] {processor.py:208} INFO - Processing /opt/airflow/dags/dynamic_user_processing.py took 0.832 seconds
[2026-01-17T05:58:38.444+0000] {processor.py:186} INFO - Started process (PID=9518) to work on /opt/airflow/dags/dynamic_user_processing.py
[2026-01-17T05:58:38.445+0000] {processor.py:914} INFO - Processing file /opt/airflow/dags/dynamic_user_processing.py for tasks to queue
[2026-01-17T05:58:38.449+0000] {logging_mixin.py:190} INFO - [2026-01-17T05:58:38.447+0000] {dagbag.py:588} INFO - Filling up the DagBag from /opt/airflow/dags/dynamic_user_processing.py
[2026-01-17T05:58:39.060+0000] {processor.py:925} INFO - DAG(s) 'dynamic_user_processing' retrieved from /opt/airflow/dags/dynamic_user_processing.py
[2026-01-17T05:58:39.112+0000] {logging_mixin.py:190} INFO - [2026-01-17T05:58:39.110+0000] {dag.py:3239} INFO - Sync 1 DAGs
[2026-01-17T05:58:39.162+0000] {logging_mixin.py:190} INFO - [2026-01-17T05:58:39.162+0000] {dag.py:4180} INFO - Setting next_dagrun for dynamic_user_processing to 2026-01-17 00:00:00+00:00, run_after=2026-01-18 00:00:00+00:00
[2026-01-17T05:58:39.194+0000] {processor.py:208} INFO - Processing /opt/airflow/dags/dynamic_user_processing.py took 0.783 seconds
[2026-01-17T05:59:09.291+0000] {processor.py:186} INFO - Started process (PID=9542) to work on /opt/airflow/dags/dynamic_user_processing.py
[2026-01-17T05:59:09.293+0000] {processor.py:914} INFO - Processing file /opt/airflow/dags/dynamic_user_processing.py for tasks to queue
[2026-01-17T05:59:09.295+0000] {logging_mixin.py:190} INFO - [2026-01-17T05:59:09.295+0000] {dagbag.py:588} INFO - Filling up the DagBag from /opt/airflow/dags/dynamic_user_processing.py
[2026-01-17T05:59:09.833+0000] {processor.py:925} INFO - DAG(s) 'dynamic_user_processing' retrieved from /opt/airflow/dags/dynamic_user_processing.py
[2026-01-17T05:59:09.881+0000] {logging_mixin.py:190} INFO - [2026-01-17T05:59:09.879+0000] {dag.py:3239} INFO - Sync 1 DAGs
[2026-01-17T05:59:09.930+0000] {logging_mixin.py:190} INFO - [2026-01-17T05:59:09.929+0000] {dag.py:4180} INFO - Setting next_dagrun for dynamic_user_processing to 2026-01-17 00:00:00+00:00, run_after=2026-01-18 00:00:00+00:00
[2026-01-17T05:59:09.966+0000] {processor.py:208} INFO - Processing /opt/airflow/dags/dynamic_user_processing.py took 0.688 seconds
[2026-01-17T05:59:40.634+0000] {processor.py:186} INFO - Started process (PID=9566) to work on /opt/airflow/dags/dynamic_user_processing.py
[2026-01-17T05:59:40.636+0000] {processor.py:914} INFO - Processing file /opt/airflow/dags/dynamic_user_processing.py for tasks to queue
[2026-01-17T05:59:40.640+0000] {logging_mixin.py:190} INFO - [2026-01-17T05:59:40.639+0000] {dagbag.py:588} INFO - Filling up the DagBag from /opt/airflow/dags/dynamic_user_processing.py
[2026-01-17T05:59:41.181+0000] {processor.py:925} INFO - DAG(s) 'dynamic_user_processing' retrieved from /opt/airflow/dags/dynamic_user_processing.py
[2026-01-17T05:59:41.220+0000] {logging_mixin.py:190} INFO - [2026-01-17T05:59:41.219+0000] {dag.py:3239} INFO - Sync 1 DAGs
[2026-01-17T05:59:41.282+0000] {logging_mixin.py:190} INFO - [2026-01-17T05:59:41.282+0000] {dag.py:4180} INFO - Setting next_dagrun for dynamic_user_processing to 2026-01-17 00:00:00+00:00, run_after=2026-01-18 00:00:00+00:00
[2026-01-17T05:59:41.319+0000] {processor.py:208} INFO - Processing /opt/airflow/dags/dynamic_user_processing.py took 0.697 seconds
[2026-01-17T06:00:12.080+0000] {processor.py:186} INFO - Started process (PID=9592) to work on /opt/airflow/dags/dynamic_user_processing.py
[2026-01-17T06:00:12.082+0000] {processor.py:914} INFO - Processing file /opt/airflow/dags/dynamic_user_processing.py for tasks to queue
[2026-01-17T06:00:12.083+0000] {logging_mixin.py:190} INFO - [2026-01-17T06:00:12.083+0000] {dagbag.py:588} INFO - Filling up the DagBag from /opt/airflow/dags/dynamic_user_processing.py
[2026-01-17T06:00:12.624+0000] {processor.py:925} INFO - DAG(s) 'dynamic_user_processing' retrieved from /opt/airflow/dags/dynamic_user_processing.py
[2026-01-17T06:00:12.685+0000] {logging_mixin.py:190} INFO - [2026-01-17T06:00:12.684+0000] {dag.py:3239} INFO - Sync 1 DAGs
[2026-01-17T06:00:12.724+0000] {logging_mixin.py:190} INFO - [2026-01-17T06:00:12.724+0000] {dag.py:4180} INFO - Setting next_dagrun for dynamic_user_processing to 2026-01-17 00:00:00+00:00, run_after=2026-01-18 00:00:00+00:00
[2026-01-17T06:00:12.752+0000] {processor.py:208} INFO - Processing /opt/airflow/dags/dynamic_user_processing.py took 0.682 seconds
[2026-01-17T06:00:43.657+0000] {processor.py:186} INFO - Started process (PID=9616) to work on /opt/airflow/dags/dynamic_user_processing.py
[2026-01-17T06:00:43.661+0000] {processor.py:914} INFO - Processing file /opt/airflow/dags/dynamic_user_processing.py for tasks to queue
[2026-01-17T06:00:43.664+0000] {logging_mixin.py:190} INFO - [2026-01-17T06:00:43.663+0000] {dagbag.py:588} INFO - Filling up the DagBag from /opt/airflow/dags/dynamic_user_processing.py
[2026-01-17T06:00:44.214+0000] {processor.py:925} INFO - DAG(s) 'dynamic_user_processing' retrieved from /opt/airflow/dags/dynamic_user_processing.py
[2026-01-17T06:00:44.264+0000] {logging_mixin.py:190} INFO - [2026-01-17T06:00:44.264+0000] {dag.py:3239} INFO - Sync 1 DAGs
[2026-01-17T06:00:44.308+0000] {logging_mixin.py:190} INFO - [2026-01-17T06:00:44.308+0000] {dag.py:4180} INFO - Setting next_dagrun for dynamic_user_processing to 2026-01-17 00:00:00+00:00, run_after=2026-01-18 00:00:00+00:00
[2026-01-17T06:00:44.339+0000] {processor.py:208} INFO - Processing /opt/airflow/dags/dynamic_user_processing.py took 0.695 seconds
[2026-01-17T06:01:15.044+0000] {processor.py:186} INFO - Started process (PID=9640) to work on /opt/airflow/dags/dynamic_user_processing.py
[2026-01-17T06:01:15.051+0000] {processor.py:914} INFO - Processing file /opt/airflow/dags/dynamic_user_processing.py for tasks to queue
[2026-01-17T06:01:15.057+0000] {logging_mixin.py:190} INFO - [2026-01-17T06:01:15.055+0000] {dagbag.py:588} INFO - Filling up the DagBag from /opt/airflow/dags/dynamic_user_processing.py
[2026-01-17T06:01:15.612+0000] {processor.py:925} INFO - DAG(s) 'dynamic_user_processing' retrieved from /opt/airflow/dags/dynamic_user_processing.py
[2026-01-17T06:01:15.670+0000] {logging_mixin.py:190} INFO - [2026-01-17T06:01:15.669+0000] {dag.py:3239} INFO - Sync 1 DAGs
[2026-01-17T06:01:15.716+0000] {logging_mixin.py:190} INFO - [2026-01-17T06:01:15.715+0000] {dag.py:4180} INFO - Setting next_dagrun for dynamic_user_processing to 2026-01-17 00:00:00+00:00, run_after=2026-01-18 00:00:00+00:00
[2026-01-17T06:01:15.749+0000] {processor.py:208} INFO - Processing /opt/airflow/dags/dynamic_user_processing.py took 0.738 seconds
[2026-01-17T06:01:46.548+0000] {processor.py:186} INFO - Started process (PID=9664) to work on /opt/airflow/dags/dynamic_user_processing.py
[2026-01-17T06:01:46.550+0000] {processor.py:914} INFO - Processing file /opt/airflow/dags/dynamic_user_processing.py for tasks to queue
[2026-01-17T06:01:46.553+0000] {logging_mixin.py:190} INFO - [2026-01-17T06:01:46.552+0000] {dagbag.py:588} INFO - Filling up the DagBag from /opt/airflow/dags/dynamic_user_processing.py
[2026-01-17T06:01:47.132+0000] {processor.py:925} INFO - DAG(s) 'dynamic_user_processing' retrieved from /opt/airflow/dags/dynamic_user_processing.py
[2026-01-17T06:01:47.175+0000] {logging_mixin.py:190} INFO - [2026-01-17T06:01:47.174+0000] {dag.py:3239} INFO - Sync 1 DAGs
[2026-01-17T06:01:47.225+0000] {logging_mixin.py:190} INFO - [2026-01-17T06:01:47.225+0000] {dag.py:4180} INFO - Setting next_dagrun for dynamic_user_processing to 2026-01-17 00:00:00+00:00, run_after=2026-01-18 00:00:00+00:00
[2026-01-17T06:01:47.273+0000] {processor.py:208} INFO - Processing /opt/airflow/dags/dynamic_user_processing.py took 0.745 seconds
[2026-01-17T06:02:17.688+0000] {processor.py:186} INFO - Started process (PID=9688) to work on /opt/airflow/dags/dynamic_user_processing.py
[2026-01-17T06:02:17.690+0000] {processor.py:914} INFO - Processing file /opt/airflow/dags/dynamic_user_processing.py for tasks to queue
[2026-01-17T06:02:17.692+0000] {logging_mixin.py:190} INFO - [2026-01-17T06:02:17.692+0000] {dagbag.py:588} INFO - Filling up the DagBag from /opt/airflow/dags/dynamic_user_processing.py
[2026-01-17T06:02:18.289+0000] {processor.py:925} INFO - DAG(s) 'dynamic_user_processing' retrieved from /opt/airflow/dags/dynamic_user_processing.py
[2026-01-17T06:02:18.332+0000] {logging_mixin.py:190} INFO - [2026-01-17T06:02:18.331+0000] {dag.py:3239} INFO - Sync 1 DAGs
[2026-01-17T06:02:18.376+0000] {logging_mixin.py:190} INFO - [2026-01-17T06:02:18.376+0000] {dag.py:4180} INFO - Setting next_dagrun for dynamic_user_processing to 2026-01-17 00:00:00+00:00, run_after=2026-01-18 00:00:00+00:00
[2026-01-17T06:02:18.408+0000] {processor.py:208} INFO - Processing /opt/airflow/dags/dynamic_user_processing.py took 0.733 seconds
[2026-01-17T06:02:49.178+0000] {processor.py:186} INFO - Started process (PID=9714) to work on /opt/airflow/dags/dynamic_user_processing.py
[2026-01-17T06:02:49.180+0000] {processor.py:914} INFO - Processing file /opt/airflow/dags/dynamic_user_processing.py for tasks to queue
[2026-01-17T06:02:49.182+0000] {logging_mixin.py:190} INFO - [2026-01-17T06:02:49.181+0000] {dagbag.py:588} INFO - Filling up the DagBag from /opt/airflow/dags/dynamic_user_processing.py
[2026-01-17T06:02:49.846+0000] {processor.py:925} INFO - DAG(s) 'dynamic_user_processing' retrieved from /opt/airflow/dags/dynamic_user_processing.py
[2026-01-17T06:02:49.901+0000] {logging_mixin.py:190} INFO - [2026-01-17T06:02:49.900+0000] {dag.py:3239} INFO - Sync 1 DAGs
[2026-01-17T06:02:49.949+0000] {logging_mixin.py:190} INFO - [2026-01-17T06:02:49.948+0000] {dag.py:4180} INFO - Setting next_dagrun for dynamic_user_processing to 2026-01-17 00:00:00+00:00, run_after=2026-01-18 00:00:00+00:00
[2026-01-17T06:02:49.992+0000] {processor.py:208} INFO - Processing /opt/airflow/dags/dynamic_user_processing.py took 0.830 seconds
[2026-01-17T06:03:20.352+0000] {processor.py:186} INFO - Started process (PID=9739) to work on /opt/airflow/dags/dynamic_user_processing.py
[2026-01-17T06:03:20.355+0000] {processor.py:914} INFO - Processing file /opt/airflow/dags/dynamic_user_processing.py for tasks to queue
[2026-01-17T06:03:20.359+0000] {logging_mixin.py:190} INFO - [2026-01-17T06:03:20.357+0000] {dagbag.py:588} INFO - Filling up the DagBag from /opt/airflow/dags/dynamic_user_processing.py
[2026-01-17T06:03:21.768+0000] {processor.py:925} INFO - DAG(s) 'dynamic_user_processing' retrieved from /opt/airflow/dags/dynamic_user_processing.py
[2026-01-17T06:03:21.854+0000] {logging_mixin.py:190} INFO - [2026-01-17T06:03:21.853+0000] {dag.py:3239} INFO - Sync 1 DAGs
[2026-01-17T06:03:22.013+0000] {logging_mixin.py:190} INFO - [2026-01-17T06:03:22.012+0000] {dag.py:4180} INFO - Setting next_dagrun for dynamic_user_processing to 2026-01-17 00:00:00+00:00, run_after=2026-01-18 00:00:00+00:00
[2026-01-17T06:03:22.068+0000] {processor.py:208} INFO - Processing /opt/airflow/dags/dynamic_user_processing.py took 1.737 seconds
[2026-01-17T06:03:52.963+0000] {processor.py:186} INFO - Started process (PID=9771) to work on /opt/airflow/dags/dynamic_user_processing.py
[2026-01-17T06:03:52.966+0000] {processor.py:914} INFO - Processing file /opt/airflow/dags/dynamic_user_processing.py for tasks to queue
[2026-01-17T06:03:52.968+0000] {logging_mixin.py:190} INFO - [2026-01-17T06:03:52.968+0000] {dagbag.py:588} INFO - Filling up the DagBag from /opt/airflow/dags/dynamic_user_processing.py
[2026-01-17T06:03:53.736+0000] {processor.py:925} INFO - DAG(s) 'dynamic_user_processing' retrieved from /opt/airflow/dags/dynamic_user_processing.py
[2026-01-17T06:03:53.802+0000] {logging_mixin.py:190} INFO - [2026-01-17T06:03:53.800+0000] {dag.py:3239} INFO - Sync 1 DAGs
[2026-01-17T06:03:53.846+0000] {logging_mixin.py:190} INFO - [2026-01-17T06:03:53.845+0000] {dag.py:4180} INFO - Setting next_dagrun for dynamic_user_processing to 2026-01-17 00:00:00+00:00, run_after=2026-01-18 00:00:00+00:00
[2026-01-17T06:03:53.892+0000] {processor.py:208} INFO - Processing /opt/airflow/dags/dynamic_user_processing.py took 0.948 seconds
[2026-01-17T06:04:23.988+0000] {processor.py:186} INFO - Started process (PID=9795) to work on /opt/airflow/dags/dynamic_user_processing.py
[2026-01-17T06:04:23.990+0000] {processor.py:914} INFO - Processing file /opt/airflow/dags/dynamic_user_processing.py for tasks to queue
[2026-01-17T06:04:23.992+0000] {logging_mixin.py:190} INFO - [2026-01-17T06:04:23.991+0000] {dagbag.py:588} INFO - Filling up the DagBag from /opt/airflow/dags/dynamic_user_processing.py
[2026-01-17T06:04:24.475+0000] {processor.py:925} INFO - DAG(s) 'dynamic_user_processing' retrieved from /opt/airflow/dags/dynamic_user_processing.py
[2026-01-17T06:04:24.518+0000] {logging_mixin.py:190} INFO - [2026-01-17T06:04:24.517+0000] {dag.py:3239} INFO - Sync 1 DAGs
[2026-01-17T06:04:24.562+0000] {logging_mixin.py:190} INFO - [2026-01-17T06:04:24.562+0000] {dag.py:4180} INFO - Setting next_dagrun for dynamic_user_processing to 2026-01-17 00:00:00+00:00, run_after=2026-01-18 00:00:00+00:00
[2026-01-17T06:04:24.587+0000] {processor.py:208} INFO - Processing /opt/airflow/dags/dynamic_user_processing.py took 0.611 seconds
[2026-01-17T06:04:55.267+0000] {processor.py:186} INFO - Started process (PID=9818) to work on /opt/airflow/dags/dynamic_user_processing.py
[2026-01-17T06:04:55.268+0000] {processor.py:914} INFO - Processing file /opt/airflow/dags/dynamic_user_processing.py for tasks to queue
[2026-01-17T06:04:55.270+0000] {logging_mixin.py:190} INFO - [2026-01-17T06:04:55.270+0000] {dagbag.py:588} INFO - Filling up the DagBag from /opt/airflow/dags/dynamic_user_processing.py
[2026-01-17T06:04:55.868+0000] {processor.py:925} INFO - DAG(s) 'dynamic_user_processing' retrieved from /opt/airflow/dags/dynamic_user_processing.py
[2026-01-17T06:04:55.928+0000] {logging_mixin.py:190} INFO - [2026-01-17T06:04:55.927+0000] {dag.py:3239} INFO - Sync 1 DAGs
[2026-01-17T06:04:55.970+0000] {logging_mixin.py:190} INFO - [2026-01-17T06:04:55.970+0000] {dag.py:4180} INFO - Setting next_dagrun for dynamic_user_processing to 2026-01-17 00:00:00+00:00, run_after=2026-01-18 00:00:00+00:00
[2026-01-17T06:04:56.030+0000] {processor.py:208} INFO - Processing /opt/airflow/dags/dynamic_user_processing.py took 0.774 seconds
[2026-01-17T06:05:26.253+0000] {processor.py:186} INFO - Started process (PID=9842) to work on /opt/airflow/dags/dynamic_user_processing.py
[2026-01-17T06:05:26.255+0000] {processor.py:914} INFO - Processing file /opt/airflow/dags/dynamic_user_processing.py for tasks to queue
[2026-01-17T06:05:26.258+0000] {logging_mixin.py:190} INFO - [2026-01-17T06:05:26.257+0000] {dagbag.py:588} INFO - Filling up the DagBag from /opt/airflow/dags/dynamic_user_processing.py
[2026-01-17T06:05:26.794+0000] {processor.py:925} INFO - DAG(s) 'dynamic_user_processing' retrieved from /opt/airflow/dags/dynamic_user_processing.py
[2026-01-17T06:05:26.856+0000] {logging_mixin.py:190} INFO - [2026-01-17T06:05:26.855+0000] {dag.py:3239} INFO - Sync 1 DAGs
[2026-01-17T06:05:26.906+0000] {logging_mixin.py:190} INFO - [2026-01-17T06:05:26.906+0000] {dag.py:4180} INFO - Setting next_dagrun for dynamic_user_processing to 2026-01-17 00:00:00+00:00, run_after=2026-01-18 00:00:00+00:00
[2026-01-17T06:05:26.941+0000] {processor.py:208} INFO - Processing /opt/airflow/dags/dynamic_user_processing.py took 0.701 seconds
[2026-01-17T06:05:57.520+0000] {processor.py:186} INFO - Started process (PID=9866) to work on /opt/airflow/dags/dynamic_user_processing.py
[2026-01-17T06:05:57.522+0000] {processor.py:914} INFO - Processing file /opt/airflow/dags/dynamic_user_processing.py for tasks to queue
[2026-01-17T06:05:57.525+0000] {logging_mixin.py:190} INFO - [2026-01-17T06:05:57.524+0000] {dagbag.py:588} INFO - Filling up the DagBag from /opt/airflow/dags/dynamic_user_processing.py
[2026-01-17T06:05:58.081+0000] {processor.py:925} INFO - DAG(s) 'dynamic_user_processing' retrieved from /opt/airflow/dags/dynamic_user_processing.py
[2026-01-17T06:05:58.131+0000] {logging_mixin.py:190} INFO - [2026-01-17T06:05:58.129+0000] {dag.py:3239} INFO - Sync 1 DAGs
[2026-01-17T06:05:58.176+0000] {logging_mixin.py:190} INFO - [2026-01-17T06:05:58.175+0000] {dag.py:4180} INFO - Setting next_dagrun for dynamic_user_processing to 2026-01-17 00:00:00+00:00, run_after=2026-01-18 00:00:00+00:00
[2026-01-17T06:05:58.210+0000] {processor.py:208} INFO - Processing /opt/airflow/dags/dynamic_user_processing.py took 0.702 seconds
[2026-01-17T06:06:28.579+0000] {processor.py:186} INFO - Started process (PID=9890) to work on /opt/airflow/dags/dynamic_user_processing.py
[2026-01-17T06:06:28.581+0000] {processor.py:914} INFO - Processing file /opt/airflow/dags/dynamic_user_processing.py for tasks to queue
[2026-01-17T06:06:28.584+0000] {logging_mixin.py:190} INFO - [2026-01-17T06:06:28.583+0000] {dagbag.py:588} INFO - Filling up the DagBag from /opt/airflow/dags/dynamic_user_processing.py
[2026-01-17T06:06:29.179+0000] {processor.py:925} INFO - DAG(s) 'dynamic_user_processing' retrieved from /opt/airflow/dags/dynamic_user_processing.py
[2026-01-17T06:06:29.231+0000] {logging_mixin.py:190} INFO - [2026-01-17T06:06:29.231+0000] {dag.py:3239} INFO - Sync 1 DAGs
[2026-01-17T06:06:29.276+0000] {logging_mixin.py:190} INFO - [2026-01-17T06:06:29.276+0000] {dag.py:4180} INFO - Setting next_dagrun for dynamic_user_processing to 2026-01-17 00:00:00+00:00, run_after=2026-01-18 00:00:00+00:00
[2026-01-17T06:06:29.315+0000] {processor.py:208} INFO - Processing /opt/airflow/dags/dynamic_user_processing.py took 0.753 seconds
[2026-01-17T06:06:59.888+0000] {processor.py:186} INFO - Started process (PID=9914) to work on /opt/airflow/dags/dynamic_user_processing.py
[2026-01-17T06:06:59.890+0000] {processor.py:914} INFO - Processing file /opt/airflow/dags/dynamic_user_processing.py for tasks to queue
[2026-01-17T06:06:59.893+0000] {logging_mixin.py:190} INFO - [2026-01-17T06:06:59.892+0000] {dagbag.py:588} INFO - Filling up the DagBag from /opt/airflow/dags/dynamic_user_processing.py
[2026-01-17T06:07:00.513+0000] {processor.py:925} INFO - DAG(s) 'dynamic_user_processing' retrieved from /opt/airflow/dags/dynamic_user_processing.py
[2026-01-17T06:07:00.561+0000] {logging_mixin.py:190} INFO - [2026-01-17T06:07:00.560+0000] {dag.py:3239} INFO - Sync 1 DAGs
[2026-01-17T06:07:00.615+0000] {logging_mixin.py:190} INFO - [2026-01-17T06:07:00.615+0000] {dag.py:4180} INFO - Setting next_dagrun for dynamic_user_processing to 2026-01-17 00:00:00+00:00, run_after=2026-01-18 00:00:00+00:00
[2026-01-17T06:07:00.661+0000] {processor.py:208} INFO - Processing /opt/airflow/dags/dynamic_user_processing.py took 0.787 seconds
[2026-01-17T06:07:30.936+0000] {processor.py:186} INFO - Started process (PID=9938) to work on /opt/airflow/dags/dynamic_user_processing.py
[2026-01-17T06:07:30.938+0000] {processor.py:914} INFO - Processing file /opt/airflow/dags/dynamic_user_processing.py for tasks to queue
[2026-01-17T06:07:30.941+0000] {logging_mixin.py:190} INFO - [2026-01-17T06:07:30.940+0000] {dagbag.py:588} INFO - Filling up the DagBag from /opt/airflow/dags/dynamic_user_processing.py
[2026-01-17T06:07:31.587+0000] {processor.py:925} INFO - DAG(s) 'dynamic_user_processing' retrieved from /opt/airflow/dags/dynamic_user_processing.py
[2026-01-17T06:07:31.653+0000] {logging_mixin.py:190} INFO - [2026-01-17T06:07:31.651+0000] {dag.py:3239} INFO - Sync 1 DAGs
[2026-01-17T06:07:31.714+0000] {logging_mixin.py:190} INFO - [2026-01-17T06:07:31.714+0000] {dag.py:4180} INFO - Setting next_dagrun for dynamic_user_processing to 2026-01-17 00:00:00+00:00, run_after=2026-01-18 00:00:00+00:00
[2026-01-17T06:07:31.772+0000] {processor.py:208} INFO - Processing /opt/airflow/dags/dynamic_user_processing.py took 0.857 seconds
[2026-01-17T06:08:02.396+0000] {processor.py:186} INFO - Started process (PID=9964) to work on /opt/airflow/dags/dynamic_user_processing.py
[2026-01-17T06:08:02.398+0000] {processor.py:914} INFO - Processing file /opt/airflow/dags/dynamic_user_processing.py for tasks to queue
[2026-01-17T06:08:02.400+0000] {logging_mixin.py:190} INFO - [2026-01-17T06:08:02.400+0000] {dagbag.py:588} INFO - Filling up the DagBag from /opt/airflow/dags/dynamic_user_processing.py
[2026-01-17T06:08:03.046+0000] {processor.py:925} INFO - DAG(s) 'dynamic_user_processing' retrieved from /opt/airflow/dags/dynamic_user_processing.py
[2026-01-17T06:08:03.110+0000] {logging_mixin.py:190} INFO - [2026-01-17T06:08:03.107+0000] {dag.py:3239} INFO - Sync 1 DAGs
[2026-01-17T06:08:03.167+0000] {logging_mixin.py:190} INFO - [2026-01-17T06:08:03.166+0000] {dag.py:4180} INFO - Setting next_dagrun for dynamic_user_processing to 2026-01-17 00:00:00+00:00, run_after=2026-01-18 00:00:00+00:00
[2026-01-17T06:08:03.212+0000] {processor.py:208} INFO - Processing /opt/airflow/dags/dynamic_user_processing.py took 0.833 seconds
[2026-01-17T06:08:33.304+0000] {processor.py:186} INFO - Started process (PID=9987) to work on /opt/airflow/dags/dynamic_user_processing.py
[2026-01-17T06:08:33.305+0000] {processor.py:914} INFO - Processing file /opt/airflow/dags/dynamic_user_processing.py for tasks to queue
[2026-01-17T06:08:33.308+0000] {logging_mixin.py:190} INFO - [2026-01-17T06:08:33.307+0000] {dagbag.py:588} INFO - Filling up the DagBag from /opt/airflow/dags/dynamic_user_processing.py
[2026-01-17T06:08:33.948+0000] {processor.py:925} INFO - DAG(s) 'dynamic_user_processing' retrieved from /opt/airflow/dags/dynamic_user_processing.py
[2026-01-17T06:08:33.994+0000] {logging_mixin.py:190} INFO - [2026-01-17T06:08:33.993+0000] {dag.py:3239} INFO - Sync 1 DAGs
[2026-01-17T06:08:34.044+0000] {logging_mixin.py:190} INFO - [2026-01-17T06:08:34.043+0000] {dag.py:4180} INFO - Setting next_dagrun for dynamic_user_processing to 2026-01-17 00:00:00+00:00, run_after=2026-01-18 00:00:00+00:00
[2026-01-17T06:08:34.077+0000] {processor.py:208} INFO - Processing /opt/airflow/dags/dynamic_user_processing.py took 0.788 seconds
[2026-01-17T06:09:04.571+0000] {processor.py:186} INFO - Started process (PID=10011) to work on /opt/airflow/dags/dynamic_user_processing.py
[2026-01-17T06:09:04.573+0000] {processor.py:914} INFO - Processing file /opt/airflow/dags/dynamic_user_processing.py for tasks to queue
[2026-01-17T06:09:04.577+0000] {logging_mixin.py:190} INFO - [2026-01-17T06:09:04.576+0000] {dagbag.py:588} INFO - Filling up the DagBag from /opt/airflow/dags/dynamic_user_processing.py
[2026-01-17T06:09:05.227+0000] {processor.py:925} INFO - DAG(s) 'dynamic_user_processing' retrieved from /opt/airflow/dags/dynamic_user_processing.py
[2026-01-17T06:09:05.261+0000] {logging_mixin.py:190} INFO - [2026-01-17T06:09:05.260+0000] {dag.py:3239} INFO - Sync 1 DAGs
[2026-01-17T06:09:05.295+0000] {logging_mixin.py:190} INFO - [2026-01-17T06:09:05.295+0000] {dag.py:4180} INFO - Setting next_dagrun for dynamic_user_processing to 2026-01-17 00:00:00+00:00, run_after=2026-01-18 00:00:00+00:00
[2026-01-17T06:09:05.328+0000] {processor.py:208} INFO - Processing /opt/airflow/dags/dynamic_user_processing.py took 0.772 seconds
[2026-01-17T06:09:35.511+0000] {processor.py:186} INFO - Started process (PID=10036) to work on /opt/airflow/dags/dynamic_user_processing.py
[2026-01-17T06:09:35.513+0000] {processor.py:914} INFO - Processing file /opt/airflow/dags/dynamic_user_processing.py for tasks to queue
[2026-01-17T06:09:35.519+0000] {logging_mixin.py:190} INFO - [2026-01-17T06:09:35.516+0000] {dagbag.py:588} INFO - Filling up the DagBag from /opt/airflow/dags/dynamic_user_processing.py
[2026-01-17T06:09:36.726+0000] {processor.py:925} INFO - DAG(s) 'dynamic_user_processing' retrieved from /opt/airflow/dags/dynamic_user_processing.py
[2026-01-17T06:09:36.826+0000] {logging_mixin.py:190} INFO - [2026-01-17T06:09:36.825+0000] {dag.py:3239} INFO - Sync 1 DAGs
[2026-01-17T06:09:36.923+0000] {logging_mixin.py:190} INFO - [2026-01-17T06:09:36.923+0000] {dag.py:4180} INFO - Setting next_dagrun for dynamic_user_processing to 2026-01-17 00:00:00+00:00, run_after=2026-01-18 00:00:00+00:00
[2026-01-17T06:09:36.987+0000] {processor.py:208} INFO - Processing /opt/airflow/dags/dynamic_user_processing.py took 1.499 seconds
[2026-01-17T06:10:07.821+0000] {processor.py:186} INFO - Started process (PID=10060) to work on /opt/airflow/dags/dynamic_user_processing.py
[2026-01-17T06:10:07.825+0000] {processor.py:914} INFO - Processing file /opt/airflow/dags/dynamic_user_processing.py for tasks to queue
[2026-01-17T06:10:07.829+0000] {logging_mixin.py:190} INFO - [2026-01-17T06:10:07.828+0000] {dagbag.py:588} INFO - Filling up the DagBag from /opt/airflow/dags/dynamic_user_processing.py
[2026-01-17T06:10:08.847+0000] {processor.py:925} INFO - DAG(s) 'dynamic_user_processing' retrieved from /opt/airflow/dags/dynamic_user_processing.py
[2026-01-17T06:10:08.993+0000] {logging_mixin.py:190} INFO - [2026-01-17T06:10:08.991+0000] {dag.py:3239} INFO - Sync 1 DAGs
[2026-01-17T06:10:09.057+0000] {logging_mixin.py:190} INFO - [2026-01-17T06:10:09.056+0000] {dag.py:4180} INFO - Setting next_dagrun for dynamic_user_processing to 2026-01-17 00:00:00+00:00, run_after=2026-01-18 00:00:00+00:00
[2026-01-17T06:10:09.103+0000] {processor.py:208} INFO - Processing /opt/airflow/dags/dynamic_user_processing.py took 1.305 seconds
[2026-01-17T06:10:39.820+0000] {processor.py:186} INFO - Started process (PID=10084) to work on /opt/airflow/dags/dynamic_user_processing.py
[2026-01-17T06:10:39.822+0000] {processor.py:914} INFO - Processing file /opt/airflow/dags/dynamic_user_processing.py for tasks to queue
[2026-01-17T06:10:39.824+0000] {logging_mixin.py:190} INFO - [2026-01-17T06:10:39.824+0000] {dagbag.py:588} INFO - Filling up the DagBag from /opt/airflow/dags/dynamic_user_processing.py
[2026-01-17T06:10:40.391+0000] {processor.py:925} INFO - DAG(s) 'dynamic_user_processing' retrieved from /opt/airflow/dags/dynamic_user_processing.py
[2026-01-17T06:10:40.439+0000] {logging_mixin.py:190} INFO - [2026-01-17T06:10:40.438+0000] {dag.py:3239} INFO - Sync 1 DAGs
[2026-01-17T06:10:40.478+0000] {logging_mixin.py:190} INFO - [2026-01-17T06:10:40.478+0000] {dag.py:4180} INFO - Setting next_dagrun for dynamic_user_processing to 2026-01-17 00:00:00+00:00, run_after=2026-01-18 00:00:00+00:00
[2026-01-17T06:10:40.513+0000] {processor.py:208} INFO - Processing /opt/airflow/dags/dynamic_user_processing.py took 0.707 seconds
[2026-01-17T06:11:10.695+0000] {processor.py:186} INFO - Started process (PID=10109) to work on /opt/airflow/dags/dynamic_user_processing.py
[2026-01-17T06:11:10.697+0000] {processor.py:914} INFO - Processing file /opt/airflow/dags/dynamic_user_processing.py for tasks to queue
[2026-01-17T06:11:10.701+0000] {logging_mixin.py:190} INFO - [2026-01-17T06:11:10.699+0000] {dagbag.py:588} INFO - Filling up the DagBag from /opt/airflow/dags/dynamic_user_processing.py
[2026-01-17T06:11:11.202+0000] {processor.py:925} INFO - DAG(s) 'dynamic_user_processing' retrieved from /opt/airflow/dags/dynamic_user_processing.py
[2026-01-17T06:11:11.238+0000] {logging_mixin.py:190} INFO - [2026-01-17T06:11:11.237+0000] {dag.py:3239} INFO - Sync 1 DAGs
[2026-01-17T06:11:11.274+0000] {logging_mixin.py:190} INFO - [2026-01-17T06:11:11.273+0000] {dag.py:4180} INFO - Setting next_dagrun for dynamic_user_processing to 2026-01-17 00:00:00+00:00, run_after=2026-01-18 00:00:00+00:00
[2026-01-17T06:11:11.308+0000] {processor.py:208} INFO - Processing /opt/airflow/dags/dynamic_user_processing.py took 0.638 seconds
[2026-01-17T06:11:41.526+0000] {processor.py:186} INFO - Started process (PID=10133) to work on /opt/airflow/dags/dynamic_user_processing.py
[2026-01-17T06:11:41.528+0000] {processor.py:914} INFO - Processing file /opt/airflow/dags/dynamic_user_processing.py for tasks to queue
[2026-01-17T06:11:41.530+0000] {logging_mixin.py:190} INFO - [2026-01-17T06:11:41.529+0000] {dagbag.py:588} INFO - Filling up the DagBag from /opt/airflow/dags/dynamic_user_processing.py
[2026-01-17T06:11:42.106+0000] {processor.py:925} INFO - DAG(s) 'dynamic_user_processing' retrieved from /opt/airflow/dags/dynamic_user_processing.py
[2026-01-17T06:11:42.157+0000] {logging_mixin.py:190} INFO - [2026-01-17T06:11:42.156+0000] {dag.py:3239} INFO - Sync 1 DAGs
[2026-01-17T06:11:42.203+0000] {logging_mixin.py:190} INFO - [2026-01-17T06:11:42.203+0000] {dag.py:4180} INFO - Setting next_dagrun for dynamic_user_processing to 2026-01-17 00:00:00+00:00, run_after=2026-01-18 00:00:00+00:00
[2026-01-17T06:11:42.232+0000] {processor.py:208} INFO - Processing /opt/airflow/dags/dynamic_user_processing.py took 0.721 seconds
[2026-01-17T06:12:12.552+0000] {processor.py:186} INFO - Started process (PID=10157) to work on /opt/airflow/dags/dynamic_user_processing.py
[2026-01-17T06:12:12.554+0000] {processor.py:914} INFO - Processing file /opt/airflow/dags/dynamic_user_processing.py for tasks to queue
[2026-01-17T06:12:12.556+0000] {logging_mixin.py:190} INFO - [2026-01-17T06:12:12.555+0000] {dagbag.py:588} INFO - Filling up the DagBag from /opt/airflow/dags/dynamic_user_processing.py
[2026-01-17T06:12:13.066+0000] {processor.py:925} INFO - DAG(s) 'dynamic_user_processing' retrieved from /opt/airflow/dags/dynamic_user_processing.py
[2026-01-17T06:12:13.112+0000] {logging_mixin.py:190} INFO - [2026-01-17T06:12:13.111+0000] {dag.py:3239} INFO - Sync 1 DAGs
[2026-01-17T06:12:13.150+0000] {logging_mixin.py:190} INFO - [2026-01-17T06:12:13.149+0000] {dag.py:4180} INFO - Setting next_dagrun for dynamic_user_processing to 2026-01-17 00:00:00+00:00, run_after=2026-01-18 00:00:00+00:00
[2026-01-17T06:12:13.175+0000] {processor.py:208} INFO - Processing /opt/airflow/dags/dynamic_user_processing.py took 0.639 seconds
[2026-01-17T06:12:43.517+0000] {processor.py:186} INFO - Started process (PID=10182) to work on /opt/airflow/dags/dynamic_user_processing.py
[2026-01-17T06:12:43.518+0000] {processor.py:914} INFO - Processing file /opt/airflow/dags/dynamic_user_processing.py for tasks to queue
[2026-01-17T06:12:43.519+0000] {logging_mixin.py:190} INFO - [2026-01-17T06:12:43.519+0000] {dagbag.py:588} INFO - Filling up the DagBag from /opt/airflow/dags/dynamic_user_processing.py
[2026-01-17T06:12:43.945+0000] {processor.py:925} INFO - DAG(s) 'dynamic_user_processing' retrieved from /opt/airflow/dags/dynamic_user_processing.py
[2026-01-17T06:12:43.977+0000] {logging_mixin.py:190} INFO - [2026-01-17T06:12:43.976+0000] {dag.py:3239} INFO - Sync 1 DAGs
[2026-01-17T06:12:44.006+0000] {logging_mixin.py:190} INFO - [2026-01-17T06:12:44.006+0000] {dag.py:4180} INFO - Setting next_dagrun for dynamic_user_processing to 2026-01-17 00:00:00+00:00, run_after=2026-01-18 00:00:00+00:00
[2026-01-17T06:12:44.036+0000] {processor.py:208} INFO - Processing /opt/airflow/dags/dynamic_user_processing.py took 0.530 seconds
[2026-01-17T06:13:14.155+0000] {processor.py:186} INFO - Started process (PID=10202) to work on /opt/airflow/dags/dynamic_user_processing.py
[2026-01-17T06:13:14.156+0000] {processor.py:914} INFO - Processing file /opt/airflow/dags/dynamic_user_processing.py for tasks to queue
[2026-01-17T06:13:14.157+0000] {logging_mixin.py:190} INFO - [2026-01-17T06:13:14.157+0000] {dagbag.py:588} INFO - Filling up the DagBag from /opt/airflow/dags/dynamic_user_processing.py
[2026-01-17T06:13:14.665+0000] {processor.py:925} INFO - DAG(s) 'dynamic_user_processing' retrieved from /opt/airflow/dags/dynamic_user_processing.py
[2026-01-17T06:13:14.716+0000] {logging_mixin.py:190} INFO - [2026-01-17T06:13:14.715+0000] {dag.py:3239} INFO - Sync 1 DAGs
[2026-01-17T06:13:14.767+0000] {logging_mixin.py:190} INFO - [2026-01-17T06:13:14.767+0000] {dag.py:4180} INFO - Setting next_dagrun for dynamic_user_processing to 2026-01-17 00:00:00+00:00, run_after=2026-01-18 00:00:00+00:00
[2026-01-17T06:13:14.797+0000] {processor.py:208} INFO - Processing /opt/airflow/dags/dynamic_user_processing.py took 0.653 seconds
[2026-01-17T06:13:45.058+0000] {processor.py:186} INFO - Started process (PID=10225) to work on /opt/airflow/dags/dynamic_user_processing.py
[2026-01-17T06:13:45.060+0000] {processor.py:914} INFO - Processing file /opt/airflow/dags/dynamic_user_processing.py for tasks to queue
[2026-01-17T06:13:45.065+0000] {logging_mixin.py:190} INFO - [2026-01-17T06:13:45.064+0000] {dagbag.py:588} INFO - Filling up the DagBag from /opt/airflow/dags/dynamic_user_processing.py
[2026-01-17T06:13:45.547+0000] {processor.py:925} INFO - DAG(s) 'dynamic_user_processing' retrieved from /opt/airflow/dags/dynamic_user_processing.py
[2026-01-17T06:13:45.583+0000] {logging_mixin.py:190} INFO - [2026-01-17T06:13:45.582+0000] {dag.py:3239} INFO - Sync 1 DAGs
[2026-01-17T06:13:45.617+0000] {logging_mixin.py:190} INFO - [2026-01-17T06:13:45.617+0000] {dag.py:4180} INFO - Setting next_dagrun for dynamic_user_processing to 2026-01-17 00:00:00+00:00, run_after=2026-01-18 00:00:00+00:00
[2026-01-17T06:13:45.637+0000] {processor.py:208} INFO - Processing /opt/airflow/dags/dynamic_user_processing.py took 0.613 seconds
[2026-01-17T06:14:15.751+0000] {processor.py:186} INFO - Started process (PID=10249) to work on /opt/airflow/dags/dynamic_user_processing.py
[2026-01-17T06:14:15.755+0000] {processor.py:914} INFO - Processing file /opt/airflow/dags/dynamic_user_processing.py for tasks to queue
[2026-01-17T06:14:15.759+0000] {logging_mixin.py:190} INFO - [2026-01-17T06:14:15.758+0000] {dagbag.py:588} INFO - Filling up the DagBag from /opt/airflow/dags/dynamic_user_processing.py
[2026-01-17T06:14:16.340+0000] {processor.py:925} INFO - DAG(s) 'dynamic_user_processing' retrieved from /opt/airflow/dags/dynamic_user_processing.py
[2026-01-17T06:14:16.389+0000] {logging_mixin.py:190} INFO - [2026-01-17T06:14:16.387+0000] {dag.py:3239} INFO - Sync 1 DAGs
[2026-01-17T06:14:16.436+0000] {logging_mixin.py:190} INFO - [2026-01-17T06:14:16.436+0000] {dag.py:4180} INFO - Setting next_dagrun for dynamic_user_processing to 2026-01-17 00:00:00+00:00, run_after=2026-01-18 00:00:00+00:00
[2026-01-17T06:14:16.472+0000] {processor.py:208} INFO - Processing /opt/airflow/dags/dynamic_user_processing.py took 0.748 seconds
[2026-01-17T06:14:46.529+0000] {processor.py:186} INFO - Started process (PID=10273) to work on /opt/airflow/dags/dynamic_user_processing.py
[2026-01-17T06:14:46.531+0000] {processor.py:914} INFO - Processing file /opt/airflow/dags/dynamic_user_processing.py for tasks to queue
[2026-01-17T06:14:46.533+0000] {logging_mixin.py:190} INFO - [2026-01-17T06:14:46.532+0000] {dagbag.py:588} INFO - Filling up the DagBag from /opt/airflow/dags/dynamic_user_processing.py
[2026-01-17T06:14:47.052+0000] {processor.py:925} INFO - DAG(s) 'dynamic_user_processing' retrieved from /opt/airflow/dags/dynamic_user_processing.py
[2026-01-17T06:14:47.094+0000] {logging_mixin.py:190} INFO - [2026-01-17T06:14:47.093+0000] {dag.py:3239} INFO - Sync 1 DAGs
[2026-01-17T06:14:47.133+0000] {logging_mixin.py:190} INFO - [2026-01-17T06:14:47.132+0000] {dag.py:4180} INFO - Setting next_dagrun for dynamic_user_processing to 2026-01-17 00:00:00+00:00, run_after=2026-01-18 00:00:00+00:00
[2026-01-17T06:14:47.164+0000] {processor.py:208} INFO - Processing /opt/airflow/dags/dynamic_user_processing.py took 0.645 seconds
[2026-01-17T06:15:17.395+0000] {processor.py:186} INFO - Started process (PID=10297) to work on /opt/airflow/dags/dynamic_user_processing.py
[2026-01-17T06:15:17.398+0000] {processor.py:914} INFO - Processing file /opt/airflow/dags/dynamic_user_processing.py for tasks to queue
[2026-01-17T06:15:17.401+0000] {logging_mixin.py:190} INFO - [2026-01-17T06:15:17.400+0000] {dagbag.py:588} INFO - Filling up the DagBag from /opt/airflow/dags/dynamic_user_processing.py
[2026-01-17T06:15:17.999+0000] {processor.py:925} INFO - DAG(s) 'dynamic_user_processing' retrieved from /opt/airflow/dags/dynamic_user_processing.py
[2026-01-17T06:15:18.040+0000] {logging_mixin.py:190} INFO - [2026-01-17T06:15:18.039+0000] {dag.py:3239} INFO - Sync 1 DAGs
[2026-01-17T06:15:18.092+0000] {logging_mixin.py:190} INFO - [2026-01-17T06:15:18.092+0000] {dag.py:4180} INFO - Setting next_dagrun for dynamic_user_processing to 2026-01-17 00:00:00+00:00, run_after=2026-01-18 00:00:00+00:00
[2026-01-17T06:15:18.137+0000] {processor.py:208} INFO - Processing /opt/airflow/dags/dynamic_user_processing.py took 0.760 seconds
[2026-01-17T06:15:48.415+0000] {processor.py:186} INFO - Started process (PID=10322) to work on /opt/airflow/dags/dynamic_user_processing.py
[2026-01-17T06:15:48.417+0000] {processor.py:914} INFO - Processing file /opt/airflow/dags/dynamic_user_processing.py for tasks to queue
[2026-01-17T06:15:48.420+0000] {logging_mixin.py:190} INFO - [2026-01-17T06:15:48.419+0000] {dagbag.py:588} INFO - Filling up the DagBag from /opt/airflow/dags/dynamic_user_processing.py
[2026-01-17T06:15:48.882+0000] {processor.py:925} INFO - DAG(s) 'dynamic_user_processing' retrieved from /opt/airflow/dags/dynamic_user_processing.py
[2026-01-17T06:15:48.927+0000] {logging_mixin.py:190} INFO - [2026-01-17T06:15:48.927+0000] {dag.py:3239} INFO - Sync 1 DAGs
[2026-01-17T06:15:48.974+0000] {logging_mixin.py:190} INFO - [2026-01-17T06:15:48.974+0000] {dag.py:4180} INFO - Setting next_dagrun for dynamic_user_processing to 2026-01-17 00:00:00+00:00, run_after=2026-01-18 00:00:00+00:00
[2026-01-17T06:15:49.013+0000] {processor.py:208} INFO - Processing /opt/airflow/dags/dynamic_user_processing.py took 0.611 seconds
[2026-01-17T06:16:19.464+0000] {processor.py:186} INFO - Started process (PID=10346) to work on /opt/airflow/dags/dynamic_user_processing.py
[2026-01-17T06:16:19.466+0000] {processor.py:914} INFO - Processing file /opt/airflow/dags/dynamic_user_processing.py for tasks to queue
[2026-01-17T06:16:19.468+0000] {logging_mixin.py:190} INFO - [2026-01-17T06:16:19.468+0000] {dagbag.py:588} INFO - Filling up the DagBag from /opt/airflow/dags/dynamic_user_processing.py
[2026-01-17T06:16:19.969+0000] {processor.py:925} INFO - DAG(s) 'dynamic_user_processing' retrieved from /opt/airflow/dags/dynamic_user_processing.py
[2026-01-17T06:16:20.014+0000] {logging_mixin.py:190} INFO - [2026-01-17T06:16:20.013+0000] {dag.py:3239} INFO - Sync 1 DAGs
[2026-01-17T06:16:20.048+0000] {logging_mixin.py:190} INFO - [2026-01-17T06:16:20.048+0000] {dag.py:4180} INFO - Setting next_dagrun for dynamic_user_processing to 2026-01-17 00:00:00+00:00, run_after=2026-01-18 00:00:00+00:00
[2026-01-17T06:16:20.072+0000] {processor.py:208} INFO - Processing /opt/airflow/dags/dynamic_user_processing.py took 0.619 seconds
[2026-01-17T06:16:50.663+0000] {processor.py:186} INFO - Started process (PID=10371) to work on /opt/airflow/dags/dynamic_user_processing.py
[2026-01-17T06:16:50.666+0000] {processor.py:914} INFO - Processing file /opt/airflow/dags/dynamic_user_processing.py for tasks to queue
[2026-01-17T06:16:50.669+0000] {logging_mixin.py:190} INFO - [2026-01-17T06:16:50.668+0000] {dagbag.py:588} INFO - Filling up the DagBag from /opt/airflow/dags/dynamic_user_processing.py
[2026-01-17T06:16:51.236+0000] {processor.py:925} INFO - DAG(s) 'dynamic_user_processing' retrieved from /opt/airflow/dags/dynamic_user_processing.py
[2026-01-17T06:16:51.282+0000] {logging_mixin.py:190} INFO - [2026-01-17T06:16:51.281+0000] {dag.py:3239} INFO - Sync 1 DAGs
[2026-01-17T06:16:51.329+0000] {logging_mixin.py:190} INFO - [2026-01-17T06:16:51.329+0000] {dag.py:4180} INFO - Setting next_dagrun for dynamic_user_processing to 2026-01-17 00:00:00+00:00, run_after=2026-01-18 00:00:00+00:00
[2026-01-17T06:16:51.366+0000] {processor.py:208} INFO - Processing /opt/airflow/dags/dynamic_user_processing.py took 0.732 seconds
[2026-01-17T06:17:21.565+0000] {processor.py:186} INFO - Started process (PID=10396) to work on /opt/airflow/dags/dynamic_user_processing.py
[2026-01-17T06:17:21.567+0000] {processor.py:914} INFO - Processing file /opt/airflow/dags/dynamic_user_processing.py for tasks to queue
[2026-01-17T06:17:21.569+0000] {logging_mixin.py:190} INFO - [2026-01-17T06:17:21.568+0000] {dagbag.py:588} INFO - Filling up the DagBag from /opt/airflow/dags/dynamic_user_processing.py
[2026-01-17T06:17:22.056+0000] {processor.py:925} INFO - DAG(s) 'dynamic_user_processing' retrieved from /opt/airflow/dags/dynamic_user_processing.py
[2026-01-17T06:17:22.096+0000] {logging_mixin.py:190} INFO - [2026-01-17T06:17:22.095+0000] {dag.py:3239} INFO - Sync 1 DAGs
[2026-01-17T06:17:22.134+0000] {logging_mixin.py:190} INFO - [2026-01-17T06:17:22.134+0000] {dag.py:4180} INFO - Setting next_dagrun for dynamic_user_processing to 2026-01-17 00:00:00+00:00, run_after=2026-01-18 00:00:00+00:00
[2026-01-17T06:17:22.173+0000] {processor.py:208} INFO - Processing /opt/airflow/dags/dynamic_user_processing.py took 0.621 seconds
[2026-01-17T06:17:52.756+0000] {processor.py:186} INFO - Started process (PID=10421) to work on /opt/airflow/dags/dynamic_user_processing.py
[2026-01-17T06:17:52.758+0000] {processor.py:914} INFO - Processing file /opt/airflow/dags/dynamic_user_processing.py for tasks to queue
[2026-01-17T06:17:52.761+0000] {logging_mixin.py:190} INFO - [2026-01-17T06:17:52.760+0000] {dagbag.py:588} INFO - Filling up the DagBag from /opt/airflow/dags/dynamic_user_processing.py
[2026-01-17T06:17:53.268+0000] {processor.py:925} INFO - DAG(s) 'dynamic_user_processing' retrieved from /opt/airflow/dags/dynamic_user_processing.py
[2026-01-17T06:17:53.328+0000] {logging_mixin.py:190} INFO - [2026-01-17T06:17:53.326+0000] {dag.py:3239} INFO - Sync 1 DAGs
[2026-01-17T06:17:53.377+0000] {logging_mixin.py:190} INFO - [2026-01-17T06:17:53.377+0000] {dag.py:4180} INFO - Setting next_dagrun for dynamic_user_processing to 2026-01-17 00:00:00+00:00, run_after=2026-01-18 00:00:00+00:00
[2026-01-17T06:17:53.408+0000] {processor.py:208} INFO - Processing /opt/airflow/dags/dynamic_user_processing.py took 0.661 seconds
[2026-01-17T06:18:24.016+0000] {processor.py:186} INFO - Started process (PID=10445) to work on /opt/airflow/dags/dynamic_user_processing.py
[2026-01-17T06:18:24.020+0000] {processor.py:914} INFO - Processing file /opt/airflow/dags/dynamic_user_processing.py for tasks to queue
[2026-01-17T06:18:24.025+0000] {logging_mixin.py:190} INFO - [2026-01-17T06:18:24.023+0000] {dagbag.py:588} INFO - Filling up the DagBag from /opt/airflow/dags/dynamic_user_processing.py
[2026-01-17T06:18:24.494+0000] {processor.py:925} INFO - DAG(s) 'dynamic_user_processing' retrieved from /opt/airflow/dags/dynamic_user_processing.py
[2026-01-17T06:18:24.536+0000] {logging_mixin.py:190} INFO - [2026-01-17T06:18:24.535+0000] {dag.py:3239} INFO - Sync 1 DAGs
[2026-01-17T06:18:24.576+0000] {logging_mixin.py:190} INFO - [2026-01-17T06:18:24.575+0000] {dag.py:4180} INFO - Setting next_dagrun for dynamic_user_processing to 2026-01-17 00:00:00+00:00, run_after=2026-01-18 00:00:00+00:00
[2026-01-17T06:18:24.614+0000] {processor.py:208} INFO - Processing /opt/airflow/dags/dynamic_user_processing.py took 0.624 seconds
[2026-01-17T06:18:55.085+0000] {processor.py:186} INFO - Started process (PID=10468) to work on /opt/airflow/dags/dynamic_user_processing.py
[2026-01-17T06:18:55.088+0000] {processor.py:914} INFO - Processing file /opt/airflow/dags/dynamic_user_processing.py for tasks to queue
[2026-01-17T06:18:55.091+0000] {logging_mixin.py:190} INFO - [2026-01-17T06:18:55.090+0000] {dagbag.py:588} INFO - Filling up the DagBag from /opt/airflow/dags/dynamic_user_processing.py
[2026-01-17T06:18:55.622+0000] {processor.py:925} INFO - DAG(s) 'dynamic_user_processing' retrieved from /opt/airflow/dags/dynamic_user_processing.py
[2026-01-17T06:18:55.669+0000] {logging_mixin.py:190} INFO - [2026-01-17T06:18:55.668+0000] {dag.py:3239} INFO - Sync 1 DAGs
[2026-01-17T06:18:55.711+0000] {logging_mixin.py:190} INFO - [2026-01-17T06:18:55.711+0000] {dag.py:4180} INFO - Setting next_dagrun for dynamic_user_processing to 2026-01-17 00:00:00+00:00, run_after=2026-01-18 00:00:00+00:00
[2026-01-17T06:18:55.754+0000] {processor.py:208} INFO - Processing /opt/airflow/dags/dynamic_user_processing.py took 0.681 seconds
[2026-01-17T06:19:26.298+0000] {processor.py:186} INFO - Started process (PID=10498) to work on /opt/airflow/dags/dynamic_user_processing.py
[2026-01-17T06:19:26.301+0000] {processor.py:914} INFO - Processing file /opt/airflow/dags/dynamic_user_processing.py for tasks to queue
[2026-01-17T06:19:26.304+0000] {logging_mixin.py:190} INFO - [2026-01-17T06:19:26.303+0000] {dagbag.py:588} INFO - Filling up the DagBag from /opt/airflow/dags/dynamic_user_processing.py
[2026-01-17T06:19:26.800+0000] {processor.py:925} INFO - DAG(s) 'dynamic_user_processing' retrieved from /opt/airflow/dags/dynamic_user_processing.py
[2026-01-17T06:19:26.849+0000] {logging_mixin.py:190} INFO - [2026-01-17T06:19:26.848+0000] {dag.py:3239} INFO - Sync 1 DAGs
[2026-01-17T06:19:26.901+0000] {logging_mixin.py:190} INFO - [2026-01-17T06:19:26.900+0000] {dag.py:4180} INFO - Setting next_dagrun for dynamic_user_processing to 2026-01-17 00:00:00+00:00, run_after=2026-01-18 00:00:00+00:00
[2026-01-17T06:19:26.925+0000] {processor.py:208} INFO - Processing /opt/airflow/dags/dynamic_user_processing.py took 0.649 seconds
[2026-01-17T06:19:57.045+0000] {processor.py:186} INFO - Started process (PID=10522) to work on /opt/airflow/dags/dynamic_user_processing.py
[2026-01-17T06:19:57.047+0000] {processor.py:914} INFO - Processing file /opt/airflow/dags/dynamic_user_processing.py for tasks to queue
[2026-01-17T06:19:57.049+0000] {logging_mixin.py:190} INFO - [2026-01-17T06:19:57.048+0000] {dagbag.py:588} INFO - Filling up the DagBag from /opt/airflow/dags/dynamic_user_processing.py
[2026-01-17T06:19:57.491+0000] {processor.py:925} INFO - DAG(s) 'dynamic_user_processing' retrieved from /opt/airflow/dags/dynamic_user_processing.py
[2026-01-17T06:19:57.531+0000] {logging_mixin.py:190} INFO - [2026-01-17T06:19:57.530+0000] {dag.py:3239} INFO - Sync 1 DAGs
[2026-01-17T06:19:57.562+0000] {logging_mixin.py:190} INFO - [2026-01-17T06:19:57.562+0000] {dag.py:4180} INFO - Setting next_dagrun for dynamic_user_processing to 2026-01-17 00:00:00+00:00, run_after=2026-01-18 00:00:00+00:00
[2026-01-17T06:19:57.601+0000] {processor.py:208} INFO - Processing /opt/airflow/dags/dynamic_user_processing.py took 0.568 seconds
[2026-01-17T06:20:27.874+0000] {processor.py:186} INFO - Started process (PID=10546) to work on /opt/airflow/dags/dynamic_user_processing.py
[2026-01-17T06:20:27.876+0000] {processor.py:914} INFO - Processing file /opt/airflow/dags/dynamic_user_processing.py for tasks to queue
[2026-01-17T06:20:27.878+0000] {logging_mixin.py:190} INFO - [2026-01-17T06:20:27.878+0000] {dagbag.py:588} INFO - Filling up the DagBag from /opt/airflow/dags/dynamic_user_processing.py
[2026-01-17T06:20:28.430+0000] {processor.py:925} INFO - DAG(s) 'dynamic_user_processing' retrieved from /opt/airflow/dags/dynamic_user_processing.py
[2026-01-17T06:20:28.479+0000] {logging_mixin.py:190} INFO - [2026-01-17T06:20:28.477+0000] {dag.py:3239} INFO - Sync 1 DAGs
[2026-01-17T06:20:28.519+0000] {logging_mixin.py:190} INFO - [2026-01-17T06:20:28.518+0000] {dag.py:4180} INFO - Setting next_dagrun for dynamic_user_processing to 2026-01-17 00:00:00+00:00, run_after=2026-01-18 00:00:00+00:00
[2026-01-17T06:20:28.559+0000] {processor.py:208} INFO - Processing /opt/airflow/dags/dynamic_user_processing.py took 0.700 seconds
[2026-01-17T06:20:58.770+0000] {processor.py:186} INFO - Started process (PID=10570) to work on /opt/airflow/dags/dynamic_user_processing.py
[2026-01-17T06:20:58.771+0000] {processor.py:914} INFO - Processing file /opt/airflow/dags/dynamic_user_processing.py for tasks to queue
[2026-01-17T06:20:58.773+0000] {logging_mixin.py:190} INFO - [2026-01-17T06:20:58.773+0000] {dagbag.py:588} INFO - Filling up the DagBag from /opt/airflow/dags/dynamic_user_processing.py
[2026-01-17T06:20:59.274+0000] {processor.py:925} INFO - DAG(s) 'dynamic_user_processing' retrieved from /opt/airflow/dags/dynamic_user_processing.py
[2026-01-17T06:20:59.313+0000] {logging_mixin.py:190} INFO - [2026-01-17T06:20:59.312+0000] {dag.py:3239} INFO - Sync 1 DAGs
[2026-01-17T06:20:59.350+0000] {logging_mixin.py:190} INFO - [2026-01-17T06:20:59.350+0000] {dag.py:4180} INFO - Setting next_dagrun for dynamic_user_processing to 2026-01-17 00:00:00+00:00, run_after=2026-01-18 00:00:00+00:00
[2026-01-17T06:20:59.375+0000] {processor.py:208} INFO - Processing /opt/airflow/dags/dynamic_user_processing.py took 0.616 seconds
[2026-01-17T06:21:29.533+0000] {processor.py:186} INFO - Started process (PID=10595) to work on /opt/airflow/dags/dynamic_user_processing.py
[2026-01-17T06:21:29.535+0000] {processor.py:914} INFO - Processing file /opt/airflow/dags/dynamic_user_processing.py for tasks to queue
[2026-01-17T06:21:29.537+0000] {logging_mixin.py:190} INFO - [2026-01-17T06:21:29.536+0000] {dagbag.py:588} INFO - Filling up the DagBag from /opt/airflow/dags/dynamic_user_processing.py
[2026-01-17T06:21:30.003+0000] {processor.py:925} INFO - DAG(s) 'dynamic_user_processing' retrieved from /opt/airflow/dags/dynamic_user_processing.py
[2026-01-17T06:21:30.041+0000] {logging_mixin.py:190} INFO - [2026-01-17T06:21:30.040+0000] {dag.py:3239} INFO - Sync 1 DAGs
[2026-01-17T06:21:30.072+0000] {logging_mixin.py:190} INFO - [2026-01-17T06:21:30.072+0000] {dag.py:4180} INFO - Setting next_dagrun for dynamic_user_processing to 2026-01-17 00:00:00+00:00, run_after=2026-01-18 00:00:00+00:00
[2026-01-17T06:21:30.096+0000] {processor.py:208} INFO - Processing /opt/airflow/dags/dynamic_user_processing.py took 0.587 seconds
[2026-01-17T06:22:00.238+0000] {processor.py:186} INFO - Started process (PID=10619) to work on /opt/airflow/dags/dynamic_user_processing.py
[2026-01-17T06:22:00.239+0000] {processor.py:914} INFO - Processing file /opt/airflow/dags/dynamic_user_processing.py for tasks to queue
[2026-01-17T06:22:00.242+0000] {logging_mixin.py:190} INFO - [2026-01-17T06:22:00.241+0000] {dagbag.py:588} INFO - Filling up the DagBag from /opt/airflow/dags/dynamic_user_processing.py
[2026-01-17T06:22:00.704+0000] {processor.py:925} INFO - DAG(s) 'dynamic_user_processing' retrieved from /opt/airflow/dags/dynamic_user_processing.py
[2026-01-17T06:22:00.741+0000] {logging_mixin.py:190} INFO - [2026-01-17T06:22:00.740+0000] {dag.py:3239} INFO - Sync 1 DAGs
[2026-01-17T06:22:00.775+0000] {logging_mixin.py:190} INFO - [2026-01-17T06:22:00.775+0000] {dag.py:4180} INFO - Setting next_dagrun for dynamic_user_processing to 2026-01-17 00:00:00+00:00, run_after=2026-01-18 00:00:00+00:00
[2026-01-17T06:22:00.804+0000] {processor.py:208} INFO - Processing /opt/airflow/dags/dynamic_user_processing.py took 0.576 seconds
[2026-01-17T06:22:31.171+0000] {processor.py:186} INFO - Started process (PID=10643) to work on /opt/airflow/dags/dynamic_user_processing.py
[2026-01-17T06:22:31.174+0000] {processor.py:914} INFO - Processing file /opt/airflow/dags/dynamic_user_processing.py for tasks to queue
[2026-01-17T06:22:31.177+0000] {logging_mixin.py:190} INFO - [2026-01-17T06:22:31.176+0000] {dagbag.py:588} INFO - Filling up the DagBag from /opt/airflow/dags/dynamic_user_processing.py
[2026-01-17T06:22:31.774+0000] {processor.py:925} INFO - DAG(s) 'dynamic_user_processing' retrieved from /opt/airflow/dags/dynamic_user_processing.py
[2026-01-17T06:22:31.821+0000] {logging_mixin.py:190} INFO - [2026-01-17T06:22:31.820+0000] {dag.py:3239} INFO - Sync 1 DAGs
[2026-01-17T06:22:31.857+0000] {logging_mixin.py:190} INFO - [2026-01-17T06:22:31.857+0000] {dag.py:4180} INFO - Setting next_dagrun for dynamic_user_processing to 2026-01-17 00:00:00+00:00, run_after=2026-01-18 00:00:00+00:00
[2026-01-17T06:22:31.880+0000] {processor.py:208} INFO - Processing /opt/airflow/dags/dynamic_user_processing.py took 0.735 seconds
[2026-01-17T06:23:02.234+0000] {processor.py:186} INFO - Started process (PID=10667) to work on /opt/airflow/dags/dynamic_user_processing.py
[2026-01-17T06:23:02.235+0000] {processor.py:914} INFO - Processing file /opt/airflow/dags/dynamic_user_processing.py for tasks to queue
[2026-01-17T06:23:02.237+0000] {logging_mixin.py:190} INFO - [2026-01-17T06:23:02.237+0000] {dagbag.py:588} INFO - Filling up the DagBag from /opt/airflow/dags/dynamic_user_processing.py
[2026-01-17T06:23:02.736+0000] {processor.py:925} INFO - DAG(s) 'dynamic_user_processing' retrieved from /opt/airflow/dags/dynamic_user_processing.py
[2026-01-17T06:23:02.777+0000] {logging_mixin.py:190} INFO - [2026-01-17T06:23:02.776+0000] {dag.py:3239} INFO - Sync 1 DAGs
[2026-01-17T06:23:02.810+0000] {logging_mixin.py:190} INFO - [2026-01-17T06:23:02.810+0000] {dag.py:4180} INFO - Setting next_dagrun for dynamic_user_processing to 2026-01-17 00:00:00+00:00, run_after=2026-01-18 00:00:00+00:00
[2026-01-17T06:23:02.844+0000] {processor.py:208} INFO - Processing /opt/airflow/dags/dynamic_user_processing.py took 0.626 seconds
[2026-01-17T06:23:33.474+0000] {processor.py:186} INFO - Started process (PID=10691) to work on /opt/airflow/dags/dynamic_user_processing.py
[2026-01-17T06:23:33.475+0000] {processor.py:914} INFO - Processing file /opt/airflow/dags/dynamic_user_processing.py for tasks to queue
[2026-01-17T06:23:33.477+0000] {logging_mixin.py:190} INFO - [2026-01-17T06:23:33.477+0000] {dagbag.py:588} INFO - Filling up the DagBag from /opt/airflow/dags/dynamic_user_processing.py
[2026-01-17T06:23:33.894+0000] {processor.py:925} INFO - DAG(s) 'dynamic_user_processing' retrieved from /opt/airflow/dags/dynamic_user_processing.py
[2026-01-17T06:23:33.943+0000] {logging_mixin.py:190} INFO - [2026-01-17T06:23:33.942+0000] {dag.py:3239} INFO - Sync 1 DAGs
[2026-01-17T06:23:33.981+0000] {logging_mixin.py:190} INFO - [2026-01-17T06:23:33.981+0000] {dag.py:4180} INFO - Setting next_dagrun for dynamic_user_processing to 2026-01-17 00:00:00+00:00, run_after=2026-01-18 00:00:00+00:00
[2026-01-17T06:23:34.012+0000] {processor.py:208} INFO - Processing /opt/airflow/dags/dynamic_user_processing.py took 0.550 seconds
[2026-01-17T06:24:04.098+0000] {processor.py:186} INFO - Started process (PID=10715) to work on /opt/airflow/dags/dynamic_user_processing.py
[2026-01-17T06:24:04.100+0000] {processor.py:914} INFO - Processing file /opt/airflow/dags/dynamic_user_processing.py for tasks to queue
[2026-01-17T06:24:04.103+0000] {logging_mixin.py:190} INFO - [2026-01-17T06:24:04.102+0000] {dagbag.py:588} INFO - Filling up the DagBag from /opt/airflow/dags/dynamic_user_processing.py
[2026-01-17T06:24:04.562+0000] {processor.py:925} INFO - DAG(s) 'dynamic_user_processing' retrieved from /opt/airflow/dags/dynamic_user_processing.py
[2026-01-17T06:24:04.597+0000] {logging_mixin.py:190} INFO - [2026-01-17T06:24:04.596+0000] {dag.py:3239} INFO - Sync 1 DAGs
[2026-01-17T06:24:04.631+0000] {logging_mixin.py:190} INFO - [2026-01-17T06:24:04.631+0000] {dag.py:4180} INFO - Setting next_dagrun for dynamic_user_processing to 2026-01-17 00:00:00+00:00, run_after=2026-01-18 00:00:00+00:00
[2026-01-17T06:24:04.731+0000] {processor.py:208} INFO - Processing /opt/airflow/dags/dynamic_user_processing.py took 0.648 seconds
[2026-01-17T06:24:34.818+0000] {processor.py:186} INFO - Started process (PID=10739) to work on /opt/airflow/dags/dynamic_user_processing.py
[2026-01-17T06:24:34.820+0000] {processor.py:914} INFO - Processing file /opt/airflow/dags/dynamic_user_processing.py for tasks to queue
[2026-01-17T06:24:34.823+0000] {logging_mixin.py:190} INFO - [2026-01-17T06:24:34.822+0000] {dagbag.py:588} INFO - Filling up the DagBag from /opt/airflow/dags/dynamic_user_processing.py
[2026-01-17T06:24:35.506+0000] {processor.py:925} INFO - DAG(s) 'dynamic_user_processing' retrieved from /opt/airflow/dags/dynamic_user_processing.py
[2026-01-17T06:24:35.595+0000] {logging_mixin.py:190} INFO - [2026-01-17T06:24:35.593+0000] {dag.py:3239} INFO - Sync 1 DAGs
[2026-01-17T06:24:35.667+0000] {logging_mixin.py:190} INFO - [2026-01-17T06:24:35.667+0000] {dag.py:4180} INFO - Setting next_dagrun for dynamic_user_processing to 2026-01-17 00:00:00+00:00, run_after=2026-01-18 00:00:00+00:00
[2026-01-17T06:24:35.706+0000] {processor.py:208} INFO - Processing /opt/airflow/dags/dynamic_user_processing.py took 0.902 seconds
[2026-01-17T06:25:06.078+0000] {processor.py:186} INFO - Started process (PID=10763) to work on /opt/airflow/dags/dynamic_user_processing.py
[2026-01-17T06:25:06.080+0000] {processor.py:914} INFO - Processing file /opt/airflow/dags/dynamic_user_processing.py for tasks to queue
[2026-01-17T06:25:06.083+0000] {logging_mixin.py:190} INFO - [2026-01-17T06:25:06.082+0000] {dagbag.py:588} INFO - Filling up the DagBag from /opt/airflow/dags/dynamic_user_processing.py
[2026-01-17T06:25:06.475+0000] {processor.py:925} INFO - DAG(s) 'dynamic_user_processing' retrieved from /opt/airflow/dags/dynamic_user_processing.py
[2026-01-17T06:25:06.530+0000] {logging_mixin.py:190} INFO - [2026-01-17T06:25:06.528+0000] {dag.py:3239} INFO - Sync 1 DAGs
[2026-01-17T06:25:06.568+0000] {logging_mixin.py:190} INFO - [2026-01-17T06:25:06.567+0000] {dag.py:4180} INFO - Setting next_dagrun for dynamic_user_processing to 2026-01-17 00:00:00+00:00, run_after=2026-01-18 00:00:00+00:00
[2026-01-17T06:25:06.589+0000] {processor.py:208} INFO - Processing /opt/airflow/dags/dynamic_user_processing.py took 0.526 seconds
[2026-01-17T06:25:36.808+0000] {processor.py:186} INFO - Started process (PID=10788) to work on /opt/airflow/dags/dynamic_user_processing.py
[2026-01-17T06:25:36.809+0000] {processor.py:914} INFO - Processing file /opt/airflow/dags/dynamic_user_processing.py for tasks to queue
[2026-01-17T06:25:36.811+0000] {logging_mixin.py:190} INFO - [2026-01-17T06:25:36.811+0000] {dagbag.py:588} INFO - Filling up the DagBag from /opt/airflow/dags/dynamic_user_processing.py
[2026-01-17T06:25:37.224+0000] {processor.py:925} INFO - DAG(s) 'dynamic_user_processing' retrieved from /opt/airflow/dags/dynamic_user_processing.py
[2026-01-17T06:25:37.255+0000] {logging_mixin.py:190} INFO - [2026-01-17T06:25:37.255+0000] {dag.py:3239} INFO - Sync 1 DAGs
[2026-01-17T06:25:37.288+0000] {logging_mixin.py:190} INFO - [2026-01-17T06:25:37.288+0000] {dag.py:4180} INFO - Setting next_dagrun for dynamic_user_processing to 2026-01-17 00:00:00+00:00, run_after=2026-01-18 00:00:00+00:00
[2026-01-17T06:25:37.315+0000] {processor.py:208} INFO - Processing /opt/airflow/dags/dynamic_user_processing.py took 0.519 seconds
[2026-01-17T06:26:07.747+0000] {processor.py:186} INFO - Started process (PID=10812) to work on /opt/airflow/dags/dynamic_user_processing.py
[2026-01-17T06:26:07.749+0000] {processor.py:914} INFO - Processing file /opt/airflow/dags/dynamic_user_processing.py for tasks to queue
[2026-01-17T06:26:07.751+0000] {logging_mixin.py:190} INFO - [2026-01-17T06:26:07.750+0000] {dagbag.py:588} INFO - Filling up the DagBag from /opt/airflow/dags/dynamic_user_processing.py
[2026-01-17T06:26:08.223+0000] {processor.py:925} INFO - DAG(s) 'dynamic_user_processing' retrieved from /opt/airflow/dags/dynamic_user_processing.py
[2026-01-17T06:26:08.257+0000] {logging_mixin.py:190} INFO - [2026-01-17T06:26:08.257+0000] {dag.py:3239} INFO - Sync 1 DAGs
[2026-01-17T06:26:08.292+0000] {logging_mixin.py:190} INFO - [2026-01-17T06:26:08.292+0000] {dag.py:4180} INFO - Setting next_dagrun for dynamic_user_processing to 2026-01-17 00:00:00+00:00, run_after=2026-01-18 00:00:00+00:00
[2026-01-17T06:26:08.320+0000] {processor.py:208} INFO - Processing /opt/airflow/dags/dynamic_user_processing.py took 0.583 seconds
[2026-01-17T06:26:38.507+0000] {processor.py:186} INFO - Started process (PID=10836) to work on /opt/airflow/dags/dynamic_user_processing.py
[2026-01-17T06:26:38.509+0000] {processor.py:914} INFO - Processing file /opt/airflow/dags/dynamic_user_processing.py for tasks to queue
[2026-01-17T06:26:38.511+0000] {logging_mixin.py:190} INFO - [2026-01-17T06:26:38.510+0000] {dagbag.py:588} INFO - Filling up the DagBag from /opt/airflow/dags/dynamic_user_processing.py
[2026-01-17T06:26:38.931+0000] {processor.py:925} INFO - DAG(s) 'dynamic_user_processing' retrieved from /opt/airflow/dags/dynamic_user_processing.py
[2026-01-17T06:26:38.970+0000] {logging_mixin.py:190} INFO - [2026-01-17T06:26:38.969+0000] {dag.py:3239} INFO - Sync 1 DAGs
[2026-01-17T06:26:39.000+0000] {logging_mixin.py:190} INFO - [2026-01-17T06:26:39.000+0000] {dag.py:4180} INFO - Setting next_dagrun for dynamic_user_processing to 2026-01-17 00:00:00+00:00, run_after=2026-01-18 00:00:00+00:00
[2026-01-17T06:26:39.043+0000] {processor.py:208} INFO - Processing /opt/airflow/dags/dynamic_user_processing.py took 0.549 seconds
[2026-01-17T06:27:09.347+0000] {processor.py:186} INFO - Started process (PID=10860) to work on /opt/airflow/dags/dynamic_user_processing.py
[2026-01-17T06:27:09.349+0000] {processor.py:914} INFO - Processing file /opt/airflow/dags/dynamic_user_processing.py for tasks to queue
[2026-01-17T06:27:09.351+0000] {logging_mixin.py:190} INFO - [2026-01-17T06:27:09.351+0000] {dagbag.py:588} INFO - Filling up the DagBag from /opt/airflow/dags/dynamic_user_processing.py
[2026-01-17T06:27:09.777+0000] {processor.py:925} INFO - DAG(s) 'dynamic_user_processing' retrieved from /opt/airflow/dags/dynamic_user_processing.py
[2026-01-17T06:27:09.813+0000] {logging_mixin.py:190} INFO - [2026-01-17T06:27:09.812+0000] {dag.py:3239} INFO - Sync 1 DAGs
[2026-01-17T06:27:09.845+0000] {logging_mixin.py:190} INFO - [2026-01-17T06:27:09.844+0000] {dag.py:4180} INFO - Setting next_dagrun for dynamic_user_processing to 2026-01-17 00:00:00+00:00, run_after=2026-01-18 00:00:00+00:00
[2026-01-17T06:27:09.867+0000] {processor.py:208} INFO - Processing /opt/airflow/dags/dynamic_user_processing.py took 0.528 seconds
[2026-01-17T06:27:39.994+0000] {processor.py:186} INFO - Started process (PID=10884) to work on /opt/airflow/dags/dynamic_user_processing.py
[2026-01-17T06:27:39.996+0000] {processor.py:914} INFO - Processing file /opt/airflow/dags/dynamic_user_processing.py for tasks to queue
[2026-01-17T06:27:39.998+0000] {logging_mixin.py:190} INFO - [2026-01-17T06:27:39.997+0000] {dagbag.py:588} INFO - Filling up the DagBag from /opt/airflow/dags/dynamic_user_processing.py
[2026-01-17T06:27:40.425+0000] {processor.py:925} INFO - DAG(s) 'dynamic_user_processing' retrieved from /opt/airflow/dags/dynamic_user_processing.py
[2026-01-17T06:27:40.461+0000] {logging_mixin.py:190} INFO - [2026-01-17T06:27:40.461+0000] {dag.py:3239} INFO - Sync 1 DAGs
[2026-01-17T06:27:40.495+0000] {logging_mixin.py:190} INFO - [2026-01-17T06:27:40.495+0000] {dag.py:4180} INFO - Setting next_dagrun for dynamic_user_processing to 2026-01-17 00:00:00+00:00, run_after=2026-01-18 00:00:00+00:00
[2026-01-17T06:27:40.518+0000] {processor.py:208} INFO - Processing /opt/airflow/dags/dynamic_user_processing.py took 0.535 seconds
[2026-01-17T06:28:10.634+0000] {processor.py:186} INFO - Started process (PID=10908) to work on /opt/airflow/dags/dynamic_user_processing.py
[2026-01-17T06:28:10.636+0000] {processor.py:914} INFO - Processing file /opt/airflow/dags/dynamic_user_processing.py for tasks to queue
[2026-01-17T06:28:10.638+0000] {logging_mixin.py:190} INFO - [2026-01-17T06:28:10.637+0000] {dagbag.py:588} INFO - Filling up the DagBag from /opt/airflow/dags/dynamic_user_processing.py
[2026-01-17T06:28:11.046+0000] {processor.py:925} INFO - DAG(s) 'dynamic_user_processing' retrieved from /opt/airflow/dags/dynamic_user_processing.py
[2026-01-17T06:28:11.079+0000] {logging_mixin.py:190} INFO - [2026-01-17T06:28:11.078+0000] {dag.py:3239} INFO - Sync 1 DAGs
[2026-01-17T06:28:11.107+0000] {logging_mixin.py:190} INFO - [2026-01-17T06:28:11.106+0000] {dag.py:4180} INFO - Setting next_dagrun for dynamic_user_processing to 2026-01-17 00:00:00+00:00, run_after=2026-01-18 00:00:00+00:00
[2026-01-17T06:28:11.136+0000] {processor.py:208} INFO - Processing /opt/airflow/dags/dynamic_user_processing.py took 0.513 seconds
[2026-01-17T06:28:41.668+0000] {processor.py:186} INFO - Started process (PID=10932) to work on /opt/airflow/dags/dynamic_user_processing.py
[2026-01-17T06:28:41.670+0000] {processor.py:914} INFO - Processing file /opt/airflow/dags/dynamic_user_processing.py for tasks to queue
[2026-01-17T06:28:41.673+0000] {logging_mixin.py:190} INFO - [2026-01-17T06:28:41.673+0000] {dagbag.py:588} INFO - Filling up the DagBag from /opt/airflow/dags/dynamic_user_processing.py
[2026-01-17T06:28:42.614+0000] {processor.py:925} INFO - DAG(s) 'dynamic_user_processing' retrieved from /opt/airflow/dags/dynamic_user_processing.py
[2026-01-17T06:28:42.704+0000] {logging_mixin.py:190} INFO - [2026-01-17T06:28:42.702+0000] {dag.py:3239} INFO - Sync 1 DAGs
[2026-01-17T06:28:42.796+0000] {logging_mixin.py:190} INFO - [2026-01-17T06:28:42.795+0000] {dag.py:4180} INFO - Setting next_dagrun for dynamic_user_processing to 2026-01-17 00:00:00+00:00, run_after=2026-01-18 00:00:00+00:00
[2026-01-17T06:28:42.859+0000] {processor.py:208} INFO - Processing /opt/airflow/dags/dynamic_user_processing.py took 1.208 seconds
[2026-01-17T06:29:13.252+0000] {processor.py:186} INFO - Started process (PID=10956) to work on /opt/airflow/dags/dynamic_user_processing.py
[2026-01-17T06:29:13.256+0000] {processor.py:914} INFO - Processing file /opt/airflow/dags/dynamic_user_processing.py for tasks to queue
[2026-01-17T06:29:13.261+0000] {logging_mixin.py:190} INFO - [2026-01-17T06:29:13.260+0000] {dagbag.py:588} INFO - Filling up the DagBag from /opt/airflow/dags/dynamic_user_processing.py
[2026-01-17T06:29:14.259+0000] {processor.py:925} INFO - DAG(s) 'dynamic_user_processing' retrieved from /opt/airflow/dags/dynamic_user_processing.py
[2026-01-17T06:29:14.402+0000] {logging_mixin.py:190} INFO - [2026-01-17T06:29:14.401+0000] {dag.py:3239} INFO - Sync 1 DAGs
[2026-01-17T06:29:14.476+0000] {logging_mixin.py:190} INFO - [2026-01-17T06:29:14.476+0000] {dag.py:4180} INFO - Setting next_dagrun for dynamic_user_processing to 2026-01-17 00:00:00+00:00, run_after=2026-01-18 00:00:00+00:00
[2026-01-17T06:29:14.526+0000] {processor.py:208} INFO - Processing /opt/airflow/dags/dynamic_user_processing.py took 1.301 seconds
[2026-01-17T06:29:45.106+0000] {processor.py:186} INFO - Started process (PID=10980) to work on /opt/airflow/dags/dynamic_user_processing.py
[2026-01-17T06:29:45.108+0000] {processor.py:914} INFO - Processing file /opt/airflow/dags/dynamic_user_processing.py for tasks to queue
[2026-01-17T06:29:45.110+0000] {logging_mixin.py:190} INFO - [2026-01-17T06:29:45.110+0000] {dagbag.py:588} INFO - Filling up the DagBag from /opt/airflow/dags/dynamic_user_processing.py
[2026-01-17T06:29:45.851+0000] {processor.py:925} INFO - DAG(s) 'dynamic_user_processing' retrieved from /opt/airflow/dags/dynamic_user_processing.py
[2026-01-17T06:29:45.920+0000] {logging_mixin.py:190} INFO - [2026-01-17T06:29:45.918+0000] {dag.py:3239} INFO - Sync 1 DAGs
[2026-01-17T06:29:45.981+0000] {logging_mixin.py:190} INFO - [2026-01-17T06:29:45.980+0000] {dag.py:4180} INFO - Setting next_dagrun for dynamic_user_processing to 2026-01-17 00:00:00+00:00, run_after=2026-01-18 00:00:00+00:00
[2026-01-17T06:29:46.019+0000] {processor.py:208} INFO - Processing /opt/airflow/dags/dynamic_user_processing.py took 0.927 seconds
[2026-01-17T06:30:16.132+0000] {processor.py:186} INFO - Started process (PID=11004) to work on /opt/airflow/dags/dynamic_user_processing.py
[2026-01-17T06:30:16.135+0000] {processor.py:914} INFO - Processing file /opt/airflow/dags/dynamic_user_processing.py for tasks to queue
[2026-01-17T06:30:16.138+0000] {logging_mixin.py:190} INFO - [2026-01-17T06:30:16.137+0000] {dagbag.py:588} INFO - Filling up the DagBag from /opt/airflow/dags/dynamic_user_processing.py
[2026-01-17T06:30:16.888+0000] {processor.py:925} INFO - DAG(s) 'dynamic_user_processing' retrieved from /opt/airflow/dags/dynamic_user_processing.py
[2026-01-17T06:30:16.954+0000] {logging_mixin.py:190} INFO - [2026-01-17T06:30:16.953+0000] {dag.py:3239} INFO - Sync 1 DAGs
[2026-01-17T06:30:17.023+0000] {logging_mixin.py:190} INFO - [2026-01-17T06:30:17.022+0000] {dag.py:4180} INFO - Setting next_dagrun for dynamic_user_processing to 2026-01-17 00:00:00+00:00, run_after=2026-01-18 00:00:00+00:00
[2026-01-17T06:30:17.094+0000] {processor.py:208} INFO - Processing /opt/airflow/dags/dynamic_user_processing.py took 0.978 seconds
[2026-01-17T06:30:47.817+0000] {processor.py:186} INFO - Started process (PID=11029) to work on /opt/airflow/dags/dynamic_user_processing.py
[2026-01-17T06:30:47.819+0000] {processor.py:914} INFO - Processing file /opt/airflow/dags/dynamic_user_processing.py for tasks to queue
[2026-01-17T06:30:47.821+0000] {logging_mixin.py:190} INFO - [2026-01-17T06:30:47.820+0000] {dagbag.py:588} INFO - Filling up the DagBag from /opt/airflow/dags/dynamic_user_processing.py
[2026-01-17T06:30:48.414+0000] {processor.py:925} INFO - DAG(s) 'dynamic_user_processing' retrieved from /opt/airflow/dags/dynamic_user_processing.py
[2026-01-17T06:30:48.471+0000] {logging_mixin.py:190} INFO - [2026-01-17T06:30:48.469+0000] {dag.py:3239} INFO - Sync 1 DAGs
[2026-01-17T06:30:48.520+0000] {logging_mixin.py:190} INFO - [2026-01-17T06:30:48.520+0000] {dag.py:4180} INFO - Setting next_dagrun for dynamic_user_processing to 2026-01-17 00:00:00+00:00, run_after=2026-01-18 00:00:00+00:00
[2026-01-17T06:30:48.554+0000] {processor.py:208} INFO - Processing /opt/airflow/dags/dynamic_user_processing.py took 0.751 seconds
[2026-01-17T06:31:19.407+0000] {processor.py:186} INFO - Started process (PID=11053) to work on /opt/airflow/dags/dynamic_user_processing.py
[2026-01-17T06:31:19.409+0000] {processor.py:914} INFO - Processing file /opt/airflow/dags/dynamic_user_processing.py for tasks to queue
[2026-01-17T06:31:19.412+0000] {logging_mixin.py:190} INFO - [2026-01-17T06:31:19.411+0000] {dagbag.py:588} INFO - Filling up the DagBag from /opt/airflow/dags/dynamic_user_processing.py
[2026-01-17T06:31:20.100+0000] {processor.py:925} INFO - DAG(s) 'dynamic_user_processing' retrieved from /opt/airflow/dags/dynamic_user_processing.py
[2026-01-17T06:31:20.156+0000] {logging_mixin.py:190} INFO - [2026-01-17T06:31:20.154+0000] {dag.py:3239} INFO - Sync 1 DAGs
[2026-01-17T06:31:20.213+0000] {logging_mixin.py:190} INFO - [2026-01-17T06:31:20.212+0000] {dag.py:4180} INFO - Setting next_dagrun for dynamic_user_processing to 2026-01-17 00:00:00+00:00, run_after=2026-01-18 00:00:00+00:00
[2026-01-17T06:31:20.252+0000] {processor.py:208} INFO - Processing /opt/airflow/dags/dynamic_user_processing.py took 0.858 seconds
[2026-01-17T06:31:50.394+0000] {processor.py:186} INFO - Started process (PID=11077) to work on /opt/airflow/dags/dynamic_user_processing.py
[2026-01-17T06:31:50.396+0000] {processor.py:914} INFO - Processing file /opt/airflow/dags/dynamic_user_processing.py for tasks to queue
[2026-01-17T06:31:50.398+0000] {logging_mixin.py:190} INFO - [2026-01-17T06:31:50.398+0000] {dagbag.py:588} INFO - Filling up the DagBag from /opt/airflow/dags/dynamic_user_processing.py
[2026-01-17T06:31:51.018+0000] {processor.py:925} INFO - DAG(s) 'dynamic_user_processing' retrieved from /opt/airflow/dags/dynamic_user_processing.py
[2026-01-17T06:31:51.082+0000] {logging_mixin.py:190} INFO - [2026-01-17T06:31:51.081+0000] {dag.py:3239} INFO - Sync 1 DAGs
[2026-01-17T06:31:51.143+0000] {logging_mixin.py:190} INFO - [2026-01-17T06:31:51.142+0000] {dag.py:4180} INFO - Setting next_dagrun for dynamic_user_processing to 2026-01-17 00:00:00+00:00, run_after=2026-01-18 00:00:00+00:00
[2026-01-17T06:31:51.178+0000] {processor.py:208} INFO - Processing /opt/airflow/dags/dynamic_user_processing.py took 0.798 seconds
[2026-01-17T06:32:21.369+0000] {processor.py:186} INFO - Started process (PID=11101) to work on /opt/airflow/dags/dynamic_user_processing.py
[2026-01-17T06:32:21.371+0000] {processor.py:914} INFO - Processing file /opt/airflow/dags/dynamic_user_processing.py for tasks to queue
[2026-01-17T06:32:21.373+0000] {logging_mixin.py:190} INFO - [2026-01-17T06:32:21.372+0000] {dagbag.py:588} INFO - Filling up the DagBag from /opt/airflow/dags/dynamic_user_processing.py
[2026-01-17T06:32:22.005+0000] {processor.py:925} INFO - DAG(s) 'dynamic_user_processing' retrieved from /opt/airflow/dags/dynamic_user_processing.py
[2026-01-17T06:32:22.062+0000] {logging_mixin.py:190} INFO - [2026-01-17T06:32:22.061+0000] {dag.py:3239} INFO - Sync 1 DAGs
[2026-01-17T06:32:22.120+0000] {logging_mixin.py:190} INFO - [2026-01-17T06:32:22.120+0000] {dag.py:4180} INFO - Setting next_dagrun for dynamic_user_processing to 2026-01-17 00:00:00+00:00, run_after=2026-01-18 00:00:00+00:00
[2026-01-17T06:32:22.154+0000] {processor.py:208} INFO - Processing /opt/airflow/dags/dynamic_user_processing.py took 0.797 seconds
[2026-01-17T06:32:52.933+0000] {processor.py:186} INFO - Started process (PID=11125) to work on /opt/airflow/dags/dynamic_user_processing.py
[2026-01-17T06:32:52.936+0000] {processor.py:914} INFO - Processing file /opt/airflow/dags/dynamic_user_processing.py for tasks to queue
[2026-01-17T06:32:52.941+0000] {logging_mixin.py:190} INFO - [2026-01-17T06:32:52.940+0000] {dagbag.py:588} INFO - Filling up the DagBag from /opt/airflow/dags/dynamic_user_processing.py
[2026-01-17T06:32:53.784+0000] {processor.py:925} INFO - DAG(s) 'dynamic_user_processing' retrieved from /opt/airflow/dags/dynamic_user_processing.py
[2026-01-17T06:32:53.845+0000] {logging_mixin.py:190} INFO - [2026-01-17T06:32:53.844+0000] {dag.py:3239} INFO - Sync 1 DAGs
[2026-01-17T06:32:53.907+0000] {logging_mixin.py:190} INFO - [2026-01-17T06:32:53.906+0000] {dag.py:4180} INFO - Setting next_dagrun for dynamic_user_processing to 2026-01-17 00:00:00+00:00, run_after=2026-01-18 00:00:00+00:00
[2026-01-17T06:32:53.942+0000] {processor.py:208} INFO - Processing /opt/airflow/dags/dynamic_user_processing.py took 1.031 seconds
[2026-01-17T06:33:24.743+0000] {processor.py:186} INFO - Started process (PID=11149) to work on /opt/airflow/dags/dynamic_user_processing.py
[2026-01-17T06:33:24.745+0000] {processor.py:914} INFO - Processing file /opt/airflow/dags/dynamic_user_processing.py for tasks to queue
[2026-01-17T06:33:24.747+0000] {logging_mixin.py:190} INFO - [2026-01-17T06:33:24.747+0000] {dagbag.py:588} INFO - Filling up the DagBag from /opt/airflow/dags/dynamic_user_processing.py
[2026-01-17T06:33:25.557+0000] {processor.py:925} INFO - DAG(s) 'dynamic_user_processing' retrieved from /opt/airflow/dags/dynamic_user_processing.py
[2026-01-17T06:33:25.643+0000] {logging_mixin.py:190} INFO - [2026-01-17T06:33:25.642+0000] {dag.py:3239} INFO - Sync 1 DAGs
[2026-01-17T06:33:25.731+0000] {logging_mixin.py:190} INFO - [2026-01-17T06:33:25.730+0000] {dag.py:4180} INFO - Setting next_dagrun for dynamic_user_processing to 2026-01-17 00:00:00+00:00, run_after=2026-01-18 00:00:00+00:00
[2026-01-17T06:33:25.787+0000] {processor.py:208} INFO - Processing /opt/airflow/dags/dynamic_user_processing.py took 1.062 seconds
[2026-01-17T06:33:56.047+0000] {processor.py:186} INFO - Started process (PID=11173) to work on /opt/airflow/dags/dynamic_user_processing.py
[2026-01-17T06:33:56.049+0000] {processor.py:914} INFO - Processing file /opt/airflow/dags/dynamic_user_processing.py for tasks to queue
[2026-01-17T06:33:56.052+0000] {logging_mixin.py:190} INFO - [2026-01-17T06:33:56.051+0000] {dagbag.py:588} INFO - Filling up the DagBag from /opt/airflow/dags/dynamic_user_processing.py
[2026-01-17T06:33:56.881+0000] {processor.py:925} INFO - DAG(s) 'dynamic_user_processing' retrieved from /opt/airflow/dags/dynamic_user_processing.py
[2026-01-17T06:33:56.947+0000] {logging_mixin.py:190} INFO - [2026-01-17T06:33:56.945+0000] {dag.py:3239} INFO - Sync 1 DAGs
[2026-01-17T06:33:57.013+0000] {logging_mixin.py:190} INFO - [2026-01-17T06:33:57.013+0000] {dag.py:4180} INFO - Setting next_dagrun for dynamic_user_processing to 2026-01-17 00:00:00+00:00, run_after=2026-01-18 00:00:00+00:00
[2026-01-17T06:33:57.057+0000] {processor.py:208} INFO - Processing /opt/airflow/dags/dynamic_user_processing.py took 1.028 seconds
[2026-01-17T06:34:27.315+0000] {processor.py:186} INFO - Started process (PID=11197) to work on /opt/airflow/dags/dynamic_user_processing.py
[2026-01-17T06:34:27.317+0000] {processor.py:914} INFO - Processing file /opt/airflow/dags/dynamic_user_processing.py for tasks to queue
[2026-01-17T06:34:27.320+0000] {logging_mixin.py:190} INFO - [2026-01-17T06:34:27.319+0000] {dagbag.py:588} INFO - Filling up the DagBag from /opt/airflow/dags/dynamic_user_processing.py
[2026-01-17T06:34:27.895+0000] {processor.py:925} INFO - DAG(s) 'dynamic_user_processing' retrieved from /opt/airflow/dags/dynamic_user_processing.py
[2026-01-17T06:34:27.942+0000] {logging_mixin.py:190} INFO - [2026-01-17T06:34:27.940+0000] {dag.py:3239} INFO - Sync 1 DAGs
[2026-01-17T06:34:27.997+0000] {logging_mixin.py:190} INFO - [2026-01-17T06:34:27.997+0000] {dag.py:4180} INFO - Setting next_dagrun for dynamic_user_processing to 2026-01-17 00:00:00+00:00, run_after=2026-01-18 00:00:00+00:00
[2026-01-17T06:34:28.031+0000] {processor.py:208} INFO - Processing /opt/airflow/dags/dynamic_user_processing.py took 0.734 seconds
[2026-01-17T06:34:58.696+0000] {processor.py:186} INFO - Started process (PID=11221) to work on /opt/airflow/dags/dynamic_user_processing.py
[2026-01-17T06:34:58.698+0000] {processor.py:914} INFO - Processing file /opt/airflow/dags/dynamic_user_processing.py for tasks to queue
[2026-01-17T06:34:58.701+0000] {logging_mixin.py:190} INFO - [2026-01-17T06:34:58.700+0000] {dagbag.py:588} INFO - Filling up the DagBag from /opt/airflow/dags/dynamic_user_processing.py
[2026-01-17T06:34:59.343+0000] {processor.py:925} INFO - DAG(s) 'dynamic_user_processing' retrieved from /opt/airflow/dags/dynamic_user_processing.py
[2026-01-17T06:34:59.391+0000] {logging_mixin.py:190} INFO - [2026-01-17T06:34:59.390+0000] {dag.py:3239} INFO - Sync 1 DAGs
[2026-01-17T06:34:59.452+0000] {logging_mixin.py:190} INFO - [2026-01-17T06:34:59.451+0000] {dag.py:4180} INFO - Setting next_dagrun for dynamic_user_processing to 2026-01-17 00:00:00+00:00, run_after=2026-01-18 00:00:00+00:00
[2026-01-17T06:34:59.486+0000] {processor.py:208} INFO - Processing /opt/airflow/dags/dynamic_user_processing.py took 0.804 seconds
[2026-01-17T06:35:29.759+0000] {processor.py:186} INFO - Started process (PID=11251) to work on /opt/airflow/dags/dynamic_user_processing.py
[2026-01-17T06:35:29.761+0000] {processor.py:914} INFO - Processing file /opt/airflow/dags/dynamic_user_processing.py for tasks to queue
[2026-01-17T06:35:29.764+0000] {logging_mixin.py:190} INFO - [2026-01-17T06:35:29.764+0000] {dagbag.py:588} INFO - Filling up the DagBag from /opt/airflow/dags/dynamic_user_processing.py
[2026-01-17T06:35:30.497+0000] {processor.py:925} INFO - DAG(s) 'dynamic_user_processing' retrieved from /opt/airflow/dags/dynamic_user_processing.py
[2026-01-17T06:35:30.584+0000] {logging_mixin.py:190} INFO - [2026-01-17T06:35:30.583+0000] {dag.py:3239} INFO - Sync 1 DAGs
[2026-01-17T06:35:30.657+0000] {logging_mixin.py:190} INFO - [2026-01-17T06:35:30.656+0000] {dag.py:4180} INFO - Setting next_dagrun for dynamic_user_processing to 2026-01-17 00:00:00+00:00, run_after=2026-01-18 00:00:00+00:00
[2026-01-17T06:35:30.706+0000] {processor.py:208} INFO - Processing /opt/airflow/dags/dynamic_user_processing.py took 0.960 seconds
[2026-01-17T06:36:01.083+0000] {processor.py:186} INFO - Started process (PID=11276) to work on /opt/airflow/dags/dynamic_user_processing.py
[2026-01-17T06:36:01.085+0000] {processor.py:914} INFO - Processing file /opt/airflow/dags/dynamic_user_processing.py for tasks to queue
[2026-01-17T06:36:01.086+0000] {logging_mixin.py:190} INFO - [2026-01-17T06:36:01.086+0000] {dagbag.py:588} INFO - Filling up the DagBag from /opt/airflow/dags/dynamic_user_processing.py
[2026-01-17T06:36:01.641+0000] {processor.py:925} INFO - DAG(s) 'dynamic_user_processing' retrieved from /opt/airflow/dags/dynamic_user_processing.py
[2026-01-17T06:36:01.690+0000] {logging_mixin.py:190} INFO - [2026-01-17T06:36:01.689+0000] {dag.py:3239} INFO - Sync 1 DAGs
[2026-01-17T06:36:01.738+0000] {logging_mixin.py:190} INFO - [2026-01-17T06:36:01.738+0000] {dag.py:4180} INFO - Setting next_dagrun for dynamic_user_processing to 2026-01-17 00:00:00+00:00, run_after=2026-01-18 00:00:00+00:00
[2026-01-17T06:36:01.773+0000] {processor.py:208} INFO - Processing /opt/airflow/dags/dynamic_user_processing.py took 0.705 seconds
[2026-01-17T06:36:32.011+0000] {processor.py:186} INFO - Started process (PID=11300) to work on /opt/airflow/dags/dynamic_user_processing.py
[2026-01-17T06:36:32.013+0000] {processor.py:914} INFO - Processing file /opt/airflow/dags/dynamic_user_processing.py for tasks to queue
[2026-01-17T06:36:32.015+0000] {logging_mixin.py:190} INFO - [2026-01-17T06:36:32.015+0000] {dagbag.py:588} INFO - Filling up the DagBag from /opt/airflow/dags/dynamic_user_processing.py
[2026-01-17T06:36:32.596+0000] {processor.py:925} INFO - DAG(s) 'dynamic_user_processing' retrieved from /opt/airflow/dags/dynamic_user_processing.py
[2026-01-17T06:36:32.646+0000] {logging_mixin.py:190} INFO - [2026-01-17T06:36:32.645+0000] {dag.py:3239} INFO - Sync 1 DAGs
[2026-01-17T06:36:32.701+0000] {logging_mixin.py:190} INFO - [2026-01-17T06:36:32.700+0000] {dag.py:4180} INFO - Setting next_dagrun for dynamic_user_processing to 2026-01-17 00:00:00+00:00, run_after=2026-01-18 00:00:00+00:00
[2026-01-17T06:36:32.734+0000] {processor.py:208} INFO - Processing /opt/airflow/dags/dynamic_user_processing.py took 0.735 seconds
[2026-01-17T06:37:03.376+0000] {processor.py:186} INFO - Started process (PID=11324) to work on /opt/airflow/dags/dynamic_user_processing.py
[2026-01-17T06:37:03.379+0000] {processor.py:914} INFO - Processing file /opt/airflow/dags/dynamic_user_processing.py for tasks to queue
[2026-01-17T06:37:03.381+0000] {logging_mixin.py:190} INFO - [2026-01-17T06:37:03.381+0000] {dagbag.py:588} INFO - Filling up the DagBag from /opt/airflow/dags/dynamic_user_processing.py
[2026-01-17T06:37:04.078+0000] {processor.py:925} INFO - DAG(s) 'dynamic_user_processing' retrieved from /opt/airflow/dags/dynamic_user_processing.py
[2026-01-17T06:37:04.141+0000] {logging_mixin.py:190} INFO - [2026-01-17T06:37:04.139+0000] {dag.py:3239} INFO - Sync 1 DAGs
[2026-01-17T06:37:04.211+0000] {logging_mixin.py:190} INFO - [2026-01-17T06:37:04.211+0000] {dag.py:4180} INFO - Setting next_dagrun for dynamic_user_processing to 2026-01-17 00:00:00+00:00, run_after=2026-01-18 00:00:00+00:00
[2026-01-17T06:37:04.248+0000] {processor.py:208} INFO - Processing /opt/airflow/dags/dynamic_user_processing.py took 0.887 seconds
[2026-01-17T06:37:34.404+0000] {processor.py:186} INFO - Started process (PID=11348) to work on /opt/airflow/dags/dynamic_user_processing.py
[2026-01-17T06:37:34.405+0000] {processor.py:914} INFO - Processing file /opt/airflow/dags/dynamic_user_processing.py for tasks to queue
[2026-01-17T06:37:34.406+0000] {logging_mixin.py:190} INFO - [2026-01-17T06:37:34.406+0000] {dagbag.py:588} INFO - Filling up the DagBag from /opt/airflow/dags/dynamic_user_processing.py
[2026-01-17T06:37:34.704+0000] {processor.py:925} INFO - DAG(s) 'dynamic_user_processing' retrieved from /opt/airflow/dags/dynamic_user_processing.py
[2026-01-17T06:37:34.731+0000] {logging_mixin.py:190} INFO - [2026-01-17T06:37:34.730+0000] {dag.py:3239} INFO - Sync 1 DAGs
[2026-01-17T06:37:34.752+0000] {logging_mixin.py:190} INFO - [2026-01-17T06:37:34.752+0000] {dag.py:4180} INFO - Setting next_dagrun for dynamic_user_processing to 2026-01-17 00:00:00+00:00, run_after=2026-01-18 00:00:00+00:00
[2026-01-17T06:37:34.768+0000] {processor.py:208} INFO - Processing /opt/airflow/dags/dynamic_user_processing.py took 0.375 seconds
[2026-01-17T06:38:04.819+0000] {processor.py:186} INFO - Started process (PID=11372) to work on /opt/airflow/dags/dynamic_user_processing.py
[2026-01-17T06:38:04.821+0000] {processor.py:914} INFO - Processing file /opt/airflow/dags/dynamic_user_processing.py for tasks to queue
[2026-01-17T06:38:04.823+0000] {logging_mixin.py:190} INFO - [2026-01-17T06:38:04.822+0000] {dagbag.py:588} INFO - Filling up the DagBag from /opt/airflow/dags/dynamic_user_processing.py
[2026-01-17T06:38:05.312+0000] {processor.py:925} INFO - DAG(s) 'dynamic_user_processing' retrieved from /opt/airflow/dags/dynamic_user_processing.py
[2026-01-17T06:38:05.365+0000] {logging_mixin.py:190} INFO - [2026-01-17T06:38:05.364+0000] {dag.py:3239} INFO - Sync 1 DAGs
[2026-01-17T06:38:05.410+0000] {logging_mixin.py:190} INFO - [2026-01-17T06:38:05.410+0000] {dag.py:4180} INFO - Setting next_dagrun for dynamic_user_processing to 2026-01-17 00:00:00+00:00, run_after=2026-01-18 00:00:00+00:00
[2026-01-17T06:38:05.681+0000] {processor.py:208} INFO - Processing /opt/airflow/dags/dynamic_user_processing.py took 0.873 seconds
[2026-01-17T06:38:35.823+0000] {processor.py:186} INFO - Started process (PID=11396) to work on /opt/airflow/dags/dynamic_user_processing.py
[2026-01-17T06:38:35.824+0000] {processor.py:914} INFO - Processing file /opt/airflow/dags/dynamic_user_processing.py for tasks to queue
[2026-01-17T06:38:35.825+0000] {logging_mixin.py:190} INFO - [2026-01-17T06:38:35.825+0000] {dagbag.py:588} INFO - Filling up the DagBag from /opt/airflow/dags/dynamic_user_processing.py
[2026-01-17T06:38:36.341+0000] {processor.py:925} INFO - DAG(s) 'dynamic_user_processing' retrieved from /opt/airflow/dags/dynamic_user_processing.py
[2026-01-17T06:38:36.375+0000] {logging_mixin.py:190} INFO - [2026-01-17T06:38:36.374+0000] {dag.py:3239} INFO - Sync 1 DAGs
[2026-01-17T06:38:36.418+0000] {logging_mixin.py:190} INFO - [2026-01-17T06:38:36.417+0000] {dag.py:4180} INFO - Setting next_dagrun for dynamic_user_processing to 2026-01-17 00:00:00+00:00, run_after=2026-01-18 00:00:00+00:00
[2026-01-17T06:38:36.444+0000] {processor.py:208} INFO - Processing /opt/airflow/dags/dynamic_user_processing.py took 0.631 seconds
[2026-01-17T06:39:06.696+0000] {processor.py:186} INFO - Started process (PID=11420) to work on /opt/airflow/dags/dynamic_user_processing.py
[2026-01-17T06:39:06.698+0000] {processor.py:914} INFO - Processing file /opt/airflow/dags/dynamic_user_processing.py for tasks to queue
[2026-01-17T06:39:06.700+0000] {logging_mixin.py:190} INFO - [2026-01-17T06:39:06.699+0000] {dagbag.py:588} INFO - Filling up the DagBag from /opt/airflow/dags/dynamic_user_processing.py
[2026-01-17T06:39:07.187+0000] {processor.py:925} INFO - DAG(s) 'dynamic_user_processing' retrieved from /opt/airflow/dags/dynamic_user_processing.py
[2026-01-17T06:39:07.231+0000] {logging_mixin.py:190} INFO - [2026-01-17T06:39:07.230+0000] {dag.py:3239} INFO - Sync 1 DAGs
[2026-01-17T06:39:07.272+0000] {logging_mixin.py:190} INFO - [2026-01-17T06:39:07.272+0000] {dag.py:4180} INFO - Setting next_dagrun for dynamic_user_processing to 2026-01-17 00:00:00+00:00, run_after=2026-01-18 00:00:00+00:00
[2026-01-17T06:39:07.299+0000] {processor.py:208} INFO - Processing /opt/airflow/dags/dynamic_user_processing.py took 0.614 seconds
[2026-01-17T06:39:37.537+0000] {processor.py:186} INFO - Started process (PID=11444) to work on /opt/airflow/dags/dynamic_user_processing.py
[2026-01-17T06:39:37.538+0000] {processor.py:914} INFO - Processing file /opt/airflow/dags/dynamic_user_processing.py for tasks to queue
[2026-01-17T06:39:37.540+0000] {logging_mixin.py:190} INFO - [2026-01-17T06:39:37.540+0000] {dagbag.py:588} INFO - Filling up the DagBag from /opt/airflow/dags/dynamic_user_processing.py
[2026-01-17T06:39:38.032+0000] {processor.py:925} INFO - DAG(s) 'dynamic_user_processing' retrieved from /opt/airflow/dags/dynamic_user_processing.py
[2026-01-17T06:39:38.074+0000] {logging_mixin.py:190} INFO - [2026-01-17T06:39:38.073+0000] {dag.py:3239} INFO - Sync 1 DAGs
[2026-01-17T06:39:38.114+0000] {logging_mixin.py:190} INFO - [2026-01-17T06:39:38.114+0000] {dag.py:4180} INFO - Setting next_dagrun for dynamic_user_processing to 2026-01-17 00:00:00+00:00, run_after=2026-01-18 00:00:00+00:00
[2026-01-17T06:39:38.139+0000] {processor.py:208} INFO - Processing /opt/airflow/dags/dynamic_user_processing.py took 0.613 seconds
[2026-01-17T06:40:08.786+0000] {processor.py:186} INFO - Started process (PID=11469) to work on /opt/airflow/dags/dynamic_user_processing.py
[2026-01-17T06:40:08.787+0000] {processor.py:914} INFO - Processing file /opt/airflow/dags/dynamic_user_processing.py for tasks to queue
[2026-01-17T06:40:08.789+0000] {logging_mixin.py:190} INFO - [2026-01-17T06:40:08.789+0000] {dagbag.py:588} INFO - Filling up the DagBag from /opt/airflow/dags/dynamic_user_processing.py
[2026-01-17T06:40:09.242+0000] {processor.py:925} INFO - DAG(s) 'dynamic_user_processing' retrieved from /opt/airflow/dags/dynamic_user_processing.py
[2026-01-17T06:40:09.288+0000] {logging_mixin.py:190} INFO - [2026-01-17T06:40:09.287+0000] {dag.py:3239} INFO - Sync 1 DAGs
[2026-01-17T06:40:09.327+0000] {logging_mixin.py:190} INFO - [2026-01-17T06:40:09.327+0000] {dag.py:4180} INFO - Setting next_dagrun for dynamic_user_processing to 2026-01-17 00:00:00+00:00, run_after=2026-01-18 00:00:00+00:00
[2026-01-17T06:40:09.596+0000] {processor.py:208} INFO - Processing /opt/airflow/dags/dynamic_user_processing.py took 0.822 seconds
[2026-01-17T06:40:39.649+0000] {processor.py:186} INFO - Started process (PID=11493) to work on /opt/airflow/dags/dynamic_user_processing.py
[2026-01-17T06:40:39.651+0000] {processor.py:914} INFO - Processing file /opt/airflow/dags/dynamic_user_processing.py for tasks to queue
[2026-01-17T06:40:39.653+0000] {logging_mixin.py:190} INFO - [2026-01-17T06:40:39.652+0000] {dagbag.py:588} INFO - Filling up the DagBag from /opt/airflow/dags/dynamic_user_processing.py
[2026-01-17T06:40:40.133+0000] {processor.py:925} INFO - DAG(s) 'dynamic_user_processing' retrieved from /opt/airflow/dags/dynamic_user_processing.py
[2026-01-17T06:40:40.177+0000] {logging_mixin.py:190} INFO - [2026-01-17T06:40:40.177+0000] {dag.py:3239} INFO - Sync 1 DAGs
[2026-01-17T06:40:40.220+0000] {logging_mixin.py:190} INFO - [2026-01-17T06:40:40.220+0000] {dag.py:4180} INFO - Setting next_dagrun for dynamic_user_processing to 2026-01-17 00:00:00+00:00, run_after=2026-01-18 00:00:00+00:00
[2026-01-17T06:40:40.246+0000] {processor.py:208} INFO - Processing /opt/airflow/dags/dynamic_user_processing.py took 0.608 seconds
[2026-01-17T06:41:10.719+0000] {processor.py:186} INFO - Started process (PID=11517) to work on /opt/airflow/dags/dynamic_user_processing.py
[2026-01-17T06:41:10.720+0000] {processor.py:914} INFO - Processing file /opt/airflow/dags/dynamic_user_processing.py for tasks to queue
[2026-01-17T06:41:10.723+0000] {logging_mixin.py:190} INFO - [2026-01-17T06:41:10.722+0000] {dagbag.py:588} INFO - Filling up the DagBag from /opt/airflow/dags/dynamic_user_processing.py
[2026-01-17T06:41:11.168+0000] {processor.py:925} INFO - DAG(s) 'dynamic_user_processing' retrieved from /opt/airflow/dags/dynamic_user_processing.py
[2026-01-17T06:41:11.209+0000] {logging_mixin.py:190} INFO - [2026-01-17T06:41:11.208+0000] {dag.py:3239} INFO - Sync 1 DAGs
[2026-01-17T06:41:11.252+0000] {logging_mixin.py:190} INFO - [2026-01-17T06:41:11.251+0000] {dag.py:4180} INFO - Setting next_dagrun for dynamic_user_processing to 2026-01-17 00:00:00+00:00, run_after=2026-01-18 00:00:00+00:00
[2026-01-17T06:41:11.278+0000] {processor.py:208} INFO - Processing /opt/airflow/dags/dynamic_user_processing.py took 0.570 seconds
[2026-01-17T06:41:41.833+0000] {processor.py:186} INFO - Started process (PID=11541) to work on /opt/airflow/dags/dynamic_user_processing.py
[2026-01-17T06:41:41.834+0000] {processor.py:914} INFO - Processing file /opt/airflow/dags/dynamic_user_processing.py for tasks to queue
[2026-01-17T06:41:41.836+0000] {logging_mixin.py:190} INFO - [2026-01-17T06:41:41.835+0000] {dagbag.py:588} INFO - Filling up the DagBag from /opt/airflow/dags/dynamic_user_processing.py
[2026-01-17T06:41:42.323+0000] {processor.py:925} INFO - DAG(s) 'dynamic_user_processing' retrieved from /opt/airflow/dags/dynamic_user_processing.py
[2026-01-17T06:41:42.367+0000] {logging_mixin.py:190} INFO - [2026-01-17T06:41:42.366+0000] {dag.py:3239} INFO - Sync 1 DAGs
[2026-01-17T06:41:42.406+0000] {logging_mixin.py:190} INFO - [2026-01-17T06:41:42.406+0000] {dag.py:4180} INFO - Setting next_dagrun for dynamic_user_processing to 2026-01-17 00:00:00+00:00, run_after=2026-01-18 00:00:00+00:00
[2026-01-17T06:41:42.659+0000] {processor.py:208} INFO - Processing /opt/airflow/dags/dynamic_user_processing.py took 0.837 seconds
[2026-01-17T06:42:12.855+0000] {processor.py:186} INFO - Started process (PID=11565) to work on /opt/airflow/dags/dynamic_user_processing.py
[2026-01-17T06:42:12.857+0000] {processor.py:914} INFO - Processing file /opt/airflow/dags/dynamic_user_processing.py for tasks to queue
[2026-01-17T06:42:12.859+0000] {logging_mixin.py:190} INFO - [2026-01-17T06:42:12.858+0000] {dagbag.py:588} INFO - Filling up the DagBag from /opt/airflow/dags/dynamic_user_processing.py
[2026-01-17T06:42:13.337+0000] {processor.py:925} INFO - DAG(s) 'dynamic_user_processing' retrieved from /opt/airflow/dags/dynamic_user_processing.py
[2026-01-17T06:42:13.379+0000] {logging_mixin.py:190} INFO - [2026-01-17T06:42:13.378+0000] {dag.py:3239} INFO - Sync 1 DAGs
[2026-01-17T06:42:13.420+0000] {logging_mixin.py:190} INFO - [2026-01-17T06:42:13.420+0000] {dag.py:4180} INFO - Setting next_dagrun for dynamic_user_processing to 2026-01-17 00:00:00+00:00, run_after=2026-01-18 00:00:00+00:00
[2026-01-17T06:42:13.443+0000] {processor.py:208} INFO - Processing /opt/airflow/dags/dynamic_user_processing.py took 0.599 seconds
[2026-01-17T06:42:43.662+0000] {processor.py:186} INFO - Started process (PID=11589) to work on /opt/airflow/dags/dynamic_user_processing.py
[2026-01-17T06:42:43.663+0000] {processor.py:914} INFO - Processing file /opt/airflow/dags/dynamic_user_processing.py for tasks to queue
[2026-01-17T06:42:43.665+0000] {logging_mixin.py:190} INFO - [2026-01-17T06:42:43.665+0000] {dagbag.py:588} INFO - Filling up the DagBag from /opt/airflow/dags/dynamic_user_processing.py
[2026-01-17T06:42:44.129+0000] {processor.py:925} INFO - DAG(s) 'dynamic_user_processing' retrieved from /opt/airflow/dags/dynamic_user_processing.py
[2026-01-17T06:42:44.172+0000] {logging_mixin.py:190} INFO - [2026-01-17T06:42:44.171+0000] {dag.py:3239} INFO - Sync 1 DAGs
[2026-01-17T06:42:44.206+0000] {logging_mixin.py:190} INFO - [2026-01-17T06:42:44.206+0000] {dag.py:4180} INFO - Setting next_dagrun for dynamic_user_processing to 2026-01-17 00:00:00+00:00, run_after=2026-01-18 00:00:00+00:00
[2026-01-17T06:42:44.233+0000] {processor.py:208} INFO - Processing /opt/airflow/dags/dynamic_user_processing.py took 0.582 seconds
[2026-01-17T06:43:14.528+0000] {processor.py:186} INFO - Started process (PID=11613) to work on /opt/airflow/dags/dynamic_user_processing.py
[2026-01-17T06:43:14.530+0000] {processor.py:914} INFO - Processing file /opt/airflow/dags/dynamic_user_processing.py for tasks to queue
[2026-01-17T06:43:14.532+0000] {logging_mixin.py:190} INFO - [2026-01-17T06:43:14.531+0000] {dagbag.py:588} INFO - Filling up the DagBag from /opt/airflow/dags/dynamic_user_processing.py
[2026-01-17T06:43:15.073+0000] {processor.py:925} INFO - DAG(s) 'dynamic_user_processing' retrieved from /opt/airflow/dags/dynamic_user_processing.py
[2026-01-17T06:43:15.139+0000] {logging_mixin.py:190} INFO - [2026-01-17T06:43:15.138+0000] {dag.py:3239} INFO - Sync 1 DAGs
[2026-01-17T06:43:15.211+0000] {logging_mixin.py:190} INFO - [2026-01-17T06:43:15.210+0000] {dag.py:4180} INFO - Setting next_dagrun for dynamic_user_processing to 2026-01-17 00:00:00+00:00, run_after=2026-01-18 00:00:00+00:00
[2026-01-17T06:43:15.273+0000] {processor.py:208} INFO - Processing /opt/airflow/dags/dynamic_user_processing.py took 0.757 seconds
[2026-01-17T06:43:46.154+0000] {processor.py:186} INFO - Started process (PID=11638) to work on /opt/airflow/dags/dynamic_user_processing.py
[2026-01-17T06:43:46.155+0000] {processor.py:914} INFO - Processing file /opt/airflow/dags/dynamic_user_processing.py for tasks to queue
[2026-01-17T06:43:46.157+0000] {logging_mixin.py:190} INFO - [2026-01-17T06:43:46.156+0000] {dagbag.py:588} INFO - Filling up the DagBag from /opt/airflow/dags/dynamic_user_processing.py
[2026-01-17T06:43:46.620+0000] {processor.py:925} INFO - DAG(s) 'dynamic_user_processing' retrieved from /opt/airflow/dags/dynamic_user_processing.py
[2026-01-17T06:43:46.660+0000] {logging_mixin.py:190} INFO - [2026-01-17T06:43:46.659+0000] {dag.py:3239} INFO - Sync 1 DAGs
[2026-01-17T06:43:46.701+0000] {logging_mixin.py:190} INFO - [2026-01-17T06:43:46.701+0000] {dag.py:4180} INFO - Setting next_dagrun for dynamic_user_processing to 2026-01-17 00:00:00+00:00, run_after=2026-01-18 00:00:00+00:00
[2026-01-17T06:43:46.975+0000] {processor.py:208} INFO - Processing /opt/airflow/dags/dynamic_user_processing.py took 0.832 seconds
[2026-01-17T06:44:17.076+0000] {processor.py:186} INFO - Started process (PID=11662) to work on /opt/airflow/dags/dynamic_user_processing.py
[2026-01-17T06:44:17.078+0000] {processor.py:914} INFO - Processing file /opt/airflow/dags/dynamic_user_processing.py for tasks to queue
[2026-01-17T06:44:17.080+0000] {logging_mixin.py:190} INFO - [2026-01-17T06:44:17.079+0000] {dagbag.py:588} INFO - Filling up the DagBag from /opt/airflow/dags/dynamic_user_processing.py
[2026-01-17T06:44:17.487+0000] {processor.py:925} INFO - DAG(s) 'dynamic_user_processing' retrieved from /opt/airflow/dags/dynamic_user_processing.py
[2026-01-17T06:44:17.528+0000] {logging_mixin.py:190} INFO - [2026-01-17T06:44:17.528+0000] {dag.py:3239} INFO - Sync 1 DAGs
[2026-01-17T06:44:17.567+0000] {logging_mixin.py:190} INFO - [2026-01-17T06:44:17.566+0000] {dag.py:4180} INFO - Setting next_dagrun for dynamic_user_processing to 2026-01-17 00:00:00+00:00, run_after=2026-01-18 00:00:00+00:00
[2026-01-17T06:44:17.593+0000] {processor.py:208} INFO - Processing /opt/airflow/dags/dynamic_user_processing.py took 0.526 seconds
[2026-01-17T06:44:48.039+0000] {processor.py:186} INFO - Started process (PID=11687) to work on /opt/airflow/dags/dynamic_user_processing.py
[2026-01-17T06:44:48.041+0000] {processor.py:914} INFO - Processing file /opt/airflow/dags/dynamic_user_processing.py for tasks to queue
[2026-01-17T06:44:48.045+0000] {logging_mixin.py:190} INFO - [2026-01-17T06:44:48.044+0000] {dagbag.py:588} INFO - Filling up the DagBag from /opt/airflow/dags/dynamic_user_processing.py
[2026-01-17T06:44:48.627+0000] {processor.py:925} INFO - DAG(s) 'dynamic_user_processing' retrieved from /opt/airflow/dags/dynamic_user_processing.py
[2026-01-17T06:44:48.686+0000] {logging_mixin.py:190} INFO - [2026-01-17T06:44:48.685+0000] {dag.py:3239} INFO - Sync 1 DAGs
[2026-01-17T06:44:48.751+0000] {logging_mixin.py:190} INFO - [2026-01-17T06:44:48.750+0000] {dag.py:4180} INFO - Setting next_dagrun for dynamic_user_processing to 2026-01-17 00:00:00+00:00, run_after=2026-01-18 00:00:00+00:00
[2026-01-17T06:44:48.789+0000] {processor.py:208} INFO - Processing /opt/airflow/dags/dynamic_user_processing.py took 0.766 seconds
[2026-01-17T06:45:18.959+0000] {processor.py:186} INFO - Started process (PID=11711) to work on /opt/airflow/dags/dynamic_user_processing.py
[2026-01-17T06:45:18.961+0000] {processor.py:914} INFO - Processing file /opt/airflow/dags/dynamic_user_processing.py for tasks to queue
[2026-01-17T06:45:18.963+0000] {logging_mixin.py:190} INFO - [2026-01-17T06:45:18.962+0000] {dagbag.py:588} INFO - Filling up the DagBag from /opt/airflow/dags/dynamic_user_processing.py
[2026-01-17T06:45:19.460+0000] {processor.py:925} INFO - DAG(s) 'dynamic_user_processing' retrieved from /opt/airflow/dags/dynamic_user_processing.py
[2026-01-17T06:45:19.500+0000] {logging_mixin.py:190} INFO - [2026-01-17T06:45:19.500+0000] {dag.py:3239} INFO - Sync 1 DAGs
[2026-01-17T06:45:19.549+0000] {logging_mixin.py:190} INFO - [2026-01-17T06:45:19.548+0000] {dag.py:4180} INFO - Setting next_dagrun for dynamic_user_processing to 2026-01-17 00:00:00+00:00, run_after=2026-01-18 00:00:00+00:00
[2026-01-17T06:45:19.584+0000] {processor.py:208} INFO - Processing /opt/airflow/dags/dynamic_user_processing.py took 0.635 seconds
[2026-01-17T06:45:49.651+0000] {processor.py:186} INFO - Started process (PID=11735) to work on /opt/airflow/dags/dynamic_user_processing.py
[2026-01-17T06:45:49.652+0000] {processor.py:914} INFO - Processing file /opt/airflow/dags/dynamic_user_processing.py for tasks to queue
[2026-01-17T06:45:49.654+0000] {logging_mixin.py:190} INFO - [2026-01-17T06:45:49.653+0000] {dagbag.py:588} INFO - Filling up the DagBag from /opt/airflow/dags/dynamic_user_processing.py
[2026-01-17T06:45:50.046+0000] {processor.py:925} INFO - DAG(s) 'dynamic_user_processing' retrieved from /opt/airflow/dags/dynamic_user_processing.py
[2026-01-17T06:45:50.085+0000] {logging_mixin.py:190} INFO - [2026-01-17T06:45:50.084+0000] {dag.py:3239} INFO - Sync 1 DAGs
[2026-01-17T06:45:50.129+0000] {logging_mixin.py:190} INFO - [2026-01-17T06:45:50.128+0000] {dag.py:4180} INFO - Setting next_dagrun for dynamic_user_processing to 2026-01-17 00:00:00+00:00, run_after=2026-01-18 00:00:00+00:00
[2026-01-17T06:45:50.384+0000] {processor.py:208} INFO - Processing /opt/airflow/dags/dynamic_user_processing.py took 0.742 seconds
[2026-01-17T06:46:20.766+0000] {processor.py:186} INFO - Started process (PID=11759) to work on /opt/airflow/dags/dynamic_user_processing.py
[2026-01-17T06:46:20.768+0000] {processor.py:914} INFO - Processing file /opt/airflow/dags/dynamic_user_processing.py for tasks to queue
[2026-01-17T06:46:20.769+0000] {logging_mixin.py:190} INFO - [2026-01-17T06:46:20.769+0000] {dagbag.py:588} INFO - Filling up the DagBag from /opt/airflow/dags/dynamic_user_processing.py
[2026-01-17T06:46:21.241+0000] {processor.py:925} INFO - DAG(s) 'dynamic_user_processing' retrieved from /opt/airflow/dags/dynamic_user_processing.py
[2026-01-17T06:46:21.281+0000] {logging_mixin.py:190} INFO - [2026-01-17T06:46:21.280+0000] {dag.py:3239} INFO - Sync 1 DAGs
[2026-01-17T06:46:21.324+0000] {logging_mixin.py:190} INFO - [2026-01-17T06:46:21.323+0000] {dag.py:4180} INFO - Setting next_dagrun for dynamic_user_processing to 2026-01-17 00:00:00+00:00, run_after=2026-01-18 00:00:00+00:00
[2026-01-17T06:46:21.352+0000] {processor.py:208} INFO - Processing /opt/airflow/dags/dynamic_user_processing.py took 0.596 seconds
[2026-01-17T06:46:51.493+0000] {processor.py:186} INFO - Started process (PID=11783) to work on /opt/airflow/dags/dynamic_user_processing.py
[2026-01-17T06:46:51.494+0000] {processor.py:914} INFO - Processing file /opt/airflow/dags/dynamic_user_processing.py for tasks to queue
[2026-01-17T06:46:51.496+0000] {logging_mixin.py:190} INFO - [2026-01-17T06:46:51.496+0000] {dagbag.py:588} INFO - Filling up the DagBag from /opt/airflow/dags/dynamic_user_processing.py
[2026-01-17T06:46:51.988+0000] {processor.py:925} INFO - DAG(s) 'dynamic_user_processing' retrieved from /opt/airflow/dags/dynamic_user_processing.py
[2026-01-17T06:46:52.031+0000] {logging_mixin.py:190} INFO - [2026-01-17T06:46:52.030+0000] {dag.py:3239} INFO - Sync 1 DAGs
[2026-01-17T06:46:52.072+0000] {logging_mixin.py:190} INFO - [2026-01-17T06:46:52.071+0000] {dag.py:4180} INFO - Setting next_dagrun for dynamic_user_processing to 2026-01-17 00:00:00+00:00, run_after=2026-01-18 00:00:00+00:00
[2026-01-17T06:46:52.104+0000] {processor.py:208} INFO - Processing /opt/airflow/dags/dynamic_user_processing.py took 0.622 seconds
[2026-01-17T06:47:22.209+0000] {processor.py:186} INFO - Started process (PID=11807) to work on /opt/airflow/dags/dynamic_user_processing.py
[2026-01-17T06:47:22.211+0000] {processor.py:914} INFO - Processing file /opt/airflow/dags/dynamic_user_processing.py for tasks to queue
[2026-01-17T06:47:22.212+0000] {logging_mixin.py:190} INFO - [2026-01-17T06:47:22.212+0000] {dagbag.py:588} INFO - Filling up the DagBag from /opt/airflow/dags/dynamic_user_processing.py
[2026-01-17T06:47:22.677+0000] {processor.py:925} INFO - DAG(s) 'dynamic_user_processing' retrieved from /opt/airflow/dags/dynamic_user_processing.py
[2026-01-17T06:47:22.722+0000] {logging_mixin.py:190} INFO - [2026-01-17T06:47:22.721+0000] {dag.py:3239} INFO - Sync 1 DAGs
[2026-01-17T06:47:22.761+0000] {logging_mixin.py:190} INFO - [2026-01-17T06:47:22.761+0000] {dag.py:4180} INFO - Setting next_dagrun for dynamic_user_processing to 2026-01-17 00:00:00+00:00, run_after=2026-01-18 00:00:00+00:00
[2026-01-17T06:47:22.787+0000] {processor.py:208} INFO - Processing /opt/airflow/dags/dynamic_user_processing.py took 0.589 seconds
[2026-01-17T06:47:53.489+0000] {processor.py:186} INFO - Started process (PID=11832) to work on /opt/airflow/dags/dynamic_user_processing.py
[2026-01-17T06:47:53.491+0000] {processor.py:914} INFO - Processing file /opt/airflow/dags/dynamic_user_processing.py for tasks to queue
[2026-01-17T06:47:53.493+0000] {logging_mixin.py:190} INFO - [2026-01-17T06:47:53.493+0000] {dagbag.py:588} INFO - Filling up the DagBag from /opt/airflow/dags/dynamic_user_processing.py
[2026-01-17T06:47:54.176+0000] {processor.py:925} INFO - DAG(s) 'dynamic_user_processing' retrieved from /opt/airflow/dags/dynamic_user_processing.py
[2026-01-17T06:47:54.244+0000] {logging_mixin.py:190} INFO - [2026-01-17T06:47:54.243+0000] {dag.py:3239} INFO - Sync 1 DAGs
[2026-01-17T06:47:54.300+0000] {logging_mixin.py:190} INFO - [2026-01-17T06:47:54.300+0000] {dag.py:4180} INFO - Setting next_dagrun for dynamic_user_processing to 2026-01-17 00:00:00+00:00, run_after=2026-01-18 00:00:00+00:00
[2026-01-17T06:47:54.628+0000] {processor.py:208} INFO - Processing /opt/airflow/dags/dynamic_user_processing.py took 1.154 seconds
[2026-01-17T06:48:25.286+0000] {processor.py:186} INFO - Started process (PID=11857) to work on /opt/airflow/dags/dynamic_user_processing.py
[2026-01-17T06:48:25.287+0000] {processor.py:914} INFO - Processing file /opt/airflow/dags/dynamic_user_processing.py for tasks to queue
[2026-01-17T06:48:25.289+0000] {logging_mixin.py:190} INFO - [2026-01-17T06:48:25.288+0000] {dagbag.py:588} INFO - Filling up the DagBag from /opt/airflow/dags/dynamic_user_processing.py
[2026-01-17T06:48:25.803+0000] {processor.py:925} INFO - DAG(s) 'dynamic_user_processing' retrieved from /opt/airflow/dags/dynamic_user_processing.py
[2026-01-17T06:48:25.849+0000] {logging_mixin.py:190} INFO - [2026-01-17T06:48:25.848+0000] {dag.py:3239} INFO - Sync 1 DAGs
[2026-01-17T06:48:25.896+0000] {logging_mixin.py:190} INFO - [2026-01-17T06:48:25.895+0000] {dag.py:4180} INFO - Setting next_dagrun for dynamic_user_processing to 2026-01-17 00:00:00+00:00, run_after=2026-01-18 00:00:00+00:00
[2026-01-17T06:48:25.920+0000] {processor.py:208} INFO - Processing /opt/airflow/dags/dynamic_user_processing.py took 0.644 seconds
[2026-01-17T06:48:56.217+0000] {processor.py:186} INFO - Started process (PID=11884) to work on /opt/airflow/dags/dynamic_user_processing.py
[2026-01-17T06:48:56.219+0000] {processor.py:914} INFO - Processing file /opt/airflow/dags/dynamic_user_processing.py for tasks to queue
[2026-01-17T06:48:56.221+0000] {logging_mixin.py:190} INFO - [2026-01-17T06:48:56.221+0000] {dagbag.py:588} INFO - Filling up the DagBag from /opt/airflow/dags/dynamic_user_processing.py
[2026-01-17T06:48:57.010+0000] {processor.py:925} INFO - DAG(s) 'dynamic_user_processing' retrieved from /opt/airflow/dags/dynamic_user_processing.py
[2026-01-17T06:48:57.074+0000] {logging_mixin.py:190} INFO - [2026-01-17T06:48:57.073+0000] {dag.py:3239} INFO - Sync 1 DAGs
[2026-01-17T06:48:57.141+0000] {logging_mixin.py:190} INFO - [2026-01-17T06:48:57.140+0000] {dag.py:4180} INFO - Setting next_dagrun for dynamic_user_processing to 2026-01-17 00:00:00+00:00, run_after=2026-01-18 00:00:00+00:00
[2026-01-17T06:48:57.193+0000] {processor.py:208} INFO - Processing /opt/airflow/dags/dynamic_user_processing.py took 0.994 seconds
[2026-01-17T06:49:27.397+0000] {processor.py:186} INFO - Started process (PID=11908) to work on /opt/airflow/dags/dynamic_user_processing.py
[2026-01-17T06:49:27.398+0000] {processor.py:914} INFO - Processing file /opt/airflow/dags/dynamic_user_processing.py for tasks to queue
[2026-01-17T06:49:27.400+0000] {logging_mixin.py:190} INFO - [2026-01-17T06:49:27.400+0000] {dagbag.py:588} INFO - Filling up the DagBag from /opt/airflow/dags/dynamic_user_processing.py
[2026-01-17T06:49:27.895+0000] {processor.py:925} INFO - DAG(s) 'dynamic_user_processing' retrieved from /opt/airflow/dags/dynamic_user_processing.py
[2026-01-17T06:49:27.940+0000] {logging_mixin.py:190} INFO - [2026-01-17T06:49:27.939+0000] {dag.py:3239} INFO - Sync 1 DAGs
[2026-01-17T06:49:27.981+0000] {logging_mixin.py:190} INFO - [2026-01-17T06:49:27.980+0000] {dag.py:4180} INFO - Setting next_dagrun for dynamic_user_processing to 2026-01-17 00:00:00+00:00, run_after=2026-01-18 00:00:00+00:00
[2026-01-17T06:49:28.006+0000] {processor.py:208} INFO - Processing /opt/airflow/dags/dynamic_user_processing.py took 0.621 seconds
[2026-01-17T06:49:58.598+0000] {processor.py:186} INFO - Started process (PID=11932) to work on /opt/airflow/dags/dynamic_user_processing.py
[2026-01-17T06:49:58.600+0000] {processor.py:914} INFO - Processing file /opt/airflow/dags/dynamic_user_processing.py for tasks to queue
[2026-01-17T06:49:58.604+0000] {logging_mixin.py:190} INFO - [2026-01-17T06:49:58.603+0000] {dagbag.py:588} INFO - Filling up the DagBag from /opt/airflow/dags/dynamic_user_processing.py
[2026-01-17T06:49:59.160+0000] {processor.py:925} INFO - DAG(s) 'dynamic_user_processing' retrieved from /opt/airflow/dags/dynamic_user_processing.py
[2026-01-17T06:49:59.210+0000] {logging_mixin.py:190} INFO - [2026-01-17T06:49:59.209+0000] {dag.py:3239} INFO - Sync 1 DAGs
[2026-01-17T06:49:59.256+0000] {logging_mixin.py:190} INFO - [2026-01-17T06:49:59.255+0000] {dag.py:4180} INFO - Setting next_dagrun for dynamic_user_processing to 2026-01-17 00:00:00+00:00, run_after=2026-01-18 00:00:00+00:00
[2026-01-17T06:49:59.532+0000] {processor.py:208} INFO - Processing /opt/airflow/dags/dynamic_user_processing.py took 0.952 seconds
[2026-01-17T06:50:30.183+0000] {processor.py:186} INFO - Started process (PID=11956) to work on /opt/airflow/dags/dynamic_user_processing.py
[2026-01-17T06:50:30.185+0000] {processor.py:914} INFO - Processing file /opt/airflow/dags/dynamic_user_processing.py for tasks to queue
[2026-01-17T06:50:30.188+0000] {logging_mixin.py:190} INFO - [2026-01-17T06:50:30.187+0000] {dagbag.py:588} INFO - Filling up the DagBag from /opt/airflow/dags/dynamic_user_processing.py
[2026-01-17T06:50:30.874+0000] {processor.py:925} INFO - DAG(s) 'dynamic_user_processing' retrieved from /opt/airflow/dags/dynamic_user_processing.py
[2026-01-17T06:50:30.934+0000] {logging_mixin.py:190} INFO - [2026-01-17T06:50:30.933+0000] {dag.py:3239} INFO - Sync 1 DAGs
[2026-01-17T06:50:30.991+0000] {logging_mixin.py:190} INFO - [2026-01-17T06:50:30.991+0000] {dag.py:4180} INFO - Setting next_dagrun for dynamic_user_processing to 2026-01-17 00:00:00+00:00, run_after=2026-01-18 00:00:00+00:00
[2026-01-17T06:50:31.027+0000] {processor.py:208} INFO - Processing /opt/airflow/dags/dynamic_user_processing.py took 0.860 seconds
[2026-01-17T06:51:01.796+0000] {processor.py:186} INFO - Started process (PID=11981) to work on /opt/airflow/dags/dynamic_user_processing.py
[2026-01-17T06:51:01.798+0000] {processor.py:914} INFO - Processing file /opt/airflow/dags/dynamic_user_processing.py for tasks to queue
[2026-01-17T06:51:01.800+0000] {logging_mixin.py:190} INFO - [2026-01-17T06:51:01.799+0000] {dagbag.py:588} INFO - Filling up the DagBag from /opt/airflow/dags/dynamic_user_processing.py
[2026-01-17T06:51:02.300+0000] {processor.py:925} INFO - DAG(s) 'dynamic_user_processing' retrieved from /opt/airflow/dags/dynamic_user_processing.py
[2026-01-17T06:51:02.343+0000] {logging_mixin.py:190} INFO - [2026-01-17T06:51:02.342+0000] {dag.py:3239} INFO - Sync 1 DAGs
[2026-01-17T06:51:02.380+0000] {logging_mixin.py:190} INFO - [2026-01-17T06:51:02.380+0000] {dag.py:4180} INFO - Setting next_dagrun for dynamic_user_processing to 2026-01-17 00:00:00+00:00, run_after=2026-01-18 00:00:00+00:00
[2026-01-17T06:51:02.401+0000] {processor.py:208} INFO - Processing /opt/airflow/dags/dynamic_user_processing.py took 0.617 seconds
[2026-01-17T06:51:32.468+0000] {processor.py:186} INFO - Started process (PID=12005) to work on /opt/airflow/dags/dynamic_user_processing.py
[2026-01-17T06:51:32.470+0000] {processor.py:914} INFO - Processing file /opt/airflow/dags/dynamic_user_processing.py for tasks to queue
[2026-01-17T06:51:32.472+0000] {logging_mixin.py:190} INFO - [2026-01-17T06:51:32.471+0000] {dagbag.py:588} INFO - Filling up the DagBag from /opt/airflow/dags/dynamic_user_processing.py
[2026-01-17T06:51:33.037+0000] {processor.py:925} INFO - DAG(s) 'dynamic_user_processing' retrieved from /opt/airflow/dags/dynamic_user_processing.py
[2026-01-17T06:51:33.092+0000] {logging_mixin.py:190} INFO - [2026-01-17T06:51:33.091+0000] {dag.py:3239} INFO - Sync 1 DAGs
[2026-01-17T06:51:33.139+0000] {logging_mixin.py:190} INFO - [2026-01-17T06:51:33.138+0000] {dag.py:4180} INFO - Setting next_dagrun for dynamic_user_processing to 2026-01-17 00:00:00+00:00, run_after=2026-01-18 00:00:00+00:00
[2026-01-17T06:51:33.171+0000] {processor.py:208} INFO - Processing /opt/airflow/dags/dynamic_user_processing.py took 0.716 seconds
[2026-01-17T06:52:03.252+0000] {processor.py:186} INFO - Started process (PID=12035) to work on /opt/airflow/dags/dynamic_user_processing.py
[2026-01-17T06:52:03.253+0000] {processor.py:914} INFO - Processing file /opt/airflow/dags/dynamic_user_processing.py for tasks to queue
[2026-01-17T06:52:03.256+0000] {logging_mixin.py:190} INFO - [2026-01-17T06:52:03.255+0000] {dagbag.py:588} INFO - Filling up the DagBag from /opt/airflow/dags/dynamic_user_processing.py
[2026-01-17T06:52:04.010+0000] {processor.py:925} INFO - DAG(s) 'dynamic_user_processing' retrieved from /opt/airflow/dags/dynamic_user_processing.py
[2026-01-17T06:52:04.072+0000] {logging_mixin.py:190} INFO - [2026-01-17T06:52:04.071+0000] {dag.py:3239} INFO - Sync 1 DAGs
[2026-01-17T06:52:04.129+0000] {logging_mixin.py:190} INFO - [2026-01-17T06:52:04.129+0000] {dag.py:4180} INFO - Setting next_dagrun for dynamic_user_processing to 2026-01-17 00:00:00+00:00, run_after=2026-01-18 00:00:00+00:00
[2026-01-17T06:52:04.499+0000] {processor.py:208} INFO - Processing /opt/airflow/dags/dynamic_user_processing.py took 1.260 seconds
[2026-01-17T06:52:34.612+0000] {processor.py:186} INFO - Started process (PID=12059) to work on /opt/airflow/dags/dynamic_user_processing.py
[2026-01-17T06:52:34.613+0000] {processor.py:914} INFO - Processing file /opt/airflow/dags/dynamic_user_processing.py for tasks to queue
[2026-01-17T06:52:34.615+0000] {logging_mixin.py:190} INFO - [2026-01-17T06:52:34.614+0000] {dagbag.py:588} INFO - Filling up the DagBag from /opt/airflow/dags/dynamic_user_processing.py
[2026-01-17T06:52:35.106+0000] {processor.py:925} INFO - DAG(s) 'dynamic_user_processing' retrieved from /opt/airflow/dags/dynamic_user_processing.py
[2026-01-17T06:52:35.147+0000] {logging_mixin.py:190} INFO - [2026-01-17T06:52:35.146+0000] {dag.py:3239} INFO - Sync 1 DAGs
[2026-01-17T06:52:35.193+0000] {logging_mixin.py:190} INFO - [2026-01-17T06:52:35.192+0000] {dag.py:4180} INFO - Setting next_dagrun for dynamic_user_processing to 2026-01-17 00:00:00+00:00, run_after=2026-01-18 00:00:00+00:00
[2026-01-17T06:52:35.221+0000] {processor.py:208} INFO - Processing /opt/airflow/dags/dynamic_user_processing.py took 0.620 seconds
[2026-01-17T06:53:05.981+0000] {processor.py:186} INFO - Started process (PID=12083) to work on /opt/airflow/dags/dynamic_user_processing.py
[2026-01-17T06:53:05.982+0000] {processor.py:914} INFO - Processing file /opt/airflow/dags/dynamic_user_processing.py for tasks to queue
[2026-01-17T06:53:05.984+0000] {logging_mixin.py:190} INFO - [2026-01-17T06:53:05.984+0000] {dagbag.py:588} INFO - Filling up the DagBag from /opt/airflow/dags/dynamic_user_processing.py
[2026-01-17T06:53:06.477+0000] {processor.py:925} INFO - DAG(s) 'dynamic_user_processing' retrieved from /opt/airflow/dags/dynamic_user_processing.py
[2026-01-17T06:53:06.521+0000] {logging_mixin.py:190} INFO - [2026-01-17T06:53:06.520+0000] {dag.py:3239} INFO - Sync 1 DAGs
[2026-01-17T06:53:06.559+0000] {logging_mixin.py:190} INFO - [2026-01-17T06:53:06.559+0000] {dag.py:4180} INFO - Setting next_dagrun for dynamic_user_processing to 2026-01-17 00:00:00+00:00, run_after=2026-01-18 00:00:00+00:00
[2026-01-17T06:53:06.586+0000] {processor.py:208} INFO - Processing /opt/airflow/dags/dynamic_user_processing.py took 0.614 seconds
[2026-01-17T06:53:36.822+0000] {processor.py:186} INFO - Started process (PID=12107) to work on /opt/airflow/dags/dynamic_user_processing.py
[2026-01-17T06:53:36.824+0000] {processor.py:914} INFO - Processing file /opt/airflow/dags/dynamic_user_processing.py for tasks to queue
[2026-01-17T06:53:36.827+0000] {logging_mixin.py:190} INFO - [2026-01-17T06:53:36.826+0000] {dagbag.py:588} INFO - Filling up the DagBag from /opt/airflow/dags/dynamic_user_processing.py
[2026-01-17T06:53:37.450+0000] {processor.py:925} INFO - DAG(s) 'dynamic_user_processing' retrieved from /opt/airflow/dags/dynamic_user_processing.py
[2026-01-17T06:53:37.503+0000] {logging_mixin.py:190} INFO - [2026-01-17T06:53:37.502+0000] {dag.py:3239} INFO - Sync 1 DAGs
[2026-01-17T06:53:37.554+0000] {logging_mixin.py:190} INFO - [2026-01-17T06:53:37.554+0000] {dag.py:4180} INFO - Setting next_dagrun for dynamic_user_processing to 2026-01-17 00:00:00+00:00, run_after=2026-01-18 00:00:00+00:00
[2026-01-17T06:53:37.590+0000] {processor.py:208} INFO - Processing /opt/airflow/dags/dynamic_user_processing.py took 0.782 seconds
[2026-01-17T06:54:07.888+0000] {processor.py:186} INFO - Started process (PID=12130) to work on /opt/airflow/dags/dynamic_user_processing.py
[2026-01-17T06:54:07.889+0000] {processor.py:914} INFO - Processing file /opt/airflow/dags/dynamic_user_processing.py for tasks to queue
[2026-01-17T06:54:07.891+0000] {logging_mixin.py:190} INFO - [2026-01-17T06:54:07.890+0000] {dagbag.py:588} INFO - Filling up the DagBag from /opt/airflow/dags/dynamic_user_processing.py
[2026-01-17T06:54:08.364+0000] {processor.py:925} INFO - DAG(s) 'dynamic_user_processing' retrieved from /opt/airflow/dags/dynamic_user_processing.py
[2026-01-17T06:54:08.407+0000] {logging_mixin.py:190} INFO - [2026-01-17T06:54:08.406+0000] {dag.py:3239} INFO - Sync 1 DAGs
[2026-01-17T06:54:08.681+0000] {logging_mixin.py:190} INFO - [2026-01-17T06:54:08.680+0000] {dag.py:4180} INFO - Setting next_dagrun for dynamic_user_processing to 2026-01-17 00:00:00+00:00, run_after=2026-01-18 00:00:00+00:00
[2026-01-17T06:54:08.704+0000] {processor.py:208} INFO - Processing /opt/airflow/dags/dynamic_user_processing.py took 0.827 seconds
[2026-01-17T06:54:38.912+0000] {processor.py:186} INFO - Started process (PID=12153) to work on /opt/airflow/dags/dynamic_user_processing.py
[2026-01-17T06:54:38.914+0000] {processor.py:914} INFO - Processing file /opt/airflow/dags/dynamic_user_processing.py for tasks to queue
[2026-01-17T06:54:38.916+0000] {logging_mixin.py:190} INFO - [2026-01-17T06:54:38.915+0000] {dagbag.py:588} INFO - Filling up the DagBag from /opt/airflow/dags/dynamic_user_processing.py
[2026-01-17T06:54:39.408+0000] {processor.py:925} INFO - DAG(s) 'dynamic_user_processing' retrieved from /opt/airflow/dags/dynamic_user_processing.py
[2026-01-17T06:54:39.454+0000] {logging_mixin.py:190} INFO - [2026-01-17T06:54:39.451+0000] {dag.py:3239} INFO - Sync 1 DAGs
[2026-01-17T06:54:39.492+0000] {logging_mixin.py:190} INFO - [2026-01-17T06:54:39.491+0000] {dag.py:4180} INFO - Setting next_dagrun for dynamic_user_processing to 2026-01-17 00:00:00+00:00, run_after=2026-01-18 00:00:00+00:00
[2026-01-17T06:54:39.523+0000] {processor.py:208} INFO - Processing /opt/airflow/dags/dynamic_user_processing.py took 0.624 seconds
[2026-01-17T06:55:10.167+0000] {processor.py:186} INFO - Started process (PID=12177) to work on /opt/airflow/dags/dynamic_user_processing.py
[2026-01-17T06:55:10.169+0000] {processor.py:914} INFO - Processing file /opt/airflow/dags/dynamic_user_processing.py for tasks to queue
[2026-01-17T06:55:10.171+0000] {logging_mixin.py:190} INFO - [2026-01-17T06:55:10.171+0000] {dagbag.py:588} INFO - Filling up the DagBag from /opt/airflow/dags/dynamic_user_processing.py
[2026-01-17T06:55:10.777+0000] {processor.py:925} INFO - DAG(s) 'dynamic_user_processing' retrieved from /opt/airflow/dags/dynamic_user_processing.py
[2026-01-17T06:55:10.841+0000] {logging_mixin.py:190} INFO - [2026-01-17T06:55:10.840+0000] {dag.py:3239} INFO - Sync 1 DAGs
[2026-01-17T06:55:10.892+0000] {logging_mixin.py:190} INFO - [2026-01-17T06:55:10.892+0000] {dag.py:4180} INFO - Setting next_dagrun for dynamic_user_processing to 2026-01-17 00:00:00+00:00, run_after=2026-01-18 00:00:00+00:00
[2026-01-17T06:55:10.926+0000] {processor.py:208} INFO - Processing /opt/airflow/dags/dynamic_user_processing.py took 0.773 seconds
[2026-01-17T06:55:41.172+0000] {processor.py:186} INFO - Started process (PID=12201) to work on /opt/airflow/dags/dynamic_user_processing.py
[2026-01-17T06:55:41.173+0000] {processor.py:914} INFO - Processing file /opt/airflow/dags/dynamic_user_processing.py for tasks to queue
[2026-01-17T06:55:41.175+0000] {logging_mixin.py:190} INFO - [2026-01-17T06:55:41.174+0000] {dagbag.py:588} INFO - Filling up the DagBag from /opt/airflow/dags/dynamic_user_processing.py
[2026-01-17T06:55:41.574+0000] {processor.py:925} INFO - DAG(s) 'dynamic_user_processing' retrieved from /opt/airflow/dags/dynamic_user_processing.py
[2026-01-17T06:55:41.612+0000] {logging_mixin.py:190} INFO - [2026-01-17T06:55:41.612+0000] {dag.py:3239} INFO - Sync 1 DAGs
[2026-01-17T06:55:41.645+0000] {logging_mixin.py:190} INFO - [2026-01-17T06:55:41.645+0000] {dag.py:4180} INFO - Setting next_dagrun for dynamic_user_processing to 2026-01-17 00:00:00+00:00, run_after=2026-01-18 00:00:00+00:00
[2026-01-17T06:55:41.682+0000] {processor.py:208} INFO - Processing /opt/airflow/dags/dynamic_user_processing.py took 0.519 seconds
[2026-01-17T06:56:12.016+0000] {processor.py:186} INFO - Started process (PID=12225) to work on /opt/airflow/dags/dynamic_user_processing.py
[2026-01-17T06:56:12.018+0000] {processor.py:914} INFO - Processing file /opt/airflow/dags/dynamic_user_processing.py for tasks to queue
[2026-01-17T06:56:12.020+0000] {logging_mixin.py:190} INFO - [2026-01-17T06:56:12.020+0000] {dagbag.py:588} INFO - Filling up the DagBag from /opt/airflow/dags/dynamic_user_processing.py
[2026-01-17T06:56:12.500+0000] {processor.py:925} INFO - DAG(s) 'dynamic_user_processing' retrieved from /opt/airflow/dags/dynamic_user_processing.py
[2026-01-17T06:56:12.550+0000] {logging_mixin.py:190} INFO - [2026-01-17T06:56:12.549+0000] {dag.py:3239} INFO - Sync 1 DAGs
[2026-01-17T06:56:12.867+0000] {logging_mixin.py:190} INFO - [2026-01-17T06:56:12.866+0000] {dag.py:4180} INFO - Setting next_dagrun for dynamic_user_processing to 2026-01-17 00:00:00+00:00, run_after=2026-01-18 00:00:00+00:00
[2026-01-17T06:56:12.896+0000] {processor.py:208} INFO - Processing /opt/airflow/dags/dynamic_user_processing.py took 0.893 seconds
[2026-01-17T06:56:43.457+0000] {processor.py:186} INFO - Started process (PID=12249) to work on /opt/airflow/dags/dynamic_user_processing.py
[2026-01-17T06:56:43.459+0000] {processor.py:914} INFO - Processing file /opt/airflow/dags/dynamic_user_processing.py for tasks to queue
[2026-01-17T06:56:43.461+0000] {logging_mixin.py:190} INFO - [2026-01-17T06:56:43.461+0000] {dagbag.py:588} INFO - Filling up the DagBag from /opt/airflow/dags/dynamic_user_processing.py
[2026-01-17T06:56:44.078+0000] {processor.py:925} INFO - DAG(s) 'dynamic_user_processing' retrieved from /opt/airflow/dags/dynamic_user_processing.py
[2026-01-17T06:56:44.135+0000] {logging_mixin.py:190} INFO - [2026-01-17T06:56:44.131+0000] {dag.py:3239} INFO - Sync 1 DAGs
[2026-01-17T06:56:44.185+0000] {logging_mixin.py:190} INFO - [2026-01-17T06:56:44.185+0000] {dag.py:4180} INFO - Setting next_dagrun for dynamic_user_processing to 2026-01-17 00:00:00+00:00, run_after=2026-01-18 00:00:00+00:00
[2026-01-17T06:56:44.220+0000] {processor.py:208} INFO - Processing /opt/airflow/dags/dynamic_user_processing.py took 0.777 seconds
[2026-01-17T06:57:14.494+0000] {processor.py:186} INFO - Started process (PID=12274) to work on /opt/airflow/dags/dynamic_user_processing.py
[2026-01-17T06:57:14.496+0000] {processor.py:914} INFO - Processing file /opt/airflow/dags/dynamic_user_processing.py for tasks to queue
[2026-01-17T06:57:14.499+0000] {logging_mixin.py:190} INFO - [2026-01-17T06:57:14.498+0000] {dagbag.py:588} INFO - Filling up the DagBag from /opt/airflow/dags/dynamic_user_processing.py
[2026-01-17T06:57:15.074+0000] {processor.py:925} INFO - DAG(s) 'dynamic_user_processing' retrieved from /opt/airflow/dags/dynamic_user_processing.py
[2026-01-17T06:57:15.125+0000] {logging_mixin.py:190} INFO - [2026-01-17T06:57:15.124+0000] {dag.py:3239} INFO - Sync 1 DAGs
[2026-01-17T06:57:15.173+0000] {logging_mixin.py:190} INFO - [2026-01-17T06:57:15.173+0000] {dag.py:4180} INFO - Setting next_dagrun for dynamic_user_processing to 2026-01-17 00:00:00+00:00, run_after=2026-01-18 00:00:00+00:00
[2026-01-17T06:57:15.204+0000] {processor.py:208} INFO - Processing /opt/airflow/dags/dynamic_user_processing.py took 0.723 seconds
[2026-01-17T06:57:45.408+0000] {processor.py:186} INFO - Started process (PID=12297) to work on /opt/airflow/dags/dynamic_user_processing.py
[2026-01-17T06:57:45.409+0000] {processor.py:914} INFO - Processing file /opt/airflow/dags/dynamic_user_processing.py for tasks to queue
[2026-01-17T06:57:45.410+0000] {logging_mixin.py:190} INFO - [2026-01-17T06:57:45.410+0000] {dagbag.py:588} INFO - Filling up the DagBag from /opt/airflow/dags/dynamic_user_processing.py
[2026-01-17T06:57:45.837+0000] {processor.py:925} INFO - DAG(s) 'dynamic_user_processing' retrieved from /opt/airflow/dags/dynamic_user_processing.py
[2026-01-17T06:57:45.870+0000] {logging_mixin.py:190} INFO - [2026-01-17T06:57:45.869+0000] {dag.py:3239} INFO - Sync 1 DAGs
[2026-01-17T06:57:45.907+0000] {logging_mixin.py:190} INFO - [2026-01-17T06:57:45.906+0000] {dag.py:4180} INFO - Setting next_dagrun for dynamic_user_processing to 2026-01-17 00:00:00+00:00, run_after=2026-01-18 00:00:00+00:00
[2026-01-17T06:57:45.932+0000] {processor.py:208} INFO - Processing /opt/airflow/dags/dynamic_user_processing.py took 0.533 seconds
[2026-01-17T06:58:16.190+0000] {processor.py:186} INFO - Started process (PID=12321) to work on /opt/airflow/dags/dynamic_user_processing.py
[2026-01-17T06:58:16.191+0000] {processor.py:914} INFO - Processing file /opt/airflow/dags/dynamic_user_processing.py for tasks to queue
[2026-01-17T06:58:16.192+0000] {logging_mixin.py:190} INFO - [2026-01-17T06:58:16.192+0000] {dagbag.py:588} INFO - Filling up the DagBag from /opt/airflow/dags/dynamic_user_processing.py
[2026-01-17T06:58:16.827+0000] {processor.py:925} INFO - DAG(s) 'dynamic_user_processing' retrieved from /opt/airflow/dags/dynamic_user_processing.py
[2026-01-17T06:58:16.878+0000] {logging_mixin.py:190} INFO - [2026-01-17T06:58:16.877+0000] {dag.py:3239} INFO - Sync 1 DAGs
[2026-01-17T06:58:17.232+0000] {logging_mixin.py:190} INFO - [2026-01-17T06:58:17.232+0000] {dag.py:4180} INFO - Setting next_dagrun for dynamic_user_processing to 2026-01-17 00:00:00+00:00, run_after=2026-01-18 00:00:00+00:00
[2026-01-17T06:58:17.268+0000] {processor.py:208} INFO - Processing /opt/airflow/dags/dynamic_user_processing.py took 1.090 seconds
[2026-01-17T06:58:47.702+0000] {processor.py:186} INFO - Started process (PID=12345) to work on /opt/airflow/dags/dynamic_user_processing.py
[2026-01-17T06:58:47.703+0000] {processor.py:914} INFO - Processing file /opt/airflow/dags/dynamic_user_processing.py for tasks to queue
[2026-01-17T06:58:47.705+0000] {logging_mixin.py:190} INFO - [2026-01-17T06:58:47.704+0000] {dagbag.py:588} INFO - Filling up the DagBag from /opt/airflow/dags/dynamic_user_processing.py
[2026-01-17T06:58:48.172+0000] {processor.py:925} INFO - DAG(s) 'dynamic_user_processing' retrieved from /opt/airflow/dags/dynamic_user_processing.py
[2026-01-17T06:58:48.208+0000] {logging_mixin.py:190} INFO - [2026-01-17T06:58:48.206+0000] {dag.py:3239} INFO - Sync 1 DAGs
[2026-01-17T06:58:48.492+0000] {logging_mixin.py:190} INFO - [2026-01-17T06:58:48.492+0000] {dag.py:4180} INFO - Setting next_dagrun for dynamic_user_processing to 2026-01-17 00:00:00+00:00, run_after=2026-01-18 00:00:00+00:00
[2026-01-17T06:58:48.520+0000] {processor.py:208} INFO - Processing /opt/airflow/dags/dynamic_user_processing.py took 0.829 seconds
[2026-01-17T06:59:18.828+0000] {processor.py:186} INFO - Started process (PID=12369) to work on /opt/airflow/dags/dynamic_user_processing.py
[2026-01-17T06:59:18.830+0000] {processor.py:914} INFO - Processing file /opt/airflow/dags/dynamic_user_processing.py for tasks to queue
[2026-01-17T06:59:18.832+0000] {logging_mixin.py:190} INFO - [2026-01-17T06:59:18.831+0000] {dagbag.py:588} INFO - Filling up the DagBag from /opt/airflow/dags/dynamic_user_processing.py
[2026-01-17T06:59:19.426+0000] {processor.py:925} INFO - DAG(s) 'dynamic_user_processing' retrieved from /opt/airflow/dags/dynamic_user_processing.py
[2026-01-17T06:59:19.471+0000] {logging_mixin.py:190} INFO - [2026-01-17T06:59:19.471+0000] {dag.py:3239} INFO - Sync 1 DAGs
[2026-01-17T06:59:19.518+0000] {logging_mixin.py:190} INFO - [2026-01-17T06:59:19.518+0000] {dag.py:4180} INFO - Setting next_dagrun for dynamic_user_processing to 2026-01-17 00:00:00+00:00, run_after=2026-01-18 00:00:00+00:00
[2026-01-17T06:59:19.547+0000] {processor.py:208} INFO - Processing /opt/airflow/dags/dynamic_user_processing.py took 0.733 seconds
[2026-01-17T06:59:49.869+0000] {processor.py:186} INFO - Started process (PID=12394) to work on /opt/airflow/dags/dynamic_user_processing.py
[2026-01-17T06:59:49.871+0000] {processor.py:914} INFO - Processing file /opt/airflow/dags/dynamic_user_processing.py for tasks to queue
[2026-01-17T06:59:49.873+0000] {logging_mixin.py:190} INFO - [2026-01-17T06:59:49.872+0000] {dagbag.py:588} INFO - Filling up the DagBag from /opt/airflow/dags/dynamic_user_processing.py
[2026-01-17T06:59:50.380+0000] {processor.py:925} INFO - DAG(s) 'dynamic_user_processing' retrieved from /opt/airflow/dags/dynamic_user_processing.py
[2026-01-17T06:59:50.431+0000] {logging_mixin.py:190} INFO - [2026-01-17T06:59:50.430+0000] {dag.py:3239} INFO - Sync 1 DAGs
[2026-01-17T06:59:50.474+0000] {logging_mixin.py:190} INFO - [2026-01-17T06:59:50.474+0000] {dag.py:4180} INFO - Setting next_dagrun for dynamic_user_processing to 2026-01-17 00:00:00+00:00, run_after=2026-01-18 00:00:00+00:00
[2026-01-17T06:59:50.507+0000] {processor.py:208} INFO - Processing /opt/airflow/dags/dynamic_user_processing.py took 0.652 seconds
[2026-01-17T07:00:21.270+0000] {processor.py:186} INFO - Started process (PID=12417) to work on /opt/airflow/dags/dynamic_user_processing.py
[2026-01-17T07:00:21.272+0000] {processor.py:914} INFO - Processing file /opt/airflow/dags/dynamic_user_processing.py for tasks to queue
[2026-01-17T07:00:21.275+0000] {logging_mixin.py:190} INFO - [2026-01-17T07:00:21.274+0000] {dagbag.py:588} INFO - Filling up the DagBag from /opt/airflow/dags/dynamic_user_processing.py
[2026-01-17T07:00:21.767+0000] {processor.py:925} INFO - DAG(s) 'dynamic_user_processing' retrieved from /opt/airflow/dags/dynamic_user_processing.py
[2026-01-17T07:00:21.822+0000] {logging_mixin.py:190} INFO - [2026-01-17T07:00:21.821+0000] {dag.py:3239} INFO - Sync 1 DAGs
[2026-01-17T07:00:22.161+0000] {logging_mixin.py:190} INFO - [2026-01-17T07:00:22.160+0000] {dag.py:4180} INFO - Setting next_dagrun for dynamic_user_processing to 2026-01-17 00:00:00+00:00, run_after=2026-01-18 00:00:00+00:00
[2026-01-17T07:00:22.187+0000] {processor.py:208} INFO - Processing /opt/airflow/dags/dynamic_user_processing.py took 0.930 seconds
[2026-01-17T07:00:52.812+0000] {processor.py:186} INFO - Started process (PID=12441) to work on /opt/airflow/dags/dynamic_user_processing.py
[2026-01-17T07:00:52.813+0000] {processor.py:914} INFO - Processing file /opt/airflow/dags/dynamic_user_processing.py for tasks to queue
[2026-01-17T07:00:52.814+0000] {logging_mixin.py:190} INFO - [2026-01-17T07:00:52.814+0000] {dagbag.py:588} INFO - Filling up the DagBag from /opt/airflow/dags/dynamic_user_processing.py
[2026-01-17T07:00:53.149+0000] {processor.py:925} INFO - DAG(s) 'dynamic_user_processing' retrieved from /opt/airflow/dags/dynamic_user_processing.py
[2026-01-17T07:00:53.191+0000] {logging_mixin.py:190} INFO - [2026-01-17T07:00:53.189+0000] {dag.py:3239} INFO - Sync 1 DAGs
[2026-01-17T07:00:53.438+0000] {logging_mixin.py:190} INFO - [2026-01-17T07:00:53.437+0000] {dag.py:4180} INFO - Setting next_dagrun for dynamic_user_processing to 2026-01-17 00:00:00+00:00, run_after=2026-01-18 00:00:00+00:00
[2026-01-17T07:00:53.514+0000] {processor.py:208} INFO - Processing /opt/airflow/dags/dynamic_user_processing.py took 0.714 seconds
[2026-01-17T07:01:23.770+0000] {processor.py:186} INFO - Started process (PID=12465) to work on /opt/airflow/dags/dynamic_user_processing.py
[2026-01-17T07:01:23.772+0000] {processor.py:914} INFO - Processing file /opt/airflow/dags/dynamic_user_processing.py for tasks to queue
[2026-01-17T07:01:23.774+0000] {logging_mixin.py:190} INFO - [2026-01-17T07:01:23.773+0000] {dagbag.py:588} INFO - Filling up the DagBag from /opt/airflow/dags/dynamic_user_processing.py
[2026-01-17T07:01:24.243+0000] {processor.py:925} INFO - DAG(s) 'dynamic_user_processing' retrieved from /opt/airflow/dags/dynamic_user_processing.py
[2026-01-17T07:01:24.286+0000] {logging_mixin.py:190} INFO - [2026-01-17T07:01:24.285+0000] {dag.py:3239} INFO - Sync 1 DAGs
[2026-01-17T07:01:24.327+0000] {logging_mixin.py:190} INFO - [2026-01-17T07:01:24.327+0000] {dag.py:4180} INFO - Setting next_dagrun for dynamic_user_processing to 2026-01-17 00:00:00+00:00, run_after=2026-01-18 00:00:00+00:00
[2026-01-17T07:01:24.355+0000] {processor.py:208} INFO - Processing /opt/airflow/dags/dynamic_user_processing.py took 0.595 seconds
[2026-01-17T07:01:54.639+0000] {processor.py:186} INFO - Started process (PID=12489) to work on /opt/airflow/dags/dynamic_user_processing.py
[2026-01-17T07:01:54.640+0000] {processor.py:914} INFO - Processing file /opt/airflow/dags/dynamic_user_processing.py for tasks to queue
[2026-01-17T07:01:54.642+0000] {logging_mixin.py:190} INFO - [2026-01-17T07:01:54.641+0000] {dagbag.py:588} INFO - Filling up the DagBag from /opt/airflow/dags/dynamic_user_processing.py
[2026-01-17T07:01:55.143+0000] {processor.py:925} INFO - DAG(s) 'dynamic_user_processing' retrieved from /opt/airflow/dags/dynamic_user_processing.py
[2026-01-17T07:01:55.183+0000] {logging_mixin.py:190} INFO - [2026-01-17T07:01:55.183+0000] {dag.py:3239} INFO - Sync 1 DAGs
[2026-01-17T07:01:55.222+0000] {logging_mixin.py:190} INFO - [2026-01-17T07:01:55.222+0000] {dag.py:4180} INFO - Setting next_dagrun for dynamic_user_processing to 2026-01-17 00:00:00+00:00, run_after=2026-01-18 00:00:00+00:00
[2026-01-17T07:01:55.250+0000] {processor.py:208} INFO - Processing /opt/airflow/dags/dynamic_user_processing.py took 0.623 seconds
[2026-01-17T07:02:25.855+0000] {processor.py:186} INFO - Started process (PID=12513) to work on /opt/airflow/dags/dynamic_user_processing.py
[2026-01-17T07:02:25.856+0000] {processor.py:914} INFO - Processing file /opt/airflow/dags/dynamic_user_processing.py for tasks to queue
[2026-01-17T07:02:25.858+0000] {logging_mixin.py:190} INFO - [2026-01-17T07:02:25.857+0000] {dagbag.py:588} INFO - Filling up the DagBag from /opt/airflow/dags/dynamic_user_processing.py
[2026-01-17T07:02:26.324+0000] {processor.py:925} INFO - DAG(s) 'dynamic_user_processing' retrieved from /opt/airflow/dags/dynamic_user_processing.py
[2026-01-17T07:02:26.362+0000] {logging_mixin.py:190} INFO - [2026-01-17T07:02:26.361+0000] {dag.py:3239} INFO - Sync 1 DAGs
[2026-01-17T07:02:26.653+0000] {logging_mixin.py:190} INFO - [2026-01-17T07:02:26.652+0000] {dag.py:4180} INFO - Setting next_dagrun for dynamic_user_processing to 2026-01-17 00:00:00+00:00, run_after=2026-01-18 00:00:00+00:00
[2026-01-17T07:02:26.678+0000] {processor.py:208} INFO - Processing /opt/airflow/dags/dynamic_user_processing.py took 0.833 seconds
[2026-01-17T07:02:56.798+0000] {processor.py:186} INFO - Started process (PID=12537) to work on /opt/airflow/dags/dynamic_user_processing.py
[2026-01-17T07:02:56.800+0000] {processor.py:914} INFO - Processing file /opt/airflow/dags/dynamic_user_processing.py for tasks to queue
[2026-01-17T07:02:56.802+0000] {logging_mixin.py:190} INFO - [2026-01-17T07:02:56.801+0000] {dagbag.py:588} INFO - Filling up the DagBag from /opt/airflow/dags/dynamic_user_processing.py
[2026-01-17T07:02:57.094+0000] {processor.py:925} INFO - DAG(s) 'dynamic_user_processing' retrieved from /opt/airflow/dags/dynamic_user_processing.py
[2026-01-17T07:02:57.123+0000] {logging_mixin.py:190} INFO - [2026-01-17T07:02:57.122+0000] {dag.py:3239} INFO - Sync 1 DAGs
[2026-01-17T07:02:57.344+0000] {logging_mixin.py:190} INFO - [2026-01-17T07:02:57.343+0000] {dag.py:4180} INFO - Setting next_dagrun for dynamic_user_processing to 2026-01-17 00:00:00+00:00, run_after=2026-01-18 00:00:00+00:00
[2026-01-17T07:02:57.364+0000] {processor.py:208} INFO - Processing /opt/airflow/dags/dynamic_user_processing.py took 0.581 seconds
[2026-01-17T07:03:28.241+0000] {processor.py:186} INFO - Started process (PID=12561) to work on /opt/airflow/dags/dynamic_user_processing.py
[2026-01-17T07:03:28.243+0000] {processor.py:914} INFO - Processing file /opt/airflow/dags/dynamic_user_processing.py for tasks to queue
[2026-01-17T07:03:28.245+0000] {logging_mixin.py:190} INFO - [2026-01-17T07:03:28.244+0000] {dagbag.py:588} INFO - Filling up the DagBag from /opt/airflow/dags/dynamic_user_processing.py
[2026-01-17T07:03:28.530+0000] {processor.py:925} INFO - DAG(s) 'dynamic_user_processing' retrieved from /opt/airflow/dags/dynamic_user_processing.py
[2026-01-17T07:03:28.558+0000] {logging_mixin.py:190} INFO - [2026-01-17T07:03:28.557+0000] {dag.py:3239} INFO - Sync 1 DAGs
[2026-01-17T07:03:28.580+0000] {logging_mixin.py:190} INFO - [2026-01-17T07:03:28.580+0000] {dag.py:4180} INFO - Setting next_dagrun for dynamic_user_processing to 2026-01-17 00:00:00+00:00, run_after=2026-01-18 00:00:00+00:00
[2026-01-17T07:03:28.605+0000] {processor.py:208} INFO - Processing /opt/airflow/dags/dynamic_user_processing.py took 0.382 seconds
[2026-01-17T07:03:58.773+0000] {processor.py:186} INFO - Started process (PID=12585) to work on /opt/airflow/dags/dynamic_user_processing.py
[2026-01-17T07:03:58.774+0000] {processor.py:914} INFO - Processing file /opt/airflow/dags/dynamic_user_processing.py for tasks to queue
[2026-01-17T07:03:58.776+0000] {logging_mixin.py:190} INFO - [2026-01-17T07:03:58.775+0000] {dagbag.py:588} INFO - Filling up the DagBag from /opt/airflow/dags/dynamic_user_processing.py
[2026-01-17T07:03:59.167+0000] {processor.py:925} INFO - DAG(s) 'dynamic_user_processing' retrieved from /opt/airflow/dags/dynamic_user_processing.py
[2026-01-17T07:03:59.212+0000] {logging_mixin.py:190} INFO - [2026-01-17T07:03:59.211+0000] {dag.py:3239} INFO - Sync 1 DAGs
[2026-01-17T07:03:59.248+0000] {logging_mixin.py:190} INFO - [2026-01-17T07:03:59.248+0000] {dag.py:4180} INFO - Setting next_dagrun for dynamic_user_processing to 2026-01-17 00:00:00+00:00, run_after=2026-01-18 00:00:00+00:00
[2026-01-17T07:03:59.273+0000] {processor.py:208} INFO - Processing /opt/airflow/dags/dynamic_user_processing.py took 0.510 seconds
[2026-01-17T07:04:29.966+0000] {processor.py:186} INFO - Started process (PID=12609) to work on /opt/airflow/dags/dynamic_user_processing.py
[2026-01-17T07:04:29.967+0000] {processor.py:914} INFO - Processing file /opt/airflow/dags/dynamic_user_processing.py for tasks to queue
[2026-01-17T07:04:29.969+0000] {logging_mixin.py:190} INFO - [2026-01-17T07:04:29.968+0000] {dagbag.py:588} INFO - Filling up the DagBag from /opt/airflow/dags/dynamic_user_processing.py
[2026-01-17T07:04:30.334+0000] {processor.py:925} INFO - DAG(s) 'dynamic_user_processing' retrieved from /opt/airflow/dags/dynamic_user_processing.py
[2026-01-17T07:04:30.363+0000] {logging_mixin.py:190} INFO - [2026-01-17T07:04:30.363+0000] {dag.py:3239} INFO - Sync 1 DAGs
[2026-01-17T07:04:30.566+0000] {logging_mixin.py:190} INFO - [2026-01-17T07:04:30.565+0000] {dag.py:4180} INFO - Setting next_dagrun for dynamic_user_processing to 2026-01-17 00:00:00+00:00, run_after=2026-01-18 00:00:00+00:00
[2026-01-17T07:04:30.584+0000] {processor.py:208} INFO - Processing /opt/airflow/dags/dynamic_user_processing.py took 0.626 seconds
[2026-01-17T07:05:01.215+0000] {processor.py:186} INFO - Started process (PID=12633) to work on /opt/airflow/dags/dynamic_user_processing.py
[2026-01-17T07:05:01.217+0000] {processor.py:914} INFO - Processing file /opt/airflow/dags/dynamic_user_processing.py for tasks to queue
[2026-01-17T07:05:01.218+0000] {logging_mixin.py:190} INFO - [2026-01-17T07:05:01.218+0000] {dagbag.py:588} INFO - Filling up the DagBag from /opt/airflow/dags/dynamic_user_processing.py
[2026-01-17T07:05:01.516+0000] {processor.py:925} INFO - DAG(s) 'dynamic_user_processing' retrieved from /opt/airflow/dags/dynamic_user_processing.py
[2026-01-17T07:05:01.543+0000] {logging_mixin.py:190} INFO - [2026-01-17T07:05:01.541+0000] {dag.py:3239} INFO - Sync 1 DAGs
[2026-01-17T07:05:01.789+0000] {logging_mixin.py:190} INFO - [2026-01-17T07:05:01.788+0000] {dag.py:4180} INFO - Setting next_dagrun for dynamic_user_processing to 2026-01-17 00:00:00+00:00, run_after=2026-01-18 00:00:00+00:00
[2026-01-17T07:05:01.817+0000] {processor.py:208} INFO - Processing /opt/airflow/dags/dynamic_user_processing.py took 0.613 seconds
[2026-01-17T07:05:31.883+0000] {processor.py:186} INFO - Started process (PID=12657) to work on /opt/airflow/dags/dynamic_user_processing.py
[2026-01-17T07:05:31.885+0000] {processor.py:914} INFO - Processing file /opt/airflow/dags/dynamic_user_processing.py for tasks to queue
[2026-01-17T07:05:31.887+0000] {logging_mixin.py:190} INFO - [2026-01-17T07:05:31.886+0000] {dagbag.py:588} INFO - Filling up the DagBag from /opt/airflow/dags/dynamic_user_processing.py
[2026-01-17T07:05:32.303+0000] {processor.py:925} INFO - DAG(s) 'dynamic_user_processing' retrieved from /opt/airflow/dags/dynamic_user_processing.py
[2026-01-17T07:05:32.346+0000] {logging_mixin.py:190} INFO - [2026-01-17T07:05:32.345+0000] {dag.py:3239} INFO - Sync 1 DAGs
[2026-01-17T07:05:32.391+0000] {logging_mixin.py:190} INFO - [2026-01-17T07:05:32.391+0000] {dag.py:4180} INFO - Setting next_dagrun for dynamic_user_processing to 2026-01-17 00:00:00+00:00, run_after=2026-01-18 00:00:00+00:00
[2026-01-17T07:05:32.425+0000] {processor.py:208} INFO - Processing /opt/airflow/dags/dynamic_user_processing.py took 0.554 seconds
[2026-01-17T07:06:02.495+0000] {processor.py:186} INFO - Started process (PID=12681) to work on /opt/airflow/dags/dynamic_user_processing.py
[2026-01-17T07:06:02.496+0000] {processor.py:914} INFO - Processing file /opt/airflow/dags/dynamic_user_processing.py for tasks to queue
[2026-01-17T07:06:02.497+0000] {logging_mixin.py:190} INFO - [2026-01-17T07:06:02.497+0000] {dagbag.py:588} INFO - Filling up the DagBag from /opt/airflow/dags/dynamic_user_processing.py
[2026-01-17T07:06:02.807+0000] {processor.py:925} INFO - DAG(s) 'dynamic_user_processing' retrieved from /opt/airflow/dags/dynamic_user_processing.py
[2026-01-17T07:06:02.831+0000] {logging_mixin.py:190} INFO - [2026-01-17T07:06:02.830+0000] {dag.py:3239} INFO - Sync 1 DAGs
[2026-01-17T07:06:02.854+0000] {logging_mixin.py:190} INFO - [2026-01-17T07:06:02.854+0000] {dag.py:4180} INFO - Setting next_dagrun for dynamic_user_processing to 2026-01-17 00:00:00+00:00, run_after=2026-01-18 00:00:00+00:00
[2026-01-17T07:06:02.881+0000] {processor.py:208} INFO - Processing /opt/airflow/dags/dynamic_user_processing.py took 0.394 seconds
[2026-01-17T07:06:34.664+0000] {processor.py:186} INFO - Started process (PID=12705) to work on /opt/airflow/dags/dynamic_user_processing.py
[2026-01-17T07:06:34.665+0000] {processor.py:914} INFO - Processing file /opt/airflow/dags/dynamic_user_processing.py for tasks to queue
[2026-01-17T07:06:34.667+0000] {logging_mixin.py:190} INFO - [2026-01-17T07:06:34.666+0000] {dagbag.py:588} INFO - Filling up the DagBag from /opt/airflow/dags/dynamic_user_processing.py
[2026-01-17T07:06:34.983+0000] {processor.py:925} INFO - DAG(s) 'dynamic_user_processing' retrieved from /opt/airflow/dags/dynamic_user_processing.py
[2026-01-17T07:06:35.011+0000] {logging_mixin.py:190} INFO - [2026-01-17T07:06:35.011+0000] {dag.py:3239} INFO - Sync 1 DAGs
[2026-01-17T07:06:35.243+0000] {logging_mixin.py:190} INFO - [2026-01-17T07:06:35.242+0000] {dag.py:4180} INFO - Setting next_dagrun for dynamic_user_processing to 2026-01-17 00:00:00+00:00, run_after=2026-01-18 00:00:00+00:00
[2026-01-17T07:06:35.271+0000] {processor.py:208} INFO - Processing /opt/airflow/dags/dynamic_user_processing.py took 0.616 seconds
[2026-01-17T07:07:05.534+0000] {processor.py:186} INFO - Started process (PID=12725) to work on /opt/airflow/dags/dynamic_user_processing.py
[2026-01-17T07:07:05.536+0000] {processor.py:914} INFO - Processing file /opt/airflow/dags/dynamic_user_processing.py for tasks to queue
[2026-01-17T07:07:05.539+0000] {logging_mixin.py:190} INFO - [2026-01-17T07:07:05.538+0000] {dagbag.py:588} INFO - Filling up the DagBag from /opt/airflow/dags/dynamic_user_processing.py
[2026-01-17T07:07:06.156+0000] {processor.py:925} INFO - DAG(s) 'dynamic_user_processing' retrieved from /opt/airflow/dags/dynamic_user_processing.py
[2026-01-17T07:07:06.208+0000] {logging_mixin.py:190} INFO - [2026-01-17T07:07:06.205+0000] {dag.py:3239} INFO - Sync 1 DAGs
[2026-01-17T07:07:06.554+0000] {logging_mixin.py:190} INFO - [2026-01-17T07:07:06.553+0000] {dag.py:4180} INFO - Setting next_dagrun for dynamic_user_processing to 2026-01-17 00:00:00+00:00, run_after=2026-01-18 00:00:00+00:00
[2026-01-17T07:07:06.587+0000] {processor.py:208} INFO - Processing /opt/airflow/dags/dynamic_user_processing.py took 1.066 seconds
[2026-01-17T07:07:37.402+0000] {processor.py:186} INFO - Started process (PID=12755) to work on /opt/airflow/dags/dynamic_user_processing.py
[2026-01-17T07:07:37.403+0000] {processor.py:914} INFO - Processing file /opt/airflow/dags/dynamic_user_processing.py for tasks to queue
[2026-01-17T07:07:37.404+0000] {logging_mixin.py:190} INFO - [2026-01-17T07:07:37.404+0000] {dagbag.py:588} INFO - Filling up the DagBag from /opt/airflow/dags/dynamic_user_processing.py
[2026-01-17T07:07:37.873+0000] {processor.py:925} INFO - DAG(s) 'dynamic_user_processing' retrieved from /opt/airflow/dags/dynamic_user_processing.py
[2026-01-17T07:07:37.907+0000] {logging_mixin.py:190} INFO - [2026-01-17T07:07:37.907+0000] {dag.py:3239} INFO - Sync 1 DAGs
[2026-01-17T07:07:37.946+0000] {logging_mixin.py:190} INFO - [2026-01-17T07:07:37.945+0000] {dag.py:4180} INFO - Setting next_dagrun for dynamic_user_processing to 2026-01-17 00:00:00+00:00, run_after=2026-01-18 00:00:00+00:00
[2026-01-17T07:07:37.967+0000] {processor.py:208} INFO - Processing /opt/airflow/dags/dynamic_user_processing.py took 0.576 seconds
[2026-01-17T07:08:08.190+0000] {processor.py:186} INFO - Started process (PID=12779) to work on /opt/airflow/dags/dynamic_user_processing.py
[2026-01-17T07:08:08.193+0000] {processor.py:914} INFO - Processing file /opt/airflow/dags/dynamic_user_processing.py for tasks to queue
[2026-01-17T07:08:08.198+0000] {logging_mixin.py:190} INFO - [2026-01-17T07:08:08.196+0000] {dagbag.py:588} INFO - Filling up the DagBag from /opt/airflow/dags/dynamic_user_processing.py
[2026-01-17T07:08:08.609+0000] {processor.py:925} INFO - DAG(s) 'dynamic_user_processing' retrieved from /opt/airflow/dags/dynamic_user_processing.py
[2026-01-17T07:08:08.642+0000] {logging_mixin.py:190} INFO - [2026-01-17T07:08:08.641+0000] {dag.py:3239} INFO - Sync 1 DAGs
[2026-01-17T07:08:08.669+0000] {logging_mixin.py:190} INFO - [2026-01-17T07:08:08.668+0000] {dag.py:4180} INFO - Setting next_dagrun for dynamic_user_processing to 2026-01-17 00:00:00+00:00, run_after=2026-01-18 00:00:00+00:00
[2026-01-17T07:08:08.689+0000] {processor.py:208} INFO - Processing /opt/airflow/dags/dynamic_user_processing.py took 0.527 seconds
[2026-01-17T07:08:38.898+0000] {processor.py:186} INFO - Started process (PID=12803) to work on /opt/airflow/dags/dynamic_user_processing.py
[2026-01-17T07:08:38.900+0000] {processor.py:914} INFO - Processing file /opt/airflow/dags/dynamic_user_processing.py for tasks to queue
[2026-01-17T07:08:38.902+0000] {logging_mixin.py:190} INFO - [2026-01-17T07:08:38.902+0000] {dagbag.py:588} INFO - Filling up the DagBag from /opt/airflow/dags/dynamic_user_processing.py
[2026-01-17T07:08:39.311+0000] {processor.py:925} INFO - DAG(s) 'dynamic_user_processing' retrieved from /opt/airflow/dags/dynamic_user_processing.py
[2026-01-17T07:08:39.349+0000] {logging_mixin.py:190} INFO - [2026-01-17T07:08:39.348+0000] {dag.py:3239} INFO - Sync 1 DAGs
[2026-01-17T07:08:39.683+0000] {logging_mixin.py:190} INFO - [2026-01-17T07:08:39.682+0000] {dag.py:4180} INFO - Setting next_dagrun for dynamic_user_processing to 2026-01-17 00:00:00+00:00, run_after=2026-01-18 00:00:00+00:00
[2026-01-17T07:08:39.709+0000] {processor.py:208} INFO - Processing /opt/airflow/dags/dynamic_user_processing.py took 0.824 seconds
[2026-01-17T07:09:09.886+0000] {processor.py:186} INFO - Started process (PID=12826) to work on /opt/airflow/dags/dynamic_user_processing.py
[2026-01-17T07:09:09.888+0000] {processor.py:914} INFO - Processing file /opt/airflow/dags/dynamic_user_processing.py for tasks to queue
[2026-01-17T07:09:09.891+0000] {logging_mixin.py:190} INFO - [2026-01-17T07:09:09.889+0000] {dagbag.py:588} INFO - Filling up the DagBag from /opt/airflow/dags/dynamic_user_processing.py
[2026-01-17T07:09:10.355+0000] {processor.py:925} INFO - DAG(s) 'dynamic_user_processing' retrieved from /opt/airflow/dags/dynamic_user_processing.py
[2026-01-17T07:09:10.390+0000] {logging_mixin.py:190} INFO - [2026-01-17T07:09:10.388+0000] {dag.py:3239} INFO - Sync 1 DAGs
[2026-01-17T07:09:10.681+0000] {logging_mixin.py:190} INFO - [2026-01-17T07:09:10.680+0000] {dag.py:4180} INFO - Setting next_dagrun for dynamic_user_processing to 2026-01-17 00:00:00+00:00, run_after=2026-01-18 00:00:00+00:00
[2026-01-17T07:09:10.710+0000] {processor.py:208} INFO - Processing /opt/airflow/dags/dynamic_user_processing.py took 0.834 seconds
[2026-01-17T07:09:41.348+0000] {processor.py:186} INFO - Started process (PID=12850) to work on /opt/airflow/dags/dynamic_user_processing.py
[2026-01-17T07:09:41.350+0000] {processor.py:914} INFO - Processing file /opt/airflow/dags/dynamic_user_processing.py for tasks to queue
[2026-01-17T07:09:41.353+0000] {logging_mixin.py:190} INFO - [2026-01-17T07:09:41.352+0000] {dagbag.py:588} INFO - Filling up the DagBag from /opt/airflow/dags/dynamic_user_processing.py
[2026-01-17T07:09:41.787+0000] {processor.py:925} INFO - DAG(s) 'dynamic_user_processing' retrieved from /opt/airflow/dags/dynamic_user_processing.py
[2026-01-17T07:09:41.822+0000] {logging_mixin.py:190} INFO - [2026-01-17T07:09:41.821+0000] {dag.py:3239} INFO - Sync 1 DAGs
[2026-01-17T07:09:41.850+0000] {logging_mixin.py:190} INFO - [2026-01-17T07:09:41.849+0000] {dag.py:4180} INFO - Setting next_dagrun for dynamic_user_processing to 2026-01-17 00:00:00+00:00, run_after=2026-01-18 00:00:00+00:00
[2026-01-17T07:09:41.870+0000] {processor.py:208} INFO - Processing /opt/airflow/dags/dynamic_user_processing.py took 0.534 seconds
[2026-01-17T07:10:12.104+0000] {processor.py:186} INFO - Started process (PID=12875) to work on /opt/airflow/dags/dynamic_user_processing.py
[2026-01-17T07:10:12.105+0000] {processor.py:914} INFO - Processing file /opt/airflow/dags/dynamic_user_processing.py for tasks to queue
[2026-01-17T07:10:12.107+0000] {logging_mixin.py:190} INFO - [2026-01-17T07:10:12.106+0000] {dagbag.py:588} INFO - Filling up the DagBag from /opt/airflow/dags/dynamic_user_processing.py
[2026-01-17T07:10:12.589+0000] {processor.py:925} INFO - DAG(s) 'dynamic_user_processing' retrieved from /opt/airflow/dags/dynamic_user_processing.py
[2026-01-17T07:10:12.642+0000] {logging_mixin.py:190} INFO - [2026-01-17T07:10:12.641+0000] {dag.py:3239} INFO - Sync 1 DAGs
[2026-01-17T07:10:12.685+0000] {logging_mixin.py:190} INFO - [2026-01-17T07:10:12.684+0000] {dag.py:4180} INFO - Setting next_dagrun for dynamic_user_processing to 2026-01-17 00:00:00+00:00, run_after=2026-01-18 00:00:00+00:00
[2026-01-17T07:10:12.720+0000] {processor.py:208} INFO - Processing /opt/airflow/dags/dynamic_user_processing.py took 0.627 seconds
[2026-01-17T07:10:43.790+0000] {processor.py:186} INFO - Started process (PID=12899) to work on /opt/airflow/dags/dynamic_user_processing.py
[2026-01-17T07:10:43.792+0000] {processor.py:914} INFO - Processing file /opt/airflow/dags/dynamic_user_processing.py for tasks to queue
[2026-01-17T07:10:43.793+0000] {logging_mixin.py:190} INFO - [2026-01-17T07:10:43.793+0000] {dagbag.py:588} INFO - Filling up the DagBag from /opt/airflow/dags/dynamic_user_processing.py
[2026-01-17T07:10:44.255+0000] {processor.py:925} INFO - DAG(s) 'dynamic_user_processing' retrieved from /opt/airflow/dags/dynamic_user_processing.py
[2026-01-17T07:10:44.307+0000] {logging_mixin.py:190} INFO - [2026-01-17T07:10:44.306+0000] {dag.py:3239} INFO - Sync 1 DAGs
[2026-01-17T07:10:44.634+0000] {logging_mixin.py:190} INFO - [2026-01-17T07:10:44.633+0000] {dag.py:4180} INFO - Setting next_dagrun for dynamic_user_processing to 2026-01-17 00:00:00+00:00, run_after=2026-01-18 00:00:00+00:00
[2026-01-17T07:10:44.666+0000] {processor.py:208} INFO - Processing /opt/airflow/dags/dynamic_user_processing.py took 0.888 seconds
[2026-01-17T07:11:14.926+0000] {processor.py:186} INFO - Started process (PID=12923) to work on /opt/airflow/dags/dynamic_user_processing.py
[2026-01-17T07:11:14.928+0000] {processor.py:914} INFO - Processing file /opt/airflow/dags/dynamic_user_processing.py for tasks to queue
[2026-01-17T07:11:14.931+0000] {logging_mixin.py:190} INFO - [2026-01-17T07:11:14.930+0000] {dagbag.py:588} INFO - Filling up the DagBag from /opt/airflow/dags/dynamic_user_processing.py
[2026-01-17T07:11:15.378+0000] {processor.py:925} INFO - DAG(s) 'dynamic_user_processing' retrieved from /opt/airflow/dags/dynamic_user_processing.py
[2026-01-17T07:11:15.635+0000] {logging_mixin.py:190} INFO - [2026-01-17T07:11:15.409+0000] {dag.py:3239} INFO - Sync 1 DAGs
[2026-01-17T07:11:15.671+0000] {logging_mixin.py:190} INFO - [2026-01-17T07:11:15.670+0000] {dag.py:4180} INFO - Setting next_dagrun for dynamic_user_processing to 2026-01-17 00:00:00+00:00, run_after=2026-01-18 00:00:00+00:00
[2026-01-17T07:11:15.691+0000] {processor.py:208} INFO - Processing /opt/airflow/dags/dynamic_user_processing.py took 0.780 seconds
[2026-01-17T07:11:45.785+0000] {processor.py:186} INFO - Started process (PID=12948) to work on /opt/airflow/dags/dynamic_user_processing.py
[2026-01-17T07:11:45.788+0000] {processor.py:914} INFO - Processing file /opt/airflow/dags/dynamic_user_processing.py for tasks to queue
[2026-01-17T07:11:45.791+0000] {logging_mixin.py:190} INFO - [2026-01-17T07:11:45.790+0000] {dagbag.py:588} INFO - Filling up the DagBag from /opt/airflow/dags/dynamic_user_processing.py
[2026-01-17T07:11:46.338+0000] {processor.py:925} INFO - DAG(s) 'dynamic_user_processing' retrieved from /opt/airflow/dags/dynamic_user_processing.py
[2026-01-17T07:11:46.380+0000] {logging_mixin.py:190} INFO - [2026-01-17T07:11:46.379+0000] {dag.py:3239} INFO - Sync 1 DAGs
[2026-01-17T07:11:46.416+0000] {logging_mixin.py:190} INFO - [2026-01-17T07:11:46.416+0000] {dag.py:4180} INFO - Setting next_dagrun for dynamic_user_processing to 2026-01-17 00:00:00+00:00, run_after=2026-01-18 00:00:00+00:00
[2026-01-17T07:11:46.442+0000] {processor.py:208} INFO - Processing /opt/airflow/dags/dynamic_user_processing.py took 0.674 seconds
[2026-01-17T07:12:16.812+0000] {processor.py:186} INFO - Started process (PID=12970) to work on /opt/airflow/dags/dynamic_user_processing.py
[2026-01-17T07:12:16.813+0000] {processor.py:914} INFO - Processing file /opt/airflow/dags/dynamic_user_processing.py for tasks to queue
[2026-01-17T07:12:16.816+0000] {logging_mixin.py:190} INFO - [2026-01-17T07:12:16.815+0000] {dagbag.py:588} INFO - Filling up the DagBag from /opt/airflow/dags/dynamic_user_processing.py
[2026-01-17T07:12:17.254+0000] {processor.py:925} INFO - DAG(s) 'dynamic_user_processing' retrieved from /opt/airflow/dags/dynamic_user_processing.py
[2026-01-17T07:12:17.297+0000] {logging_mixin.py:190} INFO - [2026-01-17T07:12:17.296+0000] {dag.py:3239} INFO - Sync 1 DAGs
[2026-01-17T07:12:17.336+0000] {logging_mixin.py:190} INFO - [2026-01-17T07:12:17.335+0000] {dag.py:4180} INFO - Setting next_dagrun for dynamic_user_processing to 2026-01-17 00:00:00+00:00, run_after=2026-01-18 00:00:00+00:00
[2026-01-17T07:12:17.623+0000] {processor.py:208} INFO - Processing /opt/airflow/dags/dynamic_user_processing.py took 0.823 seconds
[2026-01-17T07:12:47.741+0000] {processor.py:186} INFO - Started process (PID=12994) to work on /opt/airflow/dags/dynamic_user_processing.py
[2026-01-17T07:12:47.743+0000] {processor.py:914} INFO - Processing file /opt/airflow/dags/dynamic_user_processing.py for tasks to queue
[2026-01-17T07:12:47.745+0000] {logging_mixin.py:190} INFO - [2026-01-17T07:12:47.744+0000] {dagbag.py:588} INFO - Filling up the DagBag from /opt/airflow/dags/dynamic_user_processing.py
[2026-01-17T07:12:48.196+0000] {processor.py:925} INFO - DAG(s) 'dynamic_user_processing' retrieved from /opt/airflow/dags/dynamic_user_processing.py
[2026-01-17T07:12:48.237+0000] {logging_mixin.py:190} INFO - [2026-01-17T07:12:48.235+0000] {dag.py:3239} INFO - Sync 1 DAGs
[2026-01-17T07:12:48.544+0000] {logging_mixin.py:190} INFO - [2026-01-17T07:12:48.544+0000] {dag.py:4180} INFO - Setting next_dagrun for dynamic_user_processing to 2026-01-17 00:00:00+00:00, run_after=2026-01-18 00:00:00+00:00
[2026-01-17T07:12:48.571+0000] {processor.py:208} INFO - Processing /opt/airflow/dags/dynamic_user_processing.py took 0.842 seconds
[2026-01-17T07:13:18.721+0000] {processor.py:186} INFO - Started process (PID=13018) to work on /opt/airflow/dags/dynamic_user_processing.py
[2026-01-17T07:13:18.724+0000] {processor.py:914} INFO - Processing file /opt/airflow/dags/dynamic_user_processing.py for tasks to queue
[2026-01-17T07:13:18.727+0000] {logging_mixin.py:190} INFO - [2026-01-17T07:13:18.726+0000] {dagbag.py:588} INFO - Filling up the DagBag from /opt/airflow/dags/dynamic_user_processing.py
[2026-01-17T07:13:19.178+0000] {processor.py:925} INFO - DAG(s) 'dynamic_user_processing' retrieved from /opt/airflow/dags/dynamic_user_processing.py
[2026-01-17T07:13:19.465+0000] {logging_mixin.py:190} INFO - [2026-01-17T07:13:19.210+0000] {dag.py:3239} INFO - Sync 1 DAGs
[2026-01-17T07:13:19.516+0000] {logging_mixin.py:190} INFO - [2026-01-17T07:13:19.516+0000] {dag.py:4180} INFO - Setting next_dagrun for dynamic_user_processing to 2026-01-17 00:00:00+00:00, run_after=2026-01-18 00:00:00+00:00
[2026-01-17T07:13:19.539+0000] {processor.py:208} INFO - Processing /opt/airflow/dags/dynamic_user_processing.py took 0.835 seconds
[2026-01-17T07:13:49.892+0000] {processor.py:186} INFO - Started process (PID=13042) to work on /opt/airflow/dags/dynamic_user_processing.py
[2026-01-17T07:13:49.894+0000] {processor.py:914} INFO - Processing file /opt/airflow/dags/dynamic_user_processing.py for tasks to queue
[2026-01-17T07:13:49.896+0000] {logging_mixin.py:190} INFO - [2026-01-17T07:13:49.896+0000] {dagbag.py:588} INFO - Filling up the DagBag from /opt/airflow/dags/dynamic_user_processing.py
[2026-01-17T07:13:50.315+0000] {processor.py:925} INFO - DAG(s) 'dynamic_user_processing' retrieved from /opt/airflow/dags/dynamic_user_processing.py
[2026-01-17T07:13:50.355+0000] {logging_mixin.py:190} INFO - [2026-01-17T07:13:50.354+0000] {dag.py:3239} INFO - Sync 1 DAGs
[2026-01-17T07:13:50.385+0000] {logging_mixin.py:190} INFO - [2026-01-17T07:13:50.385+0000] {dag.py:4180} INFO - Setting next_dagrun for dynamic_user_processing to 2026-01-17 00:00:00+00:00, run_after=2026-01-18 00:00:00+00:00
[2026-01-17T07:13:50.408+0000] {processor.py:208} INFO - Processing /opt/airflow/dags/dynamic_user_processing.py took 0.532 seconds
[2026-01-17T07:14:20.704+0000] {processor.py:186} INFO - Started process (PID=13066) to work on /opt/airflow/dags/dynamic_user_processing.py
[2026-01-17T07:14:20.706+0000] {processor.py:914} INFO - Processing file /opt/airflow/dags/dynamic_user_processing.py for tasks to queue
[2026-01-17T07:14:20.708+0000] {logging_mixin.py:190} INFO - [2026-01-17T07:14:20.708+0000] {dagbag.py:588} INFO - Filling up the DagBag from /opt/airflow/dags/dynamic_user_processing.py
[2026-01-17T07:14:21.153+0000] {processor.py:925} INFO - DAG(s) 'dynamic_user_processing' retrieved from /opt/airflow/dags/dynamic_user_processing.py
[2026-01-17T07:14:21.185+0000] {logging_mixin.py:190} INFO - [2026-01-17T07:14:21.185+0000] {dag.py:3239} INFO - Sync 1 DAGs
[2026-01-17T07:14:21.214+0000] {logging_mixin.py:190} INFO - [2026-01-17T07:14:21.214+0000] {dag.py:4180} INFO - Setting next_dagrun for dynamic_user_processing to 2026-01-17 00:00:00+00:00, run_after=2026-01-18 00:00:00+00:00
[2026-01-17T07:14:21.500+0000] {processor.py:208} INFO - Processing /opt/airflow/dags/dynamic_user_processing.py took 0.808 seconds
[2026-01-17T07:14:52.305+0000] {processor.py:186} INFO - Started process (PID=13091) to work on /opt/airflow/dags/dynamic_user_processing.py
[2026-01-17T07:14:52.307+0000] {processor.py:914} INFO - Processing file /opt/airflow/dags/dynamic_user_processing.py for tasks to queue
[2026-01-17T07:14:52.308+0000] {logging_mixin.py:190} INFO - [2026-01-17T07:14:52.308+0000] {dagbag.py:588} INFO - Filling up the DagBag from /opt/airflow/dags/dynamic_user_processing.py
[2026-01-17T07:14:52.695+0000] {processor.py:925} INFO - DAG(s) 'dynamic_user_processing' retrieved from /opt/airflow/dags/dynamic_user_processing.py
[2026-01-17T07:14:52.730+0000] {logging_mixin.py:190} INFO - [2026-01-17T07:14:52.729+0000] {dag.py:3239} INFO - Sync 1 DAGs
[2026-01-17T07:14:53.006+0000] {logging_mixin.py:190} INFO - [2026-01-17T07:14:53.005+0000] {dag.py:4180} INFO - Setting next_dagrun for dynamic_user_processing to 2026-01-17 00:00:00+00:00, run_after=2026-01-18 00:00:00+00:00
[2026-01-17T07:14:53.032+0000] {processor.py:208} INFO - Processing /opt/airflow/dags/dynamic_user_processing.py took 0.738 seconds
[2026-01-17T07:15:23.827+0000] {processor.py:186} INFO - Started process (PID=13115) to work on /opt/airflow/dags/dynamic_user_processing.py
[2026-01-17T07:15:23.829+0000] {processor.py:914} INFO - Processing file /opt/airflow/dags/dynamic_user_processing.py for tasks to queue
[2026-01-17T07:15:23.832+0000] {logging_mixin.py:190} INFO - [2026-01-17T07:15:23.831+0000] {dagbag.py:588} INFO - Filling up the DagBag from /opt/airflow/dags/dynamic_user_processing.py
[2026-01-17T07:15:24.352+0000] {processor.py:925} INFO - DAG(s) 'dynamic_user_processing' retrieved from /opt/airflow/dags/dynamic_user_processing.py
[2026-01-17T07:15:24.717+0000] {logging_mixin.py:190} INFO - [2026-01-17T07:15:24.392+0000] {dag.py:3239} INFO - Sync 1 DAGs
[2026-01-17T07:15:24.757+0000] {logging_mixin.py:190} INFO - [2026-01-17T07:15:24.757+0000] {dag.py:4180} INFO - Setting next_dagrun for dynamic_user_processing to 2026-01-17 00:00:00+00:00, run_after=2026-01-18 00:00:00+00:00
[2026-01-17T07:15:24.781+0000] {processor.py:208} INFO - Processing /opt/airflow/dags/dynamic_user_processing.py took 0.967 seconds
[2026-01-17T07:15:55.110+0000] {processor.py:186} INFO - Started process (PID=13139) to work on /opt/airflow/dags/dynamic_user_processing.py
[2026-01-17T07:15:55.112+0000] {processor.py:914} INFO - Processing file /opt/airflow/dags/dynamic_user_processing.py for tasks to queue
[2026-01-17T07:15:55.115+0000] {logging_mixin.py:190} INFO - [2026-01-17T07:15:55.114+0000] {dagbag.py:588} INFO - Filling up the DagBag from /opt/airflow/dags/dynamic_user_processing.py
[2026-01-17T07:15:55.963+0000] {processor.py:925} INFO - DAG(s) 'dynamic_user_processing' retrieved from /opt/airflow/dags/dynamic_user_processing.py
[2026-01-17T07:15:56.014+0000] {logging_mixin.py:190} INFO - [2026-01-17T07:15:56.012+0000] {dag.py:3239} INFO - Sync 1 DAGs
[2026-01-17T07:15:56.056+0000] {logging_mixin.py:190} INFO - [2026-01-17T07:15:56.055+0000] {dag.py:4180} INFO - Setting next_dagrun for dynamic_user_processing to 2026-01-17 00:00:00+00:00, run_after=2026-01-18 00:00:00+00:00
[2026-01-17T07:15:56.084+0000] {processor.py:208} INFO - Processing /opt/airflow/dags/dynamic_user_processing.py took 0.990 seconds
[2026-01-17T07:16:26.180+0000] {processor.py:186} INFO - Started process (PID=13163) to work on /opt/airflow/dags/dynamic_user_processing.py
[2026-01-17T07:16:26.182+0000] {processor.py:914} INFO - Processing file /opt/airflow/dags/dynamic_user_processing.py for tasks to queue
[2026-01-17T07:16:26.184+0000] {logging_mixin.py:190} INFO - [2026-01-17T07:16:26.184+0000] {dagbag.py:588} INFO - Filling up the DagBag from /opt/airflow/dags/dynamic_user_processing.py
[2026-01-17T07:16:26.787+0000] {processor.py:925} INFO - DAG(s) 'dynamic_user_processing' retrieved from /opt/airflow/dags/dynamic_user_processing.py
[2026-01-17T07:16:26.839+0000] {logging_mixin.py:190} INFO - [2026-01-17T07:16:26.838+0000] {dag.py:3239} INFO - Sync 1 DAGs
[2026-01-17T07:16:26.887+0000] {logging_mixin.py:190} INFO - [2026-01-17T07:16:26.887+0000] {dag.py:4180} INFO - Setting next_dagrun for dynamic_user_processing to 2026-01-17 00:00:00+00:00, run_after=2026-01-18 00:00:00+00:00
[2026-01-17T07:16:27.204+0000] {processor.py:208} INFO - Processing /opt/airflow/dags/dynamic_user_processing.py took 1.040 seconds
[2026-01-17T07:16:57.295+0000] {processor.py:186} INFO - Started process (PID=13187) to work on /opt/airflow/dags/dynamic_user_processing.py
[2026-01-17T07:16:57.296+0000] {processor.py:914} INFO - Processing file /opt/airflow/dags/dynamic_user_processing.py for tasks to queue
[2026-01-17T07:16:57.299+0000] {logging_mixin.py:190} INFO - [2026-01-17T07:16:57.298+0000] {dagbag.py:588} INFO - Filling up the DagBag from /opt/airflow/dags/dynamic_user_processing.py
[2026-01-17T07:16:57.681+0000] {processor.py:925} INFO - DAG(s) 'dynamic_user_processing' retrieved from /opt/airflow/dags/dynamic_user_processing.py
[2026-01-17T07:16:57.710+0000] {logging_mixin.py:190} INFO - [2026-01-17T07:16:57.708+0000] {dag.py:3239} INFO - Sync 1 DAGs
[2026-01-17T07:16:57.942+0000] {logging_mixin.py:190} INFO - [2026-01-17T07:16:57.942+0000] {dag.py:4180} INFO - Setting next_dagrun for dynamic_user_processing to 2026-01-17 00:00:00+00:00, run_after=2026-01-18 00:00:00+00:00
[2026-01-17T07:16:57.977+0000] {processor.py:208} INFO - Processing /opt/airflow/dags/dynamic_user_processing.py took 0.694 seconds
[2026-01-17T07:17:28.384+0000] {processor.py:186} INFO - Started process (PID=13213) to work on /opt/airflow/dags/dynamic_user_processing.py
[2026-01-17T07:17:28.386+0000] {processor.py:914} INFO - Processing file /opt/airflow/dags/dynamic_user_processing.py for tasks to queue
[2026-01-17T07:17:28.387+0000] {logging_mixin.py:190} INFO - [2026-01-17T07:17:28.387+0000] {dagbag.py:588} INFO - Filling up the DagBag from /opt/airflow/dags/dynamic_user_processing.py
[2026-01-17T07:17:28.692+0000] {processor.py:925} INFO - DAG(s) 'dynamic_user_processing' retrieved from /opt/airflow/dags/dynamic_user_processing.py
[2026-01-17T07:17:28.927+0000] {logging_mixin.py:190} INFO - [2026-01-17T07:17:28.926+0000] {dag.py:3239} INFO - Sync 1 DAGs
[2026-01-17T07:17:28.972+0000] {logging_mixin.py:190} INFO - [2026-01-17T07:17:28.971+0000] {dag.py:4180} INFO - Setting next_dagrun for dynamic_user_processing to 2026-01-17 00:00:00+00:00, run_after=2026-01-18 00:00:00+00:00
[2026-01-17T07:17:28.988+0000] {processor.py:208} INFO - Processing /opt/airflow/dags/dynamic_user_processing.py took 0.613 seconds
[2026-01-17T07:17:59.238+0000] {processor.py:186} INFO - Started process (PID=13236) to work on /opt/airflow/dags/dynamic_user_processing.py
[2026-01-17T07:17:59.239+0000] {processor.py:914} INFO - Processing file /opt/airflow/dags/dynamic_user_processing.py for tasks to queue
[2026-01-17T07:17:59.240+0000] {logging_mixin.py:190} INFO - [2026-01-17T07:17:59.240+0000] {dagbag.py:588} INFO - Filling up the DagBag from /opt/airflow/dags/dynamic_user_processing.py
[2026-01-17T07:17:59.566+0000] {processor.py:925} INFO - DAG(s) 'dynamic_user_processing' retrieved from /opt/airflow/dags/dynamic_user_processing.py
[2026-01-17T07:17:59.599+0000] {logging_mixin.py:190} INFO - [2026-01-17T07:17:59.598+0000] {dag.py:3239} INFO - Sync 1 DAGs
[2026-01-17T07:17:59.634+0000] {logging_mixin.py:190} INFO - [2026-01-17T07:17:59.634+0000] {dag.py:4180} INFO - Setting next_dagrun for dynamic_user_processing to 2026-01-17 00:00:00+00:00, run_after=2026-01-18 00:00:00+00:00
[2026-01-17T07:17:59.668+0000] {processor.py:208} INFO - Processing /opt/airflow/dags/dynamic_user_processing.py took 0.439 seconds
[2026-01-17T07:18:30.569+0000] {processor.py:186} INFO - Started process (PID=13261) to work on /opt/airflow/dags/dynamic_user_processing.py
[2026-01-17T07:18:30.572+0000] {processor.py:914} INFO - Processing file /opt/airflow/dags/dynamic_user_processing.py for tasks to queue
[2026-01-17T07:18:30.573+0000] {logging_mixin.py:190} INFO - [2026-01-17T07:18:30.573+0000] {dagbag.py:588} INFO - Filling up the DagBag from /opt/airflow/dags/dynamic_user_processing.py
[2026-01-17T07:18:30.982+0000] {processor.py:925} INFO - DAG(s) 'dynamic_user_processing' retrieved from /opt/airflow/dags/dynamic_user_processing.py
[2026-01-17T07:18:31.013+0000] {logging_mixin.py:190} INFO - [2026-01-17T07:18:31.013+0000] {dag.py:3239} INFO - Sync 1 DAGs
[2026-01-17T07:18:31.282+0000] {logging_mixin.py:190} INFO - [2026-01-17T07:18:31.281+0000] {dag.py:4180} INFO - Setting next_dagrun for dynamic_user_processing to 2026-01-17 00:00:00+00:00, run_after=2026-01-18 00:00:00+00:00
[2026-01-17T07:18:31.315+0000] {processor.py:208} INFO - Processing /opt/airflow/dags/dynamic_user_processing.py took 0.758 seconds
[2026-01-17T07:19:02.411+0000] {processor.py:186} INFO - Started process (PID=13287) to work on /opt/airflow/dags/dynamic_user_processing.py
[2026-01-17T07:19:02.412+0000] {processor.py:914} INFO - Processing file /opt/airflow/dags/dynamic_user_processing.py for tasks to queue
[2026-01-17T07:19:02.414+0000] {logging_mixin.py:190} INFO - [2026-01-17T07:19:02.414+0000] {dagbag.py:588} INFO - Filling up the DagBag from /opt/airflow/dags/dynamic_user_processing.py
[2026-01-17T07:19:02.963+0000] {processor.py:925} INFO - DAG(s) 'dynamic_user_processing' retrieved from /opt/airflow/dags/dynamic_user_processing.py
[2026-01-17T07:19:03.286+0000] {logging_mixin.py:190} INFO - [2026-01-17T07:19:03.005+0000] {dag.py:3239} INFO - Sync 1 DAGs
[2026-01-17T07:19:03.324+0000] {logging_mixin.py:190} INFO - [2026-01-17T07:19:03.324+0000] {dag.py:4180} INFO - Setting next_dagrun for dynamic_user_processing to 2026-01-17 00:00:00+00:00, run_after=2026-01-18 00:00:00+00:00
[2026-01-17T07:19:03.345+0000] {processor.py:208} INFO - Processing /opt/airflow/dags/dynamic_user_processing.py took 0.948 seconds
[2026-01-17T07:19:33.679+0000] {processor.py:186} INFO - Started process (PID=13311) to work on /opt/airflow/dags/dynamic_user_processing.py
[2026-01-17T07:19:33.680+0000] {processor.py:914} INFO - Processing file /opt/airflow/dags/dynamic_user_processing.py for tasks to queue
[2026-01-17T07:19:33.682+0000] {logging_mixin.py:190} INFO - [2026-01-17T07:19:33.682+0000] {dagbag.py:588} INFO - Filling up the DagBag from /opt/airflow/dags/dynamic_user_processing.py
[2026-01-17T07:19:34.720+0000] {processor.py:925} INFO - DAG(s) 'dynamic_user_processing' retrieved from /opt/airflow/dags/dynamic_user_processing.py
[2026-01-17T07:19:34.770+0000] {logging_mixin.py:190} INFO - [2026-01-17T07:19:34.768+0000] {dag.py:3239} INFO - Sync 1 DAGs
[2026-01-17T07:19:34.817+0000] {logging_mixin.py:190} INFO - [2026-01-17T07:19:34.817+0000] {dag.py:4180} INFO - Setting next_dagrun for dynamic_user_processing to 2026-01-17 00:00:00+00:00, run_after=2026-01-18 00:00:00+00:00
[2026-01-17T07:19:34.864+0000] {processor.py:208} INFO - Processing /opt/airflow/dags/dynamic_user_processing.py took 1.197 seconds
[2026-01-17T07:20:05.391+0000] {processor.py:186} INFO - Started process (PID=13335) to work on /opt/airflow/dags/dynamic_user_processing.py
[2026-01-17T07:20:05.393+0000] {processor.py:914} INFO - Processing file /opt/airflow/dags/dynamic_user_processing.py for tasks to queue
[2026-01-17T07:20:05.398+0000] {logging_mixin.py:190} INFO - [2026-01-17T07:20:05.397+0000] {dagbag.py:588} INFO - Filling up the DagBag from /opt/airflow/dags/dynamic_user_processing.py
[2026-01-17T07:20:06.923+0000] {processor.py:925} INFO - DAG(s) 'dynamic_user_processing' retrieved from /opt/airflow/dags/dynamic_user_processing.py
[2026-01-17T07:20:06.992+0000] {logging_mixin.py:190} INFO - [2026-01-17T07:20:06.990+0000] {dag.py:3239} INFO - Sync 1 DAGs
[2026-01-17T07:20:07.075+0000] {logging_mixin.py:190} INFO - [2026-01-17T07:20:07.074+0000] {dag.py:4180} INFO - Setting next_dagrun for dynamic_user_processing to 2026-01-17 00:00:00+00:00, run_after=2026-01-18 00:00:00+00:00
[2026-01-17T07:20:07.489+0000] {processor.py:208} INFO - Processing /opt/airflow/dags/dynamic_user_processing.py took 2.119 seconds
[2026-01-17T07:20:38.063+0000] {processor.py:186} INFO - Started process (PID=13359) to work on /opt/airflow/dags/dynamic_user_processing.py
[2026-01-17T07:20:38.065+0000] {processor.py:914} INFO - Processing file /opt/airflow/dags/dynamic_user_processing.py for tasks to queue
[2026-01-17T07:20:38.070+0000] {logging_mixin.py:190} INFO - [2026-01-17T07:20:38.068+0000] {dagbag.py:588} INFO - Filling up the DagBag from /opt/airflow/dags/dynamic_user_processing.py
[2026-01-17T07:20:39.530+0000] {processor.py:925} INFO - DAG(s) 'dynamic_user_processing' retrieved from /opt/airflow/dags/dynamic_user_processing.py
[2026-01-17T07:20:39.612+0000] {logging_mixin.py:190} INFO - [2026-01-17T07:20:39.610+0000] {dag.py:3239} INFO - Sync 1 DAGs
[2026-01-17T07:20:40.283+0000] {logging_mixin.py:190} INFO - [2026-01-17T07:20:40.282+0000] {dag.py:4180} INFO - Setting next_dagrun for dynamic_user_processing to 2026-01-17 00:00:00+00:00, run_after=2026-01-18 00:00:00+00:00
[2026-01-17T07:20:40.340+0000] {processor.py:208} INFO - Processing /opt/airflow/dags/dynamic_user_processing.py took 2.298 seconds
[2026-01-17T07:21:10.977+0000] {processor.py:186} INFO - Started process (PID=13389) to work on /opt/airflow/dags/dynamic_user_processing.py
[2026-01-17T07:21:10.986+0000] {processor.py:914} INFO - Processing file /opt/airflow/dags/dynamic_user_processing.py for tasks to queue
[2026-01-17T07:21:10.988+0000] {logging_mixin.py:190} INFO - [2026-01-17T07:21:10.988+0000] {dagbag.py:588} INFO - Filling up the DagBag from /opt/airflow/dags/dynamic_user_processing.py
[2026-01-17T07:21:11.439+0000] {processor.py:925} INFO - DAG(s) 'dynamic_user_processing' retrieved from /opt/airflow/dags/dynamic_user_processing.py
[2026-01-17T07:21:11.714+0000] {logging_mixin.py:190} INFO - [2026-01-17T07:21:11.713+0000] {dag.py:3239} INFO - Sync 1 DAGs
[2026-01-17T07:21:11.742+0000] {logging_mixin.py:190} INFO - [2026-01-17T07:21:11.742+0000] {dag.py:4180} INFO - Setting next_dagrun for dynamic_user_processing to 2026-01-17 00:00:00+00:00, run_after=2026-01-18 00:00:00+00:00
[2026-01-17T07:21:11.773+0000] {processor.py:208} INFO - Processing /opt/airflow/dags/dynamic_user_processing.py took 0.805 seconds
[2026-01-17T07:21:42.087+0000] {processor.py:186} INFO - Started process (PID=13413) to work on /opt/airflow/dags/dynamic_user_processing.py
[2026-01-17T07:21:42.088+0000] {processor.py:914} INFO - Processing file /opt/airflow/dags/dynamic_user_processing.py for tasks to queue
[2026-01-17T07:21:42.089+0000] {logging_mixin.py:190} INFO - [2026-01-17T07:21:42.089+0000] {dagbag.py:588} INFO - Filling up the DagBag from /opt/airflow/dags/dynamic_user_processing.py
[2026-01-17T07:21:42.656+0000] {processor.py:925} INFO - DAG(s) 'dynamic_user_processing' retrieved from /opt/airflow/dags/dynamic_user_processing.py
[2026-01-17T07:21:42.690+0000] {logging_mixin.py:190} INFO - [2026-01-17T07:21:42.689+0000] {dag.py:3239} INFO - Sync 1 DAGs
[2026-01-17T07:21:42.721+0000] {logging_mixin.py:190} INFO - [2026-01-17T07:21:42.721+0000] {dag.py:4180} INFO - Setting next_dagrun for dynamic_user_processing to 2026-01-17 00:00:00+00:00, run_after=2026-01-18 00:00:00+00:00
[2026-01-17T07:21:42.751+0000] {processor.py:208} INFO - Processing /opt/airflow/dags/dynamic_user_processing.py took 0.672 seconds
[2026-01-17T07:22:13.802+0000] {processor.py:186} INFO - Started process (PID=13437) to work on /opt/airflow/dags/dynamic_user_processing.py
[2026-01-17T07:22:13.804+0000] {processor.py:914} INFO - Processing file /opt/airflow/dags/dynamic_user_processing.py for tasks to queue
[2026-01-17T07:22:13.807+0000] {logging_mixin.py:190} INFO - [2026-01-17T07:22:13.806+0000] {dagbag.py:588} INFO - Filling up the DagBag from /opt/airflow/dags/dynamic_user_processing.py
[2026-01-17T07:22:14.714+0000] {processor.py:925} INFO - DAG(s) 'dynamic_user_processing' retrieved from /opt/airflow/dags/dynamic_user_processing.py
[2026-01-17T07:22:14.757+0000] {logging_mixin.py:190} INFO - [2026-01-17T07:22:14.756+0000] {dag.py:3239} INFO - Sync 1 DAGs
[2026-01-17T07:22:14.794+0000] {logging_mixin.py:190} INFO - [2026-01-17T07:22:14.793+0000] {dag.py:4180} INFO - Setting next_dagrun for dynamic_user_processing to 2026-01-17 00:00:00+00:00, run_after=2026-01-18 00:00:00+00:00
[2026-01-17T07:22:14.824+0000] {processor.py:208} INFO - Processing /opt/airflow/dags/dynamic_user_processing.py took 1.044 seconds
[2026-01-17T07:22:45.064+0000] {processor.py:186} INFO - Started process (PID=13461) to work on /opt/airflow/dags/dynamic_user_processing.py
[2026-01-17T07:22:45.067+0000] {processor.py:914} INFO - Processing file /opt/airflow/dags/dynamic_user_processing.py for tasks to queue
[2026-01-17T07:22:45.071+0000] {logging_mixin.py:190} INFO - [2026-01-17T07:22:45.070+0000] {dagbag.py:588} INFO - Filling up the DagBag from /opt/airflow/dags/dynamic_user_processing.py
[2026-01-17T07:22:46.102+0000] {processor.py:925} INFO - DAG(s) 'dynamic_user_processing' retrieved from /opt/airflow/dags/dynamic_user_processing.py
[2026-01-17T07:22:46.207+0000] {logging_mixin.py:190} INFO - [2026-01-17T07:22:46.205+0000] {dag.py:3239} INFO - Sync 1 DAGs
[2026-01-17T07:22:46.740+0000] {logging_mixin.py:190} INFO - [2026-01-17T07:22:46.740+0000] {dag.py:4180} INFO - Setting next_dagrun for dynamic_user_processing to 2026-01-17 00:00:00+00:00, run_after=2026-01-18 00:00:00+00:00
[2026-01-17T07:22:46.797+0000] {processor.py:208} INFO - Processing /opt/airflow/dags/dynamic_user_processing.py took 1.757 seconds
[2026-01-17T07:23:17.632+0000] {processor.py:186} INFO - Started process (PID=13485) to work on /opt/airflow/dags/dynamic_user_processing.py
[2026-01-17T07:23:17.634+0000] {processor.py:914} INFO - Processing file /opt/airflow/dags/dynamic_user_processing.py for tasks to queue
[2026-01-17T07:23:17.637+0000] {logging_mixin.py:190} INFO - [2026-01-17T07:23:17.636+0000] {dagbag.py:588} INFO - Filling up the DagBag from /opt/airflow/dags/dynamic_user_processing.py
[2026-01-17T07:23:18.311+0000] {processor.py:925} INFO - DAG(s) 'dynamic_user_processing' retrieved from /opt/airflow/dags/dynamic_user_processing.py
[2026-01-17T07:23:18.787+0000] {logging_mixin.py:190} INFO - [2026-01-17T07:23:18.786+0000] {dag.py:3239} INFO - Sync 1 DAGs
[2026-01-17T07:23:18.823+0000] {logging_mixin.py:190} INFO - [2026-01-17T07:23:18.823+0000] {dag.py:4180} INFO - Setting next_dagrun for dynamic_user_processing to 2026-01-17 00:00:00+00:00, run_after=2026-01-18 00:00:00+00:00
[2026-01-17T07:23:18.899+0000] {processor.py:208} INFO - Processing /opt/airflow/dags/dynamic_user_processing.py took 1.287 seconds
[2026-01-17T07:23:49.694+0000] {processor.py:186} INFO - Started process (PID=13510) to work on /opt/airflow/dags/dynamic_user_processing.py
[2026-01-17T07:23:49.696+0000] {processor.py:914} INFO - Processing file /opt/airflow/dags/dynamic_user_processing.py for tasks to queue
[2026-01-17T07:23:49.700+0000] {logging_mixin.py:190} INFO - [2026-01-17T07:23:49.698+0000] {dagbag.py:588} INFO - Filling up the DagBag from /opt/airflow/dags/dynamic_user_processing.py
[2026-01-17T07:23:50.643+0000] {processor.py:925} INFO - DAG(s) 'dynamic_user_processing' retrieved from /opt/airflow/dags/dynamic_user_processing.py
[2026-01-17T07:23:50.699+0000] {logging_mixin.py:190} INFO - [2026-01-17T07:23:50.697+0000] {dag.py:3239} INFO - Sync 1 DAGs
[2026-01-17T07:23:50.745+0000] {logging_mixin.py:190} INFO - [2026-01-17T07:23:50.744+0000] {dag.py:4180} INFO - Setting next_dagrun for dynamic_user_processing to 2026-01-17 00:00:00+00:00, run_after=2026-01-18 00:00:00+00:00
[2026-01-17T07:23:50.784+0000] {processor.py:208} INFO - Processing /opt/airflow/dags/dynamic_user_processing.py took 1.105 seconds
[2026-01-17T07:24:21.262+0000] {processor.py:186} INFO - Started process (PID=13534) to work on /opt/airflow/dags/dynamic_user_processing.py
[2026-01-17T07:24:21.263+0000] {processor.py:914} INFO - Processing file /opt/airflow/dags/dynamic_user_processing.py for tasks to queue
[2026-01-17T07:24:21.265+0000] {logging_mixin.py:190} INFO - [2026-01-17T07:24:21.265+0000] {dagbag.py:588} INFO - Filling up the DagBag from /opt/airflow/dags/dynamic_user_processing.py
[2026-01-17T07:24:21.986+0000] {processor.py:925} INFO - DAG(s) 'dynamic_user_processing' retrieved from /opt/airflow/dags/dynamic_user_processing.py
[2026-01-17T07:24:22.030+0000] {logging_mixin.py:190} INFO - [2026-01-17T07:24:22.029+0000] {dag.py:3239} INFO - Sync 1 DAGs
[2026-01-17T07:24:22.069+0000] {logging_mixin.py:190} INFO - [2026-01-17T07:24:22.068+0000] {dag.py:4180} INFO - Setting next_dagrun for dynamic_user_processing to 2026-01-17 00:00:00+00:00, run_after=2026-01-18 00:00:00+00:00
[2026-01-17T07:24:22.099+0000] {processor.py:208} INFO - Processing /opt/airflow/dags/dynamic_user_processing.py took 0.847 seconds
[2026-01-17T07:24:52.221+0000] {processor.py:186} INFO - Started process (PID=13557) to work on /opt/airflow/dags/dynamic_user_processing.py
[2026-01-17T07:24:52.223+0000] {processor.py:914} INFO - Processing file /opt/airflow/dags/dynamic_user_processing.py for tasks to queue
[2026-01-17T07:24:52.225+0000] {logging_mixin.py:190} INFO - [2026-01-17T07:24:52.225+0000] {dagbag.py:588} INFO - Filling up the DagBag from /opt/airflow/dags/dynamic_user_processing.py
[2026-01-17T07:24:52.627+0000] {processor.py:925} INFO - DAG(s) 'dynamic_user_processing' retrieved from /opt/airflow/dags/dynamic_user_processing.py
[2026-01-17T07:24:52.666+0000] {logging_mixin.py:190} INFO - [2026-01-17T07:24:52.664+0000] {dag.py:3239} INFO - Sync 1 DAGs
[2026-01-17T07:24:52.985+0000] {logging_mixin.py:190} INFO - [2026-01-17T07:24:52.984+0000] {dag.py:4180} INFO - Setting next_dagrun for dynamic_user_processing to 2026-01-17 00:00:00+00:00, run_after=2026-01-18 00:00:00+00:00
[2026-01-17T07:24:53.012+0000] {processor.py:208} INFO - Processing /opt/airflow/dags/dynamic_user_processing.py took 0.802 seconds
[2026-01-17T07:25:23.925+0000] {processor.py:186} INFO - Started process (PID=13581) to work on /opt/airflow/dags/dynamic_user_processing.py
[2026-01-17T07:25:23.927+0000] {processor.py:914} INFO - Processing file /opt/airflow/dags/dynamic_user_processing.py for tasks to queue
[2026-01-17T07:25:23.929+0000] {logging_mixin.py:190} INFO - [2026-01-17T07:25:23.928+0000] {dagbag.py:588} INFO - Filling up the DagBag from /opt/airflow/dags/dynamic_user_processing.py
[2026-01-17T07:25:24.348+0000] {processor.py:925} INFO - DAG(s) 'dynamic_user_processing' retrieved from /opt/airflow/dags/dynamic_user_processing.py
[2026-01-17T07:25:24.642+0000] {logging_mixin.py:190} INFO - [2026-01-17T07:25:24.640+0000] {dag.py:3239} INFO - Sync 1 DAGs
[2026-01-17T07:25:24.683+0000] {logging_mixin.py:190} INFO - [2026-01-17T07:25:24.682+0000] {dag.py:4180} INFO - Setting next_dagrun for dynamic_user_processing to 2026-01-17 00:00:00+00:00, run_after=2026-01-18 00:00:00+00:00
[2026-01-17T07:25:24.710+0000] {processor.py:208} INFO - Processing /opt/airflow/dags/dynamic_user_processing.py took 0.796 seconds
[2026-01-17T07:25:55.409+0000] {processor.py:186} INFO - Started process (PID=13605) to work on /opt/airflow/dags/dynamic_user_processing.py
[2026-01-17T07:25:55.410+0000] {processor.py:914} INFO - Processing file /opt/airflow/dags/dynamic_user_processing.py for tasks to queue
[2026-01-17T07:25:55.412+0000] {logging_mixin.py:190} INFO - [2026-01-17T07:25:55.412+0000] {dagbag.py:588} INFO - Filling up the DagBag from /opt/airflow/dags/dynamic_user_processing.py
[2026-01-17T07:25:55.983+0000] {processor.py:925} INFO - DAG(s) 'dynamic_user_processing' retrieved from /opt/airflow/dags/dynamic_user_processing.py
[2026-01-17T07:25:56.021+0000] {logging_mixin.py:190} INFO - [2026-01-17T07:25:56.020+0000] {dag.py:3239} INFO - Sync 1 DAGs
[2026-01-17T07:25:56.056+0000] {logging_mixin.py:190} INFO - [2026-01-17T07:25:56.055+0000] {dag.py:4180} INFO - Setting next_dagrun for dynamic_user_processing to 2026-01-17 00:00:00+00:00, run_after=2026-01-18 00:00:00+00:00
[2026-01-17T07:25:56.088+0000] {processor.py:208} INFO - Processing /opt/airflow/dags/dynamic_user_processing.py took 0.688 seconds
[2026-01-17T07:26:26.482+0000] {processor.py:186} INFO - Started process (PID=13629) to work on /opt/airflow/dags/dynamic_user_processing.py
[2026-01-17T07:26:26.484+0000] {processor.py:914} INFO - Processing file /opt/airflow/dags/dynamic_user_processing.py for tasks to queue
[2026-01-17T07:26:26.487+0000] {logging_mixin.py:190} INFO - [2026-01-17T07:26:26.486+0000] {dagbag.py:588} INFO - Filling up the DagBag from /opt/airflow/dags/dynamic_user_processing.py
[2026-01-17T07:26:27.295+0000] {processor.py:925} INFO - DAG(s) 'dynamic_user_processing' retrieved from /opt/airflow/dags/dynamic_user_processing.py
[2026-01-17T07:26:27.349+0000] {logging_mixin.py:190} INFO - [2026-01-17T07:26:27.348+0000] {dag.py:3239} INFO - Sync 1 DAGs
[2026-01-17T07:26:27.391+0000] {logging_mixin.py:190} INFO - [2026-01-17T07:26:27.391+0000] {dag.py:4180} INFO - Setting next_dagrun for dynamic_user_processing to 2026-01-17 00:00:00+00:00, run_after=2026-01-18 00:00:00+00:00
[2026-01-17T07:26:27.411+0000] {processor.py:208} INFO - Processing /opt/airflow/dags/dynamic_user_processing.py took 0.943 seconds
[2026-01-17T07:26:57.808+0000] {processor.py:186} INFO - Started process (PID=13653) to work on /opt/airflow/dags/dynamic_user_processing.py
[2026-01-17T07:26:57.809+0000] {processor.py:914} INFO - Processing file /opt/airflow/dags/dynamic_user_processing.py for tasks to queue
[2026-01-17T07:26:57.812+0000] {logging_mixin.py:190} INFO - [2026-01-17T07:26:57.811+0000] {dagbag.py:588} INFO - Filling up the DagBag from /opt/airflow/dags/dynamic_user_processing.py
[2026-01-17T07:26:58.197+0000] {processor.py:925} INFO - DAG(s) 'dynamic_user_processing' retrieved from /opt/airflow/dags/dynamic_user_processing.py
[2026-01-17T07:26:58.230+0000] {logging_mixin.py:190} INFO - [2026-01-17T07:26:58.228+0000] {dag.py:3239} INFO - Sync 1 DAGs
[2026-01-17T07:26:58.542+0000] {logging_mixin.py:190} INFO - [2026-01-17T07:26:58.542+0000] {dag.py:4180} INFO - Setting next_dagrun for dynamic_user_processing to 2026-01-17 00:00:00+00:00, run_after=2026-01-18 00:00:00+00:00
[2026-01-17T07:26:58.568+0000] {processor.py:208} INFO - Processing /opt/airflow/dags/dynamic_user_processing.py took 0.771 seconds
[2026-01-17T07:27:29.236+0000] {processor.py:186} INFO - Started process (PID=13677) to work on /opt/airflow/dags/dynamic_user_processing.py
[2026-01-17T07:27:29.239+0000] {processor.py:914} INFO - Processing file /opt/airflow/dags/dynamic_user_processing.py for tasks to queue
[2026-01-17T07:27:29.244+0000] {logging_mixin.py:190} INFO - [2026-01-17T07:27:29.243+0000] {dagbag.py:588} INFO - Filling up the DagBag from /opt/airflow/dags/dynamic_user_processing.py
[2026-01-17T07:27:29.678+0000] {processor.py:925} INFO - DAG(s) 'dynamic_user_processing' retrieved from /opt/airflow/dags/dynamic_user_processing.py
[2026-01-17T07:27:29.978+0000] {logging_mixin.py:190} INFO - [2026-01-17T07:27:29.977+0000] {dag.py:3239} INFO - Sync 1 DAGs
[2026-01-17T07:27:30.018+0000] {logging_mixin.py:190} INFO - [2026-01-17T07:27:30.018+0000] {dag.py:4180} INFO - Setting next_dagrun for dynamic_user_processing to 2026-01-17 00:00:00+00:00, run_after=2026-01-18 00:00:00+00:00
[2026-01-17T07:27:30.037+0000] {processor.py:208} INFO - Processing /opt/airflow/dags/dynamic_user_processing.py took 0.826 seconds
[2026-01-17T07:28:01.019+0000] {processor.py:186} INFO - Started process (PID=13701) to work on /opt/airflow/dags/dynamic_user_processing.py
[2026-01-17T07:28:01.022+0000] {processor.py:914} INFO - Processing file /opt/airflow/dags/dynamic_user_processing.py for tasks to queue
[2026-01-17T07:28:01.027+0000] {logging_mixin.py:190} INFO - [2026-01-17T07:28:01.025+0000] {dagbag.py:588} INFO - Filling up the DagBag from /opt/airflow/dags/dynamic_user_processing.py
[2026-01-17T07:28:01.804+0000] {processor.py:925} INFO - DAG(s) 'dynamic_user_processing' retrieved from /opt/airflow/dags/dynamic_user_processing.py
[2026-01-17T07:28:01.846+0000] {logging_mixin.py:190} INFO - [2026-01-17T07:28:01.845+0000] {dag.py:3239} INFO - Sync 1 DAGs
[2026-01-17T07:28:01.879+0000] {logging_mixin.py:190} INFO - [2026-01-17T07:28:01.879+0000] {dag.py:4180} INFO - Setting next_dagrun for dynamic_user_processing to 2026-01-17 00:00:00+00:00, run_after=2026-01-18 00:00:00+00:00
[2026-01-17T07:28:01.914+0000] {processor.py:208} INFO - Processing /opt/airflow/dags/dynamic_user_processing.py took 0.912 seconds
[2026-01-17T07:28:32.063+0000] {processor.py:186} INFO - Started process (PID=13725) to work on /opt/airflow/dags/dynamic_user_processing.py
[2026-01-17T07:28:32.065+0000] {processor.py:914} INFO - Processing file /opt/airflow/dags/dynamic_user_processing.py for tasks to queue
[2026-01-17T07:28:32.067+0000] {logging_mixin.py:190} INFO - [2026-01-17T07:28:32.066+0000] {dagbag.py:588} INFO - Filling up the DagBag from /opt/airflow/dags/dynamic_user_processing.py
[2026-01-17T07:28:32.929+0000] {processor.py:925} INFO - DAG(s) 'dynamic_user_processing' retrieved from /opt/airflow/dags/dynamic_user_processing.py
[2026-01-17T07:28:32.979+0000] {logging_mixin.py:190} INFO - [2026-01-17T07:28:32.978+0000] {dag.py:3239} INFO - Sync 1 DAGs
[2026-01-17T07:28:33.036+0000] {logging_mixin.py:190} INFO - [2026-01-17T07:28:33.036+0000] {dag.py:4180} INFO - Setting next_dagrun for dynamic_user_processing to 2026-01-17 00:00:00+00:00, run_after=2026-01-18 00:00:00+00:00
[2026-01-17T07:28:33.066+0000] {processor.py:208} INFO - Processing /opt/airflow/dags/dynamic_user_processing.py took 1.018 seconds
[2026-01-17T07:29:03.487+0000] {processor.py:186} INFO - Started process (PID=13749) to work on /opt/airflow/dags/dynamic_user_processing.py
[2026-01-17T07:29:03.490+0000] {processor.py:914} INFO - Processing file /opt/airflow/dags/dynamic_user_processing.py for tasks to queue
[2026-01-17T07:29:03.496+0000] {logging_mixin.py:190} INFO - [2026-01-17T07:29:03.493+0000] {dagbag.py:588} INFO - Filling up the DagBag from /opt/airflow/dags/dynamic_user_processing.py
[2026-01-17T07:29:04.771+0000] {processor.py:925} INFO - DAG(s) 'dynamic_user_processing' retrieved from /opt/airflow/dags/dynamic_user_processing.py
[2026-01-17T07:29:05.248+0000] {logging_mixin.py:190} INFO - [2026-01-17T07:29:04.852+0000] {dag.py:3239} INFO - Sync 1 DAGs
[2026-01-17T07:29:05.311+0000] {logging_mixin.py:190} INFO - [2026-01-17T07:29:05.310+0000] {dag.py:4180} INFO - Setting next_dagrun for dynamic_user_processing to 2026-01-17 00:00:00+00:00, run_after=2026-01-18 00:00:00+00:00
[2026-01-17T07:29:05.359+0000] {processor.py:208} INFO - Processing /opt/airflow/dags/dynamic_user_processing.py took 1.902 seconds
[2026-01-17T07:29:35.849+0000] {processor.py:186} INFO - Started process (PID=13774) to work on /opt/airflow/dags/dynamic_user_processing.py
[2026-01-17T07:29:35.852+0000] {processor.py:914} INFO - Processing file /opt/airflow/dags/dynamic_user_processing.py for tasks to queue
[2026-01-17T07:29:35.855+0000] {logging_mixin.py:190} INFO - [2026-01-17T07:29:35.853+0000] {dagbag.py:588} INFO - Filling up the DagBag from /opt/airflow/dags/dynamic_user_processing.py
[2026-01-17T07:29:37.030+0000] {processor.py:925} INFO - DAG(s) 'dynamic_user_processing' retrieved from /opt/airflow/dags/dynamic_user_processing.py
[2026-01-17T07:29:37.084+0000] {logging_mixin.py:190} INFO - [2026-01-17T07:29:37.083+0000] {dag.py:3239} INFO - Sync 1 DAGs
[2026-01-17T07:29:37.132+0000] {logging_mixin.py:190} INFO - [2026-01-17T07:29:37.132+0000] {dag.py:4180} INFO - Setting next_dagrun for dynamic_user_processing to 2026-01-17 00:00:00+00:00, run_after=2026-01-18 00:00:00+00:00
[2026-01-17T07:29:37.164+0000] {processor.py:208} INFO - Processing /opt/airflow/dags/dynamic_user_processing.py took 1.333 seconds
[2026-01-17T07:30:07.587+0000] {processor.py:186} INFO - Started process (PID=13799) to work on /opt/airflow/dags/dynamic_user_processing.py
[2026-01-17T07:30:07.590+0000] {processor.py:914} INFO - Processing file /opt/airflow/dags/dynamic_user_processing.py for tasks to queue
[2026-01-17T07:30:07.593+0000] {logging_mixin.py:190} INFO - [2026-01-17T07:30:07.592+0000] {dagbag.py:588} INFO - Filling up the DagBag from /opt/airflow/dags/dynamic_user_processing.py
[2026-01-17T07:30:08.588+0000] {processor.py:925} INFO - DAG(s) 'dynamic_user_processing' retrieved from /opt/airflow/dags/dynamic_user_processing.py
[2026-01-17T07:30:08.646+0000] {logging_mixin.py:190} INFO - [2026-01-17T07:30:08.645+0000] {dag.py:3239} INFO - Sync 1 DAGs
[2026-01-17T07:30:08.695+0000] {logging_mixin.py:190} INFO - [2026-01-17T07:30:08.693+0000] {dag.py:4180} INFO - Setting next_dagrun for dynamic_user_processing to 2026-01-17 00:00:00+00:00, run_after=2026-01-18 00:00:00+00:00
[2026-01-17T07:30:08.736+0000] {processor.py:208} INFO - Processing /opt/airflow/dags/dynamic_user_processing.py took 1.167 seconds
[2026-01-17T07:30:39.055+0000] {processor.py:186} INFO - Started process (PID=13823) to work on /opt/airflow/dags/dynamic_user_processing.py
[2026-01-17T07:30:39.057+0000] {processor.py:914} INFO - Processing file /opt/airflow/dags/dynamic_user_processing.py for tasks to queue
[2026-01-17T07:30:39.060+0000] {logging_mixin.py:190} INFO - [2026-01-17T07:30:39.059+0000] {dagbag.py:588} INFO - Filling up the DagBag from /opt/airflow/dags/dynamic_user_processing.py
[2026-01-17T07:30:40.534+0000] {processor.py:925} INFO - DAG(s) 'dynamic_user_processing' retrieved from /opt/airflow/dags/dynamic_user_processing.py
[2026-01-17T07:30:40.581+0000] {logging_mixin.py:190} INFO - [2026-01-17T07:30:40.580+0000] {dag.py:3239} INFO - Sync 1 DAGs
[2026-01-17T07:30:40.635+0000] {logging_mixin.py:190} INFO - [2026-01-17T07:30:40.634+0000] {dag.py:4180} INFO - Setting next_dagrun for dynamic_user_processing to 2026-01-17 00:00:00+00:00, run_after=2026-01-18 00:00:00+00:00
[2026-01-17T07:30:40.673+0000] {processor.py:208} INFO - Processing /opt/airflow/dags/dynamic_user_processing.py took 1.631 seconds
[2026-01-17T07:31:11.515+0000] {processor.py:186} INFO - Started process (PID=13848) to work on /opt/airflow/dags/dynamic_user_processing.py
[2026-01-17T07:31:11.517+0000] {processor.py:914} INFO - Processing file /opt/airflow/dags/dynamic_user_processing.py for tasks to queue
[2026-01-17T07:31:11.519+0000] {logging_mixin.py:190} INFO - [2026-01-17T07:31:11.519+0000] {dagbag.py:588} INFO - Filling up the DagBag from /opt/airflow/dags/dynamic_user_processing.py
[2026-01-17T07:31:12.568+0000] {processor.py:925} INFO - DAG(s) 'dynamic_user_processing' retrieved from /opt/airflow/dags/dynamic_user_processing.py
[2026-01-17T07:31:12.680+0000] {logging_mixin.py:190} INFO - [2026-01-17T07:31:12.679+0000] {dag.py:3239} INFO - Sync 1 DAGs
[2026-01-17T07:31:12.751+0000] {logging_mixin.py:190} INFO - [2026-01-17T07:31:12.750+0000] {dag.py:4180} INFO - Setting next_dagrun for dynamic_user_processing to 2026-01-17 00:00:00+00:00, run_after=2026-01-18 00:00:00+00:00
[2026-01-17T07:31:12.807+0000] {processor.py:208} INFO - Processing /opt/airflow/dags/dynamic_user_processing.py took 1.306 seconds
[2026-01-17T07:31:43.859+0000] {processor.py:186} INFO - Started process (PID=13878) to work on /opt/airflow/dags/dynamic_user_processing.py
[2026-01-17T07:31:43.862+0000] {processor.py:914} INFO - Processing file /opt/airflow/dags/dynamic_user_processing.py for tasks to queue
[2026-01-17T07:31:43.866+0000] {logging_mixin.py:190} INFO - [2026-01-17T07:31:43.865+0000] {dagbag.py:588} INFO - Filling up the DagBag from /opt/airflow/dags/dynamic_user_processing.py
[2026-01-17T07:31:46.140+0000] {processor.py:925} INFO - DAG(s) 'dynamic_user_processing' retrieved from /opt/airflow/dags/dynamic_user_processing.py
[2026-01-17T07:31:46.226+0000] {logging_mixin.py:190} INFO - [2026-01-17T07:31:46.223+0000] {dag.py:3239} INFO - Sync 1 DAGs
[2026-01-17T07:31:46.347+0000] {logging_mixin.py:190} INFO - [2026-01-17T07:31:46.346+0000] {dag.py:4180} INFO - Setting next_dagrun for dynamic_user_processing to 2026-01-17 00:00:00+00:00, run_after=2026-01-18 00:00:00+00:00
[2026-01-17T07:31:46.391+0000] {processor.py:208} INFO - Processing /opt/airflow/dags/dynamic_user_processing.py took 2.557 seconds
[2026-01-17T07:32:17.113+0000] {processor.py:186} INFO - Started process (PID=13903) to work on /opt/airflow/dags/dynamic_user_processing.py
[2026-01-17T07:32:17.116+0000] {processor.py:914} INFO - Processing file /opt/airflow/dags/dynamic_user_processing.py for tasks to queue
[2026-01-17T07:32:17.119+0000] {logging_mixin.py:190} INFO - [2026-01-17T07:32:17.118+0000] {dagbag.py:588} INFO - Filling up the DagBag from /opt/airflow/dags/dynamic_user_processing.py
[2026-01-17T07:32:17.928+0000] {processor.py:925} INFO - DAG(s) 'dynamic_user_processing' retrieved from /opt/airflow/dags/dynamic_user_processing.py
[2026-01-17T07:32:17.972+0000] {logging_mixin.py:190} INFO - [2026-01-17T07:32:17.971+0000] {dag.py:3239} INFO - Sync 1 DAGs
[2026-01-17T07:32:18.014+0000] {logging_mixin.py:190} INFO - [2026-01-17T07:32:18.014+0000] {dag.py:4180} INFO - Setting next_dagrun for dynamic_user_processing to 2026-01-17 00:00:00+00:00, run_after=2026-01-18 00:00:00+00:00
[2026-01-17T07:32:18.053+0000] {processor.py:208} INFO - Processing /opt/airflow/dags/dynamic_user_processing.py took 0.962 seconds
[2026-01-17T07:32:48.317+0000] {processor.py:186} INFO - Started process (PID=13927) to work on /opt/airflow/dags/dynamic_user_processing.py
[2026-01-17T07:32:48.318+0000] {processor.py:914} INFO - Processing file /opt/airflow/dags/dynamic_user_processing.py for tasks to queue
[2026-01-17T07:32:48.320+0000] {logging_mixin.py:190} INFO - [2026-01-17T07:32:48.319+0000] {dagbag.py:588} INFO - Filling up the DagBag from /opt/airflow/dags/dynamic_user_processing.py
[2026-01-17T07:32:49.139+0000] {processor.py:925} INFO - DAG(s) 'dynamic_user_processing' retrieved from /opt/airflow/dags/dynamic_user_processing.py
[2026-01-17T07:32:49.167+0000] {logging_mixin.py:190} INFO - [2026-01-17T07:32:49.167+0000] {dag.py:3239} INFO - Sync 1 DAGs
[2026-01-17T07:32:49.203+0000] {logging_mixin.py:190} INFO - [2026-01-17T07:32:49.203+0000] {dag.py:4180} INFO - Setting next_dagrun for dynamic_user_processing to 2026-01-17 00:00:00+00:00, run_after=2026-01-18 00:00:00+00:00
[2026-01-17T07:32:49.238+0000] {processor.py:208} INFO - Processing /opt/airflow/dags/dynamic_user_processing.py took 0.932 seconds
[2026-01-17T07:33:19.692+0000] {processor.py:186} INFO - Started process (PID=13951) to work on /opt/airflow/dags/dynamic_user_processing.py
[2026-01-17T07:33:19.696+0000] {processor.py:914} INFO - Processing file /opt/airflow/dags/dynamic_user_processing.py for tasks to queue
[2026-01-17T07:33:19.700+0000] {logging_mixin.py:190} INFO - [2026-01-17T07:33:19.699+0000] {dagbag.py:588} INFO - Filling up the DagBag from /opt/airflow/dags/dynamic_user_processing.py
[2026-01-17T07:33:21.743+0000] {processor.py:925} INFO - DAG(s) 'dynamic_user_processing' retrieved from /opt/airflow/dags/dynamic_user_processing.py
[2026-01-17T07:33:21.846+0000] {logging_mixin.py:190} INFO - [2026-01-17T07:33:21.844+0000] {dag.py:3239} INFO - Sync 1 DAGs
[2026-01-17T07:33:21.929+0000] {logging_mixin.py:190} INFO - [2026-01-17T07:33:21.929+0000] {dag.py:4180} INFO - Setting next_dagrun for dynamic_user_processing to 2026-01-17 00:00:00+00:00, run_after=2026-01-18 00:00:00+00:00
[2026-01-17T07:33:22.000+0000] {processor.py:208} INFO - Processing /opt/airflow/dags/dynamic_user_processing.py took 2.333 seconds
[2026-01-17T07:33:52.702+0000] {processor.py:186} INFO - Started process (PID=13975) to work on /opt/airflow/dags/dynamic_user_processing.py
[2026-01-17T07:33:52.706+0000] {processor.py:914} INFO - Processing file /opt/airflow/dags/dynamic_user_processing.py for tasks to queue
[2026-01-17T07:33:52.710+0000] {logging_mixin.py:190} INFO - [2026-01-17T07:33:52.709+0000] {dagbag.py:588} INFO - Filling up the DagBag from /opt/airflow/dags/dynamic_user_processing.py
[2026-01-17T07:33:53.422+0000] {processor.py:925} INFO - DAG(s) 'dynamic_user_processing' retrieved from /opt/airflow/dags/dynamic_user_processing.py
[2026-01-17T07:33:53.460+0000] {logging_mixin.py:190} INFO - [2026-01-17T07:33:53.459+0000] {dag.py:3239} INFO - Sync 1 DAGs
[2026-01-17T07:33:53.497+0000] {logging_mixin.py:190} INFO - [2026-01-17T07:33:53.497+0000] {dag.py:4180} INFO - Setting next_dagrun for dynamic_user_processing to 2026-01-17 00:00:00+00:00, run_after=2026-01-18 00:00:00+00:00
[2026-01-17T07:33:53.530+0000] {processor.py:208} INFO - Processing /opt/airflow/dags/dynamic_user_processing.py took 0.848 seconds
[2026-01-17T07:34:24.104+0000] {processor.py:186} INFO - Started process (PID=14000) to work on /opt/airflow/dags/dynamic_user_processing.py
[2026-01-17T07:34:24.107+0000] {processor.py:914} INFO - Processing file /opt/airflow/dags/dynamic_user_processing.py for tasks to queue
[2026-01-17T07:34:24.109+0000] {logging_mixin.py:190} INFO - [2026-01-17T07:34:24.109+0000] {dagbag.py:588} INFO - Filling up the DagBag from /opt/airflow/dags/dynamic_user_processing.py
[2026-01-17T07:34:24.973+0000] {processor.py:925} INFO - DAG(s) 'dynamic_user_processing' retrieved from /opt/airflow/dags/dynamic_user_processing.py
[2026-01-17T07:34:25.009+0000] {logging_mixin.py:190} INFO - [2026-01-17T07:34:25.008+0000] {dag.py:3239} INFO - Sync 1 DAGs
[2026-01-17T07:34:25.048+0000] {logging_mixin.py:190} INFO - [2026-01-17T07:34:25.048+0000] {dag.py:4180} INFO - Setting next_dagrun for dynamic_user_processing to 2026-01-17 00:00:00+00:00, run_after=2026-01-18 00:00:00+00:00
[2026-01-17T07:34:25.086+0000] {processor.py:208} INFO - Processing /opt/airflow/dags/dynamic_user_processing.py took 0.998 seconds
[2026-01-17T07:34:55.403+0000] {processor.py:186} INFO - Started process (PID=14025) to work on /opt/airflow/dags/dynamic_user_processing.py
[2026-01-17T07:34:55.405+0000] {processor.py:914} INFO - Processing file /opt/airflow/dags/dynamic_user_processing.py for tasks to queue
[2026-01-17T07:34:55.408+0000] {logging_mixin.py:190} INFO - [2026-01-17T07:34:55.407+0000] {dagbag.py:588} INFO - Filling up the DagBag from /opt/airflow/dags/dynamic_user_processing.py
[2026-01-17T07:34:56.072+0000] {processor.py:925} INFO - DAG(s) 'dynamic_user_processing' retrieved from /opt/airflow/dags/dynamic_user_processing.py
[2026-01-17T07:34:56.108+0000] {logging_mixin.py:190} INFO - [2026-01-17T07:34:56.107+0000] {dag.py:3239} INFO - Sync 1 DAGs
[2026-01-17T07:34:56.143+0000] {logging_mixin.py:190} INFO - [2026-01-17T07:34:56.143+0000] {dag.py:4180} INFO - Setting next_dagrun for dynamic_user_processing to 2026-01-17 00:00:00+00:00, run_after=2026-01-18 00:00:00+00:00
[2026-01-17T07:34:56.167+0000] {processor.py:208} INFO - Processing /opt/airflow/dags/dynamic_user_processing.py took 0.775 seconds
[2026-01-17T07:35:26.858+0000] {processor.py:186} INFO - Started process (PID=14049) to work on /opt/airflow/dags/dynamic_user_processing.py
[2026-01-17T07:35:26.860+0000] {processor.py:914} INFO - Processing file /opt/airflow/dags/dynamic_user_processing.py for tasks to queue
[2026-01-17T07:35:26.861+0000] {logging_mixin.py:190} INFO - [2026-01-17T07:35:26.861+0000] {dagbag.py:588} INFO - Filling up the DagBag from /opt/airflow/dags/dynamic_user_processing.py
[2026-01-17T07:35:27.645+0000] {processor.py:925} INFO - DAG(s) 'dynamic_user_processing' retrieved from /opt/airflow/dags/dynamic_user_processing.py
[2026-01-17T07:35:27.689+0000] {logging_mixin.py:190} INFO - [2026-01-17T07:35:27.688+0000] {dag.py:3239} INFO - Sync 1 DAGs
[2026-01-17T07:35:27.734+0000] {logging_mixin.py:190} INFO - [2026-01-17T07:35:27.733+0000] {dag.py:4180} INFO - Setting next_dagrun for dynamic_user_processing to 2026-01-17 00:00:00+00:00, run_after=2026-01-18 00:00:00+00:00
[2026-01-17T07:35:27.763+0000] {processor.py:208} INFO - Processing /opt/airflow/dags/dynamic_user_processing.py took 0.914 seconds
[2026-01-17T07:35:57.969+0000] {processor.py:186} INFO - Started process (PID=14073) to work on /opt/airflow/dags/dynamic_user_processing.py
[2026-01-17T07:35:57.971+0000] {processor.py:914} INFO - Processing file /opt/airflow/dags/dynamic_user_processing.py for tasks to queue
[2026-01-17T07:35:57.973+0000] {logging_mixin.py:190} INFO - [2026-01-17T07:35:57.972+0000] {dagbag.py:588} INFO - Filling up the DagBag from /opt/airflow/dags/dynamic_user_processing.py
[2026-01-17T07:35:59.108+0000] {processor.py:925} INFO - DAG(s) 'dynamic_user_processing' retrieved from /opt/airflow/dags/dynamic_user_processing.py
[2026-01-17T07:35:59.155+0000] {logging_mixin.py:190} INFO - [2026-01-17T07:35:59.154+0000] {dag.py:3239} INFO - Sync 1 DAGs
[2026-01-17T07:35:59.200+0000] {logging_mixin.py:190} INFO - [2026-01-17T07:35:59.200+0000] {dag.py:4180} INFO - Setting next_dagrun for dynamic_user_processing to 2026-01-17 00:00:00+00:00, run_after=2026-01-18 00:00:00+00:00
[2026-01-17T07:35:59.230+0000] {processor.py:208} INFO - Processing /opt/airflow/dags/dynamic_user_processing.py took 1.274 seconds
[2026-01-17T07:36:29.381+0000] {processor.py:186} INFO - Started process (PID=14097) to work on /opt/airflow/dags/dynamic_user_processing.py
[2026-01-17T07:36:29.383+0000] {processor.py:914} INFO - Processing file /opt/airflow/dags/dynamic_user_processing.py for tasks to queue
[2026-01-17T07:36:29.385+0000] {logging_mixin.py:190} INFO - [2026-01-17T07:36:29.384+0000] {dagbag.py:588} INFO - Filling up the DagBag from /opt/airflow/dags/dynamic_user_processing.py
[2026-01-17T07:36:30.295+0000] {processor.py:925} INFO - DAG(s) 'dynamic_user_processing' retrieved from /opt/airflow/dags/dynamic_user_processing.py
[2026-01-17T07:36:30.349+0000] {logging_mixin.py:190} INFO - [2026-01-17T07:36:30.348+0000] {dag.py:3239} INFO - Sync 1 DAGs
[2026-01-17T07:36:30.400+0000] {logging_mixin.py:190} INFO - [2026-01-17T07:36:30.399+0000] {dag.py:4180} INFO - Setting next_dagrun for dynamic_user_processing to 2026-01-17 00:00:00+00:00, run_after=2026-01-18 00:00:00+00:00
[2026-01-17T07:36:30.435+0000] {processor.py:208} INFO - Processing /opt/airflow/dags/dynamic_user_processing.py took 1.070 seconds
[2026-01-17T07:37:01.032+0000] {processor.py:186} INFO - Started process (PID=14121) to work on /opt/airflow/dags/dynamic_user_processing.py
[2026-01-17T07:37:01.034+0000] {processor.py:914} INFO - Processing file /opt/airflow/dags/dynamic_user_processing.py for tasks to queue
[2026-01-17T07:37:01.036+0000] {logging_mixin.py:190} INFO - [2026-01-17T07:37:01.035+0000] {dagbag.py:588} INFO - Filling up the DagBag from /opt/airflow/dags/dynamic_user_processing.py
[2026-01-17T07:37:01.786+0000] {processor.py:925} INFO - DAG(s) 'dynamic_user_processing' retrieved from /opt/airflow/dags/dynamic_user_processing.py
[2026-01-17T07:37:01.825+0000] {logging_mixin.py:190} INFO - [2026-01-17T07:37:01.824+0000] {dag.py:3239} INFO - Sync 1 DAGs
[2026-01-17T07:37:01.858+0000] {logging_mixin.py:190} INFO - [2026-01-17T07:37:01.858+0000] {dag.py:4180} INFO - Setting next_dagrun for dynamic_user_processing to 2026-01-17 00:00:00+00:00, run_after=2026-01-18 00:00:00+00:00
[2026-01-17T07:37:01.888+0000] {processor.py:208} INFO - Processing /opt/airflow/dags/dynamic_user_processing.py took 0.868 seconds
[2026-01-17T07:37:32.687+0000] {processor.py:186} INFO - Started process (PID=14145) to work on /opt/airflow/dags/dynamic_user_processing.py
[2026-01-17T07:37:32.690+0000] {processor.py:914} INFO - Processing file /opt/airflow/dags/dynamic_user_processing.py for tasks to queue
[2026-01-17T07:37:32.694+0000] {logging_mixin.py:190} INFO - [2026-01-17T07:37:32.693+0000] {dagbag.py:588} INFO - Filling up the DagBag from /opt/airflow/dags/dynamic_user_processing.py
[2026-01-17T07:37:33.405+0000] {processor.py:925} INFO - DAG(s) 'dynamic_user_processing' retrieved from /opt/airflow/dags/dynamic_user_processing.py
[2026-01-17T07:37:33.446+0000] {logging_mixin.py:190} INFO - [2026-01-17T07:37:33.445+0000] {dag.py:3239} INFO - Sync 1 DAGs
[2026-01-17T07:37:33.481+0000] {logging_mixin.py:190} INFO - [2026-01-17T07:37:33.480+0000] {dag.py:4180} INFO - Setting next_dagrun for dynamic_user_processing to 2026-01-17 00:00:00+00:00, run_after=2026-01-18 00:00:00+00:00
[2026-01-17T07:37:33.509+0000] {processor.py:208} INFO - Processing /opt/airflow/dags/dynamic_user_processing.py took 0.842 seconds
[2026-01-17T07:38:03.658+0000] {processor.py:186} INFO - Started process (PID=14169) to work on /opt/airflow/dags/dynamic_user_processing.py
[2026-01-17T07:38:03.659+0000] {processor.py:914} INFO - Processing file /opt/airflow/dags/dynamic_user_processing.py for tasks to queue
[2026-01-17T07:38:03.661+0000] {logging_mixin.py:190} INFO - [2026-01-17T07:38:03.660+0000] {dagbag.py:588} INFO - Filling up the DagBag from /opt/airflow/dags/dynamic_user_processing.py
[2026-01-17T07:38:04.373+0000] {processor.py:925} INFO - DAG(s) 'dynamic_user_processing' retrieved from /opt/airflow/dags/dynamic_user_processing.py
[2026-01-17T07:38:04.405+0000] {logging_mixin.py:190} INFO - [2026-01-17T07:38:04.404+0000] {dag.py:3239} INFO - Sync 1 DAGs
[2026-01-17T07:38:04.431+0000] {logging_mixin.py:190} INFO - [2026-01-17T07:38:04.431+0000] {dag.py:4180} INFO - Setting next_dagrun for dynamic_user_processing to 2026-01-17 00:00:00+00:00, run_after=2026-01-18 00:00:00+00:00
[2026-01-17T07:38:04.450+0000] {processor.py:208} INFO - Processing /opt/airflow/dags/dynamic_user_processing.py took 0.808 seconds
[2026-01-17T07:38:34.857+0000] {processor.py:186} INFO - Started process (PID=14193) to work on /opt/airflow/dags/dynamic_user_processing.py
[2026-01-17T07:38:34.860+0000] {processor.py:914} INFO - Processing file /opt/airflow/dags/dynamic_user_processing.py for tasks to queue
[2026-01-17T07:38:34.864+0000] {logging_mixin.py:190} INFO - [2026-01-17T07:38:34.863+0000] {dagbag.py:588} INFO - Filling up the DagBag from /opt/airflow/dags/dynamic_user_processing.py
[2026-01-17T07:38:35.598+0000] {processor.py:925} INFO - DAG(s) 'dynamic_user_processing' retrieved from /opt/airflow/dags/dynamic_user_processing.py
[2026-01-17T07:38:35.637+0000] {logging_mixin.py:190} INFO - [2026-01-17T07:38:35.637+0000] {dag.py:3239} INFO - Sync 1 DAGs
[2026-01-17T07:38:35.674+0000] {logging_mixin.py:190} INFO - [2026-01-17T07:38:35.674+0000] {dag.py:4180} INFO - Setting next_dagrun for dynamic_user_processing to 2026-01-17 00:00:00+00:00, run_after=2026-01-18 00:00:00+00:00
[2026-01-17T07:38:35.700+0000] {processor.py:208} INFO - Processing /opt/airflow/dags/dynamic_user_processing.py took 0.868 seconds
[2026-01-17T07:39:05.786+0000] {processor.py:186} INFO - Started process (PID=14217) to work on /opt/airflow/dags/dynamic_user_processing.py
[2026-01-17T07:39:05.788+0000] {processor.py:914} INFO - Processing file /opt/airflow/dags/dynamic_user_processing.py for tasks to queue
[2026-01-17T07:39:05.791+0000] {logging_mixin.py:190} INFO - [2026-01-17T07:39:05.790+0000] {dagbag.py:588} INFO - Filling up the DagBag from /opt/airflow/dags/dynamic_user_processing.py
[2026-01-17T07:39:06.481+0000] {processor.py:925} INFO - DAG(s) 'dynamic_user_processing' retrieved from /opt/airflow/dags/dynamic_user_processing.py
[2026-01-17T07:39:06.513+0000] {logging_mixin.py:190} INFO - [2026-01-17T07:39:06.512+0000] {dag.py:3239} INFO - Sync 1 DAGs
[2026-01-17T07:39:06.540+0000] {logging_mixin.py:190} INFO - [2026-01-17T07:39:06.539+0000] {dag.py:4180} INFO - Setting next_dagrun for dynamic_user_processing to 2026-01-17 00:00:00+00:00, run_after=2026-01-18 00:00:00+00:00
[2026-01-17T07:39:06.560+0000] {processor.py:208} INFO - Processing /opt/airflow/dags/dynamic_user_processing.py took 0.784 seconds
[2026-01-17T07:39:36.825+0000] {processor.py:186} INFO - Started process (PID=14241) to work on /opt/airflow/dags/dynamic_user_processing.py
[2026-01-17T07:39:36.827+0000] {processor.py:914} INFO - Processing file /opt/airflow/dags/dynamic_user_processing.py for tasks to queue
[2026-01-17T07:39:36.829+0000] {logging_mixin.py:190} INFO - [2026-01-17T07:39:36.829+0000] {dagbag.py:588} INFO - Filling up the DagBag from /opt/airflow/dags/dynamic_user_processing.py
[2026-01-17T07:39:37.654+0000] {processor.py:925} INFO - DAG(s) 'dynamic_user_processing' retrieved from /opt/airflow/dags/dynamic_user_processing.py
[2026-01-17T07:39:37.697+0000] {logging_mixin.py:190} INFO - [2026-01-17T07:39:37.696+0000] {dag.py:3239} INFO - Sync 1 DAGs
[2026-01-17T07:39:37.724+0000] {logging_mixin.py:190} INFO - [2026-01-17T07:39:37.724+0000] {dag.py:4180} INFO - Setting next_dagrun for dynamic_user_processing to 2026-01-17 00:00:00+00:00, run_after=2026-01-18 00:00:00+00:00
[2026-01-17T07:39:37.744+0000] {processor.py:208} INFO - Processing /opt/airflow/dags/dynamic_user_processing.py took 0.931 seconds
[2026-01-17T07:40:08.310+0000] {processor.py:186} INFO - Started process (PID=14265) to work on /opt/airflow/dags/dynamic_user_processing.py
[2026-01-17T07:40:08.312+0000] {processor.py:914} INFO - Processing file /opt/airflow/dags/dynamic_user_processing.py for tasks to queue
[2026-01-17T07:40:08.314+0000] {logging_mixin.py:190} INFO - [2026-01-17T07:40:08.313+0000] {dagbag.py:588} INFO - Filling up the DagBag from /opt/airflow/dags/dynamic_user_processing.py
[2026-01-17T07:40:09.201+0000] {processor.py:925} INFO - DAG(s) 'dynamic_user_processing' retrieved from /opt/airflow/dags/dynamic_user_processing.py
[2026-01-17T07:40:09.237+0000] {logging_mixin.py:190} INFO - [2026-01-17T07:40:09.236+0000] {dag.py:3239} INFO - Sync 1 DAGs
[2026-01-17T07:40:09.268+0000] {logging_mixin.py:190} INFO - [2026-01-17T07:40:09.268+0000] {dag.py:4180} INFO - Setting next_dagrun for dynamic_user_processing to 2026-01-17 00:00:00+00:00, run_after=2026-01-18 00:00:00+00:00
[2026-01-17T07:40:09.300+0000] {processor.py:208} INFO - Processing /opt/airflow/dags/dynamic_user_processing.py took 1.005 seconds
[2026-01-17T07:40:40.086+0000] {processor.py:186} INFO - Started process (PID=14289) to work on /opt/airflow/dags/dynamic_user_processing.py
[2026-01-17T07:40:40.087+0000] {processor.py:914} INFO - Processing file /opt/airflow/dags/dynamic_user_processing.py for tasks to queue
[2026-01-17T07:40:40.089+0000] {logging_mixin.py:190} INFO - [2026-01-17T07:40:40.089+0000] {dagbag.py:588} INFO - Filling up the DagBag from /opt/airflow/dags/dynamic_user_processing.py
[2026-01-17T07:40:40.748+0000] {processor.py:925} INFO - DAG(s) 'dynamic_user_processing' retrieved from /opt/airflow/dags/dynamic_user_processing.py
[2026-01-17T07:40:40.786+0000] {logging_mixin.py:190} INFO - [2026-01-17T07:40:40.785+0000] {dag.py:3239} INFO - Sync 1 DAGs
[2026-01-17T07:40:40.815+0000] {logging_mixin.py:190} INFO - [2026-01-17T07:40:40.814+0000] {dag.py:4180} INFO - Setting next_dagrun for dynamic_user_processing to 2026-01-17 00:00:00+00:00, run_after=2026-01-18 00:00:00+00:00
[2026-01-17T07:40:40.835+0000] {processor.py:208} INFO - Processing /opt/airflow/dags/dynamic_user_processing.py took 0.758 seconds
[2026-01-17T07:41:11.218+0000] {processor.py:186} INFO - Started process (PID=14313) to work on /opt/airflow/dags/dynamic_user_processing.py
[2026-01-17T07:41:11.220+0000] {processor.py:914} INFO - Processing file /opt/airflow/dags/dynamic_user_processing.py for tasks to queue
[2026-01-17T07:41:11.222+0000] {logging_mixin.py:190} INFO - [2026-01-17T07:41:11.221+0000] {dagbag.py:588} INFO - Filling up the DagBag from /opt/airflow/dags/dynamic_user_processing.py
[2026-01-17T07:41:12.072+0000] {processor.py:925} INFO - DAG(s) 'dynamic_user_processing' retrieved from /opt/airflow/dags/dynamic_user_processing.py
[2026-01-17T07:41:12.107+0000] {logging_mixin.py:190} INFO - [2026-01-17T07:41:12.104+0000] {dag.py:3239} INFO - Sync 1 DAGs
[2026-01-17T07:41:12.145+0000] {logging_mixin.py:190} INFO - [2026-01-17T07:41:12.145+0000] {dag.py:4180} INFO - Setting next_dagrun for dynamic_user_processing to 2026-01-17 00:00:00+00:00, run_after=2026-01-18 00:00:00+00:00
[2026-01-17T07:41:12.180+0000] {processor.py:208} INFO - Processing /opt/airflow/dags/dynamic_user_processing.py took 0.973 seconds
[2026-01-17T07:41:42.698+0000] {processor.py:186} INFO - Started process (PID=14337) to work on /opt/airflow/dags/dynamic_user_processing.py
[2026-01-17T07:41:42.699+0000] {processor.py:914} INFO - Processing file /opt/airflow/dags/dynamic_user_processing.py for tasks to queue
[2026-01-17T07:41:42.702+0000] {logging_mixin.py:190} INFO - [2026-01-17T07:41:42.701+0000] {dagbag.py:588} INFO - Filling up the DagBag from /opt/airflow/dags/dynamic_user_processing.py
[2026-01-17T07:41:43.506+0000] {processor.py:925} INFO - DAG(s) 'dynamic_user_processing' retrieved from /opt/airflow/dags/dynamic_user_processing.py
[2026-01-17T07:41:43.547+0000] {logging_mixin.py:190} INFO - [2026-01-17T07:41:43.546+0000] {dag.py:3239} INFO - Sync 1 DAGs
[2026-01-17T07:41:43.583+0000] {logging_mixin.py:190} INFO - [2026-01-17T07:41:43.583+0000] {dag.py:4180} INFO - Setting next_dagrun for dynamic_user_processing to 2026-01-17 00:00:00+00:00, run_after=2026-01-18 00:00:00+00:00
[2026-01-17T07:41:43.607+0000] {processor.py:208} INFO - Processing /opt/airflow/dags/dynamic_user_processing.py took 0.921 seconds
[2026-01-17T07:42:14.391+0000] {processor.py:186} INFO - Started process (PID=14366) to work on /opt/airflow/dags/dynamic_user_processing.py
[2026-01-17T07:42:14.392+0000] {processor.py:914} INFO - Processing file /opt/airflow/dags/dynamic_user_processing.py for tasks to queue
[2026-01-17T07:42:14.394+0000] {logging_mixin.py:190} INFO - [2026-01-17T07:42:14.394+0000] {dagbag.py:588} INFO - Filling up the DagBag from /opt/airflow/dags/dynamic_user_processing.py
[2026-01-17T07:42:15.021+0000] {processor.py:925} INFO - DAG(s) 'dynamic_user_processing' retrieved from /opt/airflow/dags/dynamic_user_processing.py
[2026-01-17T07:42:15.060+0000] {logging_mixin.py:190} INFO - [2026-01-17T07:42:15.059+0000] {dag.py:3239} INFO - Sync 1 DAGs
[2026-01-17T07:42:15.096+0000] {logging_mixin.py:190} INFO - [2026-01-17T07:42:15.096+0000] {dag.py:4180} INFO - Setting next_dagrun for dynamic_user_processing to 2026-01-17 00:00:00+00:00, run_after=2026-01-18 00:00:00+00:00
[2026-01-17T07:42:15.117+0000] {processor.py:208} INFO - Processing /opt/airflow/dags/dynamic_user_processing.py took 0.738 seconds
[2026-01-17T07:42:45.685+0000] {processor.py:186} INFO - Started process (PID=14390) to work on /opt/airflow/dags/dynamic_user_processing.py
[2026-01-17T07:42:45.686+0000] {processor.py:914} INFO - Processing file /opt/airflow/dags/dynamic_user_processing.py for tasks to queue
[2026-01-17T07:42:45.688+0000] {logging_mixin.py:190} INFO - [2026-01-17T07:42:45.687+0000] {dagbag.py:588} INFO - Filling up the DagBag from /opt/airflow/dags/dynamic_user_processing.py
[2026-01-17T07:42:46.365+0000] {processor.py:925} INFO - DAG(s) 'dynamic_user_processing' retrieved from /opt/airflow/dags/dynamic_user_processing.py
[2026-01-17T07:42:46.396+0000] {logging_mixin.py:190} INFO - [2026-01-17T07:42:46.395+0000] {dag.py:3239} INFO - Sync 1 DAGs
[2026-01-17T07:42:46.426+0000] {logging_mixin.py:190} INFO - [2026-01-17T07:42:46.425+0000] {dag.py:4180} INFO - Setting next_dagrun for dynamic_user_processing to 2026-01-17 00:00:00+00:00, run_after=2026-01-18 00:00:00+00:00
[2026-01-17T07:42:46.455+0000] {processor.py:208} INFO - Processing /opt/airflow/dags/dynamic_user_processing.py took 0.778 seconds
[2026-01-17T07:43:17.028+0000] {processor.py:186} INFO - Started process (PID=14414) to work on /opt/airflow/dags/dynamic_user_processing.py
[2026-01-17T07:43:17.029+0000] {processor.py:914} INFO - Processing file /opt/airflow/dags/dynamic_user_processing.py for tasks to queue
[2026-01-17T07:43:17.032+0000] {logging_mixin.py:190} INFO - [2026-01-17T07:43:17.031+0000] {dagbag.py:588} INFO - Filling up the DagBag from /opt/airflow/dags/dynamic_user_processing.py
[2026-01-17T07:43:17.762+0000] {processor.py:925} INFO - DAG(s) 'dynamic_user_processing' retrieved from /opt/airflow/dags/dynamic_user_processing.py
[2026-01-17T07:43:17.811+0000] {logging_mixin.py:190} INFO - [2026-01-17T07:43:17.810+0000] {dag.py:3239} INFO - Sync 1 DAGs
[2026-01-17T07:43:17.865+0000] {logging_mixin.py:190} INFO - [2026-01-17T07:43:17.865+0000] {dag.py:4180} INFO - Setting next_dagrun for dynamic_user_processing to 2026-01-17 00:00:00+00:00, run_after=2026-01-18 00:00:00+00:00
[2026-01-17T07:43:17.909+0000] {processor.py:208} INFO - Processing /opt/airflow/dags/dynamic_user_processing.py took 0.890 seconds
[2026-01-17T07:43:48.465+0000] {processor.py:186} INFO - Started process (PID=14438) to work on /opt/airflow/dags/dynamic_user_processing.py
[2026-01-17T07:43:48.467+0000] {processor.py:914} INFO - Processing file /opt/airflow/dags/dynamic_user_processing.py for tasks to queue
[2026-01-17T07:43:48.469+0000] {logging_mixin.py:190} INFO - [2026-01-17T07:43:48.468+0000] {dagbag.py:588} INFO - Filling up the DagBag from /opt/airflow/dags/dynamic_user_processing.py
[2026-01-17T07:43:49.212+0000] {processor.py:925} INFO - DAG(s) 'dynamic_user_processing' retrieved from /opt/airflow/dags/dynamic_user_processing.py
[2026-01-17T07:43:49.253+0000] {logging_mixin.py:190} INFO - [2026-01-17T07:43:49.251+0000] {dag.py:3239} INFO - Sync 1 DAGs
[2026-01-17T07:43:49.283+0000] {logging_mixin.py:190} INFO - [2026-01-17T07:43:49.283+0000] {dag.py:4180} INFO - Setting next_dagrun for dynamic_user_processing to 2026-01-17 00:00:00+00:00, run_after=2026-01-18 00:00:00+00:00
[2026-01-17T07:43:49.317+0000] {processor.py:208} INFO - Processing /opt/airflow/dags/dynamic_user_processing.py took 0.862 seconds
[2026-01-17T07:44:19.765+0000] {processor.py:186} INFO - Started process (PID=14462) to work on /opt/airflow/dags/dynamic_user_processing.py
[2026-01-17T07:44:19.766+0000] {processor.py:914} INFO - Processing file /opt/airflow/dags/dynamic_user_processing.py for tasks to queue
[2026-01-17T07:44:19.768+0000] {logging_mixin.py:190} INFO - [2026-01-17T07:44:19.768+0000] {dagbag.py:588} INFO - Filling up the DagBag from /opt/airflow/dags/dynamic_user_processing.py
[2026-01-17T07:44:20.440+0000] {processor.py:925} INFO - DAG(s) 'dynamic_user_processing' retrieved from /opt/airflow/dags/dynamic_user_processing.py
[2026-01-17T07:44:20.469+0000] {logging_mixin.py:190} INFO - [2026-01-17T07:44:20.469+0000] {dag.py:3239} INFO - Sync 1 DAGs
[2026-01-17T07:44:20.500+0000] {logging_mixin.py:190} INFO - [2026-01-17T07:44:20.500+0000] {dag.py:4180} INFO - Setting next_dagrun for dynamic_user_processing to 2026-01-17 00:00:00+00:00, run_after=2026-01-18 00:00:00+00:00
[2026-01-17T07:44:20.519+0000] {processor.py:208} INFO - Processing /opt/airflow/dags/dynamic_user_processing.py took 0.765 seconds
[2026-01-17T07:44:50.992+0000] {processor.py:186} INFO - Started process (PID=14487) to work on /opt/airflow/dags/dynamic_user_processing.py
[2026-01-17T07:44:50.993+0000] {processor.py:914} INFO - Processing file /opt/airflow/dags/dynamic_user_processing.py for tasks to queue
[2026-01-17T07:44:50.995+0000] {logging_mixin.py:190} INFO - [2026-01-17T07:44:50.995+0000] {dagbag.py:588} INFO - Filling up the DagBag from /opt/airflow/dags/dynamic_user_processing.py
[2026-01-17T07:44:51.637+0000] {processor.py:925} INFO - DAG(s) 'dynamic_user_processing' retrieved from /opt/airflow/dags/dynamic_user_processing.py
[2026-01-17T07:44:51.669+0000] {logging_mixin.py:190} INFO - [2026-01-17T07:44:51.669+0000] {dag.py:3239} INFO - Sync 1 DAGs
[2026-01-17T07:44:51.698+0000] {logging_mixin.py:190} INFO - [2026-01-17T07:44:51.698+0000] {dag.py:4180} INFO - Setting next_dagrun for dynamic_user_processing to 2026-01-17 00:00:00+00:00, run_after=2026-01-18 00:00:00+00:00
[2026-01-17T07:44:51.728+0000] {processor.py:208} INFO - Processing /opt/airflow/dags/dynamic_user_processing.py took 0.744 seconds
[2026-01-17T07:45:22.251+0000] {processor.py:186} INFO - Started process (PID=14511) to work on /opt/airflow/dags/dynamic_user_processing.py
[2026-01-17T07:45:22.252+0000] {processor.py:914} INFO - Processing file /opt/airflow/dags/dynamic_user_processing.py for tasks to queue
[2026-01-17T07:45:22.254+0000] {logging_mixin.py:190} INFO - [2026-01-17T07:45:22.253+0000] {dagbag.py:588} INFO - Filling up the DagBag from /opt/airflow/dags/dynamic_user_processing.py
[2026-01-17T07:45:22.915+0000] {processor.py:925} INFO - DAG(s) 'dynamic_user_processing' retrieved from /opt/airflow/dags/dynamic_user_processing.py
[2026-01-17T07:45:22.953+0000] {logging_mixin.py:190} INFO - [2026-01-17T07:45:22.952+0000] {dag.py:3239} INFO - Sync 1 DAGs
[2026-01-17T07:45:22.984+0000] {logging_mixin.py:190} INFO - [2026-01-17T07:45:22.983+0000] {dag.py:4180} INFO - Setting next_dagrun for dynamic_user_processing to 2026-01-17 00:00:00+00:00, run_after=2026-01-18 00:00:00+00:00
[2026-01-17T07:45:23.002+0000] {processor.py:208} INFO - Processing /opt/airflow/dags/dynamic_user_processing.py took 0.762 seconds
[2026-01-17T07:45:53.588+0000] {processor.py:186} INFO - Started process (PID=14535) to work on /opt/airflow/dags/dynamic_user_processing.py
[2026-01-17T07:45:53.590+0000] {processor.py:914} INFO - Processing file /opt/airflow/dags/dynamic_user_processing.py for tasks to queue
[2026-01-17T07:45:53.592+0000] {logging_mixin.py:190} INFO - [2026-01-17T07:45:53.591+0000] {dagbag.py:588} INFO - Filling up the DagBag from /opt/airflow/dags/dynamic_user_processing.py
[2026-01-17T07:45:54.214+0000] {processor.py:925} INFO - DAG(s) 'dynamic_user_processing' retrieved from /opt/airflow/dags/dynamic_user_processing.py
[2026-01-17T07:45:54.240+0000] {logging_mixin.py:190} INFO - [2026-01-17T07:45:54.239+0000] {dag.py:3239} INFO - Sync 1 DAGs
[2026-01-17T07:45:54.262+0000] {logging_mixin.py:190} INFO - [2026-01-17T07:45:54.262+0000] {dag.py:4180} INFO - Setting next_dagrun for dynamic_user_processing to 2026-01-17 00:00:00+00:00, run_after=2026-01-18 00:00:00+00:00
[2026-01-17T07:45:54.289+0000] {processor.py:208} INFO - Processing /opt/airflow/dags/dynamic_user_processing.py took 0.711 seconds
[2026-01-17T07:46:24.702+0000] {processor.py:186} INFO - Started process (PID=14559) to work on /opt/airflow/dags/dynamic_user_processing.py
[2026-01-17T07:46:24.703+0000] {processor.py:914} INFO - Processing file /opt/airflow/dags/dynamic_user_processing.py for tasks to queue
[2026-01-17T07:46:24.705+0000] {logging_mixin.py:190} INFO - [2026-01-17T07:46:24.705+0000] {dagbag.py:588} INFO - Filling up the DagBag from /opt/airflow/dags/dynamic_user_processing.py
[2026-01-17T07:46:25.317+0000] {processor.py:925} INFO - DAG(s) 'dynamic_user_processing' retrieved from /opt/airflow/dags/dynamic_user_processing.py
[2026-01-17T07:46:25.352+0000] {logging_mixin.py:190} INFO - [2026-01-17T07:46:25.352+0000] {dag.py:3239} INFO - Sync 1 DAGs
[2026-01-17T07:46:25.382+0000] {logging_mixin.py:190} INFO - [2026-01-17T07:46:25.381+0000] {dag.py:4180} INFO - Setting next_dagrun for dynamic_user_processing to 2026-01-17 00:00:00+00:00, run_after=2026-01-18 00:00:00+00:00
[2026-01-17T07:46:25.413+0000] {processor.py:208} INFO - Processing /opt/airflow/dags/dynamic_user_processing.py took 0.721 seconds
[2026-01-17T07:46:55.632+0000] {processor.py:186} INFO - Started process (PID=14583) to work on /opt/airflow/dags/dynamic_user_processing.py
[2026-01-17T07:46:55.634+0000] {processor.py:914} INFO - Processing file /opt/airflow/dags/dynamic_user_processing.py for tasks to queue
[2026-01-17T07:46:55.637+0000] {logging_mixin.py:190} INFO - [2026-01-17T07:46:55.636+0000] {dagbag.py:588} INFO - Filling up the DagBag from /opt/airflow/dags/dynamic_user_processing.py
[2026-01-17T07:46:56.170+0000] {processor.py:925} INFO - DAG(s) 'dynamic_user_processing' retrieved from /opt/airflow/dags/dynamic_user_processing.py
[2026-01-17T07:46:56.197+0000] {logging_mixin.py:190} INFO - [2026-01-17T07:46:56.196+0000] {dag.py:3239} INFO - Sync 1 DAGs
[2026-01-17T07:46:56.226+0000] {logging_mixin.py:190} INFO - [2026-01-17T07:46:56.226+0000] {dag.py:4180} INFO - Setting next_dagrun for dynamic_user_processing to 2026-01-17 00:00:00+00:00, run_after=2026-01-18 00:00:00+00:00
[2026-01-17T07:46:56.251+0000] {processor.py:208} INFO - Processing /opt/airflow/dags/dynamic_user_processing.py took 0.632 seconds
[2026-01-17T07:47:26.982+0000] {processor.py:186} INFO - Started process (PID=14607) to work on /opt/airflow/dags/dynamic_user_processing.py
[2026-01-17T07:47:26.983+0000] {processor.py:914} INFO - Processing file /opt/airflow/dags/dynamic_user_processing.py for tasks to queue
[2026-01-17T07:47:26.985+0000] {logging_mixin.py:190} INFO - [2026-01-17T07:47:26.985+0000] {dagbag.py:588} INFO - Filling up the DagBag from /opt/airflow/dags/dynamic_user_processing.py
[2026-01-17T07:47:27.522+0000] {processor.py:925} INFO - DAG(s) 'dynamic_user_processing' retrieved from /opt/airflow/dags/dynamic_user_processing.py
[2026-01-17T07:47:27.548+0000] {logging_mixin.py:190} INFO - [2026-01-17T07:47:27.547+0000] {dag.py:3239} INFO - Sync 1 DAGs
[2026-01-17T07:47:27.574+0000] {logging_mixin.py:190} INFO - [2026-01-17T07:47:27.574+0000] {dag.py:4180} INFO - Setting next_dagrun for dynamic_user_processing to 2026-01-17 00:00:00+00:00, run_after=2026-01-18 00:00:00+00:00
[2026-01-17T07:47:27.591+0000] {processor.py:208} INFO - Processing /opt/airflow/dags/dynamic_user_processing.py took 0.620 seconds
[2026-01-17T07:47:57.839+0000] {processor.py:186} INFO - Started process (PID=14631) to work on /opt/airflow/dags/dynamic_user_processing.py
[2026-01-17T07:47:57.841+0000] {processor.py:914} INFO - Processing file /opt/airflow/dags/dynamic_user_processing.py for tasks to queue
[2026-01-17T07:47:57.844+0000] {logging_mixin.py:190} INFO - [2026-01-17T07:47:57.843+0000] {dagbag.py:588} INFO - Filling up the DagBag from /opt/airflow/dags/dynamic_user_processing.py
[2026-01-17T07:47:58.394+0000] {processor.py:925} INFO - DAG(s) 'dynamic_user_processing' retrieved from /opt/airflow/dags/dynamic_user_processing.py
[2026-01-17T07:47:58.423+0000] {logging_mixin.py:190} INFO - [2026-01-17T07:47:58.422+0000] {dag.py:3239} INFO - Sync 1 DAGs
[2026-01-17T07:47:58.444+0000] {logging_mixin.py:190} INFO - [2026-01-17T07:47:58.444+0000] {dag.py:4180} INFO - Setting next_dagrun for dynamic_user_processing to 2026-01-17 00:00:00+00:00, run_after=2026-01-18 00:00:00+00:00
[2026-01-17T07:47:58.466+0000] {processor.py:208} INFO - Processing /opt/airflow/dags/dynamic_user_processing.py took 0.649 seconds
[2026-01-17T07:48:29.246+0000] {processor.py:186} INFO - Started process (PID=14655) to work on /opt/airflow/dags/dynamic_user_processing.py
[2026-01-17T07:48:29.250+0000] {processor.py:914} INFO - Processing file /opt/airflow/dags/dynamic_user_processing.py for tasks to queue
[2026-01-17T07:48:29.252+0000] {logging_mixin.py:190} INFO - [2026-01-17T07:48:29.251+0000] {dagbag.py:588} INFO - Filling up the DagBag from /opt/airflow/dags/dynamic_user_processing.py
[2026-01-17T07:48:29.785+0000] {processor.py:925} INFO - DAG(s) 'dynamic_user_processing' retrieved from /opt/airflow/dags/dynamic_user_processing.py
[2026-01-17T07:48:29.816+0000] {logging_mixin.py:190} INFO - [2026-01-17T07:48:29.815+0000] {dag.py:3239} INFO - Sync 1 DAGs
[2026-01-17T07:48:29.840+0000] {logging_mixin.py:190} INFO - [2026-01-17T07:48:29.840+0000] {dag.py:4180} INFO - Setting next_dagrun for dynamic_user_processing to 2026-01-17 00:00:00+00:00, run_after=2026-01-18 00:00:00+00:00
[2026-01-17T07:48:29.871+0000] {processor.py:208} INFO - Processing /opt/airflow/dags/dynamic_user_processing.py took 0.644 seconds
[2026-01-17T07:49:00.292+0000] {processor.py:186} INFO - Started process (PID=14679) to work on /opt/airflow/dags/dynamic_user_processing.py
[2026-01-17T07:49:00.294+0000] {processor.py:914} INFO - Processing file /opt/airflow/dags/dynamic_user_processing.py for tasks to queue
[2026-01-17T07:49:00.297+0000] {logging_mixin.py:190} INFO - [2026-01-17T07:49:00.296+0000] {dagbag.py:588} INFO - Filling up the DagBag from /opt/airflow/dags/dynamic_user_processing.py
[2026-01-17T07:49:00.836+0000] {processor.py:925} INFO - DAG(s) 'dynamic_user_processing' retrieved from /opt/airflow/dags/dynamic_user_processing.py
[2026-01-17T07:49:00.868+0000] {logging_mixin.py:190} INFO - [2026-01-17T07:49:00.867+0000] {dag.py:3239} INFO - Sync 1 DAGs
[2026-01-17T07:49:00.900+0000] {logging_mixin.py:190} INFO - [2026-01-17T07:49:00.900+0000] {dag.py:4180} INFO - Setting next_dagrun for dynamic_user_processing to 2026-01-17 00:00:00+00:00, run_after=2026-01-18 00:00:00+00:00
[2026-01-17T07:49:00.932+0000] {processor.py:208} INFO - Processing /opt/airflow/dags/dynamic_user_processing.py took 0.652 seconds
[2026-01-17T07:49:31.207+0000] {processor.py:186} INFO - Started process (PID=14703) to work on /opt/airflow/dags/dynamic_user_processing.py
[2026-01-17T07:49:31.209+0000] {processor.py:914} INFO - Processing file /opt/airflow/dags/dynamic_user_processing.py for tasks to queue
[2026-01-17T07:49:31.211+0000] {logging_mixin.py:190} INFO - [2026-01-17T07:49:31.210+0000] {dagbag.py:588} INFO - Filling up the DagBag from /opt/airflow/dags/dynamic_user_processing.py
[2026-01-17T07:49:31.790+0000] {processor.py:925} INFO - DAG(s) 'dynamic_user_processing' retrieved from /opt/airflow/dags/dynamic_user_processing.py
[2026-01-17T07:49:31.827+0000] {logging_mixin.py:190} INFO - [2026-01-17T07:49:31.826+0000] {dag.py:3239} INFO - Sync 1 DAGs
[2026-01-17T07:49:31.863+0000] {logging_mixin.py:190} INFO - [2026-01-17T07:49:31.863+0000] {dag.py:4180} INFO - Setting next_dagrun for dynamic_user_processing to 2026-01-17 00:00:00+00:00, run_after=2026-01-18 00:00:00+00:00
[2026-01-17T07:49:31.904+0000] {processor.py:208} INFO - Processing /opt/airflow/dags/dynamic_user_processing.py took 0.712 seconds
[2026-01-17T07:50:02.081+0000] {processor.py:186} INFO - Started process (PID=14728) to work on /opt/airflow/dags/dynamic_user_processing.py
[2026-01-17T07:50:02.083+0000] {processor.py:914} INFO - Processing file /opt/airflow/dags/dynamic_user_processing.py for tasks to queue
[2026-01-17T07:50:02.085+0000] {logging_mixin.py:190} INFO - [2026-01-17T07:50:02.084+0000] {dagbag.py:588} INFO - Filling up the DagBag from /opt/airflow/dags/dynamic_user_processing.py
[2026-01-17T07:50:02.728+0000] {processor.py:925} INFO - DAG(s) 'dynamic_user_processing' retrieved from /opt/airflow/dags/dynamic_user_processing.py
[2026-01-17T07:50:02.750+0000] {logging_mixin.py:190} INFO - [2026-01-17T07:50:02.749+0000] {dag.py:3239} INFO - Sync 1 DAGs
[2026-01-17T07:50:02.773+0000] {logging_mixin.py:190} INFO - [2026-01-17T07:50:02.773+0000] {dag.py:4180} INFO - Setting next_dagrun for dynamic_user_processing to 2026-01-17 00:00:00+00:00, run_after=2026-01-18 00:00:00+00:00
[2026-01-17T07:50:02.797+0000] {processor.py:208} INFO - Processing /opt/airflow/dags/dynamic_user_processing.py took 0.730 seconds
[2026-01-17T07:50:33.131+0000] {processor.py:186} INFO - Started process (PID=14752) to work on /opt/airflow/dags/dynamic_user_processing.py
[2026-01-17T07:50:33.133+0000] {processor.py:914} INFO - Processing file /opt/airflow/dags/dynamic_user_processing.py for tasks to queue
[2026-01-17T07:50:33.135+0000] {logging_mixin.py:190} INFO - [2026-01-17T07:50:33.134+0000] {dagbag.py:588} INFO - Filling up the DagBag from /opt/airflow/dags/dynamic_user_processing.py
[2026-01-17T07:50:33.671+0000] {processor.py:925} INFO - DAG(s) 'dynamic_user_processing' retrieved from /opt/airflow/dags/dynamic_user_processing.py
[2026-01-17T07:50:33.707+0000] {logging_mixin.py:190} INFO - [2026-01-17T07:50:33.706+0000] {dag.py:3239} INFO - Sync 1 DAGs
[2026-01-17T07:50:33.753+0000] {logging_mixin.py:190} INFO - [2026-01-17T07:50:33.752+0000] {dag.py:4180} INFO - Setting next_dagrun for dynamic_user_processing to 2026-01-17 00:00:00+00:00, run_after=2026-01-18 00:00:00+00:00
[2026-01-17T07:50:33.780+0000] {processor.py:208} INFO - Processing /opt/airflow/dags/dynamic_user_processing.py took 0.665 seconds
[2026-01-17T07:51:04.171+0000] {processor.py:186} INFO - Started process (PID=14776) to work on /opt/airflow/dags/dynamic_user_processing.py
[2026-01-17T07:51:04.173+0000] {processor.py:914} INFO - Processing file /opt/airflow/dags/dynamic_user_processing.py for tasks to queue
[2026-01-17T07:51:04.175+0000] {logging_mixin.py:190} INFO - [2026-01-17T07:51:04.174+0000] {dagbag.py:588} INFO - Filling up the DagBag from /opt/airflow/dags/dynamic_user_processing.py
[2026-01-17T07:51:04.715+0000] {processor.py:925} INFO - DAG(s) 'dynamic_user_processing' retrieved from /opt/airflow/dags/dynamic_user_processing.py
[2026-01-17T07:51:04.743+0000] {logging_mixin.py:190} INFO - [2026-01-17T07:51:04.742+0000] {dag.py:3239} INFO - Sync 1 DAGs
[2026-01-17T07:51:04.773+0000] {logging_mixin.py:190} INFO - [2026-01-17T07:51:04.773+0000] {dag.py:4180} INFO - Setting next_dagrun for dynamic_user_processing to 2026-01-17 00:00:00+00:00, run_after=2026-01-18 00:00:00+00:00
[2026-01-17T07:51:04.798+0000] {processor.py:208} INFO - Processing /opt/airflow/dags/dynamic_user_processing.py took 0.638 seconds
[2026-01-17T07:51:35.111+0000] {processor.py:186} INFO - Started process (PID=14800) to work on /opt/airflow/dags/dynamic_user_processing.py
[2026-01-17T07:51:35.113+0000] {processor.py:914} INFO - Processing file /opt/airflow/dags/dynamic_user_processing.py for tasks to queue
[2026-01-17T07:51:35.117+0000] {logging_mixin.py:190} INFO - [2026-01-17T07:51:35.116+0000] {dagbag.py:588} INFO - Filling up the DagBag from /opt/airflow/dags/dynamic_user_processing.py
[2026-01-17T07:51:35.690+0000] {processor.py:925} INFO - DAG(s) 'dynamic_user_processing' retrieved from /opt/airflow/dags/dynamic_user_processing.py
[2026-01-17T07:51:35.717+0000] {logging_mixin.py:190} INFO - [2026-01-17T07:51:35.716+0000] {dag.py:3239} INFO - Sync 1 DAGs
[2026-01-17T07:51:35.758+0000] {logging_mixin.py:190} INFO - [2026-01-17T07:51:35.758+0000] {dag.py:4180} INFO - Setting next_dagrun for dynamic_user_processing to 2026-01-17 00:00:00+00:00, run_after=2026-01-18 00:00:00+00:00
[2026-01-17T07:51:35.795+0000] {processor.py:208} INFO - Processing /opt/airflow/dags/dynamic_user_processing.py took 0.708 seconds
[2026-01-17T07:52:06.084+0000] {processor.py:186} INFO - Started process (PID=14824) to work on /opt/airflow/dags/dynamic_user_processing.py
[2026-01-17T07:52:06.086+0000] {processor.py:914} INFO - Processing file /opt/airflow/dags/dynamic_user_processing.py for tasks to queue
[2026-01-17T07:52:06.089+0000] {logging_mixin.py:190} INFO - [2026-01-17T07:52:06.088+0000] {dagbag.py:588} INFO - Filling up the DagBag from /opt/airflow/dags/dynamic_user_processing.py
[2026-01-17T07:52:06.818+0000] {processor.py:925} INFO - DAG(s) 'dynamic_user_processing' retrieved from /opt/airflow/dags/dynamic_user_processing.py
[2026-01-17T07:52:06.855+0000] {logging_mixin.py:190} INFO - [2026-01-17T07:52:06.854+0000] {dag.py:3239} INFO - Sync 1 DAGs
[2026-01-17T07:52:06.896+0000] {logging_mixin.py:190} INFO - [2026-01-17T07:52:06.895+0000] {dag.py:4180} INFO - Setting next_dagrun for dynamic_user_processing to 2026-01-17 00:00:00+00:00, run_after=2026-01-18 00:00:00+00:00
[2026-01-17T07:52:06.929+0000] {processor.py:208} INFO - Processing /opt/airflow/dags/dynamic_user_processing.py took 0.856 seconds
[2026-01-17T07:52:37.128+0000] {processor.py:186} INFO - Started process (PID=14848) to work on /opt/airflow/dags/dynamic_user_processing.py
[2026-01-17T07:52:37.129+0000] {processor.py:914} INFO - Processing file /opt/airflow/dags/dynamic_user_processing.py for tasks to queue
[2026-01-17T07:52:37.131+0000] {logging_mixin.py:190} INFO - [2026-01-17T07:52:37.131+0000] {dagbag.py:588} INFO - Filling up the DagBag from /opt/airflow/dags/dynamic_user_processing.py
[2026-01-17T07:52:37.692+0000] {processor.py:925} INFO - DAG(s) 'dynamic_user_processing' retrieved from /opt/airflow/dags/dynamic_user_processing.py
[2026-01-17T07:52:37.721+0000] {logging_mixin.py:190} INFO - [2026-01-17T07:52:37.720+0000] {dag.py:3239} INFO - Sync 1 DAGs
[2026-01-17T07:52:37.747+0000] {logging_mixin.py:190} INFO - [2026-01-17T07:52:37.746+0000] {dag.py:4180} INFO - Setting next_dagrun for dynamic_user_processing to 2026-01-17 00:00:00+00:00, run_after=2026-01-18 00:00:00+00:00
[2026-01-17T07:52:37.768+0000] {processor.py:208} INFO - Processing /opt/airflow/dags/dynamic_user_processing.py took 0.649 seconds
[2026-01-17T07:53:07.930+0000] {processor.py:186} INFO - Started process (PID=14873) to work on /opt/airflow/dags/dynamic_user_processing.py
[2026-01-17T07:53:07.931+0000] {processor.py:914} INFO - Processing file /opt/airflow/dags/dynamic_user_processing.py for tasks to queue
[2026-01-17T07:53:07.932+0000] {logging_mixin.py:190} INFO - [2026-01-17T07:53:07.932+0000] {dagbag.py:588} INFO - Filling up the DagBag from /opt/airflow/dags/dynamic_user_processing.py
[2026-01-17T07:53:08.388+0000] {processor.py:925} INFO - DAG(s) 'dynamic_user_processing' retrieved from /opt/airflow/dags/dynamic_user_processing.py
[2026-01-17T07:53:08.411+0000] {logging_mixin.py:190} INFO - [2026-01-17T07:53:08.410+0000] {dag.py:3239} INFO - Sync 1 DAGs
[2026-01-17T07:53:08.431+0000] {logging_mixin.py:190} INFO - [2026-01-17T07:53:08.431+0000] {dag.py:4180} INFO - Setting next_dagrun for dynamic_user_processing to 2026-01-17 00:00:00+00:00, run_after=2026-01-18 00:00:00+00:00
[2026-01-17T07:53:08.446+0000] {processor.py:208} INFO - Processing /opt/airflow/dags/dynamic_user_processing.py took 0.524 seconds
[2026-01-17T07:53:39.333+0000] {processor.py:186} INFO - Started process (PID=14897) to work on /opt/airflow/dags/dynamic_user_processing.py
[2026-01-17T07:53:39.335+0000] {processor.py:914} INFO - Processing file /opt/airflow/dags/dynamic_user_processing.py for tasks to queue
[2026-01-17T07:53:39.337+0000] {logging_mixin.py:190} INFO - [2026-01-17T07:53:39.336+0000] {dagbag.py:588} INFO - Filling up the DagBag from /opt/airflow/dags/dynamic_user_processing.py
[2026-01-17T07:53:39.977+0000] {processor.py:925} INFO - DAG(s) 'dynamic_user_processing' retrieved from /opt/airflow/dags/dynamic_user_processing.py
[2026-01-17T07:53:40.007+0000] {logging_mixin.py:190} INFO - [2026-01-17T07:53:40.006+0000] {dag.py:3239} INFO - Sync 1 DAGs
[2026-01-17T07:53:40.033+0000] {logging_mixin.py:190} INFO - [2026-01-17T07:53:40.033+0000] {dag.py:4180} INFO - Setting next_dagrun for dynamic_user_processing to 2026-01-17 00:00:00+00:00, run_after=2026-01-18 00:00:00+00:00
[2026-01-17T07:53:40.062+0000] {processor.py:208} INFO - Processing /opt/airflow/dags/dynamic_user_processing.py took 0.743 seconds
[2026-01-17T07:54:10.298+0000] {processor.py:186} INFO - Started process (PID=14921) to work on /opt/airflow/dags/dynamic_user_processing.py
[2026-01-17T07:54:10.300+0000] {processor.py:914} INFO - Processing file /opt/airflow/dags/dynamic_user_processing.py for tasks to queue
[2026-01-17T07:54:10.302+0000] {logging_mixin.py:190} INFO - [2026-01-17T07:54:10.302+0000] {dagbag.py:588} INFO - Filling up the DagBag from /opt/airflow/dags/dynamic_user_processing.py
[2026-01-17T07:54:10.911+0000] {processor.py:925} INFO - DAG(s) 'dynamic_user_processing' retrieved from /opt/airflow/dags/dynamic_user_processing.py
[2026-01-17T07:54:10.951+0000] {logging_mixin.py:190} INFO - [2026-01-17T07:54:10.950+0000] {dag.py:3239} INFO - Sync 1 DAGs
[2026-01-17T07:54:10.981+0000] {logging_mixin.py:190} INFO - [2026-01-17T07:54:10.981+0000] {dag.py:4180} INFO - Setting next_dagrun for dynamic_user_processing to 2026-01-17 00:00:00+00:00, run_after=2026-01-18 00:00:00+00:00
[2026-01-17T07:54:11.011+0000] {processor.py:208} INFO - Processing /opt/airflow/dags/dynamic_user_processing.py took 0.724 seconds
[2026-01-17T07:54:41.544+0000] {processor.py:186} INFO - Started process (PID=14946) to work on /opt/airflow/dags/dynamic_user_processing.py
[2026-01-17T07:54:41.546+0000] {processor.py:914} INFO - Processing file /opt/airflow/dags/dynamic_user_processing.py for tasks to queue
[2026-01-17T07:54:41.547+0000] {logging_mixin.py:190} INFO - [2026-01-17T07:54:41.547+0000] {dagbag.py:588} INFO - Filling up the DagBag from /opt/airflow/dags/dynamic_user_processing.py
[2026-01-17T07:54:42.178+0000] {processor.py:925} INFO - DAG(s) 'dynamic_user_processing' retrieved from /opt/airflow/dags/dynamic_user_processing.py
[2026-01-17T07:54:42.222+0000] {logging_mixin.py:190} INFO - [2026-01-17T07:54:42.221+0000] {dag.py:3239} INFO - Sync 1 DAGs
[2026-01-17T07:54:42.258+0000] {logging_mixin.py:190} INFO - [2026-01-17T07:54:42.257+0000] {dag.py:4180} INFO - Setting next_dagrun for dynamic_user_processing to 2026-01-17 00:00:00+00:00, run_after=2026-01-18 00:00:00+00:00
[2026-01-17T07:54:42.291+0000] {processor.py:208} INFO - Processing /opt/airflow/dags/dynamic_user_processing.py took 0.758 seconds
[2026-01-17T07:55:12.571+0000] {processor.py:186} INFO - Started process (PID=14969) to work on /opt/airflow/dags/dynamic_user_processing.py
[2026-01-17T07:55:12.572+0000] {processor.py:914} INFO - Processing file /opt/airflow/dags/dynamic_user_processing.py for tasks to queue
[2026-01-17T07:55:12.574+0000] {logging_mixin.py:190} INFO - [2026-01-17T07:55:12.573+0000] {dagbag.py:588} INFO - Filling up the DagBag from /opt/airflow/dags/dynamic_user_processing.py
[2026-01-17T07:55:13.271+0000] {processor.py:925} INFO - DAG(s) 'dynamic_user_processing' retrieved from /opt/airflow/dags/dynamic_user_processing.py
[2026-01-17T07:55:13.305+0000] {logging_mixin.py:190} INFO - [2026-01-17T07:55:13.302+0000] {dag.py:3239} INFO - Sync 1 DAGs
[2026-01-17T07:55:13.345+0000] {logging_mixin.py:190} INFO - [2026-01-17T07:55:13.344+0000] {dag.py:4180} INFO - Setting next_dagrun for dynamic_user_processing to 2026-01-17 00:00:00+00:00, run_after=2026-01-18 00:00:00+00:00
[2026-01-17T07:55:13.373+0000] {processor.py:208} INFO - Processing /opt/airflow/dags/dynamic_user_processing.py took 0.813 seconds
[2026-01-17T07:55:43.931+0000] {processor.py:186} INFO - Started process (PID=14993) to work on /opt/airflow/dags/dynamic_user_processing.py
[2026-01-17T07:55:43.933+0000] {processor.py:914} INFO - Processing file /opt/airflow/dags/dynamic_user_processing.py for tasks to queue
[2026-01-17T07:55:43.935+0000] {logging_mixin.py:190} INFO - [2026-01-17T07:55:43.935+0000] {dagbag.py:588} INFO - Filling up the DagBag from /opt/airflow/dags/dynamic_user_processing.py
[2026-01-17T07:55:44.537+0000] {processor.py:925} INFO - DAG(s) 'dynamic_user_processing' retrieved from /opt/airflow/dags/dynamic_user_processing.py
[2026-01-17T07:55:44.573+0000] {logging_mixin.py:190} INFO - [2026-01-17T07:55:44.573+0000] {dag.py:3239} INFO - Sync 1 DAGs
[2026-01-17T07:55:44.603+0000] {logging_mixin.py:190} INFO - [2026-01-17T07:55:44.603+0000] {dag.py:4180} INFO - Setting next_dagrun for dynamic_user_processing to 2026-01-17 00:00:00+00:00, run_after=2026-01-18 00:00:00+00:00
[2026-01-17T07:55:44.623+0000] {processor.py:208} INFO - Processing /opt/airflow/dags/dynamic_user_processing.py took 0.708 seconds
[2026-01-17T07:56:14.812+0000] {processor.py:186} INFO - Started process (PID=15017) to work on /opt/airflow/dags/dynamic_user_processing.py
[2026-01-17T07:56:14.814+0000] {processor.py:914} INFO - Processing file /opt/airflow/dags/dynamic_user_processing.py for tasks to queue
[2026-01-17T07:56:14.816+0000] {logging_mixin.py:190} INFO - [2026-01-17T07:56:14.815+0000] {dagbag.py:588} INFO - Filling up the DagBag from /opt/airflow/dags/dynamic_user_processing.py
[2026-01-17T07:56:15.481+0000] {processor.py:925} INFO - DAG(s) 'dynamic_user_processing' retrieved from /opt/airflow/dags/dynamic_user_processing.py
[2026-01-17T07:56:15.513+0000] {logging_mixin.py:190} INFO - [2026-01-17T07:56:15.512+0000] {dag.py:3239} INFO - Sync 1 DAGs
[2026-01-17T07:56:15.534+0000] {logging_mixin.py:190} INFO - [2026-01-17T07:56:15.534+0000] {dag.py:4180} INFO - Setting next_dagrun for dynamic_user_processing to 2026-01-17 00:00:00+00:00, run_after=2026-01-18 00:00:00+00:00
[2026-01-17T07:56:15.551+0000] {processor.py:208} INFO - Processing /opt/airflow/dags/dynamic_user_processing.py took 0.750 seconds
[2026-01-17T07:56:45.688+0000] {processor.py:186} INFO - Started process (PID=15042) to work on /opt/airflow/dags/dynamic_user_processing.py
[2026-01-17T07:56:45.689+0000] {processor.py:914} INFO - Processing file /opt/airflow/dags/dynamic_user_processing.py for tasks to queue
[2026-01-17T07:56:45.691+0000] {logging_mixin.py:190} INFO - [2026-01-17T07:56:45.691+0000] {dagbag.py:588} INFO - Filling up the DagBag from /opt/airflow/dags/dynamic_user_processing.py
[2026-01-17T07:56:46.238+0000] {processor.py:925} INFO - DAG(s) 'dynamic_user_processing' retrieved from /opt/airflow/dags/dynamic_user_processing.py
[2026-01-17T07:56:46.265+0000] {logging_mixin.py:190} INFO - [2026-01-17T07:56:46.264+0000] {dag.py:3239} INFO - Sync 1 DAGs
[2026-01-17T07:56:46.293+0000] {logging_mixin.py:190} INFO - [2026-01-17T07:56:46.293+0000] {dag.py:4180} INFO - Setting next_dagrun for dynamic_user_processing to 2026-01-17 00:00:00+00:00, run_after=2026-01-18 00:00:00+00:00
[2026-01-17T07:56:46.328+0000] {processor.py:208} INFO - Processing /opt/airflow/dags/dynamic_user_processing.py took 0.653 seconds
[2026-01-17T07:57:16.521+0000] {processor.py:186} INFO - Started process (PID=15066) to work on /opt/airflow/dags/dynamic_user_processing.py
[2026-01-17T07:57:16.523+0000] {processor.py:914} INFO - Processing file /opt/airflow/dags/dynamic_user_processing.py for tasks to queue
[2026-01-17T07:57:16.525+0000] {logging_mixin.py:190} INFO - [2026-01-17T07:57:16.524+0000] {dagbag.py:588} INFO - Filling up the DagBag from /opt/airflow/dags/dynamic_user_processing.py
[2026-01-17T07:57:17.121+0000] {processor.py:925} INFO - DAG(s) 'dynamic_user_processing' retrieved from /opt/airflow/dags/dynamic_user_processing.py
[2026-01-17T07:57:17.150+0000] {logging_mixin.py:190} INFO - [2026-01-17T07:57:17.149+0000] {dag.py:3239} INFO - Sync 1 DAGs
[2026-01-17T07:57:17.174+0000] {logging_mixin.py:190} INFO - [2026-01-17T07:57:17.174+0000] {dag.py:4180} INFO - Setting next_dagrun for dynamic_user_processing to 2026-01-17 00:00:00+00:00, run_after=2026-01-18 00:00:00+00:00
[2026-01-17T07:57:17.194+0000] {processor.py:208} INFO - Processing /opt/airflow/dags/dynamic_user_processing.py took 0.685 seconds
[2026-01-17T07:57:47.529+0000] {processor.py:186} INFO - Started process (PID=15095) to work on /opt/airflow/dags/dynamic_user_processing.py
[2026-01-17T07:57:47.531+0000] {processor.py:914} INFO - Processing file /opt/airflow/dags/dynamic_user_processing.py for tasks to queue
[2026-01-17T07:57:47.533+0000] {logging_mixin.py:190} INFO - [2026-01-17T07:57:47.532+0000] {dagbag.py:588} INFO - Filling up the DagBag from /opt/airflow/dags/dynamic_user_processing.py
[2026-01-17T07:57:48.117+0000] {processor.py:925} INFO - DAG(s) 'dynamic_user_processing' retrieved from /opt/airflow/dags/dynamic_user_processing.py
[2026-01-17T07:57:48.143+0000] {logging_mixin.py:190} INFO - [2026-01-17T07:57:48.143+0000] {dag.py:3239} INFO - Sync 1 DAGs
[2026-01-17T07:57:48.167+0000] {logging_mixin.py:190} INFO - [2026-01-17T07:57:48.167+0000] {dag.py:4180} INFO - Setting next_dagrun for dynamic_user_processing to 2026-01-17 00:00:00+00:00, run_after=2026-01-18 00:00:00+00:00
[2026-01-17T07:57:48.185+0000] {processor.py:208} INFO - Processing /opt/airflow/dags/dynamic_user_processing.py took 0.666 seconds
[2026-01-17T07:58:18.531+0000] {processor.py:186} INFO - Started process (PID=15119) to work on /opt/airflow/dags/dynamic_user_processing.py
[2026-01-17T07:58:18.533+0000] {processor.py:914} INFO - Processing file /opt/airflow/dags/dynamic_user_processing.py for tasks to queue
[2026-01-17T07:58:18.536+0000] {logging_mixin.py:190} INFO - [2026-01-17T07:58:18.535+0000] {dagbag.py:588} INFO - Filling up the DagBag from /opt/airflow/dags/dynamic_user_processing.py
[2026-01-17T07:58:19.079+0000] {processor.py:925} INFO - DAG(s) 'dynamic_user_processing' retrieved from /opt/airflow/dags/dynamic_user_processing.py
[2026-01-17T07:58:19.117+0000] {logging_mixin.py:190} INFO - [2026-01-17T07:58:19.116+0000] {dag.py:3239} INFO - Sync 1 DAGs
[2026-01-17T07:58:19.145+0000] {logging_mixin.py:190} INFO - [2026-01-17T07:58:19.144+0000] {dag.py:4180} INFO - Setting next_dagrun for dynamic_user_processing to 2026-01-17 00:00:00+00:00, run_after=2026-01-18 00:00:00+00:00
[2026-01-17T07:58:19.171+0000] {processor.py:208} INFO - Processing /opt/airflow/dags/dynamic_user_processing.py took 0.650 seconds
[2026-01-17T07:58:49.555+0000] {processor.py:186} INFO - Started process (PID=15143) to work on /opt/airflow/dags/dynamic_user_processing.py
[2026-01-17T07:58:49.556+0000] {processor.py:914} INFO - Processing file /opt/airflow/dags/dynamic_user_processing.py for tasks to queue
[2026-01-17T07:58:49.559+0000] {logging_mixin.py:190} INFO - [2026-01-17T07:58:49.558+0000] {dagbag.py:588} INFO - Filling up the DagBag from /opt/airflow/dags/dynamic_user_processing.py
[2026-01-17T07:58:50.151+0000] {processor.py:925} INFO - DAG(s) 'dynamic_user_processing' retrieved from /opt/airflow/dags/dynamic_user_processing.py
[2026-01-17T07:58:50.179+0000] {logging_mixin.py:190} INFO - [2026-01-17T07:58:50.179+0000] {dag.py:3239} INFO - Sync 1 DAGs
[2026-01-17T07:58:50.204+0000] {logging_mixin.py:190} INFO - [2026-01-17T07:58:50.203+0000] {dag.py:4180} INFO - Setting next_dagrun for dynamic_user_processing to 2026-01-17 00:00:00+00:00, run_after=2026-01-18 00:00:00+00:00
[2026-01-17T07:58:50.219+0000] {processor.py:208} INFO - Processing /opt/airflow/dags/dynamic_user_processing.py took 0.681 seconds
[2026-01-17T07:59:20.550+0000] {processor.py:186} INFO - Started process (PID=15167) to work on /opt/airflow/dags/dynamic_user_processing.py
[2026-01-17T07:59:20.551+0000] {processor.py:914} INFO - Processing file /opt/airflow/dags/dynamic_user_processing.py for tasks to queue
[2026-01-17T07:59:20.554+0000] {logging_mixin.py:190} INFO - [2026-01-17T07:59:20.553+0000] {dagbag.py:588} INFO - Filling up the DagBag from /opt/airflow/dags/dynamic_user_processing.py
[2026-01-17T07:59:21.128+0000] {processor.py:925} INFO - DAG(s) 'dynamic_user_processing' retrieved from /opt/airflow/dags/dynamic_user_processing.py
[2026-01-17T07:59:21.152+0000] {logging_mixin.py:190} INFO - [2026-01-17T07:59:21.152+0000] {dag.py:3239} INFO - Sync 1 DAGs
[2026-01-17T07:59:21.172+0000] {logging_mixin.py:190} INFO - [2026-01-17T07:59:21.172+0000] {dag.py:4180} INFO - Setting next_dagrun for dynamic_user_processing to 2026-01-17 00:00:00+00:00, run_after=2026-01-18 00:00:00+00:00
[2026-01-17T07:59:21.194+0000] {processor.py:208} INFO - Processing /opt/airflow/dags/dynamic_user_processing.py took 0.663 seconds
[2026-01-17T07:59:51.694+0000] {processor.py:186} INFO - Started process (PID=15191) to work on /opt/airflow/dags/dynamic_user_processing.py
[2026-01-17T07:59:51.696+0000] {processor.py:914} INFO - Processing file /opt/airflow/dags/dynamic_user_processing.py for tasks to queue
[2026-01-17T07:59:51.698+0000] {logging_mixin.py:190} INFO - [2026-01-17T07:59:51.698+0000] {dagbag.py:588} INFO - Filling up the DagBag from /opt/airflow/dags/dynamic_user_processing.py
[2026-01-17T07:59:52.280+0000] {processor.py:925} INFO - DAG(s) 'dynamic_user_processing' retrieved from /opt/airflow/dags/dynamic_user_processing.py
[2026-01-17T07:59:52.313+0000] {logging_mixin.py:190} INFO - [2026-01-17T07:59:52.312+0000] {dag.py:3239} INFO - Sync 1 DAGs
[2026-01-17T07:59:52.338+0000] {logging_mixin.py:190} INFO - [2026-01-17T07:59:52.338+0000] {dag.py:4180} INFO - Setting next_dagrun for dynamic_user_processing to 2026-01-17 00:00:00+00:00, run_after=2026-01-18 00:00:00+00:00
[2026-01-17T07:59:52.368+0000] {processor.py:208} INFO - Processing /opt/airflow/dags/dynamic_user_processing.py took 0.690 seconds
[2026-01-17T08:00:22.735+0000] {processor.py:186} INFO - Started process (PID=15215) to work on /opt/airflow/dags/dynamic_user_processing.py
[2026-01-17T08:00:22.737+0000] {processor.py:914} INFO - Processing file /opt/airflow/dags/dynamic_user_processing.py for tasks to queue
[2026-01-17T08:00:22.739+0000] {logging_mixin.py:190} INFO - [2026-01-17T08:00:22.739+0000] {dagbag.py:588} INFO - Filling up the DagBag from /opt/airflow/dags/dynamic_user_processing.py
[2026-01-17T08:00:23.377+0000] {processor.py:925} INFO - DAG(s) 'dynamic_user_processing' retrieved from /opt/airflow/dags/dynamic_user_processing.py
[2026-01-17T08:00:23.400+0000] {logging_mixin.py:190} INFO - [2026-01-17T08:00:23.399+0000] {dag.py:3239} INFO - Sync 1 DAGs
[2026-01-17T08:00:23.420+0000] {logging_mixin.py:190} INFO - [2026-01-17T08:00:23.420+0000] {dag.py:4180} INFO - Setting next_dagrun for dynamic_user_processing to 2026-01-17 00:00:00+00:00, run_after=2026-01-18 00:00:00+00:00
[2026-01-17T08:00:23.448+0000] {processor.py:208} INFO - Processing /opt/airflow/dags/dynamic_user_processing.py took 0.727 seconds
[2026-01-17T08:00:53.804+0000] {processor.py:186} INFO - Started process (PID=15239) to work on /opt/airflow/dags/dynamic_user_processing.py
[2026-01-17T08:00:53.806+0000] {processor.py:914} INFO - Processing file /opt/airflow/dags/dynamic_user_processing.py for tasks to queue
[2026-01-17T08:00:53.808+0000] {logging_mixin.py:190} INFO - [2026-01-17T08:00:53.808+0000] {dagbag.py:588} INFO - Filling up the DagBag from /opt/airflow/dags/dynamic_user_processing.py
[2026-01-17T08:00:54.519+0000] {processor.py:925} INFO - DAG(s) 'dynamic_user_processing' retrieved from /opt/airflow/dags/dynamic_user_processing.py
[2026-01-17T08:00:54.544+0000] {logging_mixin.py:190} INFO - [2026-01-17T08:00:54.544+0000] {dag.py:3239} INFO - Sync 1 DAGs
[2026-01-17T08:00:54.566+0000] {logging_mixin.py:190} INFO - [2026-01-17T08:00:54.566+0000] {dag.py:4180} INFO - Setting next_dagrun for dynamic_user_processing to 2026-01-17 00:00:00+00:00, run_after=2026-01-18 00:00:00+00:00
[2026-01-17T08:00:54.598+0000] {processor.py:208} INFO - Processing /opt/airflow/dags/dynamic_user_processing.py took 0.820 seconds
[2026-01-17T08:01:24.999+0000] {processor.py:186} INFO - Started process (PID=15263) to work on /opt/airflow/dags/dynamic_user_processing.py
[2026-01-17T08:01:25.000+0000] {processor.py:914} INFO - Processing file /opt/airflow/dags/dynamic_user_processing.py for tasks to queue
[2026-01-17T08:01:25.001+0000] {logging_mixin.py:190} INFO - [2026-01-17T08:01:25.001+0000] {dagbag.py:588} INFO - Filling up the DagBag from /opt/airflow/dags/dynamic_user_processing.py
[2026-01-17T08:01:25.644+0000] {processor.py:925} INFO - DAG(s) 'dynamic_user_processing' retrieved from /opt/airflow/dags/dynamic_user_processing.py
[2026-01-17T08:01:25.673+0000] {logging_mixin.py:190} INFO - [2026-01-17T08:01:25.672+0000] {dag.py:3239} INFO - Sync 1 DAGs
[2026-01-17T08:01:25.710+0000] {logging_mixin.py:190} INFO - [2026-01-17T08:01:25.709+0000] {dag.py:4180} INFO - Setting next_dagrun for dynamic_user_processing to 2026-01-17 00:00:00+00:00, run_after=2026-01-18 00:00:00+00:00
[2026-01-17T08:01:25.733+0000] {processor.py:208} INFO - Processing /opt/airflow/dags/dynamic_user_processing.py took 0.744 seconds
[2026-01-17T08:01:56.331+0000] {processor.py:186} INFO - Started process (PID=15287) to work on /opt/airflow/dags/dynamic_user_processing.py
[2026-01-17T08:01:56.332+0000] {processor.py:914} INFO - Processing file /opt/airflow/dags/dynamic_user_processing.py for tasks to queue
[2026-01-17T08:01:56.335+0000] {logging_mixin.py:190} INFO - [2026-01-17T08:01:56.334+0000] {dagbag.py:588} INFO - Filling up the DagBag from /opt/airflow/dags/dynamic_user_processing.py
[2026-01-17T08:01:56.903+0000] {processor.py:925} INFO - DAG(s) 'dynamic_user_processing' retrieved from /opt/airflow/dags/dynamic_user_processing.py
[2026-01-17T08:01:56.929+0000] {logging_mixin.py:190} INFO - [2026-01-17T08:01:56.928+0000] {dag.py:3239} INFO - Sync 1 DAGs
[2026-01-17T08:01:56.952+0000] {logging_mixin.py:190} INFO - [2026-01-17T08:01:56.952+0000] {dag.py:4180} INFO - Setting next_dagrun for dynamic_user_processing to 2026-01-17 00:00:00+00:00, run_after=2026-01-18 00:00:00+00:00
[2026-01-17T08:01:56.981+0000] {processor.py:208} INFO - Processing /opt/airflow/dags/dynamic_user_processing.py took 0.662 seconds
[2026-01-17T08:02:27.090+0000] {processor.py:186} INFO - Started process (PID=15311) to work on /opt/airflow/dags/dynamic_user_processing.py
[2026-01-17T08:02:27.092+0000] {processor.py:914} INFO - Processing file /opt/airflow/dags/dynamic_user_processing.py for tasks to queue
[2026-01-17T08:02:27.095+0000] {logging_mixin.py:190} INFO - [2026-01-17T08:02:27.094+0000] {dagbag.py:588} INFO - Filling up the DagBag from /opt/airflow/dags/dynamic_user_processing.py
[2026-01-17T08:02:27.657+0000] {processor.py:925} INFO - DAG(s) 'dynamic_user_processing' retrieved from /opt/airflow/dags/dynamic_user_processing.py
[2026-01-17T08:02:27.682+0000] {logging_mixin.py:190} INFO - [2026-01-17T08:02:27.681+0000] {dag.py:3239} INFO - Sync 1 DAGs
[2026-01-17T08:02:27.704+0000] {logging_mixin.py:190} INFO - [2026-01-17T08:02:27.704+0000] {dag.py:4180} INFO - Setting next_dagrun for dynamic_user_processing to 2026-01-17 00:00:00+00:00, run_after=2026-01-18 00:00:00+00:00
[2026-01-17T08:02:27.732+0000] {processor.py:208} INFO - Processing /opt/airflow/dags/dynamic_user_processing.py took 0.660 seconds
[2026-01-17T08:02:57.943+0000] {processor.py:186} INFO - Started process (PID=15335) to work on /opt/airflow/dags/dynamic_user_processing.py
[2026-01-17T08:02:57.945+0000] {processor.py:914} INFO - Processing file /opt/airflow/dags/dynamic_user_processing.py for tasks to queue
[2026-01-17T08:02:57.948+0000] {logging_mixin.py:190} INFO - [2026-01-17T08:02:57.947+0000] {dagbag.py:588} INFO - Filling up the DagBag from /opt/airflow/dags/dynamic_user_processing.py
[2026-01-17T08:02:58.533+0000] {processor.py:925} INFO - DAG(s) 'dynamic_user_processing' retrieved from /opt/airflow/dags/dynamic_user_processing.py
[2026-01-17T08:02:58.555+0000] {logging_mixin.py:190} INFO - [2026-01-17T08:02:58.554+0000] {dag.py:3239} INFO - Sync 1 DAGs
[2026-01-17T08:02:58.576+0000] {logging_mixin.py:190} INFO - [2026-01-17T08:02:58.576+0000] {dag.py:4180} INFO - Setting next_dagrun for dynamic_user_processing to 2026-01-17 00:00:00+00:00, run_after=2026-01-18 00:00:00+00:00
[2026-01-17T08:02:58.605+0000] {processor.py:208} INFO - Processing /opt/airflow/dags/dynamic_user_processing.py took 0.676 seconds
[2026-01-17T08:03:28.847+0000] {processor.py:186} INFO - Started process (PID=15359) to work on /opt/airflow/dags/dynamic_user_processing.py
[2026-01-17T08:03:28.849+0000] {processor.py:914} INFO - Processing file /opt/airflow/dags/dynamic_user_processing.py for tasks to queue
[2026-01-17T08:03:28.851+0000] {logging_mixin.py:190} INFO - [2026-01-17T08:03:28.850+0000] {dagbag.py:588} INFO - Filling up the DagBag from /opt/airflow/dags/dynamic_user_processing.py
[2026-01-17T08:03:29.480+0000] {processor.py:925} INFO - DAG(s) 'dynamic_user_processing' retrieved from /opt/airflow/dags/dynamic_user_processing.py
[2026-01-17T08:03:29.514+0000] {logging_mixin.py:190} INFO - [2026-01-17T08:03:29.513+0000] {dag.py:3239} INFO - Sync 1 DAGs
[2026-01-17T08:03:29.542+0000] {logging_mixin.py:190} INFO - [2026-01-17T08:03:29.542+0000] {dag.py:4180} INFO - Setting next_dagrun for dynamic_user_processing to 2026-01-17 00:00:00+00:00, run_after=2026-01-18 00:00:00+00:00
[2026-01-17T08:03:29.566+0000] {processor.py:208} INFO - Processing /opt/airflow/dags/dynamic_user_processing.py took 0.731 seconds
[2026-01-17T08:03:59.848+0000] {processor.py:186} INFO - Started process (PID=15383) to work on /opt/airflow/dags/dynamic_user_processing.py
[2026-01-17T08:03:59.850+0000] {processor.py:914} INFO - Processing file /opt/airflow/dags/dynamic_user_processing.py for tasks to queue
[2026-01-17T08:03:59.852+0000] {logging_mixin.py:190} INFO - [2026-01-17T08:03:59.852+0000] {dagbag.py:588} INFO - Filling up the DagBag from /opt/airflow/dags/dynamic_user_processing.py
[2026-01-17T08:04:00.440+0000] {processor.py:925} INFO - DAG(s) 'dynamic_user_processing' retrieved from /opt/airflow/dags/dynamic_user_processing.py
[2026-01-17T08:04:00.463+0000] {logging_mixin.py:190} INFO - [2026-01-17T08:04:00.463+0000] {dag.py:3239} INFO - Sync 1 DAGs
[2026-01-17T08:04:00.486+0000] {logging_mixin.py:190} INFO - [2026-01-17T08:04:00.486+0000] {dag.py:4180} INFO - Setting next_dagrun for dynamic_user_processing to 2026-01-17 00:00:00+00:00, run_after=2026-01-18 00:00:00+00:00
[2026-01-17T08:04:00.515+0000] {processor.py:208} INFO - Processing /opt/airflow/dags/dynamic_user_processing.py took 0.677 seconds
[2026-01-17T08:04:30.840+0000] {processor.py:186} INFO - Started process (PID=15407) to work on /opt/airflow/dags/dynamic_user_processing.py
[2026-01-17T08:04:30.842+0000] {processor.py:914} INFO - Processing file /opt/airflow/dags/dynamic_user_processing.py for tasks to queue
[2026-01-17T08:04:30.844+0000] {logging_mixin.py:190} INFO - [2026-01-17T08:04:30.844+0000] {dagbag.py:588} INFO - Filling up the DagBag from /opt/airflow/dags/dynamic_user_processing.py
[2026-01-17T08:04:31.444+0000] {processor.py:925} INFO - DAG(s) 'dynamic_user_processing' retrieved from /opt/airflow/dags/dynamic_user_processing.py
[2026-01-17T08:04:31.469+0000] {logging_mixin.py:190} INFO - [2026-01-17T08:04:31.469+0000] {dag.py:3239} INFO - Sync 1 DAGs
[2026-01-17T08:04:31.492+0000] {logging_mixin.py:190} INFO - [2026-01-17T08:04:31.492+0000] {dag.py:4180} INFO - Setting next_dagrun for dynamic_user_processing to 2026-01-17 00:00:00+00:00, run_after=2026-01-18 00:00:00+00:00
[2026-01-17T08:04:31.520+0000] {processor.py:208} INFO - Processing /opt/airflow/dags/dynamic_user_processing.py took 0.694 seconds
[2026-01-17T08:05:01.951+0000] {processor.py:186} INFO - Started process (PID=15431) to work on /opt/airflow/dags/dynamic_user_processing.py
[2026-01-17T08:05:01.953+0000] {processor.py:914} INFO - Processing file /opt/airflow/dags/dynamic_user_processing.py for tasks to queue
[2026-01-17T08:05:01.956+0000] {logging_mixin.py:190} INFO - [2026-01-17T08:05:01.955+0000] {dagbag.py:588} INFO - Filling up the DagBag from /opt/airflow/dags/dynamic_user_processing.py
[2026-01-17T08:05:02.610+0000] {processor.py:925} INFO - DAG(s) 'dynamic_user_processing' retrieved from /opt/airflow/dags/dynamic_user_processing.py
[2026-01-17T08:05:02.633+0000] {logging_mixin.py:190} INFO - [2026-01-17T08:05:02.633+0000] {dag.py:3239} INFO - Sync 1 DAGs
[2026-01-17T08:05:02.656+0000] {logging_mixin.py:190} INFO - [2026-01-17T08:05:02.656+0000] {dag.py:4180} INFO - Setting next_dagrun for dynamic_user_processing to 2026-01-17 00:00:00+00:00, run_after=2026-01-18 00:00:00+00:00
[2026-01-17T08:05:02.682+0000] {processor.py:208} INFO - Processing /opt/airflow/dags/dynamic_user_processing.py took 0.746 seconds
[2026-01-17T08:05:32.797+0000] {processor.py:186} INFO - Started process (PID=15454) to work on /opt/airflow/dags/dynamic_user_processing.py
[2026-01-17T08:05:32.798+0000] {processor.py:914} INFO - Processing file /opt/airflow/dags/dynamic_user_processing.py for tasks to queue
[2026-01-17T08:05:32.800+0000] {logging_mixin.py:190} INFO - [2026-01-17T08:05:32.800+0000] {dagbag.py:588} INFO - Filling up the DagBag from /opt/airflow/dags/dynamic_user_processing.py
[2026-01-17T08:05:33.474+0000] {processor.py:925} INFO - DAG(s) 'dynamic_user_processing' retrieved from /opt/airflow/dags/dynamic_user_processing.py
[2026-01-17T08:05:33.501+0000] {logging_mixin.py:190} INFO - [2026-01-17T08:05:33.500+0000] {dag.py:3239} INFO - Sync 1 DAGs
[2026-01-17T08:05:33.528+0000] {logging_mixin.py:190} INFO - [2026-01-17T08:05:33.528+0000] {dag.py:4180} INFO - Setting next_dagrun for dynamic_user_processing to 2026-01-17 00:00:00+00:00, run_after=2026-01-18 00:00:00+00:00
[2026-01-17T08:05:33.546+0000] {processor.py:208} INFO - Processing /opt/airflow/dags/dynamic_user_processing.py took 0.760 seconds
[2026-01-17T08:06:03.853+0000] {processor.py:186} INFO - Started process (PID=15478) to work on /opt/airflow/dags/dynamic_user_processing.py
[2026-01-17T08:06:03.855+0000] {processor.py:914} INFO - Processing file /opt/airflow/dags/dynamic_user_processing.py for tasks to queue
[2026-01-17T08:06:03.857+0000] {logging_mixin.py:190} INFO - [2026-01-17T08:06:03.856+0000] {dagbag.py:588} INFO - Filling up the DagBag from /opt/airflow/dags/dynamic_user_processing.py
[2026-01-17T08:06:04.407+0000] {processor.py:925} INFO - DAG(s) 'dynamic_user_processing' retrieved from /opt/airflow/dags/dynamic_user_processing.py
[2026-01-17T08:06:04.430+0000] {logging_mixin.py:190} INFO - [2026-01-17T08:06:04.429+0000] {dag.py:3239} INFO - Sync 1 DAGs
[2026-01-17T08:06:04.458+0000] {logging_mixin.py:190} INFO - [2026-01-17T08:06:04.457+0000] {dag.py:4180} INFO - Setting next_dagrun for dynamic_user_processing to 2026-01-17 00:00:00+00:00, run_after=2026-01-18 00:00:00+00:00
[2026-01-17T08:06:04.484+0000] {processor.py:208} INFO - Processing /opt/airflow/dags/dynamic_user_processing.py took 0.644 seconds
[2026-01-17T08:06:34.738+0000] {processor.py:186} INFO - Started process (PID=15503) to work on /opt/airflow/dags/dynamic_user_processing.py
[2026-01-17T08:06:34.740+0000] {processor.py:914} INFO - Processing file /opt/airflow/dags/dynamic_user_processing.py for tasks to queue
[2026-01-17T08:06:34.742+0000] {logging_mixin.py:190} INFO - [2026-01-17T08:06:34.742+0000] {dagbag.py:588} INFO - Filling up the DagBag from /opt/airflow/dags/dynamic_user_processing.py
[2026-01-17T08:06:35.393+0000] {processor.py:925} INFO - DAG(s) 'dynamic_user_processing' retrieved from /opt/airflow/dags/dynamic_user_processing.py
[2026-01-17T08:06:35.418+0000] {logging_mixin.py:190} INFO - [2026-01-17T08:06:35.417+0000] {dag.py:3239} INFO - Sync 1 DAGs
[2026-01-17T08:06:35.443+0000] {logging_mixin.py:190} INFO - [2026-01-17T08:06:35.442+0000] {dag.py:4180} INFO - Setting next_dagrun for dynamic_user_processing to 2026-01-17 00:00:00+00:00, run_after=2026-01-18 00:00:00+00:00
[2026-01-17T08:06:35.463+0000] {processor.py:208} INFO - Processing /opt/airflow/dags/dynamic_user_processing.py took 0.738 seconds
[2026-01-17T08:07:05.941+0000] {processor.py:186} INFO - Started process (PID=15527) to work on /opt/airflow/dags/dynamic_user_processing.py
[2026-01-17T08:07:05.944+0000] {processor.py:914} INFO - Processing file /opt/airflow/dags/dynamic_user_processing.py for tasks to queue
[2026-01-17T08:07:05.947+0000] {logging_mixin.py:190} INFO - [2026-01-17T08:07:05.946+0000] {dagbag.py:588} INFO - Filling up the DagBag from /opt/airflow/dags/dynamic_user_processing.py
[2026-01-17T08:07:06.530+0000] {processor.py:925} INFO - DAG(s) 'dynamic_user_processing' retrieved from /opt/airflow/dags/dynamic_user_processing.py
[2026-01-17T08:07:06.563+0000] {logging_mixin.py:190} INFO - [2026-01-17T08:07:06.562+0000] {dag.py:3239} INFO - Sync 1 DAGs
[2026-01-17T08:07:06.597+0000] {logging_mixin.py:190} INFO - [2026-01-17T08:07:06.597+0000] {dag.py:4180} INFO - Setting next_dagrun for dynamic_user_processing to 2026-01-17 00:00:00+00:00, run_after=2026-01-18 00:00:00+00:00
[2026-01-17T08:07:06.619+0000] {processor.py:208} INFO - Processing /opt/airflow/dags/dynamic_user_processing.py took 0.699 seconds
[2026-01-17T08:07:36.840+0000] {processor.py:186} INFO - Started process (PID=15551) to work on /opt/airflow/dags/dynamic_user_processing.py
[2026-01-17T08:07:36.841+0000] {processor.py:914} INFO - Processing file /opt/airflow/dags/dynamic_user_processing.py for tasks to queue
[2026-01-17T08:07:36.843+0000] {logging_mixin.py:190} INFO - [2026-01-17T08:07:36.843+0000] {dagbag.py:588} INFO - Filling up the DagBag from /opt/airflow/dags/dynamic_user_processing.py
[2026-01-17T08:07:37.502+0000] {processor.py:925} INFO - DAG(s) 'dynamic_user_processing' retrieved from /opt/airflow/dags/dynamic_user_processing.py
[2026-01-17T08:07:37.529+0000] {logging_mixin.py:190} INFO - [2026-01-17T08:07:37.528+0000] {dag.py:3239} INFO - Sync 1 DAGs
[2026-01-17T08:07:37.558+0000] {logging_mixin.py:190} INFO - [2026-01-17T08:07:37.558+0000] {dag.py:4180} INFO - Setting next_dagrun for dynamic_user_processing to 2026-01-17 00:00:00+00:00, run_after=2026-01-18 00:00:00+00:00
[2026-01-17T08:07:37.579+0000] {processor.py:208} INFO - Processing /opt/airflow/dags/dynamic_user_processing.py took 0.746 seconds
[2026-01-17T08:08:07.806+0000] {processor.py:186} INFO - Started process (PID=15575) to work on /opt/airflow/dags/dynamic_user_processing.py
[2026-01-17T08:08:07.807+0000] {processor.py:914} INFO - Processing file /opt/airflow/dags/dynamic_user_processing.py for tasks to queue
[2026-01-17T08:08:07.810+0000] {logging_mixin.py:190} INFO - [2026-01-17T08:08:07.809+0000] {dagbag.py:588} INFO - Filling up the DagBag from /opt/airflow/dags/dynamic_user_processing.py
[2026-01-17T08:08:08.441+0000] {processor.py:925} INFO - DAG(s) 'dynamic_user_processing' retrieved from /opt/airflow/dags/dynamic_user_processing.py
[2026-01-17T08:08:08.468+0000] {logging_mixin.py:190} INFO - [2026-01-17T08:08:08.467+0000] {dag.py:3239} INFO - Sync 1 DAGs
[2026-01-17T08:08:08.488+0000] {logging_mixin.py:190} INFO - [2026-01-17T08:08:08.488+0000] {dag.py:4180} INFO - Setting next_dagrun for dynamic_user_processing to 2026-01-17 00:00:00+00:00, run_after=2026-01-18 00:00:00+00:00
[2026-01-17T08:08:08.511+0000] {processor.py:208} INFO - Processing /opt/airflow/dags/dynamic_user_processing.py took 0.718 seconds
[2026-01-17T08:08:39.098+0000] {processor.py:186} INFO - Started process (PID=15599) to work on /opt/airflow/dags/dynamic_user_processing.py
[2026-01-17T08:08:39.100+0000] {processor.py:914} INFO - Processing file /opt/airflow/dags/dynamic_user_processing.py for tasks to queue
[2026-01-17T08:08:39.102+0000] {logging_mixin.py:190} INFO - [2026-01-17T08:08:39.101+0000] {dagbag.py:588} INFO - Filling up the DagBag from /opt/airflow/dags/dynamic_user_processing.py
[2026-01-17T08:08:39.724+0000] {processor.py:925} INFO - DAG(s) 'dynamic_user_processing' retrieved from /opt/airflow/dags/dynamic_user_processing.py
[2026-01-17T08:08:39.753+0000] {logging_mixin.py:190} INFO - [2026-01-17T08:08:39.752+0000] {dag.py:3239} INFO - Sync 1 DAGs
[2026-01-17T08:08:39.781+0000] {logging_mixin.py:190} INFO - [2026-01-17T08:08:39.781+0000] {dag.py:4180} INFO - Setting next_dagrun for dynamic_user_processing to 2026-01-17 00:00:00+00:00, run_after=2026-01-18 00:00:00+00:00
[2026-01-17T08:08:39.810+0000] {processor.py:208} INFO - Processing /opt/airflow/dags/dynamic_user_processing.py took 0.721 seconds
[2026-01-17T08:09:10.170+0000] {processor.py:186} INFO - Started process (PID=15623) to work on /opt/airflow/dags/dynamic_user_processing.py
[2026-01-17T08:09:10.171+0000] {processor.py:914} INFO - Processing file /opt/airflow/dags/dynamic_user_processing.py for tasks to queue
[2026-01-17T08:09:10.172+0000] {logging_mixin.py:190} INFO - [2026-01-17T08:09:10.172+0000] {dagbag.py:588} INFO - Filling up the DagBag from /opt/airflow/dags/dynamic_user_processing.py
[2026-01-17T08:09:10.747+0000] {processor.py:925} INFO - DAG(s) 'dynamic_user_processing' retrieved from /opt/airflow/dags/dynamic_user_processing.py
[2026-01-17T08:09:10.778+0000] {logging_mixin.py:190} INFO - [2026-01-17T08:09:10.777+0000] {dag.py:3239} INFO - Sync 1 DAGs
[2026-01-17T08:09:10.804+0000] {logging_mixin.py:190} INFO - [2026-01-17T08:09:10.804+0000] {dag.py:4180} INFO - Setting next_dagrun for dynamic_user_processing to 2026-01-17 00:00:00+00:00, run_after=2026-01-18 00:00:00+00:00
[2026-01-17T08:09:10.824+0000] {processor.py:208} INFO - Processing /opt/airflow/dags/dynamic_user_processing.py took 0.663 seconds
[2026-01-17T08:09:41.495+0000] {processor.py:186} INFO - Started process (PID=15647) to work on /opt/airflow/dags/dynamic_user_processing.py
[2026-01-17T08:09:41.496+0000] {processor.py:914} INFO - Processing file /opt/airflow/dags/dynamic_user_processing.py for tasks to queue
[2026-01-17T08:09:41.498+0000] {logging_mixin.py:190} INFO - [2026-01-17T08:09:41.497+0000] {dagbag.py:588} INFO - Filling up the DagBag from /opt/airflow/dags/dynamic_user_processing.py
[2026-01-17T08:09:42.016+0000] {processor.py:925} INFO - DAG(s) 'dynamic_user_processing' retrieved from /opt/airflow/dags/dynamic_user_processing.py
[2026-01-17T08:09:42.041+0000] {logging_mixin.py:190} INFO - [2026-01-17T08:09:42.040+0000] {dag.py:3239} INFO - Sync 1 DAGs
[2026-01-17T08:09:42.073+0000] {logging_mixin.py:190} INFO - [2026-01-17T08:09:42.073+0000] {dag.py:4180} INFO - Setting next_dagrun for dynamic_user_processing to 2026-01-17 00:00:00+00:00, run_after=2026-01-18 00:00:00+00:00
[2026-01-17T08:09:42.100+0000] {processor.py:208} INFO - Processing /opt/airflow/dags/dynamic_user_processing.py took 0.616 seconds
[2026-01-17T08:10:12.277+0000] {processor.py:186} INFO - Started process (PID=15671) to work on /opt/airflow/dags/dynamic_user_processing.py
[2026-01-17T08:10:12.280+0000] {processor.py:914} INFO - Processing file /opt/airflow/dags/dynamic_user_processing.py for tasks to queue
[2026-01-17T08:10:12.283+0000] {logging_mixin.py:190} INFO - [2026-01-17T08:10:12.282+0000] {dagbag.py:588} INFO - Filling up the DagBag from /opt/airflow/dags/dynamic_user_processing.py
[2026-01-17T08:10:13.044+0000] {processor.py:925} INFO - DAG(s) 'dynamic_user_processing' retrieved from /opt/airflow/dags/dynamic_user_processing.py
[2026-01-17T08:10:13.080+0000] {logging_mixin.py:190} INFO - [2026-01-17T08:10:13.079+0000] {dag.py:3239} INFO - Sync 1 DAGs
[2026-01-17T08:10:13.118+0000] {logging_mixin.py:190} INFO - [2026-01-17T08:10:13.117+0000] {dag.py:4180} INFO - Setting next_dagrun for dynamic_user_processing to 2026-01-17 00:00:00+00:00, run_after=2026-01-18 00:00:00+00:00
[2026-01-17T08:10:13.154+0000] {processor.py:208} INFO - Processing /opt/airflow/dags/dynamic_user_processing.py took 0.886 seconds
[2026-01-17T08:10:43.645+0000] {processor.py:186} INFO - Started process (PID=15694) to work on /opt/airflow/dags/dynamic_user_processing.py
[2026-01-17T08:10:43.647+0000] {processor.py:914} INFO - Processing file /opt/airflow/dags/dynamic_user_processing.py for tasks to queue
[2026-01-17T08:10:43.649+0000] {logging_mixin.py:190} INFO - [2026-01-17T08:10:43.649+0000] {dagbag.py:588} INFO - Filling up the DagBag from /opt/airflow/dags/dynamic_user_processing.py
[2026-01-17T08:10:44.188+0000] {processor.py:925} INFO - DAG(s) 'dynamic_user_processing' retrieved from /opt/airflow/dags/dynamic_user_processing.py
[2026-01-17T08:10:44.212+0000] {logging_mixin.py:190} INFO - [2026-01-17T08:10:44.212+0000] {dag.py:3239} INFO - Sync 1 DAGs
[2026-01-17T08:10:44.237+0000] {logging_mixin.py:190} INFO - [2026-01-17T08:10:44.237+0000] {dag.py:4180} INFO - Setting next_dagrun for dynamic_user_processing to 2026-01-17 00:00:00+00:00, run_after=2026-01-18 00:00:00+00:00
[2026-01-17T08:10:44.254+0000] {processor.py:208} INFO - Processing /opt/airflow/dags/dynamic_user_processing.py took 0.619 seconds
[2026-01-17T08:11:14.539+0000] {processor.py:186} INFO - Started process (PID=15718) to work on /opt/airflow/dags/dynamic_user_processing.py
[2026-01-17T08:11:14.541+0000] {processor.py:914} INFO - Processing file /opt/airflow/dags/dynamic_user_processing.py for tasks to queue
[2026-01-17T08:11:14.543+0000] {logging_mixin.py:190} INFO - [2026-01-17T08:11:14.543+0000] {dagbag.py:588} INFO - Filling up the DagBag from /opt/airflow/dags/dynamic_user_processing.py
[2026-01-17T08:11:15.142+0000] {processor.py:925} INFO - DAG(s) 'dynamic_user_processing' retrieved from /opt/airflow/dags/dynamic_user_processing.py
[2026-01-17T08:11:15.168+0000] {logging_mixin.py:190} INFO - [2026-01-17T08:11:15.167+0000] {dag.py:3239} INFO - Sync 1 DAGs
[2026-01-17T08:11:15.193+0000] {logging_mixin.py:190} INFO - [2026-01-17T08:11:15.193+0000] {dag.py:4180} INFO - Setting next_dagrun for dynamic_user_processing to 2026-01-17 00:00:00+00:00, run_after=2026-01-18 00:00:00+00:00
[2026-01-17T08:11:15.220+0000] {processor.py:208} INFO - Processing /opt/airflow/dags/dynamic_user_processing.py took 0.700 seconds
[2026-01-17T08:11:45.404+0000] {processor.py:186} INFO - Started process (PID=15743) to work on /opt/airflow/dags/dynamic_user_processing.py
[2026-01-17T08:11:45.405+0000] {processor.py:914} INFO - Processing file /opt/airflow/dags/dynamic_user_processing.py for tasks to queue
[2026-01-17T08:11:45.407+0000] {logging_mixin.py:190} INFO - [2026-01-17T08:11:45.407+0000] {dagbag.py:588} INFO - Filling up the DagBag from /opt/airflow/dags/dynamic_user_processing.py
[2026-01-17T08:11:46.033+0000] {processor.py:925} INFO - DAG(s) 'dynamic_user_processing' retrieved from /opt/airflow/dags/dynamic_user_processing.py
[2026-01-17T08:11:46.063+0000] {logging_mixin.py:190} INFO - [2026-01-17T08:11:46.062+0000] {dag.py:3239} INFO - Sync 1 DAGs
[2026-01-17T08:11:46.095+0000] {logging_mixin.py:190} INFO - [2026-01-17T08:11:46.095+0000] {dag.py:4180} INFO - Setting next_dagrun for dynamic_user_processing to 2026-01-17 00:00:00+00:00, run_after=2026-01-18 00:00:00+00:00
[2026-01-17T08:11:46.125+0000] {processor.py:208} INFO - Processing /opt/airflow/dags/dynamic_user_processing.py took 0.730 seconds
[2026-01-17T08:12:16.851+0000] {processor.py:186} INFO - Started process (PID=15767) to work on /opt/airflow/dags/dynamic_user_processing.py
[2026-01-17T08:12:16.854+0000] {processor.py:914} INFO - Processing file /opt/airflow/dags/dynamic_user_processing.py for tasks to queue
[2026-01-17T08:12:16.857+0000] {logging_mixin.py:190} INFO - [2026-01-17T08:12:16.856+0000] {dagbag.py:588} INFO - Filling up the DagBag from /opt/airflow/dags/dynamic_user_processing.py
[2026-01-17T08:12:17.494+0000] {processor.py:925} INFO - DAG(s) 'dynamic_user_processing' retrieved from /opt/airflow/dags/dynamic_user_processing.py
[2026-01-17T08:12:17.515+0000] {logging_mixin.py:190} INFO - [2026-01-17T08:12:17.515+0000] {dag.py:3239} INFO - Sync 1 DAGs
[2026-01-17T08:12:17.546+0000] {logging_mixin.py:190} INFO - [2026-01-17T08:12:17.546+0000] {dag.py:4180} INFO - Setting next_dagrun for dynamic_user_processing to 2026-01-17 00:00:00+00:00, run_after=2026-01-18 00:00:00+00:00
[2026-01-17T08:12:17.578+0000] {processor.py:208} INFO - Processing /opt/airflow/dags/dynamic_user_processing.py took 0.743 seconds
[2026-01-17T08:12:48.171+0000] {processor.py:186} INFO - Started process (PID=15791) to work on /opt/airflow/dags/dynamic_user_processing.py
[2026-01-17T08:12:48.174+0000] {processor.py:914} INFO - Processing file /opt/airflow/dags/dynamic_user_processing.py for tasks to queue
[2026-01-17T08:12:48.177+0000] {logging_mixin.py:190} INFO - [2026-01-17T08:12:48.176+0000] {dagbag.py:588} INFO - Filling up the DagBag from /opt/airflow/dags/dynamic_user_processing.py
[2026-01-17T08:12:48.789+0000] {processor.py:925} INFO - DAG(s) 'dynamic_user_processing' retrieved from /opt/airflow/dags/dynamic_user_processing.py
[2026-01-17T08:12:48.819+0000] {logging_mixin.py:190} INFO - [2026-01-17T08:12:48.818+0000] {dag.py:3239} INFO - Sync 1 DAGs
[2026-01-17T08:12:48.842+0000] {logging_mixin.py:190} INFO - [2026-01-17T08:12:48.842+0000] {dag.py:4180} INFO - Setting next_dagrun for dynamic_user_processing to 2026-01-17 00:00:00+00:00, run_after=2026-01-18 00:00:00+00:00
[2026-01-17T08:12:48.859+0000] {processor.py:208} INFO - Processing /opt/airflow/dags/dynamic_user_processing.py took 0.707 seconds
[2026-01-17T08:13:19.280+0000] {processor.py:186} INFO - Started process (PID=15815) to work on /opt/airflow/dags/dynamic_user_processing.py
[2026-01-17T08:13:19.283+0000] {processor.py:914} INFO - Processing file /opt/airflow/dags/dynamic_user_processing.py for tasks to queue
[2026-01-17T08:13:19.286+0000] {logging_mixin.py:190} INFO - [2026-01-17T08:13:19.285+0000] {dagbag.py:588} INFO - Filling up the DagBag from /opt/airflow/dags/dynamic_user_processing.py
[2026-01-17T08:13:19.903+0000] {processor.py:925} INFO - DAG(s) 'dynamic_user_processing' retrieved from /opt/airflow/dags/dynamic_user_processing.py
[2026-01-17T08:13:19.933+0000] {logging_mixin.py:190} INFO - [2026-01-17T08:13:19.932+0000] {dag.py:3239} INFO - Sync 1 DAGs
[2026-01-17T08:13:19.957+0000] {logging_mixin.py:190} INFO - [2026-01-17T08:13:19.957+0000] {dag.py:4180} INFO - Setting next_dagrun for dynamic_user_processing to 2026-01-17 00:00:00+00:00, run_after=2026-01-18 00:00:00+00:00
[2026-01-17T08:13:19.973+0000] {processor.py:208} INFO - Processing /opt/airflow/dags/dynamic_user_processing.py took 0.713 seconds
[2026-01-17T08:13:50.235+0000] {processor.py:186} INFO - Started process (PID=15845) to work on /opt/airflow/dags/dynamic_user_processing.py
[2026-01-17T08:13:50.237+0000] {processor.py:914} INFO - Processing file /opt/airflow/dags/dynamic_user_processing.py for tasks to queue
[2026-01-17T08:13:50.238+0000] {logging_mixin.py:190} INFO - [2026-01-17T08:13:50.238+0000] {dagbag.py:588} INFO - Filling up the DagBag from /opt/airflow/dags/dynamic_user_processing.py
[2026-01-17T08:13:50.767+0000] {processor.py:925} INFO - DAG(s) 'dynamic_user_processing' retrieved from /opt/airflow/dags/dynamic_user_processing.py
[2026-01-17T08:13:50.789+0000] {logging_mixin.py:190} INFO - [2026-01-17T08:13:50.789+0000] {dag.py:3239} INFO - Sync 1 DAGs
[2026-01-17T08:13:50.810+0000] {logging_mixin.py:190} INFO - [2026-01-17T08:13:50.809+0000] {dag.py:4180} INFO - Setting next_dagrun for dynamic_user_processing to 2026-01-17 00:00:00+00:00, run_after=2026-01-18 00:00:00+00:00
[2026-01-17T08:13:50.837+0000] {processor.py:208} INFO - Processing /opt/airflow/dags/dynamic_user_processing.py took 0.611 seconds
[2026-01-17T08:14:21.478+0000] {processor.py:186} INFO - Started process (PID=15870) to work on /opt/airflow/dags/dynamic_user_processing.py
[2026-01-17T08:14:21.480+0000] {processor.py:914} INFO - Processing file /opt/airflow/dags/dynamic_user_processing.py for tasks to queue
[2026-01-17T08:14:21.482+0000] {logging_mixin.py:190} INFO - [2026-01-17T08:14:21.481+0000] {dagbag.py:588} INFO - Filling up the DagBag from /opt/airflow/dags/dynamic_user_processing.py
[2026-01-17T08:14:22.121+0000] {processor.py:925} INFO - DAG(s) 'dynamic_user_processing' retrieved from /opt/airflow/dags/dynamic_user_processing.py
[2026-01-17T08:14:22.153+0000] {logging_mixin.py:190} INFO - [2026-01-17T08:14:22.152+0000] {dag.py:3239} INFO - Sync 1 DAGs
[2026-01-17T08:14:22.179+0000] {logging_mixin.py:190} INFO - [2026-01-17T08:14:22.178+0000] {dag.py:4180} INFO - Setting next_dagrun for dynamic_user_processing to 2026-01-17 00:00:00+00:00, run_after=2026-01-18 00:00:00+00:00
[2026-01-17T08:14:22.201+0000] {processor.py:208} INFO - Processing /opt/airflow/dags/dynamic_user_processing.py took 0.739 seconds
[2026-01-17T08:14:52.540+0000] {processor.py:186} INFO - Started process (PID=15894) to work on /opt/airflow/dags/dynamic_user_processing.py
[2026-01-17T08:14:52.542+0000] {processor.py:914} INFO - Processing file /opt/airflow/dags/dynamic_user_processing.py for tasks to queue
[2026-01-17T08:14:52.545+0000] {logging_mixin.py:190} INFO - [2026-01-17T08:14:52.544+0000] {dagbag.py:588} INFO - Filling up the DagBag from /opt/airflow/dags/dynamic_user_processing.py
[2026-01-17T08:14:53.160+0000] {processor.py:925} INFO - DAG(s) 'dynamic_user_processing' retrieved from /opt/airflow/dags/dynamic_user_processing.py
[2026-01-17T08:14:53.183+0000] {logging_mixin.py:190} INFO - [2026-01-17T08:14:53.182+0000] {dag.py:3239} INFO - Sync 1 DAGs
[2026-01-17T08:14:53.206+0000] {logging_mixin.py:190} INFO - [2026-01-17T08:14:53.206+0000] {dag.py:4180} INFO - Setting next_dagrun for dynamic_user_processing to 2026-01-17 00:00:00+00:00, run_after=2026-01-18 00:00:00+00:00
[2026-01-17T08:14:53.222+0000] {processor.py:208} INFO - Processing /opt/airflow/dags/dynamic_user_processing.py took 0.697 seconds
[2026-01-17T08:15:23.483+0000] {processor.py:186} INFO - Started process (PID=15918) to work on /opt/airflow/dags/dynamic_user_processing.py
[2026-01-17T08:15:23.485+0000] {processor.py:914} INFO - Processing file /opt/airflow/dags/dynamic_user_processing.py for tasks to queue
[2026-01-17T08:15:23.487+0000] {logging_mixin.py:190} INFO - [2026-01-17T08:15:23.486+0000] {dagbag.py:588} INFO - Filling up the DagBag from /opt/airflow/dags/dynamic_user_processing.py
[2026-01-17T08:15:24.133+0000] {processor.py:925} INFO - DAG(s) 'dynamic_user_processing' retrieved from /opt/airflow/dags/dynamic_user_processing.py
[2026-01-17T08:15:24.166+0000] {logging_mixin.py:190} INFO - [2026-01-17T08:15:24.164+0000] {dag.py:3239} INFO - Sync 1 DAGs
[2026-01-17T08:15:24.191+0000] {logging_mixin.py:190} INFO - [2026-01-17T08:15:24.191+0000] {dag.py:4180} INFO - Setting next_dagrun for dynamic_user_processing to 2026-01-17 00:00:00+00:00, run_after=2026-01-18 00:00:00+00:00
[2026-01-17T08:15:24.212+0000] {processor.py:208} INFO - Processing /opt/airflow/dags/dynamic_user_processing.py took 0.740 seconds
[2026-01-17T08:15:54.463+0000] {processor.py:186} INFO - Started process (PID=15942) to work on /opt/airflow/dags/dynamic_user_processing.py
[2026-01-17T08:15:54.464+0000] {processor.py:914} INFO - Processing file /opt/airflow/dags/dynamic_user_processing.py for tasks to queue
[2026-01-17T08:15:54.466+0000] {logging_mixin.py:190} INFO - [2026-01-17T08:15:54.465+0000] {dagbag.py:588} INFO - Filling up the DagBag from /opt/airflow/dags/dynamic_user_processing.py
[2026-01-17T08:15:55.003+0000] {processor.py:925} INFO - DAG(s) 'dynamic_user_processing' retrieved from /opt/airflow/dags/dynamic_user_processing.py
[2026-01-17T08:15:55.029+0000] {logging_mixin.py:190} INFO - [2026-01-17T08:15:55.028+0000] {dag.py:3239} INFO - Sync 1 DAGs
[2026-01-17T08:15:55.052+0000] {logging_mixin.py:190} INFO - [2026-01-17T08:15:55.051+0000] {dag.py:4180} INFO - Setting next_dagrun for dynamic_user_processing to 2026-01-17 00:00:00+00:00, run_after=2026-01-18 00:00:00+00:00
[2026-01-17T08:15:55.068+0000] {processor.py:208} INFO - Processing /opt/airflow/dags/dynamic_user_processing.py took 0.615 seconds
[2026-01-17T08:16:25.219+0000] {processor.py:186} INFO - Started process (PID=15966) to work on /opt/airflow/dags/dynamic_user_processing.py
[2026-01-17T08:16:25.221+0000] {processor.py:914} INFO - Processing file /opt/airflow/dags/dynamic_user_processing.py for tasks to queue
[2026-01-17T08:16:25.223+0000] {logging_mixin.py:190} INFO - [2026-01-17T08:16:25.222+0000] {dagbag.py:588} INFO - Filling up the DagBag from /opt/airflow/dags/dynamic_user_processing.py
[2026-01-17T08:16:25.752+0000] {processor.py:925} INFO - DAG(s) 'dynamic_user_processing' retrieved from /opt/airflow/dags/dynamic_user_processing.py
[2026-01-17T08:16:25.776+0000] {logging_mixin.py:190} INFO - [2026-01-17T08:16:25.775+0000] {dag.py:3239} INFO - Sync 1 DAGs
[2026-01-17T08:16:25.796+0000] {logging_mixin.py:190} INFO - [2026-01-17T08:16:25.796+0000] {dag.py:4180} INFO - Setting next_dagrun for dynamic_user_processing to 2026-01-17 00:00:00+00:00, run_after=2026-01-18 00:00:00+00:00
[2026-01-17T08:16:25.825+0000] {processor.py:208} INFO - Processing /opt/airflow/dags/dynamic_user_processing.py took 0.616 seconds
[2026-01-17T08:16:55.952+0000] {processor.py:186} INFO - Started process (PID=15990) to work on /opt/airflow/dags/dynamic_user_processing.py
[2026-01-17T08:16:55.953+0000] {processor.py:914} INFO - Processing file /opt/airflow/dags/dynamic_user_processing.py for tasks to queue
[2026-01-17T08:16:55.954+0000] {logging_mixin.py:190} INFO - [2026-01-17T08:16:55.954+0000] {dagbag.py:588} INFO - Filling up the DagBag from /opt/airflow/dags/dynamic_user_processing.py
[2026-01-17T08:16:56.526+0000] {processor.py:925} INFO - DAG(s) 'dynamic_user_processing' retrieved from /opt/airflow/dags/dynamic_user_processing.py
[2026-01-17T08:16:56.552+0000] {logging_mixin.py:190} INFO - [2026-01-17T08:16:56.551+0000] {dag.py:3239} INFO - Sync 1 DAGs
[2026-01-17T08:16:56.583+0000] {logging_mixin.py:190} INFO - [2026-01-17T08:16:56.582+0000] {dag.py:4180} INFO - Setting next_dagrun for dynamic_user_processing to 2026-01-17 00:00:00+00:00, run_after=2026-01-18 00:00:00+00:00
[2026-01-17T08:16:56.611+0000] {processor.py:208} INFO - Processing /opt/airflow/dags/dynamic_user_processing.py took 0.667 seconds
[2026-01-17T08:17:26.833+0000] {processor.py:186} INFO - Started process (PID=16015) to work on /opt/airflow/dags/dynamic_user_processing.py
[2026-01-17T08:17:26.835+0000] {processor.py:914} INFO - Processing file /opt/airflow/dags/dynamic_user_processing.py for tasks to queue
[2026-01-17T08:17:26.838+0000] {logging_mixin.py:190} INFO - [2026-01-17T08:17:26.837+0000] {dagbag.py:588} INFO - Filling up the DagBag from /opt/airflow/dags/dynamic_user_processing.py
[2026-01-17T08:17:27.460+0000] {processor.py:925} INFO - DAG(s) 'dynamic_user_processing' retrieved from /opt/airflow/dags/dynamic_user_processing.py
[2026-01-17T08:17:27.488+0000] {logging_mixin.py:190} INFO - [2026-01-17T08:17:27.486+0000] {dag.py:3239} INFO - Sync 1 DAGs
[2026-01-17T08:17:27.512+0000] {logging_mixin.py:190} INFO - [2026-01-17T08:17:27.512+0000] {dag.py:4180} INFO - Setting next_dagrun for dynamic_user_processing to 2026-01-17 00:00:00+00:00, run_after=2026-01-18 00:00:00+00:00
[2026-01-17T08:17:27.537+0000] {processor.py:208} INFO - Processing /opt/airflow/dags/dynamic_user_processing.py took 0.720 seconds
[2026-01-17T08:17:57.906+0000] {processor.py:186} INFO - Started process (PID=16039) to work on /opt/airflow/dags/dynamic_user_processing.py
[2026-01-17T08:17:57.908+0000] {processor.py:914} INFO - Processing file /opt/airflow/dags/dynamic_user_processing.py for tasks to queue
[2026-01-17T08:17:57.910+0000] {logging_mixin.py:190} INFO - [2026-01-17T08:17:57.909+0000] {dagbag.py:588} INFO - Filling up the DagBag from /opt/airflow/dags/dynamic_user_processing.py
[2026-01-17T08:17:58.487+0000] {processor.py:925} INFO - DAG(s) 'dynamic_user_processing' retrieved from /opt/airflow/dags/dynamic_user_processing.py
[2026-01-17T08:17:58.516+0000] {logging_mixin.py:190} INFO - [2026-01-17T08:17:58.515+0000] {dag.py:3239} INFO - Sync 1 DAGs
[2026-01-17T08:17:58.538+0000] {logging_mixin.py:190} INFO - [2026-01-17T08:17:58.538+0000] {dag.py:4180} INFO - Setting next_dagrun for dynamic_user_processing to 2026-01-17 00:00:00+00:00, run_after=2026-01-18 00:00:00+00:00
[2026-01-17T08:17:58.558+0000] {processor.py:208} INFO - Processing /opt/airflow/dags/dynamic_user_processing.py took 0.662 seconds
[2026-01-17T08:18:28.732+0000] {processor.py:186} INFO - Started process (PID=16063) to work on /opt/airflow/dags/dynamic_user_processing.py
[2026-01-17T08:18:28.734+0000] {processor.py:914} INFO - Processing file /opt/airflow/dags/dynamic_user_processing.py for tasks to queue
[2026-01-17T08:18:28.735+0000] {logging_mixin.py:190} INFO - [2026-01-17T08:18:28.735+0000] {dagbag.py:588} INFO - Filling up the DagBag from /opt/airflow/dags/dynamic_user_processing.py
[2026-01-17T08:18:29.293+0000] {processor.py:925} INFO - DAG(s) 'dynamic_user_processing' retrieved from /opt/airflow/dags/dynamic_user_processing.py
[2026-01-17T08:18:29.315+0000] {logging_mixin.py:190} INFO - [2026-01-17T08:18:29.314+0000] {dag.py:3239} INFO - Sync 1 DAGs
[2026-01-17T08:18:29.336+0000] {logging_mixin.py:190} INFO - [2026-01-17T08:18:29.336+0000] {dag.py:4180} INFO - Setting next_dagrun for dynamic_user_processing to 2026-01-17 00:00:00+00:00, run_after=2026-01-18 00:00:00+00:00
[2026-01-17T08:18:29.358+0000] {processor.py:208} INFO - Processing /opt/airflow/dags/dynamic_user_processing.py took 0.635 seconds
[2026-01-17T08:18:59.639+0000] {processor.py:186} INFO - Started process (PID=16087) to work on /opt/airflow/dags/dynamic_user_processing.py
[2026-01-17T08:18:59.641+0000] {processor.py:914} INFO - Processing file /opt/airflow/dags/dynamic_user_processing.py for tasks to queue
[2026-01-17T08:18:59.643+0000] {logging_mixin.py:190} INFO - [2026-01-17T08:18:59.643+0000] {dagbag.py:588} INFO - Filling up the DagBag from /opt/airflow/dags/dynamic_user_processing.py
[2026-01-17T08:19:00.248+0000] {processor.py:925} INFO - DAG(s) 'dynamic_user_processing' retrieved from /opt/airflow/dags/dynamic_user_processing.py
[2026-01-17T08:19:00.286+0000] {logging_mixin.py:190} INFO - [2026-01-17T08:19:00.285+0000] {dag.py:3239} INFO - Sync 1 DAGs
[2026-01-17T08:19:00.316+0000] {logging_mixin.py:190} INFO - [2026-01-17T08:19:00.316+0000] {dag.py:4180} INFO - Setting next_dagrun for dynamic_user_processing to 2026-01-17 00:00:00+00:00, run_after=2026-01-18 00:00:00+00:00
[2026-01-17T08:19:00.337+0000] {processor.py:208} INFO - Processing /opt/airflow/dags/dynamic_user_processing.py took 0.713 seconds
[2026-01-17T08:19:30.739+0000] {processor.py:186} INFO - Started process (PID=16111) to work on /opt/airflow/dags/dynamic_user_processing.py
[2026-01-17T08:19:30.740+0000] {processor.py:914} INFO - Processing file /opt/airflow/dags/dynamic_user_processing.py for tasks to queue
[2026-01-17T08:19:30.743+0000] {logging_mixin.py:190} INFO - [2026-01-17T08:19:30.742+0000] {dagbag.py:588} INFO - Filling up the DagBag from /opt/airflow/dags/dynamic_user_processing.py
[2026-01-17T08:19:31.271+0000] {processor.py:925} INFO - DAG(s) 'dynamic_user_processing' retrieved from /opt/airflow/dags/dynamic_user_processing.py
[2026-01-17T08:19:31.296+0000] {logging_mixin.py:190} INFO - [2026-01-17T08:19:31.294+0000] {dag.py:3239} INFO - Sync 1 DAGs
[2026-01-17T08:19:31.324+0000] {logging_mixin.py:190} INFO - [2026-01-17T08:19:31.323+0000] {dag.py:4180} INFO - Setting next_dagrun for dynamic_user_processing to 2026-01-17 00:00:00+00:00, run_after=2026-01-18 00:00:00+00:00
[2026-01-17T08:19:31.340+0000] {processor.py:208} INFO - Processing /opt/airflow/dags/dynamic_user_processing.py took 0.609 seconds
[2026-01-17T08:20:01.912+0000] {processor.py:186} INFO - Started process (PID=16136) to work on /opt/airflow/dags/dynamic_user_processing.py
[2026-01-17T08:20:01.914+0000] {processor.py:914} INFO - Processing file /opt/airflow/dags/dynamic_user_processing.py for tasks to queue
[2026-01-17T08:20:01.916+0000] {logging_mixin.py:190} INFO - [2026-01-17T08:20:01.915+0000] {dagbag.py:588} INFO - Filling up the DagBag from /opt/airflow/dags/dynamic_user_processing.py
[2026-01-17T08:20:02.463+0000] {processor.py:925} INFO - DAG(s) 'dynamic_user_processing' retrieved from /opt/airflow/dags/dynamic_user_processing.py
[2026-01-17T08:20:02.501+0000] {logging_mixin.py:190} INFO - [2026-01-17T08:20:02.500+0000] {dag.py:3239} INFO - Sync 1 DAGs
[2026-01-17T08:20:02.540+0000] {logging_mixin.py:190} INFO - [2026-01-17T08:20:02.538+0000] {dag.py:4180} INFO - Setting next_dagrun for dynamic_user_processing to 2026-01-17 00:00:00+00:00, run_after=2026-01-18 00:00:00+00:00
[2026-01-17T08:20:02.563+0000] {processor.py:208} INFO - Processing /opt/airflow/dags/dynamic_user_processing.py took 0.664 seconds
[2026-01-17T08:20:32.793+0000] {processor.py:186} INFO - Started process (PID=16160) to work on /opt/airflow/dags/dynamic_user_processing.py
[2026-01-17T08:20:32.795+0000] {processor.py:914} INFO - Processing file /opt/airflow/dags/dynamic_user_processing.py for tasks to queue
[2026-01-17T08:20:32.796+0000] {logging_mixin.py:190} INFO - [2026-01-17T08:20:32.796+0000] {dagbag.py:588} INFO - Filling up the DagBag from /opt/airflow/dags/dynamic_user_processing.py
[2026-01-17T08:20:33.366+0000] {processor.py:925} INFO - DAG(s) 'dynamic_user_processing' retrieved from /opt/airflow/dags/dynamic_user_processing.py
[2026-01-17T08:20:33.391+0000] {logging_mixin.py:190} INFO - [2026-01-17T08:20:33.390+0000] {dag.py:3239} INFO - Sync 1 DAGs
[2026-01-17T08:20:33.415+0000] {logging_mixin.py:190} INFO - [2026-01-17T08:20:33.414+0000] {dag.py:4180} INFO - Setting next_dagrun for dynamic_user_processing to 2026-01-17 00:00:00+00:00, run_after=2026-01-18 00:00:00+00:00
[2026-01-17T08:20:33.442+0000] {processor.py:208} INFO - Processing /opt/airflow/dags/dynamic_user_processing.py took 0.659 seconds
[2026-01-17T08:21:03.794+0000] {processor.py:186} INFO - Started process (PID=16184) to work on /opt/airflow/dags/dynamic_user_processing.py
[2026-01-17T08:21:03.797+0000] {processor.py:914} INFO - Processing file /opt/airflow/dags/dynamic_user_processing.py for tasks to queue
[2026-01-17T08:21:03.801+0000] {logging_mixin.py:190} INFO - [2026-01-17T08:21:03.800+0000] {dagbag.py:588} INFO - Filling up the DagBag from /opt/airflow/dags/dynamic_user_processing.py
[2026-01-17T08:21:04.431+0000] {processor.py:925} INFO - DAG(s) 'dynamic_user_processing' retrieved from /opt/airflow/dags/dynamic_user_processing.py
[2026-01-17T08:21:04.458+0000] {logging_mixin.py:190} INFO - [2026-01-17T08:21:04.457+0000] {dag.py:3239} INFO - Sync 1 DAGs
[2026-01-17T08:21:04.489+0000] {logging_mixin.py:190} INFO - [2026-01-17T08:21:04.488+0000] {dag.py:4180} INFO - Setting next_dagrun for dynamic_user_processing to 2026-01-17 00:00:00+00:00, run_after=2026-01-18 00:00:00+00:00
[2026-01-17T08:21:04.518+0000] {processor.py:208} INFO - Processing /opt/airflow/dags/dynamic_user_processing.py took 0.744 seconds
[2026-01-17T08:21:34.730+0000] {processor.py:186} INFO - Started process (PID=16208) to work on /opt/airflow/dags/dynamic_user_processing.py
[2026-01-17T08:21:34.732+0000] {processor.py:914} INFO - Processing file /opt/airflow/dags/dynamic_user_processing.py for tasks to queue
[2026-01-17T08:21:34.735+0000] {logging_mixin.py:190} INFO - [2026-01-17T08:21:34.734+0000] {dagbag.py:588} INFO - Filling up the DagBag from /opt/airflow/dags/dynamic_user_processing.py
[2026-01-17T08:21:35.364+0000] {processor.py:925} INFO - DAG(s) 'dynamic_user_processing' retrieved from /opt/airflow/dags/dynamic_user_processing.py
[2026-01-17T08:21:35.392+0000] {logging_mixin.py:190} INFO - [2026-01-17T08:21:35.389+0000] {dag.py:3239} INFO - Sync 1 DAGs
[2026-01-17T08:21:35.421+0000] {logging_mixin.py:190} INFO - [2026-01-17T08:21:35.421+0000] {dag.py:4180} INFO - Setting next_dagrun for dynamic_user_processing to 2026-01-17 00:00:00+00:00, run_after=2026-01-18 00:00:00+00:00
[2026-01-17T08:21:35.440+0000] {processor.py:208} INFO - Processing /opt/airflow/dags/dynamic_user_processing.py took 0.725 seconds
[2026-01-17T08:22:05.597+0000] {processor.py:186} INFO - Started process (PID=16233) to work on /opt/airflow/dags/dynamic_user_processing.py
[2026-01-17T08:22:05.598+0000] {processor.py:914} INFO - Processing file /opt/airflow/dags/dynamic_user_processing.py for tasks to queue
[2026-01-17T08:22:05.599+0000] {logging_mixin.py:190} INFO - [2026-01-17T08:22:05.599+0000] {dagbag.py:588} INFO - Filling up the DagBag from /opt/airflow/dags/dynamic_user_processing.py
[2026-01-17T08:22:06.296+0000] {processor.py:925} INFO - DAG(s) 'dynamic_user_processing' retrieved from /opt/airflow/dags/dynamic_user_processing.py
[2026-01-17T08:22:06.335+0000] {logging_mixin.py:190} INFO - [2026-01-17T08:22:06.334+0000] {dag.py:3239} INFO - Sync 1 DAGs
[2026-01-17T08:22:06.373+0000] {logging_mixin.py:190} INFO - [2026-01-17T08:22:06.372+0000] {dag.py:4180} INFO - Setting next_dagrun for dynamic_user_processing to 2026-01-17 00:00:00+00:00, run_after=2026-01-18 00:00:00+00:00
[2026-01-17T08:22:06.403+0000] {processor.py:208} INFO - Processing /opt/airflow/dags/dynamic_user_processing.py took 0.814 seconds
[2026-01-17T08:22:36.850+0000] {processor.py:186} INFO - Started process (PID=16257) to work on /opt/airflow/dags/dynamic_user_processing.py
[2026-01-17T08:22:36.853+0000] {processor.py:914} INFO - Processing file /opt/airflow/dags/dynamic_user_processing.py for tasks to queue
[2026-01-17T08:22:36.857+0000] {logging_mixin.py:190} INFO - [2026-01-17T08:22:36.856+0000] {dagbag.py:588} INFO - Filling up the DagBag from /opt/airflow/dags/dynamic_user_processing.py
[2026-01-17T08:22:37.425+0000] {processor.py:925} INFO - DAG(s) 'dynamic_user_processing' retrieved from /opt/airflow/dags/dynamic_user_processing.py
[2026-01-17T08:22:37.452+0000] {logging_mixin.py:190} INFO - [2026-01-17T08:22:37.451+0000] {dag.py:3239} INFO - Sync 1 DAGs
[2026-01-17T08:22:37.481+0000] {logging_mixin.py:190} INFO - [2026-01-17T08:22:37.480+0000] {dag.py:4180} INFO - Setting next_dagrun for dynamic_user_processing to 2026-01-17 00:00:00+00:00, run_after=2026-01-18 00:00:00+00:00
[2026-01-17T08:22:37.508+0000] {processor.py:208} INFO - Processing /opt/airflow/dags/dynamic_user_processing.py took 0.674 seconds
[2026-01-17T08:23:07.759+0000] {processor.py:186} INFO - Started process (PID=16281) to work on /opt/airflow/dags/dynamic_user_processing.py
[2026-01-17T08:23:07.760+0000] {processor.py:914} INFO - Processing file /opt/airflow/dags/dynamic_user_processing.py for tasks to queue
[2026-01-17T08:23:07.762+0000] {logging_mixin.py:190} INFO - [2026-01-17T08:23:07.762+0000] {dagbag.py:588} INFO - Filling up the DagBag from /opt/airflow/dags/dynamic_user_processing.py
[2026-01-17T08:23:08.331+0000] {processor.py:925} INFO - DAG(s) 'dynamic_user_processing' retrieved from /opt/airflow/dags/dynamic_user_processing.py
[2026-01-17T08:23:08.356+0000] {logging_mixin.py:190} INFO - [2026-01-17T08:23:08.356+0000] {dag.py:3239} INFO - Sync 1 DAGs
[2026-01-17T08:23:08.378+0000] {logging_mixin.py:190} INFO - [2026-01-17T08:23:08.378+0000] {dag.py:4180} INFO - Setting next_dagrun for dynamic_user_processing to 2026-01-17 00:00:00+00:00, run_after=2026-01-18 00:00:00+00:00
[2026-01-17T08:23:08.404+0000] {processor.py:208} INFO - Processing /opt/airflow/dags/dynamic_user_processing.py took 0.658 seconds
[2026-01-17T08:23:38.776+0000] {processor.py:186} INFO - Started process (PID=16305) to work on /opt/airflow/dags/dynamic_user_processing.py
[2026-01-17T08:23:38.778+0000] {processor.py:914} INFO - Processing file /opt/airflow/dags/dynamic_user_processing.py for tasks to queue
[2026-01-17T08:23:38.780+0000] {logging_mixin.py:190} INFO - [2026-01-17T08:23:38.780+0000] {dagbag.py:588} INFO - Filling up the DagBag from /opt/airflow/dags/dynamic_user_processing.py
[2026-01-17T08:23:39.372+0000] {processor.py:925} INFO - DAG(s) 'dynamic_user_processing' retrieved from /opt/airflow/dags/dynamic_user_processing.py
[2026-01-17T08:23:39.397+0000] {logging_mixin.py:190} INFO - [2026-01-17T08:23:39.396+0000] {dag.py:3239} INFO - Sync 1 DAGs
[2026-01-17T08:23:39.418+0000] {logging_mixin.py:190} INFO - [2026-01-17T08:23:39.418+0000] {dag.py:4180} INFO - Setting next_dagrun for dynamic_user_processing to 2026-01-17 00:00:00+00:00, run_after=2026-01-18 00:00:00+00:00
[2026-01-17T08:23:39.444+0000] {processor.py:208} INFO - Processing /opt/airflow/dags/dynamic_user_processing.py took 0.682 seconds
[2026-01-17T08:24:09.581+0000] {processor.py:186} INFO - Started process (PID=16329) to work on /opt/airflow/dags/dynamic_user_processing.py
[2026-01-17T08:24:09.584+0000] {processor.py:914} INFO - Processing file /opt/airflow/dags/dynamic_user_processing.py for tasks to queue
[2026-01-17T08:24:09.587+0000] {logging_mixin.py:190} INFO - [2026-01-17T08:24:09.586+0000] {dagbag.py:588} INFO - Filling up the DagBag from /opt/airflow/dags/dynamic_user_processing.py
[2026-01-17T08:24:10.103+0000] {processor.py:925} INFO - DAG(s) 'dynamic_user_processing' retrieved from /opt/airflow/dags/dynamic_user_processing.py
[2026-01-17T08:24:10.126+0000] {logging_mixin.py:190} INFO - [2026-01-17T08:24:10.125+0000] {dag.py:3239} INFO - Sync 1 DAGs
[2026-01-17T08:24:10.153+0000] {logging_mixin.py:190} INFO - [2026-01-17T08:24:10.153+0000] {dag.py:4180} INFO - Setting next_dagrun for dynamic_user_processing to 2026-01-17 00:00:00+00:00, run_after=2026-01-18 00:00:00+00:00
[2026-01-17T08:24:10.183+0000] {processor.py:208} INFO - Processing /opt/airflow/dags/dynamic_user_processing.py took 0.618 seconds
[2026-01-17T08:24:40.482+0000] {processor.py:186} INFO - Started process (PID=16353) to work on /opt/airflow/dags/dynamic_user_processing.py
[2026-01-17T08:24:40.483+0000] {processor.py:914} INFO - Processing file /opt/airflow/dags/dynamic_user_processing.py for tasks to queue
[2026-01-17T08:24:40.485+0000] {logging_mixin.py:190} INFO - [2026-01-17T08:24:40.485+0000] {dagbag.py:588} INFO - Filling up the DagBag from /opt/airflow/dags/dynamic_user_processing.py
[2026-01-17T08:24:41.063+0000] {processor.py:925} INFO - DAG(s) 'dynamic_user_processing' retrieved from /opt/airflow/dags/dynamic_user_processing.py
[2026-01-17T08:24:41.086+0000] {logging_mixin.py:190} INFO - [2026-01-17T08:24:41.085+0000] {dag.py:3239} INFO - Sync 1 DAGs
[2026-01-17T08:24:41.111+0000] {logging_mixin.py:190} INFO - [2026-01-17T08:24:41.111+0000] {dag.py:4180} INFO - Setting next_dagrun for dynamic_user_processing to 2026-01-17 00:00:00+00:00, run_after=2026-01-18 00:00:00+00:00
[2026-01-17T08:24:41.144+0000] {processor.py:208} INFO - Processing /opt/airflow/dags/dynamic_user_processing.py took 0.675 seconds
[2026-01-17T08:25:11.248+0000] {processor.py:186} INFO - Started process (PID=16377) to work on /opt/airflow/dags/dynamic_user_processing.py
[2026-01-17T08:25:11.250+0000] {processor.py:914} INFO - Processing file /opt/airflow/dags/dynamic_user_processing.py for tasks to queue
[2026-01-17T08:25:11.253+0000] {logging_mixin.py:190} INFO - [2026-01-17T08:25:11.253+0000] {dagbag.py:588} INFO - Filling up the DagBag from /opt/airflow/dags/dynamic_user_processing.py
[2026-01-17T08:25:11.843+0000] {processor.py:925} INFO - DAG(s) 'dynamic_user_processing' retrieved from /opt/airflow/dags/dynamic_user_processing.py
[2026-01-17T08:25:11.875+0000] {logging_mixin.py:190} INFO - [2026-01-17T08:25:11.875+0000] {dag.py:3239} INFO - Sync 1 DAGs
[2026-01-17T08:25:11.914+0000] {logging_mixin.py:190} INFO - [2026-01-17T08:25:11.914+0000] {dag.py:4180} INFO - Setting next_dagrun for dynamic_user_processing to 2026-01-17 00:00:00+00:00, run_after=2026-01-18 00:00:00+00:00
[2026-01-17T08:25:11.936+0000] {processor.py:208} INFO - Processing /opt/airflow/dags/dynamic_user_processing.py took 0.709 seconds
[2026-01-17T08:25:42.142+0000] {processor.py:186} INFO - Started process (PID=16401) to work on /opt/airflow/dags/dynamic_user_processing.py
[2026-01-17T08:25:42.144+0000] {processor.py:914} INFO - Processing file /opt/airflow/dags/dynamic_user_processing.py for tasks to queue
[2026-01-17T08:25:42.146+0000] {logging_mixin.py:190} INFO - [2026-01-17T08:25:42.145+0000] {dagbag.py:588} INFO - Filling up the DagBag from /opt/airflow/dags/dynamic_user_processing.py
[2026-01-17T08:25:42.745+0000] {processor.py:925} INFO - DAG(s) 'dynamic_user_processing' retrieved from /opt/airflow/dags/dynamic_user_processing.py
[2026-01-17T08:25:42.771+0000] {logging_mixin.py:190} INFO - [2026-01-17T08:25:42.771+0000] {dag.py:3239} INFO - Sync 1 DAGs
[2026-01-17T08:25:42.793+0000] {logging_mixin.py:190} INFO - [2026-01-17T08:25:42.793+0000] {dag.py:4180} INFO - Setting next_dagrun for dynamic_user_processing to 2026-01-17 00:00:00+00:00, run_after=2026-01-18 00:00:00+00:00
[2026-01-17T08:25:42.819+0000] {processor.py:208} INFO - Processing /opt/airflow/dags/dynamic_user_processing.py took 0.690 seconds
[2026-01-17T08:26:12.994+0000] {processor.py:186} INFO - Started process (PID=16425) to work on /opt/airflow/dags/dynamic_user_processing.py
[2026-01-17T08:26:12.996+0000] {processor.py:914} INFO - Processing file /opt/airflow/dags/dynamic_user_processing.py for tasks to queue
[2026-01-17T08:26:12.999+0000] {logging_mixin.py:190} INFO - [2026-01-17T08:26:12.998+0000] {dagbag.py:588} INFO - Filling up the DagBag from /opt/airflow/dags/dynamic_user_processing.py
[2026-01-17T08:26:13.554+0000] {processor.py:925} INFO - DAG(s) 'dynamic_user_processing' retrieved from /opt/airflow/dags/dynamic_user_processing.py
[2026-01-17T08:26:13.579+0000] {logging_mixin.py:190} INFO - [2026-01-17T08:26:13.578+0000] {dag.py:3239} INFO - Sync 1 DAGs
[2026-01-17T08:26:13.617+0000] {logging_mixin.py:190} INFO - [2026-01-17T08:26:13.616+0000] {dag.py:4180} INFO - Setting next_dagrun for dynamic_user_processing to 2026-01-17 00:00:00+00:00, run_after=2026-01-18 00:00:00+00:00
[2026-01-17T08:26:13.641+0000] {processor.py:208} INFO - Processing /opt/airflow/dags/dynamic_user_processing.py took 0.662 seconds
[2026-01-17T08:26:43.869+0000] {processor.py:186} INFO - Started process (PID=16449) to work on /opt/airflow/dags/dynamic_user_processing.py
[2026-01-17T08:26:43.871+0000] {processor.py:914} INFO - Processing file /opt/airflow/dags/dynamic_user_processing.py for tasks to queue
[2026-01-17T08:26:43.872+0000] {logging_mixin.py:190} INFO - [2026-01-17T08:26:43.872+0000] {dagbag.py:588} INFO - Filling up the DagBag from /opt/airflow/dags/dynamic_user_processing.py
[2026-01-17T08:26:44.532+0000] {processor.py:925} INFO - DAG(s) 'dynamic_user_processing' retrieved from /opt/airflow/dags/dynamic_user_processing.py
[2026-01-17T08:26:44.572+0000] {logging_mixin.py:190} INFO - [2026-01-17T08:26:44.571+0000] {dag.py:3239} INFO - Sync 1 DAGs
[2026-01-17T08:26:44.606+0000] {logging_mixin.py:190} INFO - [2026-01-17T08:26:44.605+0000] {dag.py:4180} INFO - Setting next_dagrun for dynamic_user_processing to 2026-01-17 00:00:00+00:00, run_after=2026-01-18 00:00:00+00:00
[2026-01-17T08:26:44.638+0000] {processor.py:208} INFO - Processing /opt/airflow/dags/dynamic_user_processing.py took 0.777 seconds
[2026-01-17T08:27:14.871+0000] {processor.py:186} INFO - Started process (PID=16473) to work on /opt/airflow/dags/dynamic_user_processing.py
[2026-01-17T08:27:14.872+0000] {processor.py:914} INFO - Processing file /opt/airflow/dags/dynamic_user_processing.py for tasks to queue
[2026-01-17T08:27:14.874+0000] {logging_mixin.py:190} INFO - [2026-01-17T08:27:14.874+0000] {dagbag.py:588} INFO - Filling up the DagBag from /opt/airflow/dags/dynamic_user_processing.py
[2026-01-17T08:27:15.407+0000] {processor.py:925} INFO - DAG(s) 'dynamic_user_processing' retrieved from /opt/airflow/dags/dynamic_user_processing.py
[2026-01-17T08:27:15.435+0000] {logging_mixin.py:190} INFO - [2026-01-17T08:27:15.434+0000] {dag.py:3239} INFO - Sync 1 DAGs
[2026-01-17T08:27:15.463+0000] {logging_mixin.py:190} INFO - [2026-01-17T08:27:15.463+0000] {dag.py:4180} INFO - Setting next_dagrun for dynamic_user_processing to 2026-01-17 00:00:00+00:00, run_after=2026-01-18 00:00:00+00:00
[2026-01-17T08:27:15.481+0000] {processor.py:208} INFO - Processing /opt/airflow/dags/dynamic_user_processing.py took 0.623 seconds
[2026-01-17T08:27:46.520+0000] {processor.py:186} INFO - Started process (PID=16497) to work on /opt/airflow/dags/dynamic_user_processing.py
[2026-01-17T08:27:46.522+0000] {processor.py:914} INFO - Processing file /opt/airflow/dags/dynamic_user_processing.py for tasks to queue
[2026-01-17T08:27:46.524+0000] {logging_mixin.py:190} INFO - [2026-01-17T08:27:46.524+0000] {dagbag.py:588} INFO - Filling up the DagBag from /opt/airflow/dags/dynamic_user_processing.py
[2026-01-17T08:27:47.120+0000] {processor.py:925} INFO - DAG(s) 'dynamic_user_processing' retrieved from /opt/airflow/dags/dynamic_user_processing.py
[2026-01-17T08:27:47.156+0000] {logging_mixin.py:190} INFO - [2026-01-17T08:27:47.155+0000] {dag.py:3239} INFO - Sync 1 DAGs
[2026-01-17T08:27:47.188+0000] {logging_mixin.py:190} INFO - [2026-01-17T08:27:47.188+0000] {dag.py:4180} INFO - Setting next_dagrun for dynamic_user_processing to 2026-01-17 00:00:00+00:00, run_after=2026-01-18 00:00:00+00:00
[2026-01-17T08:27:47.210+0000] {processor.py:208} INFO - Processing /opt/airflow/dags/dynamic_user_processing.py took 0.702 seconds
[2026-01-17T08:28:17.466+0000] {processor.py:186} INFO - Started process (PID=16522) to work on /opt/airflow/dags/dynamic_user_processing.py
[2026-01-17T08:28:17.467+0000] {processor.py:914} INFO - Processing file /opt/airflow/dags/dynamic_user_processing.py for tasks to queue
[2026-01-17T08:28:17.469+0000] {logging_mixin.py:190} INFO - [2026-01-17T08:28:17.468+0000] {dagbag.py:588} INFO - Filling up the DagBag from /opt/airflow/dags/dynamic_user_processing.py
[2026-01-17T08:28:18.144+0000] {processor.py:925} INFO - DAG(s) 'dynamic_user_processing' retrieved from /opt/airflow/dags/dynamic_user_processing.py
[2026-01-17T08:28:18.180+0000] {logging_mixin.py:190} INFO - [2026-01-17T08:28:18.179+0000] {dag.py:3239} INFO - Sync 1 DAGs
[2026-01-17T08:28:18.213+0000] {logging_mixin.py:190} INFO - [2026-01-17T08:28:18.212+0000] {dag.py:4180} INFO - Setting next_dagrun for dynamic_user_processing to 2026-01-17 00:00:00+00:00, run_after=2026-01-18 00:00:00+00:00
[2026-01-17T08:28:18.236+0000] {processor.py:208} INFO - Processing /opt/airflow/dags/dynamic_user_processing.py took 0.778 seconds
[2026-01-17T08:28:48.542+0000] {processor.py:186} INFO - Started process (PID=16546) to work on /opt/airflow/dags/dynamic_user_processing.py
[2026-01-17T08:28:48.543+0000] {processor.py:914} INFO - Processing file /opt/airflow/dags/dynamic_user_processing.py for tasks to queue
[2026-01-17T08:28:48.545+0000] {logging_mixin.py:190} INFO - [2026-01-17T08:28:48.544+0000] {dagbag.py:588} INFO - Filling up the DagBag from /opt/airflow/dags/dynamic_user_processing.py
[2026-01-17T08:28:49.298+0000] {processor.py:925} INFO - DAG(s) 'dynamic_user_processing' retrieved from /opt/airflow/dags/dynamic_user_processing.py
[2026-01-17T08:28:49.339+0000] {logging_mixin.py:190} INFO - [2026-01-17T08:28:49.338+0000] {dag.py:3239} INFO - Sync 1 DAGs
[2026-01-17T08:28:49.376+0000] {logging_mixin.py:190} INFO - [2026-01-17T08:28:49.375+0000] {dag.py:4180} INFO - Setting next_dagrun for dynamic_user_processing to 2026-01-17 00:00:00+00:00, run_after=2026-01-18 00:00:00+00:00
[2026-01-17T08:28:49.417+0000] {processor.py:208} INFO - Processing /opt/airflow/dags/dynamic_user_processing.py took 0.882 seconds
[2026-01-17T08:29:19.800+0000] {processor.py:186} INFO - Started process (PID=16571) to work on /opt/airflow/dags/dynamic_user_processing.py
[2026-01-17T08:29:19.801+0000] {processor.py:914} INFO - Processing file /opt/airflow/dags/dynamic_user_processing.py for tasks to queue
[2026-01-17T08:29:19.803+0000] {logging_mixin.py:190} INFO - [2026-01-17T08:29:19.802+0000] {dagbag.py:588} INFO - Filling up the DagBag from /opt/airflow/dags/dynamic_user_processing.py
[2026-01-17T08:29:20.384+0000] {processor.py:925} INFO - DAG(s) 'dynamic_user_processing' retrieved from /opt/airflow/dags/dynamic_user_processing.py
[2026-01-17T08:29:20.416+0000] {logging_mixin.py:190} INFO - [2026-01-17T08:29:20.416+0000] {dag.py:3239} INFO - Sync 1 DAGs
[2026-01-17T08:29:20.448+0000] {logging_mixin.py:190} INFO - [2026-01-17T08:29:20.447+0000] {dag.py:4180} INFO - Setting next_dagrun for dynamic_user_processing to 2026-01-17 00:00:00+00:00, run_after=2026-01-18 00:00:00+00:00
[2026-01-17T08:29:20.484+0000] {processor.py:208} INFO - Processing /opt/airflow/dags/dynamic_user_processing.py took 0.691 seconds
[2026-01-17T08:29:50.704+0000] {processor.py:186} INFO - Started process (PID=16595) to work on /opt/airflow/dags/dynamic_user_processing.py
[2026-01-17T08:29:50.705+0000] {processor.py:914} INFO - Processing file /opt/airflow/dags/dynamic_user_processing.py for tasks to queue
[2026-01-17T08:29:50.706+0000] {logging_mixin.py:190} INFO - [2026-01-17T08:29:50.706+0000] {dagbag.py:588} INFO - Filling up the DagBag from /opt/airflow/dags/dynamic_user_processing.py
[2026-01-17T08:29:51.285+0000] {processor.py:925} INFO - DAG(s) 'dynamic_user_processing' retrieved from /opt/airflow/dags/dynamic_user_processing.py
[2026-01-17T08:29:51.309+0000] {logging_mixin.py:190} INFO - [2026-01-17T08:29:51.308+0000] {dag.py:3239} INFO - Sync 1 DAGs
[2026-01-17T08:29:51.328+0000] {logging_mixin.py:190} INFO - [2026-01-17T08:29:51.328+0000] {dag.py:4180} INFO - Setting next_dagrun for dynamic_user_processing to 2026-01-17 00:00:00+00:00, run_after=2026-01-18 00:00:00+00:00
[2026-01-17T08:29:51.352+0000] {processor.py:208} INFO - Processing /opt/airflow/dags/dynamic_user_processing.py took 0.659 seconds
[2026-01-17T08:30:21.780+0000] {processor.py:186} INFO - Started process (PID=16619) to work on /opt/airflow/dags/dynamic_user_processing.py
[2026-01-17T08:30:21.781+0000] {processor.py:914} INFO - Processing file /opt/airflow/dags/dynamic_user_processing.py for tasks to queue
[2026-01-17T08:30:21.783+0000] {logging_mixin.py:190} INFO - [2026-01-17T08:30:21.783+0000] {dagbag.py:588} INFO - Filling up the DagBag from /opt/airflow/dags/dynamic_user_processing.py
[2026-01-17T08:30:22.481+0000] {processor.py:925} INFO - DAG(s) 'dynamic_user_processing' retrieved from /opt/airflow/dags/dynamic_user_processing.py
[2026-01-17T08:30:22.504+0000] {logging_mixin.py:190} INFO - [2026-01-17T08:30:22.503+0000] {dag.py:3239} INFO - Sync 1 DAGs
[2026-01-17T08:30:22.526+0000] {logging_mixin.py:190} INFO - [2026-01-17T08:30:22.526+0000] {dag.py:4180} INFO - Setting next_dagrun for dynamic_user_processing to 2026-01-17 00:00:00+00:00, run_after=2026-01-18 00:00:00+00:00
[2026-01-17T08:30:22.544+0000] {processor.py:208} INFO - Processing /opt/airflow/dags/dynamic_user_processing.py took 0.778 seconds
[2026-01-17T08:30:53.034+0000] {processor.py:186} INFO - Started process (PID=16643) to work on /opt/airflow/dags/dynamic_user_processing.py
[2026-01-17T08:30:53.035+0000] {processor.py:914} INFO - Processing file /opt/airflow/dags/dynamic_user_processing.py for tasks to queue
[2026-01-17T08:30:53.037+0000] {logging_mixin.py:190} INFO - [2026-01-17T08:30:53.036+0000] {dagbag.py:588} INFO - Filling up the DagBag from /opt/airflow/dags/dynamic_user_processing.py
[2026-01-17T08:30:53.717+0000] {processor.py:925} INFO - DAG(s) 'dynamic_user_processing' retrieved from /opt/airflow/dags/dynamic_user_processing.py
[2026-01-17T08:30:53.749+0000] {logging_mixin.py:190} INFO - [2026-01-17T08:30:53.749+0000] {dag.py:3239} INFO - Sync 1 DAGs
[2026-01-17T08:30:53.780+0000] {logging_mixin.py:190} INFO - [2026-01-17T08:30:53.780+0000] {dag.py:4180} INFO - Setting next_dagrun for dynamic_user_processing to 2026-01-17 00:00:00+00:00, run_after=2026-01-18 00:00:00+00:00
[2026-01-17T08:30:53.798+0000] {processor.py:208} INFO - Processing /opt/airflow/dags/dynamic_user_processing.py took 0.775 seconds
[2026-01-17T08:31:23.913+0000] {processor.py:186} INFO - Started process (PID=16674) to work on /opt/airflow/dags/dynamic_user_processing.py
[2026-01-17T08:31:23.915+0000] {processor.py:914} INFO - Processing file /opt/airflow/dags/dynamic_user_processing.py for tasks to queue
[2026-01-17T08:31:23.916+0000] {logging_mixin.py:190} INFO - [2026-01-17T08:31:23.916+0000] {dagbag.py:588} INFO - Filling up the DagBag from /opt/airflow/dags/dynamic_user_processing.py
[2026-01-17T08:31:24.528+0000] {processor.py:925} INFO - DAG(s) 'dynamic_user_processing' retrieved from /opt/airflow/dags/dynamic_user_processing.py
[2026-01-17T08:31:24.551+0000] {logging_mixin.py:190} INFO - [2026-01-17T08:31:24.550+0000] {dag.py:3239} INFO - Sync 1 DAGs
[2026-01-17T08:31:24.573+0000] {logging_mixin.py:190} INFO - [2026-01-17T08:31:24.573+0000] {dag.py:4180} INFO - Setting next_dagrun for dynamic_user_processing to 2026-01-17 00:00:00+00:00, run_after=2026-01-18 00:00:00+00:00
[2026-01-17T08:31:24.590+0000] {processor.py:208} INFO - Processing /opt/airflow/dags/dynamic_user_processing.py took 0.685 seconds
[2026-01-17T08:31:54.723+0000] {processor.py:186} INFO - Started process (PID=16700) to work on /opt/airflow/dags/dynamic_user_processing.py
[2026-01-17T08:31:54.725+0000] {processor.py:914} INFO - Processing file /opt/airflow/dags/dynamic_user_processing.py for tasks to queue
[2026-01-17T08:31:54.727+0000] {logging_mixin.py:190} INFO - [2026-01-17T08:31:54.726+0000] {dagbag.py:588} INFO - Filling up the DagBag from /opt/airflow/dags/dynamic_user_processing.py
[2026-01-17T08:31:55.275+0000] {processor.py:925} INFO - DAG(s) 'dynamic_user_processing' retrieved from /opt/airflow/dags/dynamic_user_processing.py
[2026-01-17T08:31:55.299+0000] {logging_mixin.py:190} INFO - [2026-01-17T08:31:55.298+0000] {dag.py:3239} INFO - Sync 1 DAGs
[2026-01-17T08:31:55.320+0000] {logging_mixin.py:190} INFO - [2026-01-17T08:31:55.319+0000] {dag.py:4180} INFO - Setting next_dagrun for dynamic_user_processing to 2026-01-17 00:00:00+00:00, run_after=2026-01-18 00:00:00+00:00
[2026-01-17T08:31:55.335+0000] {processor.py:208} INFO - Processing /opt/airflow/dags/dynamic_user_processing.py took 0.623 seconds
[2026-01-17T08:32:26.149+0000] {processor.py:186} INFO - Started process (PID=16724) to work on /opt/airflow/dags/dynamic_user_processing.py
[2026-01-17T08:32:26.150+0000] {processor.py:914} INFO - Processing file /opt/airflow/dags/dynamic_user_processing.py for tasks to queue
[2026-01-17T08:32:26.151+0000] {logging_mixin.py:190} INFO - [2026-01-17T08:32:26.151+0000] {dagbag.py:588} INFO - Filling up the DagBag from /opt/airflow/dags/dynamic_user_processing.py
[2026-01-17T08:32:26.870+0000] {processor.py:925} INFO - DAG(s) 'dynamic_user_processing' retrieved from /opt/airflow/dags/dynamic_user_processing.py
[2026-01-17T08:32:26.898+0000] {logging_mixin.py:190} INFO - [2026-01-17T08:32:26.897+0000] {dag.py:3239} INFO - Sync 1 DAGs
[2026-01-17T08:32:26.926+0000] {logging_mixin.py:190} INFO - [2026-01-17T08:32:26.925+0000] {dag.py:4180} INFO - Setting next_dagrun for dynamic_user_processing to 2026-01-17 00:00:00+00:00, run_after=2026-01-18 00:00:00+00:00
[2026-01-17T08:32:26.946+0000] {processor.py:208} INFO - Processing /opt/airflow/dags/dynamic_user_processing.py took 0.806 seconds
[2026-01-17T08:32:57.118+0000] {processor.py:186} INFO - Started process (PID=16748) to work on /opt/airflow/dags/dynamic_user_processing.py
[2026-01-17T08:32:57.122+0000] {processor.py:914} INFO - Processing file /opt/airflow/dags/dynamic_user_processing.py for tasks to queue
[2026-01-17T08:32:57.126+0000] {logging_mixin.py:190} INFO - [2026-01-17T08:32:57.125+0000] {dagbag.py:588} INFO - Filling up the DagBag from /opt/airflow/dags/dynamic_user_processing.py
[2026-01-17T08:32:57.775+0000] {processor.py:925} INFO - DAG(s) 'dynamic_user_processing' retrieved from /opt/airflow/dags/dynamic_user_processing.py
[2026-01-17T08:32:57.806+0000] {logging_mixin.py:190} INFO - [2026-01-17T08:32:57.805+0000] {dag.py:3239} INFO - Sync 1 DAGs
[2026-01-17T08:32:57.836+0000] {logging_mixin.py:190} INFO - [2026-01-17T08:32:57.835+0000] {dag.py:4180} INFO - Setting next_dagrun for dynamic_user_processing to 2026-01-17 00:00:00+00:00, run_after=2026-01-18 00:00:00+00:00
[2026-01-17T08:32:57.853+0000] {processor.py:208} INFO - Processing /opt/airflow/dags/dynamic_user_processing.py took 0.756 seconds
[2026-01-17T08:33:28.388+0000] {processor.py:186} INFO - Started process (PID=16772) to work on /opt/airflow/dags/dynamic_user_processing.py
[2026-01-17T08:33:28.390+0000] {processor.py:914} INFO - Processing file /opt/airflow/dags/dynamic_user_processing.py for tasks to queue
[2026-01-17T08:33:28.392+0000] {logging_mixin.py:190} INFO - [2026-01-17T08:33:28.391+0000] {dagbag.py:588} INFO - Filling up the DagBag from /opt/airflow/dags/dynamic_user_processing.py
[2026-01-17T08:33:29.068+0000] {processor.py:925} INFO - DAG(s) 'dynamic_user_processing' retrieved from /opt/airflow/dags/dynamic_user_processing.py
[2026-01-17T08:33:29.098+0000] {logging_mixin.py:190} INFO - [2026-01-17T08:33:29.098+0000] {dag.py:3239} INFO - Sync 1 DAGs
[2026-01-17T08:33:29.130+0000] {logging_mixin.py:190} INFO - [2026-01-17T08:33:29.129+0000] {dag.py:4180} INFO - Setting next_dagrun for dynamic_user_processing to 2026-01-17 00:00:00+00:00, run_after=2026-01-18 00:00:00+00:00
[2026-01-17T08:33:29.153+0000] {processor.py:208} INFO - Processing /opt/airflow/dags/dynamic_user_processing.py took 0.774 seconds
[2026-01-17T08:33:59.841+0000] {processor.py:186} INFO - Started process (PID=16796) to work on /opt/airflow/dags/dynamic_user_processing.py
[2026-01-17T08:33:59.843+0000] {processor.py:914} INFO - Processing file /opt/airflow/dags/dynamic_user_processing.py for tasks to queue
[2026-01-17T08:33:59.845+0000] {logging_mixin.py:190} INFO - [2026-01-17T08:33:59.845+0000] {dagbag.py:588} INFO - Filling up the DagBag from /opt/airflow/dags/dynamic_user_processing.py
[2026-01-17T08:34:00.507+0000] {processor.py:925} INFO - DAG(s) 'dynamic_user_processing' retrieved from /opt/airflow/dags/dynamic_user_processing.py
[2026-01-17T08:34:00.541+0000] {logging_mixin.py:190} INFO - [2026-01-17T08:34:00.540+0000] {dag.py:3239} INFO - Sync 1 DAGs
[2026-01-17T08:34:00.577+0000] {logging_mixin.py:190} INFO - [2026-01-17T08:34:00.577+0000] {dag.py:4180} INFO - Setting next_dagrun for dynamic_user_processing to 2026-01-17 00:00:00+00:00, run_after=2026-01-18 00:00:00+00:00
[2026-01-17T08:34:00.597+0000] {processor.py:208} INFO - Processing /opt/airflow/dags/dynamic_user_processing.py took 0.766 seconds
[2026-01-17T08:34:31.270+0000] {processor.py:186} INFO - Started process (PID=16821) to work on /opt/airflow/dags/dynamic_user_processing.py
[2026-01-17T08:34:31.272+0000] {processor.py:914} INFO - Processing file /opt/airflow/dags/dynamic_user_processing.py for tasks to queue
[2026-01-17T08:34:31.276+0000] {logging_mixin.py:190} INFO - [2026-01-17T08:34:31.275+0000] {dagbag.py:588} INFO - Filling up the DagBag from /opt/airflow/dags/dynamic_user_processing.py
[2026-01-17T08:34:32.277+0000] {processor.py:925} INFO - DAG(s) 'dynamic_user_processing' retrieved from /opt/airflow/dags/dynamic_user_processing.py
[2026-01-17T08:34:32.324+0000] {logging_mixin.py:190} INFO - [2026-01-17T08:34:32.323+0000] {dag.py:3239} INFO - Sync 1 DAGs
[2026-01-17T08:34:32.380+0000] {logging_mixin.py:190} INFO - [2026-01-17T08:34:32.379+0000] {dag.py:4180} INFO - Setting next_dagrun for dynamic_user_processing to 2026-01-17 00:00:00+00:00, run_after=2026-01-18 00:00:00+00:00
[2026-01-17T08:34:32.416+0000] {processor.py:208} INFO - Processing /opt/airflow/dags/dynamic_user_processing.py took 1.160 seconds
[2026-01-17T08:35:02.751+0000] {processor.py:186} INFO - Started process (PID=16845) to work on /opt/airflow/dags/dynamic_user_processing.py
[2026-01-17T08:35:02.753+0000] {processor.py:914} INFO - Processing file /opt/airflow/dags/dynamic_user_processing.py for tasks to queue
[2026-01-17T08:35:02.755+0000] {logging_mixin.py:190} INFO - [2026-01-17T08:35:02.755+0000] {dagbag.py:588} INFO - Filling up the DagBag from /opt/airflow/dags/dynamic_user_processing.py
[2026-01-17T08:35:03.671+0000] {processor.py:925} INFO - DAG(s) 'dynamic_user_processing' retrieved from /opt/airflow/dags/dynamic_user_processing.py
[2026-01-17T08:35:03.714+0000] {logging_mixin.py:190} INFO - [2026-01-17T08:35:03.713+0000] {dag.py:3239} INFO - Sync 1 DAGs
[2026-01-17T08:35:03.756+0000] {logging_mixin.py:190} INFO - [2026-01-17T08:35:03.756+0000] {dag.py:4180} INFO - Setting next_dagrun for dynamic_user_processing to 2026-01-17 00:00:00+00:00, run_after=2026-01-18 00:00:00+00:00
[2026-01-17T08:35:03.795+0000] {processor.py:208} INFO - Processing /opt/airflow/dags/dynamic_user_processing.py took 1.055 seconds
[2026-01-17T08:35:34.575+0000] {processor.py:186} INFO - Started process (PID=16869) to work on /opt/airflow/dags/dynamic_user_processing.py
[2026-01-17T08:35:34.576+0000] {processor.py:914} INFO - Processing file /opt/airflow/dags/dynamic_user_processing.py for tasks to queue
[2026-01-17T08:35:34.579+0000] {logging_mixin.py:190} INFO - [2026-01-17T08:35:34.578+0000] {dagbag.py:588} INFO - Filling up the DagBag from /opt/airflow/dags/dynamic_user_processing.py
[2026-01-17T08:35:35.255+0000] {processor.py:925} INFO - DAG(s) 'dynamic_user_processing' retrieved from /opt/airflow/dags/dynamic_user_processing.py
[2026-01-17T08:35:35.280+0000] {logging_mixin.py:190} INFO - [2026-01-17T08:35:35.280+0000] {dag.py:3239} INFO - Sync 1 DAGs
[2026-01-17T08:35:35.312+0000] {logging_mixin.py:190} INFO - [2026-01-17T08:35:35.311+0000] {dag.py:4180} INFO - Setting next_dagrun for dynamic_user_processing to 2026-01-17 00:00:00+00:00, run_after=2026-01-18 00:00:00+00:00
[2026-01-17T08:35:35.341+0000] {processor.py:208} INFO - Processing /opt/airflow/dags/dynamic_user_processing.py took 0.777 seconds
[2026-01-17T08:36:06.245+0000] {processor.py:186} INFO - Started process (PID=16893) to work on /opt/airflow/dags/dynamic_user_processing.py
[2026-01-17T08:36:06.247+0000] {processor.py:914} INFO - Processing file /opt/airflow/dags/dynamic_user_processing.py for tasks to queue
[2026-01-17T08:36:06.250+0000] {logging_mixin.py:190} INFO - [2026-01-17T08:36:06.249+0000] {dagbag.py:588} INFO - Filling up the DagBag from /opt/airflow/dags/dynamic_user_processing.py
[2026-01-17T08:36:07.196+0000] {processor.py:925} INFO - DAG(s) 'dynamic_user_processing' retrieved from /opt/airflow/dags/dynamic_user_processing.py
[2026-01-17T08:36:07.240+0000] {logging_mixin.py:190} INFO - [2026-01-17T08:36:07.238+0000] {dag.py:3239} INFO - Sync 1 DAGs
[2026-01-17T08:36:07.284+0000] {logging_mixin.py:190} INFO - [2026-01-17T08:36:07.283+0000] {dag.py:4180} INFO - Setting next_dagrun for dynamic_user_processing to 2026-01-17 00:00:00+00:00, run_after=2026-01-18 00:00:00+00:00
[2026-01-17T08:36:07.313+0000] {processor.py:208} INFO - Processing /opt/airflow/dags/dynamic_user_processing.py took 1.081 seconds
[2026-01-17T08:36:37.906+0000] {processor.py:186} INFO - Started process (PID=16917) to work on /opt/airflow/dags/dynamic_user_processing.py
[2026-01-17T08:36:37.907+0000] {processor.py:914} INFO - Processing file /opt/airflow/dags/dynamic_user_processing.py for tasks to queue
[2026-01-17T08:36:37.909+0000] {logging_mixin.py:190} INFO - [2026-01-17T08:36:37.909+0000] {dagbag.py:588} INFO - Filling up the DagBag from /opt/airflow/dags/dynamic_user_processing.py
[2026-01-17T08:36:38.723+0000] {processor.py:925} INFO - DAG(s) 'dynamic_user_processing' retrieved from /opt/airflow/dags/dynamic_user_processing.py
[2026-01-17T08:36:38.756+0000] {logging_mixin.py:190} INFO - [2026-01-17T08:36:38.756+0000] {dag.py:3239} INFO - Sync 1 DAGs
[2026-01-17T08:36:38.787+0000] {logging_mixin.py:190} INFO - [2026-01-17T08:36:38.787+0000] {dag.py:4180} INFO - Setting next_dagrun for dynamic_user_processing to 2026-01-17 00:00:00+00:00, run_after=2026-01-18 00:00:00+00:00
[2026-01-17T08:36:38.820+0000] {processor.py:208} INFO - Processing /opt/airflow/dags/dynamic_user_processing.py took 0.928 seconds
[2026-01-17T08:37:09.325+0000] {processor.py:186} INFO - Started process (PID=16942) to work on /opt/airflow/dags/dynamic_user_processing.py
[2026-01-17T08:37:09.328+0000] {processor.py:914} INFO - Processing file /opt/airflow/dags/dynamic_user_processing.py for tasks to queue
[2026-01-17T08:37:09.332+0000] {logging_mixin.py:190} INFO - [2026-01-17T08:37:09.331+0000] {dagbag.py:588} INFO - Filling up the DagBag from /opt/airflow/dags/dynamic_user_processing.py
[2026-01-17T08:37:10.210+0000] {processor.py:925} INFO - DAG(s) 'dynamic_user_processing' retrieved from /opt/airflow/dags/dynamic_user_processing.py
[2026-01-17T08:37:10.246+0000] {logging_mixin.py:190} INFO - [2026-01-17T08:37:10.245+0000] {dag.py:3239} INFO - Sync 1 DAGs
[2026-01-17T08:37:10.289+0000] {logging_mixin.py:190} INFO - [2026-01-17T08:37:10.288+0000] {dag.py:4180} INFO - Setting next_dagrun for dynamic_user_processing to 2026-01-17 00:00:00+00:00, run_after=2026-01-18 00:00:00+00:00
[2026-01-17T08:37:10.328+0000] {processor.py:208} INFO - Processing /opt/airflow/dags/dynamic_user_processing.py took 1.020 seconds
[2026-01-17T08:37:40.477+0000] {processor.py:186} INFO - Started process (PID=16965) to work on /opt/airflow/dags/dynamic_user_processing.py
[2026-01-17T08:37:40.480+0000] {processor.py:914} INFO - Processing file /opt/airflow/dags/dynamic_user_processing.py for tasks to queue
[2026-01-17T08:37:40.483+0000] {logging_mixin.py:190} INFO - [2026-01-17T08:37:40.482+0000] {dagbag.py:588} INFO - Filling up the DagBag from /opt/airflow/dags/dynamic_user_processing.py
[2026-01-17T08:37:41.352+0000] {processor.py:925} INFO - DAG(s) 'dynamic_user_processing' retrieved from /opt/airflow/dags/dynamic_user_processing.py
[2026-01-17T08:37:41.381+0000] {logging_mixin.py:190} INFO - [2026-01-17T08:37:41.381+0000] {dag.py:3239} INFO - Sync 1 DAGs
[2026-01-17T08:37:41.416+0000] {logging_mixin.py:190} INFO - [2026-01-17T08:37:41.416+0000] {dag.py:4180} INFO - Setting next_dagrun for dynamic_user_processing to 2026-01-17 00:00:00+00:00, run_after=2026-01-18 00:00:00+00:00
[2026-01-17T08:37:41.449+0000] {processor.py:208} INFO - Processing /opt/airflow/dags/dynamic_user_processing.py took 0.991 seconds
[2026-01-17T08:38:11.680+0000] {processor.py:186} INFO - Started process (PID=16989) to work on /opt/airflow/dags/dynamic_user_processing.py
[2026-01-17T08:38:11.682+0000] {processor.py:914} INFO - Processing file /opt/airflow/dags/dynamic_user_processing.py for tasks to queue
[2026-01-17T08:38:11.685+0000] {logging_mixin.py:190} INFO - [2026-01-17T08:38:11.684+0000] {dagbag.py:588} INFO - Filling up the DagBag from /opt/airflow/dags/dynamic_user_processing.py
[2026-01-17T08:38:12.568+0000] {processor.py:925} INFO - DAG(s) 'dynamic_user_processing' retrieved from /opt/airflow/dags/dynamic_user_processing.py
[2026-01-17T08:38:12.615+0000] {logging_mixin.py:190} INFO - [2026-01-17T08:38:12.614+0000] {dag.py:3239} INFO - Sync 1 DAGs
[2026-01-17T08:38:12.656+0000] {logging_mixin.py:190} INFO - [2026-01-17T08:38:12.656+0000] {dag.py:4180} INFO - Setting next_dagrun for dynamic_user_processing to 2026-01-17 00:00:00+00:00, run_after=2026-01-18 00:00:00+00:00
[2026-01-17T08:38:12.681+0000] {processor.py:208} INFO - Processing /opt/airflow/dags/dynamic_user_processing.py took 1.013 seconds
[2026-01-17T08:38:43.289+0000] {processor.py:186} INFO - Started process (PID=17013) to work on /opt/airflow/dags/dynamic_user_processing.py
[2026-01-17T08:38:43.291+0000] {processor.py:914} INFO - Processing file /opt/airflow/dags/dynamic_user_processing.py for tasks to queue
[2026-01-17T08:38:43.295+0000] {logging_mixin.py:190} INFO - [2026-01-17T08:38:43.294+0000] {dagbag.py:588} INFO - Filling up the DagBag from /opt/airflow/dags/dynamic_user_processing.py
[2026-01-17T08:38:44.219+0000] {processor.py:925} INFO - DAG(s) 'dynamic_user_processing' retrieved from /opt/airflow/dags/dynamic_user_processing.py
[2026-01-17T08:38:44.263+0000] {logging_mixin.py:190} INFO - [2026-01-17T08:38:44.263+0000] {dag.py:3239} INFO - Sync 1 DAGs
[2026-01-17T08:38:44.301+0000] {logging_mixin.py:190} INFO - [2026-01-17T08:38:44.301+0000] {dag.py:4180} INFO - Setting next_dagrun for dynamic_user_processing to 2026-01-17 00:00:00+00:00, run_after=2026-01-18 00:00:00+00:00
[2026-01-17T08:38:44.330+0000] {processor.py:208} INFO - Processing /opt/airflow/dags/dynamic_user_processing.py took 1.067 seconds
[2026-01-17T08:39:14.577+0000] {processor.py:186} INFO - Started process (PID=17037) to work on /opt/airflow/dags/dynamic_user_processing.py
[2026-01-17T08:39:14.578+0000] {processor.py:914} INFO - Processing file /opt/airflow/dags/dynamic_user_processing.py for tasks to queue
[2026-01-17T08:39:14.580+0000] {logging_mixin.py:190} INFO - [2026-01-17T08:39:14.580+0000] {dagbag.py:588} INFO - Filling up the DagBag from /opt/airflow/dags/dynamic_user_processing.py
[2026-01-17T08:39:15.394+0000] {processor.py:925} INFO - DAG(s) 'dynamic_user_processing' retrieved from /opt/airflow/dags/dynamic_user_processing.py
[2026-01-17T08:39:15.424+0000] {logging_mixin.py:190} INFO - [2026-01-17T08:39:15.423+0000] {dag.py:3239} INFO - Sync 1 DAGs
[2026-01-17T08:39:15.460+0000] {logging_mixin.py:190} INFO - [2026-01-17T08:39:15.460+0000] {dag.py:4180} INFO - Setting next_dagrun for dynamic_user_processing to 2026-01-17 00:00:00+00:00, run_after=2026-01-18 00:00:00+00:00
[2026-01-17T08:39:15.487+0000] {processor.py:208} INFO - Processing /opt/airflow/dags/dynamic_user_processing.py took 0.922 seconds
[2026-01-17T08:39:46.032+0000] {processor.py:186} INFO - Started process (PID=17062) to work on /opt/airflow/dags/dynamic_user_processing.py
[2026-01-17T08:39:46.035+0000] {processor.py:914} INFO - Processing file /opt/airflow/dags/dynamic_user_processing.py for tasks to queue
[2026-01-17T08:39:46.039+0000] {logging_mixin.py:190} INFO - [2026-01-17T08:39:46.038+0000] {dagbag.py:588} INFO - Filling up the DagBag from /opt/airflow/dags/dynamic_user_processing.py
[2026-01-17T08:39:47.568+0000] {processor.py:925} INFO - DAG(s) 'dynamic_user_processing' retrieved from /opt/airflow/dags/dynamic_user_processing.py
[2026-01-17T08:39:47.636+0000] {logging_mixin.py:190} INFO - [2026-01-17T08:39:47.632+0000] {dag.py:3239} INFO - Sync 1 DAGs
[2026-01-17T08:39:47.705+0000] {logging_mixin.py:190} INFO - [2026-01-17T08:39:47.704+0000] {dag.py:4180} INFO - Setting next_dagrun for dynamic_user_processing to 2026-01-17 00:00:00+00:00, run_after=2026-01-18 00:00:00+00:00
[2026-01-17T08:39:47.746+0000] {processor.py:208} INFO - Processing /opt/airflow/dags/dynamic_user_processing.py took 1.731 seconds
[2026-01-17T08:40:17.995+0000] {processor.py:186} INFO - Started process (PID=17086) to work on /opt/airflow/dags/dynamic_user_processing.py
[2026-01-17T08:40:17.997+0000] {processor.py:914} INFO - Processing file /opt/airflow/dags/dynamic_user_processing.py for tasks to queue
[2026-01-17T08:40:17.999+0000] {logging_mixin.py:190} INFO - [2026-01-17T08:40:17.998+0000] {dagbag.py:588} INFO - Filling up the DagBag from /opt/airflow/dags/dynamic_user_processing.py
[2026-01-17T08:40:18.867+0000] {processor.py:925} INFO - DAG(s) 'dynamic_user_processing' retrieved from /opt/airflow/dags/dynamic_user_processing.py
[2026-01-17T08:40:18.904+0000] {logging_mixin.py:190} INFO - [2026-01-17T08:40:18.903+0000] {dag.py:3239} INFO - Sync 1 DAGs
[2026-01-17T08:40:18.942+0000] {logging_mixin.py:190} INFO - [2026-01-17T08:40:18.941+0000] {dag.py:4180} INFO - Setting next_dagrun for dynamic_user_processing to 2026-01-17 00:00:00+00:00, run_after=2026-01-18 00:00:00+00:00
[2026-01-17T08:40:18.970+0000] {processor.py:208} INFO - Processing /opt/airflow/dags/dynamic_user_processing.py took 0.984 seconds
[2026-01-17T08:40:49.911+0000] {processor.py:186} INFO - Started process (PID=17109) to work on /opt/airflow/dags/dynamic_user_processing.py
[2026-01-17T08:40:49.914+0000] {processor.py:914} INFO - Processing file /opt/airflow/dags/dynamic_user_processing.py for tasks to queue
[2026-01-17T08:40:49.917+0000] {logging_mixin.py:190} INFO - [2026-01-17T08:40:49.916+0000] {dagbag.py:588} INFO - Filling up the DagBag from /opt/airflow/dags/dynamic_user_processing.py
[2026-01-17T08:40:50.771+0000] {processor.py:925} INFO - DAG(s) 'dynamic_user_processing' retrieved from /opt/airflow/dags/dynamic_user_processing.py
[2026-01-17T08:40:50.860+0000] {logging_mixin.py:190} INFO - [2026-01-17T08:40:50.858+0000] {dag.py:3239} INFO - Sync 1 DAGs
[2026-01-17T08:40:50.915+0000] {logging_mixin.py:190} INFO - [2026-01-17T08:40:50.914+0000] {dag.py:4180} INFO - Setting next_dagrun for dynamic_user_processing to 2026-01-17 00:00:00+00:00, run_after=2026-01-18 00:00:00+00:00
[2026-01-17T08:40:50.968+0000] {processor.py:208} INFO - Processing /opt/airflow/dags/dynamic_user_processing.py took 1.071 seconds
[2026-01-17T08:41:21.267+0000] {processor.py:186} INFO - Started process (PID=17133) to work on /opt/airflow/dags/dynamic_user_processing.py
[2026-01-17T08:41:21.268+0000] {processor.py:914} INFO - Processing file /opt/airflow/dags/dynamic_user_processing.py for tasks to queue
[2026-01-17T08:41:21.270+0000] {logging_mixin.py:190} INFO - [2026-01-17T08:41:21.269+0000] {dagbag.py:588} INFO - Filling up the DagBag from /opt/airflow/dags/dynamic_user_processing.py
[2026-01-17T08:41:21.945+0000] {processor.py:925} INFO - DAG(s) 'dynamic_user_processing' retrieved from /opt/airflow/dags/dynamic_user_processing.py
[2026-01-17T08:41:21.976+0000] {logging_mixin.py:190} INFO - [2026-01-17T08:41:21.976+0000] {dag.py:3239} INFO - Sync 1 DAGs
[2026-01-17T08:41:22.005+0000] {logging_mixin.py:190} INFO - [2026-01-17T08:41:22.004+0000] {dag.py:4180} INFO - Setting next_dagrun for dynamic_user_processing to 2026-01-17 00:00:00+00:00, run_after=2026-01-18 00:00:00+00:00
[2026-01-17T08:41:22.023+0000] {processor.py:208} INFO - Processing /opt/airflow/dags/dynamic_user_processing.py took 0.767 seconds
[2026-01-17T08:41:52.683+0000] {processor.py:186} INFO - Started process (PID=17157) to work on /opt/airflow/dags/dynamic_user_processing.py
[2026-01-17T08:41:52.685+0000] {processor.py:914} INFO - Processing file /opt/airflow/dags/dynamic_user_processing.py for tasks to queue
[2026-01-17T08:41:52.687+0000] {logging_mixin.py:190} INFO - [2026-01-17T08:41:52.686+0000] {dagbag.py:588} INFO - Filling up the DagBag from /opt/airflow/dags/dynamic_user_processing.py
[2026-01-17T08:41:53.417+0000] {processor.py:925} INFO - DAG(s) 'dynamic_user_processing' retrieved from /opt/airflow/dags/dynamic_user_processing.py
[2026-01-17T08:41:53.451+0000] {logging_mixin.py:190} INFO - [2026-01-17T08:41:53.449+0000] {dag.py:3239} INFO - Sync 1 DAGs
[2026-01-17T08:41:53.486+0000] {logging_mixin.py:190} INFO - [2026-01-17T08:41:53.485+0000] {dag.py:4180} INFO - Setting next_dagrun for dynamic_user_processing to 2026-01-17 00:00:00+00:00, run_after=2026-01-18 00:00:00+00:00
[2026-01-17T08:41:53.511+0000] {processor.py:208} INFO - Processing /opt/airflow/dags/dynamic_user_processing.py took 0.840 seconds
[2026-01-17T08:42:24.185+0000] {processor.py:186} INFO - Started process (PID=17181) to work on /opt/airflow/dags/dynamic_user_processing.py
[2026-01-17T08:42:24.187+0000] {processor.py:914} INFO - Processing file /opt/airflow/dags/dynamic_user_processing.py for tasks to queue
[2026-01-17T08:42:24.189+0000] {logging_mixin.py:190} INFO - [2026-01-17T08:42:24.189+0000] {dagbag.py:588} INFO - Filling up the DagBag from /opt/airflow/dags/dynamic_user_processing.py
[2026-01-17T08:42:24.864+0000] {processor.py:925} INFO - DAG(s) 'dynamic_user_processing' retrieved from /opt/airflow/dags/dynamic_user_processing.py
[2026-01-17T08:42:24.893+0000] {logging_mixin.py:190} INFO - [2026-01-17T08:42:24.892+0000] {dag.py:3239} INFO - Sync 1 DAGs
[2026-01-17T08:42:24.919+0000] {logging_mixin.py:190} INFO - [2026-01-17T08:42:24.919+0000] {dag.py:4180} INFO - Setting next_dagrun for dynamic_user_processing to 2026-01-17 00:00:00+00:00, run_after=2026-01-18 00:00:00+00:00
[2026-01-17T08:42:24.949+0000] {processor.py:208} INFO - Processing /opt/airflow/dags/dynamic_user_processing.py took 0.774 seconds
[2026-01-17T08:42:55.606+0000] {processor.py:186} INFO - Started process (PID=17205) to work on /opt/airflow/dags/dynamic_user_processing.py
[2026-01-17T08:42:55.608+0000] {processor.py:914} INFO - Processing file /opt/airflow/dags/dynamic_user_processing.py for tasks to queue
[2026-01-17T08:42:55.609+0000] {logging_mixin.py:190} INFO - [2026-01-17T08:42:55.609+0000] {dagbag.py:588} INFO - Filling up the DagBag from /opt/airflow/dags/dynamic_user_processing.py
[2026-01-17T08:42:56.501+0000] {processor.py:925} INFO - DAG(s) 'dynamic_user_processing' retrieved from /opt/airflow/dags/dynamic_user_processing.py
[2026-01-17T08:42:56.538+0000] {logging_mixin.py:190} INFO - [2026-01-17T08:42:56.537+0000] {dag.py:3239} INFO - Sync 1 DAGs
[2026-01-17T08:42:56.573+0000] {logging_mixin.py:190} INFO - [2026-01-17T08:42:56.573+0000] {dag.py:4180} INFO - Setting next_dagrun for dynamic_user_processing to 2026-01-17 00:00:00+00:00, run_after=2026-01-18 00:00:00+00:00
[2026-01-17T08:42:56.599+0000] {processor.py:208} INFO - Processing /opt/airflow/dags/dynamic_user_processing.py took 1.002 seconds
[2026-01-17T08:43:26.790+0000] {processor.py:186} INFO - Started process (PID=17234) to work on /opt/airflow/dags/dynamic_user_processing.py
[2026-01-17T08:43:26.793+0000] {processor.py:914} INFO - Processing file /opt/airflow/dags/dynamic_user_processing.py for tasks to queue
[2026-01-17T08:43:26.797+0000] {logging_mixin.py:190} INFO - [2026-01-17T08:43:26.795+0000] {dagbag.py:588} INFO - Filling up the DagBag from /opt/airflow/dags/dynamic_user_processing.py
[2026-01-17T08:43:28.184+0000] {processor.py:925} INFO - DAG(s) 'dynamic_user_processing' retrieved from /opt/airflow/dags/dynamic_user_processing.py
[2026-01-17T08:43:28.251+0000] {logging_mixin.py:190} INFO - [2026-01-17T08:43:28.249+0000] {dag.py:3239} INFO - Sync 1 DAGs
[2026-01-17T08:43:28.322+0000] {logging_mixin.py:190} INFO - [2026-01-17T08:43:28.322+0000] {dag.py:4180} INFO - Setting next_dagrun for dynamic_user_processing to 2026-01-17 00:00:00+00:00, run_after=2026-01-18 00:00:00+00:00
[2026-01-17T08:43:28.373+0000] {processor.py:208} INFO - Processing /opt/airflow/dags/dynamic_user_processing.py took 1.605 seconds
[2026-01-17T08:43:58.506+0000] {processor.py:186} INFO - Started process (PID=17258) to work on /opt/airflow/dags/dynamic_user_processing.py
[2026-01-17T08:43:58.508+0000] {processor.py:914} INFO - Processing file /opt/airflow/dags/dynamic_user_processing.py for tasks to queue
[2026-01-17T08:43:58.509+0000] {logging_mixin.py:190} INFO - [2026-01-17T08:43:58.509+0000] {dagbag.py:588} INFO - Filling up the DagBag from /opt/airflow/dags/dynamic_user_processing.py
[2026-01-17T08:43:59.251+0000] {processor.py:925} INFO - DAG(s) 'dynamic_user_processing' retrieved from /opt/airflow/dags/dynamic_user_processing.py
[2026-01-17T08:43:59.283+0000] {logging_mixin.py:190} INFO - [2026-01-17T08:43:59.279+0000] {dag.py:3239} INFO - Sync 1 DAGs
[2026-01-17T08:43:59.318+0000] {logging_mixin.py:190} INFO - [2026-01-17T08:43:59.318+0000] {dag.py:4180} INFO - Setting next_dagrun for dynamic_user_processing to 2026-01-17 00:00:00+00:00, run_after=2026-01-18 00:00:00+00:00
[2026-01-17T08:43:59.355+0000] {processor.py:208} INFO - Processing /opt/airflow/dags/dynamic_user_processing.py took 0.858 seconds
[2026-01-17T08:44:29.931+0000] {processor.py:186} INFO - Started process (PID=17282) to work on /opt/airflow/dags/dynamic_user_processing.py
[2026-01-17T08:44:29.932+0000] {processor.py:914} INFO - Processing file /opt/airflow/dags/dynamic_user_processing.py for tasks to queue
[2026-01-17T08:44:29.934+0000] {logging_mixin.py:190} INFO - [2026-01-17T08:44:29.933+0000] {dagbag.py:588} INFO - Filling up the DagBag from /opt/airflow/dags/dynamic_user_processing.py
[2026-01-17T08:44:30.593+0000] {processor.py:925} INFO - DAG(s) 'dynamic_user_processing' retrieved from /opt/airflow/dags/dynamic_user_processing.py
[2026-01-17T08:44:30.631+0000] {logging_mixin.py:190} INFO - [2026-01-17T08:44:30.630+0000] {dag.py:3239} INFO - Sync 1 DAGs
[2026-01-17T08:44:30.658+0000] {logging_mixin.py:190} INFO - [2026-01-17T08:44:30.658+0000] {dag.py:4180} INFO - Setting next_dagrun for dynamic_user_processing to 2026-01-17 00:00:00+00:00, run_after=2026-01-18 00:00:00+00:00
[2026-01-17T08:44:30.687+0000] {processor.py:208} INFO - Processing /opt/airflow/dags/dynamic_user_processing.py took 0.766 seconds
[2026-01-17T08:45:01.303+0000] {processor.py:186} INFO - Started process (PID=17306) to work on /opt/airflow/dags/dynamic_user_processing.py
[2026-01-17T08:45:01.304+0000] {processor.py:914} INFO - Processing file /opt/airflow/dags/dynamic_user_processing.py for tasks to queue
[2026-01-17T08:45:01.307+0000] {logging_mixin.py:190} INFO - [2026-01-17T08:45:01.306+0000] {dagbag.py:588} INFO - Filling up the DagBag from /opt/airflow/dags/dynamic_user_processing.py
[2026-01-17T08:45:02.071+0000] {processor.py:925} INFO - DAG(s) 'dynamic_user_processing' retrieved from /opt/airflow/dags/dynamic_user_processing.py
[2026-01-17T08:45:02.101+0000] {logging_mixin.py:190} INFO - [2026-01-17T08:45:02.101+0000] {dag.py:3239} INFO - Sync 1 DAGs
[2026-01-17T08:45:02.127+0000] {logging_mixin.py:190} INFO - [2026-01-17T08:45:02.127+0000] {dag.py:4180} INFO - Setting next_dagrun for dynamic_user_processing to 2026-01-17 00:00:00+00:00, run_after=2026-01-18 00:00:00+00:00
[2026-01-17T08:45:02.146+0000] {processor.py:208} INFO - Processing /opt/airflow/dags/dynamic_user_processing.py took 0.851 seconds
[2026-01-17T08:45:32.558+0000] {processor.py:186} INFO - Started process (PID=17330) to work on /opt/airflow/dags/dynamic_user_processing.py
[2026-01-17T08:45:32.560+0000] {processor.py:914} INFO - Processing file /opt/airflow/dags/dynamic_user_processing.py for tasks to queue
[2026-01-17T08:45:32.562+0000] {logging_mixin.py:190} INFO - [2026-01-17T08:45:32.561+0000] {dagbag.py:588} INFO - Filling up the DagBag from /opt/airflow/dags/dynamic_user_processing.py
[2026-01-17T08:45:33.220+0000] {processor.py:925} INFO - DAG(s) 'dynamic_user_processing' retrieved from /opt/airflow/dags/dynamic_user_processing.py
[2026-01-17T08:45:33.256+0000] {logging_mixin.py:190} INFO - [2026-01-17T08:45:33.255+0000] {dag.py:3239} INFO - Sync 1 DAGs
[2026-01-17T08:45:33.292+0000] {logging_mixin.py:190} INFO - [2026-01-17T08:45:33.291+0000] {dag.py:4180} INFO - Setting next_dagrun for dynamic_user_processing to 2026-01-17 00:00:00+00:00, run_after=2026-01-18 00:00:00+00:00
[2026-01-17T08:45:33.319+0000] {processor.py:208} INFO - Processing /opt/airflow/dags/dynamic_user_processing.py took 0.769 seconds
[2026-01-17T08:46:03.636+0000] {processor.py:186} INFO - Started process (PID=17354) to work on /opt/airflow/dags/dynamic_user_processing.py
[2026-01-17T08:46:03.637+0000] {processor.py:914} INFO - Processing file /opt/airflow/dags/dynamic_user_processing.py for tasks to queue
[2026-01-17T08:46:03.640+0000] {logging_mixin.py:190} INFO - [2026-01-17T08:46:03.639+0000] {dagbag.py:588} INFO - Filling up the DagBag from /opt/airflow/dags/dynamic_user_processing.py
[2026-01-17T08:46:04.359+0000] {processor.py:925} INFO - DAG(s) 'dynamic_user_processing' retrieved from /opt/airflow/dags/dynamic_user_processing.py
[2026-01-17T08:46:04.389+0000] {logging_mixin.py:190} INFO - [2026-01-17T08:46:04.389+0000] {dag.py:3239} INFO - Sync 1 DAGs
[2026-01-17T08:46:04.421+0000] {logging_mixin.py:190} INFO - [2026-01-17T08:46:04.421+0000] {dag.py:4180} INFO - Setting next_dagrun for dynamic_user_processing to 2026-01-17 00:00:00+00:00, run_after=2026-01-18 00:00:00+00:00
[2026-01-17T08:46:04.444+0000] {processor.py:208} INFO - Processing /opt/airflow/dags/dynamic_user_processing.py took 0.818 seconds
[2026-01-17T08:46:34.964+0000] {processor.py:186} INFO - Started process (PID=17378) to work on /opt/airflow/dags/dynamic_user_processing.py
[2026-01-17T08:46:34.966+0000] {processor.py:914} INFO - Processing file /opt/airflow/dags/dynamic_user_processing.py for tasks to queue
[2026-01-17T08:46:34.968+0000] {logging_mixin.py:190} INFO - [2026-01-17T08:46:34.968+0000] {dagbag.py:588} INFO - Filling up the DagBag from /opt/airflow/dags/dynamic_user_processing.py
[2026-01-17T08:46:35.635+0000] {processor.py:925} INFO - DAG(s) 'dynamic_user_processing' retrieved from /opt/airflow/dags/dynamic_user_processing.py
[2026-01-17T08:46:35.663+0000] {logging_mixin.py:190} INFO - [2026-01-17T08:46:35.662+0000] {dag.py:3239} INFO - Sync 1 DAGs
[2026-01-17T08:46:35.687+0000] {logging_mixin.py:190} INFO - [2026-01-17T08:46:35.687+0000] {dag.py:4180} INFO - Setting next_dagrun for dynamic_user_processing to 2026-01-17 00:00:00+00:00, run_after=2026-01-18 00:00:00+00:00
[2026-01-17T08:46:35.716+0000] {processor.py:208} INFO - Processing /opt/airflow/dags/dynamic_user_processing.py took 0.762 seconds
[2026-01-17T08:47:05.998+0000] {processor.py:186} INFO - Started process (PID=17401) to work on /opt/airflow/dags/dynamic_user_processing.py
[2026-01-17T08:47:05.999+0000] {processor.py:914} INFO - Processing file /opt/airflow/dags/dynamic_user_processing.py for tasks to queue
[2026-01-17T08:47:06.000+0000] {logging_mixin.py:190} INFO - [2026-01-17T08:47:06.000+0000] {dagbag.py:588} INFO - Filling up the DagBag from /opt/airflow/dags/dynamic_user_processing.py
[2026-01-17T08:47:06.687+0000] {processor.py:925} INFO - DAG(s) 'dynamic_user_processing' retrieved from /opt/airflow/dags/dynamic_user_processing.py
[2026-01-17T08:47:06.712+0000] {logging_mixin.py:190} INFO - [2026-01-17T08:47:06.711+0000] {dag.py:3239} INFO - Sync 1 DAGs
[2026-01-17T08:47:06.741+0000] {logging_mixin.py:190} INFO - [2026-01-17T08:47:06.740+0000] {dag.py:4180} INFO - Setting next_dagrun for dynamic_user_processing to 2026-01-17 00:00:00+00:00, run_after=2026-01-18 00:00:00+00:00
[2026-01-17T08:47:06.769+0000] {processor.py:208} INFO - Processing /opt/airflow/dags/dynamic_user_processing.py took 0.781 seconds
[2026-01-17T08:47:37.031+0000] {processor.py:186} INFO - Started process (PID=17425) to work on /opt/airflow/dags/dynamic_user_processing.py
[2026-01-17T08:47:37.032+0000] {processor.py:914} INFO - Processing file /opt/airflow/dags/dynamic_user_processing.py for tasks to queue
[2026-01-17T08:47:37.035+0000] {logging_mixin.py:190} INFO - [2026-01-17T08:47:37.034+0000] {dagbag.py:588} INFO - Filling up the DagBag from /opt/airflow/dags/dynamic_user_processing.py
[2026-01-17T08:47:37.858+0000] {processor.py:925} INFO - DAG(s) 'dynamic_user_processing' retrieved from /opt/airflow/dags/dynamic_user_processing.py
[2026-01-17T08:47:37.895+0000] {logging_mixin.py:190} INFO - [2026-01-17T08:47:37.894+0000] {dag.py:3239} INFO - Sync 1 DAGs
[2026-01-17T08:47:37.938+0000] {logging_mixin.py:190} INFO - [2026-01-17T08:47:37.937+0000] {dag.py:4180} INFO - Setting next_dagrun for dynamic_user_processing to 2026-01-17 00:00:00+00:00, run_after=2026-01-18 00:00:00+00:00
[2026-01-17T08:47:37.988+0000] {processor.py:208} INFO - Processing /opt/airflow/dags/dynamic_user_processing.py took 0.965 seconds
[2026-01-17T08:48:08.127+0000] {processor.py:186} INFO - Started process (PID=17450) to work on /opt/airflow/dags/dynamic_user_processing.py
[2026-01-17T08:48:08.129+0000] {processor.py:914} INFO - Processing file /opt/airflow/dags/dynamic_user_processing.py for tasks to queue
[2026-01-17T08:48:08.132+0000] {logging_mixin.py:190} INFO - [2026-01-17T08:48:08.131+0000] {dagbag.py:588} INFO - Filling up the DagBag from /opt/airflow/dags/dynamic_user_processing.py
[2026-01-17T08:48:09.161+0000] {processor.py:925} INFO - DAG(s) 'dynamic_user_processing' retrieved from /opt/airflow/dags/dynamic_user_processing.py
[2026-01-17T08:48:09.224+0000] {logging_mixin.py:190} INFO - [2026-01-17T08:48:09.223+0000] {dag.py:3239} INFO - Sync 1 DAGs
[2026-01-17T08:48:09.285+0000] {logging_mixin.py:190} INFO - [2026-01-17T08:48:09.283+0000] {dag.py:4180} INFO - Setting next_dagrun for dynamic_user_processing to 2026-01-17 00:00:00+00:00, run_after=2026-01-18 00:00:00+00:00
[2026-01-17T08:48:09.330+0000] {processor.py:208} INFO - Processing /opt/airflow/dags/dynamic_user_processing.py took 1.216 seconds
[2026-01-17T08:48:39.490+0000] {processor.py:186} INFO - Started process (PID=17474) to work on /opt/airflow/dags/dynamic_user_processing.py
[2026-01-17T08:48:39.492+0000] {processor.py:914} INFO - Processing file /opt/airflow/dags/dynamic_user_processing.py for tasks to queue
[2026-01-17T08:48:39.494+0000] {logging_mixin.py:190} INFO - [2026-01-17T08:48:39.494+0000] {dagbag.py:588} INFO - Filling up the DagBag from /opt/airflow/dags/dynamic_user_processing.py
[2026-01-17T08:48:40.594+0000] {processor.py:925} INFO - DAG(s) 'dynamic_user_processing' retrieved from /opt/airflow/dags/dynamic_user_processing.py
[2026-01-17T08:48:40.642+0000] {logging_mixin.py:190} INFO - [2026-01-17T08:48:40.641+0000] {dag.py:3239} INFO - Sync 1 DAGs
[2026-01-17T08:48:40.695+0000] {logging_mixin.py:190} INFO - [2026-01-17T08:48:40.695+0000] {dag.py:4180} INFO - Setting next_dagrun for dynamic_user_processing to 2026-01-17 00:00:00+00:00, run_after=2026-01-18 00:00:00+00:00
[2026-01-17T08:48:40.734+0000] {processor.py:208} INFO - Processing /opt/airflow/dags/dynamic_user_processing.py took 1.257 seconds
[2026-01-17T08:49:10.929+0000] {processor.py:186} INFO - Started process (PID=17498) to work on /opt/airflow/dags/dynamic_user_processing.py
[2026-01-17T08:49:10.939+0000] {processor.py:914} INFO - Processing file /opt/airflow/dags/dynamic_user_processing.py for tasks to queue
[2026-01-17T08:49:10.942+0000] {logging_mixin.py:190} INFO - [2026-01-17T08:49:10.941+0000] {dagbag.py:588} INFO - Filling up the DagBag from /opt/airflow/dags/dynamic_user_processing.py
[2026-01-17T08:49:11.883+0000] {processor.py:925} INFO - DAG(s) 'dynamic_user_processing' retrieved from /opt/airflow/dags/dynamic_user_processing.py
[2026-01-17T08:49:11.928+0000] {logging_mixin.py:190} INFO - [2026-01-17T08:49:11.927+0000] {dag.py:3239} INFO - Sync 1 DAGs
[2026-01-17T08:49:11.981+0000] {logging_mixin.py:190} INFO - [2026-01-17T08:49:11.981+0000] {dag.py:4180} INFO - Setting next_dagrun for dynamic_user_processing to 2026-01-17 00:00:00+00:00, run_after=2026-01-18 00:00:00+00:00
[2026-01-17T08:49:12.008+0000] {processor.py:208} INFO - Processing /opt/airflow/dags/dynamic_user_processing.py took 1.090 seconds
[2026-01-17T08:49:42.401+0000] {processor.py:186} INFO - Started process (PID=17522) to work on /opt/airflow/dags/dynamic_user_processing.py
[2026-01-17T08:49:42.403+0000] {processor.py:914} INFO - Processing file /opt/airflow/dags/dynamic_user_processing.py for tasks to queue
[2026-01-17T08:49:42.406+0000] {logging_mixin.py:190} INFO - [2026-01-17T08:49:42.405+0000] {dagbag.py:588} INFO - Filling up the DagBag from /opt/airflow/dags/dynamic_user_processing.py
[2026-01-17T08:49:43.259+0000] {processor.py:925} INFO - DAG(s) 'dynamic_user_processing' retrieved from /opt/airflow/dags/dynamic_user_processing.py
[2026-01-17T08:49:43.299+0000] {logging_mixin.py:190} INFO - [2026-01-17T08:49:43.297+0000] {dag.py:3239} INFO - Sync 1 DAGs
[2026-01-17T08:49:43.341+0000] {logging_mixin.py:190} INFO - [2026-01-17T08:49:43.340+0000] {dag.py:4180} INFO - Setting next_dagrun for dynamic_user_processing to 2026-01-17 00:00:00+00:00, run_after=2026-01-18 00:00:00+00:00
[2026-01-17T08:49:43.365+0000] {processor.py:208} INFO - Processing /opt/airflow/dags/dynamic_user_processing.py took 0.980 seconds
[2026-01-17T08:50:13.924+0000] {processor.py:186} INFO - Started process (PID=17547) to work on /opt/airflow/dags/dynamic_user_processing.py
[2026-01-17T08:50:13.926+0000] {processor.py:914} INFO - Processing file /opt/airflow/dags/dynamic_user_processing.py for tasks to queue
[2026-01-17T08:50:13.929+0000] {logging_mixin.py:190} INFO - [2026-01-17T08:50:13.928+0000] {dagbag.py:588} INFO - Filling up the DagBag from /opt/airflow/dags/dynamic_user_processing.py
[2026-01-17T08:50:14.737+0000] {processor.py:925} INFO - DAG(s) 'dynamic_user_processing' retrieved from /opt/airflow/dags/dynamic_user_processing.py
[2026-01-17T08:50:14.776+0000] {logging_mixin.py:190} INFO - [2026-01-17T08:50:14.775+0000] {dag.py:3239} INFO - Sync 1 DAGs
[2026-01-17T08:50:14.833+0000] {logging_mixin.py:190} INFO - [2026-01-17T08:50:14.833+0000] {dag.py:4180} INFO - Setting next_dagrun for dynamic_user_processing to 2026-01-17 00:00:00+00:00, run_after=2026-01-18 00:00:00+00:00
[2026-01-17T08:50:14.862+0000] {processor.py:208} INFO - Processing /opt/airflow/dags/dynamic_user_processing.py took 0.954 seconds
[2026-01-17T08:50:44.977+0000] {processor.py:186} INFO - Started process (PID=17571) to work on /opt/airflow/dags/dynamic_user_processing.py
[2026-01-17T08:50:44.979+0000] {processor.py:914} INFO - Processing file /opt/airflow/dags/dynamic_user_processing.py for tasks to queue
[2026-01-17T08:50:44.982+0000] {logging_mixin.py:190} INFO - [2026-01-17T08:50:44.981+0000] {dagbag.py:588} INFO - Filling up the DagBag from /opt/airflow/dags/dynamic_user_processing.py
[2026-01-17T08:50:45.811+0000] {processor.py:925} INFO - DAG(s) 'dynamic_user_processing' retrieved from /opt/airflow/dags/dynamic_user_processing.py
[2026-01-17T08:50:45.849+0000] {logging_mixin.py:190} INFO - [2026-01-17T08:50:45.848+0000] {dag.py:3239} INFO - Sync 1 DAGs
[2026-01-17T08:50:45.885+0000] {logging_mixin.py:190} INFO - [2026-01-17T08:50:45.885+0000] {dag.py:4180} INFO - Setting next_dagrun for dynamic_user_processing to 2026-01-17 00:00:00+00:00, run_after=2026-01-18 00:00:00+00:00
[2026-01-17T08:50:45.926+0000] {processor.py:208} INFO - Processing /opt/airflow/dags/dynamic_user_processing.py took 0.962 seconds
[2026-01-17T08:51:16.346+0000] {processor.py:186} INFO - Started process (PID=17596) to work on /opt/airflow/dags/dynamic_user_processing.py
[2026-01-17T08:51:16.348+0000] {processor.py:914} INFO - Processing file /opt/airflow/dags/dynamic_user_processing.py for tasks to queue
[2026-01-17T08:51:16.351+0000] {logging_mixin.py:190} INFO - [2026-01-17T08:51:16.350+0000] {dagbag.py:588} INFO - Filling up the DagBag from /opt/airflow/dags/dynamic_user_processing.py
[2026-01-17T08:51:17.247+0000] {processor.py:925} INFO - DAG(s) 'dynamic_user_processing' retrieved from /opt/airflow/dags/dynamic_user_processing.py
[2026-01-17T08:51:17.289+0000] {logging_mixin.py:190} INFO - [2026-01-17T08:51:17.288+0000] {dag.py:3239} INFO - Sync 1 DAGs
[2026-01-17T08:51:17.337+0000] {logging_mixin.py:190} INFO - [2026-01-17T08:51:17.336+0000] {dag.py:4180} INFO - Setting next_dagrun for dynamic_user_processing to 2026-01-17 00:00:00+00:00, run_after=2026-01-18 00:00:00+00:00
[2026-01-17T08:51:17.391+0000] {processor.py:208} INFO - Processing /opt/airflow/dags/dynamic_user_processing.py took 1.061 seconds
[2026-01-17T08:51:47.523+0000] {processor.py:186} INFO - Started process (PID=17620) to work on /opt/airflow/dags/dynamic_user_processing.py
[2026-01-17T08:51:47.526+0000] {processor.py:914} INFO - Processing file /opt/airflow/dags/dynamic_user_processing.py for tasks to queue
[2026-01-17T08:51:47.529+0000] {logging_mixin.py:190} INFO - [2026-01-17T08:51:47.528+0000] {dagbag.py:588} INFO - Filling up the DagBag from /opt/airflow/dags/dynamic_user_processing.py
[2026-01-17T08:51:48.319+0000] {processor.py:925} INFO - DAG(s) 'dynamic_user_processing' retrieved from /opt/airflow/dags/dynamic_user_processing.py
[2026-01-17T08:51:48.358+0000] {logging_mixin.py:190} INFO - [2026-01-17T08:51:48.357+0000] {dag.py:3239} INFO - Sync 1 DAGs
[2026-01-17T08:51:48.401+0000] {logging_mixin.py:190} INFO - [2026-01-17T08:51:48.401+0000] {dag.py:4180} INFO - Setting next_dagrun for dynamic_user_processing to 2026-01-17 00:00:00+00:00, run_after=2026-01-18 00:00:00+00:00
[2026-01-17T08:51:48.427+0000] {processor.py:208} INFO - Processing /opt/airflow/dags/dynamic_user_processing.py took 0.920 seconds
[2026-01-17T08:52:19.130+0000] {processor.py:186} INFO - Started process (PID=17645) to work on /opt/airflow/dags/dynamic_user_processing.py
[2026-01-17T08:52:19.132+0000] {processor.py:914} INFO - Processing file /opt/airflow/dags/dynamic_user_processing.py for tasks to queue
[2026-01-17T08:52:19.135+0000] {logging_mixin.py:190} INFO - [2026-01-17T08:52:19.134+0000] {dagbag.py:588} INFO - Filling up the DagBag from /opt/airflow/dags/dynamic_user_processing.py
[2026-01-17T08:52:19.909+0000] {processor.py:925} INFO - DAG(s) 'dynamic_user_processing' retrieved from /opt/airflow/dags/dynamic_user_processing.py
[2026-01-17T08:52:19.945+0000] {logging_mixin.py:190} INFO - [2026-01-17T08:52:19.944+0000] {dag.py:3239} INFO - Sync 1 DAGs
[2026-01-17T08:52:19.985+0000] {logging_mixin.py:190} INFO - [2026-01-17T08:52:19.985+0000] {dag.py:4180} INFO - Setting next_dagrun for dynamic_user_processing to 2026-01-17 00:00:00+00:00, run_after=2026-01-18 00:00:00+00:00
[2026-01-17T08:52:20.027+0000] {processor.py:208} INFO - Processing /opt/airflow/dags/dynamic_user_processing.py took 0.912 seconds
[2026-01-17T08:52:50.440+0000] {processor.py:186} INFO - Started process (PID=17668) to work on /opt/airflow/dags/dynamic_user_processing.py
[2026-01-17T08:52:50.443+0000] {processor.py:914} INFO - Processing file /opt/airflow/dags/dynamic_user_processing.py for tasks to queue
[2026-01-17T08:52:50.448+0000] {logging_mixin.py:190} INFO - [2026-01-17T08:52:50.447+0000] {dagbag.py:588} INFO - Filling up the DagBag from /opt/airflow/dags/dynamic_user_processing.py
[2026-01-17T08:52:51.297+0000] {processor.py:925} INFO - DAG(s) 'dynamic_user_processing' retrieved from /opt/airflow/dags/dynamic_user_processing.py
[2026-01-17T08:52:51.336+0000] {logging_mixin.py:190} INFO - [2026-01-17T08:52:51.335+0000] {dag.py:3239} INFO - Sync 1 DAGs
[2026-01-17T08:52:51.378+0000] {logging_mixin.py:190} INFO - [2026-01-17T08:52:51.378+0000] {dag.py:4180} INFO - Setting next_dagrun for dynamic_user_processing to 2026-01-17 00:00:00+00:00, run_after=2026-01-18 00:00:00+00:00
[2026-01-17T08:52:51.410+0000] {processor.py:208} INFO - Processing /opt/airflow/dags/dynamic_user_processing.py took 0.997 seconds
[2026-01-17T08:53:21.534+0000] {processor.py:186} INFO - Started process (PID=17692) to work on /opt/airflow/dags/dynamic_user_processing.py
[2026-01-17T08:53:21.536+0000] {processor.py:914} INFO - Processing file /opt/airflow/dags/dynamic_user_processing.py for tasks to queue
[2026-01-17T08:53:21.539+0000] {logging_mixin.py:190} INFO - [2026-01-17T08:53:21.538+0000] {dagbag.py:588} INFO - Filling up the DagBag from /opt/airflow/dags/dynamic_user_processing.py
[2026-01-17T08:53:22.388+0000] {processor.py:925} INFO - DAG(s) 'dynamic_user_processing' retrieved from /opt/airflow/dags/dynamic_user_processing.py
[2026-01-17T08:53:22.441+0000] {logging_mixin.py:190} INFO - [2026-01-17T08:53:22.440+0000] {dag.py:3239} INFO - Sync 1 DAGs
[2026-01-17T08:53:22.484+0000] {logging_mixin.py:190} INFO - [2026-01-17T08:53:22.484+0000] {dag.py:4180} INFO - Setting next_dagrun for dynamic_user_processing to 2026-01-17 00:00:00+00:00, run_after=2026-01-18 00:00:00+00:00
[2026-01-17T08:53:22.517+0000] {processor.py:208} INFO - Processing /opt/airflow/dags/dynamic_user_processing.py took 0.996 seconds
[2026-01-17T08:53:52.899+0000] {processor.py:186} INFO - Started process (PID=17717) to work on /opt/airflow/dags/dynamic_user_processing.py
[2026-01-17T08:53:52.901+0000] {processor.py:914} INFO - Processing file /opt/airflow/dags/dynamic_user_processing.py for tasks to queue
[2026-01-17T08:53:52.903+0000] {logging_mixin.py:190} INFO - [2026-01-17T08:53:52.902+0000] {dagbag.py:588} INFO - Filling up the DagBag from /opt/airflow/dags/dynamic_user_processing.py
[2026-01-17T08:53:53.765+0000] {processor.py:925} INFO - DAG(s) 'dynamic_user_processing' retrieved from /opt/airflow/dags/dynamic_user_processing.py
[2026-01-17T08:53:53.811+0000] {logging_mixin.py:190} INFO - [2026-01-17T08:53:53.810+0000] {dag.py:3239} INFO - Sync 1 DAGs
[2026-01-17T08:53:53.847+0000] {logging_mixin.py:190} INFO - [2026-01-17T08:53:53.846+0000] {dag.py:4180} INFO - Setting next_dagrun for dynamic_user_processing to 2026-01-17 00:00:00+00:00, run_after=2026-01-18 00:00:00+00:00
[2026-01-17T08:53:53.873+0000] {processor.py:208} INFO - Processing /opt/airflow/dags/dynamic_user_processing.py took 0.989 seconds
[2026-01-17T08:54:24.091+0000] {processor.py:186} INFO - Started process (PID=17740) to work on /opt/airflow/dags/dynamic_user_processing.py
[2026-01-17T08:54:24.095+0000] {processor.py:914} INFO - Processing file /opt/airflow/dags/dynamic_user_processing.py for tasks to queue
[2026-01-17T08:54:24.100+0000] {logging_mixin.py:190} INFO - [2026-01-17T08:54:24.099+0000] {dagbag.py:588} INFO - Filling up the DagBag from /opt/airflow/dags/dynamic_user_processing.py
[2026-01-17T08:54:24.900+0000] {processor.py:925} INFO - DAG(s) 'dynamic_user_processing' retrieved from /opt/airflow/dags/dynamic_user_processing.py
[2026-01-17T08:54:24.947+0000] {logging_mixin.py:190} INFO - [2026-01-17T08:54:24.946+0000] {dag.py:3239} INFO - Sync 1 DAGs
[2026-01-17T08:54:24.984+0000] {logging_mixin.py:190} INFO - [2026-01-17T08:54:24.983+0000] {dag.py:4180} INFO - Setting next_dagrun for dynamic_user_processing to 2026-01-17 00:00:00+00:00, run_after=2026-01-18 00:00:00+00:00
[2026-01-17T08:54:25.011+0000] {processor.py:208} INFO - Processing /opt/airflow/dags/dynamic_user_processing.py took 0.951 seconds
[2026-01-17T08:54:55.199+0000] {processor.py:186} INFO - Started process (PID=17764) to work on /opt/airflow/dags/dynamic_user_processing.py
[2026-01-17T08:54:55.201+0000] {processor.py:914} INFO - Processing file /opt/airflow/dags/dynamic_user_processing.py for tasks to queue
[2026-01-17T08:54:55.204+0000] {logging_mixin.py:190} INFO - [2026-01-17T08:54:55.203+0000] {dagbag.py:588} INFO - Filling up the DagBag from /opt/airflow/dags/dynamic_user_processing.py
[2026-01-17T08:54:56.035+0000] {processor.py:925} INFO - DAG(s) 'dynamic_user_processing' retrieved from /opt/airflow/dags/dynamic_user_processing.py
[2026-01-17T08:54:56.073+0000] {logging_mixin.py:190} INFO - [2026-01-17T08:54:56.072+0000] {dag.py:3239} INFO - Sync 1 DAGs
[2026-01-17T08:54:56.109+0000] {logging_mixin.py:190} INFO - [2026-01-17T08:54:56.109+0000] {dag.py:4180} INFO - Setting next_dagrun for dynamic_user_processing to 2026-01-17 00:00:00+00:00, run_after=2026-01-18 00:00:00+00:00
[2026-01-17T08:54:56.153+0000] {processor.py:208} INFO - Processing /opt/airflow/dags/dynamic_user_processing.py took 0.971 seconds
[2026-01-17T08:55:26.448+0000] {processor.py:186} INFO - Started process (PID=17788) to work on /opt/airflow/dags/dynamic_user_processing.py
[2026-01-17T08:55:26.449+0000] {processor.py:914} INFO - Processing file /opt/airflow/dags/dynamic_user_processing.py for tasks to queue
[2026-01-17T08:55:26.451+0000] {logging_mixin.py:190} INFO - [2026-01-17T08:55:26.451+0000] {dagbag.py:588} INFO - Filling up the DagBag from /opt/airflow/dags/dynamic_user_processing.py
[2026-01-17T08:55:27.279+0000] {processor.py:925} INFO - DAG(s) 'dynamic_user_processing' retrieved from /opt/airflow/dags/dynamic_user_processing.py
[2026-01-17T08:55:27.317+0000] {logging_mixin.py:190} INFO - [2026-01-17T08:55:27.316+0000] {dag.py:3239} INFO - Sync 1 DAGs
[2026-01-17T08:55:27.356+0000] {logging_mixin.py:190} INFO - [2026-01-17T08:55:27.355+0000] {dag.py:4180} INFO - Setting next_dagrun for dynamic_user_processing to 2026-01-17 00:00:00+00:00, run_after=2026-01-18 00:00:00+00:00
[2026-01-17T08:55:27.391+0000] {processor.py:208} INFO - Processing /opt/airflow/dags/dynamic_user_processing.py took 0.953 seconds
[2026-01-17T08:55:57.723+0000] {processor.py:186} INFO - Started process (PID=17812) to work on /opt/airflow/dags/dynamic_user_processing.py
[2026-01-17T08:55:57.726+0000] {processor.py:914} INFO - Processing file /opt/airflow/dags/dynamic_user_processing.py for tasks to queue
[2026-01-17T08:55:57.729+0000] {logging_mixin.py:190} INFO - [2026-01-17T08:55:57.728+0000] {dagbag.py:588} INFO - Filling up the DagBag from /opt/airflow/dags/dynamic_user_processing.py
[2026-01-17T08:55:58.510+0000] {processor.py:925} INFO - DAG(s) 'dynamic_user_processing' retrieved from /opt/airflow/dags/dynamic_user_processing.py
[2026-01-17T08:55:58.551+0000] {logging_mixin.py:190} INFO - [2026-01-17T08:55:58.550+0000] {dag.py:3239} INFO - Sync 1 DAGs
[2026-01-17T08:55:58.589+0000] {logging_mixin.py:190} INFO - [2026-01-17T08:55:58.589+0000] {dag.py:4180} INFO - Setting next_dagrun for dynamic_user_processing to 2026-01-17 00:00:00+00:00, run_after=2026-01-18 00:00:00+00:00
[2026-01-17T08:55:58.618+0000] {processor.py:208} INFO - Processing /opt/airflow/dags/dynamic_user_processing.py took 0.913 seconds
[2026-01-17T08:56:29.211+0000] {processor.py:186} INFO - Started process (PID=17842) to work on /opt/airflow/dags/dynamic_user_processing.py
[2026-01-17T08:56:29.212+0000] {processor.py:914} INFO - Processing file /opt/airflow/dags/dynamic_user_processing.py for tasks to queue
[2026-01-17T08:56:29.215+0000] {logging_mixin.py:190} INFO - [2026-01-17T08:56:29.214+0000] {dagbag.py:588} INFO - Filling up the DagBag from /opt/airflow/dags/dynamic_user_processing.py
[2026-01-17T08:56:30.062+0000] {processor.py:925} INFO - DAG(s) 'dynamic_user_processing' retrieved from /opt/airflow/dags/dynamic_user_processing.py
[2026-01-17T08:56:30.108+0000] {logging_mixin.py:190} INFO - [2026-01-17T08:56:30.106+0000] {dag.py:3239} INFO - Sync 1 DAGs
[2026-01-17T08:56:30.149+0000] {logging_mixin.py:190} INFO - [2026-01-17T08:56:30.149+0000] {dag.py:4180} INFO - Setting next_dagrun for dynamic_user_processing to 2026-01-17 00:00:00+00:00, run_after=2026-01-18 00:00:00+00:00
[2026-01-17T08:56:30.172+0000] {processor.py:208} INFO - Processing /opt/airflow/dags/dynamic_user_processing.py took 0.973 seconds
[2026-01-17T08:57:00.902+0000] {processor.py:186} INFO - Started process (PID=17866) to work on /opt/airflow/dags/dynamic_user_processing.py
[2026-01-17T08:57:00.903+0000] {processor.py:914} INFO - Processing file /opt/airflow/dags/dynamic_user_processing.py for tasks to queue
[2026-01-17T08:57:00.906+0000] {logging_mixin.py:190} INFO - [2026-01-17T08:57:00.905+0000] {dagbag.py:588} INFO - Filling up the DagBag from /opt/airflow/dags/dynamic_user_processing.py
[2026-01-17T08:57:01.748+0000] {processor.py:925} INFO - DAG(s) 'dynamic_user_processing' retrieved from /opt/airflow/dags/dynamic_user_processing.py
[2026-01-17T08:57:01.785+0000] {logging_mixin.py:190} INFO - [2026-01-17T08:57:01.784+0000] {dag.py:3239} INFO - Sync 1 DAGs
[2026-01-17T08:57:01.826+0000] {logging_mixin.py:190} INFO - [2026-01-17T08:57:01.826+0000] {dag.py:4180} INFO - Setting next_dagrun for dynamic_user_processing to 2026-01-17 00:00:00+00:00, run_after=2026-01-18 00:00:00+00:00
[2026-01-17T08:57:01.851+0000] {processor.py:208} INFO - Processing /opt/airflow/dags/dynamic_user_processing.py took 0.963 seconds
[2026-01-17T08:57:32.645+0000] {processor.py:186} INFO - Started process (PID=17890) to work on /opt/airflow/dags/dynamic_user_processing.py
[2026-01-17T08:57:32.648+0000] {processor.py:914} INFO - Processing file /opt/airflow/dags/dynamic_user_processing.py for tasks to queue
[2026-01-17T08:57:32.652+0000] {logging_mixin.py:190} INFO - [2026-01-17T08:57:32.651+0000] {dagbag.py:588} INFO - Filling up the DagBag from /opt/airflow/dags/dynamic_user_processing.py
[2026-01-17T08:57:33.424+0000] {processor.py:925} INFO - DAG(s) 'dynamic_user_processing' retrieved from /opt/airflow/dags/dynamic_user_processing.py
[2026-01-17T08:57:33.465+0000] {logging_mixin.py:190} INFO - [2026-01-17T08:57:33.464+0000] {dag.py:3239} INFO - Sync 1 DAGs
[2026-01-17T08:57:33.517+0000] {logging_mixin.py:190} INFO - [2026-01-17T08:57:33.516+0000] {dag.py:4180} INFO - Setting next_dagrun for dynamic_user_processing to 2026-01-17 00:00:00+00:00, run_after=2026-01-18 00:00:00+00:00
[2026-01-17T08:57:33.546+0000] {processor.py:208} INFO - Processing /opt/airflow/dags/dynamic_user_processing.py took 0.923 seconds
[2026-01-17T08:58:03.726+0000] {processor.py:186} INFO - Started process (PID=17914) to work on /opt/airflow/dags/dynamic_user_processing.py
[2026-01-17T08:58:03.728+0000] {processor.py:914} INFO - Processing file /opt/airflow/dags/dynamic_user_processing.py for tasks to queue
[2026-01-17T08:58:03.731+0000] {logging_mixin.py:190} INFO - [2026-01-17T08:58:03.730+0000] {dagbag.py:588} INFO - Filling up the DagBag from /opt/airflow/dags/dynamic_user_processing.py
[2026-01-17T08:58:04.660+0000] {processor.py:925} INFO - DAG(s) 'dynamic_user_processing' retrieved from /opt/airflow/dags/dynamic_user_processing.py
[2026-01-17T08:58:04.698+0000] {logging_mixin.py:190} INFO - [2026-01-17T08:58:04.697+0000] {dag.py:3239} INFO - Sync 1 DAGs
[2026-01-17T08:58:04.734+0000] {logging_mixin.py:190} INFO - [2026-01-17T08:58:04.734+0000] {dag.py:4180} INFO - Setting next_dagrun for dynamic_user_processing to 2026-01-17 00:00:00+00:00, run_after=2026-01-18 00:00:00+00:00
[2026-01-17T08:58:04.768+0000] {processor.py:208} INFO - Processing /opt/airflow/dags/dynamic_user_processing.py took 1.056 seconds
[2026-01-17T08:58:35.666+0000] {processor.py:186} INFO - Started process (PID=17939) to work on /opt/airflow/dags/dynamic_user_processing.py
[2026-01-17T08:58:35.668+0000] {processor.py:914} INFO - Processing file /opt/airflow/dags/dynamic_user_processing.py for tasks to queue
[2026-01-17T08:58:35.670+0000] {logging_mixin.py:190} INFO - [2026-01-17T08:58:35.670+0000] {dagbag.py:588} INFO - Filling up the DagBag from /opt/airflow/dags/dynamic_user_processing.py
[2026-01-17T08:58:36.527+0000] {processor.py:925} INFO - DAG(s) 'dynamic_user_processing' retrieved from /opt/airflow/dags/dynamic_user_processing.py
[2026-01-17T08:58:36.568+0000] {logging_mixin.py:190} INFO - [2026-01-17T08:58:36.567+0000] {dag.py:3239} INFO - Sync 1 DAGs
[2026-01-17T08:58:36.610+0000] {logging_mixin.py:190} INFO - [2026-01-17T08:58:36.609+0000] {dag.py:4180} INFO - Setting next_dagrun for dynamic_user_processing to 2026-01-17 00:00:00+00:00, run_after=2026-01-18 00:00:00+00:00
[2026-01-17T08:58:36.637+0000] {processor.py:208} INFO - Processing /opt/airflow/dags/dynamic_user_processing.py took 0.987 seconds
[2026-01-17T08:59:06.848+0000] {processor.py:186} INFO - Started process (PID=17963) to work on /opt/airflow/dags/dynamic_user_processing.py
[2026-01-17T08:59:06.850+0000] {processor.py:914} INFO - Processing file /opt/airflow/dags/dynamic_user_processing.py for tasks to queue
[2026-01-17T08:59:06.852+0000] {logging_mixin.py:190} INFO - [2026-01-17T08:59:06.852+0000] {dagbag.py:588} INFO - Filling up the DagBag from /opt/airflow/dags/dynamic_user_processing.py
[2026-01-17T08:59:07.658+0000] {processor.py:925} INFO - DAG(s) 'dynamic_user_processing' retrieved from /opt/airflow/dags/dynamic_user_processing.py
[2026-01-17T08:59:07.695+0000] {logging_mixin.py:190} INFO - [2026-01-17T08:59:07.694+0000] {dag.py:3239} INFO - Sync 1 DAGs
[2026-01-17T08:59:07.732+0000] {logging_mixin.py:190} INFO - [2026-01-17T08:59:07.732+0000] {dag.py:4180} INFO - Setting next_dagrun for dynamic_user_processing to 2026-01-17 00:00:00+00:00, run_after=2026-01-18 00:00:00+00:00
[2026-01-17T08:59:07.759+0000] {processor.py:208} INFO - Processing /opt/airflow/dags/dynamic_user_processing.py took 0.923 seconds
[2026-01-17T08:59:38.719+0000] {processor.py:186} INFO - Started process (PID=17987) to work on /opt/airflow/dags/dynamic_user_processing.py
[2026-01-17T08:59:38.722+0000] {processor.py:914} INFO - Processing file /opt/airflow/dags/dynamic_user_processing.py for tasks to queue
[2026-01-17T08:59:38.725+0000] {logging_mixin.py:190} INFO - [2026-01-17T08:59:38.724+0000] {dagbag.py:588} INFO - Filling up the DagBag from /opt/airflow/dags/dynamic_user_processing.py
[2026-01-17T08:59:39.556+0000] {processor.py:925} INFO - DAG(s) 'dynamic_user_processing' retrieved from /opt/airflow/dags/dynamic_user_processing.py
[2026-01-17T08:59:39.596+0000] {logging_mixin.py:190} INFO - [2026-01-17T08:59:39.595+0000] {dag.py:3239} INFO - Sync 1 DAGs
[2026-01-17T08:59:39.636+0000] {logging_mixin.py:190} INFO - [2026-01-17T08:59:39.635+0000] {dag.py:4180} INFO - Setting next_dagrun for dynamic_user_processing to 2026-01-17 00:00:00+00:00, run_after=2026-01-18 00:00:00+00:00
[2026-01-17T08:59:39.663+0000] {processor.py:208} INFO - Processing /opt/airflow/dags/dynamic_user_processing.py took 0.966 seconds
[2026-01-17T09:00:09.889+0000] {processor.py:186} INFO - Started process (PID=18011) to work on /opt/airflow/dags/dynamic_user_processing.py
[2026-01-17T09:00:09.892+0000] {processor.py:914} INFO - Processing file /opt/airflow/dags/dynamic_user_processing.py for tasks to queue
[2026-01-17T09:00:09.895+0000] {logging_mixin.py:190} INFO - [2026-01-17T09:00:09.895+0000] {dagbag.py:588} INFO - Filling up the DagBag from /opt/airflow/dags/dynamic_user_processing.py
[2026-01-17T09:00:10.662+0000] {processor.py:925} INFO - DAG(s) 'dynamic_user_processing' retrieved from /opt/airflow/dags/dynamic_user_processing.py
[2026-01-17T09:00:10.707+0000] {logging_mixin.py:190} INFO - [2026-01-17T09:00:10.706+0000] {dag.py:3239} INFO - Sync 1 DAGs
[2026-01-17T09:00:10.745+0000] {logging_mixin.py:190} INFO - [2026-01-17T09:00:10.745+0000] {dag.py:4180} INFO - Setting next_dagrun for dynamic_user_processing to 2026-01-17 00:00:00+00:00, run_after=2026-01-18 00:00:00+00:00
[2026-01-17T09:00:10.779+0000] {processor.py:208} INFO - Processing /opt/airflow/dags/dynamic_user_processing.py took 0.921 seconds
[2026-01-17T09:00:41.164+0000] {processor.py:186} INFO - Started process (PID=18035) to work on /opt/airflow/dags/dynamic_user_processing.py
[2026-01-17T09:00:41.166+0000] {processor.py:914} INFO - Processing file /opt/airflow/dags/dynamic_user_processing.py for tasks to queue
[2026-01-17T09:00:41.169+0000] {logging_mixin.py:190} INFO - [2026-01-17T09:00:41.168+0000] {dagbag.py:588} INFO - Filling up the DagBag from /opt/airflow/dags/dynamic_user_processing.py
[2026-01-17T09:00:41.975+0000] {processor.py:925} INFO - DAG(s) 'dynamic_user_processing' retrieved from /opt/airflow/dags/dynamic_user_processing.py
[2026-01-17T09:00:42.017+0000] {logging_mixin.py:190} INFO - [2026-01-17T09:00:42.016+0000] {dag.py:3239} INFO - Sync 1 DAGs
[2026-01-17T09:00:42.057+0000] {logging_mixin.py:190} INFO - [2026-01-17T09:00:42.057+0000] {dag.py:4180} INFO - Setting next_dagrun for dynamic_user_processing to 2026-01-17 00:00:00+00:00, run_after=2026-01-18 00:00:00+00:00
[2026-01-17T09:00:42.085+0000] {processor.py:208} INFO - Processing /opt/airflow/dags/dynamic_user_processing.py took 0.942 seconds
[2026-01-17T09:01:12.269+0000] {processor.py:186} INFO - Started process (PID=18059) to work on /opt/airflow/dags/dynamic_user_processing.py
[2026-01-17T09:01:12.271+0000] {processor.py:914} INFO - Processing file /opt/airflow/dags/dynamic_user_processing.py for tasks to queue
[2026-01-17T09:01:12.275+0000] {logging_mixin.py:190} INFO - [2026-01-17T09:01:12.274+0000] {dagbag.py:588} INFO - Filling up the DagBag from /opt/airflow/dags/dynamic_user_processing.py
[2026-01-17T09:01:13.072+0000] {processor.py:925} INFO - DAG(s) 'dynamic_user_processing' retrieved from /opt/airflow/dags/dynamic_user_processing.py
[2026-01-17T09:01:13.112+0000] {logging_mixin.py:190} INFO - [2026-01-17T09:01:13.111+0000] {dag.py:3239} INFO - Sync 1 DAGs
[2026-01-17T09:01:13.149+0000] {logging_mixin.py:190} INFO - [2026-01-17T09:01:13.149+0000] {dag.py:4180} INFO - Setting next_dagrun for dynamic_user_processing to 2026-01-17 00:00:00+00:00, run_after=2026-01-18 00:00:00+00:00
[2026-01-17T09:01:13.187+0000] {processor.py:208} INFO - Processing /opt/airflow/dags/dynamic_user_processing.py took 0.939 seconds
[2026-01-17T09:01:43.286+0000] {processor.py:186} INFO - Started process (PID=18083) to work on /opt/airflow/dags/dynamic_user_processing.py
[2026-01-17T09:01:43.288+0000] {processor.py:914} INFO - Processing file /opt/airflow/dags/dynamic_user_processing.py for tasks to queue
[2026-01-17T09:01:43.291+0000] {logging_mixin.py:190} INFO - [2026-01-17T09:01:43.290+0000] {dagbag.py:588} INFO - Filling up the DagBag from /opt/airflow/dags/dynamic_user_processing.py
[2026-01-17T09:01:44.410+0000] {processor.py:925} INFO - DAG(s) 'dynamic_user_processing' retrieved from /opt/airflow/dags/dynamic_user_processing.py
[2026-01-17T09:01:44.468+0000] {logging_mixin.py:190} INFO - [2026-01-17T09:01:44.467+0000] {dag.py:3239} INFO - Sync 1 DAGs
[2026-01-17T09:01:44.514+0000] {logging_mixin.py:190} INFO - [2026-01-17T09:01:44.514+0000] {dag.py:4180} INFO - Setting next_dagrun for dynamic_user_processing to 2026-01-17 00:00:00+00:00, run_after=2026-01-18 00:00:00+00:00
[2026-01-17T09:01:44.551+0000] {processor.py:208} INFO - Processing /opt/airflow/dags/dynamic_user_processing.py took 1.279 seconds
[2026-01-17T09:02:14.892+0000] {processor.py:186} INFO - Started process (PID=18107) to work on /opt/airflow/dags/dynamic_user_processing.py
[2026-01-17T09:02:14.895+0000] {processor.py:914} INFO - Processing file /opt/airflow/dags/dynamic_user_processing.py for tasks to queue
[2026-01-17T09:02:14.897+0000] {logging_mixin.py:190} INFO - [2026-01-17T09:02:14.897+0000] {dagbag.py:588} INFO - Filling up the DagBag from /opt/airflow/dags/dynamic_user_processing.py
[2026-01-17T09:02:16.447+0000] {processor.py:925} INFO - DAG(s) 'dynamic_user_processing' retrieved from /opt/airflow/dags/dynamic_user_processing.py
[2026-01-17T09:02:16.517+0000] {logging_mixin.py:190} INFO - [2026-01-17T09:02:16.516+0000] {dag.py:3239} INFO - Sync 1 DAGs
[2026-01-17T09:02:16.593+0000] {logging_mixin.py:190} INFO - [2026-01-17T09:02:16.592+0000] {dag.py:4180} INFO - Setting next_dagrun for dynamic_user_processing to 2026-01-17 00:00:00+00:00, run_after=2026-01-18 00:00:00+00:00
[2026-01-17T09:02:16.645+0000] {processor.py:208} INFO - Processing /opt/airflow/dags/dynamic_user_processing.py took 1.775 seconds
[2026-01-17T09:02:46.863+0000] {processor.py:186} INFO - Started process (PID=18131) to work on /opt/airflow/dags/dynamic_user_processing.py
[2026-01-17T09:02:46.866+0000] {processor.py:914} INFO - Processing file /opt/airflow/dags/dynamic_user_processing.py for tasks to queue
[2026-01-17T09:02:46.868+0000] {logging_mixin.py:190} INFO - [2026-01-17T09:02:46.868+0000] {dagbag.py:588} INFO - Filling up the DagBag from /opt/airflow/dags/dynamic_user_processing.py
[2026-01-17T09:02:47.825+0000] {processor.py:925} INFO - DAG(s) 'dynamic_user_processing' retrieved from /opt/airflow/dags/dynamic_user_processing.py
[2026-01-17T09:02:47.897+0000] {logging_mixin.py:190} INFO - [2026-01-17T09:02:47.896+0000] {dag.py:3239} INFO - Sync 1 DAGs
[2026-01-17T09:02:47.960+0000] {logging_mixin.py:190} INFO - [2026-01-17T09:02:47.959+0000] {dag.py:4180} INFO - Setting next_dagrun for dynamic_user_processing to 2026-01-17 00:00:00+00:00, run_after=2026-01-18 00:00:00+00:00
[2026-01-17T09:02:48.021+0000] {processor.py:208} INFO - Processing /opt/airflow/dags/dynamic_user_processing.py took 1.175 seconds
[2026-01-17T09:03:18.298+0000] {processor.py:186} INFO - Started process (PID=18155) to work on /opt/airflow/dags/dynamic_user_processing.py
[2026-01-17T09:03:18.300+0000] {processor.py:914} INFO - Processing file /opt/airflow/dags/dynamic_user_processing.py for tasks to queue
[2026-01-17T09:03:18.304+0000] {logging_mixin.py:190} INFO - [2026-01-17T09:03:18.303+0000] {dagbag.py:588} INFO - Filling up the DagBag from /opt/airflow/dags/dynamic_user_processing.py
[2026-01-17T09:03:19.350+0000] {processor.py:925} INFO - DAG(s) 'dynamic_user_processing' retrieved from /opt/airflow/dags/dynamic_user_processing.py
[2026-01-17T09:03:19.395+0000] {logging_mixin.py:190} INFO - [2026-01-17T09:03:19.395+0000] {dag.py:3239} INFO - Sync 1 DAGs
[2026-01-17T09:03:19.436+0000] {logging_mixin.py:190} INFO - [2026-01-17T09:03:19.435+0000] {dag.py:4180} INFO - Setting next_dagrun for dynamic_user_processing to 2026-01-17 00:00:00+00:00, run_after=2026-01-18 00:00:00+00:00
[2026-01-17T09:03:19.468+0000] {processor.py:208} INFO - Processing /opt/airflow/dags/dynamic_user_processing.py took 1.189 seconds
[2026-01-17T09:03:49.685+0000] {processor.py:186} INFO - Started process (PID=18179) to work on /opt/airflow/dags/dynamic_user_processing.py
[2026-01-17T09:03:49.688+0000] {processor.py:914} INFO - Processing file /opt/airflow/dags/dynamic_user_processing.py for tasks to queue
[2026-01-17T09:03:49.693+0000] {logging_mixin.py:190} INFO - [2026-01-17T09:03:49.692+0000] {dagbag.py:588} INFO - Filling up the DagBag from /opt/airflow/dags/dynamic_user_processing.py
[2026-01-17T09:03:50.690+0000] {processor.py:925} INFO - DAG(s) 'dynamic_user_processing' retrieved from /opt/airflow/dags/dynamic_user_processing.py
[2026-01-17T09:03:50.736+0000] {logging_mixin.py:190} INFO - [2026-01-17T09:03:50.734+0000] {dag.py:3239} INFO - Sync 1 DAGs
[2026-01-17T09:03:50.782+0000] {logging_mixin.py:190} INFO - [2026-01-17T09:03:50.782+0000] {dag.py:4180} INFO - Setting next_dagrun for dynamic_user_processing to 2026-01-17 00:00:00+00:00, run_after=2026-01-18 00:00:00+00:00
[2026-01-17T09:03:50.817+0000] {processor.py:208} INFO - Processing /opt/airflow/dags/dynamic_user_processing.py took 1.153 seconds
[2026-01-17T09:04:21.235+0000] {processor.py:186} INFO - Started process (PID=18204) to work on /opt/airflow/dags/dynamic_user_processing.py
[2026-01-17T09:04:21.237+0000] {processor.py:914} INFO - Processing file /opt/airflow/dags/dynamic_user_processing.py for tasks to queue
[2026-01-17T09:04:21.239+0000] {logging_mixin.py:190} INFO - [2026-01-17T09:04:21.239+0000] {dagbag.py:588} INFO - Filling up the DagBag from /opt/airflow/dags/dynamic_user_processing.py
[2026-01-17T09:04:22.062+0000] {processor.py:925} INFO - DAG(s) 'dynamic_user_processing' retrieved from /opt/airflow/dags/dynamic_user_processing.py
[2026-01-17T09:04:22.096+0000] {logging_mixin.py:190} INFO - [2026-01-17T09:04:22.093+0000] {dag.py:3239} INFO - Sync 1 DAGs
[2026-01-17T09:04:22.145+0000] {logging_mixin.py:190} INFO - [2026-01-17T09:04:22.144+0000] {dag.py:4180} INFO - Setting next_dagrun for dynamic_user_processing to 2026-01-17 00:00:00+00:00, run_after=2026-01-18 00:00:00+00:00
[2026-01-17T09:04:22.184+0000] {processor.py:208} INFO - Processing /opt/airflow/dags/dynamic_user_processing.py took 0.959 seconds
[2026-01-17T09:04:52.332+0000] {processor.py:186} INFO - Started process (PID=18226) to work on /opt/airflow/dags/dynamic_user_processing.py
[2026-01-17T09:04:52.334+0000] {processor.py:914} INFO - Processing file /opt/airflow/dags/dynamic_user_processing.py for tasks to queue
[2026-01-17T09:04:52.337+0000] {logging_mixin.py:190} INFO - [2026-01-17T09:04:52.337+0000] {dagbag.py:588} INFO - Filling up the DagBag from /opt/airflow/dags/dynamic_user_processing.py
[2026-01-17T09:04:53.506+0000] {processor.py:925} INFO - DAG(s) 'dynamic_user_processing' retrieved from /opt/airflow/dags/dynamic_user_processing.py
[2026-01-17T09:04:53.547+0000] {logging_mixin.py:190} INFO - [2026-01-17T09:04:53.546+0000] {dag.py:3239} INFO - Sync 1 DAGs
[2026-01-17T09:04:53.582+0000] {logging_mixin.py:190} INFO - [2026-01-17T09:04:53.582+0000] {dag.py:4180} INFO - Setting next_dagrun for dynamic_user_processing to 2026-01-17 00:00:00+00:00, run_after=2026-01-18 00:00:00+00:00
[2026-01-17T09:04:53.618+0000] {processor.py:208} INFO - Processing /opt/airflow/dags/dynamic_user_processing.py took 1.304 seconds
[2026-01-17T09:05:23.770+0000] {processor.py:186} INFO - Started process (PID=18250) to work on /opt/airflow/dags/dynamic_user_processing.py
[2026-01-17T09:05:23.772+0000] {processor.py:914} INFO - Processing file /opt/airflow/dags/dynamic_user_processing.py for tasks to queue
[2026-01-17T09:05:23.776+0000] {logging_mixin.py:190} INFO - [2026-01-17T09:05:23.775+0000] {dagbag.py:588} INFO - Filling up the DagBag from /opt/airflow/dags/dynamic_user_processing.py
[2026-01-17T09:05:24.696+0000] {processor.py:925} INFO - DAG(s) 'dynamic_user_processing' retrieved from /opt/airflow/dags/dynamic_user_processing.py
[2026-01-17T09:05:24.734+0000] {logging_mixin.py:190} INFO - [2026-01-17T09:05:24.733+0000] {dag.py:3239} INFO - Sync 1 DAGs
[2026-01-17T09:05:24.780+0000] {logging_mixin.py:190} INFO - [2026-01-17T09:05:24.779+0000] {dag.py:4180} INFO - Setting next_dagrun for dynamic_user_processing to 2026-01-17 00:00:00+00:00, run_after=2026-01-18 00:00:00+00:00
[2026-01-17T09:05:24.823+0000] {processor.py:208} INFO - Processing /opt/airflow/dags/dynamic_user_processing.py took 1.064 seconds
[2026-01-17T09:05:55.028+0000] {processor.py:186} INFO - Started process (PID=18274) to work on /opt/airflow/dags/dynamic_user_processing.py
[2026-01-17T09:05:55.030+0000] {processor.py:914} INFO - Processing file /opt/airflow/dags/dynamic_user_processing.py for tasks to queue
[2026-01-17T09:05:55.032+0000] {logging_mixin.py:190} INFO - [2026-01-17T09:05:55.031+0000] {dagbag.py:588} INFO - Filling up the DagBag from /opt/airflow/dags/dynamic_user_processing.py
[2026-01-17T09:05:55.958+0000] {processor.py:925} INFO - DAG(s) 'dynamic_user_processing' retrieved from /opt/airflow/dags/dynamic_user_processing.py
[2026-01-17T09:05:55.999+0000] {logging_mixin.py:190} INFO - [2026-01-17T09:05:55.998+0000] {dag.py:3239} INFO - Sync 1 DAGs
[2026-01-17T09:05:56.050+0000] {logging_mixin.py:190} INFO - [2026-01-17T09:05:56.049+0000] {dag.py:4180} INFO - Setting next_dagrun for dynamic_user_processing to 2026-01-17 00:00:00+00:00, run_after=2026-01-18 00:00:00+00:00
[2026-01-17T09:05:56.088+0000] {processor.py:208} INFO - Processing /opt/airflow/dags/dynamic_user_processing.py took 1.071 seconds
[2026-01-17T09:06:26.814+0000] {processor.py:186} INFO - Started process (PID=18298) to work on /opt/airflow/dags/dynamic_user_processing.py
[2026-01-17T09:06:26.816+0000] {processor.py:914} INFO - Processing file /opt/airflow/dags/dynamic_user_processing.py for tasks to queue
[2026-01-17T09:06:26.818+0000] {logging_mixin.py:190} INFO - [2026-01-17T09:06:26.817+0000] {dagbag.py:588} INFO - Filling up the DagBag from /opt/airflow/dags/dynamic_user_processing.py
[2026-01-17T09:06:28.204+0000] {processor.py:925} INFO - DAG(s) 'dynamic_user_processing' retrieved from /opt/airflow/dags/dynamic_user_processing.py
[2026-01-17T09:06:28.256+0000] {logging_mixin.py:190} INFO - [2026-01-17T09:06:28.253+0000] {dag.py:3239} INFO - Sync 1 DAGs
[2026-01-17T09:06:28.299+0000] {logging_mixin.py:190} INFO - [2026-01-17T09:06:28.299+0000] {dag.py:4180} INFO - Setting next_dagrun for dynamic_user_processing to 2026-01-17 00:00:00+00:00, run_after=2026-01-18 00:00:00+00:00
[2026-01-17T09:06:28.327+0000] {processor.py:208} INFO - Processing /opt/airflow/dags/dynamic_user_processing.py took 1.529 seconds
[2026-01-17T09:06:58.436+0000] {processor.py:186} INFO - Started process (PID=18323) to work on /opt/airflow/dags/dynamic_user_processing.py
[2026-01-17T09:06:58.439+0000] {processor.py:914} INFO - Processing file /opt/airflow/dags/dynamic_user_processing.py for tasks to queue
[2026-01-17T09:06:58.442+0000] {logging_mixin.py:190} INFO - [2026-01-17T09:06:58.441+0000] {dagbag.py:588} INFO - Filling up the DagBag from /opt/airflow/dags/dynamic_user_processing.py
[2026-01-17T09:06:59.508+0000] {processor.py:925} INFO - DAG(s) 'dynamic_user_processing' retrieved from /opt/airflow/dags/dynamic_user_processing.py
[2026-01-17T09:06:59.556+0000] {logging_mixin.py:190} INFO - [2026-01-17T09:06:59.555+0000] {dag.py:3239} INFO - Sync 1 DAGs
[2026-01-17T09:06:59.611+0000] {logging_mixin.py:190} INFO - [2026-01-17T09:06:59.611+0000] {dag.py:4180} INFO - Setting next_dagrun for dynamic_user_processing to 2026-01-17 00:00:00+00:00, run_after=2026-01-18 00:00:00+00:00
[2026-01-17T09:06:59.652+0000] {processor.py:208} INFO - Processing /opt/airflow/dags/dynamic_user_processing.py took 1.233 seconds
[2026-01-17T09:07:30.261+0000] {processor.py:186} INFO - Started process (PID=18348) to work on /opt/airflow/dags/dynamic_user_processing.py
[2026-01-17T09:07:30.263+0000] {processor.py:914} INFO - Processing file /opt/airflow/dags/dynamic_user_processing.py for tasks to queue
[2026-01-17T09:07:30.265+0000] {logging_mixin.py:190} INFO - [2026-01-17T09:07:30.265+0000] {dagbag.py:588} INFO - Filling up the DagBag from /opt/airflow/dags/dynamic_user_processing.py
[2026-01-17T09:07:31.263+0000] {processor.py:925} INFO - DAG(s) 'dynamic_user_processing' retrieved from /opt/airflow/dags/dynamic_user_processing.py
[2026-01-17T09:07:31.325+0000] {logging_mixin.py:190} INFO - [2026-01-17T09:07:31.324+0000] {dag.py:3239} INFO - Sync 1 DAGs
[2026-01-17T09:07:31.365+0000] {logging_mixin.py:190} INFO - [2026-01-17T09:07:31.365+0000] {dag.py:4180} INFO - Setting next_dagrun for dynamic_user_processing to 2026-01-17 00:00:00+00:00, run_after=2026-01-18 00:00:00+00:00
[2026-01-17T09:07:31.398+0000] {processor.py:208} INFO - Processing /opt/airflow/dags/dynamic_user_processing.py took 1.154 seconds
[2026-01-17T09:08:01.887+0000] {processor.py:186} INFO - Started process (PID=18372) to work on /opt/airflow/dags/dynamic_user_processing.py
[2026-01-17T09:08:01.890+0000] {processor.py:914} INFO - Processing file /opt/airflow/dags/dynamic_user_processing.py for tasks to queue
[2026-01-17T09:08:01.893+0000] {logging_mixin.py:190} INFO - [2026-01-17T09:08:01.892+0000] {dagbag.py:588} INFO - Filling up the DagBag from /opt/airflow/dags/dynamic_user_processing.py
[2026-01-17T09:08:02.827+0000] {processor.py:925} INFO - DAG(s) 'dynamic_user_processing' retrieved from /opt/airflow/dags/dynamic_user_processing.py
[2026-01-17T09:08:02.875+0000] {logging_mixin.py:190} INFO - [2026-01-17T09:08:02.873+0000] {dag.py:3239} INFO - Sync 1 DAGs
[2026-01-17T09:08:02.923+0000] {logging_mixin.py:190} INFO - [2026-01-17T09:08:02.923+0000] {dag.py:4180} INFO - Setting next_dagrun for dynamic_user_processing to 2026-01-17 00:00:00+00:00, run_after=2026-01-18 00:00:00+00:00
[2026-01-17T09:08:02.954+0000] {processor.py:208} INFO - Processing /opt/airflow/dags/dynamic_user_processing.py took 1.084 seconds
[2026-01-17T09:08:33.364+0000] {processor.py:186} INFO - Started process (PID=18402) to work on /opt/airflow/dags/dynamic_user_processing.py
[2026-01-17T09:08:33.366+0000] {processor.py:914} INFO - Processing file /opt/airflow/dags/dynamic_user_processing.py for tasks to queue
[2026-01-17T09:08:33.368+0000] {logging_mixin.py:190} INFO - [2026-01-17T09:08:33.367+0000] {dagbag.py:588} INFO - Filling up the DagBag from /opt/airflow/dags/dynamic_user_processing.py
[2026-01-17T09:08:34.223+0000] {processor.py:925} INFO - DAG(s) 'dynamic_user_processing' retrieved from /opt/airflow/dags/dynamic_user_processing.py
[2026-01-17T09:08:34.274+0000] {logging_mixin.py:190} INFO - [2026-01-17T09:08:34.271+0000] {dag.py:3239} INFO - Sync 1 DAGs
[2026-01-17T09:08:34.314+0000] {logging_mixin.py:190} INFO - [2026-01-17T09:08:34.314+0000] {dag.py:4180} INFO - Setting next_dagrun for dynamic_user_processing to 2026-01-17 00:00:00+00:00, run_after=2026-01-18 00:00:00+00:00
[2026-01-17T09:08:34.348+0000] {processor.py:208} INFO - Processing /opt/airflow/dags/dynamic_user_processing.py took 0.999 seconds
[2026-01-17T09:09:05.203+0000] {processor.py:186} INFO - Started process (PID=18426) to work on /opt/airflow/dags/dynamic_user_processing.py
[2026-01-17T09:09:05.206+0000] {processor.py:914} INFO - Processing file /opt/airflow/dags/dynamic_user_processing.py for tasks to queue
[2026-01-17T09:09:05.210+0000] {logging_mixin.py:190} INFO - [2026-01-17T09:09:05.209+0000] {dagbag.py:588} INFO - Filling up the DagBag from /opt/airflow/dags/dynamic_user_processing.py
[2026-01-17T09:09:06.081+0000] {processor.py:925} INFO - DAG(s) 'dynamic_user_processing' retrieved from /opt/airflow/dags/dynamic_user_processing.py
[2026-01-17T09:09:06.126+0000] {logging_mixin.py:190} INFO - [2026-01-17T09:09:06.125+0000] {dag.py:3239} INFO - Sync 1 DAGs
[2026-01-17T09:09:06.173+0000] {logging_mixin.py:190} INFO - [2026-01-17T09:09:06.172+0000] {dag.py:4180} INFO - Setting next_dagrun for dynamic_user_processing to 2026-01-17 00:00:00+00:00, run_after=2026-01-18 00:00:00+00:00
[2026-01-17T09:09:06.222+0000] {processor.py:208} INFO - Processing /opt/airflow/dags/dynamic_user_processing.py took 1.037 seconds
[2026-01-17T09:09:36.877+0000] {processor.py:186} INFO - Started process (PID=18450) to work on /opt/airflow/dags/dynamic_user_processing.py
[2026-01-17T09:09:36.879+0000] {processor.py:914} INFO - Processing file /opt/airflow/dags/dynamic_user_processing.py for tasks to queue
[2026-01-17T09:09:36.889+0000] {logging_mixin.py:190} INFO - [2026-01-17T09:09:36.889+0000] {dagbag.py:588} INFO - Filling up the DagBag from /opt/airflow/dags/dynamic_user_processing.py
[2026-01-17T09:09:38.044+0000] {processor.py:925} INFO - DAG(s) 'dynamic_user_processing' retrieved from /opt/airflow/dags/dynamic_user_processing.py
[2026-01-17T09:09:38.090+0000] {logging_mixin.py:190} INFO - [2026-01-17T09:09:38.089+0000] {dag.py:3239} INFO - Sync 1 DAGs
[2026-01-17T09:09:38.121+0000] {logging_mixin.py:190} INFO - [2026-01-17T09:09:38.120+0000] {dag.py:4180} INFO - Setting next_dagrun for dynamic_user_processing to 2026-01-17 00:00:00+00:00, run_after=2026-01-18 00:00:00+00:00
[2026-01-17T09:09:38.150+0000] {processor.py:208} INFO - Processing /opt/airflow/dags/dynamic_user_processing.py took 1.289 seconds
[2026-01-17T09:10:08.982+0000] {processor.py:186} INFO - Started process (PID=18474) to work on /opt/airflow/dags/dynamic_user_processing.py
[2026-01-17T09:10:08.984+0000] {processor.py:914} INFO - Processing file /opt/airflow/dags/dynamic_user_processing.py for tasks to queue
[2026-01-17T09:10:08.987+0000] {logging_mixin.py:190} INFO - [2026-01-17T09:10:08.986+0000] {dagbag.py:588} INFO - Filling up the DagBag from /opt/airflow/dags/dynamic_user_processing.py
[2026-01-17T09:10:09.903+0000] {processor.py:925} INFO - DAG(s) 'dynamic_user_processing' retrieved from /opt/airflow/dags/dynamic_user_processing.py
[2026-01-17T09:10:09.948+0000] {logging_mixin.py:190} INFO - [2026-01-17T09:10:09.947+0000] {dag.py:3239} INFO - Sync 1 DAGs
[2026-01-17T09:10:10.001+0000] {logging_mixin.py:190} INFO - [2026-01-17T09:10:10.000+0000] {dag.py:4180} INFO - Setting next_dagrun for dynamic_user_processing to 2026-01-17 00:00:00+00:00, run_after=2026-01-18 00:00:00+00:00
[2026-01-17T09:10:10.031+0000] {processor.py:208} INFO - Processing /opt/airflow/dags/dynamic_user_processing.py took 1.074 seconds
[2026-01-17T09:10:40.470+0000] {processor.py:186} INFO - Started process (PID=18498) to work on /opt/airflow/dags/dynamic_user_processing.py
[2026-01-17T09:10:40.472+0000] {processor.py:914} INFO - Processing file /opt/airflow/dags/dynamic_user_processing.py for tasks to queue
[2026-01-17T09:10:40.475+0000] {logging_mixin.py:190} INFO - [2026-01-17T09:10:40.474+0000] {dagbag.py:588} INFO - Filling up the DagBag from /opt/airflow/dags/dynamic_user_processing.py
[2026-01-17T09:10:41.346+0000] {processor.py:925} INFO - DAG(s) 'dynamic_user_processing' retrieved from /opt/airflow/dags/dynamic_user_processing.py
[2026-01-17T09:10:41.385+0000] {logging_mixin.py:190} INFO - [2026-01-17T09:10:41.381+0000] {dag.py:3239} INFO - Sync 1 DAGs
[2026-01-17T09:10:41.433+0000] {logging_mixin.py:190} INFO - [2026-01-17T09:10:41.433+0000] {dag.py:4180} INFO - Setting next_dagrun for dynamic_user_processing to 2026-01-17 00:00:00+00:00, run_after=2026-01-18 00:00:00+00:00
[2026-01-17T09:10:41.466+0000] {processor.py:208} INFO - Processing /opt/airflow/dags/dynamic_user_processing.py took 1.011 seconds
[2026-01-17T09:11:11.910+0000] {processor.py:186} INFO - Started process (PID=18522) to work on /opt/airflow/dags/dynamic_user_processing.py
[2026-01-17T09:11:11.912+0000] {processor.py:914} INFO - Processing file /opt/airflow/dags/dynamic_user_processing.py for tasks to queue
[2026-01-17T09:11:11.914+0000] {logging_mixin.py:190} INFO - [2026-01-17T09:11:11.914+0000] {dagbag.py:588} INFO - Filling up the DagBag from /opt/airflow/dags/dynamic_user_processing.py
[2026-01-17T09:11:13.706+0000] {processor.py:925} INFO - DAG(s) 'dynamic_user_processing' retrieved from /opt/airflow/dags/dynamic_user_processing.py
[2026-01-17T09:11:13.756+0000] {logging_mixin.py:190} INFO - [2026-01-17T09:11:13.755+0000] {dag.py:3239} INFO - Sync 1 DAGs
[2026-01-17T09:11:13.822+0000] {logging_mixin.py:190} INFO - [2026-01-17T09:11:13.821+0000] {dag.py:4180} INFO - Setting next_dagrun for dynamic_user_processing to 2026-01-17 00:00:00+00:00, run_after=2026-01-18 00:00:00+00:00
[2026-01-17T09:11:13.876+0000] {processor.py:208} INFO - Processing /opt/airflow/dags/dynamic_user_processing.py took 1.975 seconds
[2026-01-17T09:11:44.458+0000] {processor.py:186} INFO - Started process (PID=18546) to work on /opt/airflow/dags/dynamic_user_processing.py
[2026-01-17T09:11:44.460+0000] {processor.py:914} INFO - Processing file /opt/airflow/dags/dynamic_user_processing.py for tasks to queue
[2026-01-17T09:11:44.462+0000] {logging_mixin.py:190} INFO - [2026-01-17T09:11:44.461+0000] {dagbag.py:588} INFO - Filling up the DagBag from /opt/airflow/dags/dynamic_user_processing.py
[2026-01-17T09:11:45.462+0000] {processor.py:925} INFO - DAG(s) 'dynamic_user_processing' retrieved from /opt/airflow/dags/dynamic_user_processing.py
[2026-01-17T09:11:45.505+0000] {logging_mixin.py:190} INFO - [2026-01-17T09:11:45.504+0000] {dag.py:3239} INFO - Sync 1 DAGs
[2026-01-17T09:11:45.554+0000] {logging_mixin.py:190} INFO - [2026-01-17T09:11:45.553+0000] {dag.py:4180} INFO - Setting next_dagrun for dynamic_user_processing to 2026-01-17 00:00:00+00:00, run_after=2026-01-18 00:00:00+00:00
[2026-01-17T09:11:45.596+0000] {processor.py:208} INFO - Processing /opt/airflow/dags/dynamic_user_processing.py took 1.152 seconds
[2026-01-17T09:12:15.757+0000] {processor.py:186} INFO - Started process (PID=18571) to work on /opt/airflow/dags/dynamic_user_processing.py
[2026-01-17T09:12:15.759+0000] {processor.py:914} INFO - Processing file /opt/airflow/dags/dynamic_user_processing.py for tasks to queue
[2026-01-17T09:12:15.761+0000] {logging_mixin.py:190} INFO - [2026-01-17T09:12:15.761+0000] {dagbag.py:588} INFO - Filling up the DagBag from /opt/airflow/dags/dynamic_user_processing.py
[2026-01-17T09:12:16.730+0000] {processor.py:925} INFO - DAG(s) 'dynamic_user_processing' retrieved from /opt/airflow/dags/dynamic_user_processing.py
[2026-01-17T09:12:16.799+0000] {logging_mixin.py:190} INFO - [2026-01-17T09:12:16.798+0000] {dag.py:3239} INFO - Sync 1 DAGs
[2026-01-17T09:12:16.873+0000] {logging_mixin.py:190} INFO - [2026-01-17T09:12:16.872+0000] {dag.py:4180} INFO - Setting next_dagrun for dynamic_user_processing to 2026-01-17 00:00:00+00:00, run_after=2026-01-18 00:00:00+00:00
[2026-01-17T09:12:16.911+0000] {processor.py:208} INFO - Processing /opt/airflow/dags/dynamic_user_processing.py took 1.168 seconds
[2026-01-17T09:12:47.375+0000] {processor.py:186} INFO - Started process (PID=18594) to work on /opt/airflow/dags/dynamic_user_processing.py
[2026-01-17T09:12:47.378+0000] {processor.py:914} INFO - Processing file /opt/airflow/dags/dynamic_user_processing.py for tasks to queue
[2026-01-17T09:12:47.381+0000] {logging_mixin.py:190} INFO - [2026-01-17T09:12:47.380+0000] {dagbag.py:588} INFO - Filling up the DagBag from /opt/airflow/dags/dynamic_user_processing.py
[2026-01-17T09:12:48.284+0000] {processor.py:925} INFO - DAG(s) 'dynamic_user_processing' retrieved from /opt/airflow/dags/dynamic_user_processing.py
[2026-01-17T09:12:48.325+0000] {logging_mixin.py:190} INFO - [2026-01-17T09:12:48.325+0000] {dag.py:3239} INFO - Sync 1 DAGs
[2026-01-17T09:12:48.363+0000] {logging_mixin.py:190} INFO - [2026-01-17T09:12:48.363+0000] {dag.py:4180} INFO - Setting next_dagrun for dynamic_user_processing to 2026-01-17 00:00:00+00:00, run_after=2026-01-18 00:00:00+00:00
[2026-01-17T09:12:48.403+0000] {processor.py:208} INFO - Processing /opt/airflow/dags/dynamic_user_processing.py took 1.048 seconds
[2026-01-17T09:13:18.936+0000] {processor.py:186} INFO - Started process (PID=18618) to work on /opt/airflow/dags/dynamic_user_processing.py
[2026-01-17T09:13:18.937+0000] {processor.py:914} INFO - Processing file /opt/airflow/dags/dynamic_user_processing.py for tasks to queue
[2026-01-17T09:13:18.939+0000] {logging_mixin.py:190} INFO - [2026-01-17T09:13:18.939+0000] {dagbag.py:588} INFO - Filling up the DagBag from /opt/airflow/dags/dynamic_user_processing.py
[2026-01-17T09:13:19.905+0000] {processor.py:925} INFO - DAG(s) 'dynamic_user_processing' retrieved from /opt/airflow/dags/dynamic_user_processing.py
[2026-01-17T09:13:19.955+0000] {logging_mixin.py:190} INFO - [2026-01-17T09:13:19.954+0000] {dag.py:3239} INFO - Sync 1 DAGs
[2026-01-17T09:13:19.997+0000] {logging_mixin.py:190} INFO - [2026-01-17T09:13:19.997+0000] {dag.py:4180} INFO - Setting next_dagrun for dynamic_user_processing to 2026-01-17 00:00:00+00:00, run_after=2026-01-18 00:00:00+00:00
[2026-01-17T09:13:20.037+0000] {processor.py:208} INFO - Processing /opt/airflow/dags/dynamic_user_processing.py took 1.112 seconds
[2026-01-17T09:13:50.371+0000] {processor.py:186} INFO - Started process (PID=18642) to work on /opt/airflow/dags/dynamic_user_processing.py
[2026-01-17T09:13:50.373+0000] {processor.py:914} INFO - Processing file /opt/airflow/dags/dynamic_user_processing.py for tasks to queue
[2026-01-17T09:13:50.376+0000] {logging_mixin.py:190} INFO - [2026-01-17T09:13:50.376+0000] {dagbag.py:588} INFO - Filling up the DagBag from /opt/airflow/dags/dynamic_user_processing.py
[2026-01-17T09:13:51.319+0000] {processor.py:925} INFO - DAG(s) 'dynamic_user_processing' retrieved from /opt/airflow/dags/dynamic_user_processing.py
[2026-01-17T09:13:51.364+0000] {logging_mixin.py:190} INFO - [2026-01-17T09:13:51.363+0000] {dag.py:3239} INFO - Sync 1 DAGs
[2026-01-17T09:13:51.406+0000] {logging_mixin.py:190} INFO - [2026-01-17T09:13:51.406+0000] {dag.py:4180} INFO - Setting next_dagrun for dynamic_user_processing to 2026-01-17 00:00:00+00:00, run_after=2026-01-18 00:00:00+00:00
[2026-01-17T09:13:51.438+0000] {processor.py:208} INFO - Processing /opt/airflow/dags/dynamic_user_processing.py took 1.085 seconds
[2026-01-17T09:14:21.546+0000] {processor.py:186} INFO - Started process (PID=18666) to work on /opt/airflow/dags/dynamic_user_processing.py
[2026-01-17T09:14:21.547+0000] {processor.py:914} INFO - Processing file /opt/airflow/dags/dynamic_user_processing.py for tasks to queue
[2026-01-17T09:14:21.551+0000] {logging_mixin.py:190} INFO - [2026-01-17T09:14:21.550+0000] {dagbag.py:588} INFO - Filling up the DagBag from /opt/airflow/dags/dynamic_user_processing.py
[2026-01-17T09:14:22.510+0000] {processor.py:925} INFO - DAG(s) 'dynamic_user_processing' retrieved from /opt/airflow/dags/dynamic_user_processing.py
[2026-01-17T09:14:22.558+0000] {logging_mixin.py:190} INFO - [2026-01-17T09:14:22.557+0000] {dag.py:3239} INFO - Sync 1 DAGs
[2026-01-17T09:14:22.601+0000] {logging_mixin.py:190} INFO - [2026-01-17T09:14:22.600+0000] {dag.py:4180} INFO - Setting next_dagrun for dynamic_user_processing to 2026-01-17 00:00:00+00:00, run_after=2026-01-18 00:00:00+00:00
[2026-01-17T09:14:22.635+0000] {processor.py:208} INFO - Processing /opt/airflow/dags/dynamic_user_processing.py took 1.105 seconds
[2026-01-17T09:14:52.954+0000] {processor.py:186} INFO - Started process (PID=18691) to work on /opt/airflow/dags/dynamic_user_processing.py
[2026-01-17T09:14:52.956+0000] {processor.py:914} INFO - Processing file /opt/airflow/dags/dynamic_user_processing.py for tasks to queue
[2026-01-17T09:14:52.958+0000] {logging_mixin.py:190} INFO - [2026-01-17T09:14:52.957+0000] {dagbag.py:588} INFO - Filling up the DagBag from /opt/airflow/dags/dynamic_user_processing.py
[2026-01-17T09:14:53.826+0000] {processor.py:925} INFO - DAG(s) 'dynamic_user_processing' retrieved from /opt/airflow/dags/dynamic_user_processing.py
[2026-01-17T09:14:53.870+0000] {logging_mixin.py:190} INFO - [2026-01-17T09:14:53.868+0000] {dag.py:3239} INFO - Sync 1 DAGs
[2026-01-17T09:14:53.910+0000] {logging_mixin.py:190} INFO - [2026-01-17T09:14:53.910+0000] {dag.py:4180} INFO - Setting next_dagrun for dynamic_user_processing to 2026-01-17 00:00:00+00:00, run_after=2026-01-18 00:00:00+00:00
[2026-01-17T09:14:53.952+0000] {processor.py:208} INFO - Processing /opt/airflow/dags/dynamic_user_processing.py took 1.011 seconds
[2026-01-17T09:15:24.064+0000] {processor.py:186} INFO - Started process (PID=18715) to work on /opt/airflow/dags/dynamic_user_processing.py
[2026-01-17T09:15:24.067+0000] {processor.py:914} INFO - Processing file /opt/airflow/dags/dynamic_user_processing.py for tasks to queue
[2026-01-17T09:15:24.070+0000] {logging_mixin.py:190} INFO - [2026-01-17T09:15:24.069+0000] {dagbag.py:588} INFO - Filling up the DagBag from /opt/airflow/dags/dynamic_user_processing.py
[2026-01-17T09:15:25.044+0000] {processor.py:925} INFO - DAG(s) 'dynamic_user_processing' retrieved from /opt/airflow/dags/dynamic_user_processing.py
[2026-01-17T09:15:25.082+0000] {logging_mixin.py:190} INFO - [2026-01-17T09:15:25.081+0000] {dag.py:3239} INFO - Sync 1 DAGs
[2026-01-17T09:15:25.133+0000] {logging_mixin.py:190} INFO - [2026-01-17T09:15:25.132+0000] {dag.py:4180} INFO - Setting next_dagrun for dynamic_user_processing to 2026-01-17 00:00:00+00:00, run_after=2026-01-18 00:00:00+00:00
[2026-01-17T09:15:25.164+0000] {processor.py:208} INFO - Processing /opt/airflow/dags/dynamic_user_processing.py took 1.116 seconds
[2026-01-17T09:15:55.345+0000] {processor.py:186} INFO - Started process (PID=18739) to work on /opt/airflow/dags/dynamic_user_processing.py
[2026-01-17T09:15:55.347+0000] {processor.py:914} INFO - Processing file /opt/airflow/dags/dynamic_user_processing.py for tasks to queue
[2026-01-17T09:15:55.350+0000] {logging_mixin.py:190} INFO - [2026-01-17T09:15:55.349+0000] {dagbag.py:588} INFO - Filling up the DagBag from /opt/airflow/dags/dynamic_user_processing.py
[2026-01-17T09:15:56.262+0000] {processor.py:925} INFO - DAG(s) 'dynamic_user_processing' retrieved from /opt/airflow/dags/dynamic_user_processing.py
[2026-01-17T09:15:56.307+0000] {logging_mixin.py:190} INFO - [2026-01-17T09:15:56.306+0000] {dag.py:3239} INFO - Sync 1 DAGs
[2026-01-17T09:15:56.350+0000] {logging_mixin.py:190} INFO - [2026-01-17T09:15:56.350+0000] {dag.py:4180} INFO - Setting next_dagrun for dynamic_user_processing to 2026-01-17 00:00:00+00:00, run_after=2026-01-18 00:00:00+00:00
[2026-01-17T09:15:56.382+0000] {processor.py:208} INFO - Processing /opt/airflow/dags/dynamic_user_processing.py took 1.055 seconds
[2026-01-17T09:16:26.761+0000] {processor.py:186} INFO - Started process (PID=18763) to work on /opt/airflow/dags/dynamic_user_processing.py
[2026-01-17T09:16:26.763+0000] {processor.py:914} INFO - Processing file /opt/airflow/dags/dynamic_user_processing.py for tasks to queue
[2026-01-17T09:16:26.766+0000] {logging_mixin.py:190} INFO - [2026-01-17T09:16:26.765+0000] {dagbag.py:588} INFO - Filling up the DagBag from /opt/airflow/dags/dynamic_user_processing.py
[2026-01-17T09:16:27.655+0000] {processor.py:925} INFO - DAG(s) 'dynamic_user_processing' retrieved from /opt/airflow/dags/dynamic_user_processing.py
[2026-01-17T09:16:27.695+0000] {logging_mixin.py:190} INFO - [2026-01-17T09:16:27.694+0000] {dag.py:3239} INFO - Sync 1 DAGs
[2026-01-17T09:16:27.733+0000] {logging_mixin.py:190} INFO - [2026-01-17T09:16:27.732+0000] {dag.py:4180} INFO - Setting next_dagrun for dynamic_user_processing to 2026-01-17 00:00:00+00:00, run_after=2026-01-18 00:00:00+00:00
[2026-01-17T09:16:27.781+0000] {processor.py:208} INFO - Processing /opt/airflow/dags/dynamic_user_processing.py took 1.033 seconds
[2026-01-17T09:16:57.938+0000] {processor.py:186} INFO - Started process (PID=18787) to work on /opt/airflow/dags/dynamic_user_processing.py
[2026-01-17T09:16:57.940+0000] {processor.py:914} INFO - Processing file /opt/airflow/dags/dynamic_user_processing.py for tasks to queue
[2026-01-17T09:16:57.942+0000] {logging_mixin.py:190} INFO - [2026-01-17T09:16:57.941+0000] {dagbag.py:588} INFO - Filling up the DagBag from /opt/airflow/dags/dynamic_user_processing.py
[2026-01-17T09:16:58.844+0000] {processor.py:925} INFO - DAG(s) 'dynamic_user_processing' retrieved from /opt/airflow/dags/dynamic_user_processing.py
[2026-01-17T09:16:58.900+0000] {logging_mixin.py:190} INFO - [2026-01-17T09:16:58.899+0000] {dag.py:3239} INFO - Sync 1 DAGs
[2026-01-17T09:16:58.968+0000] {logging_mixin.py:190} INFO - [2026-01-17T09:16:58.967+0000] {dag.py:4180} INFO - Setting next_dagrun for dynamic_user_processing to 2026-01-17 00:00:00+00:00, run_after=2026-01-18 00:00:00+00:00
[2026-01-17T09:16:59.001+0000] {processor.py:208} INFO - Processing /opt/airflow/dags/dynamic_user_processing.py took 1.096 seconds
[2026-01-17T09:17:29.631+0000] {processor.py:186} INFO - Started process (PID=18811) to work on /opt/airflow/dags/dynamic_user_processing.py
[2026-01-17T09:17:29.632+0000] {processor.py:914} INFO - Processing file /opt/airflow/dags/dynamic_user_processing.py for tasks to queue
[2026-01-17T09:17:29.634+0000] {logging_mixin.py:190} INFO - [2026-01-17T09:17:29.634+0000] {dagbag.py:588} INFO - Filling up the DagBag from /opt/airflow/dags/dynamic_user_processing.py
[2026-01-17T09:17:30.579+0000] {processor.py:925} INFO - DAG(s) 'dynamic_user_processing' retrieved from /opt/airflow/dags/dynamic_user_processing.py
[2026-01-17T09:17:30.635+0000] {logging_mixin.py:190} INFO - [2026-01-17T09:17:30.633+0000] {dag.py:3239} INFO - Sync 1 DAGs
[2026-01-17T09:17:30.678+0000] {logging_mixin.py:190} INFO - [2026-01-17T09:17:30.678+0000] {dag.py:4180} INFO - Setting next_dagrun for dynamic_user_processing to 2026-01-17 00:00:00+00:00, run_after=2026-01-18 00:00:00+00:00
[2026-01-17T09:17:30.713+0000] {processor.py:208} INFO - Processing /opt/airflow/dags/dynamic_user_processing.py took 1.094 seconds
[2026-01-17T09:18:01.152+0000] {processor.py:186} INFO - Started process (PID=18835) to work on /opt/airflow/dags/dynamic_user_processing.py
[2026-01-17T09:18:01.154+0000] {processor.py:914} INFO - Processing file /opt/airflow/dags/dynamic_user_processing.py for tasks to queue
[2026-01-17T09:18:01.158+0000] {logging_mixin.py:190} INFO - [2026-01-17T09:18:01.158+0000] {dagbag.py:588} INFO - Filling up the DagBag from /opt/airflow/dags/dynamic_user_processing.py
[2026-01-17T09:18:02.048+0000] {processor.py:925} INFO - DAG(s) 'dynamic_user_processing' retrieved from /opt/airflow/dags/dynamic_user_processing.py
[2026-01-17T09:18:02.089+0000] {logging_mixin.py:190} INFO - [2026-01-17T09:18:02.087+0000] {dag.py:3239} INFO - Sync 1 DAGs
[2026-01-17T09:18:02.145+0000] {logging_mixin.py:190} INFO - [2026-01-17T09:18:02.144+0000] {dag.py:4180} INFO - Setting next_dagrun for dynamic_user_processing to 2026-01-17 00:00:00+00:00, run_after=2026-01-18 00:00:00+00:00
[2026-01-17T09:18:02.187+0000] {processor.py:208} INFO - Processing /opt/airflow/dags/dynamic_user_processing.py took 1.050 seconds
[2026-01-17T09:18:32.852+0000] {processor.py:186} INFO - Started process (PID=18859) to work on /opt/airflow/dags/dynamic_user_processing.py
[2026-01-17T09:18:32.855+0000] {processor.py:914} INFO - Processing file /opt/airflow/dags/dynamic_user_processing.py for tasks to queue
[2026-01-17T09:18:32.858+0000] {logging_mixin.py:190} INFO - [2026-01-17T09:18:32.857+0000] {dagbag.py:588} INFO - Filling up the DagBag from /opt/airflow/dags/dynamic_user_processing.py
[2026-01-17T09:18:33.741+0000] {processor.py:925} INFO - DAG(s) 'dynamic_user_processing' retrieved from /opt/airflow/dags/dynamic_user_processing.py
[2026-01-17T09:18:33.788+0000] {logging_mixin.py:190} INFO - [2026-01-17T09:18:33.786+0000] {dag.py:3239} INFO - Sync 1 DAGs
[2026-01-17T09:18:33.834+0000] {logging_mixin.py:190} INFO - [2026-01-17T09:18:33.833+0000] {dag.py:4180} INFO - Setting next_dagrun for dynamic_user_processing to 2026-01-17 00:00:00+00:00, run_after=2026-01-18 00:00:00+00:00
[2026-01-17T09:18:33.873+0000] {processor.py:208} INFO - Processing /opt/airflow/dags/dynamic_user_processing.py took 1.051 seconds
[2026-01-17T09:19:04.560+0000] {processor.py:186} INFO - Started process (PID=18883) to work on /opt/airflow/dags/dynamic_user_processing.py
[2026-01-17T09:19:04.562+0000] {processor.py:914} INFO - Processing file /opt/airflow/dags/dynamic_user_processing.py for tasks to queue
[2026-01-17T09:19:04.566+0000] {logging_mixin.py:190} INFO - [2026-01-17T09:19:04.565+0000] {dagbag.py:588} INFO - Filling up the DagBag from /opt/airflow/dags/dynamic_user_processing.py
[2026-01-17T09:19:05.507+0000] {processor.py:925} INFO - DAG(s) 'dynamic_user_processing' retrieved from /opt/airflow/dags/dynamic_user_processing.py
[2026-01-17T09:19:05.553+0000] {logging_mixin.py:190} INFO - [2026-01-17T09:19:05.552+0000] {dag.py:3239} INFO - Sync 1 DAGs
[2026-01-17T09:19:05.610+0000] {logging_mixin.py:190} INFO - [2026-01-17T09:19:05.609+0000] {dag.py:4180} INFO - Setting next_dagrun for dynamic_user_processing to 2026-01-17 00:00:00+00:00, run_after=2026-01-18 00:00:00+00:00
[2026-01-17T09:19:05.650+0000] {processor.py:208} INFO - Processing /opt/airflow/dags/dynamic_user_processing.py took 1.107 seconds
[2026-01-17T09:19:35.752+0000] {processor.py:186} INFO - Started process (PID=18907) to work on /opt/airflow/dags/dynamic_user_processing.py
[2026-01-17T09:19:35.754+0000] {processor.py:914} INFO - Processing file /opt/airflow/dags/dynamic_user_processing.py for tasks to queue
[2026-01-17T09:19:35.756+0000] {logging_mixin.py:190} INFO - [2026-01-17T09:19:35.755+0000] {dagbag.py:588} INFO - Filling up the DagBag from /opt/airflow/dags/dynamic_user_processing.py
[2026-01-17T09:19:36.730+0000] {processor.py:925} INFO - DAG(s) 'dynamic_user_processing' retrieved from /opt/airflow/dags/dynamic_user_processing.py
[2026-01-17T09:19:36.769+0000] {logging_mixin.py:190} INFO - [2026-01-17T09:19:36.768+0000] {dag.py:3239} INFO - Sync 1 DAGs
[2026-01-17T09:19:36.813+0000] {logging_mixin.py:190} INFO - [2026-01-17T09:19:36.813+0000] {dag.py:4180} INFO - Setting next_dagrun for dynamic_user_processing to 2026-01-17 00:00:00+00:00, run_after=2026-01-18 00:00:00+00:00
[2026-01-17T09:19:36.853+0000] {processor.py:208} INFO - Processing /opt/airflow/dags/dynamic_user_processing.py took 1.118 seconds
[2026-01-17T09:20:07.874+0000] {processor.py:186} INFO - Started process (PID=18931) to work on /opt/airflow/dags/dynamic_user_processing.py
[2026-01-17T09:20:07.876+0000] {processor.py:914} INFO - Processing file /opt/airflow/dags/dynamic_user_processing.py for tasks to queue
[2026-01-17T09:20:07.878+0000] {logging_mixin.py:190} INFO - [2026-01-17T09:20:07.877+0000] {dagbag.py:588} INFO - Filling up the DagBag from /opt/airflow/dags/dynamic_user_processing.py
[2026-01-17T09:20:08.740+0000] {processor.py:925} INFO - DAG(s) 'dynamic_user_processing' retrieved from /opt/airflow/dags/dynamic_user_processing.py
[2026-01-17T09:20:08.775+0000] {logging_mixin.py:190} INFO - [2026-01-17T09:20:08.773+0000] {dag.py:3239} INFO - Sync 1 DAGs
[2026-01-17T09:20:08.825+0000] {logging_mixin.py:190} INFO - [2026-01-17T09:20:08.825+0000] {dag.py:4180} INFO - Setting next_dagrun for dynamic_user_processing to 2026-01-17 00:00:00+00:00, run_after=2026-01-18 00:00:00+00:00
[2026-01-17T09:20:08.858+0000] {processor.py:208} INFO - Processing /opt/airflow/dags/dynamic_user_processing.py took 0.998 seconds
[2026-01-17T09:20:39.245+0000] {processor.py:186} INFO - Started process (PID=18955) to work on /opt/airflow/dags/dynamic_user_processing.py
[2026-01-17T09:20:39.247+0000] {processor.py:914} INFO - Processing file /opt/airflow/dags/dynamic_user_processing.py for tasks to queue
[2026-01-17T09:20:39.250+0000] {logging_mixin.py:190} INFO - [2026-01-17T09:20:39.249+0000] {dagbag.py:588} INFO - Filling up the DagBag from /opt/airflow/dags/dynamic_user_processing.py
[2026-01-17T09:20:40.127+0000] {processor.py:925} INFO - DAG(s) 'dynamic_user_processing' retrieved from /opt/airflow/dags/dynamic_user_processing.py
[2026-01-17T09:20:40.166+0000] {logging_mixin.py:190} INFO - [2026-01-17T09:20:40.165+0000] {dag.py:3239} INFO - Sync 1 DAGs
[2026-01-17T09:20:40.204+0000] {logging_mixin.py:190} INFO - [2026-01-17T09:20:40.204+0000] {dag.py:4180} INFO - Setting next_dagrun for dynamic_user_processing to 2026-01-17 00:00:00+00:00, run_after=2026-01-18 00:00:00+00:00
[2026-01-17T09:20:40.240+0000] {processor.py:208} INFO - Processing /opt/airflow/dags/dynamic_user_processing.py took 1.007 seconds
[2026-01-17T09:21:10.393+0000] {processor.py:186} INFO - Started process (PID=18985) to work on /opt/airflow/dags/dynamic_user_processing.py
[2026-01-17T09:21:10.395+0000] {processor.py:914} INFO - Processing file /opt/airflow/dags/dynamic_user_processing.py for tasks to queue
[2026-01-17T09:21:10.399+0000] {logging_mixin.py:190} INFO - [2026-01-17T09:21:10.398+0000] {dagbag.py:588} INFO - Filling up the DagBag from /opt/airflow/dags/dynamic_user_processing.py
[2026-01-17T09:21:11.310+0000] {processor.py:925} INFO - DAG(s) 'dynamic_user_processing' retrieved from /opt/airflow/dags/dynamic_user_processing.py
[2026-01-17T09:21:11.351+0000] {logging_mixin.py:190} INFO - [2026-01-17T09:21:11.350+0000] {dag.py:3239} INFO - Sync 1 DAGs
[2026-01-17T09:21:11.386+0000] {logging_mixin.py:190} INFO - [2026-01-17T09:21:11.385+0000] {dag.py:4180} INFO - Setting next_dagrun for dynamic_user_processing to 2026-01-17 00:00:00+00:00, run_after=2026-01-18 00:00:00+00:00
[2026-01-17T09:21:11.430+0000] {processor.py:208} INFO - Processing /opt/airflow/dags/dynamic_user_processing.py took 1.053 seconds
[2026-01-17T09:21:41.557+0000] {processor.py:186} INFO - Started process (PID=19009) to work on /opt/airflow/dags/dynamic_user_processing.py
[2026-01-17T09:21:41.560+0000] {processor.py:914} INFO - Processing file /opt/airflow/dags/dynamic_user_processing.py for tasks to queue
[2026-01-17T09:21:41.563+0000] {logging_mixin.py:190} INFO - [2026-01-17T09:21:41.562+0000] {dagbag.py:588} INFO - Filling up the DagBag from /opt/airflow/dags/dynamic_user_processing.py
[2026-01-17T09:21:42.836+0000] {processor.py:925} INFO - DAG(s) 'dynamic_user_processing' retrieved from /opt/airflow/dags/dynamic_user_processing.py
[2026-01-17T09:21:42.916+0000] {logging_mixin.py:190} INFO - [2026-01-17T09:21:42.915+0000] {dag.py:3239} INFO - Sync 1 DAGs
[2026-01-17T09:21:42.972+0000] {logging_mixin.py:190} INFO - [2026-01-17T09:21:42.972+0000] {dag.py:4180} INFO - Setting next_dagrun for dynamic_user_processing to 2026-01-17 00:00:00+00:00, run_after=2026-01-18 00:00:00+00:00
[2026-01-17T09:21:43.036+0000] {processor.py:208} INFO - Processing /opt/airflow/dags/dynamic_user_processing.py took 1.491 seconds
[2026-01-17T09:22:13.346+0000] {processor.py:186} INFO - Started process (PID=19034) to work on /opt/airflow/dags/dynamic_user_processing.py
[2026-01-17T09:22:13.353+0000] {processor.py:914} INFO - Processing file /opt/airflow/dags/dynamic_user_processing.py for tasks to queue
[2026-01-17T09:22:13.356+0000] {logging_mixin.py:190} INFO - [2026-01-17T09:22:13.355+0000] {dagbag.py:588} INFO - Filling up the DagBag from /opt/airflow/dags/dynamic_user_processing.py
[2026-01-17T09:22:14.565+0000] {processor.py:925} INFO - DAG(s) 'dynamic_user_processing' retrieved from /opt/airflow/dags/dynamic_user_processing.py
[2026-01-17T09:22:14.623+0000] {logging_mixin.py:190} INFO - [2026-01-17T09:22:14.622+0000] {dag.py:3239} INFO - Sync 1 DAGs
[2026-01-17T09:22:14.696+0000] {logging_mixin.py:190} INFO - [2026-01-17T09:22:14.695+0000] {dag.py:4180} INFO - Setting next_dagrun for dynamic_user_processing to 2026-01-17 00:00:00+00:00, run_after=2026-01-18 00:00:00+00:00
[2026-01-17T09:22:14.733+0000] {processor.py:208} INFO - Processing /opt/airflow/dags/dynamic_user_processing.py took 1.429 seconds
[2026-01-17T09:22:44.832+0000] {processor.py:186} INFO - Started process (PID=19058) to work on /opt/airflow/dags/dynamic_user_processing.py
[2026-01-17T09:22:44.837+0000] {processor.py:914} INFO - Processing file /opt/airflow/dags/dynamic_user_processing.py for tasks to queue
[2026-01-17T09:22:44.840+0000] {logging_mixin.py:190} INFO - [2026-01-17T09:22:44.839+0000] {dagbag.py:588} INFO - Filling up the DagBag from /opt/airflow/dags/dynamic_user_processing.py
[2026-01-17T09:22:46.382+0000] {processor.py:925} INFO - DAG(s) 'dynamic_user_processing' retrieved from /opt/airflow/dags/dynamic_user_processing.py
[2026-01-17T09:22:46.457+0000] {logging_mixin.py:190} INFO - [2026-01-17T09:22:46.456+0000] {dag.py:3239} INFO - Sync 1 DAGs
[2026-01-17T09:22:46.523+0000] {logging_mixin.py:190} INFO - [2026-01-17T09:22:46.523+0000] {dag.py:4180} INFO - Setting next_dagrun for dynamic_user_processing to 2026-01-17 00:00:00+00:00, run_after=2026-01-18 00:00:00+00:00
[2026-01-17T09:22:46.572+0000] {processor.py:208} INFO - Processing /opt/airflow/dags/dynamic_user_processing.py took 1.756 seconds
[2026-01-17T09:23:16.947+0000] {processor.py:186} INFO - Started process (PID=19082) to work on /opt/airflow/dags/dynamic_user_processing.py
[2026-01-17T09:23:16.949+0000] {processor.py:914} INFO - Processing file /opt/airflow/dags/dynamic_user_processing.py for tasks to queue
[2026-01-17T09:23:16.953+0000] {logging_mixin.py:190} INFO - [2026-01-17T09:23:16.952+0000] {dagbag.py:588} INFO - Filling up the DagBag from /opt/airflow/dags/dynamic_user_processing.py
[2026-01-17T09:23:18.208+0000] {processor.py:925} INFO - DAG(s) 'dynamic_user_processing' retrieved from /opt/airflow/dags/dynamic_user_processing.py
[2026-01-17T09:23:18.256+0000] {logging_mixin.py:190} INFO - [2026-01-17T09:23:18.256+0000] {dag.py:3239} INFO - Sync 1 DAGs
[2026-01-17T09:23:18.326+0000] {logging_mixin.py:190} INFO - [2026-01-17T09:23:18.326+0000] {dag.py:4180} INFO - Setting next_dagrun for dynamic_user_processing to 2026-01-17 00:00:00+00:00, run_after=2026-01-18 00:00:00+00:00
[2026-01-17T09:23:18.379+0000] {processor.py:208} INFO - Processing /opt/airflow/dags/dynamic_user_processing.py took 1.452 seconds
[2026-01-17T09:23:48.864+0000] {processor.py:186} INFO - Started process (PID=19106) to work on /opt/airflow/dags/dynamic_user_processing.py
[2026-01-17T09:23:48.870+0000] {processor.py:914} INFO - Processing file /opt/airflow/dags/dynamic_user_processing.py for tasks to queue
[2026-01-17T09:23:48.874+0000] {logging_mixin.py:190} INFO - [2026-01-17T09:23:48.873+0000] {dagbag.py:588} INFO - Filling up the DagBag from /opt/airflow/dags/dynamic_user_processing.py
[2026-01-17T09:23:50.057+0000] {processor.py:925} INFO - DAG(s) 'dynamic_user_processing' retrieved from /opt/airflow/dags/dynamic_user_processing.py
[2026-01-17T09:23:50.114+0000] {logging_mixin.py:190} INFO - [2026-01-17T09:23:50.113+0000] {dag.py:3239} INFO - Sync 1 DAGs
[2026-01-17T09:23:50.177+0000] {logging_mixin.py:190} INFO - [2026-01-17T09:23:50.177+0000] {dag.py:4180} INFO - Setting next_dagrun for dynamic_user_processing to 2026-01-17 00:00:00+00:00, run_after=2026-01-18 00:00:00+00:00
[2026-01-17T09:23:50.244+0000] {processor.py:208} INFO - Processing /opt/airflow/dags/dynamic_user_processing.py took 1.396 seconds
[2026-01-17T09:24:20.603+0000] {processor.py:186} INFO - Started process (PID=19130) to work on /opt/airflow/dags/dynamic_user_processing.py
[2026-01-17T09:24:20.606+0000] {processor.py:914} INFO - Processing file /opt/airflow/dags/dynamic_user_processing.py for tasks to queue
[2026-01-17T09:24:20.609+0000] {logging_mixin.py:190} INFO - [2026-01-17T09:24:20.608+0000] {dagbag.py:588} INFO - Filling up the DagBag from /opt/airflow/dags/dynamic_user_processing.py
[2026-01-17T09:24:22.011+0000] {processor.py:925} INFO - DAG(s) 'dynamic_user_processing' retrieved from /opt/airflow/dags/dynamic_user_processing.py
[2026-01-17T09:24:22.074+0000] {logging_mixin.py:190} INFO - [2026-01-17T09:24:22.073+0000] {dag.py:3239} INFO - Sync 1 DAGs
[2026-01-17T09:24:22.137+0000] {logging_mixin.py:190} INFO - [2026-01-17T09:24:22.136+0000] {dag.py:4180} INFO - Setting next_dagrun for dynamic_user_processing to 2026-01-17 00:00:00+00:00, run_after=2026-01-18 00:00:00+00:00
[2026-01-17T09:24:22.195+0000] {processor.py:208} INFO - Processing /opt/airflow/dags/dynamic_user_processing.py took 1.610 seconds
[2026-01-17T09:24:53.024+0000] {processor.py:186} INFO - Started process (PID=19154) to work on /opt/airflow/dags/dynamic_user_processing.py
[2026-01-17T09:24:53.028+0000] {processor.py:914} INFO - Processing file /opt/airflow/dags/dynamic_user_processing.py for tasks to queue
[2026-01-17T09:24:53.031+0000] {logging_mixin.py:190} INFO - [2026-01-17T09:24:53.031+0000] {dagbag.py:588} INFO - Filling up the DagBag from /opt/airflow/dags/dynamic_user_processing.py
[2026-01-17T09:24:54.228+0000] {processor.py:925} INFO - DAG(s) 'dynamic_user_processing' retrieved from /opt/airflow/dags/dynamic_user_processing.py
[2026-01-17T09:24:54.286+0000] {logging_mixin.py:190} INFO - [2026-01-17T09:24:54.283+0000] {dag.py:3239} INFO - Sync 1 DAGs
[2026-01-17T09:24:54.346+0000] {logging_mixin.py:190} INFO - [2026-01-17T09:24:54.345+0000] {dag.py:4180} INFO - Setting next_dagrun for dynamic_user_processing to 2026-01-17 00:00:00+00:00, run_after=2026-01-18 00:00:00+00:00
[2026-01-17T09:24:54.397+0000] {processor.py:208} INFO - Processing /opt/airflow/dags/dynamic_user_processing.py took 1.410 seconds
[2026-01-17T09:25:24.529+0000] {processor.py:186} INFO - Started process (PID=19178) to work on /opt/airflow/dags/dynamic_user_processing.py
[2026-01-17T09:25:24.531+0000] {processor.py:914} INFO - Processing file /opt/airflow/dags/dynamic_user_processing.py for tasks to queue
[2026-01-17T09:25:24.533+0000] {logging_mixin.py:190} INFO - [2026-01-17T09:25:24.532+0000] {dagbag.py:588} INFO - Filling up the DagBag from /opt/airflow/dags/dynamic_user_processing.py
[2026-01-17T09:25:25.363+0000] {processor.py:925} INFO - DAG(s) 'dynamic_user_processing' retrieved from /opt/airflow/dags/dynamic_user_processing.py
[2026-01-17T09:25:25.408+0000] {logging_mixin.py:190} INFO - [2026-01-17T09:25:25.407+0000] {dag.py:3239} INFO - Sync 1 DAGs
[2026-01-17T09:25:25.444+0000] {logging_mixin.py:190} INFO - [2026-01-17T09:25:25.443+0000] {dag.py:4180} INFO - Setting next_dagrun for dynamic_user_processing to 2026-01-17 00:00:00+00:00, run_after=2026-01-18 00:00:00+00:00
[2026-01-17T09:25:25.471+0000] {processor.py:208} INFO - Processing /opt/airflow/dags/dynamic_user_processing.py took 0.955 seconds
[2026-01-17T09:25:55.655+0000] {processor.py:186} INFO - Started process (PID=19202) to work on /opt/airflow/dags/dynamic_user_processing.py
[2026-01-17T09:25:55.658+0000] {processor.py:914} INFO - Processing file /opt/airflow/dags/dynamic_user_processing.py for tasks to queue
[2026-01-17T09:25:55.663+0000] {logging_mixin.py:190} INFO - [2026-01-17T09:25:55.662+0000] {dagbag.py:588} INFO - Filling up the DagBag from /opt/airflow/dags/dynamic_user_processing.py
[2026-01-17T09:25:56.456+0000] {processor.py:925} INFO - DAG(s) 'dynamic_user_processing' retrieved from /opt/airflow/dags/dynamic_user_processing.py
[2026-01-17T09:25:56.499+0000] {logging_mixin.py:190} INFO - [2026-01-17T09:25:56.498+0000] {dag.py:3239} INFO - Sync 1 DAGs
[2026-01-17T09:25:56.536+0000] {logging_mixin.py:190} INFO - [2026-01-17T09:25:56.535+0000] {dag.py:4180} INFO - Setting next_dagrun for dynamic_user_processing to 2026-01-17 00:00:00+00:00, run_after=2026-01-18 00:00:00+00:00
[2026-01-17T09:25:56.578+0000] {processor.py:208} INFO - Processing /opt/airflow/dags/dynamic_user_processing.py took 0.948 seconds
[2026-01-17T09:26:26.811+0000] {processor.py:186} INFO - Started process (PID=19226) to work on /opt/airflow/dags/dynamic_user_processing.py
[2026-01-17T09:26:26.814+0000] {processor.py:914} INFO - Processing file /opt/airflow/dags/dynamic_user_processing.py for tasks to queue
[2026-01-17T09:26:26.818+0000] {logging_mixin.py:190} INFO - [2026-01-17T09:26:26.817+0000] {dagbag.py:588} INFO - Filling up the DagBag from /opt/airflow/dags/dynamic_user_processing.py
[2026-01-17T09:26:27.617+0000] {processor.py:925} INFO - DAG(s) 'dynamic_user_processing' retrieved from /opt/airflow/dags/dynamic_user_processing.py
[2026-01-17T09:26:27.661+0000] {logging_mixin.py:190} INFO - [2026-01-17T09:26:27.660+0000] {dag.py:3239} INFO - Sync 1 DAGs
[2026-01-17T09:26:27.711+0000] {logging_mixin.py:190} INFO - [2026-01-17T09:26:27.711+0000] {dag.py:4180} INFO - Setting next_dagrun for dynamic_user_processing to 2026-01-17 00:00:00+00:00, run_after=2026-01-18 00:00:00+00:00
[2026-01-17T09:26:27.749+0000] {processor.py:208} INFO - Processing /opt/airflow/dags/dynamic_user_processing.py took 0.967 seconds
[2026-01-17T09:26:58.122+0000] {processor.py:186} INFO - Started process (PID=19251) to work on /opt/airflow/dags/dynamic_user_processing.py
[2026-01-17T09:26:58.124+0000] {processor.py:914} INFO - Processing file /opt/airflow/dags/dynamic_user_processing.py for tasks to queue
[2026-01-17T09:26:58.127+0000] {logging_mixin.py:190} INFO - [2026-01-17T09:26:58.126+0000] {dagbag.py:588} INFO - Filling up the DagBag from /opt/airflow/dags/dynamic_user_processing.py
[2026-01-17T09:26:58.976+0000] {processor.py:925} INFO - DAG(s) 'dynamic_user_processing' retrieved from /opt/airflow/dags/dynamic_user_processing.py
[2026-01-17T09:26:59.020+0000] {logging_mixin.py:190} INFO - [2026-01-17T09:26:59.019+0000] {dag.py:3239} INFO - Sync 1 DAGs
[2026-01-17T09:26:59.061+0000] {logging_mixin.py:190} INFO - [2026-01-17T09:26:59.060+0000] {dag.py:4180} INFO - Setting next_dagrun for dynamic_user_processing to 2026-01-17 00:00:00+00:00, run_after=2026-01-18 00:00:00+00:00
[2026-01-17T09:26:59.088+0000] {processor.py:208} INFO - Processing /opt/airflow/dags/dynamic_user_processing.py took 0.982 seconds
[2026-01-17T09:27:29.263+0000] {processor.py:186} INFO - Started process (PID=19275) to work on /opt/airflow/dags/dynamic_user_processing.py
[2026-01-17T09:27:29.265+0000] {processor.py:914} INFO - Processing file /opt/airflow/dags/dynamic_user_processing.py for tasks to queue
[2026-01-17T09:27:29.268+0000] {logging_mixin.py:190} INFO - [2026-01-17T09:27:29.267+0000] {dagbag.py:588} INFO - Filling up the DagBag from /opt/airflow/dags/dynamic_user_processing.py
[2026-01-17T09:27:30.087+0000] {processor.py:925} INFO - DAG(s) 'dynamic_user_processing' retrieved from /opt/airflow/dags/dynamic_user_processing.py
[2026-01-17T09:27:30.130+0000] {logging_mixin.py:190} INFO - [2026-01-17T09:27:30.129+0000] {dag.py:3239} INFO - Sync 1 DAGs
[2026-01-17T09:27:30.173+0000] {logging_mixin.py:190} INFO - [2026-01-17T09:27:30.173+0000] {dag.py:4180} INFO - Setting next_dagrun for dynamic_user_processing to 2026-01-17 00:00:00+00:00, run_after=2026-01-18 00:00:00+00:00
[2026-01-17T09:27:30.207+0000] {processor.py:208} INFO - Processing /opt/airflow/dags/dynamic_user_processing.py took 0.960 seconds
[2026-01-17T09:28:00.863+0000] {processor.py:186} INFO - Started process (PID=19299) to work on /opt/airflow/dags/dynamic_user_processing.py
[2026-01-17T09:28:00.865+0000] {processor.py:914} INFO - Processing file /opt/airflow/dags/dynamic_user_processing.py for tasks to queue
[2026-01-17T09:28:00.868+0000] {logging_mixin.py:190} INFO - [2026-01-17T09:28:00.867+0000] {dagbag.py:588} INFO - Filling up the DagBag from /opt/airflow/dags/dynamic_user_processing.py
[2026-01-17T09:28:01.656+0000] {processor.py:925} INFO - DAG(s) 'dynamic_user_processing' retrieved from /opt/airflow/dags/dynamic_user_processing.py
[2026-01-17T09:28:01.694+0000] {logging_mixin.py:190} INFO - [2026-01-17T09:28:01.693+0000] {dag.py:3239} INFO - Sync 1 DAGs
[2026-01-17T09:28:01.740+0000] {logging_mixin.py:190} INFO - [2026-01-17T09:28:01.739+0000] {dag.py:4180} INFO - Setting next_dagrun for dynamic_user_processing to 2026-01-17 00:00:00+00:00, run_after=2026-01-18 00:00:00+00:00
[2026-01-17T09:28:01.775+0000] {processor.py:208} INFO - Processing /opt/airflow/dags/dynamic_user_processing.py took 0.931 seconds
[2026-01-17T09:28:31.908+0000] {processor.py:186} INFO - Started process (PID=19324) to work on /opt/airflow/dags/dynamic_user_processing.py
[2026-01-17T09:28:31.909+0000] {processor.py:914} INFO - Processing file /opt/airflow/dags/dynamic_user_processing.py for tasks to queue
[2026-01-17T09:28:31.911+0000] {logging_mixin.py:190} INFO - [2026-01-17T09:28:31.911+0000] {dagbag.py:588} INFO - Filling up the DagBag from /opt/airflow/dags/dynamic_user_processing.py
[2026-01-17T09:28:32.677+0000] {processor.py:925} INFO - DAG(s) 'dynamic_user_processing' retrieved from /opt/airflow/dags/dynamic_user_processing.py
[2026-01-17T09:28:32.718+0000] {logging_mixin.py:190} INFO - [2026-01-17T09:28:32.717+0000] {dag.py:3239} INFO - Sync 1 DAGs
[2026-01-17T09:28:32.759+0000] {logging_mixin.py:190} INFO - [2026-01-17T09:28:32.759+0000] {dag.py:4180} INFO - Setting next_dagrun for dynamic_user_processing to 2026-01-17 00:00:00+00:00, run_after=2026-01-18 00:00:00+00:00
[2026-01-17T09:28:32.795+0000] {processor.py:208} INFO - Processing /opt/airflow/dags/dynamic_user_processing.py took 0.899 seconds
[2026-01-17T09:29:03.060+0000] {processor.py:186} INFO - Started process (PID=19348) to work on /opt/airflow/dags/dynamic_user_processing.py
[2026-01-17T09:29:03.062+0000] {processor.py:914} INFO - Processing file /opt/airflow/dags/dynamic_user_processing.py for tasks to queue
[2026-01-17T09:29:03.063+0000] {logging_mixin.py:190} INFO - [2026-01-17T09:29:03.063+0000] {dagbag.py:588} INFO - Filling up the DagBag from /opt/airflow/dags/dynamic_user_processing.py
[2026-01-17T09:29:04.216+0000] {processor.py:925} INFO - DAG(s) 'dynamic_user_processing' retrieved from /opt/airflow/dags/dynamic_user_processing.py
[2026-01-17T09:29:04.346+0000] {logging_mixin.py:190} INFO - [2026-01-17T09:29:04.344+0000] {dag.py:3239} INFO - Sync 1 DAGs
[2026-01-17T09:29:04.430+0000] {logging_mixin.py:190} INFO - [2026-01-17T09:29:04.430+0000] {dag.py:4180} INFO - Setting next_dagrun for dynamic_user_processing to 2026-01-17 00:00:00+00:00, run_after=2026-01-18 00:00:00+00:00
[2026-01-17T09:29:04.481+0000] {processor.py:208} INFO - Processing /opt/airflow/dags/dynamic_user_processing.py took 1.435 seconds
[2026-01-17T09:29:34.824+0000] {processor.py:186} INFO - Started process (PID=19374) to work on /opt/airflow/dags/dynamic_user_processing.py
[2026-01-17T09:29:34.829+0000] {processor.py:914} INFO - Processing file /opt/airflow/dags/dynamic_user_processing.py for tasks to queue
[2026-01-17T09:29:34.831+0000] {logging_mixin.py:190} INFO - [2026-01-17T09:29:34.830+0000] {dagbag.py:588} INFO - Filling up the DagBag from /opt/airflow/dags/dynamic_user_processing.py
[2026-01-17T09:29:35.961+0000] {processor.py:925} INFO - DAG(s) 'dynamic_user_processing' retrieved from /opt/airflow/dags/dynamic_user_processing.py
[2026-01-17T09:29:36.016+0000] {logging_mixin.py:190} INFO - [2026-01-17T09:29:36.016+0000] {dag.py:3239} INFO - Sync 1 DAGs
[2026-01-17T09:29:36.098+0000] {logging_mixin.py:190} INFO - [2026-01-17T09:29:36.097+0000] {dag.py:4180} INFO - Setting next_dagrun for dynamic_user_processing to 2026-01-17 00:00:00+00:00, run_after=2026-01-18 00:00:00+00:00
[2026-01-17T09:29:36.168+0000] {processor.py:208} INFO - Processing /opt/airflow/dags/dynamic_user_processing.py took 1.370 seconds
[2026-01-17T09:30:06.783+0000] {processor.py:186} INFO - Started process (PID=19399) to work on /opt/airflow/dags/dynamic_user_processing.py
[2026-01-17T09:30:06.785+0000] {processor.py:914} INFO - Processing file /opt/airflow/dags/dynamic_user_processing.py for tasks to queue
[2026-01-17T09:30:06.791+0000] {logging_mixin.py:190} INFO - [2026-01-17T09:30:06.790+0000] {dagbag.py:588} INFO - Filling up the DagBag from /opt/airflow/dags/dynamic_user_processing.py
[2026-01-17T09:30:07.919+0000] {processor.py:925} INFO - DAG(s) 'dynamic_user_processing' retrieved from /opt/airflow/dags/dynamic_user_processing.py
[2026-01-17T09:30:07.973+0000] {logging_mixin.py:190} INFO - [2026-01-17T09:30:07.972+0000] {dag.py:3239} INFO - Sync 1 DAGs
[2026-01-17T09:30:08.033+0000] {logging_mixin.py:190} INFO - [2026-01-17T09:30:08.032+0000] {dag.py:4180} INFO - Setting next_dagrun for dynamic_user_processing to 2026-01-17 00:00:00+00:00, run_after=2026-01-18 00:00:00+00:00
[2026-01-17T09:30:08.073+0000] {processor.py:208} INFO - Processing /opt/airflow/dags/dynamic_user_processing.py took 1.307 seconds
[2026-01-17T09:30:38.327+0000] {processor.py:186} INFO - Started process (PID=19423) to work on /opt/airflow/dags/dynamic_user_processing.py
[2026-01-17T09:30:38.330+0000] {processor.py:914} INFO - Processing file /opt/airflow/dags/dynamic_user_processing.py for tasks to queue
[2026-01-17T09:30:38.332+0000] {logging_mixin.py:190} INFO - [2026-01-17T09:30:38.331+0000] {dagbag.py:588} INFO - Filling up the DagBag from /opt/airflow/dags/dynamic_user_processing.py
[2026-01-17T09:30:39.220+0000] {processor.py:925} INFO - DAG(s) 'dynamic_user_processing' retrieved from /opt/airflow/dags/dynamic_user_processing.py
[2026-01-17T09:30:39.260+0000] {logging_mixin.py:190} INFO - [2026-01-17T09:30:39.258+0000] {dag.py:3239} INFO - Sync 1 DAGs
[2026-01-17T09:30:39.296+0000] {logging_mixin.py:190} INFO - [2026-01-17T09:30:39.295+0000] {dag.py:4180} INFO - Setting next_dagrun for dynamic_user_processing to 2026-01-17 00:00:00+00:00, run_after=2026-01-18 00:00:00+00:00
[2026-01-17T09:30:39.336+0000] {processor.py:208} INFO - Processing /opt/airflow/dags/dynamic_user_processing.py took 1.030 seconds
[2026-01-17T09:31:09.789+0000] {processor.py:186} INFO - Started process (PID=19447) to work on /opt/airflow/dags/dynamic_user_processing.py
[2026-01-17T09:31:09.793+0000] {processor.py:914} INFO - Processing file /opt/airflow/dags/dynamic_user_processing.py for tasks to queue
[2026-01-17T09:31:09.795+0000] {logging_mixin.py:190} INFO - [2026-01-17T09:31:09.795+0000] {dagbag.py:588} INFO - Filling up the DagBag from /opt/airflow/dags/dynamic_user_processing.py
[2026-01-17T09:31:11.044+0000] {processor.py:925} INFO - DAG(s) 'dynamic_user_processing' retrieved from /opt/airflow/dags/dynamic_user_processing.py
[2026-01-17T09:31:11.093+0000] {logging_mixin.py:190} INFO - [2026-01-17T09:31:11.090+0000] {dag.py:3239} INFO - Sync 1 DAGs
[2026-01-17T09:31:11.159+0000] {logging_mixin.py:190} INFO - [2026-01-17T09:31:11.158+0000] {dag.py:4180} INFO - Setting next_dagrun for dynamic_user_processing to 2026-01-17 00:00:00+00:00, run_after=2026-01-18 00:00:00+00:00
[2026-01-17T09:31:11.198+0000] {processor.py:208} INFO - Processing /opt/airflow/dags/dynamic_user_processing.py took 1.526 seconds
[2026-01-17T09:31:41.989+0000] {processor.py:186} INFO - Started process (PID=19471) to work on /opt/airflow/dags/dynamic_user_processing.py
[2026-01-17T09:31:41.995+0000] {processor.py:914} INFO - Processing file /opt/airflow/dags/dynamic_user_processing.py for tasks to queue
[2026-01-17T09:31:41.998+0000] {logging_mixin.py:190} INFO - [2026-01-17T09:31:41.997+0000] {dagbag.py:588} INFO - Filling up the DagBag from /opt/airflow/dags/dynamic_user_processing.py
[2026-01-17T09:31:43.295+0000] {processor.py:925} INFO - DAG(s) 'dynamic_user_processing' retrieved from /opt/airflow/dags/dynamic_user_processing.py
[2026-01-17T09:31:43.358+0000] {logging_mixin.py:190} INFO - [2026-01-17T09:31:43.356+0000] {dag.py:3239} INFO - Sync 1 DAGs
[2026-01-17T09:31:43.422+0000] {logging_mixin.py:190} INFO - [2026-01-17T09:31:43.421+0000] {dag.py:4180} INFO - Setting next_dagrun for dynamic_user_processing to 2026-01-17 00:00:00+00:00, run_after=2026-01-18 00:00:00+00:00
[2026-01-17T09:31:43.466+0000] {processor.py:208} INFO - Processing /opt/airflow/dags/dynamic_user_processing.py took 1.500 seconds
[2026-01-17T09:32:14.301+0000] {processor.py:186} INFO - Started process (PID=19501) to work on /opt/airflow/dags/dynamic_user_processing.py
[2026-01-17T09:32:14.304+0000] {processor.py:914} INFO - Processing file /opt/airflow/dags/dynamic_user_processing.py for tasks to queue
[2026-01-17T09:32:14.307+0000] {logging_mixin.py:190} INFO - [2026-01-17T09:32:14.306+0000] {dagbag.py:588} INFO - Filling up the DagBag from /opt/airflow/dags/dynamic_user_processing.py
[2026-01-17T09:32:15.373+0000] {processor.py:925} INFO - DAG(s) 'dynamic_user_processing' retrieved from /opt/airflow/dags/dynamic_user_processing.py
[2026-01-17T09:32:15.418+0000] {logging_mixin.py:190} INFO - [2026-01-17T09:32:15.417+0000] {dag.py:3239} INFO - Sync 1 DAGs
[2026-01-17T09:32:15.483+0000] {logging_mixin.py:190} INFO - [2026-01-17T09:32:15.482+0000] {dag.py:4180} INFO - Setting next_dagrun for dynamic_user_processing to 2026-01-17 00:00:00+00:00, run_after=2026-01-18 00:00:00+00:00
[2026-01-17T09:32:15.521+0000] {processor.py:208} INFO - Processing /opt/airflow/dags/dynamic_user_processing.py took 1.238 seconds
[2026-01-17T09:32:45.595+0000] {processor.py:186} INFO - Started process (PID=19525) to work on /opt/airflow/dags/dynamic_user_processing.py
[2026-01-17T09:32:45.596+0000] {processor.py:914} INFO - Processing file /opt/airflow/dags/dynamic_user_processing.py for tasks to queue
[2026-01-17T09:32:45.598+0000] {logging_mixin.py:190} INFO - [2026-01-17T09:32:45.598+0000] {dagbag.py:588} INFO - Filling up the DagBag from /opt/airflow/dags/dynamic_user_processing.py
[2026-01-17T09:32:46.415+0000] {processor.py:925} INFO - DAG(s) 'dynamic_user_processing' retrieved from /opt/airflow/dags/dynamic_user_processing.py
[2026-01-17T09:32:46.453+0000] {logging_mixin.py:190} INFO - [2026-01-17T09:32:46.452+0000] {dag.py:3239} INFO - Sync 1 DAGs
[2026-01-17T09:32:46.491+0000] {logging_mixin.py:190} INFO - [2026-01-17T09:32:46.491+0000] {dag.py:4180} INFO - Setting next_dagrun for dynamic_user_processing to 2026-01-17 00:00:00+00:00, run_after=2026-01-18 00:00:00+00:00
[2026-01-17T09:32:46.532+0000] {processor.py:208} INFO - Processing /opt/airflow/dags/dynamic_user_processing.py took 0.951 seconds
[2026-01-17T09:33:16.862+0000] {processor.py:186} INFO - Started process (PID=19549) to work on /opt/airflow/dags/dynamic_user_processing.py
[2026-01-17T09:33:16.864+0000] {processor.py:914} INFO - Processing file /opt/airflow/dags/dynamic_user_processing.py for tasks to queue
[2026-01-17T09:33:16.865+0000] {logging_mixin.py:190} INFO - [2026-01-17T09:33:16.865+0000] {dagbag.py:588} INFO - Filling up the DagBag from /opt/airflow/dags/dynamic_user_processing.py
[2026-01-17T09:33:17.661+0000] {processor.py:925} INFO - DAG(s) 'dynamic_user_processing' retrieved from /opt/airflow/dags/dynamic_user_processing.py
[2026-01-17T09:33:17.706+0000] {logging_mixin.py:190} INFO - [2026-01-17T09:33:17.705+0000] {dag.py:3239} INFO - Sync 1 DAGs
[2026-01-17T09:33:17.745+0000] {logging_mixin.py:190} INFO - [2026-01-17T09:33:17.744+0000] {dag.py:4180} INFO - Setting next_dagrun for dynamic_user_processing to 2026-01-17 00:00:00+00:00, run_after=2026-01-18 00:00:00+00:00
[2026-01-17T09:33:17.786+0000] {processor.py:208} INFO - Processing /opt/airflow/dags/dynamic_user_processing.py took 0.939 seconds
[2026-01-17T09:33:48.055+0000] {processor.py:186} INFO - Started process (PID=19573) to work on /opt/airflow/dags/dynamic_user_processing.py
[2026-01-17T09:33:48.058+0000] {processor.py:914} INFO - Processing file /opt/airflow/dags/dynamic_user_processing.py for tasks to queue
[2026-01-17T09:33:48.061+0000] {logging_mixin.py:190} INFO - [2026-01-17T09:33:48.061+0000] {dagbag.py:588} INFO - Filling up the DagBag from /opt/airflow/dags/dynamic_user_processing.py
[2026-01-17T09:33:48.934+0000] {processor.py:925} INFO - DAG(s) 'dynamic_user_processing' retrieved from /opt/airflow/dags/dynamic_user_processing.py
[2026-01-17T09:33:48.975+0000] {logging_mixin.py:190} INFO - [2026-01-17T09:33:48.973+0000] {dag.py:3239} INFO - Sync 1 DAGs
[2026-01-17T09:33:49.009+0000] {logging_mixin.py:190} INFO - [2026-01-17T09:33:49.009+0000] {dag.py:4180} INFO - Setting next_dagrun for dynamic_user_processing to 2026-01-17 00:00:00+00:00, run_after=2026-01-18 00:00:00+00:00
[2026-01-17T09:33:49.048+0000] {processor.py:208} INFO - Processing /opt/airflow/dags/dynamic_user_processing.py took 1.014 seconds
[2026-01-17T09:34:19.195+0000] {processor.py:186} INFO - Started process (PID=19598) to work on /opt/airflow/dags/dynamic_user_processing.py
[2026-01-17T09:34:19.197+0000] {processor.py:914} INFO - Processing file /opt/airflow/dags/dynamic_user_processing.py for tasks to queue
[2026-01-17T09:34:19.199+0000] {logging_mixin.py:190} INFO - [2026-01-17T09:34:19.199+0000] {dagbag.py:588} INFO - Filling up the DagBag from /opt/airflow/dags/dynamic_user_processing.py
[2026-01-17T09:34:20.151+0000] {processor.py:925} INFO - DAG(s) 'dynamic_user_processing' retrieved from /opt/airflow/dags/dynamic_user_processing.py
[2026-01-17T09:34:20.209+0000] {logging_mixin.py:190} INFO - [2026-01-17T09:34:20.206+0000] {dag.py:3239} INFO - Sync 1 DAGs
[2026-01-17T09:34:20.264+0000] {logging_mixin.py:190} INFO - [2026-01-17T09:34:20.263+0000] {dag.py:4180} INFO - Setting next_dagrun for dynamic_user_processing to 2026-01-17 00:00:00+00:00, run_after=2026-01-18 00:00:00+00:00
[2026-01-17T09:34:20.298+0000] {processor.py:208} INFO - Processing /opt/airflow/dags/dynamic_user_processing.py took 1.123 seconds
[2026-01-17T09:34:50.621+0000] {processor.py:186} INFO - Started process (PID=19622) to work on /opt/airflow/dags/dynamic_user_processing.py
[2026-01-17T09:34:50.626+0000] {processor.py:914} INFO - Processing file /opt/airflow/dags/dynamic_user_processing.py for tasks to queue
[2026-01-17T09:34:50.631+0000] {logging_mixin.py:190} INFO - [2026-01-17T09:34:50.630+0000] {dagbag.py:588} INFO - Filling up the DagBag from /opt/airflow/dags/dynamic_user_processing.py
[2026-01-17T09:34:51.549+0000] {processor.py:925} INFO - DAG(s) 'dynamic_user_processing' retrieved from /opt/airflow/dags/dynamic_user_processing.py
[2026-01-17T09:34:51.597+0000] {logging_mixin.py:190} INFO - [2026-01-17T09:34:51.596+0000] {dag.py:3239} INFO - Sync 1 DAGs
[2026-01-17T09:34:51.644+0000] {logging_mixin.py:190} INFO - [2026-01-17T09:34:51.644+0000] {dag.py:4180} INFO - Setting next_dagrun for dynamic_user_processing to 2026-01-17 00:00:00+00:00, run_after=2026-01-18 00:00:00+00:00
[2026-01-17T09:34:51.688+0000] {processor.py:208} INFO - Processing /opt/airflow/dags/dynamic_user_processing.py took 1.093 seconds
[2026-01-17T09:35:21.957+0000] {processor.py:186} INFO - Started process (PID=19646) to work on /opt/airflow/dags/dynamic_user_processing.py
[2026-01-17T09:35:21.961+0000] {processor.py:914} INFO - Processing file /opt/airflow/dags/dynamic_user_processing.py for tasks to queue
[2026-01-17T09:35:21.964+0000] {logging_mixin.py:190} INFO - [2026-01-17T09:35:21.963+0000] {dagbag.py:588} INFO - Filling up the DagBag from /opt/airflow/dags/dynamic_user_processing.py
[2026-01-17T09:35:24.062+0000] {processor.py:925} INFO - DAG(s) 'dynamic_user_processing' retrieved from /opt/airflow/dags/dynamic_user_processing.py
[2026-01-17T09:35:24.163+0000] {logging_mixin.py:190} INFO - [2026-01-17T09:35:24.162+0000] {dag.py:3239} INFO - Sync 1 DAGs
[2026-01-17T09:35:24.294+0000] {logging_mixin.py:190} INFO - [2026-01-17T09:35:24.293+0000] {dag.py:4180} INFO - Setting next_dagrun for dynamic_user_processing to 2026-01-17 00:00:00+00:00, run_after=2026-01-18 00:00:00+00:00
[2026-01-17T09:35:24.378+0000] {processor.py:208} INFO - Processing /opt/airflow/dags/dynamic_user_processing.py took 2.446 seconds
[2026-01-17T09:35:54.672+0000] {processor.py:186} INFO - Started process (PID=19670) to work on /opt/airflow/dags/dynamic_user_processing.py
[2026-01-17T09:35:54.675+0000] {processor.py:914} INFO - Processing file /opt/airflow/dags/dynamic_user_processing.py for tasks to queue
[2026-01-17T09:35:54.678+0000] {logging_mixin.py:190} INFO - [2026-01-17T09:35:54.677+0000] {dagbag.py:588} INFO - Filling up the DagBag from /opt/airflow/dags/dynamic_user_processing.py
[2026-01-17T09:35:55.508+0000] {processor.py:925} INFO - DAG(s) 'dynamic_user_processing' retrieved from /opt/airflow/dags/dynamic_user_processing.py
[2026-01-17T09:35:55.560+0000] {logging_mixin.py:190} INFO - [2026-01-17T09:35:55.559+0000] {dag.py:3239} INFO - Sync 1 DAGs
[2026-01-17T09:35:55.619+0000] {logging_mixin.py:190} INFO - [2026-01-17T09:35:55.618+0000] {dag.py:4180} INFO - Setting next_dagrun for dynamic_user_processing to 2026-01-17 00:00:00+00:00, run_after=2026-01-18 00:00:00+00:00
[2026-01-17T09:35:55.661+0000] {processor.py:208} INFO - Processing /opt/airflow/dags/dynamic_user_processing.py took 1.004 seconds
[2026-01-17T09:36:25.804+0000] {processor.py:186} INFO - Started process (PID=19694) to work on /opt/airflow/dags/dynamic_user_processing.py
[2026-01-17T09:36:25.806+0000] {processor.py:914} INFO - Processing file /opt/airflow/dags/dynamic_user_processing.py for tasks to queue
[2026-01-17T09:36:25.811+0000] {logging_mixin.py:190} INFO - [2026-01-17T09:36:25.810+0000] {dagbag.py:588} INFO - Filling up the DagBag from /opt/airflow/dags/dynamic_user_processing.py
[2026-01-17T09:36:26.630+0000] {processor.py:925} INFO - DAG(s) 'dynamic_user_processing' retrieved from /opt/airflow/dags/dynamic_user_processing.py
[2026-01-17T09:36:26.666+0000] {logging_mixin.py:190} INFO - [2026-01-17T09:36:26.665+0000] {dag.py:3239} INFO - Sync 1 DAGs
[2026-01-17T09:36:26.697+0000] {logging_mixin.py:190} INFO - [2026-01-17T09:36:26.696+0000] {dag.py:4180} INFO - Setting next_dagrun for dynamic_user_processing to 2026-01-17 00:00:00+00:00, run_after=2026-01-18 00:00:00+00:00
[2026-01-17T09:36:26.725+0000] {processor.py:208} INFO - Processing /opt/airflow/dags/dynamic_user_processing.py took 0.938 seconds
[2026-01-17T09:36:57.508+0000] {processor.py:186} INFO - Started process (PID=19718) to work on /opt/airflow/dags/dynamic_user_processing.py
[2026-01-17T09:36:57.510+0000] {processor.py:914} INFO - Processing file /opt/airflow/dags/dynamic_user_processing.py for tasks to queue
[2026-01-17T09:36:57.512+0000] {logging_mixin.py:190} INFO - [2026-01-17T09:36:57.511+0000] {dagbag.py:588} INFO - Filling up the DagBag from /opt/airflow/dags/dynamic_user_processing.py
[2026-01-17T09:36:58.329+0000] {processor.py:925} INFO - DAG(s) 'dynamic_user_processing' retrieved from /opt/airflow/dags/dynamic_user_processing.py
[2026-01-17T09:36:58.368+0000] {logging_mixin.py:190} INFO - [2026-01-17T09:36:58.367+0000] {dag.py:3239} INFO - Sync 1 DAGs
[2026-01-17T09:36:58.405+0000] {logging_mixin.py:190} INFO - [2026-01-17T09:36:58.404+0000] {dag.py:4180} INFO - Setting next_dagrun for dynamic_user_processing to 2026-01-17 00:00:00+00:00, run_after=2026-01-18 00:00:00+00:00
[2026-01-17T09:36:58.445+0000] {processor.py:208} INFO - Processing /opt/airflow/dags/dynamic_user_processing.py took 0.951 seconds
[2026-01-17T09:37:28.638+0000] {processor.py:186} INFO - Started process (PID=19743) to work on /opt/airflow/dags/dynamic_user_processing.py
[2026-01-17T09:37:28.640+0000] {processor.py:914} INFO - Processing file /opt/airflow/dags/dynamic_user_processing.py for tasks to queue
[2026-01-17T09:37:28.641+0000] {logging_mixin.py:190} INFO - [2026-01-17T09:37:28.641+0000] {dagbag.py:588} INFO - Filling up the DagBag from /opt/airflow/dags/dynamic_user_processing.py
[2026-01-17T09:37:29.474+0000] {processor.py:925} INFO - DAG(s) 'dynamic_user_processing' retrieved from /opt/airflow/dags/dynamic_user_processing.py
[2026-01-17T09:37:29.512+0000] {logging_mixin.py:190} INFO - [2026-01-17T09:37:29.511+0000] {dag.py:3239} INFO - Sync 1 DAGs
[2026-01-17T09:37:29.555+0000] {logging_mixin.py:190} INFO - [2026-01-17T09:37:29.555+0000] {dag.py:4180} INFO - Setting next_dagrun for dynamic_user_processing to 2026-01-17 00:00:00+00:00, run_after=2026-01-18 00:00:00+00:00
[2026-01-17T09:37:29.584+0000] {processor.py:208} INFO - Processing /opt/airflow/dags/dynamic_user_processing.py took 0.956 seconds
[2026-01-17T09:37:59.773+0000] {processor.py:186} INFO - Started process (PID=19768) to work on /opt/airflow/dags/dynamic_user_processing.py
[2026-01-17T09:37:59.775+0000] {processor.py:914} INFO - Processing file /opt/airflow/dags/dynamic_user_processing.py for tasks to queue
[2026-01-17T09:37:59.777+0000] {logging_mixin.py:190} INFO - [2026-01-17T09:37:59.776+0000] {dagbag.py:588} INFO - Filling up the DagBag from /opt/airflow/dags/dynamic_user_processing.py
[2026-01-17T09:38:00.613+0000] {processor.py:925} INFO - DAG(s) 'dynamic_user_processing' retrieved from /opt/airflow/dags/dynamic_user_processing.py
[2026-01-17T09:38:00.656+0000] {logging_mixin.py:190} INFO - [2026-01-17T09:38:00.654+0000] {dag.py:3239} INFO - Sync 1 DAGs
[2026-01-17T09:38:00.705+0000] {logging_mixin.py:190} INFO - [2026-01-17T09:38:00.704+0000] {dag.py:4180} INFO - Setting next_dagrun for dynamic_user_processing to 2026-01-17 00:00:00+00:00, run_after=2026-01-18 00:00:00+00:00
[2026-01-17T09:38:00.739+0000] {processor.py:208} INFO - Processing /opt/airflow/dags/dynamic_user_processing.py took 0.979 seconds
[2026-01-17T09:38:31.095+0000] {processor.py:186} INFO - Started process (PID=19792) to work on /opt/airflow/dags/dynamic_user_processing.py
[2026-01-17T09:38:31.097+0000] {processor.py:914} INFO - Processing file /opt/airflow/dags/dynamic_user_processing.py for tasks to queue
[2026-01-17T09:38:31.099+0000] {logging_mixin.py:190} INFO - [2026-01-17T09:38:31.098+0000] {dagbag.py:588} INFO - Filling up the DagBag from /opt/airflow/dags/dynamic_user_processing.py
[2026-01-17T09:38:32.266+0000] {processor.py:925} INFO - DAG(s) 'dynamic_user_processing' retrieved from /opt/airflow/dags/dynamic_user_processing.py
[2026-01-17T09:38:32.317+0000] {logging_mixin.py:190} INFO - [2026-01-17T09:38:32.316+0000] {dag.py:3239} INFO - Sync 1 DAGs
[2026-01-17T09:38:32.367+0000] {logging_mixin.py:190} INFO - [2026-01-17T09:38:32.366+0000] {dag.py:4180} INFO - Setting next_dagrun for dynamic_user_processing to 2026-01-17 00:00:00+00:00, run_after=2026-01-18 00:00:00+00:00
[2026-01-17T09:38:32.418+0000] {processor.py:208} INFO - Processing /opt/airflow/dags/dynamic_user_processing.py took 1.337 seconds
[2026-01-17T09:39:02.856+0000] {processor.py:186} INFO - Started process (PID=19816) to work on /opt/airflow/dags/dynamic_user_processing.py
[2026-01-17T09:39:02.861+0000] {processor.py:914} INFO - Processing file /opt/airflow/dags/dynamic_user_processing.py for tasks to queue
[2026-01-17T09:39:02.864+0000] {logging_mixin.py:190} INFO - [2026-01-17T09:39:02.863+0000] {dagbag.py:588} INFO - Filling up the DagBag from /opt/airflow/dags/dynamic_user_processing.py
[2026-01-17T09:39:03.888+0000] {processor.py:925} INFO - DAG(s) 'dynamic_user_processing' retrieved from /opt/airflow/dags/dynamic_user_processing.py
[2026-01-17T09:39:03.945+0000] {logging_mixin.py:190} INFO - [2026-01-17T09:39:03.943+0000] {dag.py:3239} INFO - Sync 1 DAGs
[2026-01-17T09:39:04.008+0000] {logging_mixin.py:190} INFO - [2026-01-17T09:39:04.007+0000] {dag.py:4180} INFO - Setting next_dagrun for dynamic_user_processing to 2026-01-17 00:00:00+00:00, run_after=2026-01-18 00:00:00+00:00
[2026-01-17T09:39:04.062+0000] {processor.py:208} INFO - Processing /opt/airflow/dags/dynamic_user_processing.py took 1.217 seconds
[2026-01-17T09:39:34.690+0000] {processor.py:186} INFO - Started process (PID=19840) to work on /opt/airflow/dags/dynamic_user_processing.py
[2026-01-17T09:39:34.692+0000] {processor.py:914} INFO - Processing file /opt/airflow/dags/dynamic_user_processing.py for tasks to queue
[2026-01-17T09:39:34.695+0000] {logging_mixin.py:190} INFO - [2026-01-17T09:39:34.694+0000] {dagbag.py:588} INFO - Filling up the DagBag from /opt/airflow/dags/dynamic_user_processing.py
[2026-01-17T09:39:35.506+0000] {processor.py:925} INFO - DAG(s) 'dynamic_user_processing' retrieved from /opt/airflow/dags/dynamic_user_processing.py
[2026-01-17T09:39:35.551+0000] {logging_mixin.py:190} INFO - [2026-01-17T09:39:35.550+0000] {dag.py:3239} INFO - Sync 1 DAGs
[2026-01-17T09:39:35.595+0000] {logging_mixin.py:190} INFO - [2026-01-17T09:39:35.595+0000] {dag.py:4180} INFO - Setting next_dagrun for dynamic_user_processing to 2026-01-17 00:00:00+00:00, run_after=2026-01-18 00:00:00+00:00
[2026-01-17T09:39:35.622+0000] {processor.py:208} INFO - Processing /opt/airflow/dags/dynamic_user_processing.py took 0.949 seconds
[2026-01-17T09:40:06.116+0000] {processor.py:186} INFO - Started process (PID=19864) to work on /opt/airflow/dags/dynamic_user_processing.py
[2026-01-17T09:40:06.118+0000] {processor.py:914} INFO - Processing file /opt/airflow/dags/dynamic_user_processing.py for tasks to queue
[2026-01-17T09:40:06.121+0000] {logging_mixin.py:190} INFO - [2026-01-17T09:40:06.121+0000] {dagbag.py:588} INFO - Filling up the DagBag from /opt/airflow/dags/dynamic_user_processing.py
[2026-01-17T09:40:07.012+0000] {processor.py:925} INFO - DAG(s) 'dynamic_user_processing' retrieved from /opt/airflow/dags/dynamic_user_processing.py
[2026-01-17T09:40:07.072+0000] {logging_mixin.py:190} INFO - [2026-01-17T09:40:07.071+0000] {dag.py:3239} INFO - Sync 1 DAGs
[2026-01-17T09:40:07.131+0000] {logging_mixin.py:190} INFO - [2026-01-17T09:40:07.130+0000] {dag.py:4180} INFO - Setting next_dagrun for dynamic_user_processing to 2026-01-17 00:00:00+00:00, run_after=2026-01-18 00:00:00+00:00
[2026-01-17T09:40:07.188+0000] {processor.py:208} INFO - Processing /opt/airflow/dags/dynamic_user_processing.py took 1.089 seconds
[2026-01-17T09:40:37.606+0000] {processor.py:186} INFO - Started process (PID=19888) to work on /opt/airflow/dags/dynamic_user_processing.py
[2026-01-17T09:40:37.610+0000] {processor.py:914} INFO - Processing file /opt/airflow/dags/dynamic_user_processing.py for tasks to queue
[2026-01-17T09:40:37.613+0000] {logging_mixin.py:190} INFO - [2026-01-17T09:40:37.612+0000] {dagbag.py:588} INFO - Filling up the DagBag from /opt/airflow/dags/dynamic_user_processing.py
[2026-01-17T09:40:38.532+0000] {processor.py:925} INFO - DAG(s) 'dynamic_user_processing' retrieved from /opt/airflow/dags/dynamic_user_processing.py
[2026-01-17T09:40:38.587+0000] {logging_mixin.py:190} INFO - [2026-01-17T09:40:38.586+0000] {dag.py:3239} INFO - Sync 1 DAGs
[2026-01-17T09:40:38.648+0000] {logging_mixin.py:190} INFO - [2026-01-17T09:40:38.647+0000] {dag.py:4180} INFO - Setting next_dagrun for dynamic_user_processing to 2026-01-17 00:00:00+00:00, run_after=2026-01-18 00:00:00+00:00
[2026-01-17T09:40:38.688+0000] {processor.py:208} INFO - Processing /opt/airflow/dags/dynamic_user_processing.py took 1.099 seconds
[2026-01-17T09:41:08.942+0000] {processor.py:186} INFO - Started process (PID=19913) to work on /opt/airflow/dags/dynamic_user_processing.py
[2026-01-17T09:41:08.945+0000] {processor.py:914} INFO - Processing file /opt/airflow/dags/dynamic_user_processing.py for tasks to queue
[2026-01-17T09:41:08.947+0000] {logging_mixin.py:190} INFO - [2026-01-17T09:41:08.946+0000] {dagbag.py:588} INFO - Filling up the DagBag from /opt/airflow/dags/dynamic_user_processing.py
[2026-01-17T09:41:09.847+0000] {processor.py:925} INFO - DAG(s) 'dynamic_user_processing' retrieved from /opt/airflow/dags/dynamic_user_processing.py
[2026-01-17T09:41:09.883+0000] {logging_mixin.py:190} INFO - [2026-01-17T09:41:09.882+0000] {dag.py:3239} INFO - Sync 1 DAGs
[2026-01-17T09:41:09.915+0000] {logging_mixin.py:190} INFO - [2026-01-17T09:41:09.915+0000] {dag.py:4180} INFO - Setting next_dagrun for dynamic_user_processing to 2026-01-17 00:00:00+00:00, run_after=2026-01-18 00:00:00+00:00
[2026-01-17T09:41:09.940+0000] {processor.py:208} INFO - Processing /opt/airflow/dags/dynamic_user_processing.py took 1.012 seconds
[2026-01-17T09:41:40.641+0000] {processor.py:186} INFO - Started process (PID=19937) to work on /opt/airflow/dags/dynamic_user_processing.py
[2026-01-17T09:41:40.643+0000] {processor.py:914} INFO - Processing file /opt/airflow/dags/dynamic_user_processing.py for tasks to queue
[2026-01-17T09:41:40.645+0000] {logging_mixin.py:190} INFO - [2026-01-17T09:41:40.645+0000] {dagbag.py:588} INFO - Filling up the DagBag from /opt/airflow/dags/dynamic_user_processing.py
[2026-01-17T09:41:41.556+0000] {processor.py:925} INFO - DAG(s) 'dynamic_user_processing' retrieved from /opt/airflow/dags/dynamic_user_processing.py
[2026-01-17T09:41:41.605+0000] {logging_mixin.py:190} INFO - [2026-01-17T09:41:41.604+0000] {dag.py:3239} INFO - Sync 1 DAGs
[2026-01-17T09:41:41.672+0000] {logging_mixin.py:190} INFO - [2026-01-17T09:41:41.671+0000] {dag.py:4180} INFO - Setting next_dagrun for dynamic_user_processing to 2026-01-17 00:00:00+00:00, run_after=2026-01-18 00:00:00+00:00
[2026-01-17T09:41:41.711+0000] {processor.py:208} INFO - Processing /opt/airflow/dags/dynamic_user_processing.py took 1.084 seconds
[2026-01-17T09:42:11.981+0000] {processor.py:186} INFO - Started process (PID=19962) to work on /opt/airflow/dags/dynamic_user_processing.py
[2026-01-17T09:42:11.983+0000] {processor.py:914} INFO - Processing file /opt/airflow/dags/dynamic_user_processing.py for tasks to queue
[2026-01-17T09:42:11.986+0000] {logging_mixin.py:190} INFO - [2026-01-17T09:42:11.985+0000] {dagbag.py:588} INFO - Filling up the DagBag from /opt/airflow/dags/dynamic_user_processing.py
[2026-01-17T09:42:12.969+0000] {processor.py:925} INFO - DAG(s) 'dynamic_user_processing' retrieved from /opt/airflow/dags/dynamic_user_processing.py
[2026-01-17T09:42:13.016+0000] {logging_mixin.py:190} INFO - [2026-01-17T09:42:13.015+0000] {dag.py:3239} INFO - Sync 1 DAGs
[2026-01-17T09:42:13.067+0000] {logging_mixin.py:190} INFO - [2026-01-17T09:42:13.066+0000] {dag.py:4180} INFO - Setting next_dagrun for dynamic_user_processing to 2026-01-17 00:00:00+00:00, run_after=2026-01-18 00:00:00+00:00
[2026-01-17T09:42:13.111+0000] {processor.py:208} INFO - Processing /opt/airflow/dags/dynamic_user_processing.py took 1.144 seconds
[2026-01-17T09:42:43.278+0000] {processor.py:186} INFO - Started process (PID=19986) to work on /opt/airflow/dags/dynamic_user_processing.py
[2026-01-17T09:42:43.279+0000] {processor.py:914} INFO - Processing file /opt/airflow/dags/dynamic_user_processing.py for tasks to queue
[2026-01-17T09:42:43.281+0000] {logging_mixin.py:190} INFO - [2026-01-17T09:42:43.281+0000] {dagbag.py:588} INFO - Filling up the DagBag from /opt/airflow/dags/dynamic_user_processing.py
[2026-01-17T09:42:44.076+0000] {processor.py:925} INFO - DAG(s) 'dynamic_user_processing' retrieved from /opt/airflow/dags/dynamic_user_processing.py
[2026-01-17T09:42:44.114+0000] {logging_mixin.py:190} INFO - [2026-01-17T09:42:44.113+0000] {dag.py:3239} INFO - Sync 1 DAGs
[2026-01-17T09:42:44.149+0000] {logging_mixin.py:190} INFO - [2026-01-17T09:42:44.149+0000] {dag.py:4180} INFO - Setting next_dagrun for dynamic_user_processing to 2026-01-17 00:00:00+00:00, run_after=2026-01-18 00:00:00+00:00
[2026-01-17T09:42:44.186+0000] {processor.py:208} INFO - Processing /opt/airflow/dags/dynamic_user_processing.py took 0.921 seconds
[2026-01-17T09:43:14.419+0000] {processor.py:186} INFO - Started process (PID=20010) to work on /opt/airflow/dags/dynamic_user_processing.py
[2026-01-17T09:43:14.422+0000] {processor.py:914} INFO - Processing file /opt/airflow/dags/dynamic_user_processing.py for tasks to queue
[2026-01-17T09:43:14.426+0000] {logging_mixin.py:190} INFO - [2026-01-17T09:43:14.425+0000] {dagbag.py:588} INFO - Filling up the DagBag from /opt/airflow/dags/dynamic_user_processing.py
[2026-01-17T09:43:15.459+0000] {processor.py:925} INFO - DAG(s) 'dynamic_user_processing' retrieved from /opt/airflow/dags/dynamic_user_processing.py
[2026-01-17T09:43:15.510+0000] {logging_mixin.py:190} INFO - [2026-01-17T09:43:15.509+0000] {dag.py:3239} INFO - Sync 1 DAGs
[2026-01-17T09:43:15.569+0000] {logging_mixin.py:190} INFO - [2026-01-17T09:43:15.569+0000] {dag.py:4180} INFO - Setting next_dagrun for dynamic_user_processing to 2026-01-17 00:00:00+00:00, run_after=2026-01-18 00:00:00+00:00
[2026-01-17T09:43:15.610+0000] {processor.py:208} INFO - Processing /opt/airflow/dags/dynamic_user_processing.py took 1.205 seconds
[2026-01-17T09:43:45.841+0000] {processor.py:186} INFO - Started process (PID=20034) to work on /opt/airflow/dags/dynamic_user_processing.py
[2026-01-17T09:43:45.843+0000] {processor.py:914} INFO - Processing file /opt/airflow/dags/dynamic_user_processing.py for tasks to queue
[2026-01-17T09:43:45.845+0000] {logging_mixin.py:190} INFO - [2026-01-17T09:43:45.845+0000] {dagbag.py:588} INFO - Filling up the DagBag from /opt/airflow/dags/dynamic_user_processing.py
[2026-01-17T09:43:46.775+0000] {processor.py:925} INFO - DAG(s) 'dynamic_user_processing' retrieved from /opt/airflow/dags/dynamic_user_processing.py
[2026-01-17T09:43:46.816+0000] {logging_mixin.py:190} INFO - [2026-01-17T09:43:46.815+0000] {dag.py:3239} INFO - Sync 1 DAGs
[2026-01-17T09:43:46.872+0000] {logging_mixin.py:190} INFO - [2026-01-17T09:43:46.871+0000] {dag.py:4180} INFO - Setting next_dagrun for dynamic_user_processing to 2026-01-17 00:00:00+00:00, run_after=2026-01-18 00:00:00+00:00
[2026-01-17T09:43:46.907+0000] {processor.py:208} INFO - Processing /opt/airflow/dags/dynamic_user_processing.py took 1.083 seconds
[2026-01-17T09:44:17.063+0000] {processor.py:186} INFO - Started process (PID=20064) to work on /opt/airflow/dags/dynamic_user_processing.py
[2026-01-17T09:44:17.067+0000] {processor.py:914} INFO - Processing file /opt/airflow/dags/dynamic_user_processing.py for tasks to queue
[2026-01-17T09:44:17.071+0000] {logging_mixin.py:190} INFO - [2026-01-17T09:44:17.070+0000] {dagbag.py:588} INFO - Filling up the DagBag from /opt/airflow/dags/dynamic_user_processing.py
[2026-01-17T09:44:18.205+0000] {processor.py:925} INFO - DAG(s) 'dynamic_user_processing' retrieved from /opt/airflow/dags/dynamic_user_processing.py
[2026-01-17T09:44:18.252+0000] {logging_mixin.py:190} INFO - [2026-01-17T09:44:18.251+0000] {dag.py:3239} INFO - Sync 1 DAGs
[2026-01-17T09:44:18.306+0000] {logging_mixin.py:190} INFO - [2026-01-17T09:44:18.305+0000] {dag.py:4180} INFO - Setting next_dagrun for dynamic_user_processing to 2026-01-17 00:00:00+00:00, run_after=2026-01-18 00:00:00+00:00
[2026-01-17T09:44:18.339+0000] {processor.py:208} INFO - Processing /opt/airflow/dags/dynamic_user_processing.py took 1.293 seconds
[2026-01-17T09:44:48.418+0000] {processor.py:186} INFO - Started process (PID=20088) to work on /opt/airflow/dags/dynamic_user_processing.py
[2026-01-17T09:44:48.419+0000] {processor.py:914} INFO - Processing file /opt/airflow/dags/dynamic_user_processing.py for tasks to queue
[2026-01-17T09:44:48.421+0000] {logging_mixin.py:190} INFO - [2026-01-17T09:44:48.421+0000] {dagbag.py:588} INFO - Filling up the DagBag from /opt/airflow/dags/dynamic_user_processing.py
[2026-01-17T09:44:49.294+0000] {processor.py:925} INFO - DAG(s) 'dynamic_user_processing' retrieved from /opt/airflow/dags/dynamic_user_processing.py
[2026-01-17T09:44:49.334+0000] {logging_mixin.py:190} INFO - [2026-01-17T09:44:49.333+0000] {dag.py:3239} INFO - Sync 1 DAGs
[2026-01-17T09:44:49.380+0000] {logging_mixin.py:190} INFO - [2026-01-17T09:44:49.379+0000] {dag.py:4180} INFO - Setting next_dagrun for dynamic_user_processing to 2026-01-17 00:00:00+00:00, run_after=2026-01-18 00:00:00+00:00
[2026-01-17T09:44:49.424+0000] {processor.py:208} INFO - Processing /opt/airflow/dags/dynamic_user_processing.py took 1.015 seconds
[2026-01-17T09:45:19.625+0000] {processor.py:186} INFO - Started process (PID=20112) to work on /opt/airflow/dags/dynamic_user_processing.py
[2026-01-17T09:45:19.627+0000] {processor.py:914} INFO - Processing file /opt/airflow/dags/dynamic_user_processing.py for tasks to queue
[2026-01-17T09:45:19.629+0000] {logging_mixin.py:190} INFO - [2026-01-17T09:45:19.629+0000] {dagbag.py:588} INFO - Filling up the DagBag from /opt/airflow/dags/dynamic_user_processing.py
[2026-01-17T09:45:20.466+0000] {processor.py:925} INFO - DAG(s) 'dynamic_user_processing' retrieved from /opt/airflow/dags/dynamic_user_processing.py
[2026-01-17T09:45:20.519+0000] {logging_mixin.py:190} INFO - [2026-01-17T09:45:20.517+0000] {dag.py:3239} INFO - Sync 1 DAGs
[2026-01-17T09:45:20.572+0000] {logging_mixin.py:190} INFO - [2026-01-17T09:45:20.572+0000] {dag.py:4180} INFO - Setting next_dagrun for dynamic_user_processing to 2026-01-17 00:00:00+00:00, run_after=2026-01-18 00:00:00+00:00
[2026-01-17T09:45:20.604+0000] {processor.py:208} INFO - Processing /opt/airflow/dags/dynamic_user_processing.py took 0.998 seconds
[2026-01-17T09:45:51.203+0000] {processor.py:186} INFO - Started process (PID=20137) to work on /opt/airflow/dags/dynamic_user_processing.py
[2026-01-17T09:45:51.206+0000] {processor.py:914} INFO - Processing file /opt/airflow/dags/dynamic_user_processing.py for tasks to queue
[2026-01-17T09:45:51.213+0000] {logging_mixin.py:190} INFO - [2026-01-17T09:45:51.211+0000] {dagbag.py:588} INFO - Filling up the DagBag from /opt/airflow/dags/dynamic_user_processing.py
[2026-01-17T09:45:52.779+0000] {processor.py:925} INFO - DAG(s) 'dynamic_user_processing' retrieved from /opt/airflow/dags/dynamic_user_processing.py
[2026-01-17T09:45:52.870+0000] {logging_mixin.py:190} INFO - [2026-01-17T09:45:52.869+0000] {dag.py:3239} INFO - Sync 1 DAGs
[2026-01-17T09:45:52.946+0000] {logging_mixin.py:190} INFO - [2026-01-17T09:45:52.946+0000] {dag.py:4180} INFO - Setting next_dagrun for dynamic_user_processing to 2026-01-17 00:00:00+00:00, run_after=2026-01-18 00:00:00+00:00
[2026-01-17T09:45:52.999+0000] {processor.py:208} INFO - Processing /opt/airflow/dags/dynamic_user_processing.py took 1.830 seconds
[2026-01-17T09:46:23.187+0000] {processor.py:186} INFO - Started process (PID=20161) to work on /opt/airflow/dags/dynamic_user_processing.py
[2026-01-17T09:46:23.188+0000] {processor.py:914} INFO - Processing file /opt/airflow/dags/dynamic_user_processing.py for tasks to queue
[2026-01-17T09:46:23.192+0000] {logging_mixin.py:190} INFO - [2026-01-17T09:46:23.190+0000] {dagbag.py:588} INFO - Filling up the DagBag from /opt/airflow/dags/dynamic_user_processing.py
[2026-01-17T09:46:24.164+0000] {processor.py:925} INFO - DAG(s) 'dynamic_user_processing' retrieved from /opt/airflow/dags/dynamic_user_processing.py
[2026-01-17T09:46:24.215+0000] {logging_mixin.py:190} INFO - [2026-01-17T09:46:24.214+0000] {dag.py:3239} INFO - Sync 1 DAGs
[2026-01-17T09:46:24.263+0000] {logging_mixin.py:190} INFO - [2026-01-17T09:46:24.263+0000] {dag.py:4180} INFO - Setting next_dagrun for dynamic_user_processing to 2026-01-17 00:00:00+00:00, run_after=2026-01-18 00:00:00+00:00
[2026-01-17T09:46:24.310+0000] {processor.py:208} INFO - Processing /opt/airflow/dags/dynamic_user_processing.py took 1.142 seconds
[2026-01-17T09:46:54.448+0000] {processor.py:186} INFO - Started process (PID=20185) to work on /opt/airflow/dags/dynamic_user_processing.py
[2026-01-17T09:46:54.452+0000] {processor.py:914} INFO - Processing file /opt/airflow/dags/dynamic_user_processing.py for tasks to queue
[2026-01-17T09:46:54.455+0000] {logging_mixin.py:190} INFO - [2026-01-17T09:46:54.455+0000] {dagbag.py:588} INFO - Filling up the DagBag from /opt/airflow/dags/dynamic_user_processing.py
[2026-01-17T09:46:55.187+0000] {processor.py:925} INFO - DAG(s) 'dynamic_user_processing' retrieved from /opt/airflow/dags/dynamic_user_processing.py
[2026-01-17T09:46:55.224+0000] {logging_mixin.py:190} INFO - [2026-01-17T09:46:55.223+0000] {dag.py:3239} INFO - Sync 1 DAGs
[2026-01-17T09:46:55.301+0000] {logging_mixin.py:190} INFO - [2026-01-17T09:46:55.300+0000] {dag.py:4180} INFO - Setting next_dagrun for dynamic_user_processing to 2026-01-17 00:00:00+00:00, run_after=2026-01-18 00:00:00+00:00
[2026-01-17T09:46:55.343+0000] {processor.py:208} INFO - Processing /opt/airflow/dags/dynamic_user_processing.py took 0.908 seconds
[2026-01-17T09:47:25.857+0000] {processor.py:186} INFO - Started process (PID=20209) to work on /opt/airflow/dags/dynamic_user_processing.py
[2026-01-17T09:47:25.858+0000] {processor.py:914} INFO - Processing file /opt/airflow/dags/dynamic_user_processing.py for tasks to queue
[2026-01-17T09:47:25.860+0000] {logging_mixin.py:190} INFO - [2026-01-17T09:47:25.859+0000] {dagbag.py:588} INFO - Filling up the DagBag from /opt/airflow/dags/dynamic_user_processing.py
[2026-01-17T09:47:26.667+0000] {processor.py:925} INFO - DAG(s) 'dynamic_user_processing' retrieved from /opt/airflow/dags/dynamic_user_processing.py
[2026-01-17T09:47:26.701+0000] {logging_mixin.py:190} INFO - [2026-01-17T09:47:26.699+0000] {dag.py:3239} INFO - Sync 1 DAGs
[2026-01-17T09:47:26.738+0000] {logging_mixin.py:190} INFO - [2026-01-17T09:47:26.738+0000] {dag.py:4180} INFO - Setting next_dagrun for dynamic_user_processing to 2026-01-17 00:00:00+00:00, run_after=2026-01-18 00:00:00+00:00
[2026-01-17T09:47:26.776+0000] {processor.py:208} INFO - Processing /opt/airflow/dags/dynamic_user_processing.py took 0.930 seconds
[2026-01-17T09:47:57.678+0000] {processor.py:186} INFO - Started process (PID=20233) to work on /opt/airflow/dags/dynamic_user_processing.py
[2026-01-17T09:47:57.680+0000] {processor.py:914} INFO - Processing file /opt/airflow/dags/dynamic_user_processing.py for tasks to queue
[2026-01-17T09:47:57.682+0000] {logging_mixin.py:190} INFO - [2026-01-17T09:47:57.682+0000] {dagbag.py:588} INFO - Filling up the DagBag from /opt/airflow/dags/dynamic_user_processing.py
[2026-01-17T09:47:58.663+0000] {processor.py:925} INFO - DAG(s) 'dynamic_user_processing' retrieved from /opt/airflow/dags/dynamic_user_processing.py
[2026-01-17T09:47:58.708+0000] {logging_mixin.py:190} INFO - [2026-01-17T09:47:58.707+0000] {dag.py:3239} INFO - Sync 1 DAGs
[2026-01-17T09:47:58.751+0000] {logging_mixin.py:190} INFO - [2026-01-17T09:47:58.751+0000] {dag.py:4180} INFO - Setting next_dagrun for dynamic_user_processing to 2026-01-17 00:00:00+00:00, run_after=2026-01-18 00:00:00+00:00
[2026-01-17T09:47:58.795+0000] {processor.py:208} INFO - Processing /opt/airflow/dags/dynamic_user_processing.py took 1.128 seconds
[2026-01-17T09:48:29.608+0000] {processor.py:186} INFO - Started process (PID=20257) to work on /opt/airflow/dags/dynamic_user_processing.py
[2026-01-17T09:48:29.611+0000] {processor.py:914} INFO - Processing file /opt/airflow/dags/dynamic_user_processing.py for tasks to queue
[2026-01-17T09:48:29.614+0000] {logging_mixin.py:190} INFO - [2026-01-17T09:48:29.613+0000] {dagbag.py:588} INFO - Filling up the DagBag from /opt/airflow/dags/dynamic_user_processing.py
[2026-01-17T09:48:30.413+0000] {processor.py:925} INFO - DAG(s) 'dynamic_user_processing' retrieved from /opt/airflow/dags/dynamic_user_processing.py
[2026-01-17T09:48:30.449+0000] {logging_mixin.py:190} INFO - [2026-01-17T09:48:30.448+0000] {dag.py:3239} INFO - Sync 1 DAGs
[2026-01-17T09:48:30.486+0000] {logging_mixin.py:190} INFO - [2026-01-17T09:48:30.486+0000] {dag.py:4180} INFO - Setting next_dagrun for dynamic_user_processing to 2026-01-17 00:00:00+00:00, run_after=2026-01-18 00:00:00+00:00
[2026-01-17T09:48:30.521+0000] {processor.py:208} INFO - Processing /opt/airflow/dags/dynamic_user_processing.py took 0.926 seconds
[2026-01-17T09:49:01.261+0000] {processor.py:186} INFO - Started process (PID=20281) to work on /opt/airflow/dags/dynamic_user_processing.py
[2026-01-17T09:49:01.263+0000] {processor.py:914} INFO - Processing file /opt/airflow/dags/dynamic_user_processing.py for tasks to queue
[2026-01-17T09:49:01.266+0000] {logging_mixin.py:190} INFO - [2026-01-17T09:49:01.265+0000] {dagbag.py:588} INFO - Filling up the DagBag from /opt/airflow/dags/dynamic_user_processing.py
[2026-01-17T09:49:02.090+0000] {processor.py:925} INFO - DAG(s) 'dynamic_user_processing' retrieved from /opt/airflow/dags/dynamic_user_processing.py
[2026-01-17T09:49:02.128+0000] {logging_mixin.py:190} INFO - [2026-01-17T09:49:02.127+0000] {dag.py:3239} INFO - Sync 1 DAGs
[2026-01-17T09:49:02.164+0000] {logging_mixin.py:190} INFO - [2026-01-17T09:49:02.163+0000] {dag.py:4180} INFO - Setting next_dagrun for dynamic_user_processing to 2026-01-17 00:00:00+00:00, run_after=2026-01-18 00:00:00+00:00
[2026-01-17T09:49:02.195+0000] {processor.py:208} INFO - Processing /opt/airflow/dags/dynamic_user_processing.py took 0.945 seconds
[2026-01-17T09:49:33.004+0000] {processor.py:186} INFO - Started process (PID=20305) to work on /opt/airflow/dags/dynamic_user_processing.py
[2026-01-17T09:49:33.006+0000] {processor.py:914} INFO - Processing file /opt/airflow/dags/dynamic_user_processing.py for tasks to queue
[2026-01-17T09:49:33.009+0000] {logging_mixin.py:190} INFO - [2026-01-17T09:49:33.008+0000] {dagbag.py:588} INFO - Filling up the DagBag from /opt/airflow/dags/dynamic_user_processing.py
[2026-01-17T09:49:33.816+0000] {processor.py:925} INFO - DAG(s) 'dynamic_user_processing' retrieved from /opt/airflow/dags/dynamic_user_processing.py
[2026-01-17T09:49:33.865+0000] {logging_mixin.py:190} INFO - [2026-01-17T09:49:33.864+0000] {dag.py:3239} INFO - Sync 1 DAGs
[2026-01-17T09:49:33.907+0000] {logging_mixin.py:190} INFO - [2026-01-17T09:49:33.907+0000] {dag.py:4180} INFO - Setting next_dagrun for dynamic_user_processing to 2026-01-17 00:00:00+00:00, run_after=2026-01-18 00:00:00+00:00
[2026-01-17T09:49:33.938+0000] {processor.py:208} INFO - Processing /opt/airflow/dags/dynamic_user_processing.py took 0.948 seconds
[2026-01-17T09:50:04.086+0000] {processor.py:186} INFO - Started process (PID=20330) to work on /opt/airflow/dags/dynamic_user_processing.py
[2026-01-17T09:50:04.088+0000] {processor.py:914} INFO - Processing file /opt/airflow/dags/dynamic_user_processing.py for tasks to queue
[2026-01-17T09:50:04.093+0000] {logging_mixin.py:190} INFO - [2026-01-17T09:50:04.091+0000] {dagbag.py:588} INFO - Filling up the DagBag from /opt/airflow/dags/dynamic_user_processing.py
[2026-01-17T09:50:05.425+0000] {processor.py:925} INFO - DAG(s) 'dynamic_user_processing' retrieved from /opt/airflow/dags/dynamic_user_processing.py
[2026-01-17T09:50:05.494+0000] {logging_mixin.py:190} INFO - [2026-01-17T09:50:05.492+0000] {dag.py:3239} INFO - Sync 1 DAGs
[2026-01-17T09:50:05.552+0000] {logging_mixin.py:190} INFO - [2026-01-17T09:50:05.552+0000] {dag.py:4180} INFO - Setting next_dagrun for dynamic_user_processing to 2026-01-17 00:00:00+00:00, run_after=2026-01-18 00:00:00+00:00
[2026-01-17T09:50:05.607+0000] {processor.py:208} INFO - Processing /opt/airflow/dags/dynamic_user_processing.py took 1.548 seconds
[2026-01-17T09:50:36.188+0000] {processor.py:186} INFO - Started process (PID=20353) to work on /opt/airflow/dags/dynamic_user_processing.py
[2026-01-17T09:50:36.190+0000] {processor.py:914} INFO - Processing file /opt/airflow/dags/dynamic_user_processing.py for tasks to queue
[2026-01-17T09:50:36.193+0000] {logging_mixin.py:190} INFO - [2026-01-17T09:50:36.192+0000] {dagbag.py:588} INFO - Filling up the DagBag from /opt/airflow/dags/dynamic_user_processing.py
[2026-01-17T09:50:37.340+0000] {processor.py:925} INFO - DAG(s) 'dynamic_user_processing' retrieved from /opt/airflow/dags/dynamic_user_processing.py
[2026-01-17T09:50:37.410+0000] {logging_mixin.py:190} INFO - [2026-01-17T09:50:37.409+0000] {dag.py:3239} INFO - Sync 1 DAGs
[2026-01-17T09:50:37.463+0000] {logging_mixin.py:190} INFO - [2026-01-17T09:50:37.462+0000] {dag.py:4180} INFO - Setting next_dagrun for dynamic_user_processing to 2026-01-17 00:00:00+00:00, run_after=2026-01-18 00:00:00+00:00
[2026-01-17T09:50:37.506+0000] {processor.py:208} INFO - Processing /opt/airflow/dags/dynamic_user_processing.py took 1.335 seconds
[2026-01-17T09:51:08.369+0000] {processor.py:186} INFO - Started process (PID=20377) to work on /opt/airflow/dags/dynamic_user_processing.py
[2026-01-17T09:51:08.372+0000] {processor.py:914} INFO - Processing file /opt/airflow/dags/dynamic_user_processing.py for tasks to queue
[2026-01-17T09:51:08.375+0000] {logging_mixin.py:190} INFO - [2026-01-17T09:51:08.374+0000] {dagbag.py:588} INFO - Filling up the DagBag from /opt/airflow/dags/dynamic_user_processing.py
[2026-01-17T09:51:09.405+0000] {processor.py:925} INFO - DAG(s) 'dynamic_user_processing' retrieved from /opt/airflow/dags/dynamic_user_processing.py
[2026-01-17T09:51:09.454+0000] {logging_mixin.py:190} INFO - [2026-01-17T09:51:09.453+0000] {dag.py:3239} INFO - Sync 1 DAGs
[2026-01-17T09:51:09.505+0000] {logging_mixin.py:190} INFO - [2026-01-17T09:51:09.504+0000] {dag.py:4180} INFO - Setting next_dagrun for dynamic_user_processing to 2026-01-17 00:00:00+00:00, run_after=2026-01-18 00:00:00+00:00
[2026-01-17T09:51:09.546+0000] {processor.py:208} INFO - Processing /opt/airflow/dags/dynamic_user_processing.py took 1.191 seconds
[2026-01-17T09:51:39.919+0000] {processor.py:186} INFO - Started process (PID=20401) to work on /opt/airflow/dags/dynamic_user_processing.py
[2026-01-17T09:51:39.921+0000] {processor.py:914} INFO - Processing file /opt/airflow/dags/dynamic_user_processing.py for tasks to queue
[2026-01-17T09:51:39.923+0000] {logging_mixin.py:190} INFO - [2026-01-17T09:51:39.922+0000] {dagbag.py:588} INFO - Filling up the DagBag from /opt/airflow/dags/dynamic_user_processing.py
[2026-01-17T09:51:40.820+0000] {processor.py:925} INFO - DAG(s) 'dynamic_user_processing' retrieved from /opt/airflow/dags/dynamic_user_processing.py
[2026-01-17T09:51:40.859+0000] {logging_mixin.py:190} INFO - [2026-01-17T09:51:40.859+0000] {dag.py:3239} INFO - Sync 1 DAGs
[2026-01-17T09:51:40.905+0000] {logging_mixin.py:190} INFO - [2026-01-17T09:51:40.904+0000] {dag.py:4180} INFO - Setting next_dagrun for dynamic_user_processing to 2026-01-17 00:00:00+00:00, run_after=2026-01-18 00:00:00+00:00
[2026-01-17T09:51:40.931+0000] {processor.py:208} INFO - Processing /opt/airflow/dags/dynamic_user_processing.py took 1.023 seconds
[2026-01-17T09:52:11.779+0000] {processor.py:186} INFO - Started process (PID=20425) to work on /opt/airflow/dags/dynamic_user_processing.py
[2026-01-17T09:52:11.781+0000] {processor.py:914} INFO - Processing file /opt/airflow/dags/dynamic_user_processing.py for tasks to queue
[2026-01-17T09:52:11.787+0000] {logging_mixin.py:190} INFO - [2026-01-17T09:52:11.786+0000] {dagbag.py:588} INFO - Filling up the DagBag from /opt/airflow/dags/dynamic_user_processing.py
[2026-01-17T09:52:13.028+0000] {processor.py:925} INFO - DAG(s) 'dynamic_user_processing' retrieved from /opt/airflow/dags/dynamic_user_processing.py
[2026-01-17T09:52:13.086+0000] {logging_mixin.py:190} INFO - [2026-01-17T09:52:13.084+0000] {dag.py:3239} INFO - Sync 1 DAGs
[2026-01-17T09:52:13.146+0000] {logging_mixin.py:190} INFO - [2026-01-17T09:52:13.146+0000] {dag.py:4180} INFO - Setting next_dagrun for dynamic_user_processing to 2026-01-17 00:00:00+00:00, run_after=2026-01-18 00:00:00+00:00
[2026-01-17T09:52:13.194+0000] {processor.py:208} INFO - Processing /opt/airflow/dags/dynamic_user_processing.py took 1.433 seconds
[2026-01-17T09:52:44.005+0000] {processor.py:186} INFO - Started process (PID=20449) to work on /opt/airflow/dags/dynamic_user_processing.py
[2026-01-17T09:52:44.008+0000] {processor.py:914} INFO - Processing file /opt/airflow/dags/dynamic_user_processing.py for tasks to queue
[2026-01-17T09:52:44.011+0000] {logging_mixin.py:190} INFO - [2026-01-17T09:52:44.009+0000] {dagbag.py:588} INFO - Filling up the DagBag from /opt/airflow/dags/dynamic_user_processing.py
[2026-01-17T09:52:45.215+0000] {processor.py:925} INFO - DAG(s) 'dynamic_user_processing' retrieved from /opt/airflow/dags/dynamic_user_processing.py
[2026-01-17T09:52:45.276+0000] {logging_mixin.py:190} INFO - [2026-01-17T09:52:45.273+0000] {dag.py:3239} INFO - Sync 1 DAGs
[2026-01-17T09:52:45.329+0000] {logging_mixin.py:190} INFO - [2026-01-17T09:52:45.328+0000] {dag.py:4180} INFO - Setting next_dagrun for dynamic_user_processing to 2026-01-17 00:00:00+00:00, run_after=2026-01-18 00:00:00+00:00
[2026-01-17T09:52:45.375+0000] {processor.py:208} INFO - Processing /opt/airflow/dags/dynamic_user_processing.py took 1.397 seconds
[2026-01-17T09:53:15.836+0000] {processor.py:186} INFO - Started process (PID=20473) to work on /opt/airflow/dags/dynamic_user_processing.py
[2026-01-17T09:53:15.839+0000] {processor.py:914} INFO - Processing file /opt/airflow/dags/dynamic_user_processing.py for tasks to queue
[2026-01-17T09:53:15.843+0000] {logging_mixin.py:190} INFO - [2026-01-17T09:53:15.842+0000] {dagbag.py:588} INFO - Filling up the DagBag from /opt/airflow/dags/dynamic_user_processing.py
[2026-01-17T09:53:17.079+0000] {processor.py:925} INFO - DAG(s) 'dynamic_user_processing' retrieved from /opt/airflow/dags/dynamic_user_processing.py
[2026-01-17T09:53:17.144+0000] {logging_mixin.py:190} INFO - [2026-01-17T09:53:17.143+0000] {dag.py:3239} INFO - Sync 1 DAGs
[2026-01-17T09:53:17.195+0000] {logging_mixin.py:190} INFO - [2026-01-17T09:53:17.194+0000] {dag.py:4180} INFO - Setting next_dagrun for dynamic_user_processing to 2026-01-17 00:00:00+00:00, run_after=2026-01-18 00:00:00+00:00
[2026-01-17T09:53:17.239+0000] {processor.py:208} INFO - Processing /opt/airflow/dags/dynamic_user_processing.py took 1.421 seconds
[2026-01-17T09:53:47.397+0000] {processor.py:186} INFO - Started process (PID=20497) to work on /opt/airflow/dags/dynamic_user_processing.py
[2026-01-17T09:53:47.414+0000] {processor.py:914} INFO - Processing file /opt/airflow/dags/dynamic_user_processing.py for tasks to queue
[2026-01-17T09:53:47.420+0000] {logging_mixin.py:190} INFO - [2026-01-17T09:53:47.418+0000] {dagbag.py:588} INFO - Filling up the DagBag from /opt/airflow/dags/dynamic_user_processing.py
[2026-01-17T09:53:48.419+0000] {processor.py:925} INFO - DAG(s) 'dynamic_user_processing' retrieved from /opt/airflow/dags/dynamic_user_processing.py
[2026-01-17T09:53:48.480+0000] {logging_mixin.py:190} INFO - [2026-01-17T09:53:48.479+0000] {dag.py:3239} INFO - Sync 1 DAGs
[2026-01-17T09:53:48.541+0000] {logging_mixin.py:190} INFO - [2026-01-17T09:53:48.540+0000] {dag.py:4180} INFO - Setting next_dagrun for dynamic_user_processing to 2026-01-17 00:00:00+00:00, run_after=2026-01-18 00:00:00+00:00
[2026-01-17T09:53:48.591+0000] {processor.py:208} INFO - Processing /opt/airflow/dags/dynamic_user_processing.py took 1.235 seconds
[2026-01-17T09:54:18.738+0000] {processor.py:186} INFO - Started process (PID=20521) to work on /opt/airflow/dags/dynamic_user_processing.py
[2026-01-17T09:54:18.740+0000] {processor.py:914} INFO - Processing file /opt/airflow/dags/dynamic_user_processing.py for tasks to queue
[2026-01-17T09:54:18.742+0000] {logging_mixin.py:190} INFO - [2026-01-17T09:54:18.741+0000] {dagbag.py:588} INFO - Filling up the DagBag from /opt/airflow/dags/dynamic_user_processing.py
[2026-01-17T09:54:19.793+0000] {processor.py:925} INFO - DAG(s) 'dynamic_user_processing' retrieved from /opt/airflow/dags/dynamic_user_processing.py
[2026-01-17T09:54:19.854+0000] {logging_mixin.py:190} INFO - [2026-01-17T09:54:19.853+0000] {dag.py:3239} INFO - Sync 1 DAGs
[2026-01-17T09:54:19.913+0000] {logging_mixin.py:190} INFO - [2026-01-17T09:54:19.912+0000] {dag.py:4180} INFO - Setting next_dagrun for dynamic_user_processing to 2026-01-17 00:00:00+00:00, run_after=2026-01-18 00:00:00+00:00
[2026-01-17T09:54:19.954+0000] {processor.py:208} INFO - Processing /opt/airflow/dags/dynamic_user_processing.py took 1.233 seconds
[2026-01-17T09:54:50.306+0000] {processor.py:186} INFO - Started process (PID=20551) to work on /opt/airflow/dags/dynamic_user_processing.py
[2026-01-17T09:54:50.321+0000] {processor.py:914} INFO - Processing file /opt/airflow/dags/dynamic_user_processing.py for tasks to queue
[2026-01-17T09:54:50.324+0000] {logging_mixin.py:190} INFO - [2026-01-17T09:54:50.324+0000] {dagbag.py:588} INFO - Filling up the DagBag from /opt/airflow/dags/dynamic_user_processing.py
[2026-01-17T09:54:51.516+0000] {processor.py:925} INFO - DAG(s) 'dynamic_user_processing' retrieved from /opt/airflow/dags/dynamic_user_processing.py
[2026-01-17T09:54:51.581+0000] {logging_mixin.py:190} INFO - [2026-01-17T09:54:51.579+0000] {dag.py:3239} INFO - Sync 1 DAGs
[2026-01-17T09:54:51.641+0000] {logging_mixin.py:190} INFO - [2026-01-17T09:54:51.640+0000] {dag.py:4180} INFO - Setting next_dagrun for dynamic_user_processing to 2026-01-17 00:00:00+00:00, run_after=2026-01-18 00:00:00+00:00
[2026-01-17T09:54:51.695+0000] {processor.py:208} INFO - Processing /opt/airflow/dags/dynamic_user_processing.py took 1.406 seconds
[2026-01-17T09:55:21.942+0000] {processor.py:186} INFO - Started process (PID=20575) to work on /opt/airflow/dags/dynamic_user_processing.py
[2026-01-17T09:55:21.945+0000] {processor.py:914} INFO - Processing file /opt/airflow/dags/dynamic_user_processing.py for tasks to queue
[2026-01-17T09:55:21.952+0000] {logging_mixin.py:190} INFO - [2026-01-17T09:55:21.948+0000] {dagbag.py:588} INFO - Filling up the DagBag from /opt/airflow/dags/dynamic_user_processing.py
[2026-01-17T09:55:23.146+0000] {processor.py:925} INFO - DAG(s) 'dynamic_user_processing' retrieved from /opt/airflow/dags/dynamic_user_processing.py
[2026-01-17T09:55:23.204+0000] {logging_mixin.py:190} INFO - [2026-01-17T09:55:23.203+0000] {dag.py:3239} INFO - Sync 1 DAGs
[2026-01-17T09:55:23.272+0000] {logging_mixin.py:190} INFO - [2026-01-17T09:55:23.272+0000] {dag.py:4180} INFO - Setting next_dagrun for dynamic_user_processing to 2026-01-17 00:00:00+00:00, run_after=2026-01-18 00:00:00+00:00
[2026-01-17T09:55:23.314+0000] {processor.py:208} INFO - Processing /opt/airflow/dags/dynamic_user_processing.py took 1.391 seconds
[2026-01-17T09:55:53.467+0000] {processor.py:186} INFO - Started process (PID=20600) to work on /opt/airflow/dags/dynamic_user_processing.py
[2026-01-17T09:55:53.469+0000] {processor.py:914} INFO - Processing file /opt/airflow/dags/dynamic_user_processing.py for tasks to queue
[2026-01-17T09:55:53.472+0000] {logging_mixin.py:190} INFO - [2026-01-17T09:55:53.471+0000] {dagbag.py:588} INFO - Filling up the DagBag from /opt/airflow/dags/dynamic_user_processing.py
[2026-01-17T09:55:54.249+0000] {processor.py:925} INFO - DAG(s) 'dynamic_user_processing' retrieved from /opt/airflow/dags/dynamic_user_processing.py
[2026-01-17T09:55:54.287+0000] {logging_mixin.py:190} INFO - [2026-01-17T09:55:54.285+0000] {dag.py:3239} INFO - Sync 1 DAGs
[2026-01-17T09:55:54.331+0000] {logging_mixin.py:190} INFO - [2026-01-17T09:55:54.331+0000] {dag.py:4180} INFO - Setting next_dagrun for dynamic_user_processing to 2026-01-17 00:00:00+00:00, run_after=2026-01-18 00:00:00+00:00
[2026-01-17T09:55:54.362+0000] {processor.py:208} INFO - Processing /opt/airflow/dags/dynamic_user_processing.py took 0.913 seconds
[2026-01-17T09:56:25.037+0000] {processor.py:186} INFO - Started process (PID=20624) to work on /opt/airflow/dags/dynamic_user_processing.py
[2026-01-17T09:56:25.040+0000] {processor.py:914} INFO - Processing file /opt/airflow/dags/dynamic_user_processing.py for tasks to queue
[2026-01-17T09:56:25.044+0000] {logging_mixin.py:190} INFO - [2026-01-17T09:56:25.043+0000] {dagbag.py:588} INFO - Filling up the DagBag from /opt/airflow/dags/dynamic_user_processing.py
[2026-01-17T09:56:25.762+0000] {processor.py:925} INFO - DAG(s) 'dynamic_user_processing' retrieved from /opt/airflow/dags/dynamic_user_processing.py
[2026-01-17T09:56:25.795+0000] {logging_mixin.py:190} INFO - [2026-01-17T09:56:25.794+0000] {dag.py:3239} INFO - Sync 1 DAGs
[2026-01-17T09:56:25.827+0000] {logging_mixin.py:190} INFO - [2026-01-17T09:56:25.826+0000] {dag.py:4180} INFO - Setting next_dagrun for dynamic_user_processing to 2026-01-17 00:00:00+00:00, run_after=2026-01-18 00:00:00+00:00
[2026-01-17T09:56:25.858+0000] {processor.py:208} INFO - Processing /opt/airflow/dags/dynamic_user_processing.py took 0.843 seconds
[2026-01-17T09:56:56.424+0000] {processor.py:186} INFO - Started process (PID=20647) to work on /opt/airflow/dags/dynamic_user_processing.py
[2026-01-17T09:56:56.426+0000] {processor.py:914} INFO - Processing file /opt/airflow/dags/dynamic_user_processing.py for tasks to queue
[2026-01-17T09:56:56.429+0000] {logging_mixin.py:190} INFO - [2026-01-17T09:56:56.428+0000] {dagbag.py:588} INFO - Filling up the DagBag from /opt/airflow/dags/dynamic_user_processing.py
[2026-01-17T09:56:57.143+0000] {processor.py:925} INFO - DAG(s) 'dynamic_user_processing' retrieved from /opt/airflow/dags/dynamic_user_processing.py
[2026-01-17T09:56:57.176+0000] {logging_mixin.py:190} INFO - [2026-01-17T09:56:57.175+0000] {dag.py:3239} INFO - Sync 1 DAGs
[2026-01-17T09:56:57.208+0000] {logging_mixin.py:190} INFO - [2026-01-17T09:56:57.208+0000] {dag.py:4180} INFO - Setting next_dagrun for dynamic_user_processing to 2026-01-17 00:00:00+00:00, run_after=2026-01-18 00:00:00+00:00
[2026-01-17T09:56:57.252+0000] {processor.py:208} INFO - Processing /opt/airflow/dags/dynamic_user_processing.py took 0.847 seconds
[2026-01-17T09:57:27.788+0000] {processor.py:186} INFO - Started process (PID=20671) to work on /opt/airflow/dags/dynamic_user_processing.py
[2026-01-17T09:57:27.791+0000] {processor.py:914} INFO - Processing file /opt/airflow/dags/dynamic_user_processing.py for tasks to queue
[2026-01-17T09:57:27.795+0000] {logging_mixin.py:190} INFO - [2026-01-17T09:57:27.794+0000] {dagbag.py:588} INFO - Filling up the DagBag from /opt/airflow/dags/dynamic_user_processing.py
[2026-01-17T09:57:28.617+0000] {processor.py:925} INFO - DAG(s) 'dynamic_user_processing' retrieved from /opt/airflow/dags/dynamic_user_processing.py
[2026-01-17T09:57:28.650+0000] {logging_mixin.py:190} INFO - [2026-01-17T09:57:28.649+0000] {dag.py:3239} INFO - Sync 1 DAGs
[2026-01-17T09:57:28.683+0000] {logging_mixin.py:190} INFO - [2026-01-17T09:57:28.683+0000] {dag.py:4180} INFO - Setting next_dagrun for dynamic_user_processing to 2026-01-17 00:00:00+00:00, run_after=2026-01-18 00:00:00+00:00
[2026-01-17T09:57:28.707+0000] {processor.py:208} INFO - Processing /opt/airflow/dags/dynamic_user_processing.py took 0.942 seconds
[2026-01-17T09:57:59.701+0000] {processor.py:186} INFO - Started process (PID=20695) to work on /opt/airflow/dags/dynamic_user_processing.py
[2026-01-17T09:57:59.704+0000] {processor.py:914} INFO - Processing file /opt/airflow/dags/dynamic_user_processing.py for tasks to queue
[2026-01-17T09:57:59.707+0000] {logging_mixin.py:190} INFO - [2026-01-17T09:57:59.706+0000] {dagbag.py:588} INFO - Filling up the DagBag from /opt/airflow/dags/dynamic_user_processing.py
[2026-01-17T09:58:00.930+0000] {processor.py:925} INFO - DAG(s) 'dynamic_user_processing' retrieved from /opt/airflow/dags/dynamic_user_processing.py
[2026-01-17T09:58:00.993+0000] {logging_mixin.py:190} INFO - [2026-01-17T09:58:00.992+0000] {dag.py:3239} INFO - Sync 1 DAGs
[2026-01-17T09:58:01.058+0000] {logging_mixin.py:190} INFO - [2026-01-17T09:58:01.058+0000] {dag.py:4180} INFO - Setting next_dagrun for dynamic_user_processing to 2026-01-17 00:00:00+00:00, run_after=2026-01-18 00:00:00+00:00
[2026-01-17T09:58:01.111+0000] {processor.py:208} INFO - Processing /opt/airflow/dags/dynamic_user_processing.py took 1.430 seconds
[2026-01-17T09:58:31.409+0000] {processor.py:186} INFO - Started process (PID=20719) to work on /opt/airflow/dags/dynamic_user_processing.py
[2026-01-17T09:58:31.412+0000] {processor.py:914} INFO - Processing file /opt/airflow/dags/dynamic_user_processing.py for tasks to queue
[2026-01-17T09:58:31.419+0000] {logging_mixin.py:190} INFO - [2026-01-17T09:58:31.415+0000] {dagbag.py:588} INFO - Filling up the DagBag from /opt/airflow/dags/dynamic_user_processing.py
[2026-01-17T09:58:32.632+0000] {processor.py:925} INFO - DAG(s) 'dynamic_user_processing' retrieved from /opt/airflow/dags/dynamic_user_processing.py
[2026-01-17T09:58:32.693+0000] {logging_mixin.py:190} INFO - [2026-01-17T09:58:32.692+0000] {dag.py:3239} INFO - Sync 1 DAGs
[2026-01-17T09:58:32.749+0000] {logging_mixin.py:190} INFO - [2026-01-17T09:58:32.748+0000] {dag.py:4180} INFO - Setting next_dagrun for dynamic_user_processing to 2026-01-17 00:00:00+00:00, run_after=2026-01-18 00:00:00+00:00
[2026-01-17T09:58:32.795+0000] {processor.py:208} INFO - Processing /opt/airflow/dags/dynamic_user_processing.py took 1.405 seconds
[2026-01-17T09:59:03.022+0000] {processor.py:186} INFO - Started process (PID=20743) to work on /opt/airflow/dags/dynamic_user_processing.py
[2026-01-17T09:59:03.023+0000] {processor.py:914} INFO - Processing file /opt/airflow/dags/dynamic_user_processing.py for tasks to queue
[2026-01-17T09:59:03.026+0000] {logging_mixin.py:190} INFO - [2026-01-17T09:59:03.025+0000] {dagbag.py:588} INFO - Filling up the DagBag from /opt/airflow/dags/dynamic_user_processing.py
[2026-01-17T09:59:04.195+0000] {processor.py:925} INFO - DAG(s) 'dynamic_user_processing' retrieved from /opt/airflow/dags/dynamic_user_processing.py
[2026-01-17T09:59:04.262+0000] {logging_mixin.py:190} INFO - [2026-01-17T09:59:04.261+0000] {dag.py:3239} INFO - Sync 1 DAGs
[2026-01-17T09:59:04.332+0000] {logging_mixin.py:190} INFO - [2026-01-17T09:59:04.330+0000] {dag.py:4180} INFO - Setting next_dagrun for dynamic_user_processing to 2026-01-17 00:00:00+00:00, run_after=2026-01-18 00:00:00+00:00
[2026-01-17T09:59:04.379+0000] {processor.py:208} INFO - Processing /opt/airflow/dags/dynamic_user_processing.py took 1.377 seconds
[2026-01-17T09:59:34.475+0000] {processor.py:186} INFO - Started process (PID=20767) to work on /opt/airflow/dags/dynamic_user_processing.py
[2026-01-17T09:59:34.477+0000] {processor.py:914} INFO - Processing file /opt/airflow/dags/dynamic_user_processing.py for tasks to queue
[2026-01-17T09:59:34.480+0000] {logging_mixin.py:190} INFO - [2026-01-17T09:59:34.479+0000] {dagbag.py:588} INFO - Filling up the DagBag from /opt/airflow/dags/dynamic_user_processing.py
[2026-01-17T09:59:35.699+0000] {processor.py:925} INFO - DAG(s) 'dynamic_user_processing' retrieved from /opt/airflow/dags/dynamic_user_processing.py
[2026-01-17T09:59:35.763+0000] {logging_mixin.py:190} INFO - [2026-01-17T09:59:35.762+0000] {dag.py:3239} INFO - Sync 1 DAGs
[2026-01-17T09:59:35.822+0000] {logging_mixin.py:190} INFO - [2026-01-17T09:59:35.822+0000] {dag.py:4180} INFO - Setting next_dagrun for dynamic_user_processing to 2026-01-17 00:00:00+00:00, run_after=2026-01-18 00:00:00+00:00
[2026-01-17T09:59:35.871+0000] {processor.py:208} INFO - Processing /opt/airflow/dags/dynamic_user_processing.py took 1.416 seconds
[2026-01-17T10:00:06.015+0000] {processor.py:186} INFO - Started process (PID=20791) to work on /opt/airflow/dags/dynamic_user_processing.py
[2026-01-17T10:00:06.017+0000] {processor.py:914} INFO - Processing file /opt/airflow/dags/dynamic_user_processing.py for tasks to queue
[2026-01-17T10:00:06.018+0000] {logging_mixin.py:190} INFO - [2026-01-17T10:00:06.018+0000] {dagbag.py:588} INFO - Filling up the DagBag from /opt/airflow/dags/dynamic_user_processing.py
[2026-01-17T10:00:06.790+0000] {processor.py:925} INFO - DAG(s) 'dynamic_user_processing' retrieved from /opt/airflow/dags/dynamic_user_processing.py
[2026-01-17T10:00:06.830+0000] {logging_mixin.py:190} INFO - [2026-01-17T10:00:06.829+0000] {dag.py:3239} INFO - Sync 1 DAGs
[2026-01-17T10:00:06.874+0000] {logging_mixin.py:190} INFO - [2026-01-17T10:00:06.873+0000] {dag.py:4180} INFO - Setting next_dagrun for dynamic_user_processing to 2026-01-17 00:00:00+00:00, run_after=2026-01-18 00:00:00+00:00
[2026-01-17T10:00:06.919+0000] {processor.py:208} INFO - Processing /opt/airflow/dags/dynamic_user_processing.py took 0.914 seconds
[2026-01-17T10:00:37.377+0000] {processor.py:186} INFO - Started process (PID=20815) to work on /opt/airflow/dags/dynamic_user_processing.py
[2026-01-17T10:00:37.380+0000] {processor.py:914} INFO - Processing file /opt/airflow/dags/dynamic_user_processing.py for tasks to queue
[2026-01-17T10:00:37.384+0000] {logging_mixin.py:190} INFO - [2026-01-17T10:00:37.383+0000] {dagbag.py:588} INFO - Filling up the DagBag from /opt/airflow/dags/dynamic_user_processing.py
[2026-01-17T10:00:38.171+0000] {processor.py:925} INFO - DAG(s) 'dynamic_user_processing' retrieved from /opt/airflow/dags/dynamic_user_processing.py
[2026-01-17T10:00:38.208+0000] {logging_mixin.py:190} INFO - [2026-01-17T10:00:38.207+0000] {dag.py:3239} INFO - Sync 1 DAGs
[2026-01-17T10:00:38.248+0000] {logging_mixin.py:190} INFO - [2026-01-17T10:00:38.248+0000] {dag.py:4180} INFO - Setting next_dagrun for dynamic_user_processing to 2026-01-17 00:00:00+00:00, run_after=2026-01-18 00:00:00+00:00
[2026-01-17T10:00:38.280+0000] {processor.py:208} INFO - Processing /opt/airflow/dags/dynamic_user_processing.py took 0.925 seconds
[2026-01-17T10:01:08.389+0000] {processor.py:186} INFO - Started process (PID=20839) to work on /opt/airflow/dags/dynamic_user_processing.py
[2026-01-17T10:01:08.392+0000] {processor.py:914} INFO - Processing file /opt/airflow/dags/dynamic_user_processing.py for tasks to queue
[2026-01-17T10:01:08.396+0000] {logging_mixin.py:190} INFO - [2026-01-17T10:01:08.395+0000] {dagbag.py:588} INFO - Filling up the DagBag from /opt/airflow/dags/dynamic_user_processing.py
[2026-01-17T10:01:09.149+0000] {processor.py:925} INFO - DAG(s) 'dynamic_user_processing' retrieved from /opt/airflow/dags/dynamic_user_processing.py
[2026-01-17T10:01:09.194+0000] {logging_mixin.py:190} INFO - [2026-01-17T10:01:09.193+0000] {dag.py:3239} INFO - Sync 1 DAGs
[2026-01-17T10:01:09.237+0000] {logging_mixin.py:190} INFO - [2026-01-17T10:01:09.237+0000] {dag.py:4180} INFO - Setting next_dagrun for dynamic_user_processing to 2026-01-17 00:00:00+00:00, run_after=2026-01-18 00:00:00+00:00
[2026-01-17T10:01:09.290+0000] {processor.py:208} INFO - Processing /opt/airflow/dags/dynamic_user_processing.py took 0.924 seconds
[2026-01-17T10:01:39.571+0000] {processor.py:186} INFO - Started process (PID=20863) to work on /opt/airflow/dags/dynamic_user_processing.py
[2026-01-17T10:01:39.574+0000] {processor.py:914} INFO - Processing file /opt/airflow/dags/dynamic_user_processing.py for tasks to queue
[2026-01-17T10:01:39.577+0000] {logging_mixin.py:190} INFO - [2026-01-17T10:01:39.576+0000] {dagbag.py:588} INFO - Filling up the DagBag from /opt/airflow/dags/dynamic_user_processing.py
[2026-01-17T10:01:40.354+0000] {processor.py:925} INFO - DAG(s) 'dynamic_user_processing' retrieved from /opt/airflow/dags/dynamic_user_processing.py
[2026-01-17T10:01:40.407+0000] {logging_mixin.py:190} INFO - [2026-01-17T10:01:40.405+0000] {dag.py:3239} INFO - Sync 1 DAGs
[2026-01-17T10:01:40.466+0000] {logging_mixin.py:190} INFO - [2026-01-17T10:01:40.465+0000] {dag.py:4180} INFO - Setting next_dagrun for dynamic_user_processing to 2026-01-17 00:00:00+00:00, run_after=2026-01-18 00:00:00+00:00
[2026-01-17T10:01:40.493+0000] {processor.py:208} INFO - Processing /opt/airflow/dags/dynamic_user_processing.py took 0.938 seconds
[2026-01-17T10:02:10.706+0000] {processor.py:186} INFO - Started process (PID=20887) to work on /opt/airflow/dags/dynamic_user_processing.py
[2026-01-17T10:02:10.710+0000] {processor.py:914} INFO - Processing file /opt/airflow/dags/dynamic_user_processing.py for tasks to queue
[2026-01-17T10:02:10.715+0000] {logging_mixin.py:190} INFO - [2026-01-17T10:02:10.713+0000] {dagbag.py:588} INFO - Filling up the DagBag from /opt/airflow/dags/dynamic_user_processing.py
[2026-01-17T10:02:11.581+0000] {processor.py:925} INFO - DAG(s) 'dynamic_user_processing' retrieved from /opt/airflow/dags/dynamic_user_processing.py
[2026-01-17T10:02:11.623+0000] {logging_mixin.py:190} INFO - [2026-01-17T10:02:11.622+0000] {dag.py:3239} INFO - Sync 1 DAGs
[2026-01-17T10:02:11.657+0000] {logging_mixin.py:190} INFO - [2026-01-17T10:02:11.657+0000] {dag.py:4180} INFO - Setting next_dagrun for dynamic_user_processing to 2026-01-17 00:00:00+00:00, run_after=2026-01-18 00:00:00+00:00
[2026-01-17T10:02:11.693+0000] {processor.py:208} INFO - Processing /opt/airflow/dags/dynamic_user_processing.py took 1.014 seconds
[2026-01-17T10:02:42.266+0000] {processor.py:186} INFO - Started process (PID=20911) to work on /opt/airflow/dags/dynamic_user_processing.py
[2026-01-17T10:02:42.271+0000] {processor.py:914} INFO - Processing file /opt/airflow/dags/dynamic_user_processing.py for tasks to queue
[2026-01-17T10:02:42.275+0000] {logging_mixin.py:190} INFO - [2026-01-17T10:02:42.274+0000] {dagbag.py:588} INFO - Filling up the DagBag from /opt/airflow/dags/dynamic_user_processing.py
[2026-01-17T10:02:43.139+0000] {processor.py:925} INFO - DAG(s) 'dynamic_user_processing' retrieved from /opt/airflow/dags/dynamic_user_processing.py
[2026-01-17T10:02:43.176+0000] {logging_mixin.py:190} INFO - [2026-01-17T10:02:43.175+0000] {dag.py:3239} INFO - Sync 1 DAGs
[2026-01-17T10:02:43.215+0000] {logging_mixin.py:190} INFO - [2026-01-17T10:02:43.215+0000] {dag.py:4180} INFO - Setting next_dagrun for dynamic_user_processing to 2026-01-17 00:00:00+00:00, run_after=2026-01-18 00:00:00+00:00
[2026-01-17T10:02:43.243+0000] {processor.py:208} INFO - Processing /opt/airflow/dags/dynamic_user_processing.py took 1.002 seconds
[2026-01-17T10:03:13.577+0000] {processor.py:186} INFO - Started process (PID=20935) to work on /opt/airflow/dags/dynamic_user_processing.py
[2026-01-17T10:03:13.580+0000] {processor.py:914} INFO - Processing file /opt/airflow/dags/dynamic_user_processing.py for tasks to queue
[2026-01-17T10:03:13.585+0000] {logging_mixin.py:190} INFO - [2026-01-17T10:03:13.584+0000] {dagbag.py:588} INFO - Filling up the DagBag from /opt/airflow/dags/dynamic_user_processing.py
[2026-01-17T10:03:14.393+0000] {processor.py:925} INFO - DAG(s) 'dynamic_user_processing' retrieved from /opt/airflow/dags/dynamic_user_processing.py
[2026-01-17T10:03:14.425+0000] {logging_mixin.py:190} INFO - [2026-01-17T10:03:14.424+0000] {dag.py:3239} INFO - Sync 1 DAGs
[2026-01-17T10:03:14.459+0000] {logging_mixin.py:190} INFO - [2026-01-17T10:03:14.459+0000] {dag.py:4180} INFO - Setting next_dagrun for dynamic_user_processing to 2026-01-17 00:00:00+00:00, run_after=2026-01-18 00:00:00+00:00
[2026-01-17T10:03:14.486+0000] {processor.py:208} INFO - Processing /opt/airflow/dags/dynamic_user_processing.py took 0.934 seconds
[2026-01-17T10:03:44.664+0000] {processor.py:186} INFO - Started process (PID=20959) to work on /opt/airflow/dags/dynamic_user_processing.py
[2026-01-17T10:03:44.667+0000] {processor.py:914} INFO - Processing file /opt/airflow/dags/dynamic_user_processing.py for tasks to queue
[2026-01-17T10:03:44.670+0000] {logging_mixin.py:190} INFO - [2026-01-17T10:03:44.669+0000] {dagbag.py:588} INFO - Filling up the DagBag from /opt/airflow/dags/dynamic_user_processing.py
[2026-01-17T10:03:45.512+0000] {processor.py:925} INFO - DAG(s) 'dynamic_user_processing' retrieved from /opt/airflow/dags/dynamic_user_processing.py
[2026-01-17T10:03:45.553+0000] {logging_mixin.py:190} INFO - [2026-01-17T10:03:45.552+0000] {dag.py:3239} INFO - Sync 1 DAGs
[2026-01-17T10:03:45.588+0000] {logging_mixin.py:190} INFO - [2026-01-17T10:03:45.588+0000] {dag.py:4180} INFO - Setting next_dagrun for dynamic_user_processing to 2026-01-17 00:00:00+00:00, run_after=2026-01-18 00:00:00+00:00
[2026-01-17T10:03:45.626+0000] {processor.py:208} INFO - Processing /opt/airflow/dags/dynamic_user_processing.py took 0.988 seconds
[2026-01-17T10:04:15.839+0000] {processor.py:186} INFO - Started process (PID=20983) to work on /opt/airflow/dags/dynamic_user_processing.py
[2026-01-17T10:04:15.841+0000] {processor.py:914} INFO - Processing file /opt/airflow/dags/dynamic_user_processing.py for tasks to queue
[2026-01-17T10:04:15.843+0000] {logging_mixin.py:190} INFO - [2026-01-17T10:04:15.843+0000] {dagbag.py:588} INFO - Filling up the DagBag from /opt/airflow/dags/dynamic_user_processing.py
[2026-01-17T10:04:16.703+0000] {processor.py:925} INFO - DAG(s) 'dynamic_user_processing' retrieved from /opt/airflow/dags/dynamic_user_processing.py
[2026-01-17T10:04:16.744+0000] {logging_mixin.py:190} INFO - [2026-01-17T10:04:16.743+0000] {dag.py:3239} INFO - Sync 1 DAGs
[2026-01-17T10:04:16.806+0000] {logging_mixin.py:190} INFO - [2026-01-17T10:04:16.805+0000] {dag.py:4180} INFO - Setting next_dagrun for dynamic_user_processing to 2026-01-17 00:00:00+00:00, run_after=2026-01-18 00:00:00+00:00
[2026-01-17T10:04:16.841+0000] {processor.py:208} INFO - Processing /opt/airflow/dags/dynamic_user_processing.py took 1.015 seconds
[2026-01-17T10:04:47.388+0000] {processor.py:186} INFO - Started process (PID=21007) to work on /opt/airflow/dags/dynamic_user_processing.py
[2026-01-17T10:04:47.390+0000] {processor.py:914} INFO - Processing file /opt/airflow/dags/dynamic_user_processing.py for tasks to queue
[2026-01-17T10:04:47.392+0000] {logging_mixin.py:190} INFO - [2026-01-17T10:04:47.392+0000] {dagbag.py:588} INFO - Filling up the DagBag from /opt/airflow/dags/dynamic_user_processing.py
[2026-01-17T10:04:48.229+0000] {processor.py:925} INFO - DAG(s) 'dynamic_user_processing' retrieved from /opt/airflow/dags/dynamic_user_processing.py
[2026-01-17T10:04:48.266+0000] {logging_mixin.py:190} INFO - [2026-01-17T10:04:48.265+0000] {dag.py:3239} INFO - Sync 1 DAGs
[2026-01-17T10:04:48.303+0000] {logging_mixin.py:190} INFO - [2026-01-17T10:04:48.303+0000] {dag.py:4180} INFO - Setting next_dagrun for dynamic_user_processing to 2026-01-17 00:00:00+00:00, run_after=2026-01-18 00:00:00+00:00
[2026-01-17T10:04:48.339+0000] {processor.py:208} INFO - Processing /opt/airflow/dags/dynamic_user_processing.py took 0.966 seconds
[2026-01-17T10:05:18.798+0000] {processor.py:186} INFO - Started process (PID=21032) to work on /opt/airflow/dags/dynamic_user_processing.py
[2026-01-17T10:05:18.800+0000] {processor.py:914} INFO - Processing file /opt/airflow/dags/dynamic_user_processing.py for tasks to queue
[2026-01-17T10:05:18.803+0000] {logging_mixin.py:190} INFO - [2026-01-17T10:05:18.802+0000] {dagbag.py:588} INFO - Filling up the DagBag from /opt/airflow/dags/dynamic_user_processing.py
[2026-01-17T10:05:19.624+0000] {processor.py:925} INFO - DAG(s) 'dynamic_user_processing' retrieved from /opt/airflow/dags/dynamic_user_processing.py
[2026-01-17T10:05:19.662+0000] {logging_mixin.py:190} INFO - [2026-01-17T10:05:19.661+0000] {dag.py:3239} INFO - Sync 1 DAGs
[2026-01-17T10:05:19.696+0000] {logging_mixin.py:190} INFO - [2026-01-17T10:05:19.695+0000] {dag.py:4180} INFO - Setting next_dagrun for dynamic_user_processing to 2026-01-17 00:00:00+00:00, run_after=2026-01-18 00:00:00+00:00
[2026-01-17T10:05:19.731+0000] {processor.py:208} INFO - Processing /opt/airflow/dags/dynamic_user_processing.py took 0.946 seconds
[2026-01-17T10:05:49.852+0000] {processor.py:186} INFO - Started process (PID=21056) to work on /opt/airflow/dags/dynamic_user_processing.py
[2026-01-17T10:05:49.854+0000] {processor.py:914} INFO - Processing file /opt/airflow/dags/dynamic_user_processing.py for tasks to queue
[2026-01-17T10:05:49.858+0000] {logging_mixin.py:190} INFO - [2026-01-17T10:05:49.857+0000] {dagbag.py:588} INFO - Filling up the DagBag from /opt/airflow/dags/dynamic_user_processing.py
[2026-01-17T10:05:50.615+0000] {processor.py:925} INFO - DAG(s) 'dynamic_user_processing' retrieved from /opt/airflow/dags/dynamic_user_processing.py
[2026-01-17T10:05:50.657+0000] {logging_mixin.py:190} INFO - [2026-01-17T10:05:50.655+0000] {dag.py:3239} INFO - Sync 1 DAGs
[2026-01-17T10:05:50.699+0000] {logging_mixin.py:190} INFO - [2026-01-17T10:05:50.699+0000] {dag.py:4180} INFO - Setting next_dagrun for dynamic_user_processing to 2026-01-17 00:00:00+00:00, run_after=2026-01-18 00:00:00+00:00
[2026-01-17T10:05:50.727+0000] {processor.py:208} INFO - Processing /opt/airflow/dags/dynamic_user_processing.py took 0.900 seconds
[2026-01-17T10:06:21.189+0000] {processor.py:186} INFO - Started process (PID=21080) to work on /opt/airflow/dags/dynamic_user_processing.py
[2026-01-17T10:06:21.192+0000] {processor.py:914} INFO - Processing file /opt/airflow/dags/dynamic_user_processing.py for tasks to queue
[2026-01-17T10:06:21.196+0000] {logging_mixin.py:190} INFO - [2026-01-17T10:06:21.195+0000] {dagbag.py:588} INFO - Filling up the DagBag from /opt/airflow/dags/dynamic_user_processing.py
[2026-01-17T10:06:21.985+0000] {processor.py:925} INFO - DAG(s) 'dynamic_user_processing' retrieved from /opt/airflow/dags/dynamic_user_processing.py
[2026-01-17T10:06:22.045+0000] {logging_mixin.py:190} INFO - [2026-01-17T10:06:22.044+0000] {dag.py:3239} INFO - Sync 1 DAGs
[2026-01-17T10:06:22.090+0000] {logging_mixin.py:190} INFO - [2026-01-17T10:06:22.090+0000] {dag.py:4180} INFO - Setting next_dagrun for dynamic_user_processing to 2026-01-17 00:00:00+00:00, run_after=2026-01-18 00:00:00+00:00
[2026-01-17T10:06:22.131+0000] {processor.py:208} INFO - Processing /opt/airflow/dags/dynamic_user_processing.py took 0.966 seconds
[2026-01-17T10:06:52.292+0000] {processor.py:186} INFO - Started process (PID=21110) to work on /opt/airflow/dags/dynamic_user_processing.py
[2026-01-17T10:06:52.294+0000] {processor.py:914} INFO - Processing file /opt/airflow/dags/dynamic_user_processing.py for tasks to queue
[2026-01-17T10:06:52.297+0000] {logging_mixin.py:190} INFO - [2026-01-17T10:06:52.296+0000] {dagbag.py:588} INFO - Filling up the DagBag from /opt/airflow/dags/dynamic_user_processing.py
[2026-01-17T10:06:53.094+0000] {processor.py:925} INFO - DAG(s) 'dynamic_user_processing' retrieved from /opt/airflow/dags/dynamic_user_processing.py
[2026-01-17T10:06:53.128+0000] {logging_mixin.py:190} INFO - [2026-01-17T10:06:53.126+0000] {dag.py:3239} INFO - Sync 1 DAGs
[2026-01-17T10:06:53.162+0000] {logging_mixin.py:190} INFO - [2026-01-17T10:06:53.161+0000] {dag.py:4180} INFO - Setting next_dagrun for dynamic_user_processing to 2026-01-17 00:00:00+00:00, run_after=2026-01-18 00:00:00+00:00
[2026-01-17T10:06:53.198+0000] {processor.py:208} INFO - Processing /opt/airflow/dags/dynamic_user_processing.py took 0.927 seconds
[2026-01-17T10:07:23.703+0000] {processor.py:186} INFO - Started process (PID=21134) to work on /opt/airflow/dags/dynamic_user_processing.py
[2026-01-17T10:07:23.707+0000] {processor.py:914} INFO - Processing file /opt/airflow/dags/dynamic_user_processing.py for tasks to queue
[2026-01-17T10:07:23.711+0000] {logging_mixin.py:190} INFO - [2026-01-17T10:07:23.710+0000] {dagbag.py:588} INFO - Filling up the DagBag from /opt/airflow/dags/dynamic_user_processing.py
[2026-01-17T10:07:24.505+0000] {processor.py:925} INFO - DAG(s) 'dynamic_user_processing' retrieved from /opt/airflow/dags/dynamic_user_processing.py
[2026-01-17T10:07:24.538+0000] {logging_mixin.py:190} INFO - [2026-01-17T10:07:24.537+0000] {dag.py:3239} INFO - Sync 1 DAGs
[2026-01-17T10:07:24.572+0000] {logging_mixin.py:190} INFO - [2026-01-17T10:07:24.571+0000] {dag.py:4180} INFO - Setting next_dagrun for dynamic_user_processing to 2026-01-17 00:00:00+00:00, run_after=2026-01-18 00:00:00+00:00
[2026-01-17T10:07:24.595+0000] {processor.py:208} INFO - Processing /opt/airflow/dags/dynamic_user_processing.py took 0.919 seconds
[2026-01-17T10:07:54.857+0000] {processor.py:186} INFO - Started process (PID=21159) to work on /opt/airflow/dags/dynamic_user_processing.py
[2026-01-17T10:07:54.859+0000] {processor.py:914} INFO - Processing file /opt/airflow/dags/dynamic_user_processing.py for tasks to queue
[2026-01-17T10:07:54.860+0000] {logging_mixin.py:190} INFO - [2026-01-17T10:07:54.860+0000] {dagbag.py:588} INFO - Filling up the DagBag from /opt/airflow/dags/dynamic_user_processing.py
[2026-01-17T10:07:55.581+0000] {processor.py:925} INFO - DAG(s) 'dynamic_user_processing' retrieved from /opt/airflow/dags/dynamic_user_processing.py
[2026-01-17T10:07:55.615+0000] {logging_mixin.py:190} INFO - [2026-01-17T10:07:55.614+0000] {dag.py:3239} INFO - Sync 1 DAGs
[2026-01-17T10:07:55.648+0000] {logging_mixin.py:190} INFO - [2026-01-17T10:07:55.648+0000] {dag.py:4180} INFO - Setting next_dagrun for dynamic_user_processing to 2026-01-17 00:00:00+00:00, run_after=2026-01-18 00:00:00+00:00
[2026-01-17T10:07:55.672+0000] {processor.py:208} INFO - Processing /opt/airflow/dags/dynamic_user_processing.py took 0.827 seconds
[2026-01-17T10:08:26.080+0000] {processor.py:186} INFO - Started process (PID=21184) to work on /opt/airflow/dags/dynamic_user_processing.py
[2026-01-17T10:08:26.082+0000] {processor.py:914} INFO - Processing file /opt/airflow/dags/dynamic_user_processing.py for tasks to queue
[2026-01-17T10:08:26.085+0000] {logging_mixin.py:190} INFO - [2026-01-17T10:08:26.084+0000] {dagbag.py:588} INFO - Filling up the DagBag from /opt/airflow/dags/dynamic_user_processing.py
[2026-01-17T10:08:26.857+0000] {processor.py:925} INFO - DAG(s) 'dynamic_user_processing' retrieved from /opt/airflow/dags/dynamic_user_processing.py
[2026-01-17T10:08:26.890+0000] {logging_mixin.py:190} INFO - [2026-01-17T10:08:26.889+0000] {dag.py:3239} INFO - Sync 1 DAGs
[2026-01-17T10:08:26.924+0000] {logging_mixin.py:190} INFO - [2026-01-17T10:08:26.923+0000] {dag.py:4180} INFO - Setting next_dagrun for dynamic_user_processing to 2026-01-17 00:00:00+00:00, run_after=2026-01-18 00:00:00+00:00
[2026-01-17T10:08:26.956+0000] {processor.py:208} INFO - Processing /opt/airflow/dags/dynamic_user_processing.py took 0.897 seconds
[2026-01-17T10:08:57.430+0000] {processor.py:186} INFO - Started process (PID=21208) to work on /opt/airflow/dags/dynamic_user_processing.py
[2026-01-17T10:08:57.432+0000] {processor.py:914} INFO - Processing file /opt/airflow/dags/dynamic_user_processing.py for tasks to queue
[2026-01-17T10:08:57.434+0000] {logging_mixin.py:190} INFO - [2026-01-17T10:08:57.433+0000] {dagbag.py:588} INFO - Filling up the DagBag from /opt/airflow/dags/dynamic_user_processing.py
[2026-01-17T10:08:58.304+0000] {processor.py:925} INFO - DAG(s) 'dynamic_user_processing' retrieved from /opt/airflow/dags/dynamic_user_processing.py
[2026-01-17T10:08:58.339+0000] {logging_mixin.py:190} INFO - [2026-01-17T10:08:58.338+0000] {dag.py:3239} INFO - Sync 1 DAGs
[2026-01-17T10:08:58.375+0000] {logging_mixin.py:190} INFO - [2026-01-17T10:08:58.375+0000] {dag.py:4180} INFO - Setting next_dagrun for dynamic_user_processing to 2026-01-17 00:00:00+00:00, run_after=2026-01-18 00:00:00+00:00
[2026-01-17T10:08:58.407+0000] {processor.py:208} INFO - Processing /opt/airflow/dags/dynamic_user_processing.py took 0.989 seconds
[2026-01-17T10:09:28.915+0000] {processor.py:186} INFO - Started process (PID=21232) to work on /opt/airflow/dags/dynamic_user_processing.py
[2026-01-17T10:09:28.921+0000] {processor.py:914} INFO - Processing file /opt/airflow/dags/dynamic_user_processing.py for tasks to queue
[2026-01-17T10:09:28.925+0000] {logging_mixin.py:190} INFO - [2026-01-17T10:09:28.924+0000] {dagbag.py:588} INFO - Filling up the DagBag from /opt/airflow/dags/dynamic_user_processing.py
[2026-01-17T10:09:29.680+0000] {processor.py:925} INFO - DAG(s) 'dynamic_user_processing' retrieved from /opt/airflow/dags/dynamic_user_processing.py
[2026-01-17T10:09:29.715+0000] {logging_mixin.py:190} INFO - [2026-01-17T10:09:29.714+0000] {dag.py:3239} INFO - Sync 1 DAGs
[2026-01-17T10:09:29.751+0000] {logging_mixin.py:190} INFO - [2026-01-17T10:09:29.750+0000] {dag.py:4180} INFO - Setting next_dagrun for dynamic_user_processing to 2026-01-17 00:00:00+00:00, run_after=2026-01-18 00:00:00+00:00
[2026-01-17T10:09:29.777+0000] {processor.py:208} INFO - Processing /opt/airflow/dags/dynamic_user_processing.py took 0.890 seconds
[2026-01-17T10:09:59.888+0000] {processor.py:186} INFO - Started process (PID=21256) to work on /opt/airflow/dags/dynamic_user_processing.py
[2026-01-17T10:09:59.891+0000] {processor.py:914} INFO - Processing file /opt/airflow/dags/dynamic_user_processing.py for tasks to queue
[2026-01-17T10:09:59.894+0000] {logging_mixin.py:190} INFO - [2026-01-17T10:09:59.893+0000] {dagbag.py:588} INFO - Filling up the DagBag from /opt/airflow/dags/dynamic_user_processing.py
[2026-01-17T10:10:00.678+0000] {processor.py:925} INFO - DAG(s) 'dynamic_user_processing' retrieved from /opt/airflow/dags/dynamic_user_processing.py
[2026-01-17T10:10:00.710+0000] {logging_mixin.py:190} INFO - [2026-01-17T10:10:00.709+0000] {dag.py:3239} INFO - Sync 1 DAGs
[2026-01-17T10:10:00.747+0000] {logging_mixin.py:190} INFO - [2026-01-17T10:10:00.746+0000] {dag.py:4180} INFO - Setting next_dagrun for dynamic_user_processing to 2026-01-17 00:00:00+00:00, run_after=2026-01-18 00:00:00+00:00
[2026-01-17T10:10:00.778+0000] {processor.py:208} INFO - Processing /opt/airflow/dags/dynamic_user_processing.py took 0.908 seconds
                                                                                                                                                                                                                                                                                                                                                                                                                                                                                                                                                                                                                                                                                                                                                                                                                                                                                                                                                                                                                                                                                                                                           