[2026-01-17T04:44:45.731+0000] {processor.py:186} INFO - Started process (PID=8293) to work on /opt/airflow/dags/tg_store_users.py
[2026-01-17T04:44:45.765+0000] {processor.py:914} INFO - Processing file /opt/airflow/dags/tg_store_users.py for tasks to queue
[2026-01-17T04:44:46.148+0000] {logging_mixin.py:190} INFO - [2026-01-17T04:44:46.147+0000] {dagbag.py:588} INFO - Filling up the DagBag from /opt/airflow/dags/tg_store_users.py
[2026-01-17T04:44:51.749+0000] {processor.py:925} INFO - DAG(s) 'tg_store_users' retrieved from /opt/airflow/dags/tg_store_users.py
[2026-01-17T04:44:52.110+0000] {logging_mixin.py:190} INFO - [2026-01-17T04:44:52.109+0000] {dag.py:3239} INFO - Sync 1 DAGs
[2026-01-17T04:44:52.477+0000] {logging_mixin.py:190} INFO - [2026-01-17T04:44:52.476+0000] {dag.py:4180} INFO - Setting next_dagrun for tg_store_users to None, run_after=None
[2026-01-17T04:44:52.834+0000] {processor.py:208} INFO - Processing /opt/airflow/dags/tg_store_users.py took 7.547 seconds
[2026-01-17T05:33:11.034+0000] {processor.py:186} INFO - Started process (PID=8316) to work on /opt/airflow/dags/tg_store_users.py
[2026-01-17T05:33:11.067+0000] {processor.py:914} INFO - Processing file /opt/airflow/dags/tg_store_users.py for tasks to queue
[2026-01-17T05:33:11.154+0000] {logging_mixin.py:190} INFO - [2026-01-17T05:33:11.069+0000] {dagbag.py:588} INFO - Filling up the DagBag from /opt/airflow/dags/tg_store_users.py
[2026-01-17T05:33:14.265+0000] {processor.py:925} INFO - DAG(s) 'tg_store_users' retrieved from /opt/airflow/dags/tg_store_users.py
[2026-01-17T05:33:14.534+0000] {logging_mixin.py:190} INFO - [2026-01-17T05:33:14.533+0000] {dag.py:3239} INFO - Sync 1 DAGs
[2026-01-17T05:33:14.778+0000] {logging_mixin.py:190} INFO - [2026-01-17T05:33:14.778+0000] {dag.py:4180} INFO - Setting next_dagrun for tg_store_users to None, run_after=None
[2026-01-17T05:33:15.086+0000] {processor.py:208} INFO - Processing /opt/airflow/dags/tg_store_users.py took 4.185 seconds
[2026-01-17T05:33:45.507+0000] {processor.py:186} INFO - Started process (PID=8351) to work on /opt/airflow/dags/tg_store_users.py
[2026-01-17T05:33:45.509+0000] {processor.py:914} INFO - Processing file /opt/airflow/dags/tg_store_users.py for tasks to queue
[2026-01-17T05:33:45.542+0000] {logging_mixin.py:190} INFO - [2026-01-17T05:33:45.513+0000] {dagbag.py:588} INFO - Filling up the DagBag from /opt/airflow/dags/tg_store_users.py
[2026-01-17T05:33:48.426+0000] {processor.py:925} INFO - DAG(s) 'tg_store_users' retrieved from /opt/airflow/dags/tg_store_users.py
[2026-01-17T05:33:48.633+0000] {logging_mixin.py:190} INFO - [2026-01-17T05:33:48.630+0000] {dag.py:3239} INFO - Sync 1 DAGs
[2026-01-17T05:33:48.891+0000] {logging_mixin.py:190} INFO - [2026-01-17T05:33:48.890+0000] {dag.py:4180} INFO - Setting next_dagrun for tg_store_users to None, run_after=None
[2026-01-17T05:33:49.137+0000] {processor.py:208} INFO - Processing /opt/airflow/dags/tg_store_users.py took 3.679 seconds
[2026-01-17T05:34:19.395+0000] {processor.py:186} INFO - Started process (PID=8386) to work on /opt/airflow/dags/tg_store_users.py
[2026-01-17T05:34:19.397+0000] {processor.py:914} INFO - Processing file /opt/airflow/dags/tg_store_users.py for tasks to queue
[2026-01-17T05:34:19.399+0000] {logging_mixin.py:190} INFO - [2026-01-17T05:34:19.399+0000] {dagbag.py:588} INFO - Filling up the DagBag from /opt/airflow/dags/tg_store_users.py
[2026-01-17T05:34:20.268+0000] {processor.py:925} INFO - DAG(s) 'tg_store_users' retrieved from /opt/airflow/dags/tg_store_users.py
[2026-01-17T05:34:20.398+0000] {logging_mixin.py:190} INFO - [2026-01-17T05:34:20.396+0000] {dag.py:3239} INFO - Sync 1 DAGs
[2026-01-17T05:34:20.484+0000] {logging_mixin.py:190} INFO - [2026-01-17T05:34:20.484+0000] {dag.py:4180} INFO - Setting next_dagrun for tg_store_users to None, run_after=None
[2026-01-17T05:34:20.546+0000] {processor.py:208} INFO - Processing /opt/airflow/dags/tg_store_users.py took 1.166 seconds
[2026-01-17T05:34:50.719+0000] {processor.py:186} INFO - Started process (PID=8410) to work on /opt/airflow/dags/tg_store_users.py
[2026-01-17T05:34:50.720+0000] {processor.py:914} INFO - Processing file /opt/airflow/dags/tg_store_users.py for tasks to queue
[2026-01-17T05:34:50.722+0000] {logging_mixin.py:190} INFO - [2026-01-17T05:34:50.721+0000] {dagbag.py:588} INFO - Filling up the DagBag from /opt/airflow/dags/tg_store_users.py
[2026-01-17T05:34:51.167+0000] {processor.py:925} INFO - DAG(s) 'tg_store_users' retrieved from /opt/airflow/dags/tg_store_users.py
[2026-01-17T05:34:51.204+0000] {logging_mixin.py:190} INFO - [2026-01-17T05:34:51.203+0000] {dag.py:3239} INFO - Sync 1 DAGs
[2026-01-17T05:34:51.236+0000] {logging_mixin.py:190} INFO - [2026-01-17T05:34:51.236+0000] {dag.py:4180} INFO - Setting next_dagrun for tg_store_users to None, run_after=None
[2026-01-17T05:34:51.273+0000] {processor.py:208} INFO - Processing /opt/airflow/dags/tg_store_users.py took 0.567 seconds
[2026-01-17T05:35:21.569+0000] {processor.py:186} INFO - Started process (PID=8434) to work on /opt/airflow/dags/tg_store_users.py
[2026-01-17T05:35:21.570+0000] {processor.py:914} INFO - Processing file /opt/airflow/dags/tg_store_users.py for tasks to queue
[2026-01-17T05:35:21.572+0000] {logging_mixin.py:190} INFO - [2026-01-17T05:35:21.572+0000] {dagbag.py:588} INFO - Filling up the DagBag from /opt/airflow/dags/tg_store_users.py
[2026-01-17T05:35:22.098+0000] {processor.py:925} INFO - DAG(s) 'tg_store_users' retrieved from /opt/airflow/dags/tg_store_users.py
[2026-01-17T05:35:22.142+0000] {logging_mixin.py:190} INFO - [2026-01-17T05:35:22.141+0000] {dag.py:3239} INFO - Sync 1 DAGs
[2026-01-17T05:35:22.180+0000] {logging_mixin.py:190} INFO - [2026-01-17T05:35:22.179+0000] {dag.py:4180} INFO - Setting next_dagrun for tg_store_users to None, run_after=None
[2026-01-17T05:35:22.220+0000] {processor.py:208} INFO - Processing /opt/airflow/dags/tg_store_users.py took 0.662 seconds
[2026-01-17T05:35:52.367+0000] {processor.py:186} INFO - Started process (PID=8458) to work on /opt/airflow/dags/tg_store_users.py
[2026-01-17T05:35:52.371+0000] {processor.py:914} INFO - Processing file /opt/airflow/dags/tg_store_users.py for tasks to queue
[2026-01-17T05:35:52.374+0000] {logging_mixin.py:190} INFO - [2026-01-17T05:35:52.373+0000] {dagbag.py:588} INFO - Filling up the DagBag from /opt/airflow/dags/tg_store_users.py
[2026-01-17T05:35:52.838+0000] {processor.py:925} INFO - DAG(s) 'tg_store_users' retrieved from /opt/airflow/dags/tg_store_users.py
[2026-01-17T05:35:52.879+0000] {logging_mixin.py:190} INFO - [2026-01-17T05:35:52.879+0000] {dag.py:3239} INFO - Sync 1 DAGs
[2026-01-17T05:35:52.912+0000] {logging_mixin.py:190} INFO - [2026-01-17T05:35:52.912+0000] {dag.py:4180} INFO - Setting next_dagrun for tg_store_users to None, run_after=None
[2026-01-17T05:35:52.969+0000] {processor.py:208} INFO - Processing /opt/airflow/dags/tg_store_users.py took 0.628 seconds
[2026-01-17T05:36:23.692+0000] {processor.py:186} INFO - Started process (PID=8482) to work on /opt/airflow/dags/tg_store_users.py
[2026-01-17T05:36:23.697+0000] {processor.py:914} INFO - Processing file /opt/airflow/dags/tg_store_users.py for tasks to queue
[2026-01-17T05:36:23.701+0000] {logging_mixin.py:190} INFO - [2026-01-17T05:36:23.700+0000] {dagbag.py:588} INFO - Filling up the DagBag from /opt/airflow/dags/tg_store_users.py
[2026-01-17T05:36:24.178+0000] {processor.py:925} INFO - DAG(s) 'tg_store_users' retrieved from /opt/airflow/dags/tg_store_users.py
[2026-01-17T05:36:24.214+0000] {logging_mixin.py:190} INFO - [2026-01-17T05:36:24.213+0000] {dag.py:3239} INFO - Sync 1 DAGs
[2026-01-17T05:36:24.245+0000] {logging_mixin.py:190} INFO - [2026-01-17T05:36:24.244+0000] {dag.py:4180} INFO - Setting next_dagrun for tg_store_users to None, run_after=None
[2026-01-17T05:36:24.286+0000] {processor.py:208} INFO - Processing /opt/airflow/dags/tg_store_users.py took 0.617 seconds
[2026-01-17T05:36:55.037+0000] {processor.py:186} INFO - Started process (PID=8506) to work on /opt/airflow/dags/tg_store_users.py
[2026-01-17T05:36:55.039+0000] {processor.py:914} INFO - Processing file /opt/airflow/dags/tg_store_users.py for tasks to queue
[2026-01-17T05:36:55.041+0000] {logging_mixin.py:190} INFO - [2026-01-17T05:36:55.040+0000] {dagbag.py:588} INFO - Filling up the DagBag from /opt/airflow/dags/tg_store_users.py
[2026-01-17T05:36:55.495+0000] {processor.py:925} INFO - DAG(s) 'tg_store_users' retrieved from /opt/airflow/dags/tg_store_users.py
[2026-01-17T05:36:55.533+0000] {logging_mixin.py:190} INFO - [2026-01-17T05:36:55.532+0000] {dag.py:3239} INFO - Sync 1 DAGs
[2026-01-17T05:36:55.565+0000] {logging_mixin.py:190} INFO - [2026-01-17T05:36:55.564+0000] {dag.py:4180} INFO - Setting next_dagrun for tg_store_users to None, run_after=None
[2026-01-17T05:36:55.613+0000] {processor.py:208} INFO - Processing /opt/airflow/dags/tg_store_users.py took 0.586 seconds
[2026-01-17T05:37:25.778+0000] {processor.py:186} INFO - Started process (PID=8530) to work on /opt/airflow/dags/tg_store_users.py
[2026-01-17T05:37:25.779+0000] {processor.py:914} INFO - Processing file /opt/airflow/dags/tg_store_users.py for tasks to queue
[2026-01-17T05:37:25.782+0000] {logging_mixin.py:190} INFO - [2026-01-17T05:37:25.781+0000] {dagbag.py:588} INFO - Filling up the DagBag from /opt/airflow/dags/tg_store_users.py
[2026-01-17T05:37:26.442+0000] {processor.py:925} INFO - DAG(s) 'tg_store_users' retrieved from /opt/airflow/dags/tg_store_users.py
[2026-01-17T05:37:26.490+0000] {logging_mixin.py:190} INFO - [2026-01-17T05:37:26.489+0000] {dag.py:3239} INFO - Sync 1 DAGs
[2026-01-17T05:37:26.549+0000] {logging_mixin.py:190} INFO - [2026-01-17T05:37:26.548+0000] {dag.py:4180} INFO - Setting next_dagrun for tg_store_users to None, run_after=None
[2026-01-17T05:37:26.596+0000] {processor.py:208} INFO - Processing /opt/airflow/dags/tg_store_users.py took 0.833 seconds
[2026-01-17T05:37:57.275+0000] {processor.py:186} INFO - Started process (PID=8554) to work on /opt/airflow/dags/tg_store_users.py
[2026-01-17T05:37:57.276+0000] {processor.py:914} INFO - Processing file /opt/airflow/dags/tg_store_users.py for tasks to queue
[2026-01-17T05:37:57.279+0000] {logging_mixin.py:190} INFO - [2026-01-17T05:37:57.278+0000] {dagbag.py:588} INFO - Filling up the DagBag from /opt/airflow/dags/tg_store_users.py
[2026-01-17T05:37:57.844+0000] {processor.py:925} INFO - DAG(s) 'tg_store_users' retrieved from /opt/airflow/dags/tg_store_users.py
[2026-01-17T05:37:57.894+0000] {logging_mixin.py:190} INFO - [2026-01-17T05:37:57.893+0000] {dag.py:3239} INFO - Sync 1 DAGs
[2026-01-17T05:37:57.936+0000] {logging_mixin.py:190} INFO - [2026-01-17T05:37:57.935+0000] {dag.py:4180} INFO - Setting next_dagrun for tg_store_users to None, run_after=None
[2026-01-17T05:37:57.991+0000] {processor.py:208} INFO - Processing /opt/airflow/dags/tg_store_users.py took 0.727 seconds
[2026-01-17T05:38:28.134+0000] {processor.py:186} INFO - Started process (PID=8578) to work on /opt/airflow/dags/tg_store_users.py
[2026-01-17T05:38:28.136+0000] {processor.py:914} INFO - Processing file /opt/airflow/dags/tg_store_users.py for tasks to queue
[2026-01-17T05:38:28.139+0000] {logging_mixin.py:190} INFO - [2026-01-17T05:38:28.138+0000] {dagbag.py:588} INFO - Filling up the DagBag from /opt/airflow/dags/tg_store_users.py
[2026-01-17T05:38:28.719+0000] {processor.py:925} INFO - DAG(s) 'tg_store_users' retrieved from /opt/airflow/dags/tg_store_users.py
[2026-01-17T05:38:28.756+0000] {logging_mixin.py:190} INFO - [2026-01-17T05:38:28.755+0000] {dag.py:3239} INFO - Sync 1 DAGs
[2026-01-17T05:38:28.791+0000] {logging_mixin.py:190} INFO - [2026-01-17T05:38:28.791+0000] {dag.py:4180} INFO - Setting next_dagrun for tg_store_users to None, run_after=None
[2026-01-17T05:38:28.837+0000] {processor.py:208} INFO - Processing /opt/airflow/dags/tg_store_users.py took 0.715 seconds
[2026-01-17T05:38:59.197+0000] {processor.py:186} INFO - Started process (PID=8603) to work on /opt/airflow/dags/tg_store_users.py
[2026-01-17T05:38:59.199+0000] {processor.py:914} INFO - Processing file /opt/airflow/dags/tg_store_users.py for tasks to queue
[2026-01-17T05:38:59.202+0000] {logging_mixin.py:190} INFO - [2026-01-17T05:38:59.201+0000] {dagbag.py:588} INFO - Filling up the DagBag from /opt/airflow/dags/tg_store_users.py
[2026-01-17T05:38:59.778+0000] {processor.py:925} INFO - DAG(s) 'tg_store_users' retrieved from /opt/airflow/dags/tg_store_users.py
[2026-01-17T05:38:59.832+0000] {logging_mixin.py:190} INFO - [2026-01-17T05:38:59.831+0000] {dag.py:3239} INFO - Sync 1 DAGs
[2026-01-17T05:38:59.880+0000] {logging_mixin.py:190} INFO - [2026-01-17T05:38:59.879+0000] {dag.py:4180} INFO - Setting next_dagrun for tg_store_users to None, run_after=None
[2026-01-17T05:38:59.921+0000] {processor.py:208} INFO - Processing /opt/airflow/dags/tg_store_users.py took 0.738 seconds
[2026-01-17T05:39:30.066+0000] {processor.py:186} INFO - Started process (PID=8627) to work on /opt/airflow/dags/tg_store_users.py
[2026-01-17T05:39:30.067+0000] {processor.py:914} INFO - Processing file /opt/airflow/dags/tg_store_users.py for tasks to queue
[2026-01-17T05:39:30.069+0000] {logging_mixin.py:190} INFO - [2026-01-17T05:39:30.068+0000] {dagbag.py:588} INFO - Filling up the DagBag from /opt/airflow/dags/tg_store_users.py
[2026-01-17T05:39:30.474+0000] {processor.py:925} INFO - DAG(s) 'tg_store_users' retrieved from /opt/airflow/dags/tg_store_users.py
[2026-01-17T05:39:30.513+0000] {logging_mixin.py:190} INFO - [2026-01-17T05:39:30.512+0000] {dag.py:3239} INFO - Sync 1 DAGs
[2026-01-17T05:39:30.549+0000] {logging_mixin.py:190} INFO - [2026-01-17T05:39:30.549+0000] {dag.py:4180} INFO - Setting next_dagrun for tg_store_users to None, run_after=None
[2026-01-17T05:39:30.596+0000] {processor.py:208} INFO - Processing /opt/airflow/dags/tg_store_users.py took 0.539 seconds
[2026-01-17T05:40:00.916+0000] {processor.py:186} INFO - Started process (PID=8651) to work on /opt/airflow/dags/tg_store_users.py
[2026-01-17T05:40:00.917+0000] {processor.py:914} INFO - Processing file /opt/airflow/dags/tg_store_users.py for tasks to queue
[2026-01-17T05:40:00.919+0000] {logging_mixin.py:190} INFO - [2026-01-17T05:40:00.919+0000] {dagbag.py:588} INFO - Filling up the DagBag from /opt/airflow/dags/tg_store_users.py
[2026-01-17T05:40:01.336+0000] {processor.py:925} INFO - DAG(s) 'tg_store_users' retrieved from /opt/airflow/dags/tg_store_users.py
[2026-01-17T05:40:01.384+0000] {logging_mixin.py:190} INFO - [2026-01-17T05:40:01.383+0000] {dag.py:3239} INFO - Sync 1 DAGs
[2026-01-17T05:40:01.417+0000] {logging_mixin.py:190} INFO - [2026-01-17T05:40:01.416+0000] {dag.py:4180} INFO - Setting next_dagrun for tg_store_users to None, run_after=None
[2026-01-17T05:40:01.453+0000] {processor.py:208} INFO - Processing /opt/airflow/dags/tg_store_users.py took 0.548 seconds
[2026-01-17T05:40:31.509+0000] {processor.py:186} INFO - Started process (PID=8675) to work on /opt/airflow/dags/tg_store_users.py
[2026-01-17T05:40:31.512+0000] {processor.py:914} INFO - Processing file /opt/airflow/dags/tg_store_users.py for tasks to queue
[2026-01-17T05:40:31.514+0000] {logging_mixin.py:190} INFO - [2026-01-17T05:40:31.513+0000] {dagbag.py:588} INFO - Filling up the DagBag from /opt/airflow/dags/tg_store_users.py
[2026-01-17T05:40:31.929+0000] {processor.py:925} INFO - DAG(s) 'tg_store_users' retrieved from /opt/airflow/dags/tg_store_users.py
[2026-01-17T05:40:31.978+0000] {logging_mixin.py:190} INFO - [2026-01-17T05:40:31.977+0000] {dag.py:3239} INFO - Sync 1 DAGs
[2026-01-17T05:40:32.021+0000] {logging_mixin.py:190} INFO - [2026-01-17T05:40:32.020+0000] {dag.py:4180} INFO - Setting next_dagrun for tg_store_users to None, run_after=None
[2026-01-17T05:40:32.057+0000] {processor.py:208} INFO - Processing /opt/airflow/dags/tg_store_users.py took 0.559 seconds
[2026-01-17T05:41:02.146+0000] {processor.py:186} INFO - Started process (PID=8699) to work on /opt/airflow/dags/tg_store_users.py
[2026-01-17T05:41:02.149+0000] {processor.py:914} INFO - Processing file /opt/airflow/dags/tg_store_users.py for tasks to queue
[2026-01-17T05:41:02.152+0000] {logging_mixin.py:190} INFO - [2026-01-17T05:41:02.151+0000] {dagbag.py:588} INFO - Filling up the DagBag from /opt/airflow/dags/tg_store_users.py
[2026-01-17T05:41:02.671+0000] {processor.py:925} INFO - DAG(s) 'tg_store_users' retrieved from /opt/airflow/dags/tg_store_users.py
[2026-01-17T05:41:02.713+0000] {logging_mixin.py:190} INFO - [2026-01-17T05:41:02.712+0000] {dag.py:3239} INFO - Sync 1 DAGs
[2026-01-17T05:41:02.746+0000] {logging_mixin.py:190} INFO - [2026-01-17T05:41:02.746+0000] {dag.py:4180} INFO - Setting next_dagrun for tg_store_users to None, run_after=None
[2026-01-17T05:41:02.801+0000] {processor.py:208} INFO - Processing /opt/airflow/dags/tg_store_users.py took 0.666 seconds
[2026-01-17T05:41:33.259+0000] {processor.py:186} INFO - Started process (PID=8724) to work on /opt/airflow/dags/tg_store_users.py
[2026-01-17T05:41:33.261+0000] {processor.py:914} INFO - Processing file /opt/airflow/dags/tg_store_users.py for tasks to queue
[2026-01-17T05:41:33.264+0000] {logging_mixin.py:190} INFO - [2026-01-17T05:41:33.263+0000] {dagbag.py:588} INFO - Filling up the DagBag from /opt/airflow/dags/tg_store_users.py
[2026-01-17T05:41:33.835+0000] {processor.py:925} INFO - DAG(s) 'tg_store_users' retrieved from /opt/airflow/dags/tg_store_users.py
[2026-01-17T05:41:33.881+0000] {logging_mixin.py:190} INFO - [2026-01-17T05:41:33.881+0000] {dag.py:3239} INFO - Sync 1 DAGs
[2026-01-17T05:41:33.931+0000] {logging_mixin.py:190} INFO - [2026-01-17T05:41:33.931+0000] {dag.py:4180} INFO - Setting next_dagrun for tg_store_users to None, run_after=None
[2026-01-17T05:41:33.998+0000] {processor.py:208} INFO - Processing /opt/airflow/dags/tg_store_users.py took 0.761 seconds
[2026-01-17T05:42:04.151+0000] {processor.py:186} INFO - Started process (PID=8748) to work on /opt/airflow/dags/tg_store_users.py
[2026-01-17T05:42:04.153+0000] {processor.py:914} INFO - Processing file /opt/airflow/dags/tg_store_users.py for tasks to queue
[2026-01-17T05:42:04.156+0000] {logging_mixin.py:190} INFO - [2026-01-17T05:42:04.155+0000] {dagbag.py:588} INFO - Filling up the DagBag from /opt/airflow/dags/tg_store_users.py
[2026-01-17T05:42:04.954+0000] {processor.py:925} INFO - DAG(s) 'tg_store_users' retrieved from /opt/airflow/dags/tg_store_users.py
[2026-01-17T05:42:05.028+0000] {logging_mixin.py:190} INFO - [2026-01-17T05:42:05.028+0000] {dag.py:3239} INFO - Sync 1 DAGs
[2026-01-17T05:42:05.091+0000] {logging_mixin.py:190} INFO - [2026-01-17T05:42:05.087+0000] {dag.py:4180} INFO - Setting next_dagrun for tg_store_users to None, run_after=None
[2026-01-17T05:42:05.159+0000] {processor.py:208} INFO - Processing /opt/airflow/dags/tg_store_users.py took 1.024 seconds
[2026-01-17T05:42:35.646+0000] {processor.py:186} INFO - Started process (PID=8771) to work on /opt/airflow/dags/tg_store_users.py
[2026-01-17T05:42:35.648+0000] {processor.py:914} INFO - Processing file /opt/airflow/dags/tg_store_users.py for tasks to queue
[2026-01-17T05:42:35.650+0000] {logging_mixin.py:190} INFO - [2026-01-17T05:42:35.649+0000] {dagbag.py:588} INFO - Filling up the DagBag from /opt/airflow/dags/tg_store_users.py
[2026-01-17T05:42:36.474+0000] {processor.py:925} INFO - DAG(s) 'tg_store_users' retrieved from /opt/airflow/dags/tg_store_users.py
[2026-01-17T05:42:36.534+0000] {logging_mixin.py:190} INFO - [2026-01-17T05:42:36.533+0000] {dag.py:3239} INFO - Sync 1 DAGs
[2026-01-17T05:42:36.598+0000] {logging_mixin.py:190} INFO - [2026-01-17T05:42:36.597+0000] {dag.py:4180} INFO - Setting next_dagrun for tg_store_users to None, run_after=None
[2026-01-17T05:42:36.650+0000] {processor.py:208} INFO - Processing /opt/airflow/dags/tg_store_users.py took 1.019 seconds
[2026-01-17T05:43:07.488+0000] {processor.py:186} INFO - Started process (PID=8794) to work on /opt/airflow/dags/tg_store_users.py
[2026-01-17T05:43:07.492+0000] {processor.py:914} INFO - Processing file /opt/airflow/dags/tg_store_users.py for tasks to queue
[2026-01-17T05:43:07.495+0000] {logging_mixin.py:190} INFO - [2026-01-17T05:43:07.494+0000] {dagbag.py:588} INFO - Filling up the DagBag from /opt/airflow/dags/tg_store_users.py
[2026-01-17T05:43:08.014+0000] {processor.py:925} INFO - DAG(s) 'tg_store_users' retrieved from /opt/airflow/dags/tg_store_users.py
[2026-01-17T05:43:08.064+0000] {logging_mixin.py:190} INFO - [2026-01-17T05:43:08.063+0000] {dag.py:3239} INFO - Sync 1 DAGs
[2026-01-17T05:43:08.109+0000] {logging_mixin.py:190} INFO - [2026-01-17T05:43:08.108+0000] {dag.py:4180} INFO - Setting next_dagrun for tg_store_users to None, run_after=None
[2026-01-17T05:43:08.153+0000] {processor.py:208} INFO - Processing /opt/airflow/dags/tg_store_users.py took 0.690 seconds
[2026-01-17T05:43:38.417+0000] {processor.py:186} INFO - Started process (PID=8818) to work on /opt/airflow/dags/tg_store_users.py
[2026-01-17T05:43:38.419+0000] {processor.py:914} INFO - Processing file /opt/airflow/dags/tg_store_users.py for tasks to queue
[2026-01-17T05:43:38.421+0000] {logging_mixin.py:190} INFO - [2026-01-17T05:43:38.420+0000] {dagbag.py:588} INFO - Filling up the DagBag from /opt/airflow/dags/tg_store_users.py
[2026-01-17T05:43:38.995+0000] {processor.py:925} INFO - DAG(s) 'tg_store_users' retrieved from /opt/airflow/dags/tg_store_users.py
[2026-01-17T05:43:39.045+0000] {logging_mixin.py:190} INFO - [2026-01-17T05:43:39.045+0000] {dag.py:3239} INFO - Sync 1 DAGs
[2026-01-17T05:43:39.083+0000] {logging_mixin.py:190} INFO - [2026-01-17T05:43:39.083+0000] {dag.py:4180} INFO - Setting next_dagrun for tg_store_users to None, run_after=None
[2026-01-17T05:43:39.140+0000] {processor.py:208} INFO - Processing /opt/airflow/dags/tg_store_users.py took 0.743 seconds
[2026-01-17T05:44:09.826+0000] {processor.py:186} INFO - Started process (PID=8842) to work on /opt/airflow/dags/tg_store_users.py
[2026-01-17T05:44:09.828+0000] {processor.py:914} INFO - Processing file /opt/airflow/dags/tg_store_users.py for tasks to queue
[2026-01-17T05:44:09.830+0000] {logging_mixin.py:190} INFO - [2026-01-17T05:44:09.829+0000] {dagbag.py:588} INFO - Filling up the DagBag from /opt/airflow/dags/tg_store_users.py
[2026-01-17T05:44:10.368+0000] {processor.py:925} INFO - DAG(s) 'tg_store_users' retrieved from /opt/airflow/dags/tg_store_users.py
[2026-01-17T05:44:10.418+0000] {logging_mixin.py:190} INFO - [2026-01-17T05:44:10.417+0000] {dag.py:3239} INFO - Sync 1 DAGs
[2026-01-17T05:44:10.455+0000] {logging_mixin.py:190} INFO - [2026-01-17T05:44:10.455+0000] {dag.py:4180} INFO - Setting next_dagrun for tg_store_users to None, run_after=None
[2026-01-17T05:44:10.503+0000] {processor.py:208} INFO - Processing /opt/airflow/dags/tg_store_users.py took 0.693 seconds
[2026-01-17T05:44:40.684+0000] {processor.py:186} INFO - Started process (PID=8866) to work on /opt/airflow/dags/tg_store_users.py
[2026-01-17T05:44:40.685+0000] {processor.py:914} INFO - Processing file /opt/airflow/dags/tg_store_users.py for tasks to queue
[2026-01-17T05:44:40.688+0000] {logging_mixin.py:190} INFO - [2026-01-17T05:44:40.687+0000] {dagbag.py:588} INFO - Filling up the DagBag from /opt/airflow/dags/tg_store_users.py
[2026-01-17T05:44:41.257+0000] {processor.py:925} INFO - DAG(s) 'tg_store_users' retrieved from /opt/airflow/dags/tg_store_users.py
[2026-01-17T05:44:41.301+0000] {logging_mixin.py:190} INFO - [2026-01-17T05:44:41.300+0000] {dag.py:3239} INFO - Sync 1 DAGs
[2026-01-17T05:44:41.339+0000] {logging_mixin.py:190} INFO - [2026-01-17T05:44:41.338+0000] {dag.py:4180} INFO - Setting next_dagrun for tg_store_users to None, run_after=None
[2026-01-17T05:44:41.400+0000] {processor.py:208} INFO - Processing /opt/airflow/dags/tg_store_users.py took 0.729 seconds
[2026-01-17T05:45:11.823+0000] {processor.py:186} INFO - Started process (PID=8890) to work on /opt/airflow/dags/tg_store_users.py
[2026-01-17T05:45:11.825+0000] {processor.py:914} INFO - Processing file /opt/airflow/dags/tg_store_users.py for tasks to queue
[2026-01-17T05:45:11.827+0000] {logging_mixin.py:190} INFO - [2026-01-17T05:45:11.826+0000] {dagbag.py:588} INFO - Filling up the DagBag from /opt/airflow/dags/tg_store_users.py
[2026-01-17T05:45:12.271+0000] {processor.py:925} INFO - DAG(s) 'tg_store_users' retrieved from /opt/airflow/dags/tg_store_users.py
[2026-01-17T05:45:12.321+0000] {logging_mixin.py:190} INFO - [2026-01-17T05:45:12.318+0000] {dag.py:3239} INFO - Sync 1 DAGs
[2026-01-17T05:45:12.377+0000] {logging_mixin.py:190} INFO - [2026-01-17T05:45:12.376+0000] {dag.py:4180} INFO - Setting next_dagrun for tg_store_users to None, run_after=None
[2026-01-17T05:45:12.422+0000] {processor.py:208} INFO - Processing /opt/airflow/dags/tg_store_users.py took 0.614 seconds
[2026-01-17T05:45:43.333+0000] {processor.py:186} INFO - Started process (PID=8914) to work on /opt/airflow/dags/tg_store_users.py
[2026-01-17T05:45:43.335+0000] {processor.py:914} INFO - Processing file /opt/airflow/dags/tg_store_users.py for tasks to queue
[2026-01-17T05:45:43.339+0000] {logging_mixin.py:190} INFO - [2026-01-17T05:45:43.338+0000] {dagbag.py:588} INFO - Filling up the DagBag from /opt/airflow/dags/tg_store_users.py
[2026-01-17T05:45:43.818+0000] {processor.py:925} INFO - DAG(s) 'tg_store_users' retrieved from /opt/airflow/dags/tg_store_users.py
[2026-01-17T05:45:43.856+0000] {logging_mixin.py:190} INFO - [2026-01-17T05:45:43.856+0000] {dag.py:3239} INFO - Sync 1 DAGs
[2026-01-17T05:45:43.897+0000] {logging_mixin.py:190} INFO - [2026-01-17T05:45:43.896+0000] {dag.py:4180} INFO - Setting next_dagrun for tg_store_users to None, run_after=None
[2026-01-17T05:45:43.950+0000] {processor.py:208} INFO - Processing /opt/airflow/dags/tg_store_users.py took 0.639 seconds
[2026-01-17T05:46:14.071+0000] {processor.py:186} INFO - Started process (PID=8938) to work on /opt/airflow/dags/tg_store_users.py
[2026-01-17T05:46:14.072+0000] {processor.py:914} INFO - Processing file /opt/airflow/dags/tg_store_users.py for tasks to queue
[2026-01-17T05:46:14.075+0000] {logging_mixin.py:190} INFO - [2026-01-17T05:46:14.074+0000] {dagbag.py:588} INFO - Filling up the DagBag from /opt/airflow/dags/tg_store_users.py
[2026-01-17T05:46:14.484+0000] {processor.py:925} INFO - DAG(s) 'tg_store_users' retrieved from /opt/airflow/dags/tg_store_users.py
[2026-01-17T05:46:14.521+0000] {logging_mixin.py:190} INFO - [2026-01-17T05:46:14.521+0000] {dag.py:3239} INFO - Sync 1 DAGs
[2026-01-17T05:46:14.554+0000] {logging_mixin.py:190} INFO - [2026-01-17T05:46:14.553+0000] {dag.py:4180} INFO - Setting next_dagrun for tg_store_users to None, run_after=None
[2026-01-17T05:46:14.587+0000] {processor.py:208} INFO - Processing /opt/airflow/dags/tg_store_users.py took 0.527 seconds
[2026-01-17T05:46:45.198+0000] {processor.py:186} INFO - Started process (PID=8962) to work on /opt/airflow/dags/tg_store_users.py
[2026-01-17T05:46:45.202+0000] {processor.py:914} INFO - Processing file /opt/airflow/dags/tg_store_users.py for tasks to queue
[2026-01-17T05:46:45.206+0000] {logging_mixin.py:190} INFO - [2026-01-17T05:46:45.205+0000] {dagbag.py:588} INFO - Filling up the DagBag from /opt/airflow/dags/tg_store_users.py
[2026-01-17T05:46:45.672+0000] {processor.py:925} INFO - DAG(s) 'tg_store_users' retrieved from /opt/airflow/dags/tg_store_users.py
[2026-01-17T05:46:45.717+0000] {logging_mixin.py:190} INFO - [2026-01-17T05:46:45.716+0000] {dag.py:3239} INFO - Sync 1 DAGs
[2026-01-17T05:46:45.766+0000] {logging_mixin.py:190} INFO - [2026-01-17T05:46:45.765+0000] {dag.py:4180} INFO - Setting next_dagrun for tg_store_users to None, run_after=None
[2026-01-17T05:46:45.813+0000] {processor.py:208} INFO - Processing /opt/airflow/dags/tg_store_users.py took 0.643 seconds
[2026-01-17T05:47:16.589+0000] {processor.py:186} INFO - Started process (PID=8987) to work on /opt/airflow/dags/tg_store_users.py
[2026-01-17T05:47:16.592+0000] {processor.py:914} INFO - Processing file /opt/airflow/dags/tg_store_users.py for tasks to queue
[2026-01-17T05:47:16.596+0000] {logging_mixin.py:190} INFO - [2026-01-17T05:47:16.595+0000] {dagbag.py:588} INFO - Filling up the DagBag from /opt/airflow/dags/tg_store_users.py
[2026-01-17T05:47:17.251+0000] {processor.py:925} INFO - DAG(s) 'tg_store_users' retrieved from /opt/airflow/dags/tg_store_users.py
[2026-01-17T05:47:17.309+0000] {logging_mixin.py:190} INFO - [2026-01-17T05:47:17.308+0000] {dag.py:3239} INFO - Sync 1 DAGs
[2026-01-17T05:47:17.353+0000] {logging_mixin.py:190} INFO - [2026-01-17T05:47:17.353+0000] {dag.py:4180} INFO - Setting next_dagrun for tg_store_users to None, run_after=None
[2026-01-17T05:47:17.406+0000] {processor.py:208} INFO - Processing /opt/airflow/dags/tg_store_users.py took 0.851 seconds
[2026-01-17T05:47:48.062+0000] {processor.py:186} INFO - Started process (PID=9018) to work on /opt/airflow/dags/tg_store_users.py
[2026-01-17T05:47:48.064+0000] {processor.py:914} INFO - Processing file /opt/airflow/dags/tg_store_users.py for tasks to queue
[2026-01-17T05:47:48.066+0000] {logging_mixin.py:190} INFO - [2026-01-17T05:47:48.065+0000] {dagbag.py:588} INFO - Filling up the DagBag from /opt/airflow/dags/tg_store_users.py
[2026-01-17T05:47:48.590+0000] {processor.py:925} INFO - DAG(s) 'tg_store_users' retrieved from /opt/airflow/dags/tg_store_users.py
[2026-01-17T05:47:48.633+0000] {logging_mixin.py:190} INFO - [2026-01-17T05:47:48.632+0000] {dag.py:3239} INFO - Sync 1 DAGs
[2026-01-17T05:47:48.672+0000] {logging_mixin.py:190} INFO - [2026-01-17T05:47:48.672+0000] {dag.py:4180} INFO - Setting next_dagrun for tg_store_users to None, run_after=None
[2026-01-17T05:47:48.707+0000] {processor.py:208} INFO - Processing /opt/airflow/dags/tg_store_users.py took 0.661 seconds
[2026-01-17T05:48:19.569+0000] {processor.py:186} INFO - Started process (PID=9042) to work on /opt/airflow/dags/tg_store_users.py
[2026-01-17T05:48:19.571+0000] {processor.py:914} INFO - Processing file /opt/airflow/dags/tg_store_users.py for tasks to queue
[2026-01-17T05:48:19.573+0000] {logging_mixin.py:190} INFO - [2026-01-17T05:48:19.572+0000] {dagbag.py:588} INFO - Filling up the DagBag from /opt/airflow/dags/tg_store_users.py
[2026-01-17T05:48:20.088+0000] {processor.py:925} INFO - DAG(s) 'tg_store_users' retrieved from /opt/airflow/dags/tg_store_users.py
[2026-01-17T05:48:20.127+0000] {logging_mixin.py:190} INFO - [2026-01-17T05:48:20.126+0000] {dag.py:3239} INFO - Sync 1 DAGs
[2026-01-17T05:48:20.171+0000] {logging_mixin.py:190} INFO - [2026-01-17T05:48:20.170+0000] {dag.py:4180} INFO - Setting next_dagrun for tg_store_users to None, run_after=None
[2026-01-17T05:48:20.214+0000] {processor.py:208} INFO - Processing /opt/airflow/dags/tg_store_users.py took 0.659 seconds
[2026-01-17T05:48:51.087+0000] {processor.py:186} INFO - Started process (PID=9066) to work on /opt/airflow/dags/tg_store_users.py
[2026-01-17T05:48:51.088+0000] {processor.py:914} INFO - Processing file /opt/airflow/dags/tg_store_users.py for tasks to queue
[2026-01-17T05:48:51.090+0000] {logging_mixin.py:190} INFO - [2026-01-17T05:48:51.089+0000] {dagbag.py:588} INFO - Filling up the DagBag from /opt/airflow/dags/tg_store_users.py
[2026-01-17T05:48:51.612+0000] {processor.py:925} INFO - DAG(s) 'tg_store_users' retrieved from /opt/airflow/dags/tg_store_users.py
[2026-01-17T05:48:51.651+0000] {logging_mixin.py:190} INFO - [2026-01-17T05:48:51.651+0000] {dag.py:3239} INFO - Sync 1 DAGs
[2026-01-17T05:48:51.681+0000] {logging_mixin.py:190} INFO - [2026-01-17T05:48:51.681+0000] {dag.py:4180} INFO - Setting next_dagrun for tg_store_users to None, run_after=None
[2026-01-17T05:48:51.720+0000] {processor.py:208} INFO - Processing /opt/airflow/dags/tg_store_users.py took 0.645 seconds
[2026-01-17T05:49:22.488+0000] {processor.py:186} INFO - Started process (PID=9089) to work on /opt/airflow/dags/tg_store_users.py
[2026-01-17T05:49:22.489+0000] {processor.py:914} INFO - Processing file /opt/airflow/dags/tg_store_users.py for tasks to queue
[2026-01-17T05:49:22.492+0000] {logging_mixin.py:190} INFO - [2026-01-17T05:49:22.491+0000] {dagbag.py:588} INFO - Filling up the DagBag from /opt/airflow/dags/tg_store_users.py
[2026-01-17T05:49:22.953+0000] {processor.py:925} INFO - DAG(s) 'tg_store_users' retrieved from /opt/airflow/dags/tg_store_users.py
[2026-01-17T05:49:22.989+0000] {logging_mixin.py:190} INFO - [2026-01-17T05:49:22.988+0000] {dag.py:3239} INFO - Sync 1 DAGs
[2026-01-17T05:49:23.025+0000] {logging_mixin.py:190} INFO - [2026-01-17T05:49:23.024+0000] {dag.py:4180} INFO - Setting next_dagrun for tg_store_users to None, run_after=None
[2026-01-17T05:49:23.059+0000] {processor.py:208} INFO - Processing /opt/airflow/dags/tg_store_users.py took 0.590 seconds
[2026-01-17T05:49:53.172+0000] {processor.py:186} INFO - Started process (PID=9113) to work on /opt/airflow/dags/tg_store_users.py
[2026-01-17T05:49:53.174+0000] {processor.py:914} INFO - Processing file /opt/airflow/dags/tg_store_users.py for tasks to queue
[2026-01-17T05:49:53.176+0000] {logging_mixin.py:190} INFO - [2026-01-17T05:49:53.176+0000] {dagbag.py:588} INFO - Filling up the DagBag from /opt/airflow/dags/tg_store_users.py
[2026-01-17T05:49:53.716+0000] {processor.py:925} INFO - DAG(s) 'tg_store_users' retrieved from /opt/airflow/dags/tg_store_users.py
[2026-01-17T05:49:53.760+0000] {logging_mixin.py:190} INFO - [2026-01-17T05:49:53.759+0000] {dag.py:3239} INFO - Sync 1 DAGs
[2026-01-17T05:49:53.808+0000] {logging_mixin.py:190} INFO - [2026-01-17T05:49:53.807+0000] {dag.py:4180} INFO - Setting next_dagrun for tg_store_users to None, run_after=None
[2026-01-17T05:49:53.868+0000] {processor.py:208} INFO - Processing /opt/airflow/dags/tg_store_users.py took 0.709 seconds
[2026-01-17T05:50:24.149+0000] {processor.py:186} INFO - Started process (PID=9137) to work on /opt/airflow/dags/tg_store_users.py
[2026-01-17T05:50:24.152+0000] {processor.py:914} INFO - Processing file /opt/airflow/dags/tg_store_users.py for tasks to queue
[2026-01-17T05:50:24.155+0000] {logging_mixin.py:190} INFO - [2026-01-17T05:50:24.154+0000] {dagbag.py:588} INFO - Filling up the DagBag from /opt/airflow/dags/tg_store_users.py
[2026-01-17T05:50:24.642+0000] {processor.py:925} INFO - DAG(s) 'tg_store_users' retrieved from /opt/airflow/dags/tg_store_users.py
[2026-01-17T05:50:24.684+0000] {logging_mixin.py:190} INFO - [2026-01-17T05:50:24.684+0000] {dag.py:3239} INFO - Sync 1 DAGs
[2026-01-17T05:50:24.720+0000] {logging_mixin.py:190} INFO - [2026-01-17T05:50:24.719+0000] {dag.py:4180} INFO - Setting next_dagrun for tg_store_users to None, run_after=None
[2026-01-17T05:50:24.751+0000] {processor.py:208} INFO - Processing /opt/airflow/dags/tg_store_users.py took 0.621 seconds
[2026-01-17T05:50:55.277+0000] {processor.py:186} INFO - Started process (PID=9161) to work on /opt/airflow/dags/tg_store_users.py
[2026-01-17T05:50:55.278+0000] {processor.py:914} INFO - Processing file /opt/airflow/dags/tg_store_users.py for tasks to queue
[2026-01-17T05:50:55.280+0000] {logging_mixin.py:190} INFO - [2026-01-17T05:50:55.279+0000] {dagbag.py:588} INFO - Filling up the DagBag from /opt/airflow/dags/tg_store_users.py
[2026-01-17T05:50:55.737+0000] {processor.py:925} INFO - DAG(s) 'tg_store_users' retrieved from /opt/airflow/dags/tg_store_users.py
[2026-01-17T05:50:55.769+0000] {logging_mixin.py:190} INFO - [2026-01-17T05:50:55.768+0000] {dag.py:3239} INFO - Sync 1 DAGs
[2026-01-17T05:50:55.803+0000] {logging_mixin.py:190} INFO - [2026-01-17T05:50:55.803+0000] {dag.py:4180} INFO - Setting next_dagrun for tg_store_users to None, run_after=None
[2026-01-17T05:50:55.853+0000] {processor.py:208} INFO - Processing /opt/airflow/dags/tg_store_users.py took 0.598 seconds
[2026-01-17T05:51:26.501+0000] {processor.py:186} INFO - Started process (PID=9185) to work on /opt/airflow/dags/tg_store_users.py
[2026-01-17T05:51:26.504+0000] {processor.py:914} INFO - Processing file /opt/airflow/dags/tg_store_users.py for tasks to queue
[2026-01-17T05:51:26.507+0000] {logging_mixin.py:190} INFO - [2026-01-17T05:51:26.506+0000] {dagbag.py:588} INFO - Filling up the DagBag from /opt/airflow/dags/tg_store_users.py
[2026-01-17T05:51:26.964+0000] {processor.py:925} INFO - DAG(s) 'tg_store_users' retrieved from /opt/airflow/dags/tg_store_users.py
[2026-01-17T05:51:26.998+0000] {logging_mixin.py:190} INFO - [2026-01-17T05:51:26.997+0000] {dag.py:3239} INFO - Sync 1 DAGs
[2026-01-17T05:51:27.034+0000] {logging_mixin.py:190} INFO - [2026-01-17T05:51:27.034+0000] {dag.py:4180} INFO - Setting next_dagrun for tg_store_users to None, run_after=None
[2026-01-17T05:51:27.076+0000] {processor.py:208} INFO - Processing /opt/airflow/dags/tg_store_users.py took 0.596 seconds
[2026-01-17T05:51:57.878+0000] {processor.py:186} INFO - Started process (PID=9209) to work on /opt/airflow/dags/tg_store_users.py
[2026-01-17T05:51:57.880+0000] {processor.py:914} INFO - Processing file /opt/airflow/dags/tg_store_users.py for tasks to queue
[2026-01-17T05:51:57.883+0000] {logging_mixin.py:190} INFO - [2026-01-17T05:51:57.882+0000] {dagbag.py:588} INFO - Filling up the DagBag from /opt/airflow/dags/tg_store_users.py
[2026-01-17T05:51:58.321+0000] {processor.py:925} INFO - DAG(s) 'tg_store_users' retrieved from /opt/airflow/dags/tg_store_users.py
[2026-01-17T05:51:58.373+0000] {logging_mixin.py:190} INFO - [2026-01-17T05:51:58.372+0000] {dag.py:3239} INFO - Sync 1 DAGs
[2026-01-17T05:51:58.407+0000] {logging_mixin.py:190} INFO - [2026-01-17T05:51:58.407+0000] {dag.py:4180} INFO - Setting next_dagrun for tg_store_users to None, run_after=None
[2026-01-17T05:51:58.453+0000] {processor.py:208} INFO - Processing /opt/airflow/dags/tg_store_users.py took 0.591 seconds
[2026-01-17T05:52:28.753+0000] {processor.py:186} INFO - Started process (PID=9233) to work on /opt/airflow/dags/tg_store_users.py
[2026-01-17T05:52:28.754+0000] {processor.py:914} INFO - Processing file /opt/airflow/dags/tg_store_users.py for tasks to queue
[2026-01-17T05:52:28.755+0000] {logging_mixin.py:190} INFO - [2026-01-17T05:52:28.755+0000] {dagbag.py:588} INFO - Filling up the DagBag from /opt/airflow/dags/tg_store_users.py
[2026-01-17T05:52:29.283+0000] {processor.py:925} INFO - DAG(s) 'tg_store_users' retrieved from /opt/airflow/dags/tg_store_users.py
[2026-01-17T05:52:29.324+0000] {logging_mixin.py:190} INFO - [2026-01-17T05:52:29.323+0000] {dag.py:3239} INFO - Sync 1 DAGs
[2026-01-17T05:52:29.355+0000] {logging_mixin.py:190} INFO - [2026-01-17T05:52:29.354+0000] {dag.py:4180} INFO - Setting next_dagrun for tg_store_users to None, run_after=None
[2026-01-17T05:52:29.387+0000] {processor.py:208} INFO - Processing /opt/airflow/dags/tg_store_users.py took 0.647 seconds
[2026-01-17T05:52:59.755+0000] {processor.py:186} INFO - Started process (PID=9257) to work on /opt/airflow/dags/tg_store_users.py
[2026-01-17T05:52:59.757+0000] {processor.py:914} INFO - Processing file /opt/airflow/dags/tg_store_users.py for tasks to queue
[2026-01-17T05:52:59.759+0000] {logging_mixin.py:190} INFO - [2026-01-17T05:52:59.758+0000] {dagbag.py:588} INFO - Filling up the DagBag from /opt/airflow/dags/tg_store_users.py
[2026-01-17T05:53:00.474+0000] {processor.py:925} INFO - DAG(s) 'tg_store_users' retrieved from /opt/airflow/dags/tg_store_users.py
[2026-01-17T05:53:00.513+0000] {logging_mixin.py:190} INFO - [2026-01-17T05:53:00.513+0000] {dag.py:3239} INFO - Sync 1 DAGs
[2026-01-17T05:53:00.547+0000] {logging_mixin.py:190} INFO - [2026-01-17T05:53:00.547+0000] {dag.py:4180} INFO - Setting next_dagrun for tg_store_users to None, run_after=None
[2026-01-17T05:53:00.595+0000] {processor.py:208} INFO - Processing /opt/airflow/dags/tg_store_users.py took 0.852 seconds
[2026-01-17T05:53:30.853+0000] {processor.py:186} INFO - Started process (PID=9281) to work on /opt/airflow/dags/tg_store_users.py
[2026-01-17T05:53:30.855+0000] {processor.py:914} INFO - Processing file /opt/airflow/dags/tg_store_users.py for tasks to queue
[2026-01-17T05:53:30.858+0000] {logging_mixin.py:190} INFO - [2026-01-17T05:53:30.857+0000] {dagbag.py:588} INFO - Filling up the DagBag from /opt/airflow/dags/tg_store_users.py
[2026-01-17T05:53:31.484+0000] {processor.py:925} INFO - DAG(s) 'tg_store_users' retrieved from /opt/airflow/dags/tg_store_users.py
[2026-01-17T05:53:31.530+0000] {logging_mixin.py:190} INFO - [2026-01-17T05:53:31.529+0000] {dag.py:3239} INFO - Sync 1 DAGs
[2026-01-17T05:53:31.569+0000] {logging_mixin.py:190} INFO - [2026-01-17T05:53:31.569+0000] {dag.py:4180} INFO - Setting next_dagrun for tg_store_users to None, run_after=None
[2026-01-17T05:53:31.607+0000] {processor.py:208} INFO - Processing /opt/airflow/dags/tg_store_users.py took 0.769 seconds
[2026-01-17T05:54:02.368+0000] {processor.py:186} INFO - Started process (PID=9305) to work on /opt/airflow/dags/tg_store_users.py
[2026-01-17T05:54:02.370+0000] {processor.py:914} INFO - Processing file /opt/airflow/dags/tg_store_users.py for tasks to queue
[2026-01-17T05:54:02.374+0000] {logging_mixin.py:190} INFO - [2026-01-17T05:54:02.373+0000] {dagbag.py:588} INFO - Filling up the DagBag from /opt/airflow/dags/tg_store_users.py
[2026-01-17T05:54:02.810+0000] {processor.py:925} INFO - DAG(s) 'tg_store_users' retrieved from /opt/airflow/dags/tg_store_users.py
[2026-01-17T05:54:02.847+0000] {logging_mixin.py:190} INFO - [2026-01-17T05:54:02.846+0000] {dag.py:3239} INFO - Sync 1 DAGs
[2026-01-17T05:54:02.882+0000] {logging_mixin.py:190} INFO - [2026-01-17T05:54:02.882+0000] {dag.py:4180} INFO - Setting next_dagrun for tg_store_users to None, run_after=None
[2026-01-17T05:54:02.926+0000] {processor.py:208} INFO - Processing /opt/airflow/dags/tg_store_users.py took 0.577 seconds
[2026-01-17T05:54:33.076+0000] {processor.py:186} INFO - Started process (PID=9329) to work on /opt/airflow/dags/tg_store_users.py
[2026-01-17T05:54:33.078+0000] {processor.py:914} INFO - Processing file /opt/airflow/dags/tg_store_users.py for tasks to queue
[2026-01-17T05:54:33.080+0000] {logging_mixin.py:190} INFO - [2026-01-17T05:54:33.080+0000] {dagbag.py:588} INFO - Filling up the DagBag from /opt/airflow/dags/tg_store_users.py
[2026-01-17T05:54:33.616+0000] {processor.py:925} INFO - DAG(s) 'tg_store_users' retrieved from /opt/airflow/dags/tg_store_users.py
[2026-01-17T05:54:33.654+0000] {logging_mixin.py:190} INFO - [2026-01-17T05:54:33.653+0000] {dag.py:3239} INFO - Sync 1 DAGs
[2026-01-17T05:54:33.690+0000] {logging_mixin.py:190} INFO - [2026-01-17T05:54:33.690+0000] {dag.py:4180} INFO - Setting next_dagrun for tg_store_users to None, run_after=None
[2026-01-17T05:54:33.727+0000] {processor.py:208} INFO - Processing /opt/airflow/dags/tg_store_users.py took 0.661 seconds
[2026-01-17T05:55:03.859+0000] {processor.py:186} INFO - Started process (PID=9353) to work on /opt/airflow/dags/tg_store_users.py
[2026-01-17T05:55:03.861+0000] {processor.py:914} INFO - Processing file /opt/airflow/dags/tg_store_users.py for tasks to queue
[2026-01-17T05:55:03.864+0000] {logging_mixin.py:190} INFO - [2026-01-17T05:55:03.863+0000] {dagbag.py:588} INFO - Filling up the DagBag from /opt/airflow/dags/tg_store_users.py
[2026-01-17T05:55:04.246+0000] {processor.py:925} INFO - DAG(s) 'tg_store_users' retrieved from /opt/airflow/dags/tg_store_users.py
[2026-01-17T05:55:04.281+0000] {logging_mixin.py:190} INFO - [2026-01-17T05:55:04.281+0000] {dag.py:3239} INFO - Sync 1 DAGs
[2026-01-17T05:55:04.310+0000] {logging_mixin.py:190} INFO - [2026-01-17T05:55:04.309+0000] {dag.py:4180} INFO - Setting next_dagrun for tg_store_users to None, run_after=None
[2026-01-17T05:55:04.349+0000] {processor.py:208} INFO - Processing /opt/airflow/dags/tg_store_users.py took 0.508 seconds
[2026-01-17T05:55:34.900+0000] {processor.py:186} INFO - Started process (PID=9377) to work on /opt/airflow/dags/tg_store_users.py
[2026-01-17T05:55:34.902+0000] {processor.py:914} INFO - Processing file /opt/airflow/dags/tg_store_users.py for tasks to queue
[2026-01-17T05:55:34.904+0000] {logging_mixin.py:190} INFO - [2026-01-17T05:55:34.904+0000] {dagbag.py:588} INFO - Filling up the DagBag from /opt/airflow/dags/tg_store_users.py
[2026-01-17T05:55:35.363+0000] {processor.py:925} INFO - DAG(s) 'tg_store_users' retrieved from /opt/airflow/dags/tg_store_users.py
[2026-01-17T05:55:35.401+0000] {logging_mixin.py:190} INFO - [2026-01-17T05:55:35.400+0000] {dag.py:3239} INFO - Sync 1 DAGs
[2026-01-17T05:55:35.443+0000] {logging_mixin.py:190} INFO - [2026-01-17T05:55:35.443+0000] {dag.py:4180} INFO - Setting next_dagrun for tg_store_users to None, run_after=None
[2026-01-17T05:55:35.492+0000] {processor.py:208} INFO - Processing /opt/airflow/dags/tg_store_users.py took 0.603 seconds
[2026-01-17T05:56:05.653+0000] {processor.py:186} INFO - Started process (PID=9401) to work on /opt/airflow/dags/tg_store_users.py
[2026-01-17T05:56:05.657+0000] {processor.py:914} INFO - Processing file /opt/airflow/dags/tg_store_users.py for tasks to queue
[2026-01-17T05:56:05.660+0000] {logging_mixin.py:190} INFO - [2026-01-17T05:56:05.659+0000] {dagbag.py:588} INFO - Filling up the DagBag from /opt/airflow/dags/tg_store_users.py
[2026-01-17T05:56:06.121+0000] {processor.py:925} INFO - DAG(s) 'tg_store_users' retrieved from /opt/airflow/dags/tg_store_users.py
[2026-01-17T05:56:06.163+0000] {logging_mixin.py:190} INFO - [2026-01-17T05:56:06.162+0000] {dag.py:3239} INFO - Sync 1 DAGs
[2026-01-17T05:56:06.197+0000] {logging_mixin.py:190} INFO - [2026-01-17T05:56:06.197+0000] {dag.py:4180} INFO - Setting next_dagrun for tg_store_users to None, run_after=None
[2026-01-17T05:56:06.232+0000] {processor.py:208} INFO - Processing /opt/airflow/dags/tg_store_users.py took 0.607 seconds
[2026-01-17T05:56:37.061+0000] {processor.py:186} INFO - Started process (PID=9426) to work on /opt/airflow/dags/tg_store_users.py
[2026-01-17T05:56:37.063+0000] {processor.py:914} INFO - Processing file /opt/airflow/dags/tg_store_users.py for tasks to queue
[2026-01-17T05:56:37.065+0000] {logging_mixin.py:190} INFO - [2026-01-17T05:56:37.064+0000] {dagbag.py:588} INFO - Filling up the DagBag from /opt/airflow/dags/tg_store_users.py
[2026-01-17T05:56:37.506+0000] {processor.py:925} INFO - DAG(s) 'tg_store_users' retrieved from /opt/airflow/dags/tg_store_users.py
[2026-01-17T05:56:37.547+0000] {logging_mixin.py:190} INFO - [2026-01-17T05:56:37.546+0000] {dag.py:3239} INFO - Sync 1 DAGs
[2026-01-17T05:56:37.591+0000] {logging_mixin.py:190} INFO - [2026-01-17T05:56:37.591+0000] {dag.py:4180} INFO - Setting next_dagrun for tg_store_users to None, run_after=None
[2026-01-17T05:56:37.640+0000] {processor.py:208} INFO - Processing /opt/airflow/dags/tg_store_users.py took 0.592 seconds
[2026-01-17T05:57:07.899+0000] {processor.py:186} INFO - Started process (PID=9450) to work on /opt/airflow/dags/tg_store_users.py
[2026-01-17T05:57:07.901+0000] {processor.py:914} INFO - Processing file /opt/airflow/dags/tg_store_users.py for tasks to queue
[2026-01-17T05:57:07.903+0000] {logging_mixin.py:190} INFO - [2026-01-17T05:57:07.903+0000] {dagbag.py:588} INFO - Filling up the DagBag from /opt/airflow/dags/tg_store_users.py
[2026-01-17T05:57:08.432+0000] {processor.py:925} INFO - DAG(s) 'tg_store_users' retrieved from /opt/airflow/dags/tg_store_users.py
[2026-01-17T05:57:08.478+0000] {logging_mixin.py:190} INFO - [2026-01-17T05:57:08.477+0000] {dag.py:3239} INFO - Sync 1 DAGs
[2026-01-17T05:57:08.522+0000] {logging_mixin.py:190} INFO - [2026-01-17T05:57:08.521+0000] {dag.py:4180} INFO - Setting next_dagrun for tg_store_users to None, run_after=None
[2026-01-17T05:57:08.564+0000] {processor.py:208} INFO - Processing /opt/airflow/dags/tg_store_users.py took 0.674 seconds
[2026-01-17T05:57:39.372+0000] {processor.py:186} INFO - Started process (PID=9476) to work on /opt/airflow/dags/tg_store_users.py
[2026-01-17T05:57:39.373+0000] {processor.py:914} INFO - Processing file /opt/airflow/dags/tg_store_users.py for tasks to queue
[2026-01-17T05:57:39.376+0000] {logging_mixin.py:190} INFO - [2026-01-17T05:57:39.375+0000] {dagbag.py:588} INFO - Filling up the DagBag from /opt/airflow/dags/tg_store_users.py
[2026-01-17T05:57:39.852+0000] {processor.py:925} INFO - DAG(s) 'tg_store_users' retrieved from /opt/airflow/dags/tg_store_users.py
[2026-01-17T05:57:39.883+0000] {logging_mixin.py:190} INFO - [2026-01-17T05:57:39.883+0000] {dag.py:3239} INFO - Sync 1 DAGs
[2026-01-17T05:57:39.917+0000] {logging_mixin.py:190} INFO - [2026-01-17T05:57:39.917+0000] {dag.py:4180} INFO - Setting next_dagrun for tg_store_users to None, run_after=None
[2026-01-17T05:57:39.951+0000] {processor.py:208} INFO - Processing /opt/airflow/dags/tg_store_users.py took 0.591 seconds
[2026-01-17T05:58:10.358+0000] {processor.py:186} INFO - Started process (PID=9500) to work on /opt/airflow/dags/tg_store_users.py
[2026-01-17T05:58:10.360+0000] {processor.py:914} INFO - Processing file /opt/airflow/dags/tg_store_users.py for tasks to queue
[2026-01-17T05:58:10.361+0000] {logging_mixin.py:190} INFO - [2026-01-17T05:58:10.361+0000] {dagbag.py:588} INFO - Filling up the DagBag from /opt/airflow/dags/tg_store_users.py
[2026-01-17T05:58:10.841+0000] {processor.py:925} INFO - DAG(s) 'tg_store_users' retrieved from /opt/airflow/dags/tg_store_users.py
[2026-01-17T05:58:10.872+0000] {logging_mixin.py:190} INFO - [2026-01-17T05:58:10.872+0000] {dag.py:3239} INFO - Sync 1 DAGs
[2026-01-17T05:58:10.902+0000] {logging_mixin.py:190} INFO - [2026-01-17T05:58:10.901+0000] {dag.py:4180} INFO - Setting next_dagrun for tg_store_users to None, run_after=None
[2026-01-17T05:58:10.932+0000] {processor.py:208} INFO - Processing /opt/airflow/dags/tg_store_users.py took 0.586 seconds
[2026-01-17T05:58:41.659+0000] {processor.py:186} INFO - Started process (PID=9525) to work on /opt/airflow/dags/tg_store_users.py
[2026-01-17T05:58:41.661+0000] {processor.py:914} INFO - Processing file /opt/airflow/dags/tg_store_users.py for tasks to queue
[2026-01-17T05:58:41.662+0000] {logging_mixin.py:190} INFO - [2026-01-17T05:58:41.662+0000] {dagbag.py:588} INFO - Filling up the DagBag from /opt/airflow/dags/tg_store_users.py
[2026-01-17T05:58:42.196+0000] {processor.py:925} INFO - DAG(s) 'tg_store_users' retrieved from /opt/airflow/dags/tg_store_users.py
[2026-01-17T05:58:42.241+0000] {logging_mixin.py:190} INFO - [2026-01-17T05:58:42.240+0000] {dag.py:3239} INFO - Sync 1 DAGs
[2026-01-17T05:58:42.284+0000] {logging_mixin.py:190} INFO - [2026-01-17T05:58:42.284+0000] {dag.py:4180} INFO - Setting next_dagrun for tg_store_users to None, run_after=None
[2026-01-17T05:58:42.324+0000] {processor.py:208} INFO - Processing /opt/airflow/dags/tg_store_users.py took 0.675 seconds
[2026-01-17T05:59:12.633+0000] {processor.py:186} INFO - Started process (PID=9549) to work on /opt/airflow/dags/tg_store_users.py
[2026-01-17T05:59:12.640+0000] {processor.py:914} INFO - Processing file /opt/airflow/dags/tg_store_users.py for tasks to queue
[2026-01-17T05:59:12.642+0000] {logging_mixin.py:190} INFO - [2026-01-17T05:59:12.642+0000] {dagbag.py:588} INFO - Filling up the DagBag from /opt/airflow/dags/tg_store_users.py
[2026-01-17T05:59:13.162+0000] {processor.py:925} INFO - DAG(s) 'tg_store_users' retrieved from /opt/airflow/dags/tg_store_users.py
[2026-01-17T05:59:13.217+0000] {logging_mixin.py:190} INFO - [2026-01-17T05:59:13.216+0000] {dag.py:3239} INFO - Sync 1 DAGs
[2026-01-17T05:59:13.259+0000] {logging_mixin.py:190} INFO - [2026-01-17T05:59:13.259+0000] {dag.py:4180} INFO - Setting next_dagrun for tg_store_users to None, run_after=None
[2026-01-17T05:59:13.323+0000] {processor.py:208} INFO - Processing /opt/airflow/dags/tg_store_users.py took 0.708 seconds
[2026-01-17T05:59:43.457+0000] {processor.py:186} INFO - Started process (PID=9573) to work on /opt/airflow/dags/tg_store_users.py
[2026-01-17T05:59:43.459+0000] {processor.py:914} INFO - Processing file /opt/airflow/dags/tg_store_users.py for tasks to queue
[2026-01-17T05:59:43.461+0000] {logging_mixin.py:190} INFO - [2026-01-17T05:59:43.461+0000] {dagbag.py:588} INFO - Filling up the DagBag from /opt/airflow/dags/tg_store_users.py
[2026-01-17T05:59:43.943+0000] {processor.py:925} INFO - DAG(s) 'tg_store_users' retrieved from /opt/airflow/dags/tg_store_users.py
[2026-01-17T05:59:43.981+0000] {logging_mixin.py:190} INFO - [2026-01-17T05:59:43.980+0000] {dag.py:3239} INFO - Sync 1 DAGs
[2026-01-17T05:59:44.017+0000] {logging_mixin.py:190} INFO - [2026-01-17T05:59:44.017+0000] {dag.py:4180} INFO - Setting next_dagrun for tg_store_users to None, run_after=None
[2026-01-17T05:59:44.059+0000] {processor.py:208} INFO - Processing /opt/airflow/dags/tg_store_users.py took 0.619 seconds
[2026-01-17T06:00:14.843+0000] {processor.py:186} INFO - Started process (PID=9597) to work on /opt/airflow/dags/tg_store_users.py
[2026-01-17T06:00:14.845+0000] {processor.py:914} INFO - Processing file /opt/airflow/dags/tg_store_users.py for tasks to queue
[2026-01-17T06:00:14.847+0000] {logging_mixin.py:190} INFO - [2026-01-17T06:00:14.846+0000] {dagbag.py:588} INFO - Filling up the DagBag from /opt/airflow/dags/tg_store_users.py
[2026-01-17T06:00:15.247+0000] {processor.py:925} INFO - DAG(s) 'tg_store_users' retrieved from /opt/airflow/dags/tg_store_users.py
[2026-01-17T06:00:15.284+0000] {logging_mixin.py:190} INFO - [2026-01-17T06:00:15.284+0000] {dag.py:3239} INFO - Sync 1 DAGs
[2026-01-17T06:00:15.314+0000] {logging_mixin.py:190} INFO - [2026-01-17T06:00:15.314+0000] {dag.py:4180} INFO - Setting next_dagrun for tg_store_users to None, run_after=None
[2026-01-17T06:00:15.367+0000] {processor.py:208} INFO - Processing /opt/airflow/dags/tg_store_users.py took 0.535 seconds
[2026-01-17T06:00:45.642+0000] {processor.py:186} INFO - Started process (PID=9621) to work on /opt/airflow/dags/tg_store_users.py
[2026-01-17T06:00:45.644+0000] {processor.py:914} INFO - Processing file /opt/airflow/dags/tg_store_users.py for tasks to queue
[2026-01-17T06:00:45.646+0000] {logging_mixin.py:190} INFO - [2026-01-17T06:00:45.646+0000] {dagbag.py:588} INFO - Filling up the DagBag from /opt/airflow/dags/tg_store_users.py
[2026-01-17T06:00:46.098+0000] {processor.py:925} INFO - DAG(s) 'tg_store_users' retrieved from /opt/airflow/dags/tg_store_users.py
[2026-01-17T06:00:46.136+0000] {logging_mixin.py:190} INFO - [2026-01-17T06:00:46.135+0000] {dag.py:3239} INFO - Sync 1 DAGs
[2026-01-17T06:00:46.171+0000] {logging_mixin.py:190} INFO - [2026-01-17T06:00:46.171+0000] {dag.py:4180} INFO - Setting next_dagrun for tg_store_users to None, run_after=None
[2026-01-17T06:00:46.204+0000] {processor.py:208} INFO - Processing /opt/airflow/dags/tg_store_users.py took 0.580 seconds
[2026-01-17T06:01:17.039+0000] {processor.py:186} INFO - Started process (PID=9646) to work on /opt/airflow/dags/tg_store_users.py
[2026-01-17T06:01:17.041+0000] {processor.py:914} INFO - Processing file /opt/airflow/dags/tg_store_users.py for tasks to queue
[2026-01-17T06:01:17.044+0000] {logging_mixin.py:190} INFO - [2026-01-17T06:01:17.043+0000] {dagbag.py:588} INFO - Filling up the DagBag from /opt/airflow/dags/tg_store_users.py
[2026-01-17T06:01:17.518+0000] {processor.py:925} INFO - DAG(s) 'tg_store_users' retrieved from /opt/airflow/dags/tg_store_users.py
[2026-01-17T06:01:17.556+0000] {logging_mixin.py:190} INFO - [2026-01-17T06:01:17.555+0000] {dag.py:3239} INFO - Sync 1 DAGs
[2026-01-17T06:01:17.589+0000] {logging_mixin.py:190} INFO - [2026-01-17T06:01:17.588+0000] {dag.py:4180} INFO - Setting next_dagrun for tg_store_users to None, run_after=None
[2026-01-17T06:01:17.625+0000] {processor.py:208} INFO - Processing /opt/airflow/dags/tg_store_users.py took 0.604 seconds
[2026-01-17T06:01:47.705+0000] {processor.py:186} INFO - Started process (PID=9670) to work on /opt/airflow/dags/tg_store_users.py
[2026-01-17T06:01:47.708+0000] {processor.py:914} INFO - Processing file /opt/airflow/dags/tg_store_users.py for tasks to queue
[2026-01-17T06:01:47.710+0000] {logging_mixin.py:190} INFO - [2026-01-17T06:01:47.709+0000] {dagbag.py:588} INFO - Filling up the DagBag from /opt/airflow/dags/tg_store_users.py
[2026-01-17T06:01:48.197+0000] {processor.py:925} INFO - DAG(s) 'tg_store_users' retrieved from /opt/airflow/dags/tg_store_users.py
[2026-01-17T06:01:48.243+0000] {logging_mixin.py:190} INFO - [2026-01-17T06:01:48.242+0000] {dag.py:3239} INFO - Sync 1 DAGs
[2026-01-17T06:01:48.290+0000] {logging_mixin.py:190} INFO - [2026-01-17T06:01:48.290+0000] {dag.py:4180} INFO - Setting next_dagrun for tg_store_users to None, run_after=None
[2026-01-17T06:01:48.340+0000] {processor.py:208} INFO - Processing /opt/airflow/dags/tg_store_users.py took 0.646 seconds
[2026-01-17T06:02:18.479+0000] {processor.py:186} INFO - Started process (PID=9693) to work on /opt/airflow/dags/tg_store_users.py
[2026-01-17T06:02:18.480+0000] {processor.py:914} INFO - Processing file /opt/airflow/dags/tg_store_users.py for tasks to queue
[2026-01-17T06:02:18.483+0000] {logging_mixin.py:190} INFO - [2026-01-17T06:02:18.482+0000] {dagbag.py:588} INFO - Filling up the DagBag from /opt/airflow/dags/tg_store_users.py
[2026-01-17T06:02:19.094+0000] {processor.py:925} INFO - DAG(s) 'tg_store_users' retrieved from /opt/airflow/dags/tg_store_users.py
[2026-01-17T06:02:19.140+0000] {logging_mixin.py:190} INFO - [2026-01-17T06:02:19.139+0000] {dag.py:3239} INFO - Sync 1 DAGs
[2026-01-17T06:02:19.183+0000] {logging_mixin.py:190} INFO - [2026-01-17T06:02:19.183+0000] {dag.py:4180} INFO - Setting next_dagrun for tg_store_users to None, run_after=None
[2026-01-17T06:02:19.218+0000] {processor.py:208} INFO - Processing /opt/airflow/dags/tg_store_users.py took 0.753 seconds
[2026-01-17T06:02:49.908+0000] {processor.py:186} INFO - Started process (PID=9719) to work on /opt/airflow/dags/tg_store_users.py
[2026-01-17T06:02:49.911+0000] {processor.py:914} INFO - Processing file /opt/airflow/dags/tg_store_users.py for tasks to queue
[2026-01-17T06:02:49.913+0000] {logging_mixin.py:190} INFO - [2026-01-17T06:02:49.913+0000] {dagbag.py:588} INFO - Filling up the DagBag from /opt/airflow/dags/tg_store_users.py
[2026-01-17T06:02:50.541+0000] {processor.py:925} INFO - DAG(s) 'tg_store_users' retrieved from /opt/airflow/dags/tg_store_users.py
[2026-01-17T06:02:50.614+0000] {logging_mixin.py:190} INFO - [2026-01-17T06:02:50.613+0000] {dag.py:3239} INFO - Sync 1 DAGs
[2026-01-17T06:02:50.674+0000] {logging_mixin.py:190} INFO - [2026-01-17T06:02:50.673+0000] {dag.py:4180} INFO - Setting next_dagrun for tg_store_users to None, run_after=None
[2026-01-17T06:02:50.753+0000] {processor.py:208} INFO - Processing /opt/airflow/dags/tg_store_users.py took 0.862 seconds
[2026-01-17T06:03:21.414+0000] {processor.py:186} INFO - Started process (PID=9748) to work on /opt/airflow/dags/tg_store_users.py
[2026-01-17T06:03:21.416+0000] {processor.py:914} INFO - Processing file /opt/airflow/dags/tg_store_users.py for tasks to queue
[2026-01-17T06:03:21.420+0000] {logging_mixin.py:190} INFO - [2026-01-17T06:03:21.419+0000] {dagbag.py:588} INFO - Filling up the DagBag from /opt/airflow/dags/tg_store_users.py
[2026-01-17T06:03:22.589+0000] {processor.py:925} INFO - DAG(s) 'tg_store_users' retrieved from /opt/airflow/dags/tg_store_users.py
[2026-01-17T06:03:22.677+0000] {logging_mixin.py:190} INFO - [2026-01-17T06:03:22.676+0000] {dag.py:3239} INFO - Sync 1 DAGs
[2026-01-17T06:03:22.752+0000] {logging_mixin.py:190} INFO - [2026-01-17T06:03:22.752+0000] {dag.py:4180} INFO - Setting next_dagrun for tg_store_users to None, run_after=None
[2026-01-17T06:03:22.881+0000] {processor.py:208} INFO - Processing /opt/airflow/dags/tg_store_users.py took 1.531 seconds
[2026-01-17T06:03:53.425+0000] {processor.py:186} INFO - Started process (PID=9773) to work on /opt/airflow/dags/tg_store_users.py
[2026-01-17T06:03:53.428+0000] {processor.py:914} INFO - Processing file /opt/airflow/dags/tg_store_users.py for tasks to queue
[2026-01-17T06:03:53.431+0000] {logging_mixin.py:190} INFO - [2026-01-17T06:03:53.430+0000] {dagbag.py:588} INFO - Filling up the DagBag from /opt/airflow/dags/tg_store_users.py
[2026-01-17T06:03:54.149+0000] {processor.py:925} INFO - DAG(s) 'tg_store_users' retrieved from /opt/airflow/dags/tg_store_users.py
[2026-01-17T06:03:54.229+0000] {logging_mixin.py:190} INFO - [2026-01-17T06:03:54.228+0000] {dag.py:3239} INFO - Sync 1 DAGs
[2026-01-17T06:03:54.281+0000] {logging_mixin.py:190} INFO - [2026-01-17T06:03:54.280+0000] {dag.py:4180} INFO - Setting next_dagrun for tg_store_users to None, run_after=None
[2026-01-17T06:03:54.342+0000] {processor.py:208} INFO - Processing /opt/airflow/dags/tg_store_users.py took 0.941 seconds
[2026-01-17T06:04:24.642+0000] {processor.py:186} INFO - Started process (PID=9797) to work on /opt/airflow/dags/tg_store_users.py
[2026-01-17T06:04:24.643+0000] {processor.py:914} INFO - Processing file /opt/airflow/dags/tg_store_users.py for tasks to queue
[2026-01-17T06:04:24.645+0000] {logging_mixin.py:190} INFO - [2026-01-17T06:04:24.644+0000] {dagbag.py:588} INFO - Filling up the DagBag from /opt/airflow/dags/tg_store_users.py
[2026-01-17T06:04:25.060+0000] {processor.py:925} INFO - DAG(s) 'tg_store_users' retrieved from /opt/airflow/dags/tg_store_users.py
[2026-01-17T06:04:25.091+0000] {logging_mixin.py:190} INFO - [2026-01-17T06:04:25.091+0000] {dag.py:3239} INFO - Sync 1 DAGs
[2026-01-17T06:04:25.117+0000] {logging_mixin.py:190} INFO - [2026-01-17T06:04:25.117+0000] {dag.py:4180} INFO - Setting next_dagrun for tg_store_users to None, run_after=None
[2026-01-17T06:04:25.152+0000] {processor.py:208} INFO - Processing /opt/airflow/dags/tg_store_users.py took 0.520 seconds
[2026-01-17T06:04:55.285+0000] {processor.py:186} INFO - Started process (PID=9819) to work on /opt/airflow/dags/tg_store_users.py
[2026-01-17T06:04:55.288+0000] {processor.py:914} INFO - Processing file /opt/airflow/dags/tg_store_users.py for tasks to queue
[2026-01-17T06:04:55.291+0000] {logging_mixin.py:190} INFO - [2026-01-17T06:04:55.290+0000] {dagbag.py:588} INFO - Filling up the DagBag from /opt/airflow/dags/tg_store_users.py
[2026-01-17T06:04:55.903+0000] {processor.py:925} INFO - DAG(s) 'tg_store_users' retrieved from /opt/airflow/dags/tg_store_users.py
[2026-01-17T06:04:55.939+0000] {logging_mixin.py:190} INFO - [2026-01-17T06:04:55.938+0000] {dag.py:3239} INFO - Sync 1 DAGs
[2026-01-17T06:04:55.985+0000] {logging_mixin.py:190} INFO - [2026-01-17T06:04:55.984+0000] {dag.py:4180} INFO - Setting next_dagrun for tg_store_users to None, run_after=None
[2026-01-17T06:04:56.047+0000] {processor.py:208} INFO - Processing /opt/airflow/dags/tg_store_users.py took 0.778 seconds
[2026-01-17T06:05:26.269+0000] {processor.py:186} INFO - Started process (PID=9843) to work on /opt/airflow/dags/tg_store_users.py
[2026-01-17T06:05:26.271+0000] {processor.py:914} INFO - Processing file /opt/airflow/dags/tg_store_users.py for tasks to queue
[2026-01-17T06:05:26.273+0000] {logging_mixin.py:190} INFO - [2026-01-17T06:05:26.272+0000] {dagbag.py:588} INFO - Filling up the DagBag from /opt/airflow/dags/tg_store_users.py
[2026-01-17T06:05:26.773+0000] {processor.py:925} INFO - DAG(s) 'tg_store_users' retrieved from /opt/airflow/dags/tg_store_users.py
[2026-01-17T06:05:26.835+0000] {logging_mixin.py:190} INFO - [2026-01-17T06:05:26.834+0000] {dag.py:3239} INFO - Sync 1 DAGs
[2026-01-17T06:05:26.883+0000] {logging_mixin.py:190} INFO - [2026-01-17T06:05:26.882+0000] {dag.py:4180} INFO - Setting next_dagrun for tg_store_users to None, run_after=None
[2026-01-17T06:05:26.937+0000] {processor.py:208} INFO - Processing /opt/airflow/dags/tg_store_users.py took 0.683 seconds
[2026-01-17T06:05:57.535+0000] {processor.py:186} INFO - Started process (PID=9867) to work on /opt/airflow/dags/tg_store_users.py
[2026-01-17T06:05:57.537+0000] {processor.py:914} INFO - Processing file /opt/airflow/dags/tg_store_users.py for tasks to queue
[2026-01-17T06:05:57.539+0000] {logging_mixin.py:190} INFO - [2026-01-17T06:05:57.538+0000] {dagbag.py:588} INFO - Filling up the DagBag from /opt/airflow/dags/tg_store_users.py
[2026-01-17T06:05:58.094+0000] {processor.py:925} INFO - DAG(s) 'tg_store_users' retrieved from /opt/airflow/dags/tg_store_users.py
[2026-01-17T06:05:58.146+0000] {logging_mixin.py:190} INFO - [2026-01-17T06:05:58.137+0000] {dag.py:3239} INFO - Sync 1 DAGs
[2026-01-17T06:05:58.182+0000] {logging_mixin.py:190} INFO - [2026-01-17T06:05:58.181+0000] {dag.py:4180} INFO - Setting next_dagrun for tg_store_users to None, run_after=None
[2026-01-17T06:05:58.233+0000] {processor.py:208} INFO - Processing /opt/airflow/dags/tg_store_users.py took 0.711 seconds
[2026-01-17T06:06:28.603+0000] {processor.py:186} INFO - Started process (PID=9891) to work on /opt/airflow/dags/tg_store_users.py
[2026-01-17T06:06:28.605+0000] {processor.py:914} INFO - Processing file /opt/airflow/dags/tg_store_users.py for tasks to queue
[2026-01-17T06:06:28.608+0000] {logging_mixin.py:190} INFO - [2026-01-17T06:06:28.607+0000] {dagbag.py:588} INFO - Filling up the DagBag from /opt/airflow/dags/tg_store_users.py
[2026-01-17T06:06:29.202+0000] {processor.py:925} INFO - DAG(s) 'tg_store_users' retrieved from /opt/airflow/dags/tg_store_users.py
[2026-01-17T06:06:29.258+0000] {logging_mixin.py:190} INFO - [2026-01-17T06:06:29.257+0000] {dag.py:3239} INFO - Sync 1 DAGs
[2026-01-17T06:06:29.308+0000] {logging_mixin.py:190} INFO - [2026-01-17T06:06:29.307+0000] {dag.py:4180} INFO - Setting next_dagrun for tg_store_users to None, run_after=None
[2026-01-17T06:06:29.356+0000] {processor.py:208} INFO - Processing /opt/airflow/dags/tg_store_users.py took 0.773 seconds
[2026-01-17T06:06:59.901+0000] {processor.py:186} INFO - Started process (PID=9915) to work on /opt/airflow/dags/tg_store_users.py
[2026-01-17T06:06:59.907+0000] {processor.py:914} INFO - Processing file /opt/airflow/dags/tg_store_users.py for tasks to queue
[2026-01-17T06:06:59.909+0000] {logging_mixin.py:190} INFO - [2026-01-17T06:06:59.909+0000] {dagbag.py:588} INFO - Filling up the DagBag from /opt/airflow/dags/tg_store_users.py
[2026-01-17T06:07:00.531+0000] {processor.py:925} INFO - DAG(s) 'tg_store_users' retrieved from /opt/airflow/dags/tg_store_users.py
[2026-01-17T06:07:00.577+0000] {logging_mixin.py:190} INFO - [2026-01-17T06:07:00.576+0000] {dag.py:3239} INFO - Sync 1 DAGs
[2026-01-17T06:07:00.627+0000] {logging_mixin.py:190} INFO - [2026-01-17T06:07:00.626+0000] {dag.py:4180} INFO - Setting next_dagrun for tg_store_users to None, run_after=None
[2026-01-17T06:07:00.685+0000] {processor.py:208} INFO - Processing /opt/airflow/dags/tg_store_users.py took 0.797 seconds
[2026-01-17T06:07:30.965+0000] {processor.py:186} INFO - Started process (PID=9939) to work on /opt/airflow/dags/tg_store_users.py
[2026-01-17T06:07:30.967+0000] {processor.py:914} INFO - Processing file /opt/airflow/dags/tg_store_users.py for tasks to queue
[2026-01-17T06:07:30.973+0000] {logging_mixin.py:190} INFO - [2026-01-17T06:07:30.972+0000] {dagbag.py:588} INFO - Filling up the DagBag from /opt/airflow/dags/tg_store_users.py
[2026-01-17T06:07:31.584+0000] {processor.py:925} INFO - DAG(s) 'tg_store_users' retrieved from /opt/airflow/dags/tg_store_users.py
[2026-01-17T06:07:31.642+0000] {logging_mixin.py:190} INFO - [2026-01-17T06:07:31.641+0000] {dag.py:3239} INFO - Sync 1 DAGs
[2026-01-17T06:07:31.701+0000] {logging_mixin.py:190} INFO - [2026-01-17T06:07:31.701+0000] {dag.py:4180} INFO - Setting next_dagrun for tg_store_users to None, run_after=None
[2026-01-17T06:07:31.778+0000] {processor.py:208} INFO - Processing /opt/airflow/dags/tg_store_users.py took 0.834 seconds
[2026-01-17T06:08:01.861+0000] {processor.py:186} INFO - Started process (PID=9962) to work on /opt/airflow/dags/tg_store_users.py
[2026-01-17T06:08:01.862+0000] {processor.py:914} INFO - Processing file /opt/airflow/dags/tg_store_users.py for tasks to queue
[2026-01-17T06:08:01.864+0000] {logging_mixin.py:190} INFO - [2026-01-17T06:08:01.864+0000] {dagbag.py:588} INFO - Filling up the DagBag from /opt/airflow/dags/tg_store_users.py
[2026-01-17T06:08:02.515+0000] {processor.py:925} INFO - DAG(s) 'tg_store_users' retrieved from /opt/airflow/dags/tg_store_users.py
[2026-01-17T06:08:02.565+0000] {logging_mixin.py:190} INFO - [2026-01-17T06:08:02.564+0000] {dag.py:3239} INFO - Sync 1 DAGs
[2026-01-17T06:08:02.614+0000] {logging_mixin.py:190} INFO - [2026-01-17T06:08:02.614+0000] {dag.py:4180} INFO - Setting next_dagrun for tg_store_users to None, run_after=None
[2026-01-17T06:08:02.679+0000] {processor.py:208} INFO - Processing /opt/airflow/dags/tg_store_users.py took 0.832 seconds
[2026-01-17T06:08:32.743+0000] {processor.py:186} INFO - Started process (PID=9985) to work on /opt/airflow/dags/tg_store_users.py
[2026-01-17T06:08:32.745+0000] {processor.py:914} INFO - Processing file /opt/airflow/dags/tg_store_users.py for tasks to queue
[2026-01-17T06:08:32.747+0000] {logging_mixin.py:190} INFO - [2026-01-17T06:08:32.746+0000] {dagbag.py:588} INFO - Filling up the DagBag from /opt/airflow/dags/tg_store_users.py
[2026-01-17T06:08:33.301+0000] {processor.py:925} INFO - DAG(s) 'tg_store_users' retrieved from /opt/airflow/dags/tg_store_users.py
[2026-01-17T06:08:33.362+0000] {logging_mixin.py:190} INFO - [2026-01-17T06:08:33.362+0000] {dag.py:3239} INFO - Sync 1 DAGs
[2026-01-17T06:08:33.426+0000] {logging_mixin.py:190} INFO - [2026-01-17T06:08:33.426+0000] {dag.py:4180} INFO - Setting next_dagrun for tg_store_users to None, run_after=None
[2026-01-17T06:08:33.489+0000] {processor.py:208} INFO - Processing /opt/airflow/dags/tg_store_users.py took 0.764 seconds
[2026-01-17T06:09:03.909+0000] {processor.py:186} INFO - Started process (PID=10009) to work on /opt/airflow/dags/tg_store_users.py
[2026-01-17T06:09:03.910+0000] {processor.py:914} INFO - Processing file /opt/airflow/dags/tg_store_users.py for tasks to queue
[2026-01-17T06:09:03.911+0000] {logging_mixin.py:190} INFO - [2026-01-17T06:09:03.911+0000] {dagbag.py:588} INFO - Filling up the DagBag from /opt/airflow/dags/tg_store_users.py
[2026-01-17T06:09:04.384+0000] {processor.py:925} INFO - DAG(s) 'tg_store_users' retrieved from /opt/airflow/dags/tg_store_users.py
[2026-01-17T06:09:04.424+0000] {logging_mixin.py:190} INFO - [2026-01-17T06:09:04.423+0000] {dag.py:3239} INFO - Sync 1 DAGs
[2026-01-17T06:09:04.458+0000] {logging_mixin.py:190} INFO - [2026-01-17T06:09:04.458+0000] {dag.py:4180} INFO - Setting next_dagrun for tg_store_users to None, run_after=None
[2026-01-17T06:09:04.507+0000] {processor.py:208} INFO - Processing /opt/airflow/dags/tg_store_users.py took 0.611 seconds
[2026-01-17T06:09:34.879+0000] {processor.py:186} INFO - Started process (PID=10034) to work on /opt/airflow/dags/tg_store_users.py
[2026-01-17T06:09:34.882+0000] {processor.py:914} INFO - Processing file /opt/airflow/dags/tg_store_users.py for tasks to queue
[2026-01-17T06:09:34.887+0000] {logging_mixin.py:190} INFO - [2026-01-17T06:09:34.885+0000] {dagbag.py:588} INFO - Filling up the DagBag from /opt/airflow/dags/tg_store_users.py
[2026-01-17T06:09:36.124+0000] {processor.py:925} INFO - DAG(s) 'tg_store_users' retrieved from /opt/airflow/dags/tg_store_users.py
[2026-01-17T06:09:36.205+0000] {logging_mixin.py:190} INFO - [2026-01-17T06:09:36.204+0000] {dag.py:3239} INFO - Sync 1 DAGs
[2026-01-17T06:09:36.268+0000] {logging_mixin.py:190} INFO - [2026-01-17T06:09:36.266+0000] {dag.py:4180} INFO - Setting next_dagrun for tg_store_users to None, run_after=None
[2026-01-17T06:09:36.336+0000] {processor.py:208} INFO - Processing /opt/airflow/dags/tg_store_users.py took 1.480 seconds
[2026-01-17T06:10:06.753+0000] {processor.py:186} INFO - Started process (PID=10058) to work on /opt/airflow/dags/tg_store_users.py
[2026-01-17T06:10:06.756+0000] {processor.py:914} INFO - Processing file /opt/airflow/dags/tg_store_users.py for tasks to queue
[2026-01-17T06:10:06.760+0000] {logging_mixin.py:190} INFO - [2026-01-17T06:10:06.759+0000] {dagbag.py:588} INFO - Filling up the DagBag from /opt/airflow/dags/tg_store_users.py
[2026-01-17T06:10:07.847+0000] {processor.py:925} INFO - DAG(s) 'tg_store_users' retrieved from /opt/airflow/dags/tg_store_users.py
[2026-01-17T06:10:07.914+0000] {logging_mixin.py:190} INFO - [2026-01-17T06:10:07.913+0000] {dag.py:3239} INFO - Sync 1 DAGs
[2026-01-17T06:10:08.051+0000] {logging_mixin.py:190} INFO - [2026-01-17T06:10:08.036+0000] {dag.py:4180} INFO - Setting next_dagrun for tg_store_users to None, run_after=None
[2026-01-17T06:10:08.121+0000] {processor.py:208} INFO - Processing /opt/airflow/dags/tg_store_users.py took 1.388 seconds
[2026-01-17T06:10:38.403+0000] {processor.py:186} INFO - Started process (PID=10082) to work on /opt/airflow/dags/tg_store_users.py
[2026-01-17T06:10:38.406+0000] {processor.py:914} INFO - Processing file /opt/airflow/dags/tg_store_users.py for tasks to queue
[2026-01-17T06:10:38.408+0000] {logging_mixin.py:190} INFO - [2026-01-17T06:10:38.408+0000] {dagbag.py:588} INFO - Filling up the DagBag from /opt/airflow/dags/tg_store_users.py
[2026-01-17T06:10:38.916+0000] {processor.py:925} INFO - DAG(s) 'tg_store_users' retrieved from /opt/airflow/dags/tg_store_users.py
[2026-01-17T06:10:38.958+0000] {logging_mixin.py:190} INFO - [2026-01-17T06:10:38.957+0000] {dag.py:3239} INFO - Sync 1 DAGs
[2026-01-17T06:10:38.993+0000] {logging_mixin.py:190} INFO - [2026-01-17T06:10:38.993+0000] {dag.py:4180} INFO - Setting next_dagrun for tg_store_users to None, run_after=None
[2026-01-17T06:10:39.042+0000] {processor.py:208} INFO - Processing /opt/airflow/dags/tg_store_users.py took 0.654 seconds
[2026-01-17T06:11:09.163+0000] {processor.py:186} INFO - Started process (PID=10107) to work on /opt/airflow/dags/tg_store_users.py
[2026-01-17T06:11:09.165+0000] {processor.py:914} INFO - Processing file /opt/airflow/dags/tg_store_users.py for tasks to queue
[2026-01-17T06:11:09.167+0000] {logging_mixin.py:190} INFO - [2026-01-17T06:11:09.166+0000] {dagbag.py:588} INFO - Filling up the DagBag from /opt/airflow/dags/tg_store_users.py
[2026-01-17T06:11:09.660+0000] {processor.py:925} INFO - DAG(s) 'tg_store_users' retrieved from /opt/airflow/dags/tg_store_users.py
[2026-01-17T06:11:09.707+0000] {logging_mixin.py:190} INFO - [2026-01-17T06:11:09.706+0000] {dag.py:3239} INFO - Sync 1 DAGs
[2026-01-17T06:11:09.753+0000] {logging_mixin.py:190} INFO - [2026-01-17T06:11:09.752+0000] {dag.py:4180} INFO - Setting next_dagrun for tg_store_users to None, run_after=None
[2026-01-17T06:11:09.795+0000] {processor.py:208} INFO - Processing /opt/airflow/dags/tg_store_users.py took 0.644 seconds
[2026-01-17T06:11:40.047+0000] {processor.py:186} INFO - Started process (PID=10131) to work on /opt/airflow/dags/tg_store_users.py
[2026-01-17T06:11:40.050+0000] {processor.py:914} INFO - Processing file /opt/airflow/dags/tg_store_users.py for tasks to queue
[2026-01-17T06:11:40.053+0000] {logging_mixin.py:190} INFO - [2026-01-17T06:11:40.052+0000] {dagbag.py:588} INFO - Filling up the DagBag from /opt/airflow/dags/tg_store_users.py
[2026-01-17T06:11:40.644+0000] {processor.py:925} INFO - DAG(s) 'tg_store_users' retrieved from /opt/airflow/dags/tg_store_users.py
[2026-01-17T06:11:40.685+0000] {logging_mixin.py:190} INFO - [2026-01-17T06:11:40.684+0000] {dag.py:3239} INFO - Sync 1 DAGs
[2026-01-17T06:11:40.723+0000] {logging_mixin.py:190} INFO - [2026-01-17T06:11:40.723+0000] {dag.py:4180} INFO - Setting next_dagrun for tg_store_users to None, run_after=None
[2026-01-17T06:11:40.779+0000] {processor.py:208} INFO - Processing /opt/airflow/dags/tg_store_users.py took 0.745 seconds
[2026-01-17T06:12:11.224+0000] {processor.py:186} INFO - Started process (PID=10154) to work on /opt/airflow/dags/tg_store_users.py
[2026-01-17T06:12:11.227+0000] {processor.py:914} INFO - Processing file /opt/airflow/dags/tg_store_users.py for tasks to queue
[2026-01-17T06:12:11.229+0000] {logging_mixin.py:190} INFO - [2026-01-17T06:12:11.228+0000] {dagbag.py:588} INFO - Filling up the DagBag from /opt/airflow/dags/tg_store_users.py
[2026-01-17T06:12:11.841+0000] {processor.py:925} INFO - DAG(s) 'tg_store_users' retrieved from /opt/airflow/dags/tg_store_users.py
[2026-01-17T06:12:11.886+0000] {logging_mixin.py:190} INFO - [2026-01-17T06:12:11.885+0000] {dag.py:3239} INFO - Sync 1 DAGs
[2026-01-17T06:12:11.929+0000] {logging_mixin.py:190} INFO - [2026-01-17T06:12:11.929+0000] {dag.py:4180} INFO - Setting next_dagrun for tg_store_users to None, run_after=None
[2026-01-17T06:12:11.979+0000] {processor.py:208} INFO - Processing /opt/airflow/dags/tg_store_users.py took 0.770 seconds
[2026-01-17T06:12:42.855+0000] {processor.py:186} INFO - Started process (PID=10179) to work on /opt/airflow/dags/tg_store_users.py
[2026-01-17T06:12:42.856+0000] {processor.py:914} INFO - Processing file /opt/airflow/dags/tg_store_users.py for tasks to queue
[2026-01-17T06:12:42.858+0000] {logging_mixin.py:190} INFO - [2026-01-17T06:12:42.858+0000] {dagbag.py:588} INFO - Filling up the DagBag from /opt/airflow/dags/tg_store_users.py
[2026-01-17T06:12:43.352+0000] {processor.py:925} INFO - DAG(s) 'tg_store_users' retrieved from /opt/airflow/dags/tg_store_users.py
[2026-01-17T06:12:43.389+0000] {logging_mixin.py:190} INFO - [2026-01-17T06:12:43.388+0000] {dag.py:3239} INFO - Sync 1 DAGs
[2026-01-17T06:12:43.420+0000] {logging_mixin.py:190} INFO - [2026-01-17T06:12:43.419+0000] {dag.py:4180} INFO - Setting next_dagrun for tg_store_users to None, run_after=None
[2026-01-17T06:12:43.471+0000] {processor.py:208} INFO - Processing /opt/airflow/dags/tg_store_users.py took 0.627 seconds
[2026-01-17T06:13:14.857+0000] {processor.py:186} INFO - Started process (PID=10206) to work on /opt/airflow/dags/tg_store_users.py
[2026-01-17T06:13:14.859+0000] {processor.py:914} INFO - Processing file /opt/airflow/dags/tg_store_users.py for tasks to queue
[2026-01-17T06:13:14.861+0000] {logging_mixin.py:190} INFO - [2026-01-17T06:13:14.860+0000] {dagbag.py:588} INFO - Filling up the DagBag from /opt/airflow/dags/tg_store_users.py
[2026-01-17T06:13:15.261+0000] {processor.py:925} INFO - DAG(s) 'tg_store_users' retrieved from /opt/airflow/dags/tg_store_users.py
[2026-01-17T06:13:15.293+0000] {logging_mixin.py:190} INFO - [2026-01-17T06:13:15.292+0000] {dag.py:3239} INFO - Sync 1 DAGs
[2026-01-17T06:13:15.326+0000] {logging_mixin.py:190} INFO - [2026-01-17T06:13:15.326+0000] {dag.py:4180} INFO - Setting next_dagrun for tg_store_users to None, run_after=None
[2026-01-17T06:13:15.375+0000] {processor.py:208} INFO - Processing /opt/airflow/dags/tg_store_users.py took 0.532 seconds
[2026-01-17T06:13:45.684+0000] {processor.py:186} INFO - Started process (PID=10229) to work on /opt/airflow/dags/tg_store_users.py
[2026-01-17T06:13:45.685+0000] {processor.py:914} INFO - Processing file /opt/airflow/dags/tg_store_users.py for tasks to queue
[2026-01-17T06:13:45.687+0000] {logging_mixin.py:190} INFO - [2026-01-17T06:13:45.686+0000] {dagbag.py:588} INFO - Filling up the DagBag from /opt/airflow/dags/tg_store_users.py
[2026-01-17T06:13:46.061+0000] {processor.py:925} INFO - DAG(s) 'tg_store_users' retrieved from /opt/airflow/dags/tg_store_users.py
[2026-01-17T06:13:46.098+0000] {logging_mixin.py:190} INFO - [2026-01-17T06:13:46.097+0000] {dag.py:3239} INFO - Sync 1 DAGs
[2026-01-17T06:13:46.142+0000] {logging_mixin.py:190} INFO - [2026-01-17T06:13:46.142+0000] {dag.py:4180} INFO - Setting next_dagrun for tg_store_users to None, run_after=None
[2026-01-17T06:13:46.191+0000] {processor.py:208} INFO - Processing /opt/airflow/dags/tg_store_users.py took 0.517 seconds
[2026-01-17T06:14:16.526+0000] {processor.py:186} INFO - Started process (PID=10253) to work on /opt/airflow/dags/tg_store_users.py
[2026-01-17T06:14:16.528+0000] {processor.py:914} INFO - Processing file /opt/airflow/dags/tg_store_users.py for tasks to queue
[2026-01-17T06:14:16.530+0000] {logging_mixin.py:190} INFO - [2026-01-17T06:14:16.529+0000] {dagbag.py:588} INFO - Filling up the DagBag from /opt/airflow/dags/tg_store_users.py
[2026-01-17T06:14:16.936+0000] {processor.py:925} INFO - DAG(s) 'tg_store_users' retrieved from /opt/airflow/dags/tg_store_users.py
[2026-01-17T06:14:16.975+0000] {logging_mixin.py:190} INFO - [2026-01-17T06:14:16.975+0000] {dag.py:3239} INFO - Sync 1 DAGs
[2026-01-17T06:14:17.007+0000] {logging_mixin.py:190} INFO - [2026-01-17T06:14:17.007+0000] {dag.py:4180} INFO - Setting next_dagrun for tg_store_users to None, run_after=None
[2026-01-17T06:14:17.045+0000] {processor.py:208} INFO - Processing /opt/airflow/dags/tg_store_users.py took 0.530 seconds
[2026-01-17T06:14:47.243+0000] {processor.py:186} INFO - Started process (PID=10277) to work on /opt/airflow/dags/tg_store_users.py
[2026-01-17T06:14:47.245+0000] {processor.py:914} INFO - Processing file /opt/airflow/dags/tg_store_users.py for tasks to queue
[2026-01-17T06:14:47.248+0000] {logging_mixin.py:190} INFO - [2026-01-17T06:14:47.247+0000] {dagbag.py:588} INFO - Filling up the DagBag from /opt/airflow/dags/tg_store_users.py
[2026-01-17T06:14:47.826+0000] {processor.py:925} INFO - DAG(s) 'tg_store_users' retrieved from /opt/airflow/dags/tg_store_users.py
[2026-01-17T06:14:47.862+0000] {logging_mixin.py:190} INFO - [2026-01-17T06:14:47.861+0000] {dag.py:3239} INFO - Sync 1 DAGs
[2026-01-17T06:14:47.893+0000] {logging_mixin.py:190} INFO - [2026-01-17T06:14:47.893+0000] {dag.py:4180} INFO - Setting next_dagrun for tg_store_users to None, run_after=None
[2026-01-17T06:14:47.925+0000] {processor.py:208} INFO - Processing /opt/airflow/dags/tg_store_users.py took 0.699 seconds
[2026-01-17T06:15:18.199+0000] {processor.py:186} INFO - Started process (PID=10301) to work on /opt/airflow/dags/tg_store_users.py
[2026-01-17T06:15:18.200+0000] {processor.py:914} INFO - Processing file /opt/airflow/dags/tg_store_users.py for tasks to queue
[2026-01-17T06:15:18.203+0000] {logging_mixin.py:190} INFO - [2026-01-17T06:15:18.202+0000] {dagbag.py:588} INFO - Filling up the DagBag from /opt/airflow/dags/tg_store_users.py
[2026-01-17T06:15:18.724+0000] {processor.py:925} INFO - DAG(s) 'tg_store_users' retrieved from /opt/airflow/dags/tg_store_users.py
[2026-01-17T06:15:18.758+0000] {logging_mixin.py:190} INFO - [2026-01-17T06:15:18.757+0000] {dag.py:3239} INFO - Sync 1 DAGs
[2026-01-17T06:15:18.791+0000] {logging_mixin.py:190} INFO - [2026-01-17T06:15:18.791+0000] {dag.py:4180} INFO - Setting next_dagrun for tg_store_users to None, run_after=None
[2026-01-17T06:15:18.836+0000] {processor.py:208} INFO - Processing /opt/airflow/dags/tg_store_users.py took 0.649 seconds
[2026-01-17T06:15:49.072+0000] {processor.py:186} INFO - Started process (PID=10326) to work on /opt/airflow/dags/tg_store_users.py
[2026-01-17T06:15:49.074+0000] {processor.py:914} INFO - Processing file /opt/airflow/dags/tg_store_users.py for tasks to queue
[2026-01-17T06:15:49.076+0000] {logging_mixin.py:190} INFO - [2026-01-17T06:15:49.076+0000] {dagbag.py:588} INFO - Filling up the DagBag from /opt/airflow/dags/tg_store_users.py
[2026-01-17T06:15:49.500+0000] {processor.py:925} INFO - DAG(s) 'tg_store_users' retrieved from /opt/airflow/dags/tg_store_users.py
[2026-01-17T06:15:49.539+0000] {logging_mixin.py:190} INFO - [2026-01-17T06:15:49.538+0000] {dag.py:3239} INFO - Sync 1 DAGs
[2026-01-17T06:15:49.575+0000] {logging_mixin.py:190} INFO - [2026-01-17T06:15:49.575+0000] {dag.py:4180} INFO - Setting next_dagrun for tg_store_users to None, run_after=None
[2026-01-17T06:15:49.613+0000] {processor.py:208} INFO - Processing /opt/airflow/dags/tg_store_users.py took 0.554 seconds
[2026-01-17T06:16:20.124+0000] {processor.py:186} INFO - Started process (PID=10350) to work on /opt/airflow/dags/tg_store_users.py
[2026-01-17T06:16:20.126+0000] {processor.py:914} INFO - Processing file /opt/airflow/dags/tg_store_users.py for tasks to queue
[2026-01-17T06:16:20.128+0000] {logging_mixin.py:190} INFO - [2026-01-17T06:16:20.128+0000] {dagbag.py:588} INFO - Filling up the DagBag from /opt/airflow/dags/tg_store_users.py
[2026-01-17T06:16:20.569+0000] {processor.py:925} INFO - DAG(s) 'tg_store_users' retrieved from /opt/airflow/dags/tg_store_users.py
[2026-01-17T06:16:20.602+0000] {logging_mixin.py:190} INFO - [2026-01-17T06:16:20.601+0000] {dag.py:3239} INFO - Sync 1 DAGs
[2026-01-17T06:16:20.626+0000] {logging_mixin.py:190} INFO - [2026-01-17T06:16:20.626+0000] {dag.py:4180} INFO - Setting next_dagrun for tg_store_users to None, run_after=None
[2026-01-17T06:16:20.665+0000] {processor.py:208} INFO - Processing /opt/airflow/dags/tg_store_users.py took 0.554 seconds
[2026-01-17T06:16:51.420+0000] {processor.py:186} INFO - Started process (PID=10375) to work on /opt/airflow/dags/tg_store_users.py
[2026-01-17T06:16:51.422+0000] {processor.py:914} INFO - Processing file /opt/airflow/dags/tg_store_users.py for tasks to queue
[2026-01-17T06:16:51.424+0000] {logging_mixin.py:190} INFO - [2026-01-17T06:16:51.423+0000] {dagbag.py:588} INFO - Filling up the DagBag from /opt/airflow/dags/tg_store_users.py
[2026-01-17T06:16:51.839+0000] {processor.py:925} INFO - DAG(s) 'tg_store_users' retrieved from /opt/airflow/dags/tg_store_users.py
[2026-01-17T06:16:51.870+0000] {logging_mixin.py:190} INFO - [2026-01-17T06:16:51.869+0000] {dag.py:3239} INFO - Sync 1 DAGs
[2026-01-17T06:16:51.900+0000] {logging_mixin.py:190} INFO - [2026-01-17T06:16:51.900+0000] {dag.py:4180} INFO - Setting next_dagrun for tg_store_users to None, run_after=None
[2026-01-17T06:16:51.937+0000] {processor.py:208} INFO - Processing /opt/airflow/dags/tg_store_users.py took 0.529 seconds
[2026-01-17T06:17:22.229+0000] {processor.py:186} INFO - Started process (PID=10400) to work on /opt/airflow/dags/tg_store_users.py
[2026-01-17T06:17:22.231+0000] {processor.py:914} INFO - Processing file /opt/airflow/dags/tg_store_users.py for tasks to queue
[2026-01-17T06:17:22.233+0000] {logging_mixin.py:190} INFO - [2026-01-17T06:17:22.232+0000] {dagbag.py:588} INFO - Filling up the DagBag from /opt/airflow/dags/tg_store_users.py
[2026-01-17T06:17:22.653+0000] {processor.py:925} INFO - DAG(s) 'tg_store_users' retrieved from /opt/airflow/dags/tg_store_users.py
[2026-01-17T06:17:22.680+0000] {logging_mixin.py:190} INFO - [2026-01-17T06:17:22.679+0000] {dag.py:3239} INFO - Sync 1 DAGs
[2026-01-17T06:17:22.710+0000] {logging_mixin.py:190} INFO - [2026-01-17T06:17:22.709+0000] {dag.py:4180} INFO - Setting next_dagrun for tg_store_users to None, run_after=None
[2026-01-17T06:17:22.738+0000] {processor.py:208} INFO - Processing /opt/airflow/dags/tg_store_users.py took 0.520 seconds
[2026-01-17T06:17:53.463+0000] {processor.py:186} INFO - Started process (PID=10425) to work on /opt/airflow/dags/tg_store_users.py
[2026-01-17T06:17:53.465+0000] {processor.py:914} INFO - Processing file /opt/airflow/dags/tg_store_users.py for tasks to queue
[2026-01-17T06:17:53.467+0000] {logging_mixin.py:190} INFO - [2026-01-17T06:17:53.466+0000] {dagbag.py:588} INFO - Filling up the DagBag from /opt/airflow/dags/tg_store_users.py
[2026-01-17T06:17:53.953+0000] {processor.py:925} INFO - DAG(s) 'tg_store_users' retrieved from /opt/airflow/dags/tg_store_users.py
[2026-01-17T06:17:53.988+0000] {logging_mixin.py:190} INFO - [2026-01-17T06:17:53.987+0000] {dag.py:3239} INFO - Sync 1 DAGs
[2026-01-17T06:17:54.032+0000] {logging_mixin.py:190} INFO - [2026-01-17T06:17:54.031+0000] {dag.py:4180} INFO - Setting next_dagrun for tg_store_users to None, run_after=None
[2026-01-17T06:17:54.064+0000] {processor.py:208} INFO - Processing /opt/airflow/dags/tg_store_users.py took 0.611 seconds
[2026-01-17T06:18:24.664+0000] {processor.py:186} INFO - Started process (PID=10449) to work on /opt/airflow/dags/tg_store_users.py
[2026-01-17T06:18:24.665+0000] {processor.py:914} INFO - Processing file /opt/airflow/dags/tg_store_users.py for tasks to queue
[2026-01-17T06:18:24.666+0000] {logging_mixin.py:190} INFO - [2026-01-17T06:18:24.666+0000] {dagbag.py:588} INFO - Filling up the DagBag from /opt/airflow/dags/tg_store_users.py
[2026-01-17T06:18:25.005+0000] {processor.py:925} INFO - DAG(s) 'tg_store_users' retrieved from /opt/airflow/dags/tg_store_users.py
[2026-01-17T06:18:25.036+0000] {logging_mixin.py:190} INFO - [2026-01-17T06:18:25.035+0000] {dag.py:3239} INFO - Sync 1 DAGs
[2026-01-17T06:18:25.059+0000] {logging_mixin.py:190} INFO - [2026-01-17T06:18:25.059+0000] {dag.py:4180} INFO - Setting next_dagrun for tg_store_users to None, run_after=None
[2026-01-17T06:18:25.086+0000] {processor.py:208} INFO - Processing /opt/airflow/dags/tg_store_users.py took 0.429 seconds
[2026-01-17T06:18:55.773+0000] {processor.py:186} INFO - Started process (PID=10478) to work on /opt/airflow/dags/tg_store_users.py
[2026-01-17T06:18:55.775+0000] {processor.py:914} INFO - Processing file /opt/airflow/dags/tg_store_users.py for tasks to queue
[2026-01-17T06:18:55.777+0000] {logging_mixin.py:190} INFO - [2026-01-17T06:18:55.776+0000] {dagbag.py:588} INFO - Filling up the DagBag from /opt/airflow/dags/tg_store_users.py
[2026-01-17T06:18:56.217+0000] {processor.py:925} INFO - DAG(s) 'tg_store_users' retrieved from /opt/airflow/dags/tg_store_users.py
[2026-01-17T06:18:56.255+0000] {logging_mixin.py:190} INFO - [2026-01-17T06:18:56.254+0000] {dag.py:3239} INFO - Sync 1 DAGs
[2026-01-17T06:18:56.283+0000] {logging_mixin.py:190} INFO - [2026-01-17T06:18:56.282+0000] {dag.py:4180} INFO - Setting next_dagrun for tg_store_users to None, run_after=None
[2026-01-17T06:18:56.329+0000] {processor.py:208} INFO - Processing /opt/airflow/dags/tg_store_users.py took 0.569 seconds
[2026-01-17T06:19:26.980+0000] {processor.py:186} INFO - Started process (PID=10502) to work on /opt/airflow/dags/tg_store_users.py
[2026-01-17T06:19:26.981+0000] {processor.py:914} INFO - Processing file /opt/airflow/dags/tg_store_users.py for tasks to queue
[2026-01-17T06:19:26.984+0000] {logging_mixin.py:190} INFO - [2026-01-17T06:19:26.983+0000] {dagbag.py:588} INFO - Filling up the DagBag from /opt/airflow/dags/tg_store_users.py
[2026-01-17T06:19:27.360+0000] {processor.py:925} INFO - DAG(s) 'tg_store_users' retrieved from /opt/airflow/dags/tg_store_users.py
[2026-01-17T06:19:27.391+0000] {logging_mixin.py:190} INFO - [2026-01-17T06:19:27.391+0000] {dag.py:3239} INFO - Sync 1 DAGs
[2026-01-17T06:19:27.422+0000] {logging_mixin.py:190} INFO - [2026-01-17T06:19:27.422+0000] {dag.py:4180} INFO - Setting next_dagrun for tg_store_users to None, run_after=None
[2026-01-17T06:19:27.453+0000] {processor.py:208} INFO - Processing /opt/airflow/dags/tg_store_users.py took 0.485 seconds
[2026-01-17T06:19:57.670+0000] {processor.py:186} INFO - Started process (PID=10526) to work on /opt/airflow/dags/tg_store_users.py
[2026-01-17T06:19:57.672+0000] {processor.py:914} INFO - Processing file /opt/airflow/dags/tg_store_users.py for tasks to queue
[2026-01-17T06:19:57.675+0000] {logging_mixin.py:190} INFO - [2026-01-17T06:19:57.674+0000] {dagbag.py:588} INFO - Filling up the DagBag from /opt/airflow/dags/tg_store_users.py
[2026-01-17T06:19:58.023+0000] {processor.py:925} INFO - DAG(s) 'tg_store_users' retrieved from /opt/airflow/dags/tg_store_users.py
[2026-01-17T06:19:58.048+0000] {logging_mixin.py:190} INFO - [2026-01-17T06:19:58.047+0000] {dag.py:3239} INFO - Sync 1 DAGs
[2026-01-17T06:19:58.074+0000] {logging_mixin.py:190} INFO - [2026-01-17T06:19:58.074+0000] {dag.py:4180} INFO - Setting next_dagrun for tg_store_users to None, run_after=None
[2026-01-17T06:19:58.112+0000] {processor.py:208} INFO - Processing /opt/airflow/dags/tg_store_users.py took 0.455 seconds
[2026-01-17T06:20:28.656+0000] {processor.py:186} INFO - Started process (PID=10550) to work on /opt/airflow/dags/tg_store_users.py
[2026-01-17T06:20:28.657+0000] {processor.py:914} INFO - Processing file /opt/airflow/dags/tg_store_users.py for tasks to queue
[2026-01-17T06:20:28.659+0000] {logging_mixin.py:190} INFO - [2026-01-17T06:20:28.658+0000] {dagbag.py:588} INFO - Filling up the DagBag from /opt/airflow/dags/tg_store_users.py
[2026-01-17T06:20:29.156+0000] {processor.py:925} INFO - DAG(s) 'tg_store_users' retrieved from /opt/airflow/dags/tg_store_users.py
[2026-01-17T06:20:29.197+0000] {logging_mixin.py:190} INFO - [2026-01-17T06:20:29.196+0000] {dag.py:3239} INFO - Sync 1 DAGs
[2026-01-17T06:20:29.228+0000] {logging_mixin.py:190} INFO - [2026-01-17T06:20:29.228+0000] {dag.py:4180} INFO - Setting next_dagrun for tg_store_users to None, run_after=None
[2026-01-17T06:20:29.261+0000] {processor.py:208} INFO - Processing /opt/airflow/dags/tg_store_users.py took 0.617 seconds
[2026-01-17T06:20:59.421+0000] {processor.py:186} INFO - Started process (PID=10574) to work on /opt/airflow/dags/tg_store_users.py
[2026-01-17T06:20:59.422+0000] {processor.py:914} INFO - Processing file /opt/airflow/dags/tg_store_users.py for tasks to queue
[2026-01-17T06:20:59.424+0000] {logging_mixin.py:190} INFO - [2026-01-17T06:20:59.423+0000] {dagbag.py:588} INFO - Filling up the DagBag from /opt/airflow/dags/tg_store_users.py
[2026-01-17T06:20:59.865+0000] {processor.py:925} INFO - DAG(s) 'tg_store_users' retrieved from /opt/airflow/dags/tg_store_users.py
[2026-01-17T06:20:59.901+0000] {logging_mixin.py:190} INFO - [2026-01-17T06:20:59.900+0000] {dag.py:3239} INFO - Sync 1 DAGs
[2026-01-17T06:20:59.929+0000] {logging_mixin.py:190} INFO - [2026-01-17T06:20:59.929+0000] {dag.py:4180} INFO - Setting next_dagrun for tg_store_users to None, run_after=None
[2026-01-17T06:20:59.960+0000] {processor.py:208} INFO - Processing /opt/airflow/dags/tg_store_users.py took 0.549 seconds
[2026-01-17T06:21:30.153+0000] {processor.py:186} INFO - Started process (PID=10599) to work on /opt/airflow/dags/tg_store_users.py
[2026-01-17T06:21:30.155+0000] {processor.py:914} INFO - Processing file /opt/airflow/dags/tg_store_users.py for tasks to queue
[2026-01-17T06:21:30.157+0000] {logging_mixin.py:190} INFO - [2026-01-17T06:21:30.156+0000] {dagbag.py:588} INFO - Filling up the DagBag from /opt/airflow/dags/tg_store_users.py
[2026-01-17T06:21:30.468+0000] {processor.py:925} INFO - DAG(s) 'tg_store_users' retrieved from /opt/airflow/dags/tg_store_users.py
[2026-01-17T06:21:30.496+0000] {logging_mixin.py:190} INFO - [2026-01-17T06:21:30.495+0000] {dag.py:3239} INFO - Sync 1 DAGs
[2026-01-17T06:21:30.521+0000] {logging_mixin.py:190} INFO - [2026-01-17T06:21:30.521+0000] {dag.py:4180} INFO - Setting next_dagrun for tg_store_users to None, run_after=None
[2026-01-17T06:21:30.553+0000] {processor.py:208} INFO - Processing /opt/airflow/dags/tg_store_users.py took 0.414 seconds
[2026-01-17T06:22:00.860+0000] {processor.py:186} INFO - Started process (PID=10623) to work on /opt/airflow/dags/tg_store_users.py
[2026-01-17T06:22:00.862+0000] {processor.py:914} INFO - Processing file /opt/airflow/dags/tg_store_users.py for tasks to queue
[2026-01-17T06:22:00.864+0000] {logging_mixin.py:190} INFO - [2026-01-17T06:22:00.863+0000] {dagbag.py:588} INFO - Filling up the DagBag from /opt/airflow/dags/tg_store_users.py
[2026-01-17T06:22:01.183+0000] {processor.py:925} INFO - DAG(s) 'tg_store_users' retrieved from /opt/airflow/dags/tg_store_users.py
[2026-01-17T06:22:01.209+0000] {logging_mixin.py:190} INFO - [2026-01-17T06:22:01.208+0000] {dag.py:3239} INFO - Sync 1 DAGs
[2026-01-17T06:22:01.232+0000] {logging_mixin.py:190} INFO - [2026-01-17T06:22:01.231+0000] {dag.py:4180} INFO - Setting next_dagrun for tg_store_users to None, run_after=None
[2026-01-17T06:22:01.265+0000] {processor.py:208} INFO - Processing /opt/airflow/dags/tg_store_users.py took 0.415 seconds
[2026-01-17T06:22:31.933+0000] {processor.py:186} INFO - Started process (PID=10647) to work on /opt/airflow/dags/tg_store_users.py
[2026-01-17T06:22:31.934+0000] {processor.py:914} INFO - Processing file /opt/airflow/dags/tg_store_users.py for tasks to queue
[2026-01-17T06:22:31.936+0000] {logging_mixin.py:190} INFO - [2026-01-17T06:22:31.935+0000] {dagbag.py:588} INFO - Filling up the DagBag from /opt/airflow/dags/tg_store_users.py
[2026-01-17T06:22:32.328+0000] {processor.py:925} INFO - DAG(s) 'tg_store_users' retrieved from /opt/airflow/dags/tg_store_users.py
[2026-01-17T06:22:32.362+0000] {logging_mixin.py:190} INFO - [2026-01-17T06:22:32.361+0000] {dag.py:3239} INFO - Sync 1 DAGs
[2026-01-17T06:22:32.389+0000] {logging_mixin.py:190} INFO - [2026-01-17T06:22:32.389+0000] {dag.py:4180} INFO - Setting next_dagrun for tg_store_users to None, run_after=None
[2026-01-17T06:22:32.429+0000] {processor.py:208} INFO - Processing /opt/airflow/dags/tg_store_users.py took 0.508 seconds
[2026-01-17T06:23:02.893+0000] {processor.py:186} INFO - Started process (PID=10671) to work on /opt/airflow/dags/tg_store_users.py
[2026-01-17T06:23:02.894+0000] {processor.py:914} INFO - Processing file /opt/airflow/dags/tg_store_users.py for tasks to queue
[2026-01-17T06:23:02.896+0000] {logging_mixin.py:190} INFO - [2026-01-17T06:23:02.895+0000] {dagbag.py:588} INFO - Filling up the DagBag from /opt/airflow/dags/tg_store_users.py
[2026-01-17T06:23:03.202+0000] {processor.py:925} INFO - DAG(s) 'tg_store_users' retrieved from /opt/airflow/dags/tg_store_users.py
[2026-01-17T06:23:03.230+0000] {logging_mixin.py:190} INFO - [2026-01-17T06:23:03.229+0000] {dag.py:3239} INFO - Sync 1 DAGs
[2026-01-17T06:23:03.257+0000] {logging_mixin.py:190} INFO - [2026-01-17T06:23:03.257+0000] {dag.py:4180} INFO - Setting next_dagrun for tg_store_users to None, run_after=None
[2026-01-17T06:23:03.292+0000] {processor.py:208} INFO - Processing /opt/airflow/dags/tg_store_users.py took 0.408 seconds
[2026-01-17T06:23:34.058+0000] {processor.py:186} INFO - Started process (PID=10695) to work on /opt/airflow/dags/tg_store_users.py
[2026-01-17T06:23:34.060+0000] {processor.py:914} INFO - Processing file /opt/airflow/dags/tg_store_users.py for tasks to queue
[2026-01-17T06:23:34.061+0000] {logging_mixin.py:190} INFO - [2026-01-17T06:23:34.061+0000] {dagbag.py:588} INFO - Filling up the DagBag from /opt/airflow/dags/tg_store_users.py
[2026-01-17T06:23:34.359+0000] {processor.py:925} INFO - DAG(s) 'tg_store_users' retrieved from /opt/airflow/dags/tg_store_users.py
[2026-01-17T06:23:34.385+0000] {logging_mixin.py:190} INFO - [2026-01-17T06:23:34.384+0000] {dag.py:3239} INFO - Sync 1 DAGs
[2026-01-17T06:23:34.407+0000] {logging_mixin.py:190} INFO - [2026-01-17T06:23:34.407+0000] {dag.py:4180} INFO - Setting next_dagrun for tg_store_users to None, run_after=None
[2026-01-17T06:23:34.432+0000] {processor.py:208} INFO - Processing /opt/airflow/dags/tg_store_users.py took 0.382 seconds
[2026-01-17T06:24:04.782+0000] {processor.py:186} INFO - Started process (PID=10719) to work on /opt/airflow/dags/tg_store_users.py
[2026-01-17T06:24:04.783+0000] {processor.py:914} INFO - Processing file /opt/airflow/dags/tg_store_users.py for tasks to queue
[2026-01-17T06:24:04.785+0000] {logging_mixin.py:190} INFO - [2026-01-17T06:24:04.784+0000] {dagbag.py:588} INFO - Filling up the DagBag from /opt/airflow/dags/tg_store_users.py
[2026-01-17T06:24:05.111+0000] {processor.py:925} INFO - DAG(s) 'tg_store_users' retrieved from /opt/airflow/dags/tg_store_users.py
[2026-01-17T06:24:05.136+0000] {logging_mixin.py:190} INFO - [2026-01-17T06:24:05.135+0000] {dag.py:3239} INFO - Sync 1 DAGs
[2026-01-17T06:24:05.158+0000] {logging_mixin.py:190} INFO - [2026-01-17T06:24:05.158+0000] {dag.py:4180} INFO - Setting next_dagrun for tg_store_users to None, run_after=None
[2026-01-17T06:24:05.189+0000] {processor.py:208} INFO - Processing /opt/airflow/dags/tg_store_users.py took 0.416 seconds
[2026-01-17T06:24:35.810+0000] {processor.py:186} INFO - Started process (PID=10743) to work on /opt/airflow/dags/tg_store_users.py
[2026-01-17T06:24:35.812+0000] {processor.py:914} INFO - Processing file /opt/airflow/dags/tg_store_users.py for tasks to queue
[2026-01-17T06:24:35.816+0000] {logging_mixin.py:190} INFO - [2026-01-17T06:24:35.815+0000] {dagbag.py:588} INFO - Filling up the DagBag from /opt/airflow/dags/tg_store_users.py
[2026-01-17T06:24:36.506+0000] {processor.py:925} INFO - DAG(s) 'tg_store_users' retrieved from /opt/airflow/dags/tg_store_users.py
[2026-01-17T06:24:36.555+0000] {logging_mixin.py:190} INFO - [2026-01-17T06:24:36.554+0000] {dag.py:3239} INFO - Sync 1 DAGs
[2026-01-17T06:24:36.591+0000] {logging_mixin.py:190} INFO - [2026-01-17T06:24:36.591+0000] {dag.py:4180} INFO - Setting next_dagrun for tg_store_users to None, run_after=None
[2026-01-17T06:24:36.631+0000] {processor.py:208} INFO - Processing /opt/airflow/dags/tg_store_users.py took 0.837 seconds
[2026-01-17T06:25:07.529+0000] {processor.py:186} INFO - Started process (PID=10767) to work on /opt/airflow/dags/tg_store_users.py
[2026-01-17T06:25:07.530+0000] {processor.py:914} INFO - Processing file /opt/airflow/dags/tg_store_users.py for tasks to queue
[2026-01-17T06:25:07.532+0000] {logging_mixin.py:190} INFO - [2026-01-17T06:25:07.531+0000] {dagbag.py:588} INFO - Filling up the DagBag from /opt/airflow/dags/tg_store_users.py
[2026-01-17T06:25:07.895+0000] {processor.py:925} INFO - DAG(s) 'tg_store_users' retrieved from /opt/airflow/dags/tg_store_users.py
[2026-01-17T06:25:07.922+0000] {logging_mixin.py:190} INFO - [2026-01-17T06:25:07.921+0000] {dag.py:3239} INFO - Sync 1 DAGs
[2026-01-17T06:25:07.946+0000] {logging_mixin.py:190} INFO - [2026-01-17T06:25:07.946+0000] {dag.py:4180} INFO - Setting next_dagrun for tg_store_users to None, run_after=None
[2026-01-17T06:25:07.983+0000] {processor.py:208} INFO - Processing /opt/airflow/dags/tg_store_users.py took 0.464 seconds
[2026-01-17T06:25:38.393+0000] {processor.py:186} INFO - Started process (PID=10792) to work on /opt/airflow/dags/tg_store_users.py
[2026-01-17T06:25:38.394+0000] {processor.py:914} INFO - Processing file /opt/airflow/dags/tg_store_users.py for tasks to queue
[2026-01-17T06:25:38.396+0000] {logging_mixin.py:190} INFO - [2026-01-17T06:25:38.395+0000] {dagbag.py:588} INFO - Filling up the DagBag from /opt/airflow/dags/tg_store_users.py
[2026-01-17T06:25:38.705+0000] {processor.py:925} INFO - DAG(s) 'tg_store_users' retrieved from /opt/airflow/dags/tg_store_users.py
[2026-01-17T06:25:38.730+0000] {logging_mixin.py:190} INFO - [2026-01-17T06:25:38.730+0000] {dag.py:3239} INFO - Sync 1 DAGs
[2026-01-17T06:25:38.751+0000] {logging_mixin.py:190} INFO - [2026-01-17T06:25:38.751+0000] {dag.py:4180} INFO - Setting next_dagrun for tg_store_users to None, run_after=None
[2026-01-17T06:25:38.776+0000] {processor.py:208} INFO - Processing /opt/airflow/dags/tg_store_users.py took 0.392 seconds
[2026-01-17T06:26:09.357+0000] {processor.py:186} INFO - Started process (PID=10816) to work on /opt/airflow/dags/tg_store_users.py
[2026-01-17T06:26:09.359+0000] {processor.py:914} INFO - Processing file /opt/airflow/dags/tg_store_users.py for tasks to queue
[2026-01-17T06:26:09.360+0000] {logging_mixin.py:190} INFO - [2026-01-17T06:26:09.360+0000] {dagbag.py:588} INFO - Filling up the DagBag from /opt/airflow/dags/tg_store_users.py
[2026-01-17T06:26:09.683+0000] {processor.py:925} INFO - DAG(s) 'tg_store_users' retrieved from /opt/airflow/dags/tg_store_users.py
[2026-01-17T06:26:09.709+0000] {logging_mixin.py:190} INFO - [2026-01-17T06:26:09.709+0000] {dag.py:3239} INFO - Sync 1 DAGs
[2026-01-17T06:26:09.732+0000] {logging_mixin.py:190} INFO - [2026-01-17T06:26:09.732+0000] {dag.py:4180} INFO - Setting next_dagrun for tg_store_users to None, run_after=None
[2026-01-17T06:26:09.767+0000] {processor.py:208} INFO - Processing /opt/airflow/dags/tg_store_users.py took 0.421 seconds
[2026-01-17T06:26:40.088+0000] {processor.py:186} INFO - Started process (PID=10840) to work on /opt/airflow/dags/tg_store_users.py
[2026-01-17T06:26:40.090+0000] {processor.py:914} INFO - Processing file /opt/airflow/dags/tg_store_users.py for tasks to queue
[2026-01-17T06:26:40.091+0000] {logging_mixin.py:190} INFO - [2026-01-17T06:26:40.091+0000] {dagbag.py:588} INFO - Filling up the DagBag from /opt/airflow/dags/tg_store_users.py
[2026-01-17T06:26:40.469+0000] {processor.py:925} INFO - DAG(s) 'tg_store_users' retrieved from /opt/airflow/dags/tg_store_users.py
[2026-01-17T06:26:40.502+0000] {logging_mixin.py:190} INFO - [2026-01-17T06:26:40.501+0000] {dag.py:3239} INFO - Sync 1 DAGs
[2026-01-17T06:26:40.527+0000] {logging_mixin.py:190} INFO - [2026-01-17T06:26:40.527+0000] {dag.py:4180} INFO - Setting next_dagrun for tg_store_users to None, run_after=None
[2026-01-17T06:26:40.563+0000] {processor.py:208} INFO - Processing /opt/airflow/dags/tg_store_users.py took 0.485 seconds
[2026-01-17T06:27:10.915+0000] {processor.py:186} INFO - Started process (PID=10864) to work on /opt/airflow/dags/tg_store_users.py
[2026-01-17T06:27:10.916+0000] {processor.py:914} INFO - Processing file /opt/airflow/dags/tg_store_users.py for tasks to queue
[2026-01-17T06:27:10.918+0000] {logging_mixin.py:190} INFO - [2026-01-17T06:27:10.917+0000] {dagbag.py:588} INFO - Filling up the DagBag from /opt/airflow/dags/tg_store_users.py
[2026-01-17T06:27:11.254+0000] {processor.py:925} INFO - DAG(s) 'tg_store_users' retrieved from /opt/airflow/dags/tg_store_users.py
[2026-01-17T06:27:11.281+0000] {logging_mixin.py:190} INFO - [2026-01-17T06:27:11.280+0000] {dag.py:3239} INFO - Sync 1 DAGs
[2026-01-17T06:27:11.304+0000] {logging_mixin.py:190} INFO - [2026-01-17T06:27:11.304+0000] {dag.py:4180} INFO - Setting next_dagrun for tg_store_users to None, run_after=None
[2026-01-17T06:27:11.328+0000] {processor.py:208} INFO - Processing /opt/airflow/dags/tg_store_users.py took 0.422 seconds
[2026-01-17T06:27:41.577+0000] {processor.py:186} INFO - Started process (PID=10888) to work on /opt/airflow/dags/tg_store_users.py
[2026-01-17T06:27:41.578+0000] {processor.py:914} INFO - Processing file /opt/airflow/dags/tg_store_users.py for tasks to queue
[2026-01-17T06:27:41.581+0000] {logging_mixin.py:190} INFO - [2026-01-17T06:27:41.580+0000] {dagbag.py:588} INFO - Filling up the DagBag from /opt/airflow/dags/tg_store_users.py
[2026-01-17T06:27:41.897+0000] {processor.py:925} INFO - DAG(s) 'tg_store_users' retrieved from /opt/airflow/dags/tg_store_users.py
[2026-01-17T06:27:41.926+0000] {logging_mixin.py:190} INFO - [2026-01-17T06:27:41.925+0000] {dag.py:3239} INFO - Sync 1 DAGs
[2026-01-17T06:27:41.952+0000] {logging_mixin.py:190} INFO - [2026-01-17T06:27:41.951+0000] {dag.py:4180} INFO - Setting next_dagrun for tg_store_users to None, run_after=None
[2026-01-17T06:27:41.990+0000] {processor.py:208} INFO - Processing /opt/airflow/dags/tg_store_users.py took 0.426 seconds
[2026-01-17T06:28:12.185+0000] {processor.py:186} INFO - Started process (PID=10912) to work on /opt/airflow/dags/tg_store_users.py
[2026-01-17T06:28:12.187+0000] {processor.py:914} INFO - Processing file /opt/airflow/dags/tg_store_users.py for tasks to queue
[2026-01-17T06:28:12.188+0000] {logging_mixin.py:190} INFO - [2026-01-17T06:28:12.188+0000] {dagbag.py:588} INFO - Filling up the DagBag from /opt/airflow/dags/tg_store_users.py
[2026-01-17T06:28:12.568+0000] {processor.py:925} INFO - DAG(s) 'tg_store_users' retrieved from /opt/airflow/dags/tg_store_users.py
[2026-01-17T06:28:12.604+0000] {logging_mixin.py:190} INFO - [2026-01-17T06:28:12.603+0000] {dag.py:3239} INFO - Sync 1 DAGs
[2026-01-17T06:28:12.634+0000] {logging_mixin.py:190} INFO - [2026-01-17T06:28:12.633+0000] {dag.py:4180} INFO - Setting next_dagrun for tg_store_users to None, run_after=None
[2026-01-17T06:28:12.668+0000] {processor.py:208} INFO - Processing /opt/airflow/dags/tg_store_users.py took 0.491 seconds
[2026-01-17T06:28:42.987+0000] {processor.py:186} INFO - Started process (PID=10936) to work on /opt/airflow/dags/tg_store_users.py
[2026-01-17T06:28:42.991+0000] {processor.py:914} INFO - Processing file /opt/airflow/dags/tg_store_users.py for tasks to queue
[2026-01-17T06:28:42.995+0000] {logging_mixin.py:190} INFO - [2026-01-17T06:28:42.994+0000] {dagbag.py:588} INFO - Filling up the DagBag from /opt/airflow/dags/tg_store_users.py
[2026-01-17T06:28:44.254+0000] {processor.py:925} INFO - DAG(s) 'tg_store_users' retrieved from /opt/airflow/dags/tg_store_users.py
[2026-01-17T06:28:44.392+0000] {logging_mixin.py:190} INFO - [2026-01-17T06:28:44.391+0000] {dag.py:3239} INFO - Sync 1 DAGs
[2026-01-17T06:28:44.481+0000] {logging_mixin.py:190} INFO - [2026-01-17T06:28:44.480+0000] {dag.py:4180} INFO - Setting next_dagrun for tg_store_users to None, run_after=None
[2026-01-17T06:28:44.572+0000] {processor.py:208} INFO - Processing /opt/airflow/dags/tg_store_users.py took 1.612 seconds
[2026-01-17T06:29:15.621+0000] {processor.py:186} INFO - Started process (PID=10960) to work on /opt/airflow/dags/tg_store_users.py
[2026-01-17T06:29:15.623+0000] {processor.py:914} INFO - Processing file /opt/airflow/dags/tg_store_users.py for tasks to queue
[2026-01-17T06:29:15.626+0000] {logging_mixin.py:190} INFO - [2026-01-17T06:29:15.625+0000] {dagbag.py:588} INFO - Filling up the DagBag from /opt/airflow/dags/tg_store_users.py
[2026-01-17T06:29:16.349+0000] {processor.py:925} INFO - DAG(s) 'tg_store_users' retrieved from /opt/airflow/dags/tg_store_users.py
[2026-01-17T06:29:16.404+0000] {logging_mixin.py:190} INFO - [2026-01-17T06:29:16.404+0000] {dag.py:3239} INFO - Sync 1 DAGs
[2026-01-17T06:29:16.455+0000] {logging_mixin.py:190} INFO - [2026-01-17T06:29:16.454+0000] {dag.py:4180} INFO - Setting next_dagrun for tg_store_users to None, run_after=None
[2026-01-17T06:29:16.516+0000] {processor.py:208} INFO - Processing /opt/airflow/dags/tg_store_users.py took 0.911 seconds
[2026-01-17T06:29:47.117+0000] {processor.py:186} INFO - Started process (PID=10984) to work on /opt/airflow/dags/tg_store_users.py
[2026-01-17T06:29:47.118+0000] {processor.py:914} INFO - Processing file /opt/airflow/dags/tg_store_users.py for tasks to queue
[2026-01-17T06:29:47.121+0000] {logging_mixin.py:190} INFO - [2026-01-17T06:29:47.120+0000] {dagbag.py:588} INFO - Filling up the DagBag from /opt/airflow/dags/tg_store_users.py
[2026-01-17T06:29:47.885+0000] {processor.py:925} INFO - DAG(s) 'tg_store_users' retrieved from /opt/airflow/dags/tg_store_users.py
[2026-01-17T06:29:47.948+0000] {logging_mixin.py:190} INFO - [2026-01-17T06:29:47.947+0000] {dag.py:3239} INFO - Sync 1 DAGs
[2026-01-17T06:29:48.019+0000] {logging_mixin.py:190} INFO - [2026-01-17T06:29:48.018+0000] {dag.py:4180} INFO - Setting next_dagrun for tg_store_users to None, run_after=None
[2026-01-17T06:29:48.094+0000] {processor.py:208} INFO - Processing /opt/airflow/dags/tg_store_users.py took 0.992 seconds
[2026-01-17T06:30:18.204+0000] {processor.py:186} INFO - Started process (PID=11008) to work on /opt/airflow/dags/tg_store_users.py
[2026-01-17T06:30:18.207+0000] {processor.py:914} INFO - Processing file /opt/airflow/dags/tg_store_users.py for tasks to queue
[2026-01-17T06:30:18.210+0000] {logging_mixin.py:190} INFO - [2026-01-17T06:30:18.209+0000] {dagbag.py:588} INFO - Filling up the DagBag from /opt/airflow/dags/tg_store_users.py
[2026-01-17T06:30:19.042+0000] {processor.py:925} INFO - DAG(s) 'tg_store_users' retrieved from /opt/airflow/dags/tg_store_users.py
[2026-01-17T06:30:19.107+0000] {logging_mixin.py:190} INFO - [2026-01-17T06:30:19.106+0000] {dag.py:3239} INFO - Sync 1 DAGs
[2026-01-17T06:30:19.184+0000] {logging_mixin.py:190} INFO - [2026-01-17T06:30:19.183+0000] {dag.py:4180} INFO - Setting next_dagrun for tg_store_users to None, run_after=None
[2026-01-17T06:30:19.250+0000] {processor.py:208} INFO - Processing /opt/airflow/dags/tg_store_users.py took 1.065 seconds
[2026-01-17T06:30:49.486+0000] {processor.py:186} INFO - Started process (PID=11033) to work on /opt/airflow/dags/tg_store_users.py
[2026-01-17T06:30:49.488+0000] {processor.py:914} INFO - Processing file /opt/airflow/dags/tg_store_users.py for tasks to queue
[2026-01-17T06:30:49.490+0000] {logging_mixin.py:190} INFO - [2026-01-17T06:30:49.489+0000] {dagbag.py:588} INFO - Filling up the DagBag from /opt/airflow/dags/tg_store_users.py
[2026-01-17T06:30:50.124+0000] {processor.py:925} INFO - DAG(s) 'tg_store_users' retrieved from /opt/airflow/dags/tg_store_users.py
[2026-01-17T06:30:50.180+0000] {logging_mixin.py:190} INFO - [2026-01-17T06:30:50.180+0000] {dag.py:3239} INFO - Sync 1 DAGs
[2026-01-17T06:30:50.232+0000] {logging_mixin.py:190} INFO - [2026-01-17T06:30:50.231+0000] {dag.py:4180} INFO - Setting next_dagrun for tg_store_users to None, run_after=None
[2026-01-17T06:30:50.294+0000] {processor.py:208} INFO - Processing /opt/airflow/dags/tg_store_users.py took 0.824 seconds
[2026-01-17T06:31:20.470+0000] {processor.py:186} INFO - Started process (PID=11057) to work on /opt/airflow/dags/tg_store_users.py
[2026-01-17T06:31:20.472+0000] {processor.py:914} INFO - Processing file /opt/airflow/dags/tg_store_users.py for tasks to queue
[2026-01-17T06:31:20.475+0000] {logging_mixin.py:190} INFO - [2026-01-17T06:31:20.474+0000] {dagbag.py:588} INFO - Filling up the DagBag from /opt/airflow/dags/tg_store_users.py
[2026-01-17T06:31:21.452+0000] {processor.py:925} INFO - DAG(s) 'tg_store_users' retrieved from /opt/airflow/dags/tg_store_users.py
[2026-01-17T06:31:21.555+0000] {logging_mixin.py:190} INFO - [2026-01-17T06:31:21.554+0000] {dag.py:3239} INFO - Sync 1 DAGs
[2026-01-17T06:31:21.644+0000] {logging_mixin.py:190} INFO - [2026-01-17T06:31:21.642+0000] {dag.py:4180} INFO - Setting next_dagrun for tg_store_users to None, run_after=None
[2026-01-17T06:31:21.713+0000] {processor.py:208} INFO - Processing /opt/airflow/dags/tg_store_users.py took 1.267 seconds
[2026-01-17T06:31:52.265+0000] {processor.py:186} INFO - Started process (PID=11080) to work on /opt/airflow/dags/tg_store_users.py
[2026-01-17T06:31:52.267+0000] {processor.py:914} INFO - Processing file /opt/airflow/dags/tg_store_users.py for tasks to queue
[2026-01-17T06:31:52.269+0000] {logging_mixin.py:190} INFO - [2026-01-17T06:31:52.269+0000] {dagbag.py:588} INFO - Filling up the DagBag from /opt/airflow/dags/tg_store_users.py
[2026-01-17T06:31:52.892+0000] {processor.py:925} INFO - DAG(s) 'tg_store_users' retrieved from /opt/airflow/dags/tg_store_users.py
[2026-01-17T06:31:52.961+0000] {logging_mixin.py:190} INFO - [2026-01-17T06:31:52.960+0000] {dag.py:3239} INFO - Sync 1 DAGs
[2026-01-17T06:31:53.017+0000] {logging_mixin.py:190} INFO - [2026-01-17T06:31:53.017+0000] {dag.py:4180} INFO - Setting next_dagrun for tg_store_users to None, run_after=None
[2026-01-17T06:31:53.080+0000] {processor.py:208} INFO - Processing /opt/airflow/dags/tg_store_users.py took 0.829 seconds
[2026-01-17T06:32:23.306+0000] {processor.py:186} INFO - Started process (PID=11104) to work on /opt/airflow/dags/tg_store_users.py
[2026-01-17T06:32:23.311+0000] {processor.py:914} INFO - Processing file /opt/airflow/dags/tg_store_users.py for tasks to queue
[2026-01-17T06:32:23.315+0000] {logging_mixin.py:190} INFO - [2026-01-17T06:32:23.314+0000] {dagbag.py:588} INFO - Filling up the DagBag from /opt/airflow/dags/tg_store_users.py
[2026-01-17T06:32:24.320+0000] {processor.py:925} INFO - DAG(s) 'tg_store_users' retrieved from /opt/airflow/dags/tg_store_users.py
[2026-01-17T06:32:24.398+0000] {logging_mixin.py:190} INFO - [2026-01-17T06:32:24.396+0000] {dag.py:3239} INFO - Sync 1 DAGs
[2026-01-17T06:32:24.476+0000] {logging_mixin.py:190} INFO - [2026-01-17T06:32:24.475+0000] {dag.py:4180} INFO - Setting next_dagrun for tg_store_users to None, run_after=None
[2026-01-17T06:32:24.549+0000] {processor.py:208} INFO - Processing /opt/airflow/dags/tg_store_users.py took 1.273 seconds
[2026-01-17T06:32:54.969+0000] {processor.py:186} INFO - Started process (PID=11128) to work on /opt/airflow/dags/tg_store_users.py
[2026-01-17T06:32:54.971+0000] {processor.py:914} INFO - Processing file /opt/airflow/dags/tg_store_users.py for tasks to queue
[2026-01-17T06:32:54.974+0000] {logging_mixin.py:190} INFO - [2026-01-17T06:32:54.973+0000] {dagbag.py:588} INFO - Filling up the DagBag from /opt/airflow/dags/tg_store_users.py
[2026-01-17T06:32:55.603+0000] {processor.py:925} INFO - DAG(s) 'tg_store_users' retrieved from /opt/airflow/dags/tg_store_users.py
[2026-01-17T06:32:55.668+0000] {logging_mixin.py:190} INFO - [2026-01-17T06:32:55.667+0000] {dag.py:3239} INFO - Sync 1 DAGs
[2026-01-17T06:32:55.718+0000] {logging_mixin.py:190} INFO - [2026-01-17T06:32:55.717+0000] {dag.py:4180} INFO - Setting next_dagrun for tg_store_users to None, run_after=None
[2026-01-17T06:32:55.769+0000] {processor.py:208} INFO - Processing /opt/airflow/dags/tg_store_users.py took 0.813 seconds
[2026-01-17T06:33:25.924+0000] {processor.py:186} INFO - Started process (PID=11152) to work on /opt/airflow/dags/tg_store_users.py
[2026-01-17T06:33:25.927+0000] {processor.py:914} INFO - Processing file /opt/airflow/dags/tg_store_users.py for tasks to queue
[2026-01-17T06:33:25.931+0000] {logging_mixin.py:190} INFO - [2026-01-17T06:33:25.930+0000] {dagbag.py:588} INFO - Filling up the DagBag from /opt/airflow/dags/tg_store_users.py
[2026-01-17T06:33:27.076+0000] {processor.py:925} INFO - DAG(s) 'tg_store_users' retrieved from /opt/airflow/dags/tg_store_users.py
[2026-01-17T06:33:27.162+0000] {logging_mixin.py:190} INFO - [2026-01-17T06:33:27.161+0000] {dag.py:3239} INFO - Sync 1 DAGs
[2026-01-17T06:33:27.239+0000] {logging_mixin.py:190} INFO - [2026-01-17T06:33:27.238+0000] {dag.py:4180} INFO - Setting next_dagrun for tg_store_users to None, run_after=None
[2026-01-17T06:33:27.324+0000] {processor.py:208} INFO - Processing /opt/airflow/dags/tg_store_users.py took 1.419 seconds
[2026-01-17T06:33:58.128+0000] {processor.py:186} INFO - Started process (PID=11176) to work on /opt/airflow/dags/tg_store_users.py
[2026-01-17T06:33:58.130+0000] {processor.py:914} INFO - Processing file /opt/airflow/dags/tg_store_users.py for tasks to queue
[2026-01-17T06:33:58.134+0000] {logging_mixin.py:190} INFO - [2026-01-17T06:33:58.132+0000] {dagbag.py:588} INFO - Filling up the DagBag from /opt/airflow/dags/tg_store_users.py
[2026-01-17T06:33:59.181+0000] {processor.py:925} INFO - DAG(s) 'tg_store_users' retrieved from /opt/airflow/dags/tg_store_users.py
[2026-01-17T06:33:59.296+0000] {logging_mixin.py:190} INFO - [2026-01-17T06:33:59.295+0000] {dag.py:3239} INFO - Sync 1 DAGs
[2026-01-17T06:33:59.425+0000] {logging_mixin.py:190} INFO - [2026-01-17T06:33:59.424+0000] {dag.py:4180} INFO - Setting next_dagrun for tg_store_users to None, run_after=None
[2026-01-17T06:33:59.584+0000] {processor.py:208} INFO - Processing /opt/airflow/dags/tg_store_users.py took 1.477 seconds
[2026-01-17T06:34:30.137+0000] {processor.py:186} INFO - Started process (PID=11206) to work on /opt/airflow/dags/tg_store_users.py
[2026-01-17T06:34:30.139+0000] {processor.py:914} INFO - Processing file /opt/airflow/dags/tg_store_users.py for tasks to queue
[2026-01-17T06:34:30.142+0000] {logging_mixin.py:190} INFO - [2026-01-17T06:34:30.141+0000] {dagbag.py:588} INFO - Filling up the DagBag from /opt/airflow/dags/tg_store_users.py
[2026-01-17T06:34:30.846+0000] {processor.py:925} INFO - DAG(s) 'tg_store_users' retrieved from /opt/airflow/dags/tg_store_users.py
[2026-01-17T06:34:30.909+0000] {logging_mixin.py:190} INFO - [2026-01-17T06:34:30.908+0000] {dag.py:3239} INFO - Sync 1 DAGs
[2026-01-17T06:34:30.983+0000] {logging_mixin.py:190} INFO - [2026-01-17T06:34:30.982+0000] {dag.py:4180} INFO - Setting next_dagrun for tg_store_users to None, run_after=None
[2026-01-17T06:34:31.061+0000] {processor.py:208} INFO - Processing /opt/airflow/dags/tg_store_users.py took 0.940 seconds
[2026-01-17T06:35:01.604+0000] {processor.py:186} INFO - Started process (PID=11230) to work on /opt/airflow/dags/tg_store_users.py
[2026-01-17T06:35:01.606+0000] {processor.py:914} INFO - Processing file /opt/airflow/dags/tg_store_users.py for tasks to queue
[2026-01-17T06:35:01.609+0000] {logging_mixin.py:190} INFO - [2026-01-17T06:35:01.608+0000] {dagbag.py:588} INFO - Filling up the DagBag from /opt/airflow/dags/tg_store_users.py
[2026-01-17T06:35:02.388+0000] {processor.py:925} INFO - DAG(s) 'tg_store_users' retrieved from /opt/airflow/dags/tg_store_users.py
[2026-01-17T06:35:02.449+0000] {logging_mixin.py:190} INFO - [2026-01-17T06:35:02.448+0000] {dag.py:3239} INFO - Sync 1 DAGs
[2026-01-17T06:35:02.498+0000] {logging_mixin.py:190} INFO - [2026-01-17T06:35:02.497+0000] {dag.py:4180} INFO - Setting next_dagrun for tg_store_users to None, run_after=None
[2026-01-17T06:35:02.622+0000] {processor.py:208} INFO - Processing /opt/airflow/dags/tg_store_users.py took 1.039 seconds
[2026-01-17T06:35:32.974+0000] {processor.py:186} INFO - Started process (PID=11254) to work on /opt/airflow/dags/tg_store_users.py
[2026-01-17T06:35:32.978+0000] {processor.py:914} INFO - Processing file /opt/airflow/dags/tg_store_users.py for tasks to queue
[2026-01-17T06:35:32.981+0000] {logging_mixin.py:190} INFO - [2026-01-17T06:35:32.980+0000] {dagbag.py:588} INFO - Filling up the DagBag from /opt/airflow/dags/tg_store_users.py
[2026-01-17T06:35:33.889+0000] {processor.py:925} INFO - DAG(s) 'tg_store_users' retrieved from /opt/airflow/dags/tg_store_users.py
[2026-01-17T06:35:33.944+0000] {logging_mixin.py:190} INFO - [2026-01-17T06:35:33.943+0000] {dag.py:3239} INFO - Sync 1 DAGs
[2026-01-17T06:35:34.001+0000] {logging_mixin.py:190} INFO - [2026-01-17T06:35:34.001+0000] {dag.py:4180} INFO - Setting next_dagrun for tg_store_users to None, run_after=None
[2026-01-17T06:35:34.064+0000] {processor.py:208} INFO - Processing /opt/airflow/dags/tg_store_users.py took 1.108 seconds
[2026-01-17T06:36:04.364+0000] {processor.py:186} INFO - Started process (PID=11279) to work on /opt/airflow/dags/tg_store_users.py
[2026-01-17T06:36:04.366+0000] {processor.py:914} INFO - Processing file /opt/airflow/dags/tg_store_users.py for tasks to queue
[2026-01-17T06:36:04.368+0000] {logging_mixin.py:190} INFO - [2026-01-17T06:36:04.368+0000] {dagbag.py:588} INFO - Filling up the DagBag from /opt/airflow/dags/tg_store_users.py
[2026-01-17T06:36:04.939+0000] {processor.py:925} INFO - DAG(s) 'tg_store_users' retrieved from /opt/airflow/dags/tg_store_users.py
[2026-01-17T06:36:05.004+0000] {logging_mixin.py:190} INFO - [2026-01-17T06:36:05.003+0000] {dag.py:3239} INFO - Sync 1 DAGs
[2026-01-17T06:36:05.047+0000] {logging_mixin.py:190} INFO - [2026-01-17T06:36:05.047+0000] {dag.py:4180} INFO - Setting next_dagrun for tg_store_users to None, run_after=None
[2026-01-17T06:36:05.095+0000] {processor.py:208} INFO - Processing /opt/airflow/dags/tg_store_users.py took 0.744 seconds
[2026-01-17T06:36:35.740+0000] {processor.py:186} INFO - Started process (PID=11303) to work on /opt/airflow/dags/tg_store_users.py
[2026-01-17T06:36:35.742+0000] {processor.py:914} INFO - Processing file /opt/airflow/dags/tg_store_users.py for tasks to queue
[2026-01-17T06:36:35.745+0000] {logging_mixin.py:190} INFO - [2026-01-17T06:36:35.744+0000] {dagbag.py:588} INFO - Filling up the DagBag from /opt/airflow/dags/tg_store_users.py
[2026-01-17T06:36:36.382+0000] {processor.py:925} INFO - DAG(s) 'tg_store_users' retrieved from /opt/airflow/dags/tg_store_users.py
[2026-01-17T06:36:36.438+0000] {logging_mixin.py:190} INFO - [2026-01-17T06:36:36.437+0000] {dag.py:3239} INFO - Sync 1 DAGs
[2026-01-17T06:36:36.492+0000] {logging_mixin.py:190} INFO - [2026-01-17T06:36:36.492+0000] {dag.py:4180} INFO - Setting next_dagrun for tg_store_users to None, run_after=None
[2026-01-17T06:36:36.545+0000] {processor.py:208} INFO - Processing /opt/airflow/dags/tg_store_users.py took 0.818 seconds
[2026-01-17T06:37:07.354+0000] {processor.py:186} INFO - Started process (PID=11327) to work on /opt/airflow/dags/tg_store_users.py
[2026-01-17T06:37:07.355+0000] {processor.py:914} INFO - Processing file /opt/airflow/dags/tg_store_users.py for tasks to queue
[2026-01-17T06:37:07.358+0000] {logging_mixin.py:190} INFO - [2026-01-17T06:37:07.357+0000] {dagbag.py:588} INFO - Filling up the DagBag from /opt/airflow/dags/tg_store_users.py
[2026-01-17T06:37:07.968+0000] {processor.py:925} INFO - DAG(s) 'tg_store_users' retrieved from /opt/airflow/dags/tg_store_users.py
[2026-01-17T06:37:08.032+0000] {logging_mixin.py:190} INFO - [2026-01-17T06:37:08.031+0000] {dag.py:3239} INFO - Sync 1 DAGs
[2026-01-17T06:37:08.089+0000] {logging_mixin.py:190} INFO - [2026-01-17T06:37:08.089+0000] {dag.py:4180} INFO - Setting next_dagrun for tg_store_users to None, run_after=None
[2026-01-17T06:37:08.143+0000] {processor.py:208} INFO - Processing /opt/airflow/dags/tg_store_users.py took 0.800 seconds
[2026-01-17T06:37:38.467+0000] {processor.py:186} INFO - Started process (PID=11351) to work on /opt/airflow/dags/tg_store_users.py
[2026-01-17T06:37:38.469+0000] {processor.py:914} INFO - Processing file /opt/airflow/dags/tg_store_users.py for tasks to queue
[2026-01-17T06:37:38.471+0000] {logging_mixin.py:190} INFO - [2026-01-17T06:37:38.471+0000] {dagbag.py:588} INFO - Filling up the DagBag from /opt/airflow/dags/tg_store_users.py
[2026-01-17T06:37:39.042+0000] {processor.py:925} INFO - DAG(s) 'tg_store_users' retrieved from /opt/airflow/dags/tg_store_users.py
[2026-01-17T06:37:39.103+0000] {logging_mixin.py:190} INFO - [2026-01-17T06:37:39.102+0000] {dag.py:3239} INFO - Sync 1 DAGs
[2026-01-17T06:37:39.147+0000] {logging_mixin.py:190} INFO - [2026-01-17T06:37:39.147+0000] {dag.py:4180} INFO - Setting next_dagrun for tg_store_users to None, run_after=None
[2026-01-17T06:37:39.204+0000] {processor.py:208} INFO - Processing /opt/airflow/dags/tg_store_users.py took 0.750 seconds
[2026-01-17T06:38:09.786+0000] {processor.py:186} INFO - Started process (PID=11375) to work on /opt/airflow/dags/tg_store_users.py
[2026-01-17T06:38:09.787+0000] {processor.py:914} INFO - Processing file /opt/airflow/dags/tg_store_users.py for tasks to queue
[2026-01-17T06:38:09.790+0000] {logging_mixin.py:190} INFO - [2026-01-17T06:38:09.789+0000] {dagbag.py:588} INFO - Filling up the DagBag from /opt/airflow/dags/tg_store_users.py
[2026-01-17T06:38:10.320+0000] {processor.py:925} INFO - DAG(s) 'tg_store_users' retrieved from /opt/airflow/dags/tg_store_users.py
[2026-01-17T06:38:10.369+0000] {logging_mixin.py:190} INFO - [2026-01-17T06:38:10.368+0000] {dag.py:3239} INFO - Sync 1 DAGs
[2026-01-17T06:38:10.418+0000] {logging_mixin.py:190} INFO - [2026-01-17T06:38:10.417+0000] {dag.py:4180} INFO - Setting next_dagrun for tg_store_users to None, run_after=None
[2026-01-17T06:38:10.469+0000] {processor.py:208} INFO - Processing /opt/airflow/dags/tg_store_users.py took 0.696 seconds
[2026-01-17T06:38:40.892+0000] {processor.py:186} INFO - Started process (PID=11399) to work on /opt/airflow/dags/tg_store_users.py
[2026-01-17T06:38:40.893+0000] {processor.py:914} INFO - Processing file /opt/airflow/dags/tg_store_users.py for tasks to queue
[2026-01-17T06:38:40.895+0000] {logging_mixin.py:190} INFO - [2026-01-17T06:38:40.894+0000] {dagbag.py:588} INFO - Filling up the DagBag from /opt/airflow/dags/tg_store_users.py
[2026-01-17T06:38:41.336+0000] {processor.py:925} INFO - DAG(s) 'tg_store_users' retrieved from /opt/airflow/dags/tg_store_users.py
[2026-01-17T06:38:41.376+0000] {logging_mixin.py:190} INFO - [2026-01-17T06:38:41.376+0000] {dag.py:3239} INFO - Sync 1 DAGs
[2026-01-17T06:38:41.409+0000] {logging_mixin.py:190} INFO - [2026-01-17T06:38:41.408+0000] {dag.py:4180} INFO - Setting next_dagrun for tg_store_users to None, run_after=None
[2026-01-17T06:38:41.448+0000] {processor.py:208} INFO - Processing /opt/airflow/dags/tg_store_users.py took 0.565 seconds
[2026-01-17T06:39:12.412+0000] {processor.py:186} INFO - Started process (PID=11425) to work on /opt/airflow/dags/tg_store_users.py
[2026-01-17T06:39:12.414+0000] {processor.py:914} INFO - Processing file /opt/airflow/dags/tg_store_users.py for tasks to queue
[2026-01-17T06:39:12.416+0000] {logging_mixin.py:190} INFO - [2026-01-17T06:39:12.416+0000] {dagbag.py:588} INFO - Filling up the DagBag from /opt/airflow/dags/tg_store_users.py
[2026-01-17T06:39:13.032+0000] {processor.py:925} INFO - DAG(s) 'tg_store_users' retrieved from /opt/airflow/dags/tg_store_users.py
[2026-01-17T06:39:13.091+0000] {logging_mixin.py:190} INFO - [2026-01-17T06:39:13.090+0000] {dag.py:3239} INFO - Sync 1 DAGs
[2026-01-17T06:39:13.136+0000] {logging_mixin.py:190} INFO - [2026-01-17T06:39:13.136+0000] {dag.py:4180} INFO - Setting next_dagrun for tg_store_users to None, run_after=None
[2026-01-17T06:39:13.185+0000] {processor.py:208} INFO - Processing /opt/airflow/dags/tg_store_users.py took 0.789 seconds
[2026-01-17T06:39:43.599+0000] {processor.py:186} INFO - Started process (PID=11450) to work on /opt/airflow/dags/tg_store_users.py
[2026-01-17T06:39:43.600+0000] {processor.py:914} INFO - Processing file /opt/airflow/dags/tg_store_users.py for tasks to queue
[2026-01-17T06:39:43.603+0000] {logging_mixin.py:190} INFO - [2026-01-17T06:39:43.602+0000] {dagbag.py:588} INFO - Filling up the DagBag from /opt/airflow/dags/tg_store_users.py
[2026-01-17T06:39:44.126+0000] {processor.py:925} INFO - DAG(s) 'tg_store_users' retrieved from /opt/airflow/dags/tg_store_users.py
[2026-01-17T06:39:44.166+0000] {logging_mixin.py:190} INFO - [2026-01-17T06:39:44.165+0000] {dag.py:3239} INFO - Sync 1 DAGs
[2026-01-17T06:39:44.209+0000] {logging_mixin.py:190} INFO - [2026-01-17T06:39:44.208+0000] {dag.py:4180} INFO - Setting next_dagrun for tg_store_users to None, run_after=None
[2026-01-17T06:39:44.249+0000] {processor.py:208} INFO - Processing /opt/airflow/dags/tg_store_users.py took 0.663 seconds
[2026-01-17T06:40:14.814+0000] {processor.py:186} INFO - Started process (PID=11475) to work on /opt/airflow/dags/tg_store_users.py
[2026-01-17T06:40:14.816+0000] {processor.py:914} INFO - Processing file /opt/airflow/dags/tg_store_users.py for tasks to queue
[2026-01-17T06:40:14.818+0000] {logging_mixin.py:190} INFO - [2026-01-17T06:40:14.817+0000] {dagbag.py:588} INFO - Filling up the DagBag from /opt/airflow/dags/tg_store_users.py
[2026-01-17T06:40:15.330+0000] {processor.py:925} INFO - DAG(s) 'tg_store_users' retrieved from /opt/airflow/dags/tg_store_users.py
[2026-01-17T06:40:15.374+0000] {logging_mixin.py:190} INFO - [2026-01-17T06:40:15.373+0000] {dag.py:3239} INFO - Sync 1 DAGs
[2026-01-17T06:40:15.412+0000] {logging_mixin.py:190} INFO - [2026-01-17T06:40:15.412+0000] {dag.py:4180} INFO - Setting next_dagrun for tg_store_users to None, run_after=None
[2026-01-17T06:40:15.703+0000] {processor.py:208} INFO - Processing /opt/airflow/dags/tg_store_users.py took 0.899 seconds
[2026-01-17T06:40:46.060+0000] {processor.py:186} INFO - Started process (PID=11502) to work on /opt/airflow/dags/tg_store_users.py
[2026-01-17T06:40:46.061+0000] {processor.py:914} INFO - Processing file /opt/airflow/dags/tg_store_users.py for tasks to queue
[2026-01-17T06:40:46.064+0000] {logging_mixin.py:190} INFO - [2026-01-17T06:40:46.063+0000] {dagbag.py:588} INFO - Filling up the DagBag from /opt/airflow/dags/tg_store_users.py
[2026-01-17T06:40:46.627+0000] {processor.py:925} INFO - DAG(s) 'tg_store_users' retrieved from /opt/airflow/dags/tg_store_users.py
[2026-01-17T06:40:46.678+0000] {logging_mixin.py:190} INFO - [2026-01-17T06:40:46.677+0000] {dag.py:3239} INFO - Sync 1 DAGs
[2026-01-17T06:40:46.734+0000] {logging_mixin.py:190} INFO - [2026-01-17T06:40:46.733+0000] {dag.py:4180} INFO - Setting next_dagrun for tg_store_users to None, run_after=None
[2026-01-17T06:40:46.793+0000] {processor.py:208} INFO - Processing /opt/airflow/dags/tg_store_users.py took 0.747 seconds
[2026-01-17T06:41:17.161+0000] {processor.py:186} INFO - Started process (PID=11527) to work on /opt/airflow/dags/tg_store_users.py
[2026-01-17T06:41:17.163+0000] {processor.py:914} INFO - Processing file /opt/airflow/dags/tg_store_users.py for tasks to queue
[2026-01-17T06:41:17.165+0000] {logging_mixin.py:190} INFO - [2026-01-17T06:41:17.165+0000] {dagbag.py:588} INFO - Filling up the DagBag from /opt/airflow/dags/tg_store_users.py
[2026-01-17T06:41:17.758+0000] {processor.py:925} INFO - DAG(s) 'tg_store_users' retrieved from /opt/airflow/dags/tg_store_users.py
[2026-01-17T06:41:17.799+0000] {logging_mixin.py:190} INFO - [2026-01-17T06:41:17.799+0000] {dag.py:3239} INFO - Sync 1 DAGs
[2026-01-17T06:41:17.831+0000] {logging_mixin.py:190} INFO - [2026-01-17T06:41:17.831+0000] {dag.py:4180} INFO - Setting next_dagrun for tg_store_users to None, run_after=None
[2026-01-17T06:41:17.871+0000] {processor.py:208} INFO - Processing /opt/airflow/dags/tg_store_users.py took 0.723 seconds
[2026-01-17T06:41:48.400+0000] {processor.py:186} INFO - Started process (PID=11551) to work on /opt/airflow/dags/tg_store_users.py
[2026-01-17T06:41:48.401+0000] {processor.py:914} INFO - Processing file /opt/airflow/dags/tg_store_users.py for tasks to queue
[2026-01-17T06:41:48.403+0000] {logging_mixin.py:190} INFO - [2026-01-17T06:41:48.403+0000] {dagbag.py:588} INFO - Filling up the DagBag from /opt/airflow/dags/tg_store_users.py
[2026-01-17T06:41:48.943+0000] {processor.py:925} INFO - DAG(s) 'tg_store_users' retrieved from /opt/airflow/dags/tg_store_users.py
[2026-01-17T06:41:48.983+0000] {logging_mixin.py:190} INFO - [2026-01-17T06:41:48.982+0000] {dag.py:3239} INFO - Sync 1 DAGs
[2026-01-17T06:41:49.021+0000] {logging_mixin.py:190} INFO - [2026-01-17T06:41:49.021+0000] {dag.py:4180} INFO - Setting next_dagrun for tg_store_users to None, run_after=None
[2026-01-17T06:41:49.297+0000] {processor.py:208} INFO - Processing /opt/airflow/dags/tg_store_users.py took 0.910 seconds
[2026-01-17T06:42:19.496+0000] {processor.py:186} INFO - Started process (PID=11575) to work on /opt/airflow/dags/tg_store_users.py
[2026-01-17T06:42:19.499+0000] {processor.py:914} INFO - Processing file /opt/airflow/dags/tg_store_users.py for tasks to queue
[2026-01-17T06:42:19.502+0000] {logging_mixin.py:190} INFO - [2026-01-17T06:42:19.501+0000] {dagbag.py:588} INFO - Filling up the DagBag from /opt/airflow/dags/tg_store_users.py
[2026-01-17T06:42:20.202+0000] {processor.py:925} INFO - DAG(s) 'tg_store_users' retrieved from /opt/airflow/dags/tg_store_users.py
[2026-01-17T06:42:20.255+0000] {logging_mixin.py:190} INFO - [2026-01-17T06:42:20.254+0000] {dag.py:3239} INFO - Sync 1 DAGs
[2026-01-17T06:42:20.307+0000] {logging_mixin.py:190} INFO - [2026-01-17T06:42:20.307+0000] {dag.py:4180} INFO - Setting next_dagrun for tg_store_users to None, run_after=None
[2026-01-17T06:42:20.357+0000] {processor.py:208} INFO - Processing /opt/airflow/dags/tg_store_users.py took 0.879 seconds
[2026-01-17T06:42:50.459+0000] {processor.py:186} INFO - Started process (PID=11599) to work on /opt/airflow/dags/tg_store_users.py
[2026-01-17T06:42:50.460+0000] {processor.py:914} INFO - Processing file /opt/airflow/dags/tg_store_users.py for tasks to queue
[2026-01-17T06:42:50.462+0000] {logging_mixin.py:190} INFO - [2026-01-17T06:42:50.461+0000] {dagbag.py:588} INFO - Filling up the DagBag from /opt/airflow/dags/tg_store_users.py
[2026-01-17T06:42:50.963+0000] {processor.py:925} INFO - DAG(s) 'tg_store_users' retrieved from /opt/airflow/dags/tg_store_users.py
[2026-01-17T06:42:51.005+0000] {logging_mixin.py:190} INFO - [2026-01-17T06:42:51.005+0000] {dag.py:3239} INFO - Sync 1 DAGs
[2026-01-17T06:42:51.043+0000] {logging_mixin.py:190} INFO - [2026-01-17T06:42:51.043+0000] {dag.py:4180} INFO - Setting next_dagrun for tg_store_users to None, run_after=None
[2026-01-17T06:42:51.081+0000] {processor.py:208} INFO - Processing /opt/airflow/dags/tg_store_users.py took 0.633 seconds
[2026-01-17T06:43:21.181+0000] {processor.py:186} INFO - Started process (PID=11622) to work on /opt/airflow/dags/tg_store_users.py
[2026-01-17T06:43:21.183+0000] {processor.py:914} INFO - Processing file /opt/airflow/dags/tg_store_users.py for tasks to queue
[2026-01-17T06:43:21.185+0000] {logging_mixin.py:190} INFO - [2026-01-17T06:43:21.184+0000] {dagbag.py:588} INFO - Filling up the DagBag from /opt/airflow/dags/tg_store_users.py
[2026-01-17T06:43:21.689+0000] {processor.py:925} INFO - DAG(s) 'tg_store_users' retrieved from /opt/airflow/dags/tg_store_users.py
[2026-01-17T06:43:21.734+0000] {logging_mixin.py:190} INFO - [2026-01-17T06:43:21.733+0000] {dag.py:3239} INFO - Sync 1 DAGs
[2026-01-17T06:43:21.776+0000] {logging_mixin.py:190} INFO - [2026-01-17T06:43:21.776+0000] {dag.py:4180} INFO - Setting next_dagrun for tg_store_users to None, run_after=None
[2026-01-17T06:43:21.824+0000] {processor.py:208} INFO - Processing /opt/airflow/dags/tg_store_users.py took 0.656 seconds
[2026-01-17T06:43:52.686+0000] {processor.py:186} INFO - Started process (PID=11647) to work on /opt/airflow/dags/tg_store_users.py
[2026-01-17T06:43:52.687+0000] {processor.py:914} INFO - Processing file /opt/airflow/dags/tg_store_users.py for tasks to queue
[2026-01-17T06:43:52.688+0000] {logging_mixin.py:190} INFO - [2026-01-17T06:43:52.688+0000] {dagbag.py:588} INFO - Filling up the DagBag from /opt/airflow/dags/tg_store_users.py
[2026-01-17T06:43:53.085+0000] {processor.py:925} INFO - DAG(s) 'tg_store_users' retrieved from /opt/airflow/dags/tg_store_users.py
[2026-01-17T06:43:53.124+0000] {logging_mixin.py:190} INFO - [2026-01-17T06:43:53.123+0000] {dag.py:3239} INFO - Sync 1 DAGs
[2026-01-17T06:43:53.163+0000] {logging_mixin.py:190} INFO - [2026-01-17T06:43:53.163+0000] {dag.py:4180} INFO - Setting next_dagrun for tg_store_users to None, run_after=None
[2026-01-17T06:43:53.476+0000] {processor.py:208} INFO - Processing /opt/airflow/dags/tg_store_users.py took 0.800 seconds
[2026-01-17T06:44:24.396+0000] {processor.py:186} INFO - Started process (PID=11671) to work on /opt/airflow/dags/tg_store_users.py
[2026-01-17T06:44:24.397+0000] {processor.py:914} INFO - Processing file /opt/airflow/dags/tg_store_users.py for tasks to queue
[2026-01-17T06:44:24.399+0000] {logging_mixin.py:190} INFO - [2026-01-17T06:44:24.399+0000] {dagbag.py:588} INFO - Filling up the DagBag from /opt/airflow/dags/tg_store_users.py
[2026-01-17T06:44:24.921+0000] {processor.py:925} INFO - DAG(s) 'tg_store_users' retrieved from /opt/airflow/dags/tg_store_users.py
[2026-01-17T06:44:24.967+0000] {logging_mixin.py:190} INFO - [2026-01-17T06:44:24.966+0000] {dag.py:3239} INFO - Sync 1 DAGs
[2026-01-17T06:44:25.011+0000] {logging_mixin.py:190} INFO - [2026-01-17T06:44:25.010+0000] {dag.py:4180} INFO - Setting next_dagrun for tg_store_users to None, run_after=None
[2026-01-17T06:44:25.051+0000] {processor.py:208} INFO - Processing /opt/airflow/dags/tg_store_users.py took 0.666 seconds
[2026-01-17T06:44:55.790+0000] {processor.py:186} INFO - Started process (PID=11696) to work on /opt/airflow/dags/tg_store_users.py
[2026-01-17T06:44:55.791+0000] {processor.py:914} INFO - Processing file /opt/airflow/dags/tg_store_users.py for tasks to queue
[2026-01-17T06:44:55.794+0000] {logging_mixin.py:190} INFO - [2026-01-17T06:44:55.793+0000] {dagbag.py:588} INFO - Filling up the DagBag from /opt/airflow/dags/tg_store_users.py
[2026-01-17T06:44:56.368+0000] {processor.py:925} INFO - DAG(s) 'tg_store_users' retrieved from /opt/airflow/dags/tg_store_users.py
[2026-01-17T06:44:56.421+0000] {logging_mixin.py:190} INFO - [2026-01-17T06:44:56.421+0000] {dag.py:3239} INFO - Sync 1 DAGs
[2026-01-17T06:44:56.465+0000] {logging_mixin.py:190} INFO - [2026-01-17T06:44:56.465+0000] {dag.py:4180} INFO - Setting next_dagrun for tg_store_users to None, run_after=None
[2026-01-17T06:44:56.513+0000] {processor.py:208} INFO - Processing /opt/airflow/dags/tg_store_users.py took 0.736 seconds
[2026-01-17T06:45:27.071+0000] {processor.py:186} INFO - Started process (PID=11720) to work on /opt/airflow/dags/tg_store_users.py
[2026-01-17T06:45:27.073+0000] {processor.py:914} INFO - Processing file /opt/airflow/dags/tg_store_users.py for tasks to queue
[2026-01-17T06:45:27.074+0000] {logging_mixin.py:190} INFO - [2026-01-17T06:45:27.074+0000] {dagbag.py:588} INFO - Filling up the DagBag from /opt/airflow/dags/tg_store_users.py
[2026-01-17T06:45:27.573+0000] {processor.py:925} INFO - DAG(s) 'tg_store_users' retrieved from /opt/airflow/dags/tg_store_users.py
[2026-01-17T06:45:27.622+0000] {logging_mixin.py:190} INFO - [2026-01-17T06:45:27.621+0000] {dag.py:3239} INFO - Sync 1 DAGs
[2026-01-17T06:45:27.667+0000] {logging_mixin.py:190} INFO - [2026-01-17T06:45:27.666+0000] {dag.py:4180} INFO - Setting next_dagrun for tg_store_users to None, run_after=None
[2026-01-17T06:45:27.716+0000] {processor.py:208} INFO - Processing /opt/airflow/dags/tg_store_users.py took 0.654 seconds
[2026-01-17T06:45:57.988+0000] {processor.py:186} INFO - Started process (PID=11744) to work on /opt/airflow/dags/tg_store_users.py
[2026-01-17T06:45:57.990+0000] {processor.py:914} INFO - Processing file /opt/airflow/dags/tg_store_users.py for tasks to queue
[2026-01-17T06:45:57.993+0000] {logging_mixin.py:190} INFO - [2026-01-17T06:45:57.992+0000] {dagbag.py:588} INFO - Filling up the DagBag from /opt/airflow/dags/tg_store_users.py
[2026-01-17T06:45:58.681+0000] {processor.py:925} INFO - DAG(s) 'tg_store_users' retrieved from /opt/airflow/dags/tg_store_users.py
[2026-01-17T06:45:58.739+0000] {logging_mixin.py:190} INFO - [2026-01-17T06:45:58.738+0000] {dag.py:3239} INFO - Sync 1 DAGs
[2026-01-17T06:45:58.793+0000] {logging_mixin.py:190} INFO - [2026-01-17T06:45:58.793+0000] {dag.py:4180} INFO - Setting next_dagrun for tg_store_users to None, run_after=None
[2026-01-17T06:45:59.152+0000] {processor.py:208} INFO - Processing /opt/airflow/dags/tg_store_users.py took 1.180 seconds
[2026-01-17T06:46:29.239+0000] {processor.py:186} INFO - Started process (PID=11768) to work on /opt/airflow/dags/tg_store_users.py
[2026-01-17T06:46:29.240+0000] {processor.py:914} INFO - Processing file /opt/airflow/dags/tg_store_users.py for tasks to queue
[2026-01-17T06:46:29.242+0000] {logging_mixin.py:190} INFO - [2026-01-17T06:46:29.242+0000] {dagbag.py:588} INFO - Filling up the DagBag from /opt/airflow/dags/tg_store_users.py
[2026-01-17T06:46:29.709+0000] {processor.py:925} INFO - DAG(s) 'tg_store_users' retrieved from /opt/airflow/dags/tg_store_users.py
[2026-01-17T06:46:29.749+0000] {logging_mixin.py:190} INFO - [2026-01-17T06:46:29.748+0000] {dag.py:3239} INFO - Sync 1 DAGs
[2026-01-17T06:46:29.784+0000] {logging_mixin.py:190} INFO - [2026-01-17T06:46:29.784+0000] {dag.py:4180} INFO - Setting next_dagrun for tg_store_users to None, run_after=None
[2026-01-17T06:46:29.830+0000] {processor.py:208} INFO - Processing /opt/airflow/dags/tg_store_users.py took 0.602 seconds
[2026-01-17T06:47:00.896+0000] {processor.py:186} INFO - Started process (PID=11792) to work on /opt/airflow/dags/tg_store_users.py
[2026-01-17T06:47:00.897+0000] {processor.py:914} INFO - Processing file /opt/airflow/dags/tg_store_users.py for tasks to queue
[2026-01-17T06:47:00.899+0000] {logging_mixin.py:190} INFO - [2026-01-17T06:47:00.899+0000] {dagbag.py:588} INFO - Filling up the DagBag from /opt/airflow/dags/tg_store_users.py
[2026-01-17T06:47:01.448+0000] {processor.py:925} INFO - DAG(s) 'tg_store_users' retrieved from /opt/airflow/dags/tg_store_users.py
[2026-01-17T06:47:01.495+0000] {logging_mixin.py:190} INFO - [2026-01-17T06:47:01.494+0000] {dag.py:3239} INFO - Sync 1 DAGs
[2026-01-17T06:47:01.545+0000] {logging_mixin.py:190} INFO - [2026-01-17T06:47:01.544+0000] {dag.py:4180} INFO - Setting next_dagrun for tg_store_users to None, run_after=None
[2026-01-17T06:47:01.590+0000] {processor.py:208} INFO - Processing /opt/airflow/dags/tg_store_users.py took 0.707 seconds
[2026-01-17T06:47:32.570+0000] {processor.py:186} INFO - Started process (PID=11821) to work on /opt/airflow/dags/tg_store_users.py
[2026-01-17T06:47:32.573+0000] {processor.py:914} INFO - Processing file /opt/airflow/dags/tg_store_users.py for tasks to queue
[2026-01-17T06:47:32.578+0000] {logging_mixin.py:190} INFO - [2026-01-17T06:47:32.576+0000] {dagbag.py:588} INFO - Filling up the DagBag from /opt/airflow/dags/tg_store_users.py
[2026-01-17T06:47:33.444+0000] {processor.py:925} INFO - DAG(s) 'tg_store_users' retrieved from /opt/airflow/dags/tg_store_users.py
[2026-01-17T06:47:33.523+0000] {logging_mixin.py:190} INFO - [2026-01-17T06:47:33.522+0000] {dag.py:3239} INFO - Sync 1 DAGs
[2026-01-17T06:47:33.595+0000] {logging_mixin.py:190} INFO - [2026-01-17T06:47:33.595+0000] {dag.py:4180} INFO - Setting next_dagrun for tg_store_users to None, run_after=None
[2026-01-17T06:47:33.693+0000] {processor.py:208} INFO - Processing /opt/airflow/dags/tg_store_users.py took 1.156 seconds
[2026-01-17T06:48:03.809+0000] {processor.py:186} INFO - Started process (PID=11845) to work on /opt/airflow/dags/tg_store_users.py
[2026-01-17T06:48:03.816+0000] {processor.py:914} INFO - Processing file /opt/airflow/dags/tg_store_users.py for tasks to queue
[2026-01-17T06:48:03.819+0000] {logging_mixin.py:190} INFO - [2026-01-17T06:48:03.819+0000] {dagbag.py:588} INFO - Filling up the DagBag from /opt/airflow/dags/tg_store_users.py
[2026-01-17T06:48:04.356+0000] {processor.py:925} INFO - DAG(s) 'tg_store_users' retrieved from /opt/airflow/dags/tg_store_users.py
[2026-01-17T06:48:04.403+0000] {logging_mixin.py:190} INFO - [2026-01-17T06:48:04.402+0000] {dag.py:3239} INFO - Sync 1 DAGs
[2026-01-17T06:48:04.443+0000] {logging_mixin.py:190} INFO - [2026-01-17T06:48:04.443+0000] {dag.py:4180} INFO - Setting next_dagrun for tg_store_users to None, run_after=None
[2026-01-17T06:48:04.733+0000] {processor.py:208} INFO - Processing /opt/airflow/dags/tg_store_users.py took 0.936 seconds
[2026-01-17T06:48:34.967+0000] {processor.py:186} INFO - Started process (PID=11869) to work on /opt/airflow/dags/tg_store_users.py
[2026-01-17T06:48:34.968+0000] {processor.py:914} INFO - Processing file /opt/airflow/dags/tg_store_users.py for tasks to queue
[2026-01-17T06:48:34.970+0000] {logging_mixin.py:190} INFO - [2026-01-17T06:48:34.970+0000] {dagbag.py:588} INFO - Filling up the DagBag from /opt/airflow/dags/tg_store_users.py
[2026-01-17T06:48:35.467+0000] {processor.py:925} INFO - DAG(s) 'tg_store_users' retrieved from /opt/airflow/dags/tg_store_users.py
[2026-01-17T06:48:35.509+0000] {logging_mixin.py:190} INFO - [2026-01-17T06:48:35.509+0000] {dag.py:3239} INFO - Sync 1 DAGs
[2026-01-17T06:48:35.553+0000] {logging_mixin.py:190} INFO - [2026-01-17T06:48:35.553+0000] {dag.py:4180} INFO - Setting next_dagrun for tg_store_users to None, run_after=None
[2026-01-17T06:48:35.591+0000] {processor.py:208} INFO - Processing /opt/airflow/dags/tg_store_users.py took 0.636 seconds
[2026-01-17T06:49:06.357+0000] {processor.py:186} INFO - Started process (PID=11893) to work on /opt/airflow/dags/tg_store_users.py
[2026-01-17T06:49:06.359+0000] {processor.py:914} INFO - Processing file /opt/airflow/dags/tg_store_users.py for tasks to queue
[2026-01-17T06:49:06.361+0000] {logging_mixin.py:190} INFO - [2026-01-17T06:49:06.361+0000] {dagbag.py:588} INFO - Filling up the DagBag from /opt/airflow/dags/tg_store_users.py
[2026-01-17T06:49:07.021+0000] {processor.py:925} INFO - DAG(s) 'tg_store_users' retrieved from /opt/airflow/dags/tg_store_users.py
[2026-01-17T06:49:07.091+0000] {logging_mixin.py:190} INFO - [2026-01-17T06:49:07.090+0000] {dag.py:3239} INFO - Sync 1 DAGs
[2026-01-17T06:49:07.154+0000] {logging_mixin.py:190} INFO - [2026-01-17T06:49:07.153+0000] {dag.py:4180} INFO - Setting next_dagrun for tg_store_users to None, run_after=None
[2026-01-17T06:49:07.217+0000] {processor.py:208} INFO - Processing /opt/airflow/dags/tg_store_users.py took 0.875 seconds
[2026-01-17T06:49:37.553+0000] {processor.py:186} INFO - Started process (PID=11917) to work on /opt/airflow/dags/tg_store_users.py
[2026-01-17T06:49:37.554+0000] {processor.py:914} INFO - Processing file /opt/airflow/dags/tg_store_users.py for tasks to queue
[2026-01-17T06:49:37.556+0000] {logging_mixin.py:190} INFO - [2026-01-17T06:49:37.555+0000] {dagbag.py:588} INFO - Filling up the DagBag from /opt/airflow/dags/tg_store_users.py
[2026-01-17T06:49:37.954+0000] {processor.py:925} INFO - DAG(s) 'tg_store_users' retrieved from /opt/airflow/dags/tg_store_users.py
[2026-01-17T06:49:37.995+0000] {logging_mixin.py:190} INFO - [2026-01-17T06:49:37.994+0000] {dag.py:3239} INFO - Sync 1 DAGs
[2026-01-17T06:49:38.029+0000] {logging_mixin.py:190} INFO - [2026-01-17T06:49:38.029+0000] {dag.py:4180} INFO - Setting next_dagrun for tg_store_users to None, run_after=None
[2026-01-17T06:49:38.072+0000] {processor.py:208} INFO - Processing /opt/airflow/dags/tg_store_users.py took 0.527 seconds
[2026-01-17T06:50:08.675+0000] {processor.py:186} INFO - Started process (PID=11941) to work on /opt/airflow/dags/tg_store_users.py
[2026-01-17T06:50:08.677+0000] {processor.py:914} INFO - Processing file /opt/airflow/dags/tg_store_users.py for tasks to queue
[2026-01-17T06:50:08.679+0000] {logging_mixin.py:190} INFO - [2026-01-17T06:50:08.678+0000] {dagbag.py:588} INFO - Filling up the DagBag from /opt/airflow/dags/tg_store_users.py
[2026-01-17T06:50:09.122+0000] {processor.py:925} INFO - DAG(s) 'tg_store_users' retrieved from /opt/airflow/dags/tg_store_users.py
[2026-01-17T06:50:09.171+0000] {logging_mixin.py:190} INFO - [2026-01-17T06:50:09.170+0000] {dag.py:3239} INFO - Sync 1 DAGs
[2026-01-17T06:50:09.214+0000] {logging_mixin.py:190} INFO - [2026-01-17T06:50:09.213+0000] {dag.py:4180} INFO - Setting next_dagrun for tg_store_users to None, run_after=None
[2026-01-17T06:50:09.520+0000] {processor.py:208} INFO - Processing /opt/airflow/dags/tg_store_users.py took 0.853 seconds
[2026-01-17T06:50:40.171+0000] {processor.py:186} INFO - Started process (PID=11966) to work on /opt/airflow/dags/tg_store_users.py
[2026-01-17T06:50:40.173+0000] {processor.py:914} INFO - Processing file /opt/airflow/dags/tg_store_users.py for tasks to queue
[2026-01-17T06:50:40.175+0000] {logging_mixin.py:190} INFO - [2026-01-17T06:50:40.174+0000] {dagbag.py:588} INFO - Filling up the DagBag from /opt/airflow/dags/tg_store_users.py
[2026-01-17T06:50:40.632+0000] {processor.py:925} INFO - DAG(s) 'tg_store_users' retrieved from /opt/airflow/dags/tg_store_users.py
[2026-01-17T06:50:40.679+0000] {logging_mixin.py:190} INFO - [2026-01-17T06:50:40.678+0000] {dag.py:3239} INFO - Sync 1 DAGs
[2026-01-17T06:50:40.715+0000] {logging_mixin.py:190} INFO - [2026-01-17T06:50:40.715+0000] {dag.py:4180} INFO - Setting next_dagrun for tg_store_users to None, run_after=None
[2026-01-17T06:50:40.759+0000] {processor.py:208} INFO - Processing /opt/airflow/dags/tg_store_users.py took 0.597 seconds
[2026-01-17T06:51:11.062+0000] {processor.py:186} INFO - Started process (PID=11990) to work on /opt/airflow/dags/tg_store_users.py
[2026-01-17T06:51:11.064+0000] {processor.py:914} INFO - Processing file /opt/airflow/dags/tg_store_users.py for tasks to queue
[2026-01-17T06:51:11.067+0000] {logging_mixin.py:190} INFO - [2026-01-17T06:51:11.066+0000] {dagbag.py:588} INFO - Filling up the DagBag from /opt/airflow/dags/tg_store_users.py
[2026-01-17T06:51:11.498+0000] {processor.py:925} INFO - DAG(s) 'tg_store_users' retrieved from /opt/airflow/dags/tg_store_users.py
[2026-01-17T06:51:11.539+0000] {logging_mixin.py:190} INFO - [2026-01-17T06:51:11.538+0000] {dag.py:3239} INFO - Sync 1 DAGs
[2026-01-17T06:51:11.579+0000] {logging_mixin.py:190} INFO - [2026-01-17T06:51:11.578+0000] {dag.py:4180} INFO - Setting next_dagrun for tg_store_users to None, run_after=None
[2026-01-17T06:51:11.617+0000] {processor.py:208} INFO - Processing /opt/airflow/dags/tg_store_users.py took 0.573 seconds
[2026-01-17T06:51:41.718+0000] {processor.py:186} INFO - Started process (PID=12014) to work on /opt/airflow/dags/tg_store_users.py
[2026-01-17T06:51:41.720+0000] {processor.py:914} INFO - Processing file /opt/airflow/dags/tg_store_users.py for tasks to queue
[2026-01-17T06:51:41.723+0000] {logging_mixin.py:190} INFO - [2026-01-17T06:51:41.722+0000] {dagbag.py:588} INFO - Filling up the DagBag from /opt/airflow/dags/tg_store_users.py
[2026-01-17T06:51:42.408+0000] {processor.py:925} INFO - DAG(s) 'tg_store_users' retrieved from /opt/airflow/dags/tg_store_users.py
[2026-01-17T06:51:42.463+0000] {logging_mixin.py:190} INFO - [2026-01-17T06:51:42.462+0000] {dag.py:3239} INFO - Sync 1 DAGs
[2026-01-17T06:51:42.524+0000] {logging_mixin.py:190} INFO - [2026-01-17T06:51:42.523+0000] {dag.py:4180} INFO - Setting next_dagrun for tg_store_users to None, run_after=None
[2026-01-17T06:51:42.573+0000] {processor.py:208} INFO - Processing /opt/airflow/dags/tg_store_users.py took 0.872 seconds
[2026-01-17T06:52:13.338+0000] {processor.py:186} INFO - Started process (PID=12039) to work on /opt/airflow/dags/tg_store_users.py
[2026-01-17T06:52:13.340+0000] {processor.py:914} INFO - Processing file /opt/airflow/dags/tg_store_users.py for tasks to queue
[2026-01-17T06:52:13.343+0000] {logging_mixin.py:190} INFO - [2026-01-17T06:52:13.342+0000] {dagbag.py:588} INFO - Filling up the DagBag from /opt/airflow/dags/tg_store_users.py
[2026-01-17T06:52:13.833+0000] {processor.py:925} INFO - DAG(s) 'tg_store_users' retrieved from /opt/airflow/dags/tg_store_users.py
[2026-01-17T06:52:13.873+0000] {logging_mixin.py:190} INFO - [2026-01-17T06:52:13.873+0000] {dag.py:3239} INFO - Sync 1 DAGs
[2026-01-17T06:52:13.912+0000] {logging_mixin.py:190} INFO - [2026-01-17T06:52:13.912+0000] {dag.py:4180} INFO - Setting next_dagrun for tg_store_users to None, run_after=None
[2026-01-17T06:52:14.188+0000] {processor.py:208} INFO - Processing /opt/airflow/dags/tg_store_users.py took 0.864 seconds
[2026-01-17T06:52:44.328+0000] {processor.py:186} INFO - Started process (PID=12063) to work on /opt/airflow/dags/tg_store_users.py
[2026-01-17T06:52:44.329+0000] {processor.py:914} INFO - Processing file /opt/airflow/dags/tg_store_users.py for tasks to queue
[2026-01-17T06:52:44.331+0000] {logging_mixin.py:190} INFO - [2026-01-17T06:52:44.331+0000] {dagbag.py:588} INFO - Filling up the DagBag from /opt/airflow/dags/tg_store_users.py
[2026-01-17T06:52:44.851+0000] {processor.py:925} INFO - DAG(s) 'tg_store_users' retrieved from /opt/airflow/dags/tg_store_users.py
[2026-01-17T06:52:44.890+0000] {logging_mixin.py:190} INFO - [2026-01-17T06:52:44.889+0000] {dag.py:3239} INFO - Sync 1 DAGs
[2026-01-17T06:52:44.929+0000] {logging_mixin.py:190} INFO - [2026-01-17T06:52:44.928+0000] {dag.py:4180} INFO - Setting next_dagrun for tg_store_users to None, run_after=None
[2026-01-17T06:52:44.965+0000] {processor.py:208} INFO - Processing /opt/airflow/dags/tg_store_users.py took 0.650 seconds
[2026-01-17T06:53:15.121+0000] {processor.py:186} INFO - Started process (PID=12087) to work on /opt/airflow/dags/tg_store_users.py
[2026-01-17T06:53:15.124+0000] {processor.py:914} INFO - Processing file /opt/airflow/dags/tg_store_users.py for tasks to queue
[2026-01-17T06:53:15.128+0000] {logging_mixin.py:190} INFO - [2026-01-17T06:53:15.127+0000] {dagbag.py:588} INFO - Filling up the DagBag from /opt/airflow/dags/tg_store_users.py
[2026-01-17T06:53:15.904+0000] {processor.py:925} INFO - DAG(s) 'tg_store_users' retrieved from /opt/airflow/dags/tg_store_users.py
[2026-01-17T06:53:15.955+0000] {logging_mixin.py:190} INFO - [2026-01-17T06:53:15.954+0000] {dag.py:3239} INFO - Sync 1 DAGs
[2026-01-17T06:53:15.996+0000] {logging_mixin.py:190} INFO - [2026-01-17T06:53:15.996+0000] {dag.py:4180} INFO - Setting next_dagrun for tg_store_users to None, run_after=None
[2026-01-17T06:53:16.045+0000] {processor.py:208} INFO - Processing /opt/airflow/dags/tg_store_users.py took 0.944 seconds
[2026-01-17T06:53:46.708+0000] {processor.py:186} INFO - Started process (PID=12111) to work on /opt/airflow/dags/tg_store_users.py
[2026-01-17T06:53:46.710+0000] {processor.py:914} INFO - Processing file /opt/airflow/dags/tg_store_users.py for tasks to queue
[2026-01-17T06:53:46.712+0000] {logging_mixin.py:190} INFO - [2026-01-17T06:53:46.711+0000] {dagbag.py:588} INFO - Filling up the DagBag from /opt/airflow/dags/tg_store_users.py
[2026-01-17T06:53:47.216+0000] {processor.py:925} INFO - DAG(s) 'tg_store_users' retrieved from /opt/airflow/dags/tg_store_users.py
[2026-01-17T06:53:47.257+0000] {logging_mixin.py:190} INFO - [2026-01-17T06:53:47.257+0000] {dag.py:3239} INFO - Sync 1 DAGs
[2026-01-17T06:53:47.295+0000] {logging_mixin.py:190} INFO - [2026-01-17T06:53:47.295+0000] {dag.py:4180} INFO - Setting next_dagrun for tg_store_users to None, run_after=None
[2026-01-17T06:53:47.572+0000] {processor.py:208} INFO - Processing /opt/airflow/dags/tg_store_users.py took 0.873 seconds
[2026-01-17T06:54:17.835+0000] {processor.py:186} INFO - Started process (PID=12134) to work on /opt/airflow/dags/tg_store_users.py
[2026-01-17T06:54:17.837+0000] {processor.py:914} INFO - Processing file /opt/airflow/dags/tg_store_users.py for tasks to queue
[2026-01-17T06:54:17.839+0000] {logging_mixin.py:190} INFO - [2026-01-17T06:54:17.839+0000] {dagbag.py:588} INFO - Filling up the DagBag from /opt/airflow/dags/tg_store_users.py
[2026-01-17T06:54:18.369+0000] {processor.py:925} INFO - DAG(s) 'tg_store_users' retrieved from /opt/airflow/dags/tg_store_users.py
[2026-01-17T06:54:18.412+0000] {logging_mixin.py:190} INFO - [2026-01-17T06:54:18.411+0000] {dag.py:3239} INFO - Sync 1 DAGs
[2026-01-17T06:54:18.696+0000] {logging_mixin.py:190} INFO - [2026-01-17T06:54:18.696+0000] {dag.py:4180} INFO - Setting next_dagrun for tg_store_users to None, run_after=None
[2026-01-17T06:54:18.728+0000] {processor.py:208} INFO - Processing /opt/airflow/dags/tg_store_users.py took 0.905 seconds
[2026-01-17T06:54:49.051+0000] {processor.py:186} INFO - Started process (PID=12157) to work on /opt/airflow/dags/tg_store_users.py
[2026-01-17T06:54:49.053+0000] {processor.py:914} INFO - Processing file /opt/airflow/dags/tg_store_users.py for tasks to queue
[2026-01-17T06:54:49.055+0000] {logging_mixin.py:190} INFO - [2026-01-17T06:54:49.055+0000] {dagbag.py:588} INFO - Filling up the DagBag from /opt/airflow/dags/tg_store_users.py
[2026-01-17T06:54:49.555+0000] {processor.py:925} INFO - DAG(s) 'tg_store_users' retrieved from /opt/airflow/dags/tg_store_users.py
[2026-01-17T06:54:49.597+0000] {logging_mixin.py:190} INFO - [2026-01-17T06:54:49.596+0000] {dag.py:3239} INFO - Sync 1 DAGs
[2026-01-17T06:54:49.633+0000] {logging_mixin.py:190} INFO - [2026-01-17T06:54:49.633+0000] {dag.py:4180} INFO - Setting next_dagrun for tg_store_users to None, run_after=None
[2026-01-17T06:54:49.666+0000] {processor.py:208} INFO - Processing /opt/airflow/dags/tg_store_users.py took 0.627 seconds
[2026-01-17T06:55:20.355+0000] {processor.py:186} INFO - Started process (PID=12181) to work on /opt/airflow/dags/tg_store_users.py
[2026-01-17T06:55:20.356+0000] {processor.py:914} INFO - Processing file /opt/airflow/dags/tg_store_users.py for tasks to queue
[2026-01-17T06:55:20.358+0000] {logging_mixin.py:190} INFO - [2026-01-17T06:55:20.357+0000] {dagbag.py:588} INFO - Filling up the DagBag from /opt/airflow/dags/tg_store_users.py
[2026-01-17T06:55:20.712+0000] {processor.py:925} INFO - DAG(s) 'tg_store_users' retrieved from /opt/airflow/dags/tg_store_users.py
[2026-01-17T06:55:20.748+0000] {logging_mixin.py:190} INFO - [2026-01-17T06:55:20.748+0000] {dag.py:3239} INFO - Sync 1 DAGs
[2026-01-17T06:55:20.775+0000] {logging_mixin.py:190} INFO - [2026-01-17T06:55:20.774+0000] {dag.py:4180} INFO - Setting next_dagrun for tg_store_users to None, run_after=None
[2026-01-17T06:55:20.809+0000] {processor.py:208} INFO - Processing /opt/airflow/dags/tg_store_users.py took 0.465 seconds
[2026-01-17T06:55:50.922+0000] {processor.py:186} INFO - Started process (PID=12205) to work on /opt/airflow/dags/tg_store_users.py
[2026-01-17T06:55:50.924+0000] {processor.py:914} INFO - Processing file /opt/airflow/dags/tg_store_users.py for tasks to queue
[2026-01-17T06:55:50.926+0000] {logging_mixin.py:190} INFO - [2026-01-17T06:55:50.925+0000] {dagbag.py:588} INFO - Filling up the DagBag from /opt/airflow/dags/tg_store_users.py
[2026-01-17T06:55:51.517+0000] {processor.py:925} INFO - DAG(s) 'tg_store_users' retrieved from /opt/airflow/dags/tg_store_users.py
[2026-01-17T06:55:51.561+0000] {logging_mixin.py:190} INFO - [2026-01-17T06:55:51.561+0000] {dag.py:3239} INFO - Sync 1 DAGs
[2026-01-17T06:55:51.593+0000] {logging_mixin.py:190} INFO - [2026-01-17T06:55:51.593+0000] {dag.py:4180} INFO - Setting next_dagrun for tg_store_users to None, run_after=None
[2026-01-17T06:55:51.873+0000] {processor.py:208} INFO - Processing /opt/airflow/dags/tg_store_users.py took 0.965 seconds
[2026-01-17T06:56:21.937+0000] {processor.py:186} INFO - Started process (PID=12229) to work on /opt/airflow/dags/tg_store_users.py
[2026-01-17T06:56:21.938+0000] {processor.py:914} INFO - Processing file /opt/airflow/dags/tg_store_users.py for tasks to queue
[2026-01-17T06:56:21.940+0000] {logging_mixin.py:190} INFO - [2026-01-17T06:56:21.940+0000] {dagbag.py:588} INFO - Filling up the DagBag from /opt/airflow/dags/tg_store_users.py
[2026-01-17T06:56:22.472+0000] {processor.py:925} INFO - DAG(s) 'tg_store_users' retrieved from /opt/airflow/dags/tg_store_users.py
[2026-01-17T06:56:22.521+0000] {logging_mixin.py:190} INFO - [2026-01-17T06:56:22.521+0000] {dag.py:3239} INFO - Sync 1 DAGs
[2026-01-17T06:56:22.832+0000] {logging_mixin.py:190} INFO - [2026-01-17T06:56:22.831+0000] {dag.py:4180} INFO - Setting next_dagrun for tg_store_users to None, run_after=None
[2026-01-17T06:56:22.871+0000] {processor.py:208} INFO - Processing /opt/airflow/dags/tg_store_users.py took 0.944 seconds
[2026-01-17T06:56:53.356+0000] {processor.py:186} INFO - Started process (PID=12253) to work on /opt/airflow/dags/tg_store_users.py
[2026-01-17T06:56:53.359+0000] {processor.py:914} INFO - Processing file /opt/airflow/dags/tg_store_users.py for tasks to queue
[2026-01-17T06:56:53.362+0000] {logging_mixin.py:190} INFO - [2026-01-17T06:56:53.361+0000] {dagbag.py:588} INFO - Filling up the DagBag from /opt/airflow/dags/tg_store_users.py
[2026-01-17T06:56:54.089+0000] {processor.py:925} INFO - DAG(s) 'tg_store_users' retrieved from /opt/airflow/dags/tg_store_users.py
[2026-01-17T06:56:54.148+0000] {logging_mixin.py:190} INFO - [2026-01-17T06:56:54.147+0000] {dag.py:3239} INFO - Sync 1 DAGs
[2026-01-17T06:56:54.197+0000] {logging_mixin.py:190} INFO - [2026-01-17T06:56:54.197+0000] {dag.py:4180} INFO - Setting next_dagrun for tg_store_users to None, run_after=None
[2026-01-17T06:56:54.250+0000] {processor.py:208} INFO - Processing /opt/airflow/dags/tg_store_users.py took 0.911 seconds
[2026-01-17T06:57:24.365+0000] {processor.py:186} INFO - Started process (PID=12278) to work on /opt/airflow/dags/tg_store_users.py
[2026-01-17T06:57:24.368+0000] {processor.py:914} INFO - Processing file /opt/airflow/dags/tg_store_users.py for tasks to queue
[2026-01-17T06:57:24.372+0000] {logging_mixin.py:190} INFO - [2026-01-17T06:57:24.371+0000] {dagbag.py:588} INFO - Filling up the DagBag from /opt/airflow/dags/tg_store_users.py
[2026-01-17T06:57:25.188+0000] {processor.py:925} INFO - DAG(s) 'tg_store_users' retrieved from /opt/airflow/dags/tg_store_users.py
[2026-01-17T06:57:25.258+0000] {logging_mixin.py:190} INFO - [2026-01-17T06:57:25.257+0000] {dag.py:3239} INFO - Sync 1 DAGs
[2026-01-17T06:57:25.323+0000] {logging_mixin.py:190} INFO - [2026-01-17T06:57:25.322+0000] {dag.py:4180} INFO - Setting next_dagrun for tg_store_users to None, run_after=None
[2026-01-17T06:57:25.390+0000] {processor.py:208} INFO - Processing /opt/airflow/dags/tg_store_users.py took 1.045 seconds
[2026-01-17T06:57:55.913+0000] {processor.py:186} INFO - Started process (PID=12300) to work on /opt/airflow/dags/tg_store_users.py
[2026-01-17T06:57:55.915+0000] {processor.py:914} INFO - Processing file /opt/airflow/dags/tg_store_users.py for tasks to queue
[2026-01-17T06:57:55.916+0000] {logging_mixin.py:190} INFO - [2026-01-17T06:57:55.916+0000] {dagbag.py:588} INFO - Filling up the DagBag from /opt/airflow/dags/tg_store_users.py
[2026-01-17T06:57:56.393+0000] {processor.py:925} INFO - DAG(s) 'tg_store_users' retrieved from /opt/airflow/dags/tg_store_users.py
[2026-01-17T06:57:56.434+0000] {logging_mixin.py:190} INFO - [2026-01-17T06:57:56.433+0000] {dag.py:3239} INFO - Sync 1 DAGs
[2026-01-17T06:57:56.473+0000] {logging_mixin.py:190} INFO - [2026-01-17T06:57:56.472+0000] {dag.py:4180} INFO - Setting next_dagrun for tg_store_users to None, run_after=None
[2026-01-17T06:57:56.795+0000] {processor.py:208} INFO - Processing /opt/airflow/dags/tg_store_users.py took 0.895 seconds
[2026-01-17T06:58:27.507+0000] {processor.py:186} INFO - Started process (PID=12324) to work on /opt/airflow/dags/tg_store_users.py
[2026-01-17T06:58:27.509+0000] {processor.py:914} INFO - Processing file /opt/airflow/dags/tg_store_users.py for tasks to queue
[2026-01-17T06:58:27.510+0000] {logging_mixin.py:190} INFO - [2026-01-17T06:58:27.510+0000] {dagbag.py:588} INFO - Filling up the DagBag from /opt/airflow/dags/tg_store_users.py
[2026-01-17T06:58:28.012+0000] {processor.py:925} INFO - DAG(s) 'tg_store_users' retrieved from /opt/airflow/dags/tg_store_users.py
[2026-01-17T06:58:28.062+0000] {logging_mixin.py:190} INFO - [2026-01-17T06:58:28.061+0000] {dag.py:3239} INFO - Sync 1 DAGs
[2026-01-17T06:58:28.410+0000] {logging_mixin.py:190} INFO - [2026-01-17T06:58:28.409+0000] {dag.py:4180} INFO - Setting next_dagrun for tg_store_users to None, run_after=None
[2026-01-17T06:58:28.453+0000] {processor.py:208} INFO - Processing /opt/airflow/dags/tg_store_users.py took 0.955 seconds
[2026-01-17T06:58:58.665+0000] {processor.py:186} INFO - Started process (PID=12348) to work on /opt/airflow/dags/tg_store_users.py
[2026-01-17T06:58:58.667+0000] {processor.py:914} INFO - Processing file /opt/airflow/dags/tg_store_users.py for tasks to queue
[2026-01-17T06:58:58.669+0000] {logging_mixin.py:190} INFO - [2026-01-17T06:58:58.668+0000] {dagbag.py:588} INFO - Filling up the DagBag from /opt/airflow/dags/tg_store_users.py
[2026-01-17T06:58:59.110+0000] {processor.py:925} INFO - DAG(s) 'tg_store_users' retrieved from /opt/airflow/dags/tg_store_users.py
[2026-01-17T06:58:59.148+0000] {logging_mixin.py:190} INFO - [2026-01-17T06:58:59.147+0000] {dag.py:3239} INFO - Sync 1 DAGs
[2026-01-17T06:58:59.185+0000] {logging_mixin.py:190} INFO - [2026-01-17T06:58:59.184+0000] {dag.py:4180} INFO - Setting next_dagrun for tg_store_users to None, run_after=None
[2026-01-17T06:58:59.225+0000] {processor.py:208} INFO - Processing /opt/airflow/dags/tg_store_users.py took 0.570 seconds
[2026-01-17T06:59:29.518+0000] {processor.py:186} INFO - Started process (PID=12372) to work on /opt/airflow/dags/tg_store_users.py
[2026-01-17T06:59:29.519+0000] {processor.py:914} INFO - Processing file /opt/airflow/dags/tg_store_users.py for tasks to queue
[2026-01-17T06:59:29.522+0000] {logging_mixin.py:190} INFO - [2026-01-17T06:59:29.521+0000] {dagbag.py:588} INFO - Filling up the DagBag from /opt/airflow/dags/tg_store_users.py
[2026-01-17T06:59:30.155+0000] {processor.py:925} INFO - DAG(s) 'tg_store_users' retrieved from /opt/airflow/dags/tg_store_users.py
[2026-01-17T06:59:30.210+0000] {logging_mixin.py:190} INFO - [2026-01-17T06:59:30.209+0000] {dag.py:3239} INFO - Sync 1 DAGs
[2026-01-17T06:59:30.257+0000] {logging_mixin.py:190} INFO - [2026-01-17T06:59:30.256+0000] {dag.py:4180} INFO - Setting next_dagrun for tg_store_users to None, run_after=None
[2026-01-17T06:59:30.308+0000] {processor.py:208} INFO - Processing /opt/airflow/dags/tg_store_users.py took 0.803 seconds
[2026-01-17T07:00:00.641+0000] {processor.py:186} INFO - Started process (PID=12397) to work on /opt/airflow/dags/tg_store_users.py
[2026-01-17T07:00:00.642+0000] {processor.py:914} INFO - Processing file /opt/airflow/dags/tg_store_users.py for tasks to queue
[2026-01-17T07:00:00.644+0000] {logging_mixin.py:190} INFO - [2026-01-17T07:00:00.644+0000] {dagbag.py:588} INFO - Filling up the DagBag from /opt/airflow/dags/tg_store_users.py
[2026-01-17T07:00:01.094+0000] {processor.py:925} INFO - DAG(s) 'tg_store_users' retrieved from /opt/airflow/dags/tg_store_users.py
[2026-01-17T07:00:01.130+0000] {logging_mixin.py:190} INFO - [2026-01-17T07:00:01.129+0000] {dag.py:3239} INFO - Sync 1 DAGs
[2026-01-17T07:00:01.168+0000] {logging_mixin.py:190} INFO - [2026-01-17T07:00:01.168+0000] {dag.py:4180} INFO - Setting next_dagrun for tg_store_users to None, run_after=None
[2026-01-17T07:00:01.512+0000] {processor.py:208} INFO - Processing /opt/airflow/dags/tg_store_users.py took 0.881 seconds
[2026-01-17T07:00:32.355+0000] {processor.py:186} INFO - Started process (PID=12420) to work on /opt/airflow/dags/tg_store_users.py
[2026-01-17T07:00:32.356+0000] {processor.py:914} INFO - Processing file /opt/airflow/dags/tg_store_users.py for tasks to queue
[2026-01-17T07:00:32.358+0000] {logging_mixin.py:190} INFO - [2026-01-17T07:00:32.357+0000] {dagbag.py:588} INFO - Filling up the DagBag from /opt/airflow/dags/tg_store_users.py
[2026-01-17T07:00:32.821+0000] {processor.py:925} INFO - DAG(s) 'tg_store_users' retrieved from /opt/airflow/dags/tg_store_users.py
[2026-01-17T07:00:32.863+0000] {logging_mixin.py:190} INFO - [2026-01-17T07:00:32.862+0000] {dag.py:3239} INFO - Sync 1 DAGs
[2026-01-17T07:00:33.151+0000] {logging_mixin.py:190} INFO - [2026-01-17T07:00:33.150+0000] {dag.py:4180} INFO - Setting next_dagrun for tg_store_users to None, run_after=None
[2026-01-17T07:00:33.191+0000] {processor.py:208} INFO - Processing /opt/airflow/dags/tg_store_users.py took 0.845 seconds
[2026-01-17T07:01:03.718+0000] {processor.py:186} INFO - Started process (PID=12444) to work on /opt/airflow/dags/tg_store_users.py
[2026-01-17T07:01:03.721+0000] {processor.py:914} INFO - Processing file /opt/airflow/dags/tg_store_users.py for tasks to queue
[2026-01-17T07:01:03.724+0000] {logging_mixin.py:190} INFO - [2026-01-17T07:01:03.723+0000] {dagbag.py:588} INFO - Filling up the DagBag from /opt/airflow/dags/tg_store_users.py
[2026-01-17T07:01:04.783+0000] {processor.py:925} INFO - DAG(s) 'tg_store_users' retrieved from /opt/airflow/dags/tg_store_users.py
[2026-01-17T07:01:04.884+0000] {logging_mixin.py:190} INFO - [2026-01-17T07:01:04.883+0000] {dag.py:3239} INFO - Sync 1 DAGs
[2026-01-17T07:01:05.342+0000] {logging_mixin.py:190} INFO - [2026-01-17T07:01:05.341+0000] {dag.py:4180} INFO - Setting next_dagrun for tg_store_users to None, run_after=None
[2026-01-17T07:01:05.430+0000] {processor.py:208} INFO - Processing /opt/airflow/dags/tg_store_users.py took 1.727 seconds
[2026-01-17T07:01:36.403+0000] {processor.py:186} INFO - Started process (PID=12474) to work on /opt/airflow/dags/tg_store_users.py
[2026-01-17T07:01:36.405+0000] {processor.py:914} INFO - Processing file /opt/airflow/dags/tg_store_users.py for tasks to queue
[2026-01-17T07:01:36.408+0000] {logging_mixin.py:190} INFO - [2026-01-17T07:01:36.407+0000] {dagbag.py:588} INFO - Filling up the DagBag from /opt/airflow/dags/tg_store_users.py
[2026-01-17T07:01:36.900+0000] {processor.py:925} INFO - DAG(s) 'tg_store_users' retrieved from /opt/airflow/dags/tg_store_users.py
[2026-01-17T07:01:36.947+0000] {logging_mixin.py:190} INFO - [2026-01-17T07:01:36.946+0000] {dag.py:3239} INFO - Sync 1 DAGs
[2026-01-17T07:01:36.987+0000] {logging_mixin.py:190} INFO - [2026-01-17T07:01:36.986+0000] {dag.py:4180} INFO - Setting next_dagrun for tg_store_users to None, run_after=None
[2026-01-17T07:01:37.033+0000] {processor.py:208} INFO - Processing /opt/airflow/dags/tg_store_users.py took 0.642 seconds
[2026-01-17T07:02:07.343+0000] {processor.py:186} INFO - Started process (PID=12498) to work on /opt/airflow/dags/tg_store_users.py
[2026-01-17T07:02:07.345+0000] {processor.py:914} INFO - Processing file /opt/airflow/dags/tg_store_users.py for tasks to queue
[2026-01-17T07:02:07.347+0000] {logging_mixin.py:190} INFO - [2026-01-17T07:02:07.346+0000] {dagbag.py:588} INFO - Filling up the DagBag from /opt/airflow/dags/tg_store_users.py
[2026-01-17T07:02:07.876+0000] {processor.py:925} INFO - DAG(s) 'tg_store_users' retrieved from /opt/airflow/dags/tg_store_users.py
[2026-01-17T07:02:07.919+0000] {logging_mixin.py:190} INFO - [2026-01-17T07:02:07.918+0000] {dag.py:3239} INFO - Sync 1 DAGs
[2026-01-17T07:02:07.962+0000] {logging_mixin.py:190} INFO - [2026-01-17T07:02:07.962+0000] {dag.py:4180} INFO - Setting next_dagrun for tg_store_users to None, run_after=None
[2026-01-17T07:02:08.433+0000] {processor.py:208} INFO - Processing /opt/airflow/dags/tg_store_users.py took 1.101 seconds
[2026-01-17T07:02:38.957+0000] {processor.py:186} INFO - Started process (PID=12522) to work on /opt/airflow/dags/tg_store_users.py
[2026-01-17T07:02:38.959+0000] {processor.py:914} INFO - Processing file /opt/airflow/dags/tg_store_users.py for tasks to queue
[2026-01-17T07:02:38.961+0000] {logging_mixin.py:190} INFO - [2026-01-17T07:02:38.960+0000] {dagbag.py:588} INFO - Filling up the DagBag from /opt/airflow/dags/tg_store_users.py
[2026-01-17T07:02:39.463+0000] {processor.py:925} INFO - DAG(s) 'tg_store_users' retrieved from /opt/airflow/dags/tg_store_users.py
[2026-01-17T07:02:39.502+0000] {logging_mixin.py:190} INFO - [2026-01-17T07:02:39.501+0000] {dag.py:3239} INFO - Sync 1 DAGs
[2026-01-17T07:02:39.805+0000] {logging_mixin.py:190} INFO - [2026-01-17T07:02:39.804+0000] {dag.py:4180} INFO - Setting next_dagrun for tg_store_users to None, run_after=None
[2026-01-17T07:02:39.844+0000] {processor.py:208} INFO - Processing /opt/airflow/dags/tg_store_users.py took 0.899 seconds
[2026-01-17T07:03:10.815+0000] {processor.py:186} INFO - Started process (PID=12548) to work on /opt/airflow/dags/tg_store_users.py
[2026-01-17T07:03:10.816+0000] {processor.py:914} INFO - Processing file /opt/airflow/dags/tg_store_users.py for tasks to queue
[2026-01-17T07:03:10.818+0000] {logging_mixin.py:190} INFO - [2026-01-17T07:03:10.817+0000] {dagbag.py:588} INFO - Filling up the DagBag from /opt/airflow/dags/tg_store_users.py
[2026-01-17T07:03:11.293+0000] {processor.py:925} INFO - DAG(s) 'tg_store_users' retrieved from /opt/airflow/dags/tg_store_users.py
[2026-01-17T07:03:11.338+0000] {logging_mixin.py:190} INFO - [2026-01-17T07:03:11.337+0000] {dag.py:3239} INFO - Sync 1 DAGs
[2026-01-17T07:03:11.641+0000] {logging_mixin.py:190} INFO - [2026-01-17T07:03:11.641+0000] {dag.py:4180} INFO - Setting next_dagrun for tg_store_users to None, run_after=None
[2026-01-17T07:03:11.671+0000] {processor.py:208} INFO - Processing /opt/airflow/dags/tg_store_users.py took 0.865 seconds
[2026-01-17T07:03:41.849+0000] {processor.py:186} INFO - Started process (PID=12573) to work on /opt/airflow/dags/tg_store_users.py
[2026-01-17T07:03:41.851+0000] {processor.py:914} INFO - Processing file /opt/airflow/dags/tg_store_users.py for tasks to queue
[2026-01-17T07:03:41.853+0000] {logging_mixin.py:190} INFO - [2026-01-17T07:03:41.853+0000] {dagbag.py:588} INFO - Filling up the DagBag from /opt/airflow/dags/tg_store_users.py
[2026-01-17T07:03:42.145+0000] {processor.py:925} INFO - DAG(s) 'tg_store_users' retrieved from /opt/airflow/dags/tg_store_users.py
[2026-01-17T07:03:42.169+0000] {logging_mixin.py:190} INFO - [2026-01-17T07:03:42.168+0000] {dag.py:3239} INFO - Sync 1 DAGs
[2026-01-17T07:03:42.190+0000] {logging_mixin.py:190} INFO - [2026-01-17T07:03:42.189+0000] {dag.py:4180} INFO - Setting next_dagrun for tg_store_users to None, run_after=None
[2026-01-17T07:03:42.211+0000] {processor.py:208} INFO - Processing /opt/airflow/dags/tg_store_users.py took 0.378 seconds
[2026-01-17T07:04:12.743+0000] {processor.py:186} INFO - Started process (PID=12597) to work on /opt/airflow/dags/tg_store_users.py
[2026-01-17T07:04:12.744+0000] {processor.py:914} INFO - Processing file /opt/airflow/dags/tg_store_users.py for tasks to queue
[2026-01-17T07:04:12.745+0000] {logging_mixin.py:190} INFO - [2026-01-17T07:04:12.745+0000] {dagbag.py:588} INFO - Filling up the DagBag from /opt/airflow/dags/tg_store_users.py
[2026-01-17T07:04:13.032+0000] {processor.py:925} INFO - DAG(s) 'tg_store_users' retrieved from /opt/airflow/dags/tg_store_users.py
[2026-01-17T07:04:13.063+0000] {logging_mixin.py:190} INFO - [2026-01-17T07:04:13.063+0000] {dag.py:3239} INFO - Sync 1 DAGs
[2026-01-17T07:04:13.088+0000] {logging_mixin.py:190} INFO - [2026-01-17T07:04:13.088+0000] {dag.py:4180} INFO - Setting next_dagrun for tg_store_users to None, run_after=None
[2026-01-17T07:04:13.315+0000] {processor.py:208} INFO - Processing /opt/airflow/dags/tg_store_users.py took 0.582 seconds
[2026-01-17T07:04:43.493+0000] {processor.py:186} INFO - Started process (PID=12621) to work on /opt/airflow/dags/tg_store_users.py
[2026-01-17T07:04:43.495+0000] {processor.py:914} INFO - Processing file /opt/airflow/dags/tg_store_users.py for tasks to queue
[2026-01-17T07:04:43.497+0000] {logging_mixin.py:190} INFO - [2026-01-17T07:04:43.496+0000] {dagbag.py:588} INFO - Filling up the DagBag from /opt/airflow/dags/tg_store_users.py
[2026-01-17T07:04:44.085+0000] {processor.py:925} INFO - DAG(s) 'tg_store_users' retrieved from /opt/airflow/dags/tg_store_users.py
[2026-01-17T07:04:44.135+0000] {logging_mixin.py:190} INFO - [2026-01-17T07:04:44.134+0000] {dag.py:3239} INFO - Sync 1 DAGs
[2026-01-17T07:04:44.435+0000] {logging_mixin.py:190} INFO - [2026-01-17T07:04:44.435+0000] {dag.py:4180} INFO - Setting next_dagrun for tg_store_users to None, run_after=None
[2026-01-17T07:04:44.476+0000] {processor.py:208} INFO - Processing /opt/airflow/dags/tg_store_users.py took 0.994 seconds
[2026-01-17T07:05:15.257+0000] {processor.py:186} INFO - Started process (PID=12644) to work on /opt/airflow/dags/tg_store_users.py
[2026-01-17T07:05:15.259+0000] {processor.py:914} INFO - Processing file /opt/airflow/dags/tg_store_users.py for tasks to queue
[2026-01-17T07:05:15.262+0000] {logging_mixin.py:190} INFO - [2026-01-17T07:05:15.261+0000] {dagbag.py:588} INFO - Filling up the DagBag from /opt/airflow/dags/tg_store_users.py
[2026-01-17T07:05:15.583+0000] {processor.py:925} INFO - DAG(s) 'tg_store_users' retrieved from /opt/airflow/dags/tg_store_users.py
[2026-01-17T07:05:15.611+0000] {logging_mixin.py:190} INFO - [2026-01-17T07:05:15.610+0000] {dag.py:3239} INFO - Sync 1 DAGs
[2026-01-17T07:05:15.856+0000] {logging_mixin.py:190} INFO - [2026-01-17T07:05:15.855+0000] {dag.py:4180} INFO - Setting next_dagrun for tg_store_users to None, run_after=None
[2026-01-17T07:05:15.893+0000] {processor.py:208} INFO - Processing /opt/airflow/dags/tg_store_users.py took 0.651 seconds
[2026-01-17T07:05:46.796+0000] {processor.py:186} INFO - Started process (PID=12668) to work on /opt/airflow/dags/tg_store_users.py
[2026-01-17T07:05:46.797+0000] {processor.py:914} INFO - Processing file /opt/airflow/dags/tg_store_users.py for tasks to queue
[2026-01-17T07:05:46.799+0000] {logging_mixin.py:190} INFO - [2026-01-17T07:05:46.799+0000] {dagbag.py:588} INFO - Filling up the DagBag from /opt/airflow/dags/tg_store_users.py
[2026-01-17T07:05:47.196+0000] {processor.py:925} INFO - DAG(s) 'tg_store_users' retrieved from /opt/airflow/dags/tg_store_users.py
[2026-01-17T07:05:47.231+0000] {logging_mixin.py:190} INFO - [2026-01-17T07:05:47.231+0000] {dag.py:3239} INFO - Sync 1 DAGs
[2026-01-17T07:05:47.263+0000] {logging_mixin.py:190} INFO - [2026-01-17T07:05:47.262+0000] {dag.py:4180} INFO - Setting next_dagrun for tg_store_users to None, run_after=None
[2026-01-17T07:05:47.297+0000] {processor.py:208} INFO - Processing /opt/airflow/dags/tg_store_users.py took 0.512 seconds
[2026-01-17T07:06:18.060+0000] {processor.py:186} INFO - Started process (PID=12692) to work on /opt/airflow/dags/tg_store_users.py
[2026-01-17T07:06:18.062+0000] {processor.py:914} INFO - Processing file /opt/airflow/dags/tg_store_users.py for tasks to queue
[2026-01-17T07:06:18.064+0000] {logging_mixin.py:190} INFO - [2026-01-17T07:06:18.064+0000] {dagbag.py:588} INFO - Filling up the DagBag from /opt/airflow/dags/tg_store_users.py
[2026-01-17T07:06:18.378+0000] {processor.py:925} INFO - DAG(s) 'tg_store_users' retrieved from /opt/airflow/dags/tg_store_users.py
[2026-01-17T07:06:18.414+0000] {logging_mixin.py:190} INFO - [2026-01-17T07:06:18.414+0000] {dag.py:3239} INFO - Sync 1 DAGs
[2026-01-17T07:06:18.439+0000] {logging_mixin.py:190} INFO - [2026-01-17T07:06:18.438+0000] {dag.py:4180} INFO - Setting next_dagrun for tg_store_users to None, run_after=None
[2026-01-17T07:06:18.685+0000] {processor.py:208} INFO - Processing /opt/airflow/dags/tg_store_users.py took 0.640 seconds
[2026-01-17T07:06:48.854+0000] {processor.py:186} INFO - Started process (PID=12716) to work on /opt/airflow/dags/tg_store_users.py
[2026-01-17T07:06:48.857+0000] {processor.py:914} INFO - Processing file /opt/airflow/dags/tg_store_users.py for tasks to queue
[2026-01-17T07:06:48.859+0000] {logging_mixin.py:190} INFO - [2026-01-17T07:06:48.859+0000] {dagbag.py:588} INFO - Filling up the DagBag from /opt/airflow/dags/tg_store_users.py
[2026-01-17T07:06:49.558+0000] {processor.py:925} INFO - DAG(s) 'tg_store_users' retrieved from /opt/airflow/dags/tg_store_users.py
[2026-01-17T07:06:49.615+0000] {logging_mixin.py:190} INFO - [2026-01-17T07:06:49.614+0000] {dag.py:3239} INFO - Sync 1 DAGs
[2026-01-17T07:06:50.021+0000] {logging_mixin.py:190} INFO - [2026-01-17T07:06:50.020+0000] {dag.py:4180} INFO - Setting next_dagrun for tg_store_users to None, run_after=None
[2026-01-17T07:06:50.105+0000] {processor.py:208} INFO - Processing /opt/airflow/dags/tg_store_users.py took 1.266 seconds
[2026-01-17T07:07:20.337+0000] {processor.py:186} INFO - Started process (PID=12740) to work on /opt/airflow/dags/tg_store_users.py
[2026-01-17T07:07:20.338+0000] {processor.py:914} INFO - Processing file /opt/airflow/dags/tg_store_users.py for tasks to queue
[2026-01-17T07:07:20.340+0000] {logging_mixin.py:190} INFO - [2026-01-17T07:07:20.339+0000] {dagbag.py:588} INFO - Filling up the DagBag from /opt/airflow/dags/tg_store_users.py
[2026-01-17T07:07:20.757+0000] {processor.py:925} INFO - DAG(s) 'tg_store_users' retrieved from /opt/airflow/dags/tg_store_users.py
[2026-01-17T07:07:20.790+0000] {logging_mixin.py:190} INFO - [2026-01-17T07:07:20.790+0000] {dag.py:3239} INFO - Sync 1 DAGs
[2026-01-17T07:07:21.122+0000] {logging_mixin.py:190} INFO - [2026-01-17T07:07:21.121+0000] {dag.py:4180} INFO - Setting next_dagrun for tg_store_users to None, run_after=None
[2026-01-17T07:07:21.155+0000] {processor.py:208} INFO - Processing /opt/airflow/dags/tg_store_users.py took 0.828 seconds
[2026-01-17T07:07:51.501+0000] {processor.py:186} INFO - Started process (PID=12764) to work on /opt/airflow/dags/tg_store_users.py
[2026-01-17T07:07:51.502+0000] {processor.py:914} INFO - Processing file /opt/airflow/dags/tg_store_users.py for tasks to queue
[2026-01-17T07:07:51.504+0000] {logging_mixin.py:190} INFO - [2026-01-17T07:07:51.503+0000] {dagbag.py:588} INFO - Filling up the DagBag from /opt/airflow/dags/tg_store_users.py
[2026-01-17T07:07:52.039+0000] {processor.py:925} INFO - DAG(s) 'tg_store_users' retrieved from /opt/airflow/dags/tg_store_users.py
[2026-01-17T07:07:52.094+0000] {logging_mixin.py:190} INFO - [2026-01-17T07:07:52.093+0000] {dag.py:3239} INFO - Sync 1 DAGs
[2026-01-17T07:07:52.143+0000] {logging_mixin.py:190} INFO - [2026-01-17T07:07:52.142+0000] {dag.py:4180} INFO - Setting next_dagrun for tg_store_users to None, run_after=None
[2026-01-17T07:07:52.186+0000] {processor.py:208} INFO - Processing /opt/airflow/dags/tg_store_users.py took 0.694 seconds
[2026-01-17T07:08:22.528+0000] {processor.py:186} INFO - Started process (PID=12788) to work on /opt/airflow/dags/tg_store_users.py
[2026-01-17T07:08:22.529+0000] {processor.py:914} INFO - Processing file /opt/airflow/dags/tg_store_users.py for tasks to queue
[2026-01-17T07:08:22.530+0000] {logging_mixin.py:190} INFO - [2026-01-17T07:08:22.530+0000] {dagbag.py:588} INFO - Filling up the DagBag from /opt/airflow/dags/tg_store_users.py
[2026-01-17T07:08:23.013+0000] {processor.py:925} INFO - DAG(s) 'tg_store_users' retrieved from /opt/airflow/dags/tg_store_users.py
[2026-01-17T07:08:23.060+0000] {logging_mixin.py:190} INFO - [2026-01-17T07:08:23.060+0000] {dag.py:3239} INFO - Sync 1 DAGs
[2026-01-17T07:08:23.099+0000] {logging_mixin.py:190} INFO - [2026-01-17T07:08:23.099+0000] {dag.py:4180} INFO - Setting next_dagrun for tg_store_users to None, run_after=None
[2026-01-17T07:08:23.553+0000] {processor.py:208} INFO - Processing /opt/airflow/dags/tg_store_users.py took 1.036 seconds
[2026-01-17T07:08:54.092+0000] {processor.py:186} INFO - Started process (PID=12813) to work on /opt/airflow/dags/tg_store_users.py
[2026-01-17T07:08:54.093+0000] {processor.py:914} INFO - Processing file /opt/airflow/dags/tg_store_users.py for tasks to queue
[2026-01-17T07:08:54.095+0000] {logging_mixin.py:190} INFO - [2026-01-17T07:08:54.094+0000] {dagbag.py:588} INFO - Filling up the DagBag from /opt/airflow/dags/tg_store_users.py
[2026-01-17T07:08:54.418+0000] {processor.py:925} INFO - DAG(s) 'tg_store_users' retrieved from /opt/airflow/dags/tg_store_users.py
[2026-01-17T07:08:54.443+0000] {logging_mixin.py:190} INFO - [2026-01-17T07:08:54.443+0000] {dag.py:3239} INFO - Sync 1 DAGs
[2026-01-17T07:08:54.680+0000] {logging_mixin.py:190} INFO - [2026-01-17T07:08:54.680+0000] {dag.py:4180} INFO - Setting next_dagrun for tg_store_users to None, run_after=None
[2026-01-17T07:08:54.719+0000] {processor.py:208} INFO - Processing /opt/airflow/dags/tg_store_users.py took 0.638 seconds
[2026-01-17T07:09:24.944+0000] {processor.py:186} INFO - Started process (PID=12837) to work on /opt/airflow/dags/tg_store_users.py
[2026-01-17T07:09:24.945+0000] {processor.py:914} INFO - Processing file /opt/airflow/dags/tg_store_users.py for tasks to queue
[2026-01-17T07:09:24.947+0000] {logging_mixin.py:190} INFO - [2026-01-17T07:09:24.947+0000] {dagbag.py:588} INFO - Filling up the DagBag from /opt/airflow/dags/tg_store_users.py
[2026-01-17T07:09:25.268+0000] {processor.py:925} INFO - DAG(s) 'tg_store_users' retrieved from /opt/airflow/dags/tg_store_users.py
[2026-01-17T07:09:25.293+0000] {logging_mixin.py:190} INFO - [2026-01-17T07:09:25.293+0000] {dag.py:3239} INFO - Sync 1 DAGs
[2026-01-17T07:09:25.538+0000] {logging_mixin.py:190} INFO - [2026-01-17T07:09:25.538+0000] {dag.py:4180} INFO - Setting next_dagrun for tg_store_users to None, run_after=None
[2026-01-17T07:09:25.567+0000] {processor.py:208} INFO - Processing /opt/airflow/dags/tg_store_users.py took 0.633 seconds
[2026-01-17T07:09:55.712+0000] {processor.py:186} INFO - Started process (PID=12861) to work on /opt/airflow/dags/tg_store_users.py
[2026-01-17T07:09:55.713+0000] {processor.py:914} INFO - Processing file /opt/airflow/dags/tg_store_users.py for tasks to queue
[2026-01-17T07:09:55.714+0000] {logging_mixin.py:190} INFO - [2026-01-17T07:09:55.714+0000] {dagbag.py:588} INFO - Filling up the DagBag from /opt/airflow/dags/tg_store_users.py
[2026-01-17T07:09:56.068+0000] {processor.py:925} INFO - DAG(s) 'tg_store_users' retrieved from /opt/airflow/dags/tg_store_users.py
[2026-01-17T07:09:56.096+0000] {logging_mixin.py:190} INFO - [2026-01-17T07:09:56.096+0000] {dag.py:3239} INFO - Sync 1 DAGs
[2026-01-17T07:09:56.122+0000] {logging_mixin.py:190} INFO - [2026-01-17T07:09:56.122+0000] {dag.py:4180} INFO - Setting next_dagrun for tg_store_users to None, run_after=None
[2026-01-17T07:09:56.144+0000] {processor.py:208} INFO - Processing /opt/airflow/dags/tg_store_users.py took 0.441 seconds
[2026-01-17T07:10:26.597+0000] {processor.py:186} INFO - Started process (PID=12885) to work on /opt/airflow/dags/tg_store_users.py
[2026-01-17T07:10:26.599+0000] {processor.py:914} INFO - Processing file /opt/airflow/dags/tg_store_users.py for tasks to queue
[2026-01-17T07:10:26.601+0000] {logging_mixin.py:190} INFO - [2026-01-17T07:10:26.600+0000] {dagbag.py:588} INFO - Filling up the DagBag from /opt/airflow/dags/tg_store_users.py
[2026-01-17T07:10:27.021+0000] {processor.py:925} INFO - DAG(s) 'tg_store_users' retrieved from /opt/airflow/dags/tg_store_users.py
[2026-01-17T07:10:27.053+0000] {logging_mixin.py:190} INFO - [2026-01-17T07:10:27.052+0000] {dag.py:3239} INFO - Sync 1 DAGs
[2026-01-17T07:10:27.085+0000] {logging_mixin.py:190} INFO - [2026-01-17T07:10:27.085+0000] {dag.py:4180} INFO - Setting next_dagrun for tg_store_users to None, run_after=None
[2026-01-17T07:10:27.545+0000] {processor.py:208} INFO - Processing /opt/airflow/dags/tg_store_users.py took 0.959 seconds
[2026-01-17T07:10:57.706+0000] {processor.py:186} INFO - Started process (PID=12909) to work on /opt/airflow/dags/tg_store_users.py
[2026-01-17T07:10:57.708+0000] {processor.py:914} INFO - Processing file /opt/airflow/dags/tg_store_users.py for tasks to queue
[2026-01-17T07:10:57.710+0000] {logging_mixin.py:190} INFO - [2026-01-17T07:10:57.709+0000] {dagbag.py:588} INFO - Filling up the DagBag from /opt/airflow/dags/tg_store_users.py
[2026-01-17T07:10:58.095+0000] {processor.py:925} INFO - DAG(s) 'tg_store_users' retrieved from /opt/airflow/dags/tg_store_users.py
[2026-01-17T07:10:58.134+0000] {logging_mixin.py:190} INFO - [2026-01-17T07:10:58.133+0000] {dag.py:3239} INFO - Sync 1 DAGs
[2026-01-17T07:10:58.418+0000] {logging_mixin.py:190} INFO - [2026-01-17T07:10:58.417+0000] {dag.py:4180} INFO - Setting next_dagrun for tg_store_users to None, run_after=None
[2026-01-17T07:10:58.460+0000] {processor.py:208} INFO - Processing /opt/airflow/dags/tg_store_users.py took 0.766 seconds
[2026-01-17T07:11:29.376+0000] {processor.py:186} INFO - Started process (PID=12933) to work on /opt/airflow/dags/tg_store_users.py
[2026-01-17T07:11:29.377+0000] {processor.py:914} INFO - Processing file /opt/airflow/dags/tg_store_users.py for tasks to queue
[2026-01-17T07:11:29.380+0000] {logging_mixin.py:190} INFO - [2026-01-17T07:11:29.379+0000] {dagbag.py:588} INFO - Filling up the DagBag from /opt/airflow/dags/tg_store_users.py
[2026-01-17T07:11:29.851+0000] {processor.py:925} INFO - DAG(s) 'tg_store_users' retrieved from /opt/airflow/dags/tg_store_users.py
[2026-01-17T07:11:30.147+0000] {logging_mixin.py:190} INFO - [2026-01-17T07:11:30.147+0000] {dag.py:3239} INFO - Sync 1 DAGs
[2026-01-17T07:11:30.180+0000] {logging_mixin.py:190} INFO - [2026-01-17T07:11:30.180+0000] {dag.py:4180} INFO - Setting next_dagrun for tg_store_users to None, run_after=None
[2026-01-17T07:11:30.216+0000] {processor.py:208} INFO - Processing /opt/airflow/dags/tg_store_users.py took 0.855 seconds
[2026-01-17T07:12:00.345+0000] {processor.py:186} INFO - Started process (PID=12957) to work on /opt/airflow/dags/tg_store_users.py
[2026-01-17T07:12:00.347+0000] {processor.py:914} INFO - Processing file /opt/airflow/dags/tg_store_users.py for tasks to queue
[2026-01-17T07:12:00.349+0000] {logging_mixin.py:190} INFO - [2026-01-17T07:12:00.348+0000] {dagbag.py:588} INFO - Filling up the DagBag from /opt/airflow/dags/tg_store_users.py
[2026-01-17T07:12:00.754+0000] {processor.py:925} INFO - DAG(s) 'tg_store_users' retrieved from /opt/airflow/dags/tg_store_users.py
[2026-01-17T07:12:00.786+0000] {logging_mixin.py:190} INFO - [2026-01-17T07:12:00.786+0000] {dag.py:3239} INFO - Sync 1 DAGs
[2026-01-17T07:12:00.813+0000] {logging_mixin.py:190} INFO - [2026-01-17T07:12:00.813+0000] {dag.py:4180} INFO - Setting next_dagrun for tg_store_users to None, run_after=None
[2026-01-17T07:12:00.851+0000] {processor.py:208} INFO - Processing /opt/airflow/dags/tg_store_users.py took 0.516 seconds
[2026-01-17T07:12:31.358+0000] {processor.py:186} INFO - Started process (PID=12981) to work on /opt/airflow/dags/tg_store_users.py
[2026-01-17T07:12:31.360+0000] {processor.py:914} INFO - Processing file /opt/airflow/dags/tg_store_users.py for tasks to queue
[2026-01-17T07:12:31.362+0000] {logging_mixin.py:190} INFO - [2026-01-17T07:12:31.362+0000] {dagbag.py:588} INFO - Filling up the DagBag from /opt/airflow/dags/tg_store_users.py
[2026-01-17T07:12:31.859+0000] {processor.py:925} INFO - DAG(s) 'tg_store_users' retrieved from /opt/airflow/dags/tg_store_users.py
[2026-01-17T07:12:31.897+0000] {logging_mixin.py:190} INFO - [2026-01-17T07:12:31.896+0000] {dag.py:3239} INFO - Sync 1 DAGs
[2026-01-17T07:12:31.924+0000] {logging_mixin.py:190} INFO - [2026-01-17T07:12:31.923+0000] {dag.py:4180} INFO - Setting next_dagrun for tg_store_users to None, run_after=None
[2026-01-17T07:12:32.223+0000] {processor.py:208} INFO - Processing /opt/airflow/dags/tg_store_users.py took 0.876 seconds
[2026-01-17T07:13:02.714+0000] {processor.py:186} INFO - Started process (PID=13005) to work on /opt/airflow/dags/tg_store_users.py
[2026-01-17T07:13:02.716+0000] {processor.py:914} INFO - Processing file /opt/airflow/dags/tg_store_users.py for tasks to queue
[2026-01-17T07:13:02.718+0000] {logging_mixin.py:190} INFO - [2026-01-17T07:13:02.717+0000] {dagbag.py:588} INFO - Filling up the DagBag from /opt/airflow/dags/tg_store_users.py
[2026-01-17T07:13:03.287+0000] {processor.py:925} INFO - DAG(s) 'tg_store_users' retrieved from /opt/airflow/dags/tg_store_users.py
[2026-01-17T07:13:03.341+0000] {logging_mixin.py:190} INFO - [2026-01-17T07:13:03.340+0000] {dag.py:3239} INFO - Sync 1 DAGs
[2026-01-17T07:13:03.713+0000] {logging_mixin.py:190} INFO - [2026-01-17T07:13:03.712+0000] {dag.py:4180} INFO - Setting next_dagrun for tg_store_users to None, run_after=None
[2026-01-17T07:13:03.766+0000] {processor.py:208} INFO - Processing /opt/airflow/dags/tg_store_users.py took 1.064 seconds
[2026-01-17T07:13:34.677+0000] {processor.py:186} INFO - Started process (PID=13029) to work on /opt/airflow/dags/tg_store_users.py
[2026-01-17T07:13:34.680+0000] {processor.py:914} INFO - Processing file /opt/airflow/dags/tg_store_users.py for tasks to queue
[2026-01-17T07:13:34.683+0000] {logging_mixin.py:190} INFO - [2026-01-17T07:13:34.683+0000] {dagbag.py:588} INFO - Filling up the DagBag from /opt/airflow/dags/tg_store_users.py
[2026-01-17T07:13:35.100+0000] {processor.py:925} INFO - DAG(s) 'tg_store_users' retrieved from /opt/airflow/dags/tg_store_users.py
[2026-01-17T07:13:35.375+0000] {logging_mixin.py:190} INFO - [2026-01-17T07:13:35.374+0000] {dag.py:3239} INFO - Sync 1 DAGs
[2026-01-17T07:13:35.419+0000] {logging_mixin.py:190} INFO - [2026-01-17T07:13:35.419+0000] {dag.py:4180} INFO - Setting next_dagrun for tg_store_users to None, run_after=None
[2026-01-17T07:13:35.453+0000] {processor.py:208} INFO - Processing /opt/airflow/dags/tg_store_users.py took 0.796 seconds
[2026-01-17T07:14:06.301+0000] {processor.py:186} INFO - Started process (PID=13053) to work on /opt/airflow/dags/tg_store_users.py
[2026-01-17T07:14:06.303+0000] {processor.py:914} INFO - Processing file /opt/airflow/dags/tg_store_users.py for tasks to queue
[2026-01-17T07:14:06.304+0000] {logging_mixin.py:190} INFO - [2026-01-17T07:14:06.304+0000] {dagbag.py:588} INFO - Filling up the DagBag from /opt/airflow/dags/tg_store_users.py
[2026-01-17T07:14:06.761+0000] {processor.py:925} INFO - DAG(s) 'tg_store_users' retrieved from /opt/airflow/dags/tg_store_users.py
[2026-01-17T07:14:06.799+0000] {logging_mixin.py:190} INFO - [2026-01-17T07:14:06.798+0000] {dag.py:3239} INFO - Sync 1 DAGs
[2026-01-17T07:14:06.843+0000] {logging_mixin.py:190} INFO - [2026-01-17T07:14:06.843+0000] {dag.py:4180} INFO - Setting next_dagrun for tg_store_users to None, run_after=None
[2026-01-17T07:14:06.877+0000] {processor.py:208} INFO - Processing /opt/airflow/dags/tg_store_users.py took 0.585 seconds
[2026-01-17T07:14:37.221+0000] {processor.py:186} INFO - Started process (PID=13077) to work on /opt/airflow/dags/tg_store_users.py
[2026-01-17T07:14:37.222+0000] {processor.py:914} INFO - Processing file /opt/airflow/dags/tg_store_users.py for tasks to queue
[2026-01-17T07:14:37.224+0000] {logging_mixin.py:190} INFO - [2026-01-17T07:14:37.223+0000] {dagbag.py:588} INFO - Filling up the DagBag from /opt/airflow/dags/tg_store_users.py
[2026-01-17T07:14:37.648+0000] {processor.py:925} INFO - DAG(s) 'tg_store_users' retrieved from /opt/airflow/dags/tg_store_users.py
[2026-01-17T07:14:37.678+0000] {logging_mixin.py:190} INFO - [2026-01-17T07:14:37.678+0000] {dag.py:3239} INFO - Sync 1 DAGs
[2026-01-17T07:14:37.705+0000] {logging_mixin.py:190} INFO - [2026-01-17T07:14:37.705+0000] {dag.py:4180} INFO - Setting next_dagrun for tg_store_users to None, run_after=None
[2026-01-17T07:14:38.017+0000] {processor.py:208} INFO - Processing /opt/airflow/dags/tg_store_users.py took 0.806 seconds
[2026-01-17T07:15:08.687+0000] {processor.py:186} INFO - Started process (PID=13106) to work on /opt/airflow/dags/tg_store_users.py
[2026-01-17T07:15:08.689+0000] {processor.py:914} INFO - Processing file /opt/airflow/dags/tg_store_users.py for tasks to queue
[2026-01-17T07:15:08.691+0000] {logging_mixin.py:190} INFO - [2026-01-17T07:15:08.691+0000] {dagbag.py:588} INFO - Filling up the DagBag from /opt/airflow/dags/tg_store_users.py
[2026-01-17T07:15:09.145+0000] {processor.py:925} INFO - DAG(s) 'tg_store_users' retrieved from /opt/airflow/dags/tg_store_users.py
[2026-01-17T07:15:09.181+0000] {logging_mixin.py:190} INFO - [2026-01-17T07:15:09.180+0000] {dag.py:3239} INFO - Sync 1 DAGs
[2026-01-17T07:15:09.516+0000] {logging_mixin.py:190} INFO - [2026-01-17T07:15:09.515+0000] {dag.py:4180} INFO - Setting next_dagrun for tg_store_users to None, run_after=None
[2026-01-17T07:15:09.556+0000] {processor.py:208} INFO - Processing /opt/airflow/dags/tg_store_users.py took 0.884 seconds
[2026-01-17T07:15:40.373+0000] {processor.py:186} INFO - Started process (PID=13130) to work on /opt/airflow/dags/tg_store_users.py
[2026-01-17T07:15:40.375+0000] {processor.py:914} INFO - Processing file /opt/airflow/dags/tg_store_users.py for tasks to queue
[2026-01-17T07:15:40.378+0000] {logging_mixin.py:190} INFO - [2026-01-17T07:15:40.378+0000] {dagbag.py:588} INFO - Filling up the DagBag from /opt/airflow/dags/tg_store_users.py
[2026-01-17T07:15:41.081+0000] {processor.py:925} INFO - DAG(s) 'tg_store_users' retrieved from /opt/airflow/dags/tg_store_users.py
[2026-01-17T07:15:41.512+0000] {logging_mixin.py:190} INFO - [2026-01-17T07:15:41.511+0000] {dag.py:3239} INFO - Sync 1 DAGs
[2026-01-17T07:15:41.552+0000] {logging_mixin.py:190} INFO - [2026-01-17T07:15:41.552+0000] {dag.py:4180} INFO - Setting next_dagrun for tg_store_users to None, run_after=None
[2026-01-17T07:15:41.617+0000] {processor.py:208} INFO - Processing /opt/airflow/dags/tg_store_users.py took 1.257 seconds
[2026-01-17T07:16:12.050+0000] {processor.py:186} INFO - Started process (PID=13154) to work on /opt/airflow/dags/tg_store_users.py
[2026-01-17T07:16:12.051+0000] {processor.py:914} INFO - Processing file /opt/airflow/dags/tg_store_users.py for tasks to queue
[2026-01-17T07:16:12.054+0000] {logging_mixin.py:190} INFO - [2026-01-17T07:16:12.053+0000] {dagbag.py:588} INFO - Filling up the DagBag from /opt/airflow/dags/tg_store_users.py
[2026-01-17T07:16:12.644+0000] {processor.py:925} INFO - DAG(s) 'tg_store_users' retrieved from /opt/airflow/dags/tg_store_users.py
[2026-01-17T07:16:12.716+0000] {logging_mixin.py:190} INFO - [2026-01-17T07:16:12.715+0000] {dag.py:3239} INFO - Sync 1 DAGs
[2026-01-17T07:16:12.770+0000] {logging_mixin.py:190} INFO - [2026-01-17T07:16:12.770+0000] {dag.py:4180} INFO - Setting next_dagrun for tg_store_users to None, run_after=None
[2026-01-17T07:16:12.833+0000] {processor.py:208} INFO - Processing /opt/airflow/dags/tg_store_users.py took 0.797 seconds
[2026-01-17T07:16:43.789+0000] {processor.py:186} INFO - Started process (PID=13178) to work on /opt/airflow/dags/tg_store_users.py
[2026-01-17T07:16:43.790+0000] {processor.py:914} INFO - Processing file /opt/airflow/dags/tg_store_users.py for tasks to queue
[2026-01-17T07:16:43.792+0000] {logging_mixin.py:190} INFO - [2026-01-17T07:16:43.792+0000] {dagbag.py:588} INFO - Filling up the DagBag from /opt/airflow/dags/tg_store_users.py
[2026-01-17T07:16:44.259+0000] {processor.py:925} INFO - DAG(s) 'tg_store_users' retrieved from /opt/airflow/dags/tg_store_users.py
[2026-01-17T07:16:44.303+0000] {logging_mixin.py:190} INFO - [2026-01-17T07:16:44.302+0000] {dag.py:3239} INFO - Sync 1 DAGs
[2026-01-17T07:16:44.613+0000] {logging_mixin.py:190} INFO - [2026-01-17T07:16:44.613+0000] {dag.py:4180} INFO - Setting next_dagrun for tg_store_users to None, run_after=None
[2026-01-17T07:16:44.658+0000] {processor.py:208} INFO - Processing /opt/airflow/dags/tg_store_users.py took 0.879 seconds
[2026-01-17T07:17:15.174+0000] {processor.py:186} INFO - Started process (PID=13202) to work on /opt/airflow/dags/tg_store_users.py
[2026-01-17T07:17:15.176+0000] {processor.py:914} INFO - Processing file /opt/airflow/dags/tg_store_users.py for tasks to queue
[2026-01-17T07:17:15.177+0000] {logging_mixin.py:190} INFO - [2026-01-17T07:17:15.177+0000] {dagbag.py:588} INFO - Filling up the DagBag from /opt/airflow/dags/tg_store_users.py
[2026-01-17T07:17:15.637+0000] {processor.py:925} INFO - DAG(s) 'tg_store_users' retrieved from /opt/airflow/dags/tg_store_users.py
[2026-01-17T07:17:15.684+0000] {logging_mixin.py:190} INFO - [2026-01-17T07:17:15.683+0000] {dag.py:3239} INFO - Sync 1 DAGs
[2026-01-17T07:17:16.032+0000] {logging_mixin.py:190} INFO - [2026-01-17T07:17:16.032+0000] {dag.py:4180} INFO - Setting next_dagrun for tg_store_users to None, run_after=None
[2026-01-17T07:17:16.073+0000] {processor.py:208} INFO - Processing /opt/airflow/dags/tg_store_users.py took 0.909 seconds
[2026-01-17T07:17:46.133+0000] {processor.py:186} INFO - Started process (PID=13226) to work on /opt/airflow/dags/tg_store_users.py
[2026-01-17T07:17:46.135+0000] {processor.py:914} INFO - Processing file /opt/airflow/dags/tg_store_users.py for tasks to queue
[2026-01-17T07:17:46.136+0000] {logging_mixin.py:190} INFO - [2026-01-17T07:17:46.136+0000] {dagbag.py:588} INFO - Filling up the DagBag from /opt/airflow/dags/tg_store_users.py
[2026-01-17T07:17:46.570+0000] {processor.py:925} INFO - DAG(s) 'tg_store_users' retrieved from /opt/airflow/dags/tg_store_users.py
[2026-01-17T07:17:46.896+0000] {logging_mixin.py:190} INFO - [2026-01-17T07:17:46.895+0000] {dag.py:3239} INFO - Sync 1 DAGs
[2026-01-17T07:17:46.928+0000] {logging_mixin.py:190} INFO - [2026-01-17T07:17:46.928+0000] {dag.py:4180} INFO - Setting next_dagrun for tg_store_users to None, run_after=None
[2026-01-17T07:17:46.973+0000] {processor.py:208} INFO - Processing /opt/airflow/dags/tg_store_users.py took 0.848 seconds
[2026-01-17T07:18:17.153+0000] {processor.py:186} INFO - Started process (PID=13250) to work on /opt/airflow/dags/tg_store_users.py
[2026-01-17T07:18:17.155+0000] {processor.py:914} INFO - Processing file /opt/airflow/dags/tg_store_users.py for tasks to queue
[2026-01-17T07:18:17.157+0000] {logging_mixin.py:190} INFO - [2026-01-17T07:18:17.156+0000] {dagbag.py:588} INFO - Filling up the DagBag from /opt/airflow/dags/tg_store_users.py
[2026-01-17T07:18:17.610+0000] {processor.py:925} INFO - DAG(s) 'tg_store_users' retrieved from /opt/airflow/dags/tg_store_users.py
[2026-01-17T07:18:17.652+0000] {logging_mixin.py:190} INFO - [2026-01-17T07:18:17.651+0000] {dag.py:3239} INFO - Sync 1 DAGs
[2026-01-17T07:18:17.681+0000] {logging_mixin.py:190} INFO - [2026-01-17T07:18:17.681+0000] {dag.py:4180} INFO - Setting next_dagrun for tg_store_users to None, run_after=None
[2026-01-17T07:18:18.180+0000] {processor.py:208} INFO - Processing /opt/airflow/dags/tg_store_users.py took 1.037 seconds
[2026-01-17T07:18:48.508+0000] {processor.py:186} INFO - Started process (PID=13274) to work on /opt/airflow/dags/tg_store_users.py
[2026-01-17T07:18:48.510+0000] {processor.py:914} INFO - Processing file /opt/airflow/dags/tg_store_users.py for tasks to queue
[2026-01-17T07:18:48.513+0000] {logging_mixin.py:190} INFO - [2026-01-17T07:18:48.513+0000] {dagbag.py:588} INFO - Filling up the DagBag from /opt/airflow/dags/tg_store_users.py
[2026-01-17T07:18:49.059+0000] {processor.py:925} INFO - DAG(s) 'tg_store_users' retrieved from /opt/airflow/dags/tg_store_users.py
[2026-01-17T07:18:49.105+0000] {logging_mixin.py:190} INFO - [2026-01-17T07:18:49.104+0000] {dag.py:3239} INFO - Sync 1 DAGs
[2026-01-17T07:18:49.464+0000] {logging_mixin.py:190} INFO - [2026-01-17T07:18:49.464+0000] {dag.py:4180} INFO - Setting next_dagrun for tg_store_users to None, run_after=None
[2026-01-17T07:18:49.525+0000] {processor.py:208} INFO - Processing /opt/airflow/dags/tg_store_users.py took 1.032 seconds
[2026-01-17T07:19:19.617+0000] {processor.py:186} INFO - Started process (PID=13298) to work on /opt/airflow/dags/tg_store_users.py
[2026-01-17T07:19:19.619+0000] {processor.py:914} INFO - Processing file /opt/airflow/dags/tg_store_users.py for tasks to queue
[2026-01-17T07:19:19.621+0000] {logging_mixin.py:190} INFO - [2026-01-17T07:19:19.620+0000] {dagbag.py:588} INFO - Filling up the DagBag from /opt/airflow/dags/tg_store_users.py
[2026-01-17T07:19:20.265+0000] {processor.py:925} INFO - DAG(s) 'tg_store_users' retrieved from /opt/airflow/dags/tg_store_users.py
[2026-01-17T07:19:20.668+0000] {logging_mixin.py:190} INFO - [2026-01-17T07:19:20.667+0000] {dag.py:3239} INFO - Sync 1 DAGs
[2026-01-17T07:19:20.711+0000] {logging_mixin.py:190} INFO - [2026-01-17T07:19:20.710+0000] {dag.py:4180} INFO - Setting next_dagrun for tg_store_users to None, run_after=None
[2026-01-17T07:19:20.767+0000] {processor.py:208} INFO - Processing /opt/airflow/dags/tg_store_users.py took 1.164 seconds
[2026-01-17T07:19:51.260+0000] {processor.py:186} INFO - Started process (PID=13322) to work on /opt/airflow/dags/tg_store_users.py
[2026-01-17T07:19:51.263+0000] {processor.py:914} INFO - Processing file /opt/airflow/dags/tg_store_users.py for tasks to queue
[2026-01-17T07:19:51.267+0000] {logging_mixin.py:190} INFO - [2026-01-17T07:19:51.265+0000] {dagbag.py:588} INFO - Filling up the DagBag from /opt/airflow/dags/tg_store_users.py
[2026-01-17T07:19:52.511+0000] {processor.py:925} INFO - DAG(s) 'tg_store_users' retrieved from /opt/airflow/dags/tg_store_users.py
[2026-01-17T07:19:52.574+0000] {logging_mixin.py:190} INFO - [2026-01-17T07:19:52.573+0000] {dag.py:3239} INFO - Sync 1 DAGs
[2026-01-17T07:19:52.628+0000] {logging_mixin.py:190} INFO - [2026-01-17T07:19:52.627+0000] {dag.py:4180} INFO - Setting next_dagrun for tg_store_users to None, run_after=None
[2026-01-17T07:19:52.685+0000] {processor.py:208} INFO - Processing /opt/airflow/dags/tg_store_users.py took 1.440 seconds
[2026-01-17T07:20:23.648+0000] {processor.py:186} INFO - Started process (PID=13346) to work on /opt/airflow/dags/tg_store_users.py
[2026-01-17T07:20:23.651+0000] {processor.py:914} INFO - Processing file /opt/airflow/dags/tg_store_users.py for tasks to queue
[2026-01-17T07:20:23.654+0000] {logging_mixin.py:190} INFO - [2026-01-17T07:20:23.653+0000] {dagbag.py:588} INFO - Filling up the DagBag from /opt/airflow/dags/tg_store_users.py
[2026-01-17T07:20:25.004+0000] {processor.py:925} INFO - DAG(s) 'tg_store_users' retrieved from /opt/airflow/dags/tg_store_users.py
[2026-01-17T07:20:25.065+0000] {logging_mixin.py:190} INFO - [2026-01-17T07:20:25.064+0000] {dag.py:3239} INFO - Sync 1 DAGs
[2026-01-17T07:20:25.141+0000] {logging_mixin.py:190} INFO - [2026-01-17T07:20:25.140+0000] {dag.py:4180} INFO - Setting next_dagrun for tg_store_users to None, run_after=None
[2026-01-17T07:20:25.196+0000] {processor.py:208} INFO - Processing /opt/airflow/dags/tg_store_users.py took 1.578 seconds
[2026-01-17T07:20:55.569+0000] {processor.py:186} INFO - Started process (PID=13370) to work on /opt/airflow/dags/tg_store_users.py
[2026-01-17T07:20:55.571+0000] {processor.py:914} INFO - Processing file /opt/airflow/dags/tg_store_users.py for tasks to queue
[2026-01-17T07:20:55.573+0000] {logging_mixin.py:190} INFO - [2026-01-17T07:20:55.572+0000] {dagbag.py:588} INFO - Filling up the DagBag from /opt/airflow/dags/tg_store_users.py
[2026-01-17T07:20:55.967+0000] {processor.py:925} INFO - DAG(s) 'tg_store_users' retrieved from /opt/airflow/dags/tg_store_users.py
[2026-01-17T07:20:56.000+0000] {logging_mixin.py:190} INFO - [2026-01-17T07:20:55.999+0000] {dag.py:3239} INFO - Sync 1 DAGs
[2026-01-17T07:20:56.312+0000] {logging_mixin.py:190} INFO - [2026-01-17T07:20:56.311+0000] {dag.py:4180} INFO - Setting next_dagrun for tg_store_users to None, run_after=None
[2026-01-17T07:20:56.354+0000] {processor.py:208} INFO - Processing /opt/airflow/dags/tg_store_users.py took 0.795 seconds
[2026-01-17T07:21:27.007+0000] {processor.py:186} INFO - Started process (PID=13394) to work on /opt/airflow/dags/tg_store_users.py
[2026-01-17T07:21:27.009+0000] {processor.py:914} INFO - Processing file /opt/airflow/dags/tg_store_users.py for tasks to queue
[2026-01-17T07:21:27.010+0000] {logging_mixin.py:190} INFO - [2026-01-17T07:21:27.010+0000] {dagbag.py:588} INFO - Filling up the DagBag from /opt/airflow/dags/tg_store_users.py
[2026-01-17T07:21:27.397+0000] {processor.py:925} INFO - DAG(s) 'tg_store_users' retrieved from /opt/airflow/dags/tg_store_users.py
[2026-01-17T07:21:27.715+0000] {logging_mixin.py:190} INFO - [2026-01-17T07:21:27.714+0000] {dag.py:3239} INFO - Sync 1 DAGs
[2026-01-17T07:21:27.761+0000] {logging_mixin.py:190} INFO - [2026-01-17T07:21:27.761+0000] {dag.py:4180} INFO - Setting next_dagrun for tg_store_users to None, run_after=None
[2026-01-17T07:21:27.797+0000] {processor.py:208} INFO - Processing /opt/airflow/dags/tg_store_users.py took 0.800 seconds
[2026-01-17T07:21:58.273+0000] {processor.py:186} INFO - Started process (PID=13418) to work on /opt/airflow/dags/tg_store_users.py
[2026-01-17T07:21:58.275+0000] {processor.py:914} INFO - Processing file /opt/airflow/dags/tg_store_users.py for tasks to queue
[2026-01-17T07:21:58.276+0000] {logging_mixin.py:190} INFO - [2026-01-17T07:21:58.276+0000] {dagbag.py:588} INFO - Filling up the DagBag from /opt/airflow/dags/tg_store_users.py
[2026-01-17T07:21:59.079+0000] {processor.py:925} INFO - DAG(s) 'tg_store_users' retrieved from /opt/airflow/dags/tg_store_users.py
[2026-01-17T07:21:59.126+0000] {logging_mixin.py:190} INFO - [2026-01-17T07:21:59.125+0000] {dag.py:3239} INFO - Sync 1 DAGs
[2026-01-17T07:21:59.158+0000] {logging_mixin.py:190} INFO - [2026-01-17T07:21:59.158+0000] {dag.py:4180} INFO - Setting next_dagrun for tg_store_users to None, run_after=None
[2026-01-17T07:21:59.220+0000] {processor.py:208} INFO - Processing /opt/airflow/dags/tg_store_users.py took 0.955 seconds
[2026-01-17T07:22:30.197+0000] {processor.py:186} INFO - Started process (PID=13442) to work on /opt/airflow/dags/tg_store_users.py
[2026-01-17T07:22:30.199+0000] {processor.py:914} INFO - Processing file /opt/airflow/dags/tg_store_users.py for tasks to queue
[2026-01-17T07:22:30.202+0000] {logging_mixin.py:190} INFO - [2026-01-17T07:22:30.202+0000] {dagbag.py:588} INFO - Filling up the DagBag from /opt/airflow/dags/tg_store_users.py
[2026-01-17T07:22:31.940+0000] {processor.py:925} INFO - DAG(s) 'tg_store_users' retrieved from /opt/airflow/dags/tg_store_users.py
[2026-01-17T07:22:32.055+0000] {logging_mixin.py:190} INFO - [2026-01-17T07:22:32.054+0000] {dag.py:3239} INFO - Sync 1 DAGs
[2026-01-17T07:22:32.155+0000] {logging_mixin.py:190} INFO - [2026-01-17T07:22:32.155+0000] {dag.py:4180} INFO - Setting next_dagrun for tg_store_users to None, run_after=None
[2026-01-17T07:22:32.233+0000] {processor.py:208} INFO - Processing /opt/airflow/dags/tg_store_users.py took 2.055 seconds
[2026-01-17T07:23:03.207+0000] {processor.py:186} INFO - Started process (PID=13466) to work on /opt/airflow/dags/tg_store_users.py
[2026-01-17T07:23:03.209+0000] {processor.py:914} INFO - Processing file /opt/airflow/dags/tg_store_users.py for tasks to queue
[2026-01-17T07:23:03.213+0000] {logging_mixin.py:190} INFO - [2026-01-17T07:23:03.212+0000] {dagbag.py:588} INFO - Filling up the DagBag from /opt/airflow/dags/tg_store_users.py
[2026-01-17T07:23:03.763+0000] {processor.py:925} INFO - DAG(s) 'tg_store_users' retrieved from /opt/airflow/dags/tg_store_users.py
[2026-01-17T07:23:03.812+0000] {logging_mixin.py:190} INFO - [2026-01-17T07:23:03.811+0000] {dag.py:3239} INFO - Sync 1 DAGs
[2026-01-17T07:23:04.168+0000] {logging_mixin.py:190} INFO - [2026-01-17T07:23:04.168+0000] {dag.py:4180} INFO - Setting next_dagrun for tg_store_users to None, run_after=None
[2026-01-17T07:23:04.215+0000] {processor.py:208} INFO - Processing /opt/airflow/dags/tg_store_users.py took 1.030 seconds
[2026-01-17T07:23:35.296+0000] {processor.py:186} INFO - Started process (PID=13490) to work on /opt/airflow/dags/tg_store_users.py
[2026-01-17T07:23:35.298+0000] {processor.py:914} INFO - Processing file /opt/airflow/dags/tg_store_users.py for tasks to queue
[2026-01-17T07:23:35.302+0000] {logging_mixin.py:190} INFO - [2026-01-17T07:23:35.301+0000] {dagbag.py:588} INFO - Filling up the DagBag from /opt/airflow/dags/tg_store_users.py
[2026-01-17T07:23:36.352+0000] {processor.py:925} INFO - DAG(s) 'tg_store_users' retrieved from /opt/airflow/dags/tg_store_users.py
[2026-01-17T07:23:36.905+0000] {logging_mixin.py:190} INFO - [2026-01-17T07:23:36.904+0000] {dag.py:3239} INFO - Sync 1 DAGs
[2026-01-17T07:23:36.988+0000] {logging_mixin.py:190} INFO - [2026-01-17T07:23:36.987+0000] {dag.py:4180} INFO - Setting next_dagrun for tg_store_users to None, run_after=None
[2026-01-17T07:23:37.101+0000] {processor.py:208} INFO - Processing /opt/airflow/dags/tg_store_users.py took 1.825 seconds
[2026-01-17T07:24:08.015+0000] {processor.py:186} INFO - Started process (PID=13515) to work on /opt/airflow/dags/tg_store_users.py
[2026-01-17T07:24:08.015+0000] {processor.py:914} INFO - Processing file /opt/airflow/dags/tg_store_users.py for tasks to queue
[2026-01-17T07:24:08.017+0000] {logging_mixin.py:190} INFO - [2026-01-17T07:24:08.016+0000] {dagbag.py:588} INFO - Filling up the DagBag from /opt/airflow/dags/tg_store_users.py
[2026-01-17T07:24:08.679+0000] {processor.py:925} INFO - DAG(s) 'tg_store_users' retrieved from /opt/airflow/dags/tg_store_users.py
[2026-01-17T07:24:08.720+0000] {logging_mixin.py:190} INFO - [2026-01-17T07:24:08.719+0000] {dag.py:3239} INFO - Sync 1 DAGs
[2026-01-17T07:24:08.748+0000] {logging_mixin.py:190} INFO - [2026-01-17T07:24:08.747+0000] {dag.py:4180} INFO - Setting next_dagrun for tg_store_users to None, run_after=None
[2026-01-17T07:24:08.788+0000] {processor.py:208} INFO - Processing /opt/airflow/dags/tg_store_users.py took 0.784 seconds
[2026-01-17T07:24:39.289+0000] {processor.py:186} INFO - Started process (PID=13539) to work on /opt/airflow/dags/tg_store_users.py
[2026-01-17T07:24:39.290+0000] {processor.py:914} INFO - Processing file /opt/airflow/dags/tg_store_users.py for tasks to queue
[2026-01-17T07:24:39.294+0000] {logging_mixin.py:190} INFO - [2026-01-17T07:24:39.292+0000] {dagbag.py:588} INFO - Filling up the DagBag from /opt/airflow/dags/tg_store_users.py
[2026-01-17T07:24:40.116+0000] {processor.py:925} INFO - DAG(s) 'tg_store_users' retrieved from /opt/airflow/dags/tg_store_users.py
[2026-01-17T07:24:40.161+0000] {logging_mixin.py:190} INFO - [2026-01-17T07:24:40.159+0000] {dag.py:3239} INFO - Sync 1 DAGs
[2026-01-17T07:24:40.200+0000] {logging_mixin.py:190} INFO - [2026-01-17T07:24:40.199+0000] {dag.py:4180} INFO - Setting next_dagrun for tg_store_users to None, run_after=None
[2026-01-17T07:24:40.238+0000] {processor.py:208} INFO - Processing /opt/airflow/dags/tg_store_users.py took 0.961 seconds
[2026-01-17T07:25:10.367+0000] {processor.py:186} INFO - Started process (PID=13562) to work on /opt/airflow/dags/tg_store_users.py
[2026-01-17T07:25:10.371+0000] {processor.py:914} INFO - Processing file /opt/airflow/dags/tg_store_users.py for tasks to queue
[2026-01-17T07:25:10.374+0000] {logging_mixin.py:190} INFO - [2026-01-17T07:25:10.373+0000] {dagbag.py:588} INFO - Filling up the DagBag from /opt/airflow/dags/tg_store_users.py
[2026-01-17T07:25:10.898+0000] {processor.py:925} INFO - DAG(s) 'tg_store_users' retrieved from /opt/airflow/dags/tg_store_users.py
[2026-01-17T07:25:10.936+0000] {logging_mixin.py:190} INFO - [2026-01-17T07:25:10.936+0000] {dag.py:3239} INFO - Sync 1 DAGs
[2026-01-17T07:25:11.243+0000] {logging_mixin.py:190} INFO - [2026-01-17T07:25:11.243+0000] {dag.py:4180} INFO - Setting next_dagrun for tg_store_users to None, run_after=None
[2026-01-17T07:25:11.282+0000] {processor.py:208} INFO - Processing /opt/airflow/dags/tg_store_users.py took 0.944 seconds
[2026-01-17T07:25:42.228+0000] {processor.py:186} INFO - Started process (PID=13594) to work on /opt/airflow/dags/tg_store_users.py
[2026-01-17T07:25:42.230+0000] {processor.py:914} INFO - Processing file /opt/airflow/dags/tg_store_users.py for tasks to queue
[2026-01-17T07:25:42.232+0000] {logging_mixin.py:190} INFO - [2026-01-17T07:25:42.231+0000] {dagbag.py:588} INFO - Filling up the DagBag from /opt/airflow/dags/tg_store_users.py
[2026-01-17T07:25:42.672+0000] {processor.py:925} INFO - DAG(s) 'tg_store_users' retrieved from /opt/airflow/dags/tg_store_users.py
[2026-01-17T07:25:42.989+0000] {logging_mixin.py:190} INFO - [2026-01-17T07:25:42.988+0000] {dag.py:3239} INFO - Sync 1 DAGs
[2026-01-17T07:25:43.021+0000] {logging_mixin.py:190} INFO - [2026-01-17T07:25:43.021+0000] {dag.py:4180} INFO - Setting next_dagrun for tg_store_users to None, run_after=None
[2026-01-17T07:25:43.051+0000] {processor.py:208} INFO - Processing /opt/airflow/dags/tg_store_users.py took 0.833 seconds
[2026-01-17T07:26:13.332+0000] {processor.py:186} INFO - Started process (PID=13617) to work on /opt/airflow/dags/tg_store_users.py
[2026-01-17T07:26:13.334+0000] {processor.py:914} INFO - Processing file /opt/airflow/dags/tg_store_users.py for tasks to queue
[2026-01-17T07:26:13.336+0000] {logging_mixin.py:190} INFO - [2026-01-17T07:26:13.336+0000] {dagbag.py:588} INFO - Filling up the DagBag from /opt/airflow/dags/tg_store_users.py
[2026-01-17T07:26:14.015+0000] {processor.py:925} INFO - DAG(s) 'tg_store_users' retrieved from /opt/airflow/dags/tg_store_users.py
[2026-01-17T07:26:14.049+0000] {logging_mixin.py:190} INFO - [2026-01-17T07:26:14.048+0000] {dag.py:3239} INFO - Sync 1 DAGs
[2026-01-17T07:26:14.078+0000] {logging_mixin.py:190} INFO - [2026-01-17T07:26:14.078+0000] {dag.py:4180} INFO - Setting next_dagrun for tg_store_users to None, run_after=None
[2026-01-17T07:26:14.118+0000] {processor.py:208} INFO - Processing /opt/airflow/dags/tg_store_users.py took 0.799 seconds
[2026-01-17T07:26:44.621+0000] {processor.py:186} INFO - Started process (PID=13641) to work on /opt/airflow/dags/tg_store_users.py
[2026-01-17T07:26:44.622+0000] {processor.py:914} INFO - Processing file /opt/airflow/dags/tg_store_users.py for tasks to queue
[2026-01-17T07:26:44.624+0000] {logging_mixin.py:190} INFO - [2026-01-17T07:26:44.624+0000] {dagbag.py:588} INFO - Filling up the DagBag from /opt/airflow/dags/tg_store_users.py
[2026-01-17T07:26:45.270+0000] {processor.py:925} INFO - DAG(s) 'tg_store_users' retrieved from /opt/airflow/dags/tg_store_users.py
[2026-01-17T07:26:45.305+0000] {logging_mixin.py:190} INFO - [2026-01-17T07:26:45.305+0000] {dag.py:3239} INFO - Sync 1 DAGs
[2026-01-17T07:26:45.334+0000] {logging_mixin.py:190} INFO - [2026-01-17T07:26:45.334+0000] {dag.py:4180} INFO - Setting next_dagrun for tg_store_users to None, run_after=None
[2026-01-17T07:26:45.359+0000] {processor.py:208} INFO - Processing /opt/airflow/dags/tg_store_users.py took 0.746 seconds
[2026-01-17T07:27:15.996+0000] {processor.py:186} INFO - Started process (PID=13665) to work on /opt/airflow/dags/tg_store_users.py
[2026-01-17T07:27:15.997+0000] {processor.py:914} INFO - Processing file /opt/airflow/dags/tg_store_users.py for tasks to queue
[2026-01-17T07:27:15.999+0000] {logging_mixin.py:190} INFO - [2026-01-17T07:27:15.998+0000] {dagbag.py:588} INFO - Filling up the DagBag from /opt/airflow/dags/tg_store_users.py
[2026-01-17T07:27:16.399+0000] {processor.py:925} INFO - DAG(s) 'tg_store_users' retrieved from /opt/airflow/dags/tg_store_users.py
[2026-01-17T07:27:16.438+0000] {logging_mixin.py:190} INFO - [2026-01-17T07:27:16.437+0000] {dag.py:3239} INFO - Sync 1 DAGs
[2026-01-17T07:27:16.753+0000] {logging_mixin.py:190} INFO - [2026-01-17T07:27:16.753+0000] {dag.py:4180} INFO - Setting next_dagrun for tg_store_users to None, run_after=None
[2026-01-17T07:27:16.796+0000] {processor.py:208} INFO - Processing /opt/airflow/dags/tg_store_users.py took 0.809 seconds
[2026-01-17T07:27:47.448+0000] {processor.py:186} INFO - Started process (PID=13689) to work on /opt/airflow/dags/tg_store_users.py
[2026-01-17T07:27:47.450+0000] {processor.py:914} INFO - Processing file /opt/airflow/dags/tg_store_users.py for tasks to queue
[2026-01-17T07:27:47.452+0000] {logging_mixin.py:190} INFO - [2026-01-17T07:27:47.451+0000] {dagbag.py:588} INFO - Filling up the DagBag from /opt/airflow/dags/tg_store_users.py
[2026-01-17T07:27:47.897+0000] {processor.py:925} INFO - DAG(s) 'tg_store_users' retrieved from /opt/airflow/dags/tg_store_users.py
[2026-01-17T07:27:48.280+0000] {logging_mixin.py:190} INFO - [2026-01-17T07:27:48.279+0000] {dag.py:3239} INFO - Sync 1 DAGs
[2026-01-17T07:27:48.313+0000] {logging_mixin.py:190} INFO - [2026-01-17T07:27:48.312+0000] {dag.py:4180} INFO - Setting next_dagrun for tg_store_users to None, run_after=None
[2026-01-17T07:27:48.348+0000] {processor.py:208} INFO - Processing /opt/airflow/dags/tg_store_users.py took 0.915 seconds
[2026-01-17T07:28:18.448+0000] {processor.py:186} INFO - Started process (PID=13713) to work on /opt/airflow/dags/tg_store_users.py
[2026-01-17T07:28:18.449+0000] {processor.py:914} INFO - Processing file /opt/airflow/dags/tg_store_users.py for tasks to queue
[2026-01-17T07:28:18.451+0000] {logging_mixin.py:190} INFO - [2026-01-17T07:28:18.450+0000] {dagbag.py:588} INFO - Filling up the DagBag from /opt/airflow/dags/tg_store_users.py
[2026-01-17T07:28:19.213+0000] {processor.py:925} INFO - DAG(s) 'tg_store_users' retrieved from /opt/airflow/dags/tg_store_users.py
[2026-01-17T07:28:19.245+0000] {logging_mixin.py:190} INFO - [2026-01-17T07:28:19.244+0000] {dag.py:3239} INFO - Sync 1 DAGs
[2026-01-17T07:28:19.270+0000] {logging_mixin.py:190} INFO - [2026-01-17T07:28:19.270+0000] {dag.py:4180} INFO - Setting next_dagrun for tg_store_users to None, run_after=None
[2026-01-17T07:28:19.299+0000] {processor.py:208} INFO - Processing /opt/airflow/dags/tg_store_users.py took 0.861 seconds
[2026-01-17T07:28:49.603+0000] {processor.py:186} INFO - Started process (PID=13737) to work on /opt/airflow/dags/tg_store_users.py
[2026-01-17T07:28:49.605+0000] {processor.py:914} INFO - Processing file /opt/airflow/dags/tg_store_users.py for tasks to queue
[2026-01-17T07:28:49.608+0000] {logging_mixin.py:190} INFO - [2026-01-17T07:28:49.608+0000] {dagbag.py:588} INFO - Filling up the DagBag from /opt/airflow/dags/tg_store_users.py
[2026-01-17T07:28:50.633+0000] {processor.py:925} INFO - DAG(s) 'tg_store_users' retrieved from /opt/airflow/dags/tg_store_users.py
[2026-01-17T07:28:50.678+0000] {logging_mixin.py:190} INFO - [2026-01-17T07:28:50.677+0000] {dag.py:3239} INFO - Sync 1 DAGs
[2026-01-17T07:28:50.736+0000] {logging_mixin.py:190} INFO - [2026-01-17T07:28:50.735+0000] {dag.py:4180} INFO - Setting next_dagrun for tg_store_users to None, run_after=None
[2026-01-17T07:28:50.794+0000] {processor.py:208} INFO - Processing /opt/airflow/dags/tg_store_users.py took 1.209 seconds
[2026-01-17T07:29:21.096+0000] {processor.py:186} INFO - Started process (PID=13762) to work on /opt/airflow/dags/tg_store_users.py
[2026-01-17T07:29:21.100+0000] {processor.py:914} INFO - Processing file /opt/airflow/dags/tg_store_users.py for tasks to queue
[2026-01-17T07:29:21.103+0000] {logging_mixin.py:190} INFO - [2026-01-17T07:29:21.102+0000] {dagbag.py:588} INFO - Filling up the DagBag from /opt/airflow/dags/tg_store_users.py
[2026-01-17T07:29:22.130+0000] {processor.py:925} INFO - DAG(s) 'tg_store_users' retrieved from /opt/airflow/dags/tg_store_users.py
[2026-01-17T07:29:22.675+0000] {logging_mixin.py:190} INFO - [2026-01-17T07:29:22.673+0000] {dag.py:3239} INFO - Sync 1 DAGs
[2026-01-17T07:29:22.742+0000] {logging_mixin.py:190} INFO - [2026-01-17T07:29:22.742+0000] {dag.py:4180} INFO - Setting next_dagrun for tg_store_users to None, run_after=None
[2026-01-17T07:29:22.821+0000] {processor.py:208} INFO - Processing /opt/airflow/dags/tg_store_users.py took 1.750 seconds
[2026-01-17T07:29:53.476+0000] {processor.py:186} INFO - Started process (PID=13787) to work on /opt/airflow/dags/tg_store_users.py
[2026-01-17T07:29:53.478+0000] {processor.py:914} INFO - Processing file /opt/airflow/dags/tg_store_users.py for tasks to queue
[2026-01-17T07:29:53.481+0000] {logging_mixin.py:190} INFO - [2026-01-17T07:29:53.480+0000] {dagbag.py:588} INFO - Filling up the DagBag from /opt/airflow/dags/tg_store_users.py
[2026-01-17T07:29:54.349+0000] {processor.py:925} INFO - DAG(s) 'tg_store_users' retrieved from /opt/airflow/dags/tg_store_users.py
[2026-01-17T07:29:54.403+0000] {logging_mixin.py:190} INFO - [2026-01-17T07:29:54.401+0000] {dag.py:3239} INFO - Sync 1 DAGs
[2026-01-17T07:29:54.445+0000] {logging_mixin.py:190} INFO - [2026-01-17T07:29:54.445+0000] {dag.py:4180} INFO - Setting next_dagrun for tg_store_users to None, run_after=None
[2026-01-17T07:29:54.490+0000] {processor.py:208} INFO - Processing /opt/airflow/dags/tg_store_users.py took 1.032 seconds
[2026-01-17T07:30:25.018+0000] {processor.py:186} INFO - Started process (PID=13811) to work on /opt/airflow/dags/tg_store_users.py
[2026-01-17T07:30:25.020+0000] {processor.py:914} INFO - Processing file /opt/airflow/dags/tg_store_users.py for tasks to queue
[2026-01-17T07:30:25.023+0000] {logging_mixin.py:190} INFO - [2026-01-17T07:30:25.022+0000] {dagbag.py:588} INFO - Filling up the DagBag from /opt/airflow/dags/tg_store_users.py
[2026-01-17T07:30:25.927+0000] {processor.py:925} INFO - DAG(s) 'tg_store_users' retrieved from /opt/airflow/dags/tg_store_users.py
[2026-01-17T07:30:25.965+0000] {logging_mixin.py:190} INFO - [2026-01-17T07:30:25.964+0000] {dag.py:3239} INFO - Sync 1 DAGs
[2026-01-17T07:30:25.998+0000] {logging_mixin.py:190} INFO - [2026-01-17T07:30:25.998+0000] {dag.py:4180} INFO - Setting next_dagrun for tg_store_users to None, run_after=None
[2026-01-17T07:30:26.044+0000] {processor.py:208} INFO - Processing /opt/airflow/dags/tg_store_users.py took 1.038 seconds
[2026-01-17T07:30:56.317+0000] {processor.py:186} INFO - Started process (PID=13836) to work on /opt/airflow/dags/tg_store_users.py
[2026-01-17T07:30:56.319+0000] {processor.py:914} INFO - Processing file /opt/airflow/dags/tg_store_users.py for tasks to queue
[2026-01-17T07:30:56.322+0000] {logging_mixin.py:190} INFO - [2026-01-17T07:30:56.321+0000] {dagbag.py:588} INFO - Filling up the DagBag from /opt/airflow/dags/tg_store_users.py
[2026-01-17T07:30:57.171+0000] {processor.py:925} INFO - DAG(s) 'tg_store_users' retrieved from /opt/airflow/dags/tg_store_users.py
[2026-01-17T07:30:57.212+0000] {logging_mixin.py:190} INFO - [2026-01-17T07:30:57.211+0000] {dag.py:3239} INFO - Sync 1 DAGs
[2026-01-17T07:30:57.253+0000] {logging_mixin.py:190} INFO - [2026-01-17T07:30:57.253+0000] {dag.py:4180} INFO - Setting next_dagrun for tg_store_users to None, run_after=None
[2026-01-17T07:30:57.305+0000] {processor.py:208} INFO - Processing /opt/airflow/dags/tg_store_users.py took 1.006 seconds
[2026-01-17T07:31:27.580+0000] {processor.py:186} INFO - Started process (PID=13860) to work on /opt/airflow/dags/tg_store_users.py
[2026-01-17T07:31:27.582+0000] {processor.py:914} INFO - Processing file /opt/airflow/dags/tg_store_users.py for tasks to queue
[2026-01-17T07:31:27.585+0000] {logging_mixin.py:190} INFO - [2026-01-17T07:31:27.584+0000] {dagbag.py:588} INFO - Filling up the DagBag from /opt/airflow/dags/tg_store_users.py
[2026-01-17T07:31:28.379+0000] {processor.py:925} INFO - DAG(s) 'tg_store_users' retrieved from /opt/airflow/dags/tg_store_users.py
[2026-01-17T07:31:28.415+0000] {logging_mixin.py:190} INFO - [2026-01-17T07:31:28.414+0000] {dag.py:3239} INFO - Sync 1 DAGs
[2026-01-17T07:31:28.448+0000] {logging_mixin.py:190} INFO - [2026-01-17T07:31:28.448+0000] {dag.py:4180} INFO - Setting next_dagrun for tg_store_users to None, run_after=None
[2026-01-17T07:31:28.496+0000] {processor.py:208} INFO - Processing /opt/airflow/dags/tg_store_users.py took 0.937 seconds
[2026-01-17T07:31:58.660+0000] {processor.py:186} INFO - Started process (PID=13884) to work on /opt/airflow/dags/tg_store_users.py
[2026-01-17T07:31:58.663+0000] {processor.py:914} INFO - Processing file /opt/airflow/dags/tg_store_users.py for tasks to queue
[2026-01-17T07:31:58.667+0000] {logging_mixin.py:190} INFO - [2026-01-17T07:31:58.666+0000] {dagbag.py:588} INFO - Filling up the DagBag from /opt/airflow/dags/tg_store_users.py
[2026-01-17T07:31:59.718+0000] {processor.py:925} INFO - DAG(s) 'tg_store_users' retrieved from /opt/airflow/dags/tg_store_users.py
[2026-01-17T07:31:59.768+0000] {logging_mixin.py:190} INFO - [2026-01-17T07:31:59.767+0000] {dag.py:3239} INFO - Sync 1 DAGs
[2026-01-17T07:31:59.808+0000] {logging_mixin.py:190} INFO - [2026-01-17T07:31:59.808+0000] {dag.py:4180} INFO - Setting next_dagrun for tg_store_users to None, run_after=None
[2026-01-17T07:31:59.859+0000] {processor.py:208} INFO - Processing /opt/airflow/dags/tg_store_users.py took 1.217 seconds
[2026-01-17T07:32:30.425+0000] {processor.py:186} INFO - Started process (PID=13909) to work on /opt/airflow/dags/tg_store_users.py
[2026-01-17T07:32:30.427+0000] {processor.py:914} INFO - Processing file /opt/airflow/dags/tg_store_users.py for tasks to queue
[2026-01-17T07:32:30.432+0000] {logging_mixin.py:190} INFO - [2026-01-17T07:32:30.431+0000] {dagbag.py:588} INFO - Filling up the DagBag from /opt/airflow/dags/tg_store_users.py
[2026-01-17T07:32:31.612+0000] {processor.py:925} INFO - DAG(s) 'tg_store_users' retrieved from /opt/airflow/dags/tg_store_users.py
[2026-01-17T07:32:31.659+0000] {logging_mixin.py:190} INFO - [2026-01-17T07:32:31.658+0000] {dag.py:3239} INFO - Sync 1 DAGs
[2026-01-17T07:32:31.703+0000] {logging_mixin.py:190} INFO - [2026-01-17T07:32:31.702+0000] {dag.py:4180} INFO - Setting next_dagrun for tg_store_users to None, run_after=None
[2026-01-17T07:32:31.751+0000] {processor.py:208} INFO - Processing /opt/airflow/dags/tg_store_users.py took 1.342 seconds
[2026-01-17T07:33:02.442+0000] {processor.py:186} INFO - Started process (PID=13933) to work on /opt/airflow/dags/tg_store_users.py
[2026-01-17T07:33:02.444+0000] {processor.py:914} INFO - Processing file /opt/airflow/dags/tg_store_users.py for tasks to queue
[2026-01-17T07:33:02.446+0000] {logging_mixin.py:190} INFO - [2026-01-17T07:33:02.445+0000] {dagbag.py:588} INFO - Filling up the DagBag from /opt/airflow/dags/tg_store_users.py
[2026-01-17T07:33:03.139+0000] {processor.py:925} INFO - DAG(s) 'tg_store_users' retrieved from /opt/airflow/dags/tg_store_users.py
[2026-01-17T07:33:03.168+0000] {logging_mixin.py:190} INFO - [2026-01-17T07:33:03.168+0000] {dag.py:3239} INFO - Sync 1 DAGs
[2026-01-17T07:33:03.197+0000] {logging_mixin.py:190} INFO - [2026-01-17T07:33:03.196+0000] {dag.py:4180} INFO - Setting next_dagrun for tg_store_users to None, run_after=None
[2026-01-17T07:33:03.230+0000] {processor.py:208} INFO - Processing /opt/airflow/dags/tg_store_users.py took 0.800 seconds
[2026-01-17T07:33:34.186+0000] {processor.py:186} INFO - Started process (PID=13957) to work on /opt/airflow/dags/tg_store_users.py
[2026-01-17T07:33:34.190+0000] {processor.py:914} INFO - Processing file /opt/airflow/dags/tg_store_users.py for tasks to queue
[2026-01-17T07:33:34.193+0000] {logging_mixin.py:190} INFO - [2026-01-17T07:33:34.192+0000] {dagbag.py:588} INFO - Filling up the DagBag from /opt/airflow/dags/tg_store_users.py
[2026-01-17T07:33:35.331+0000] {processor.py:925} INFO - DAG(s) 'tg_store_users' retrieved from /opt/airflow/dags/tg_store_users.py
[2026-01-17T07:33:35.377+0000] {logging_mixin.py:190} INFO - [2026-01-17T07:33:35.376+0000] {dag.py:3239} INFO - Sync 1 DAGs
[2026-01-17T07:33:35.429+0000] {logging_mixin.py:190} INFO - [2026-01-17T07:33:35.429+0000] {dag.py:4180} INFO - Setting next_dagrun for tg_store_users to None, run_after=None
[2026-01-17T07:33:35.519+0000] {processor.py:208} INFO - Processing /opt/airflow/dags/tg_store_users.py took 1.351 seconds
[2026-01-17T07:34:05.747+0000] {processor.py:186} INFO - Started process (PID=13981) to work on /opt/airflow/dags/tg_store_users.py
[2026-01-17T07:34:05.748+0000] {processor.py:914} INFO - Processing file /opt/airflow/dags/tg_store_users.py for tasks to queue
[2026-01-17T07:34:05.751+0000] {logging_mixin.py:190} INFO - [2026-01-17T07:34:05.750+0000] {dagbag.py:588} INFO - Filling up the DagBag from /opt/airflow/dags/tg_store_users.py
[2026-01-17T07:34:06.466+0000] {processor.py:925} INFO - DAG(s) 'tg_store_users' retrieved from /opt/airflow/dags/tg_store_users.py
[2026-01-17T07:34:06.848+0000] {logging_mixin.py:190} INFO - [2026-01-17T07:34:06.847+0000] {dag.py:3239} INFO - Sync 1 DAGs
[2026-01-17T07:34:06.923+0000] {logging_mixin.py:190} INFO - [2026-01-17T07:34:06.922+0000] {dag.py:4180} INFO - Setting next_dagrun for tg_store_users to None, run_after=None
[2026-01-17T07:34:07.005+0000] {processor.py:208} INFO - Processing /opt/airflow/dags/tg_store_users.py took 1.273 seconds
[2026-01-17T07:34:37.607+0000] {processor.py:186} INFO - Started process (PID=14005) to work on /opt/airflow/dags/tg_store_users.py
[2026-01-17T07:34:37.609+0000] {processor.py:914} INFO - Processing file /opt/airflow/dags/tg_store_users.py for tasks to queue
[2026-01-17T07:34:37.611+0000] {logging_mixin.py:190} INFO - [2026-01-17T07:34:37.611+0000] {dagbag.py:588} INFO - Filling up the DagBag from /opt/airflow/dags/tg_store_users.py
[2026-01-17T07:34:38.548+0000] {processor.py:925} INFO - DAG(s) 'tg_store_users' retrieved from /opt/airflow/dags/tg_store_users.py
[2026-01-17T07:34:38.613+0000] {logging_mixin.py:190} INFO - [2026-01-17T07:34:38.612+0000] {dag.py:3239} INFO - Sync 1 DAGs
[2026-01-17T07:34:38.649+0000] {logging_mixin.py:190} INFO - [2026-01-17T07:34:38.649+0000] {dag.py:4180} INFO - Setting next_dagrun for tg_store_users to None, run_after=None
[2026-01-17T07:34:38.693+0000] {processor.py:208} INFO - Processing /opt/airflow/dags/tg_store_users.py took 1.100 seconds
[2026-01-17T07:35:09.347+0000] {processor.py:186} INFO - Started process (PID=14030) to work on /opt/airflow/dags/tg_store_users.py
[2026-01-17T07:35:09.348+0000] {processor.py:914} INFO - Processing file /opt/airflow/dags/tg_store_users.py for tasks to queue
[2026-01-17T07:35:09.350+0000] {logging_mixin.py:190} INFO - [2026-01-17T07:35:09.349+0000] {dagbag.py:588} INFO - Filling up the DagBag from /opt/airflow/dags/tg_store_users.py
[2026-01-17T07:35:10.052+0000] {processor.py:925} INFO - DAG(s) 'tg_store_users' retrieved from /opt/airflow/dags/tg_store_users.py
[2026-01-17T07:35:10.085+0000] {logging_mixin.py:190} INFO - [2026-01-17T07:35:10.085+0000] {dag.py:3239} INFO - Sync 1 DAGs
[2026-01-17T07:35:10.117+0000] {logging_mixin.py:190} INFO - [2026-01-17T07:35:10.116+0000] {dag.py:4180} INFO - Setting next_dagrun for tg_store_users to None, run_after=None
[2026-01-17T07:35:10.149+0000] {processor.py:208} INFO - Processing /opt/airflow/dags/tg_store_users.py took 0.813 seconds
[2026-01-17T07:35:40.968+0000] {processor.py:186} INFO - Started process (PID=14054) to work on /opt/airflow/dags/tg_store_users.py
[2026-01-17T07:35:40.969+0000] {processor.py:914} INFO - Processing file /opt/airflow/dags/tg_store_users.py for tasks to queue
[2026-01-17T07:35:40.971+0000] {logging_mixin.py:190} INFO - [2026-01-17T07:35:40.970+0000] {dagbag.py:588} INFO - Filling up the DagBag from /opt/airflow/dags/tg_store_users.py
[2026-01-17T07:35:41.823+0000] {processor.py:925} INFO - DAG(s) 'tg_store_users' retrieved from /opt/airflow/dags/tg_store_users.py
[2026-01-17T07:35:41.863+0000] {logging_mixin.py:190} INFO - [2026-01-17T07:35:41.862+0000] {dag.py:3239} INFO - Sync 1 DAGs
[2026-01-17T07:35:41.903+0000] {logging_mixin.py:190} INFO - [2026-01-17T07:35:41.903+0000] {dag.py:4180} INFO - Setting next_dagrun for tg_store_users to None, run_after=None
[2026-01-17T07:35:41.952+0000] {processor.py:208} INFO - Processing /opt/airflow/dags/tg_store_users.py took 0.994 seconds
[2026-01-17T07:36:12.617+0000] {processor.py:186} INFO - Started process (PID=14078) to work on /opt/airflow/dags/tg_store_users.py
[2026-01-17T07:36:12.622+0000] {processor.py:914} INFO - Processing file /opt/airflow/dags/tg_store_users.py for tasks to queue
[2026-01-17T07:36:12.628+0000] {logging_mixin.py:190} INFO - [2026-01-17T07:36:12.626+0000] {dagbag.py:588} INFO - Filling up the DagBag from /opt/airflow/dags/tg_store_users.py
[2026-01-17T07:36:14.551+0000] {processor.py:925} INFO - DAG(s) 'tg_store_users' retrieved from /opt/airflow/dags/tg_store_users.py
[2026-01-17T07:36:14.631+0000] {logging_mixin.py:190} INFO - [2026-01-17T07:36:14.630+0000] {dag.py:3239} INFO - Sync 1 DAGs
[2026-01-17T07:36:14.719+0000] {logging_mixin.py:190} INFO - [2026-01-17T07:36:14.718+0000] {dag.py:4180} INFO - Setting next_dagrun for tg_store_users to None, run_after=None
[2026-01-17T07:36:14.956+0000] {processor.py:208} INFO - Processing /opt/airflow/dags/tg_store_users.py took 2.364 seconds
[2026-01-17T07:36:45.679+0000] {processor.py:186} INFO - Started process (PID=14107) to work on /opt/airflow/dags/tg_store_users.py
[2026-01-17T07:36:45.680+0000] {processor.py:914} INFO - Processing file /opt/airflow/dags/tg_store_users.py for tasks to queue
[2026-01-17T07:36:45.682+0000] {logging_mixin.py:190} INFO - [2026-01-17T07:36:45.681+0000] {dagbag.py:588} INFO - Filling up the DagBag from /opt/airflow/dags/tg_store_users.py
[2026-01-17T07:36:46.394+0000] {processor.py:925} INFO - DAG(s) 'tg_store_users' retrieved from /opt/airflow/dags/tg_store_users.py
[2026-01-17T07:36:46.427+0000] {logging_mixin.py:190} INFO - [2026-01-17T07:36:46.426+0000] {dag.py:3239} INFO - Sync 1 DAGs
[2026-01-17T07:36:46.455+0000] {logging_mixin.py:190} INFO - [2026-01-17T07:36:46.455+0000] {dag.py:4180} INFO - Setting next_dagrun for tg_store_users to None, run_after=None
[2026-01-17T07:36:46.498+0000] {processor.py:208} INFO - Processing /opt/airflow/dags/tg_store_users.py took 0.832 seconds
[2026-01-17T07:37:17.060+0000] {processor.py:186} INFO - Started process (PID=14131) to work on /opt/airflow/dags/tg_store_users.py
[2026-01-17T07:37:17.063+0000] {processor.py:914} INFO - Processing file /opt/airflow/dags/tg_store_users.py for tasks to queue
[2026-01-17T07:37:17.065+0000] {logging_mixin.py:190} INFO - [2026-01-17T07:37:17.065+0000] {dagbag.py:588} INFO - Filling up the DagBag from /opt/airflow/dags/tg_store_users.py
[2026-01-17T07:37:17.664+0000] {processor.py:925} INFO - DAG(s) 'tg_store_users' retrieved from /opt/airflow/dags/tg_store_users.py
[2026-01-17T07:37:17.691+0000] {logging_mixin.py:190} INFO - [2026-01-17T07:37:17.690+0000] {dag.py:3239} INFO - Sync 1 DAGs
[2026-01-17T07:37:17.713+0000] {logging_mixin.py:190} INFO - [2026-01-17T07:37:17.713+0000] {dag.py:4180} INFO - Setting next_dagrun for tg_store_users to None, run_after=None
[2026-01-17T07:37:17.742+0000] {processor.py:208} INFO - Processing /opt/airflow/dags/tg_store_users.py took 0.701 seconds
[2026-01-17T07:37:47.816+0000] {processor.py:186} INFO - Started process (PID=14157) to work on /opt/airflow/dags/tg_store_users.py
[2026-01-17T07:37:47.817+0000] {processor.py:914} INFO - Processing file /opt/airflow/dags/tg_store_users.py for tasks to queue
[2026-01-17T07:37:47.819+0000] {logging_mixin.py:190} INFO - [2026-01-17T07:37:47.819+0000] {dagbag.py:588} INFO - Filling up the DagBag from /opt/airflow/dags/tg_store_users.py
[2026-01-17T07:37:48.341+0000] {processor.py:925} INFO - DAG(s) 'tg_store_users' retrieved from /opt/airflow/dags/tg_store_users.py
[2026-01-17T07:37:48.370+0000] {logging_mixin.py:190} INFO - [2026-01-17T07:37:48.369+0000] {dag.py:3239} INFO - Sync 1 DAGs
[2026-01-17T07:37:48.393+0000] {logging_mixin.py:190} INFO - [2026-01-17T07:37:48.393+0000] {dag.py:4180} INFO - Setting next_dagrun for tg_store_users to None, run_after=None
[2026-01-17T07:37:48.427+0000] {processor.py:208} INFO - Processing /opt/airflow/dags/tg_store_users.py took 0.620 seconds
[2026-01-17T07:38:18.798+0000] {processor.py:186} INFO - Started process (PID=14179) to work on /opt/airflow/dags/tg_store_users.py
[2026-01-17T07:38:18.800+0000] {processor.py:914} INFO - Processing file /opt/airflow/dags/tg_store_users.py for tasks to queue
[2026-01-17T07:38:18.802+0000] {logging_mixin.py:190} INFO - [2026-01-17T07:38:18.802+0000] {dagbag.py:588} INFO - Filling up the DagBag from /opt/airflow/dags/tg_store_users.py
[2026-01-17T07:38:19.461+0000] {processor.py:925} INFO - DAG(s) 'tg_store_users' retrieved from /opt/airflow/dags/tg_store_users.py
[2026-01-17T07:38:19.491+0000] {logging_mixin.py:190} INFO - [2026-01-17T07:38:19.490+0000] {dag.py:3239} INFO - Sync 1 DAGs
[2026-01-17T07:38:19.516+0000] {logging_mixin.py:190} INFO - [2026-01-17T07:38:19.516+0000] {dag.py:4180} INFO - Setting next_dagrun for tg_store_users to None, run_after=None
[2026-01-17T07:38:19.542+0000] {processor.py:208} INFO - Processing /opt/airflow/dags/tg_store_users.py took 0.755 seconds
[2026-01-17T07:38:49.833+0000] {processor.py:186} INFO - Started process (PID=14203) to work on /opt/airflow/dags/tg_store_users.py
[2026-01-17T07:38:49.835+0000] {processor.py:914} INFO - Processing file /opt/airflow/dags/tg_store_users.py for tasks to queue
[2026-01-17T07:38:49.837+0000] {logging_mixin.py:190} INFO - [2026-01-17T07:38:49.837+0000] {dagbag.py:588} INFO - Filling up the DagBag from /opt/airflow/dags/tg_store_users.py
[2026-01-17T07:38:50.565+0000] {processor.py:925} INFO - DAG(s) 'tg_store_users' retrieved from /opt/airflow/dags/tg_store_users.py
[2026-01-17T07:38:50.602+0000] {logging_mixin.py:190} INFO - [2026-01-17T07:38:50.601+0000] {dag.py:3239} INFO - Sync 1 DAGs
[2026-01-17T07:38:50.630+0000] {logging_mixin.py:190} INFO - [2026-01-17T07:38:50.630+0000] {dag.py:4180} INFO - Setting next_dagrun for tg_store_users to None, run_after=None
[2026-01-17T07:38:50.669+0000] {processor.py:208} INFO - Processing /opt/airflow/dags/tg_store_users.py took 0.847 seconds
[2026-01-17T07:39:21.431+0000] {processor.py:186} INFO - Started process (PID=14230) to work on /opt/airflow/dags/tg_store_users.py
[2026-01-17T07:39:21.433+0000] {processor.py:914} INFO - Processing file /opt/airflow/dags/tg_store_users.py for tasks to queue
[2026-01-17T07:39:21.435+0000] {logging_mixin.py:190} INFO - [2026-01-17T07:39:21.435+0000] {dagbag.py:588} INFO - Filling up the DagBag from /opt/airflow/dags/tg_store_users.py
[2026-01-17T07:39:22.167+0000] {processor.py:925} INFO - DAG(s) 'tg_store_users' retrieved from /opt/airflow/dags/tg_store_users.py
[2026-01-17T07:39:22.191+0000] {logging_mixin.py:190} INFO - [2026-01-17T07:39:22.190+0000] {dag.py:3239} INFO - Sync 1 DAGs
[2026-01-17T07:39:22.225+0000] {logging_mixin.py:190} INFO - [2026-01-17T07:39:22.224+0000] {dag.py:4180} INFO - Setting next_dagrun for tg_store_users to None, run_after=None
[2026-01-17T07:39:22.262+0000] {processor.py:208} INFO - Processing /opt/airflow/dags/tg_store_users.py took 0.840 seconds
[2026-01-17T07:39:53.339+0000] {processor.py:186} INFO - Started process (PID=14257) to work on /opt/airflow/dags/tg_store_users.py
[2026-01-17T07:39:53.340+0000] {processor.py:914} INFO - Processing file /opt/airflow/dags/tg_store_users.py for tasks to queue
[2026-01-17T07:39:53.342+0000] {logging_mixin.py:190} INFO - [2026-01-17T07:39:53.342+0000] {dagbag.py:588} INFO - Filling up the DagBag from /opt/airflow/dags/tg_store_users.py
[2026-01-17T07:39:54.095+0000] {processor.py:925} INFO - DAG(s) 'tg_store_users' retrieved from /opt/airflow/dags/tg_store_users.py
[2026-01-17T07:39:54.134+0000] {logging_mixin.py:190} INFO - [2026-01-17T07:39:54.133+0000] {dag.py:3239} INFO - Sync 1 DAGs
[2026-01-17T07:39:54.179+0000] {logging_mixin.py:190} INFO - [2026-01-17T07:39:54.178+0000] {dag.py:4180} INFO - Setting next_dagrun for tg_store_users to None, run_after=None
[2026-01-17T07:39:54.218+0000] {processor.py:208} INFO - Processing /opt/airflow/dags/tg_store_users.py took 0.893 seconds
[2026-01-17T07:40:25.020+0000] {processor.py:186} INFO - Started process (PID=14281) to work on /opt/airflow/dags/tg_store_users.py
[2026-01-17T07:40:25.021+0000] {processor.py:914} INFO - Processing file /opt/airflow/dags/tg_store_users.py for tasks to queue
[2026-01-17T07:40:25.023+0000] {logging_mixin.py:190} INFO - [2026-01-17T07:40:25.022+0000] {dagbag.py:588} INFO - Filling up the DagBag from /opt/airflow/dags/tg_store_users.py
[2026-01-17T07:40:25.793+0000] {processor.py:925} INFO - DAG(s) 'tg_store_users' retrieved from /opt/airflow/dags/tg_store_users.py
[2026-01-17T07:40:25.829+0000] {logging_mixin.py:190} INFO - [2026-01-17T07:40:25.829+0000] {dag.py:3239} INFO - Sync 1 DAGs
[2026-01-17T07:40:25.864+0000] {logging_mixin.py:190} INFO - [2026-01-17T07:40:25.863+0000] {dag.py:4180} INFO - Setting next_dagrun for tg_store_users to None, run_after=None
[2026-01-17T07:40:25.907+0000] {processor.py:208} INFO - Processing /opt/airflow/dags/tg_store_users.py took 0.898 seconds
[2026-01-17T07:40:56.367+0000] {processor.py:186} INFO - Started process (PID=14305) to work on /opt/airflow/dags/tg_store_users.py
[2026-01-17T07:40:56.368+0000] {processor.py:914} INFO - Processing file /opt/airflow/dags/tg_store_users.py for tasks to queue
[2026-01-17T07:40:56.370+0000] {logging_mixin.py:190} INFO - [2026-01-17T07:40:56.369+0000] {dagbag.py:588} INFO - Filling up the DagBag from /opt/airflow/dags/tg_store_users.py
[2026-01-17T07:40:57.112+0000] {processor.py:925} INFO - DAG(s) 'tg_store_users' retrieved from /opt/airflow/dags/tg_store_users.py
[2026-01-17T07:40:57.148+0000] {logging_mixin.py:190} INFO - [2026-01-17T07:40:57.147+0000] {dag.py:3239} INFO - Sync 1 DAGs
[2026-01-17T07:40:57.182+0000] {logging_mixin.py:190} INFO - [2026-01-17T07:40:57.182+0000] {dag.py:4180} INFO - Setting next_dagrun for tg_store_users to None, run_after=None
[2026-01-17T07:40:57.214+0000] {processor.py:208} INFO - Processing /opt/airflow/dags/tg_store_users.py took 0.857 seconds
[2026-01-17T07:41:27.671+0000] {processor.py:186} INFO - Started process (PID=14329) to work on /opt/airflow/dags/tg_store_users.py
[2026-01-17T07:41:27.672+0000] {processor.py:914} INFO - Processing file /opt/airflow/dags/tg_store_users.py for tasks to queue
[2026-01-17T07:41:27.674+0000] {logging_mixin.py:190} INFO - [2026-01-17T07:41:27.673+0000] {dagbag.py:588} INFO - Filling up the DagBag from /opt/airflow/dags/tg_store_users.py
[2026-01-17T07:41:28.389+0000] {processor.py:925} INFO - DAG(s) 'tg_store_users' retrieved from /opt/airflow/dags/tg_store_users.py
[2026-01-17T07:41:28.424+0000] {logging_mixin.py:190} INFO - [2026-01-17T07:41:28.423+0000] {dag.py:3239} INFO - Sync 1 DAGs
[2026-01-17T07:41:28.450+0000] {logging_mixin.py:190} INFO - [2026-01-17T07:41:28.450+0000] {dag.py:4180} INFO - Setting next_dagrun for tg_store_users to None, run_after=None
[2026-01-17T07:41:28.476+0000] {processor.py:208} INFO - Processing /opt/airflow/dags/tg_store_users.py took 0.818 seconds
[2026-01-17T07:41:59.003+0000] {processor.py:186} INFO - Started process (PID=14352) to work on /opt/airflow/dags/tg_store_users.py
[2026-01-17T07:41:59.004+0000] {processor.py:914} INFO - Processing file /opt/airflow/dags/tg_store_users.py for tasks to queue
[2026-01-17T07:41:59.006+0000] {logging_mixin.py:190} INFO - [2026-01-17T07:41:59.006+0000] {dagbag.py:588} INFO - Filling up the DagBag from /opt/airflow/dags/tg_store_users.py
[2026-01-17T07:41:59.858+0000] {processor.py:925} INFO - DAG(s) 'tg_store_users' retrieved from /opt/airflow/dags/tg_store_users.py
[2026-01-17T07:41:59.894+0000] {logging_mixin.py:190} INFO - [2026-01-17T07:41:59.894+0000] {dag.py:3239} INFO - Sync 1 DAGs
[2026-01-17T07:41:59.931+0000] {logging_mixin.py:190} INFO - [2026-01-17T07:41:59.930+0000] {dag.py:4180} INFO - Setting next_dagrun for tg_store_users to None, run_after=None
[2026-01-17T07:41:59.976+0000] {processor.py:208} INFO - Processing /opt/airflow/dags/tg_store_users.py took 0.987 seconds
[2026-01-17T07:42:30.604+0000] {processor.py:186} INFO - Started process (PID=14376) to work on /opt/airflow/dags/tg_store_users.py
[2026-01-17T07:42:30.605+0000] {processor.py:914} INFO - Processing file /opt/airflow/dags/tg_store_users.py for tasks to queue
[2026-01-17T07:42:30.608+0000] {logging_mixin.py:190} INFO - [2026-01-17T07:42:30.607+0000] {dagbag.py:588} INFO - Filling up the DagBag from /opt/airflow/dags/tg_store_users.py
[2026-01-17T07:42:31.308+0000] {processor.py:925} INFO - DAG(s) 'tg_store_users' retrieved from /opt/airflow/dags/tg_store_users.py
[2026-01-17T07:42:31.345+0000] {logging_mixin.py:190} INFO - [2026-01-17T07:42:31.345+0000] {dag.py:3239} INFO - Sync 1 DAGs
[2026-01-17T07:42:31.376+0000] {logging_mixin.py:190} INFO - [2026-01-17T07:42:31.376+0000] {dag.py:4180} INFO - Setting next_dagrun for tg_store_users to None, run_after=None
[2026-01-17T07:42:31.409+0000] {processor.py:208} INFO - Processing /opt/airflow/dags/tg_store_users.py took 0.814 seconds
[2026-01-17T07:43:02.003+0000] {processor.py:186} INFO - Started process (PID=14400) to work on /opt/airflow/dags/tg_store_users.py
[2026-01-17T07:43:02.005+0000] {processor.py:914} INFO - Processing file /opt/airflow/dags/tg_store_users.py for tasks to queue
[2026-01-17T07:43:02.007+0000] {logging_mixin.py:190} INFO - [2026-01-17T07:43:02.006+0000] {dagbag.py:588} INFO - Filling up the DagBag from /opt/airflow/dags/tg_store_users.py
[2026-01-17T07:43:02.856+0000] {processor.py:925} INFO - DAG(s) 'tg_store_users' retrieved from /opt/airflow/dags/tg_store_users.py
[2026-01-17T07:43:02.880+0000] {logging_mixin.py:190} INFO - [2026-01-17T07:43:02.880+0000] {dag.py:3239} INFO - Sync 1 DAGs
[2026-01-17T07:43:02.903+0000] {logging_mixin.py:190} INFO - [2026-01-17T07:43:02.903+0000] {dag.py:4180} INFO - Setting next_dagrun for tg_store_users to None, run_after=None
[2026-01-17T07:43:02.933+0000] {processor.py:208} INFO - Processing /opt/airflow/dags/tg_store_users.py took 0.942 seconds
[2026-01-17T07:43:33.496+0000] {processor.py:186} INFO - Started process (PID=14424) to work on /opt/airflow/dags/tg_store_users.py
[2026-01-17T07:43:33.497+0000] {processor.py:914} INFO - Processing file /opt/airflow/dags/tg_store_users.py for tasks to queue
[2026-01-17T07:43:33.499+0000] {logging_mixin.py:190} INFO - [2026-01-17T07:43:33.498+0000] {dagbag.py:588} INFO - Filling up the DagBag from /opt/airflow/dags/tg_store_users.py
[2026-01-17T07:43:34.223+0000] {processor.py:925} INFO - DAG(s) 'tg_store_users' retrieved from /opt/airflow/dags/tg_store_users.py
[2026-01-17T07:43:34.253+0000] {logging_mixin.py:190} INFO - [2026-01-17T07:43:34.252+0000] {dag.py:3239} INFO - Sync 1 DAGs
[2026-01-17T07:43:34.275+0000] {logging_mixin.py:190} INFO - [2026-01-17T07:43:34.275+0000] {dag.py:4180} INFO - Setting next_dagrun for tg_store_users to None, run_after=None
[2026-01-17T07:43:34.311+0000] {processor.py:208} INFO - Processing /opt/airflow/dags/tg_store_users.py took 0.828 seconds
[2026-01-17T07:44:04.843+0000] {processor.py:186} INFO - Started process (PID=14448) to work on /opt/airflow/dags/tg_store_users.py
[2026-01-17T07:44:04.846+0000] {processor.py:914} INFO - Processing file /opt/airflow/dags/tg_store_users.py for tasks to queue
[2026-01-17T07:44:04.849+0000] {logging_mixin.py:190} INFO - [2026-01-17T07:44:04.848+0000] {dagbag.py:588} INFO - Filling up the DagBag from /opt/airflow/dags/tg_store_users.py
[2026-01-17T07:44:05.633+0000] {processor.py:925} INFO - DAG(s) 'tg_store_users' retrieved from /opt/airflow/dags/tg_store_users.py
[2026-01-17T07:44:05.659+0000] {logging_mixin.py:190} INFO - [2026-01-17T07:44:05.659+0000] {dag.py:3239} INFO - Sync 1 DAGs
[2026-01-17T07:44:05.682+0000] {logging_mixin.py:190} INFO - [2026-01-17T07:44:05.682+0000] {dag.py:4180} INFO - Setting next_dagrun for tg_store_users to None, run_after=None
[2026-01-17T07:44:05.713+0000] {processor.py:208} INFO - Processing /opt/airflow/dags/tg_store_users.py took 0.885 seconds
[2026-01-17T07:44:35.974+0000] {processor.py:186} INFO - Started process (PID=14472) to work on /opt/airflow/dags/tg_store_users.py
[2026-01-17T07:44:35.975+0000] {processor.py:914} INFO - Processing file /opt/airflow/dags/tg_store_users.py for tasks to queue
[2026-01-17T07:44:35.977+0000] {logging_mixin.py:190} INFO - [2026-01-17T07:44:35.977+0000] {dagbag.py:588} INFO - Filling up the DagBag from /opt/airflow/dags/tg_store_users.py
[2026-01-17T07:44:36.661+0000] {processor.py:925} INFO - DAG(s) 'tg_store_users' retrieved from /opt/airflow/dags/tg_store_users.py
[2026-01-17T07:44:36.691+0000] {logging_mixin.py:190} INFO - [2026-01-17T07:44:36.691+0000] {dag.py:3239} INFO - Sync 1 DAGs
[2026-01-17T07:44:36.716+0000] {logging_mixin.py:190} INFO - [2026-01-17T07:44:36.716+0000] {dag.py:4180} INFO - Setting next_dagrun for tg_store_users to None, run_after=None
[2026-01-17T07:44:36.747+0000] {processor.py:208} INFO - Processing /opt/airflow/dags/tg_store_users.py took 0.782 seconds
[2026-01-17T07:45:07.422+0000] {processor.py:186} INFO - Started process (PID=14497) to work on /opt/airflow/dags/tg_store_users.py
[2026-01-17T07:45:07.423+0000] {processor.py:914} INFO - Processing file /opt/airflow/dags/tg_store_users.py for tasks to queue
[2026-01-17T07:45:07.425+0000] {logging_mixin.py:190} INFO - [2026-01-17T07:45:07.424+0000] {dagbag.py:588} INFO - Filling up the DagBag from /opt/airflow/dags/tg_store_users.py
[2026-01-17T07:45:08.104+0000] {processor.py:925} INFO - DAG(s) 'tg_store_users' retrieved from /opt/airflow/dags/tg_store_users.py
[2026-01-17T07:45:08.141+0000] {logging_mixin.py:190} INFO - [2026-01-17T07:45:08.140+0000] {dag.py:3239} INFO - Sync 1 DAGs
[2026-01-17T07:45:08.174+0000] {logging_mixin.py:190} INFO - [2026-01-17T07:45:08.174+0000] {dag.py:4180} INFO - Setting next_dagrun for tg_store_users to None, run_after=None
[2026-01-17T07:45:08.203+0000] {processor.py:208} INFO - Processing /opt/airflow/dags/tg_store_users.py took 0.790 seconds
[2026-01-17T07:45:38.513+0000] {processor.py:186} INFO - Started process (PID=14521) to work on /opt/airflow/dags/tg_store_users.py
[2026-01-17T07:45:38.514+0000] {processor.py:914} INFO - Processing file /opt/airflow/dags/tg_store_users.py for tasks to queue
[2026-01-17T07:45:38.516+0000] {logging_mixin.py:190} INFO - [2026-01-17T07:45:38.515+0000] {dagbag.py:588} INFO - Filling up the DagBag from /opt/airflow/dags/tg_store_users.py
[2026-01-17T07:45:39.134+0000] {processor.py:925} INFO - DAG(s) 'tg_store_users' retrieved from /opt/airflow/dags/tg_store_users.py
[2026-01-17T07:45:39.176+0000] {logging_mixin.py:190} INFO - [2026-01-17T07:45:39.175+0000] {dag.py:3239} INFO - Sync 1 DAGs
[2026-01-17T07:45:39.207+0000] {logging_mixin.py:190} INFO - [2026-01-17T07:45:39.207+0000] {dag.py:4180} INFO - Setting next_dagrun for tg_store_users to None, run_after=None
[2026-01-17T07:45:39.247+0000] {processor.py:208} INFO - Processing /opt/airflow/dags/tg_store_users.py took 0.744 seconds
[2026-01-17T07:46:09.741+0000] {processor.py:186} INFO - Started process (PID=14545) to work on /opt/airflow/dags/tg_store_users.py
[2026-01-17T07:46:09.742+0000] {processor.py:914} INFO - Processing file /opt/airflow/dags/tg_store_users.py for tasks to queue
[2026-01-17T07:46:09.744+0000] {logging_mixin.py:190} INFO - [2026-01-17T07:46:09.743+0000] {dagbag.py:588} INFO - Filling up the DagBag from /opt/airflow/dags/tg_store_users.py
[2026-01-17T07:46:10.457+0000] {processor.py:925} INFO - DAG(s) 'tg_store_users' retrieved from /opt/airflow/dags/tg_store_users.py
[2026-01-17T07:46:10.494+0000] {logging_mixin.py:190} INFO - [2026-01-17T07:46:10.493+0000] {dag.py:3239} INFO - Sync 1 DAGs
[2026-01-17T07:46:10.534+0000] {logging_mixin.py:190} INFO - [2026-01-17T07:46:10.534+0000] {dag.py:4180} INFO - Setting next_dagrun for tg_store_users to None, run_after=None
[2026-01-17T07:46:10.589+0000] {processor.py:208} INFO - Processing /opt/airflow/dags/tg_store_users.py took 0.861 seconds
[2026-01-17T07:46:41.271+0000] {processor.py:186} INFO - Started process (PID=14571) to work on /opt/airflow/dags/tg_store_users.py
[2026-01-17T07:46:41.272+0000] {processor.py:914} INFO - Processing file /opt/airflow/dags/tg_store_users.py for tasks to queue
[2026-01-17T07:46:41.273+0000] {logging_mixin.py:190} INFO - [2026-01-17T07:46:41.273+0000] {dagbag.py:588} INFO - Filling up the DagBag from /opt/airflow/dags/tg_store_users.py
[2026-01-17T07:46:41.855+0000] {processor.py:925} INFO - DAG(s) 'tg_store_users' retrieved from /opt/airflow/dags/tg_store_users.py
[2026-01-17T07:46:41.881+0000] {logging_mixin.py:190} INFO - [2026-01-17T07:46:41.881+0000] {dag.py:3239} INFO - Sync 1 DAGs
[2026-01-17T07:46:41.902+0000] {logging_mixin.py:190} INFO - [2026-01-17T07:46:41.902+0000] {dag.py:4180} INFO - Setting next_dagrun for tg_store_users to None, run_after=None
[2026-01-17T07:46:41.931+0000] {processor.py:208} INFO - Processing /opt/airflow/dags/tg_store_users.py took 0.668 seconds
[2026-01-17T07:47:12.352+0000] {processor.py:186} INFO - Started process (PID=14594) to work on /opt/airflow/dags/tg_store_users.py
[2026-01-17T07:47:12.353+0000] {processor.py:914} INFO - Processing file /opt/airflow/dags/tg_store_users.py for tasks to queue
[2026-01-17T07:47:12.355+0000] {logging_mixin.py:190} INFO - [2026-01-17T07:47:12.354+0000] {dagbag.py:588} INFO - Filling up the DagBag from /opt/airflow/dags/tg_store_users.py
[2026-01-17T07:47:12.934+0000] {processor.py:925} INFO - DAG(s) 'tg_store_users' retrieved from /opt/airflow/dags/tg_store_users.py
[2026-01-17T07:47:12.959+0000] {logging_mixin.py:190} INFO - [2026-01-17T07:47:12.958+0000] {dag.py:3239} INFO - Sync 1 DAGs
[2026-01-17T07:47:12.982+0000] {logging_mixin.py:190} INFO - [2026-01-17T07:47:12.982+0000] {dag.py:4180} INFO - Setting next_dagrun for tg_store_users to None, run_after=None
[2026-01-17T07:47:13.016+0000] {processor.py:208} INFO - Processing /opt/airflow/dags/tg_store_users.py took 0.677 seconds
[2026-01-17T07:47:43.197+0000] {processor.py:186} INFO - Started process (PID=14618) to work on /opt/airflow/dags/tg_store_users.py
[2026-01-17T07:47:43.198+0000] {processor.py:914} INFO - Processing file /opt/airflow/dags/tg_store_users.py for tasks to queue
[2026-01-17T07:47:43.200+0000] {logging_mixin.py:190} INFO - [2026-01-17T07:47:43.199+0000] {dagbag.py:588} INFO - Filling up the DagBag from /opt/airflow/dags/tg_store_users.py
[2026-01-17T07:47:43.889+0000] {processor.py:925} INFO - DAG(s) 'tg_store_users' retrieved from /opt/airflow/dags/tg_store_users.py
[2026-01-17T07:47:43.917+0000] {logging_mixin.py:190} INFO - [2026-01-17T07:47:43.917+0000] {dag.py:3239} INFO - Sync 1 DAGs
[2026-01-17T07:47:43.940+0000] {logging_mixin.py:190} INFO - [2026-01-17T07:47:43.940+0000] {dag.py:4180} INFO - Setting next_dagrun for tg_store_users to None, run_after=None
[2026-01-17T07:47:43.984+0000] {processor.py:208} INFO - Processing /opt/airflow/dags/tg_store_users.py took 0.796 seconds
[2026-01-17T07:48:14.207+0000] {processor.py:186} INFO - Started process (PID=14642) to work on /opt/airflow/dags/tg_store_users.py
[2026-01-17T07:48:14.209+0000] {processor.py:914} INFO - Processing file /opt/airflow/dags/tg_store_users.py for tasks to queue
[2026-01-17T07:48:14.210+0000] {logging_mixin.py:190} INFO - [2026-01-17T07:48:14.210+0000] {dagbag.py:588} INFO - Filling up the DagBag from /opt/airflow/dags/tg_store_users.py
[2026-01-17T07:48:14.864+0000] {processor.py:925} INFO - DAG(s) 'tg_store_users' retrieved from /opt/airflow/dags/tg_store_users.py
[2026-01-17T07:48:14.895+0000] {logging_mixin.py:190} INFO - [2026-01-17T07:48:14.894+0000] {dag.py:3239} INFO - Sync 1 DAGs
[2026-01-17T07:48:14.926+0000] {logging_mixin.py:190} INFO - [2026-01-17T07:48:14.926+0000] {dag.py:4180} INFO - Setting next_dagrun for tg_store_users to None, run_after=None
[2026-01-17T07:48:14.957+0000] {processor.py:208} INFO - Processing /opt/airflow/dags/tg_store_users.py took 0.760 seconds
[2026-01-17T07:48:45.667+0000] {processor.py:186} INFO - Started process (PID=14672) to work on /opt/airflow/dags/tg_store_users.py
[2026-01-17T07:48:45.668+0000] {processor.py:914} INFO - Processing file /opt/airflow/dags/tg_store_users.py for tasks to queue
[2026-01-17T07:48:45.670+0000] {logging_mixin.py:190} INFO - [2026-01-17T07:48:45.670+0000] {dagbag.py:588} INFO - Filling up the DagBag from /opt/airflow/dags/tg_store_users.py
[2026-01-17T07:48:46.302+0000] {processor.py:925} INFO - DAG(s) 'tg_store_users' retrieved from /opt/airflow/dags/tg_store_users.py
[2026-01-17T07:48:46.335+0000] {logging_mixin.py:190} INFO - [2026-01-17T07:48:46.334+0000] {dag.py:3239} INFO - Sync 1 DAGs
[2026-01-17T07:48:46.363+0000] {logging_mixin.py:190} INFO - [2026-01-17T07:48:46.363+0000] {dag.py:4180} INFO - Setting next_dagrun for tg_store_users to None, run_after=None
[2026-01-17T07:48:46.393+0000] {processor.py:208} INFO - Processing /opt/airflow/dags/tg_store_users.py took 0.739 seconds
[2026-01-17T07:49:16.567+0000] {processor.py:186} INFO - Started process (PID=14696) to work on /opt/airflow/dags/tg_store_users.py
[2026-01-17T07:49:16.569+0000] {processor.py:914} INFO - Processing file /opt/airflow/dags/tg_store_users.py for tasks to queue
[2026-01-17T07:49:16.571+0000] {logging_mixin.py:190} INFO - [2026-01-17T07:49:16.570+0000] {dagbag.py:588} INFO - Filling up the DagBag from /opt/airflow/dags/tg_store_users.py
[2026-01-17T07:49:17.221+0000] {processor.py:925} INFO - DAG(s) 'tg_store_users' retrieved from /opt/airflow/dags/tg_store_users.py
[2026-01-17T07:49:17.246+0000] {logging_mixin.py:190} INFO - [2026-01-17T07:49:17.245+0000] {dag.py:3239} INFO - Sync 1 DAGs
[2026-01-17T07:49:17.276+0000] {logging_mixin.py:190} INFO - [2026-01-17T07:49:17.276+0000] {dag.py:4180} INFO - Setting next_dagrun for tg_store_users to None, run_after=None
[2026-01-17T07:49:17.308+0000] {processor.py:208} INFO - Processing /opt/airflow/dags/tg_store_users.py took 0.757 seconds
[2026-01-17T07:49:47.527+0000] {processor.py:186} INFO - Started process (PID=14721) to work on /opt/airflow/dags/tg_store_users.py
[2026-01-17T07:49:47.529+0000] {processor.py:914} INFO - Processing file /opt/airflow/dags/tg_store_users.py for tasks to queue
[2026-01-17T07:49:47.530+0000] {logging_mixin.py:190} INFO - [2026-01-17T07:49:47.530+0000] {dagbag.py:588} INFO - Filling up the DagBag from /opt/airflow/dags/tg_store_users.py
[2026-01-17T07:49:48.112+0000] {processor.py:925} INFO - DAG(s) 'tg_store_users' retrieved from /opt/airflow/dags/tg_store_users.py
[2026-01-17T07:49:48.139+0000] {logging_mixin.py:190} INFO - [2026-01-17T07:49:48.139+0000] {dag.py:3239} INFO - Sync 1 DAGs
[2026-01-17T07:49:48.158+0000] {logging_mixin.py:190} INFO - [2026-01-17T07:49:48.157+0000] {dag.py:4180} INFO - Setting next_dagrun for tg_store_users to None, run_after=None
[2026-01-17T07:49:48.199+0000] {processor.py:208} INFO - Processing /opt/airflow/dags/tg_store_users.py took 0.686 seconds
[2026-01-17T07:50:18.485+0000] {processor.py:186} INFO - Started process (PID=14745) to work on /opt/airflow/dags/tg_store_users.py
[2026-01-17T07:50:18.487+0000] {processor.py:914} INFO - Processing file /opt/airflow/dags/tg_store_users.py for tasks to queue
[2026-01-17T07:50:18.488+0000] {logging_mixin.py:190} INFO - [2026-01-17T07:50:18.488+0000] {dagbag.py:588} INFO - Filling up the DagBag from /opt/airflow/dags/tg_store_users.py
[2026-01-17T07:50:19.097+0000] {processor.py:925} INFO - DAG(s) 'tg_store_users' retrieved from /opt/airflow/dags/tg_store_users.py
[2026-01-17T07:50:19.131+0000] {logging_mixin.py:190} INFO - [2026-01-17T07:50:19.130+0000] {dag.py:3239} INFO - Sync 1 DAGs
[2026-01-17T07:50:19.166+0000] {logging_mixin.py:190} INFO - [2026-01-17T07:50:19.166+0000] {dag.py:4180} INFO - Setting next_dagrun for tg_store_users to None, run_after=None
[2026-01-17T07:50:19.209+0000] {processor.py:208} INFO - Processing /opt/airflow/dags/tg_store_users.py took 0.734 seconds
[2026-01-17T07:50:49.576+0000] {processor.py:186} INFO - Started process (PID=14769) to work on /opt/airflow/dags/tg_store_users.py
[2026-01-17T07:50:49.578+0000] {processor.py:914} INFO - Processing file /opt/airflow/dags/tg_store_users.py for tasks to queue
[2026-01-17T07:50:49.580+0000] {logging_mixin.py:190} INFO - [2026-01-17T07:50:49.580+0000] {dagbag.py:588} INFO - Filling up the DagBag from /opt/airflow/dags/tg_store_users.py
[2026-01-17T07:50:50.118+0000] {processor.py:925} INFO - DAG(s) 'tg_store_users' retrieved from /opt/airflow/dags/tg_store_users.py
[2026-01-17T07:50:50.145+0000] {logging_mixin.py:190} INFO - [2026-01-17T07:50:50.144+0000] {dag.py:3239} INFO - Sync 1 DAGs
[2026-01-17T07:50:50.184+0000] {logging_mixin.py:190} INFO - [2026-01-17T07:50:50.183+0000] {dag.py:4180} INFO - Setting next_dagrun for tg_store_users to None, run_after=None
[2026-01-17T07:50:50.218+0000] {processor.py:208} INFO - Processing /opt/airflow/dags/tg_store_users.py took 0.654 seconds
[2026-01-17T07:51:20.577+0000] {processor.py:186} INFO - Started process (PID=14793) to work on /opt/airflow/dags/tg_store_users.py
[2026-01-17T07:51:20.578+0000] {processor.py:914} INFO - Processing file /opt/airflow/dags/tg_store_users.py for tasks to queue
[2026-01-17T07:51:20.580+0000] {logging_mixin.py:190} INFO - [2026-01-17T07:51:20.579+0000] {dagbag.py:588} INFO - Filling up the DagBag from /opt/airflow/dags/tg_store_users.py
[2026-01-17T07:51:21.127+0000] {processor.py:925} INFO - DAG(s) 'tg_store_users' retrieved from /opt/airflow/dags/tg_store_users.py
[2026-01-17T07:51:21.154+0000] {logging_mixin.py:190} INFO - [2026-01-17T07:51:21.154+0000] {dag.py:3239} INFO - Sync 1 DAGs
[2026-01-17T07:51:21.186+0000] {logging_mixin.py:190} INFO - [2026-01-17T07:51:21.186+0000] {dag.py:4180} INFO - Setting next_dagrun for tg_store_users to None, run_after=None
[2026-01-17T07:51:21.225+0000] {processor.py:208} INFO - Processing /opt/airflow/dags/tg_store_users.py took 0.659 seconds
[2026-01-17T07:51:51.422+0000] {processor.py:186} INFO - Started process (PID=14817) to work on /opt/airflow/dags/tg_store_users.py
[2026-01-17T07:51:51.423+0000] {processor.py:914} INFO - Processing file /opt/airflow/dags/tg_store_users.py for tasks to queue
[2026-01-17T07:51:51.425+0000] {logging_mixin.py:190} INFO - [2026-01-17T07:51:51.424+0000] {dagbag.py:588} INFO - Filling up the DagBag from /opt/airflow/dags/tg_store_users.py
[2026-01-17T07:51:52.077+0000] {processor.py:925} INFO - DAG(s) 'tg_store_users' retrieved from /opt/airflow/dags/tg_store_users.py
[2026-01-17T07:51:52.104+0000] {logging_mixin.py:190} INFO - [2026-01-17T07:51:52.104+0000] {dag.py:3239} INFO - Sync 1 DAGs
[2026-01-17T07:51:52.126+0000] {logging_mixin.py:190} INFO - [2026-01-17T07:51:52.125+0000] {dag.py:4180} INFO - Setting next_dagrun for tg_store_users to None, run_after=None
[2026-01-17T07:51:52.157+0000] {processor.py:208} INFO - Processing /opt/airflow/dags/tg_store_users.py took 0.747 seconds
[2026-01-17T07:52:22.556+0000] {processor.py:186} INFO - Started process (PID=14841) to work on /opt/airflow/dags/tg_store_users.py
[2026-01-17T07:52:22.557+0000] {processor.py:914} INFO - Processing file /opt/airflow/dags/tg_store_users.py for tasks to queue
[2026-01-17T07:52:22.560+0000] {logging_mixin.py:190} INFO - [2026-01-17T07:52:22.559+0000] {dagbag.py:588} INFO - Filling up the DagBag from /opt/airflow/dags/tg_store_users.py
[2026-01-17T07:52:23.094+0000] {processor.py:925} INFO - DAG(s) 'tg_store_users' retrieved from /opt/airflow/dags/tg_store_users.py
[2026-01-17T07:52:23.123+0000] {logging_mixin.py:190} INFO - [2026-01-17T07:52:23.122+0000] {dag.py:3239} INFO - Sync 1 DAGs
[2026-01-17T07:52:23.146+0000] {logging_mixin.py:190} INFO - [2026-01-17T07:52:23.146+0000] {dag.py:4180} INFO - Setting next_dagrun for tg_store_users to None, run_after=None
[2026-01-17T07:52:23.175+0000] {processor.py:208} INFO - Processing /opt/airflow/dags/tg_store_users.py took 0.633 seconds
[2026-01-17T07:52:53.559+0000] {processor.py:186} INFO - Started process (PID=14865) to work on /opt/airflow/dags/tg_store_users.py
[2026-01-17T07:52:53.560+0000] {processor.py:914} INFO - Processing file /opt/airflow/dags/tg_store_users.py for tasks to queue
[2026-01-17T07:52:53.561+0000] {logging_mixin.py:190} INFO - [2026-01-17T07:52:53.561+0000] {dagbag.py:588} INFO - Filling up the DagBag from /opt/airflow/dags/tg_store_users.py
[2026-01-17T07:52:54.196+0000] {processor.py:925} INFO - DAG(s) 'tg_store_users' retrieved from /opt/airflow/dags/tg_store_users.py
[2026-01-17T07:52:54.230+0000] {logging_mixin.py:190} INFO - [2026-01-17T07:52:54.229+0000] {dag.py:3239} INFO - Sync 1 DAGs
[2026-01-17T07:52:54.250+0000] {logging_mixin.py:190} INFO - [2026-01-17T07:52:54.249+0000] {dag.py:4180} INFO - Setting next_dagrun for tg_store_users to None, run_after=None
[2026-01-17T07:52:54.283+0000] {processor.py:208} INFO - Processing /opt/airflow/dags/tg_store_users.py took 0.734 seconds
[2026-01-17T07:53:24.396+0000] {processor.py:186} INFO - Started process (PID=14889) to work on /opt/airflow/dags/tg_store_users.py
[2026-01-17T07:53:24.398+0000] {processor.py:914} INFO - Processing file /opt/airflow/dags/tg_store_users.py for tasks to queue
[2026-01-17T07:53:24.400+0000] {logging_mixin.py:190} INFO - [2026-01-17T07:53:24.399+0000] {dagbag.py:588} INFO - Filling up the DagBag from /opt/airflow/dags/tg_store_users.py
[2026-01-17T07:53:24.948+0000] {processor.py:925} INFO - DAG(s) 'tg_store_users' retrieved from /opt/airflow/dags/tg_store_users.py
[2026-01-17T07:53:24.976+0000] {logging_mixin.py:190} INFO - [2026-01-17T07:53:24.975+0000] {dag.py:3239} INFO - Sync 1 DAGs
[2026-01-17T07:53:25.001+0000] {logging_mixin.py:190} INFO - [2026-01-17T07:53:25.001+0000] {dag.py:4180} INFO - Setting next_dagrun for tg_store_users to None, run_after=None
[2026-01-17T07:53:25.027+0000] {processor.py:208} INFO - Processing /opt/airflow/dags/tg_store_users.py took 0.648 seconds
[2026-01-17T07:53:55.723+0000] {processor.py:186} INFO - Started process (PID=14913) to work on /opt/airflow/dags/tg_store_users.py
[2026-01-17T07:53:55.724+0000] {processor.py:914} INFO - Processing file /opt/airflow/dags/tg_store_users.py for tasks to queue
[2026-01-17T07:53:55.726+0000] {logging_mixin.py:190} INFO - [2026-01-17T07:53:55.725+0000] {dagbag.py:588} INFO - Filling up the DagBag from /opt/airflow/dags/tg_store_users.py
[2026-01-17T07:53:56.300+0000] {processor.py:925} INFO - DAG(s) 'tg_store_users' retrieved from /opt/airflow/dags/tg_store_users.py
[2026-01-17T07:53:56.324+0000] {logging_mixin.py:190} INFO - [2026-01-17T07:53:56.324+0000] {dag.py:3239} INFO - Sync 1 DAGs
[2026-01-17T07:53:56.343+0000] {logging_mixin.py:190} INFO - [2026-01-17T07:53:56.342+0000] {dag.py:4180} INFO - Setting next_dagrun for tg_store_users to None, run_after=None
[2026-01-17T07:53:56.374+0000] {processor.py:208} INFO - Processing /opt/airflow/dags/tg_store_users.py took 0.664 seconds
[2026-01-17T07:54:26.678+0000] {processor.py:186} INFO - Started process (PID=14938) to work on /opt/airflow/dags/tg_store_users.py
[2026-01-17T07:54:26.680+0000] {processor.py:914} INFO - Processing file /opt/airflow/dags/tg_store_users.py for tasks to queue
[2026-01-17T07:54:26.682+0000] {logging_mixin.py:190} INFO - [2026-01-17T07:54:26.682+0000] {dagbag.py:588} INFO - Filling up the DagBag from /opt/airflow/dags/tg_store_users.py
[2026-01-17T07:54:27.225+0000] {processor.py:925} INFO - DAG(s) 'tg_store_users' retrieved from /opt/airflow/dags/tg_store_users.py
[2026-01-17T07:54:27.249+0000] {logging_mixin.py:190} INFO - [2026-01-17T07:54:27.248+0000] {dag.py:3239} INFO - Sync 1 DAGs
[2026-01-17T07:54:27.268+0000] {logging_mixin.py:190} INFO - [2026-01-17T07:54:27.267+0000] {dag.py:4180} INFO - Setting next_dagrun for tg_store_users to None, run_after=None
[2026-01-17T07:54:27.310+0000] {processor.py:208} INFO - Processing /opt/airflow/dags/tg_store_users.py took 0.646 seconds
[2026-01-17T07:54:57.953+0000] {processor.py:186} INFO - Started process (PID=14961) to work on /opt/airflow/dags/tg_store_users.py
[2026-01-17T07:54:57.954+0000] {processor.py:914} INFO - Processing file /opt/airflow/dags/tg_store_users.py for tasks to queue
[2026-01-17T07:54:57.956+0000] {logging_mixin.py:190} INFO - [2026-01-17T07:54:57.955+0000] {dagbag.py:588} INFO - Filling up the DagBag from /opt/airflow/dags/tg_store_users.py
[2026-01-17T07:54:58.530+0000] {processor.py:925} INFO - DAG(s) 'tg_store_users' retrieved from /opt/airflow/dags/tg_store_users.py
[2026-01-17T07:54:58.554+0000] {logging_mixin.py:190} INFO - [2026-01-17T07:54:58.553+0000] {dag.py:3239} INFO - Sync 1 DAGs
[2026-01-17T07:54:58.581+0000] {logging_mixin.py:190} INFO - [2026-01-17T07:54:58.581+0000] {dag.py:4180} INFO - Setting next_dagrun for tg_store_users to None, run_after=None
[2026-01-17T07:54:58.617+0000] {processor.py:208} INFO - Processing /opt/airflow/dags/tg_store_users.py took 0.674 seconds
[2026-01-17T07:55:29.037+0000] {processor.py:186} INFO - Started process (PID=14985) to work on /opt/airflow/dags/tg_store_users.py
[2026-01-17T07:55:29.040+0000] {processor.py:914} INFO - Processing file /opt/airflow/dags/tg_store_users.py for tasks to queue
[2026-01-17T07:55:29.042+0000] {logging_mixin.py:190} INFO - [2026-01-17T07:55:29.041+0000] {dagbag.py:588} INFO - Filling up the DagBag from /opt/airflow/dags/tg_store_users.py
[2026-01-17T07:55:29.579+0000] {processor.py:925} INFO - DAG(s) 'tg_store_users' retrieved from /opt/airflow/dags/tg_store_users.py
[2026-01-17T07:55:29.609+0000] {logging_mixin.py:190} INFO - [2026-01-17T07:55:29.609+0000] {dag.py:3239} INFO - Sync 1 DAGs
[2026-01-17T07:55:29.633+0000] {logging_mixin.py:190} INFO - [2026-01-17T07:55:29.633+0000] {dag.py:4180} INFO - Setting next_dagrun for tg_store_users to None, run_after=None
[2026-01-17T07:55:29.665+0000] {processor.py:208} INFO - Processing /opt/airflow/dags/tg_store_users.py took 0.644 seconds
[2026-01-17T07:56:00.203+0000] {processor.py:186} INFO - Started process (PID=15009) to work on /opt/airflow/dags/tg_store_users.py
[2026-01-17T07:56:00.204+0000] {processor.py:914} INFO - Processing file /opt/airflow/dags/tg_store_users.py for tasks to queue
[2026-01-17T07:56:00.206+0000] {logging_mixin.py:190} INFO - [2026-01-17T07:56:00.206+0000] {dagbag.py:588} INFO - Filling up the DagBag from /opt/airflow/dags/tg_store_users.py
[2026-01-17T07:56:00.728+0000] {processor.py:925} INFO - DAG(s) 'tg_store_users' retrieved from /opt/airflow/dags/tg_store_users.py
[2026-01-17T07:56:00.754+0000] {logging_mixin.py:190} INFO - [2026-01-17T07:56:00.754+0000] {dag.py:3239} INFO - Sync 1 DAGs
[2026-01-17T07:56:00.778+0000] {logging_mixin.py:190} INFO - [2026-01-17T07:56:00.777+0000] {dag.py:4180} INFO - Setting next_dagrun for tg_store_users to None, run_after=None
[2026-01-17T07:56:00.810+0000] {processor.py:208} INFO - Processing /opt/airflow/dags/tg_store_users.py took 0.617 seconds
[2026-01-17T07:56:31.141+0000] {processor.py:186} INFO - Started process (PID=15034) to work on /opt/airflow/dags/tg_store_users.py
[2026-01-17T07:56:31.142+0000] {processor.py:914} INFO - Processing file /opt/airflow/dags/tg_store_users.py for tasks to queue
[2026-01-17T07:56:31.144+0000] {logging_mixin.py:190} INFO - [2026-01-17T07:56:31.144+0000] {dagbag.py:588} INFO - Filling up the DagBag from /opt/airflow/dags/tg_store_users.py
[2026-01-17T07:56:31.717+0000] {processor.py:925} INFO - DAG(s) 'tg_store_users' retrieved from /opt/airflow/dags/tg_store_users.py
[2026-01-17T07:56:31.747+0000] {logging_mixin.py:190} INFO - [2026-01-17T07:56:31.746+0000] {dag.py:3239} INFO - Sync 1 DAGs
[2026-01-17T07:56:31.772+0000] {logging_mixin.py:190} INFO - [2026-01-17T07:56:31.772+0000] {dag.py:4180} INFO - Setting next_dagrun for tg_store_users to None, run_after=None
[2026-01-17T07:56:31.798+0000] {processor.py:208} INFO - Processing /opt/airflow/dags/tg_store_users.py took 0.669 seconds
[2026-01-17T07:57:01.879+0000] {processor.py:186} INFO - Started process (PID=15058) to work on /opt/airflow/dags/tg_store_users.py
[2026-01-17T07:57:01.880+0000] {processor.py:914} INFO - Processing file /opt/airflow/dags/tg_store_users.py for tasks to queue
[2026-01-17T07:57:01.882+0000] {logging_mixin.py:190} INFO - [2026-01-17T07:57:01.882+0000] {dagbag.py:588} INFO - Filling up the DagBag from /opt/airflow/dags/tg_store_users.py
[2026-01-17T07:57:02.516+0000] {processor.py:925} INFO - DAG(s) 'tg_store_users' retrieved from /opt/airflow/dags/tg_store_users.py
[2026-01-17T07:57:02.552+0000] {logging_mixin.py:190} INFO - [2026-01-17T07:57:02.552+0000] {dag.py:3239} INFO - Sync 1 DAGs
[2026-01-17T07:57:02.589+0000] {logging_mixin.py:190} INFO - [2026-01-17T07:57:02.589+0000] {dag.py:4180} INFO - Setting next_dagrun for tg_store_users to None, run_after=None
[2026-01-17T07:57:02.627+0000] {processor.py:208} INFO - Processing /opt/airflow/dags/tg_store_users.py took 0.758 seconds
[2026-01-17T07:57:32.806+0000] {processor.py:186} INFO - Started process (PID=15081) to work on /opt/airflow/dags/tg_store_users.py
[2026-01-17T07:57:32.808+0000] {processor.py:914} INFO - Processing file /opt/airflow/dags/tg_store_users.py for tasks to queue
[2026-01-17T07:57:32.810+0000] {logging_mixin.py:190} INFO - [2026-01-17T07:57:32.809+0000] {dagbag.py:588} INFO - Filling up the DagBag from /opt/airflow/dags/tg_store_users.py
[2026-01-17T07:57:33.504+0000] {processor.py:925} INFO - DAG(s) 'tg_store_users' retrieved from /opt/airflow/dags/tg_store_users.py
[2026-01-17T07:57:33.527+0000] {logging_mixin.py:190} INFO - [2026-01-17T07:57:33.526+0000] {dag.py:3239} INFO - Sync 1 DAGs
[2026-01-17T07:57:33.549+0000] {logging_mixin.py:190} INFO - [2026-01-17T07:57:33.549+0000] {dag.py:4180} INFO - Setting next_dagrun for tg_store_users to None, run_after=None
[2026-01-17T07:57:33.578+0000] {processor.py:208} INFO - Processing /opt/airflow/dags/tg_store_users.py took 0.787 seconds
[2026-01-17T07:58:03.827+0000] {processor.py:186} INFO - Started process (PID=15105) to work on /opt/airflow/dags/tg_store_users.py
[2026-01-17T07:58:03.828+0000] {processor.py:914} INFO - Processing file /opt/airflow/dags/tg_store_users.py for tasks to queue
[2026-01-17T07:58:03.830+0000] {logging_mixin.py:190} INFO - [2026-01-17T07:58:03.830+0000] {dagbag.py:588} INFO - Filling up the DagBag from /opt/airflow/dags/tg_store_users.py
[2026-01-17T07:58:04.400+0000] {processor.py:925} INFO - DAG(s) 'tg_store_users' retrieved from /opt/airflow/dags/tg_store_users.py
[2026-01-17T07:58:04.426+0000] {logging_mixin.py:190} INFO - [2026-01-17T07:58:04.426+0000] {dag.py:3239} INFO - Sync 1 DAGs
[2026-01-17T07:58:04.454+0000] {logging_mixin.py:190} INFO - [2026-01-17T07:58:04.454+0000] {dag.py:4180} INFO - Setting next_dagrun for tg_store_users to None, run_after=None
[2026-01-17T07:58:04.500+0000] {processor.py:208} INFO - Processing /opt/airflow/dags/tg_store_users.py took 0.681 seconds
[2026-01-17T07:58:34.960+0000] {processor.py:186} INFO - Started process (PID=15129) to work on /opt/airflow/dags/tg_store_users.py
[2026-01-17T07:58:34.961+0000] {processor.py:914} INFO - Processing file /opt/airflow/dags/tg_store_users.py for tasks to queue
[2026-01-17T07:58:34.963+0000] {logging_mixin.py:190} INFO - [2026-01-17T07:58:34.962+0000] {dagbag.py:588} INFO - Filling up the DagBag from /opt/airflow/dags/tg_store_users.py
[2026-01-17T07:58:35.546+0000] {processor.py:925} INFO - DAG(s) 'tg_store_users' retrieved from /opt/airflow/dags/tg_store_users.py
[2026-01-17T07:58:35.575+0000] {logging_mixin.py:190} INFO - [2026-01-17T07:58:35.575+0000] {dag.py:3239} INFO - Sync 1 DAGs
[2026-01-17T07:58:35.597+0000] {logging_mixin.py:190} INFO - [2026-01-17T07:58:35.596+0000] {dag.py:4180} INFO - Setting next_dagrun for tg_store_users to None, run_after=None
[2026-01-17T07:58:35.643+0000] {processor.py:208} INFO - Processing /opt/airflow/dags/tg_store_users.py took 0.696 seconds
[2026-01-17T07:59:05.813+0000] {processor.py:186} INFO - Started process (PID=15153) to work on /opt/airflow/dags/tg_store_users.py
[2026-01-17T07:59:05.814+0000] {processor.py:914} INFO - Processing file /opt/airflow/dags/tg_store_users.py for tasks to queue
[2026-01-17T07:59:05.815+0000] {logging_mixin.py:190} INFO - [2026-01-17T07:59:05.815+0000] {dagbag.py:588} INFO - Filling up the DagBag from /opt/airflow/dags/tg_store_users.py
[2026-01-17T07:59:06.382+0000] {processor.py:925} INFO - DAG(s) 'tg_store_users' retrieved from /opt/airflow/dags/tg_store_users.py
[2026-01-17T07:59:06.407+0000] {logging_mixin.py:190} INFO - [2026-01-17T07:59:06.407+0000] {dag.py:3239} INFO - Sync 1 DAGs
[2026-01-17T07:59:06.431+0000] {logging_mixin.py:190} INFO - [2026-01-17T07:59:06.431+0000] {dag.py:4180} INFO - Setting next_dagrun for tg_store_users to None, run_after=None
[2026-01-17T07:59:06.456+0000] {processor.py:208} INFO - Processing /opt/airflow/dags/tg_store_users.py took 0.653 seconds
[2026-01-17T07:59:36.875+0000] {processor.py:186} INFO - Started process (PID=15177) to work on /opt/airflow/dags/tg_store_users.py
[2026-01-17T07:59:36.879+0000] {processor.py:914} INFO - Processing file /opt/airflow/dags/tg_store_users.py for tasks to queue
[2026-01-17T07:59:36.884+0000] {logging_mixin.py:190} INFO - [2026-01-17T07:59:36.883+0000] {dagbag.py:588} INFO - Filling up the DagBag from /opt/airflow/dags/tg_store_users.py
[2026-01-17T07:59:37.439+0000] {processor.py:925} INFO - DAG(s) 'tg_store_users' retrieved from /opt/airflow/dags/tg_store_users.py
[2026-01-17T07:59:37.469+0000] {logging_mixin.py:190} INFO - [2026-01-17T07:59:37.469+0000] {dag.py:3239} INFO - Sync 1 DAGs
[2026-01-17T07:59:37.492+0000] {logging_mixin.py:190} INFO - [2026-01-17T07:59:37.492+0000] {dag.py:4180} INFO - Setting next_dagrun for tg_store_users to None, run_after=None
[2026-01-17T07:59:37.526+0000] {processor.py:208} INFO - Processing /opt/airflow/dags/tg_store_users.py took 0.677 seconds
[2026-01-17T08:00:08.018+0000] {processor.py:186} INFO - Started process (PID=15201) to work on /opt/airflow/dags/tg_store_users.py
[2026-01-17T08:00:08.019+0000] {processor.py:914} INFO - Processing file /opt/airflow/dags/tg_store_users.py for tasks to queue
[2026-01-17T08:00:08.021+0000] {logging_mixin.py:190} INFO - [2026-01-17T08:00:08.020+0000] {dagbag.py:588} INFO - Filling up the DagBag from /opt/airflow/dags/tg_store_users.py
[2026-01-17T08:00:08.548+0000] {processor.py:925} INFO - DAG(s) 'tg_store_users' retrieved from /opt/airflow/dags/tg_store_users.py
[2026-01-17T08:00:08.577+0000] {logging_mixin.py:190} INFO - [2026-01-17T08:00:08.577+0000] {dag.py:3239} INFO - Sync 1 DAGs
[2026-01-17T08:00:08.605+0000] {logging_mixin.py:190} INFO - [2026-01-17T08:00:08.604+0000] {dag.py:4180} INFO - Setting next_dagrun for tg_store_users to None, run_after=None
[2026-01-17T08:00:08.633+0000] {processor.py:208} INFO - Processing /opt/airflow/dags/tg_store_users.py took 0.623 seconds
[2026-01-17T08:00:39.075+0000] {processor.py:186} INFO - Started process (PID=15225) to work on /opt/airflow/dags/tg_store_users.py
[2026-01-17T08:00:39.076+0000] {processor.py:914} INFO - Processing file /opt/airflow/dags/tg_store_users.py for tasks to queue
[2026-01-17T08:00:39.079+0000] {logging_mixin.py:190} INFO - [2026-01-17T08:00:39.078+0000] {dagbag.py:588} INFO - Filling up the DagBag from /opt/airflow/dags/tg_store_users.py
[2026-01-17T08:00:39.754+0000] {processor.py:925} INFO - DAG(s) 'tg_store_users' retrieved from /opt/airflow/dags/tg_store_users.py
[2026-01-17T08:00:39.781+0000] {logging_mixin.py:190} INFO - [2026-01-17T08:00:39.780+0000] {dag.py:3239} INFO - Sync 1 DAGs
[2026-01-17T08:00:39.803+0000] {logging_mixin.py:190} INFO - [2026-01-17T08:00:39.803+0000] {dag.py:4180} INFO - Setting next_dagrun for tg_store_users to None, run_after=None
[2026-01-17T08:00:39.826+0000] {processor.py:208} INFO - Processing /opt/airflow/dags/tg_store_users.py took 0.766 seconds
[2026-01-17T08:01:10.311+0000] {processor.py:186} INFO - Started process (PID=15249) to work on /opt/airflow/dags/tg_store_users.py
[2026-01-17T08:01:10.313+0000] {processor.py:914} INFO - Processing file /opt/airflow/dags/tg_store_users.py for tasks to queue
[2026-01-17T08:01:10.316+0000] {logging_mixin.py:190} INFO - [2026-01-17T08:01:10.315+0000] {dagbag.py:588} INFO - Filling up the DagBag from /opt/airflow/dags/tg_store_users.py
[2026-01-17T08:01:10.935+0000] {processor.py:925} INFO - DAG(s) 'tg_store_users' retrieved from /opt/airflow/dags/tg_store_users.py
[2026-01-17T08:01:10.965+0000] {logging_mixin.py:190} INFO - [2026-01-17T08:01:10.965+0000] {dag.py:3239} INFO - Sync 1 DAGs
[2026-01-17T08:01:10.992+0000] {logging_mixin.py:190} INFO - [2026-01-17T08:01:10.992+0000] {dag.py:4180} INFO - Setting next_dagrun for tg_store_users to None, run_after=None
[2026-01-17T08:01:11.030+0000] {processor.py:208} INFO - Processing /opt/airflow/dags/tg_store_users.py took 0.739 seconds
[2026-01-17T08:01:41.415+0000] {processor.py:186} INFO - Started process (PID=15273) to work on /opt/airflow/dags/tg_store_users.py
[2026-01-17T08:01:41.417+0000] {processor.py:914} INFO - Processing file /opt/airflow/dags/tg_store_users.py for tasks to queue
[2026-01-17T08:01:41.419+0000] {logging_mixin.py:190} INFO - [2026-01-17T08:01:41.418+0000] {dagbag.py:588} INFO - Filling up the DagBag from /opt/airflow/dags/tg_store_users.py
[2026-01-17T08:01:42.006+0000] {processor.py:925} INFO - DAG(s) 'tg_store_users' retrieved from /opt/airflow/dags/tg_store_users.py
[2026-01-17T08:01:42.032+0000] {logging_mixin.py:190} INFO - [2026-01-17T08:01:42.032+0000] {dag.py:3239} INFO - Sync 1 DAGs
[2026-01-17T08:01:42.054+0000] {logging_mixin.py:190} INFO - [2026-01-17T08:01:42.054+0000] {dag.py:4180} INFO - Setting next_dagrun for tg_store_users to None, run_after=None
[2026-01-17T08:01:42.077+0000] {processor.py:208} INFO - Processing /opt/airflow/dags/tg_store_users.py took 0.671 seconds
[2026-01-17T08:02:12.476+0000] {processor.py:186} INFO - Started process (PID=15297) to work on /opt/airflow/dags/tg_store_users.py
[2026-01-17T08:02:12.477+0000] {processor.py:914} INFO - Processing file /opt/airflow/dags/tg_store_users.py for tasks to queue
[2026-01-17T08:02:12.478+0000] {logging_mixin.py:190} INFO - [2026-01-17T08:02:12.478+0000] {dagbag.py:588} INFO - Filling up the DagBag from /opt/airflow/dags/tg_store_users.py
[2026-01-17T08:02:12.991+0000] {processor.py:925} INFO - DAG(s) 'tg_store_users' retrieved from /opt/airflow/dags/tg_store_users.py
[2026-01-17T08:02:13.025+0000] {logging_mixin.py:190} INFO - [2026-01-17T08:02:13.024+0000] {dag.py:3239} INFO - Sync 1 DAGs
[2026-01-17T08:02:13.051+0000] {logging_mixin.py:190} INFO - [2026-01-17T08:02:13.051+0000] {dag.py:4180} INFO - Setting next_dagrun for tg_store_users to None, run_after=None
[2026-01-17T08:02:13.088+0000] {processor.py:208} INFO - Processing /opt/airflow/dags/tg_store_users.py took 0.619 seconds
[2026-01-17T08:02:43.307+0000] {processor.py:186} INFO - Started process (PID=15321) to work on /opt/airflow/dags/tg_store_users.py
[2026-01-17T08:02:43.309+0000] {processor.py:914} INFO - Processing file /opt/airflow/dags/tg_store_users.py for tasks to queue
[2026-01-17T08:02:43.311+0000] {logging_mixin.py:190} INFO - [2026-01-17T08:02:43.310+0000] {dagbag.py:588} INFO - Filling up the DagBag from /opt/airflow/dags/tg_store_users.py
[2026-01-17T08:02:43.969+0000] {processor.py:925} INFO - DAG(s) 'tg_store_users' retrieved from /opt/airflow/dags/tg_store_users.py
[2026-01-17T08:02:43.995+0000] {logging_mixin.py:190} INFO - [2026-01-17T08:02:43.994+0000] {dag.py:3239} INFO - Sync 1 DAGs
[2026-01-17T08:02:44.021+0000] {logging_mixin.py:190} INFO - [2026-01-17T08:02:44.020+0000] {dag.py:4180} INFO - Setting next_dagrun for tg_store_users to None, run_after=None
[2026-01-17T08:02:44.053+0000] {processor.py:208} INFO - Processing /opt/airflow/dags/tg_store_users.py took 0.763 seconds
[2026-01-17T08:03:14.152+0000] {processor.py:186} INFO - Started process (PID=15345) to work on /opt/airflow/dags/tg_store_users.py
[2026-01-17T08:03:14.154+0000] {processor.py:914} INFO - Processing file /opt/airflow/dags/tg_store_users.py for tasks to queue
[2026-01-17T08:03:14.156+0000] {logging_mixin.py:190} INFO - [2026-01-17T08:03:14.156+0000] {dagbag.py:588} INFO - Filling up the DagBag from /opt/airflow/dags/tg_store_users.py
[2026-01-17T08:03:14.772+0000] {processor.py:925} INFO - DAG(s) 'tg_store_users' retrieved from /opt/airflow/dags/tg_store_users.py
[2026-01-17T08:03:14.796+0000] {logging_mixin.py:190} INFO - [2026-01-17T08:03:14.795+0000] {dag.py:3239} INFO - Sync 1 DAGs
[2026-01-17T08:03:14.816+0000] {logging_mixin.py:190} INFO - [2026-01-17T08:03:14.815+0000] {dag.py:4180} INFO - Setting next_dagrun for tg_store_users to None, run_after=None
[2026-01-17T08:03:14.848+0000] {processor.py:208} INFO - Processing /opt/airflow/dags/tg_store_users.py took 0.707 seconds
[2026-01-17T08:03:45.240+0000] {processor.py:186} INFO - Started process (PID=15369) to work on /opt/airflow/dags/tg_store_users.py
[2026-01-17T08:03:45.241+0000] {processor.py:914} INFO - Processing file /opt/airflow/dags/tg_store_users.py for tasks to queue
[2026-01-17T08:03:45.243+0000] {logging_mixin.py:190} INFO - [2026-01-17T08:03:45.242+0000] {dagbag.py:588} INFO - Filling up the DagBag from /opt/airflow/dags/tg_store_users.py
[2026-01-17T08:03:45.744+0000] {processor.py:925} INFO - DAG(s) 'tg_store_users' retrieved from /opt/airflow/dags/tg_store_users.py
[2026-01-17T08:03:45.773+0000] {logging_mixin.py:190} INFO - [2026-01-17T08:03:45.773+0000] {dag.py:3239} INFO - Sync 1 DAGs
[2026-01-17T08:03:45.800+0000] {logging_mixin.py:190} INFO - [2026-01-17T08:03:45.800+0000] {dag.py:4180} INFO - Setting next_dagrun for tg_store_users to None, run_after=None
[2026-01-17T08:03:45.847+0000] {processor.py:208} INFO - Processing /opt/airflow/dags/tg_store_users.py took 0.619 seconds
[2026-01-17T08:04:16.082+0000] {processor.py:186} INFO - Started process (PID=15393) to work on /opt/airflow/dags/tg_store_users.py
[2026-01-17T08:04:16.083+0000] {processor.py:914} INFO - Processing file /opt/airflow/dags/tg_store_users.py for tasks to queue
[2026-01-17T08:04:16.085+0000] {logging_mixin.py:190} INFO - [2026-01-17T08:04:16.085+0000] {dagbag.py:588} INFO - Filling up the DagBag from /opt/airflow/dags/tg_store_users.py
[2026-01-17T08:04:16.823+0000] {processor.py:925} INFO - DAG(s) 'tg_store_users' retrieved from /opt/airflow/dags/tg_store_users.py
[2026-01-17T08:04:16.860+0000] {logging_mixin.py:190} INFO - [2026-01-17T08:04:16.859+0000] {dag.py:3239} INFO - Sync 1 DAGs
[2026-01-17T08:04:16.896+0000] {logging_mixin.py:190} INFO - [2026-01-17T08:04:16.896+0000] {dag.py:4180} INFO - Setting next_dagrun for tg_store_users to None, run_after=None
[2026-01-17T08:04:16.925+0000] {processor.py:208} INFO - Processing /opt/airflow/dags/tg_store_users.py took 0.853 seconds
[2026-01-17T08:04:47.133+0000] {processor.py:186} INFO - Started process (PID=15417) to work on /opt/airflow/dags/tg_store_users.py
[2026-01-17T08:04:47.134+0000] {processor.py:914} INFO - Processing file /opt/airflow/dags/tg_store_users.py for tasks to queue
[2026-01-17T08:04:47.136+0000] {logging_mixin.py:190} INFO - [2026-01-17T08:04:47.136+0000] {dagbag.py:588} INFO - Filling up the DagBag from /opt/airflow/dags/tg_store_users.py
[2026-01-17T08:04:47.899+0000] {processor.py:925} INFO - DAG(s) 'tg_store_users' retrieved from /opt/airflow/dags/tg_store_users.py
[2026-01-17T08:04:47.947+0000] {logging_mixin.py:190} INFO - [2026-01-17T08:04:47.946+0000] {dag.py:3239} INFO - Sync 1 DAGs
[2026-01-17T08:04:47.982+0000] {logging_mixin.py:190} INFO - [2026-01-17T08:04:47.981+0000] {dag.py:4180} INFO - Setting next_dagrun for tg_store_users to None, run_after=None
[2026-01-17T08:04:48.022+0000] {processor.py:208} INFO - Processing /opt/airflow/dags/tg_store_users.py took 0.898 seconds
[2026-01-17T08:05:18.265+0000] {processor.py:186} INFO - Started process (PID=15441) to work on /opt/airflow/dags/tg_store_users.py
[2026-01-17T08:05:18.270+0000] {processor.py:914} INFO - Processing file /opt/airflow/dags/tg_store_users.py for tasks to queue
[2026-01-17T08:05:18.272+0000] {logging_mixin.py:190} INFO - [2026-01-17T08:05:18.272+0000] {dagbag.py:588} INFO - Filling up the DagBag from /opt/airflow/dags/tg_store_users.py
[2026-01-17T08:05:18.826+0000] {processor.py:925} INFO - DAG(s) 'tg_store_users' retrieved from /opt/airflow/dags/tg_store_users.py
[2026-01-17T08:05:18.850+0000] {logging_mixin.py:190} INFO - [2026-01-17T08:05:18.849+0000] {dag.py:3239} INFO - Sync 1 DAGs
[2026-01-17T08:05:18.873+0000] {logging_mixin.py:190} INFO - [2026-01-17T08:05:18.872+0000] {dag.py:4180} INFO - Setting next_dagrun for tg_store_users to None, run_after=None
[2026-01-17T08:05:18.899+0000] {processor.py:208} INFO - Processing /opt/airflow/dags/tg_store_users.py took 0.644 seconds
[2026-01-17T08:05:49.117+0000] {processor.py:186} INFO - Started process (PID=15470) to work on /opt/airflow/dags/tg_store_users.py
[2026-01-17T08:05:49.120+0000] {processor.py:914} INFO - Processing file /opt/airflow/dags/tg_store_users.py for tasks to queue
[2026-01-17T08:05:49.123+0000] {logging_mixin.py:190} INFO - [2026-01-17T08:05:49.122+0000] {dagbag.py:588} INFO - Filling up the DagBag from /opt/airflow/dags/tg_store_users.py
[2026-01-17T08:05:49.734+0000] {processor.py:925} INFO - DAG(s) 'tg_store_users' retrieved from /opt/airflow/dags/tg_store_users.py
[2026-01-17T08:05:49.757+0000] {logging_mixin.py:190} INFO - [2026-01-17T08:05:49.757+0000] {dag.py:3239} INFO - Sync 1 DAGs
[2026-01-17T08:05:49.778+0000] {logging_mixin.py:190} INFO - [2026-01-17T08:05:49.778+0000] {dag.py:4180} INFO - Setting next_dagrun for tg_store_users to None, run_after=None
[2026-01-17T08:05:49.813+0000] {processor.py:208} INFO - Processing /opt/airflow/dags/tg_store_users.py took 0.709 seconds
[2026-01-17T08:06:20.099+0000] {processor.py:186} INFO - Started process (PID=15495) to work on /opt/airflow/dags/tg_store_users.py
[2026-01-17T08:06:20.101+0000] {processor.py:914} INFO - Processing file /opt/airflow/dags/tg_store_users.py for tasks to queue
[2026-01-17T08:06:20.103+0000] {logging_mixin.py:190} INFO - [2026-01-17T08:06:20.102+0000] {dagbag.py:588} INFO - Filling up the DagBag from /opt/airflow/dags/tg_store_users.py
[2026-01-17T08:06:20.626+0000] {processor.py:925} INFO - DAG(s) 'tg_store_users' retrieved from /opt/airflow/dags/tg_store_users.py
[2026-01-17T08:06:20.648+0000] {logging_mixin.py:190} INFO - [2026-01-17T08:06:20.648+0000] {dag.py:3239} INFO - Sync 1 DAGs
[2026-01-17T08:06:20.670+0000] {logging_mixin.py:190} INFO - [2026-01-17T08:06:20.670+0000] {dag.py:4180} INFO - Setting next_dagrun for tg_store_users to None, run_after=None
[2026-01-17T08:06:20.703+0000] {processor.py:208} INFO - Processing /opt/airflow/dags/tg_store_users.py took 0.617 seconds
[2026-01-17T08:06:51.125+0000] {processor.py:186} INFO - Started process (PID=15519) to work on /opt/airflow/dags/tg_store_users.py
[2026-01-17T08:06:51.127+0000] {processor.py:914} INFO - Processing file /opt/airflow/dags/tg_store_users.py for tasks to queue
[2026-01-17T08:06:51.129+0000] {logging_mixin.py:190} INFO - [2026-01-17T08:06:51.128+0000] {dagbag.py:588} INFO - Filling up the DagBag from /opt/airflow/dags/tg_store_users.py
[2026-01-17T08:06:51.675+0000] {processor.py:925} INFO - DAG(s) 'tg_store_users' retrieved from /opt/airflow/dags/tg_store_users.py
[2026-01-17T08:06:51.698+0000] {logging_mixin.py:190} INFO - [2026-01-17T08:06:51.698+0000] {dag.py:3239} INFO - Sync 1 DAGs
[2026-01-17T08:06:51.726+0000] {logging_mixin.py:190} INFO - [2026-01-17T08:06:51.726+0000] {dag.py:4180} INFO - Setting next_dagrun for tg_store_users to None, run_after=None
[2026-01-17T08:06:51.757+0000] {processor.py:208} INFO - Processing /opt/airflow/dags/tg_store_users.py took 0.647 seconds
[2026-01-17T08:07:22.231+0000] {processor.py:186} INFO - Started process (PID=15543) to work on /opt/airflow/dags/tg_store_users.py
[2026-01-17T08:07:22.235+0000] {processor.py:914} INFO - Processing file /opt/airflow/dags/tg_store_users.py for tasks to queue
[2026-01-17T08:07:22.236+0000] {logging_mixin.py:190} INFO - [2026-01-17T08:07:22.236+0000] {dagbag.py:588} INFO - Filling up the DagBag from /opt/airflow/dags/tg_store_users.py
[2026-01-17T08:07:22.882+0000] {processor.py:925} INFO - DAG(s) 'tg_store_users' retrieved from /opt/airflow/dags/tg_store_users.py
[2026-01-17T08:07:22.904+0000] {logging_mixin.py:190} INFO - [2026-01-17T08:07:22.903+0000] {dag.py:3239} INFO - Sync 1 DAGs
[2026-01-17T08:07:22.926+0000] {logging_mixin.py:190} INFO - [2026-01-17T08:07:22.925+0000] {dag.py:4180} INFO - Setting next_dagrun for tg_store_users to None, run_after=None
[2026-01-17T08:07:22.949+0000] {processor.py:208} INFO - Processing /opt/airflow/dags/tg_store_users.py took 0.737 seconds
[2026-01-17T08:07:53.257+0000] {processor.py:186} INFO - Started process (PID=15567) to work on /opt/airflow/dags/tg_store_users.py
[2026-01-17T08:07:53.259+0000] {processor.py:914} INFO - Processing file /opt/airflow/dags/tg_store_users.py for tasks to queue
[2026-01-17T08:07:53.260+0000] {logging_mixin.py:190} INFO - [2026-01-17T08:07:53.260+0000] {dagbag.py:588} INFO - Filling up the DagBag from /opt/airflow/dags/tg_store_users.py
[2026-01-17T08:07:53.787+0000] {processor.py:925} INFO - DAG(s) 'tg_store_users' retrieved from /opt/airflow/dags/tg_store_users.py
[2026-01-17T08:07:53.815+0000] {logging_mixin.py:190} INFO - [2026-01-17T08:07:53.815+0000] {dag.py:3239} INFO - Sync 1 DAGs
[2026-01-17T08:07:53.840+0000] {logging_mixin.py:190} INFO - [2026-01-17T08:07:53.840+0000] {dag.py:4180} INFO - Setting next_dagrun for tg_store_users to None, run_after=None
[2026-01-17T08:07:53.870+0000] {processor.py:208} INFO - Processing /opt/airflow/dags/tg_store_users.py took 0.625 seconds
[2026-01-17T08:08:24.462+0000] {processor.py:186} INFO - Started process (PID=15591) to work on /opt/airflow/dags/tg_store_users.py
[2026-01-17T08:08:24.464+0000] {processor.py:914} INFO - Processing file /opt/airflow/dags/tg_store_users.py for tasks to queue
[2026-01-17T08:08:24.466+0000] {logging_mixin.py:190} INFO - [2026-01-17T08:08:24.465+0000] {dagbag.py:588} INFO - Filling up the DagBag from /opt/airflow/dags/tg_store_users.py
[2026-01-17T08:08:25.017+0000] {processor.py:925} INFO - DAG(s) 'tg_store_users' retrieved from /opt/airflow/dags/tg_store_users.py
[2026-01-17T08:08:25.037+0000] {logging_mixin.py:190} INFO - [2026-01-17T08:08:25.036+0000] {dag.py:3239} INFO - Sync 1 DAGs
[2026-01-17T08:08:25.056+0000] {logging_mixin.py:190} INFO - [2026-01-17T08:08:25.056+0000] {dag.py:4180} INFO - Setting next_dagrun for tg_store_users to None, run_after=None
[2026-01-17T08:08:25.081+0000] {processor.py:208} INFO - Processing /opt/airflow/dags/tg_store_users.py took 0.631 seconds
[2026-01-17T08:08:55.476+0000] {processor.py:186} INFO - Started process (PID=15615) to work on /opt/airflow/dags/tg_store_users.py
[2026-01-17T08:08:55.477+0000] {processor.py:914} INFO - Processing file /opt/airflow/dags/tg_store_users.py for tasks to queue
[2026-01-17T08:08:55.480+0000] {logging_mixin.py:190} INFO - [2026-01-17T08:08:55.479+0000] {dagbag.py:588} INFO - Filling up the DagBag from /opt/airflow/dags/tg_store_users.py
[2026-01-17T08:08:56.076+0000] {processor.py:925} INFO - DAG(s) 'tg_store_users' retrieved from /opt/airflow/dags/tg_store_users.py
[2026-01-17T08:08:56.102+0000] {logging_mixin.py:190} INFO - [2026-01-17T08:08:56.102+0000] {dag.py:3239} INFO - Sync 1 DAGs
[2026-01-17T08:08:56.130+0000] {logging_mixin.py:190} INFO - [2026-01-17T08:08:56.130+0000] {dag.py:4180} INFO - Setting next_dagrun for tg_store_users to None, run_after=None
[2026-01-17T08:08:56.160+0000] {processor.py:208} INFO - Processing /opt/airflow/dags/tg_store_users.py took 0.698 seconds
[2026-01-17T08:09:26.406+0000] {processor.py:186} INFO - Started process (PID=15639) to work on /opt/airflow/dags/tg_store_users.py
[2026-01-17T08:09:26.407+0000] {processor.py:914} INFO - Processing file /opt/airflow/dags/tg_store_users.py for tasks to queue
[2026-01-17T08:09:26.409+0000] {logging_mixin.py:190} INFO - [2026-01-17T08:09:26.408+0000] {dagbag.py:588} INFO - Filling up the DagBag from /opt/airflow/dags/tg_store_users.py
[2026-01-17T08:09:26.956+0000] {processor.py:925} INFO - DAG(s) 'tg_store_users' retrieved from /opt/airflow/dags/tg_store_users.py
[2026-01-17T08:09:26.978+0000] {logging_mixin.py:190} INFO - [2026-01-17T08:09:26.978+0000] {dag.py:3239} INFO - Sync 1 DAGs
[2026-01-17T08:09:26.999+0000] {logging_mixin.py:190} INFO - [2026-01-17T08:09:26.998+0000] {dag.py:4180} INFO - Setting next_dagrun for tg_store_users to None, run_after=None
[2026-01-17T08:09:27.028+0000] {processor.py:208} INFO - Processing /opt/airflow/dags/tg_store_users.py took 0.634 seconds
[2026-01-17T08:09:57.645+0000] {processor.py:186} INFO - Started process (PID=15663) to work on /opt/airflow/dags/tg_store_users.py
[2026-01-17T08:09:57.646+0000] {processor.py:914} INFO - Processing file /opt/airflow/dags/tg_store_users.py for tasks to queue
[2026-01-17T08:09:57.648+0000] {logging_mixin.py:190} INFO - [2026-01-17T08:09:57.648+0000] {dagbag.py:588} INFO - Filling up the DagBag from /opt/airflow/dags/tg_store_users.py
[2026-01-17T08:09:58.170+0000] {processor.py:925} INFO - DAG(s) 'tg_store_users' retrieved from /opt/airflow/dags/tg_store_users.py
[2026-01-17T08:09:58.196+0000] {logging_mixin.py:190} INFO - [2026-01-17T08:09:58.195+0000] {dag.py:3239} INFO - Sync 1 DAGs
[2026-01-17T08:09:58.217+0000] {logging_mixin.py:190} INFO - [2026-01-17T08:09:58.216+0000] {dag.py:4180} INFO - Setting next_dagrun for tg_store_users to None, run_after=None
[2026-01-17T08:09:58.244+0000] {processor.py:208} INFO - Processing /opt/airflow/dags/tg_store_users.py took 0.608 seconds
[2026-01-17T08:10:28.945+0000] {processor.py:186} INFO - Started process (PID=15686) to work on /opt/airflow/dags/tg_store_users.py
[2026-01-17T08:10:28.947+0000] {processor.py:914} INFO - Processing file /opt/airflow/dags/tg_store_users.py for tasks to queue
[2026-01-17T08:10:28.949+0000] {logging_mixin.py:190} INFO - [2026-01-17T08:10:28.948+0000] {dagbag.py:588} INFO - Filling up the DagBag from /opt/airflow/dags/tg_store_users.py
[2026-01-17T08:10:29.593+0000] {processor.py:925} INFO - DAG(s) 'tg_store_users' retrieved from /opt/airflow/dags/tg_store_users.py
[2026-01-17T08:10:29.616+0000] {logging_mixin.py:190} INFO - [2026-01-17T08:10:29.616+0000] {dag.py:3239} INFO - Sync 1 DAGs
[2026-01-17T08:10:29.636+0000] {logging_mixin.py:190} INFO - [2026-01-17T08:10:29.636+0000] {dag.py:4180} INFO - Setting next_dagrun for tg_store_users to None, run_after=None
[2026-01-17T08:10:29.673+0000] {processor.py:208} INFO - Processing /opt/airflow/dags/tg_store_users.py took 0.741 seconds
[2026-01-17T08:10:59.919+0000] {processor.py:186} INFO - Started process (PID=15710) to work on /opt/airflow/dags/tg_store_users.py
[2026-01-17T08:10:59.920+0000] {processor.py:914} INFO - Processing file /opt/airflow/dags/tg_store_users.py for tasks to queue
[2026-01-17T08:10:59.921+0000] {logging_mixin.py:190} INFO - [2026-01-17T08:10:59.921+0000] {dagbag.py:588} INFO - Filling up the DagBag from /opt/airflow/dags/tg_store_users.py
[2026-01-17T08:11:00.495+0000] {processor.py:925} INFO - DAG(s) 'tg_store_users' retrieved from /opt/airflow/dags/tg_store_users.py
[2026-01-17T08:11:00.516+0000] {logging_mixin.py:190} INFO - [2026-01-17T08:11:00.515+0000] {dag.py:3239} INFO - Sync 1 DAGs
[2026-01-17T08:11:00.537+0000] {logging_mixin.py:190} INFO - [2026-01-17T08:11:00.537+0000] {dag.py:4180} INFO - Setting next_dagrun for tg_store_users to None, run_after=None
[2026-01-17T08:11:00.566+0000] {processor.py:208} INFO - Processing /opt/airflow/dags/tg_store_users.py took 0.656 seconds
[2026-01-17T08:11:30.826+0000] {processor.py:186} INFO - Started process (PID=15735) to work on /opt/airflow/dags/tg_store_users.py
[2026-01-17T08:11:30.827+0000] {processor.py:914} INFO - Processing file /opt/airflow/dags/tg_store_users.py for tasks to queue
[2026-01-17T08:11:30.829+0000] {logging_mixin.py:190} INFO - [2026-01-17T08:11:30.828+0000] {dagbag.py:588} INFO - Filling up the DagBag from /opt/airflow/dags/tg_store_users.py
[2026-01-17T08:11:31.379+0000] {processor.py:925} INFO - DAG(s) 'tg_store_users' retrieved from /opt/airflow/dags/tg_store_users.py
[2026-01-17T08:11:31.407+0000] {logging_mixin.py:190} INFO - [2026-01-17T08:11:31.406+0000] {dag.py:3239} INFO - Sync 1 DAGs
[2026-01-17T08:11:31.431+0000] {logging_mixin.py:190} INFO - [2026-01-17T08:11:31.431+0000] {dag.py:4180} INFO - Setting next_dagrun for tg_store_users to None, run_after=None
[2026-01-17T08:11:31.466+0000] {processor.py:208} INFO - Processing /opt/airflow/dags/tg_store_users.py took 0.650 seconds
[2026-01-17T08:12:01.746+0000] {processor.py:186} INFO - Started process (PID=15759) to work on /opt/airflow/dags/tg_store_users.py
[2026-01-17T08:12:01.747+0000] {processor.py:914} INFO - Processing file /opt/airflow/dags/tg_store_users.py for tasks to queue
[2026-01-17T08:12:01.749+0000] {logging_mixin.py:190} INFO - [2026-01-17T08:12:01.748+0000] {dagbag.py:588} INFO - Filling up the DagBag from /opt/airflow/dags/tg_store_users.py
[2026-01-17T08:12:02.278+0000] {processor.py:925} INFO - DAG(s) 'tg_store_users' retrieved from /opt/airflow/dags/tg_store_users.py
[2026-01-17T08:12:02.302+0000] {logging_mixin.py:190} INFO - [2026-01-17T08:12:02.301+0000] {dag.py:3239} INFO - Sync 1 DAGs
[2026-01-17T08:12:02.326+0000] {logging_mixin.py:190} INFO - [2026-01-17T08:12:02.325+0000] {dag.py:4180} INFO - Setting next_dagrun for tg_store_users to None, run_after=None
[2026-01-17T08:12:02.361+0000] {processor.py:208} INFO - Processing /opt/airflow/dags/tg_store_users.py took 0.626 seconds
[2026-01-17T08:12:33.205+0000] {processor.py:186} INFO - Started process (PID=15783) to work on /opt/airflow/dags/tg_store_users.py
[2026-01-17T08:12:33.207+0000] {processor.py:914} INFO - Processing file /opt/airflow/dags/tg_store_users.py for tasks to queue
[2026-01-17T08:12:33.209+0000] {logging_mixin.py:190} INFO - [2026-01-17T08:12:33.209+0000] {dagbag.py:588} INFO - Filling up the DagBag from /opt/airflow/dags/tg_store_users.py
[2026-01-17T08:12:33.729+0000] {processor.py:925} INFO - DAG(s) 'tg_store_users' retrieved from /opt/airflow/dags/tg_store_users.py
[2026-01-17T08:12:33.749+0000] {logging_mixin.py:190} INFO - [2026-01-17T08:12:33.749+0000] {dag.py:3239} INFO - Sync 1 DAGs
[2026-01-17T08:12:33.771+0000] {logging_mixin.py:190} INFO - [2026-01-17T08:12:33.770+0000] {dag.py:4180} INFO - Setting next_dagrun for tg_store_users to None, run_after=None
[2026-01-17T08:12:33.806+0000] {processor.py:208} INFO - Processing /opt/airflow/dags/tg_store_users.py took 0.614 seconds
[2026-01-17T08:13:04.464+0000] {processor.py:186} INFO - Started process (PID=15807) to work on /opt/airflow/dags/tg_store_users.py
[2026-01-17T08:13:04.466+0000] {processor.py:914} INFO - Processing file /opt/airflow/dags/tg_store_users.py for tasks to queue
[2026-01-17T08:13:04.468+0000] {logging_mixin.py:190} INFO - [2026-01-17T08:13:04.467+0000] {dagbag.py:588} INFO - Filling up the DagBag from /opt/airflow/dags/tg_store_users.py
[2026-01-17T08:13:05.005+0000] {processor.py:925} INFO - DAG(s) 'tg_store_users' retrieved from /opt/airflow/dags/tg_store_users.py
[2026-01-17T08:13:05.027+0000] {logging_mixin.py:190} INFO - [2026-01-17T08:13:05.027+0000] {dag.py:3239} INFO - Sync 1 DAGs
[2026-01-17T08:13:05.050+0000] {logging_mixin.py:190} INFO - [2026-01-17T08:13:05.049+0000] {dag.py:4180} INFO - Setting next_dagrun for tg_store_users to None, run_after=None
[2026-01-17T08:13:05.091+0000] {processor.py:208} INFO - Processing /opt/airflow/dags/tg_store_users.py took 0.639 seconds
[2026-01-17T08:13:35.618+0000] {processor.py:186} INFO - Started process (PID=15831) to work on /opt/airflow/dags/tg_store_users.py
[2026-01-17T08:13:35.619+0000] {processor.py:914} INFO - Processing file /opt/airflow/dags/tg_store_users.py for tasks to queue
[2026-01-17T08:13:35.621+0000] {logging_mixin.py:190} INFO - [2026-01-17T08:13:35.620+0000] {dagbag.py:588} INFO - Filling up the DagBag from /opt/airflow/dags/tg_store_users.py
[2026-01-17T08:13:36.210+0000] {processor.py:925} INFO - DAG(s) 'tg_store_users' retrieved from /opt/airflow/dags/tg_store_users.py
[2026-01-17T08:13:36.238+0000] {logging_mixin.py:190} INFO - [2026-01-17T08:13:36.237+0000] {dag.py:3239} INFO - Sync 1 DAGs
[2026-01-17T08:13:36.262+0000] {logging_mixin.py:190} INFO - [2026-01-17T08:13:36.262+0000] {dag.py:4180} INFO - Setting next_dagrun for tg_store_users to None, run_after=None
[2026-01-17T08:13:36.289+0000] {processor.py:208} INFO - Processing /opt/airflow/dags/tg_store_users.py took 0.682 seconds
[2026-01-17T08:14:06.494+0000] {processor.py:186} INFO - Started process (PID=15855) to work on /opt/airflow/dags/tg_store_users.py
[2026-01-17T08:14:06.495+0000] {processor.py:914} INFO - Processing file /opt/airflow/dags/tg_store_users.py for tasks to queue
[2026-01-17T08:14:06.497+0000] {logging_mixin.py:190} INFO - [2026-01-17T08:14:06.497+0000] {dagbag.py:588} INFO - Filling up the DagBag from /opt/airflow/dags/tg_store_users.py
[2026-01-17T08:14:07.022+0000] {processor.py:925} INFO - DAG(s) 'tg_store_users' retrieved from /opt/airflow/dags/tg_store_users.py
[2026-01-17T08:14:07.053+0000] {logging_mixin.py:190} INFO - [2026-01-17T08:14:07.052+0000] {dag.py:3239} INFO - Sync 1 DAGs
[2026-01-17T08:14:07.078+0000] {logging_mixin.py:190} INFO - [2026-01-17T08:14:07.078+0000] {dag.py:4180} INFO - Setting next_dagrun for tg_store_users to None, run_after=None
[2026-01-17T08:14:07.122+0000] {processor.py:208} INFO - Processing /opt/airflow/dags/tg_store_users.py took 0.637 seconds
[2026-01-17T08:14:37.769+0000] {processor.py:186} INFO - Started process (PID=15880) to work on /opt/airflow/dags/tg_store_users.py
[2026-01-17T08:14:37.770+0000] {processor.py:914} INFO - Processing file /opt/airflow/dags/tg_store_users.py for tasks to queue
[2026-01-17T08:14:37.772+0000] {logging_mixin.py:190} INFO - [2026-01-17T08:14:37.772+0000] {dagbag.py:588} INFO - Filling up the DagBag from /opt/airflow/dags/tg_store_users.py
[2026-01-17T08:14:38.346+0000] {processor.py:925} INFO - DAG(s) 'tg_store_users' retrieved from /opt/airflow/dags/tg_store_users.py
[2026-01-17T08:14:38.366+0000] {logging_mixin.py:190} INFO - [2026-01-17T08:14:38.366+0000] {dag.py:3239} INFO - Sync 1 DAGs
[2026-01-17T08:14:38.387+0000] {logging_mixin.py:190} INFO - [2026-01-17T08:14:38.387+0000] {dag.py:4180} INFO - Setting next_dagrun for tg_store_users to None, run_after=None
[2026-01-17T08:14:38.430+0000] {processor.py:208} INFO - Processing /opt/airflow/dags/tg_store_users.py took 0.674 seconds
[2026-01-17T08:15:08.881+0000] {processor.py:186} INFO - Started process (PID=15904) to work on /opt/airflow/dags/tg_store_users.py
[2026-01-17T08:15:08.882+0000] {processor.py:914} INFO - Processing file /opt/airflow/dags/tg_store_users.py for tasks to queue
[2026-01-17T08:15:08.884+0000] {logging_mixin.py:190} INFO - [2026-01-17T08:15:08.883+0000] {dagbag.py:588} INFO - Filling up the DagBag from /opt/airflow/dags/tg_store_users.py
[2026-01-17T08:15:09.467+0000] {processor.py:925} INFO - DAG(s) 'tg_store_users' retrieved from /opt/airflow/dags/tg_store_users.py
[2026-01-17T08:15:09.488+0000] {logging_mixin.py:190} INFO - [2026-01-17T08:15:09.488+0000] {dag.py:3239} INFO - Sync 1 DAGs
[2026-01-17T08:15:09.510+0000] {logging_mixin.py:190} INFO - [2026-01-17T08:15:09.510+0000] {dag.py:4180} INFO - Setting next_dagrun for tg_store_users to None, run_after=None
[2026-01-17T08:15:09.535+0000] {processor.py:208} INFO - Processing /opt/airflow/dags/tg_store_users.py took 0.661 seconds
[2026-01-17T08:15:39.796+0000] {processor.py:186} INFO - Started process (PID=15928) to work on /opt/airflow/dags/tg_store_users.py
[2026-01-17T08:15:39.798+0000] {processor.py:914} INFO - Processing file /opt/airflow/dags/tg_store_users.py for tasks to queue
[2026-01-17T08:15:39.800+0000] {logging_mixin.py:190} INFO - [2026-01-17T08:15:39.799+0000] {dagbag.py:588} INFO - Filling up the DagBag from /opt/airflow/dags/tg_store_users.py
[2026-01-17T08:15:40.384+0000] {processor.py:925} INFO - DAG(s) 'tg_store_users' retrieved from /opt/airflow/dags/tg_store_users.py
[2026-01-17T08:15:40.408+0000] {logging_mixin.py:190} INFO - [2026-01-17T08:15:40.407+0000] {dag.py:3239} INFO - Sync 1 DAGs
[2026-01-17T08:15:40.435+0000] {logging_mixin.py:190} INFO - [2026-01-17T08:15:40.435+0000] {dag.py:4180} INFO - Setting next_dagrun for tg_store_users to None, run_after=None
[2026-01-17T08:15:40.469+0000] {processor.py:208} INFO - Processing /opt/airflow/dags/tg_store_users.py took 0.680 seconds
[2026-01-17T08:16:10.636+0000] {processor.py:186} INFO - Started process (PID=15952) to work on /opt/airflow/dags/tg_store_users.py
[2026-01-17T08:16:10.638+0000] {processor.py:914} INFO - Processing file /opt/airflow/dags/tg_store_users.py for tasks to queue
[2026-01-17T08:16:10.640+0000] {logging_mixin.py:190} INFO - [2026-01-17T08:16:10.639+0000] {dagbag.py:588} INFO - Filling up the DagBag from /opt/airflow/dags/tg_store_users.py
[2026-01-17T08:16:11.161+0000] {processor.py:925} INFO - DAG(s) 'tg_store_users' retrieved from /opt/airflow/dags/tg_store_users.py
[2026-01-17T08:16:11.181+0000] {logging_mixin.py:190} INFO - [2026-01-17T08:16:11.181+0000] {dag.py:3239} INFO - Sync 1 DAGs
[2026-01-17T08:16:11.200+0000] {logging_mixin.py:190} INFO - [2026-01-17T08:16:11.200+0000] {dag.py:4180} INFO - Setting next_dagrun for tg_store_users to None, run_after=None
[2026-01-17T08:16:11.225+0000] {processor.py:208} INFO - Processing /opt/airflow/dags/tg_store_users.py took 0.605 seconds
[2026-01-17T08:16:41.391+0000] {processor.py:186} INFO - Started process (PID=15976) to work on /opt/airflow/dags/tg_store_users.py
[2026-01-17T08:16:41.392+0000] {processor.py:914} INFO - Processing file /opt/airflow/dags/tg_store_users.py for tasks to queue
[2026-01-17T08:16:41.394+0000] {logging_mixin.py:190} INFO - [2026-01-17T08:16:41.393+0000] {dagbag.py:588} INFO - Filling up the DagBag from /opt/airflow/dags/tg_store_users.py
[2026-01-17T08:16:41.929+0000] {processor.py:925} INFO - DAG(s) 'tg_store_users' retrieved from /opt/airflow/dags/tg_store_users.py
[2026-01-17T08:16:41.949+0000] {logging_mixin.py:190} INFO - [2026-01-17T08:16:41.948+0000] {dag.py:3239} INFO - Sync 1 DAGs
[2026-01-17T08:16:41.971+0000] {logging_mixin.py:190} INFO - [2026-01-17T08:16:41.971+0000] {dag.py:4180} INFO - Setting next_dagrun for tg_store_users to None, run_after=None
[2026-01-17T08:16:41.998+0000] {processor.py:208} INFO - Processing /opt/airflow/dags/tg_store_users.py took 0.616 seconds
[2026-01-17T08:17:12.219+0000] {processor.py:186} INFO - Started process (PID=16000) to work on /opt/airflow/dags/tg_store_users.py
[2026-01-17T08:17:12.220+0000] {processor.py:914} INFO - Processing file /opt/airflow/dags/tg_store_users.py for tasks to queue
[2026-01-17T08:17:12.222+0000] {logging_mixin.py:190} INFO - [2026-01-17T08:17:12.221+0000] {dagbag.py:588} INFO - Filling up the DagBag from /opt/airflow/dags/tg_store_users.py
[2026-01-17T08:17:12.844+0000] {processor.py:925} INFO - DAG(s) 'tg_store_users' retrieved from /opt/airflow/dags/tg_store_users.py
[2026-01-17T08:17:12.871+0000] {logging_mixin.py:190} INFO - [2026-01-17T08:17:12.871+0000] {dag.py:3239} INFO - Sync 1 DAGs
[2026-01-17T08:17:12.899+0000] {logging_mixin.py:190} INFO - [2026-01-17T08:17:12.899+0000] {dag.py:4180} INFO - Setting next_dagrun for tg_store_users to None, run_after=None
[2026-01-17T08:17:12.934+0000] {processor.py:208} INFO - Processing /opt/airflow/dags/tg_store_users.py took 0.727 seconds
[2026-01-17T08:17:43.163+0000] {processor.py:186} INFO - Started process (PID=16025) to work on /opt/airflow/dags/tg_store_users.py
[2026-01-17T08:17:43.165+0000] {processor.py:914} INFO - Processing file /opt/airflow/dags/tg_store_users.py for tasks to queue
[2026-01-17T08:17:43.167+0000] {logging_mixin.py:190} INFO - [2026-01-17T08:17:43.166+0000] {dagbag.py:588} INFO - Filling up the DagBag from /opt/airflow/dags/tg_store_users.py
[2026-01-17T08:17:43.831+0000] {processor.py:925} INFO - DAG(s) 'tg_store_users' retrieved from /opt/airflow/dags/tg_store_users.py
[2026-01-17T08:17:43.865+0000] {logging_mixin.py:190} INFO - [2026-01-17T08:17:43.865+0000] {dag.py:3239} INFO - Sync 1 DAGs
[2026-01-17T08:17:43.897+0000] {logging_mixin.py:190} INFO - [2026-01-17T08:17:43.897+0000] {dag.py:4180} INFO - Setting next_dagrun for tg_store_users to None, run_after=None
[2026-01-17T08:17:43.929+0000] {processor.py:208} INFO - Processing /opt/airflow/dags/tg_store_users.py took 0.776 seconds
[2026-01-17T08:18:14.174+0000] {processor.py:186} INFO - Started process (PID=16049) to work on /opt/airflow/dags/tg_store_users.py
[2026-01-17T08:18:14.176+0000] {processor.py:914} INFO - Processing file /opt/airflow/dags/tg_store_users.py for tasks to queue
[2026-01-17T08:18:14.178+0000] {logging_mixin.py:190} INFO - [2026-01-17T08:18:14.177+0000] {dagbag.py:588} INFO - Filling up the DagBag from /opt/airflow/dags/tg_store_users.py
[2026-01-17T08:18:14.753+0000] {processor.py:925} INFO - DAG(s) 'tg_store_users' retrieved from /opt/airflow/dags/tg_store_users.py
[2026-01-17T08:18:14.775+0000] {logging_mixin.py:190} INFO - [2026-01-17T08:18:14.774+0000] {dag.py:3239} INFO - Sync 1 DAGs
[2026-01-17T08:18:14.794+0000] {logging_mixin.py:190} INFO - [2026-01-17T08:18:14.794+0000] {dag.py:4180} INFO - Setting next_dagrun for tg_store_users to None, run_after=None
[2026-01-17T08:18:14.822+0000] {processor.py:208} INFO - Processing /opt/airflow/dags/tg_store_users.py took 0.659 seconds
[2026-01-17T08:18:44.881+0000] {processor.py:186} INFO - Started process (PID=16072) to work on /opt/airflow/dags/tg_store_users.py
[2026-01-17T08:18:44.883+0000] {processor.py:914} INFO - Processing file /opt/airflow/dags/tg_store_users.py for tasks to queue
[2026-01-17T08:18:44.884+0000] {logging_mixin.py:190} INFO - [2026-01-17T08:18:44.884+0000] {dagbag.py:588} INFO - Filling up the DagBag from /opt/airflow/dags/tg_store_users.py
[2026-01-17T08:18:45.477+0000] {processor.py:925} INFO - DAG(s) 'tg_store_users' retrieved from /opt/airflow/dags/tg_store_users.py
[2026-01-17T08:18:45.502+0000] {logging_mixin.py:190} INFO - [2026-01-17T08:18:45.502+0000] {dag.py:3239} INFO - Sync 1 DAGs
[2026-01-17T08:18:45.526+0000] {logging_mixin.py:190} INFO - [2026-01-17T08:18:45.526+0000] {dag.py:4180} INFO - Setting next_dagrun for tg_store_users to None, run_after=None
[2026-01-17T08:18:45.570+0000] {processor.py:208} INFO - Processing /opt/airflow/dags/tg_store_users.py took 0.701 seconds
[2026-01-17T08:19:15.924+0000] {processor.py:186} INFO - Started process (PID=16097) to work on /opt/airflow/dags/tg_store_users.py
[2026-01-17T08:19:15.926+0000] {processor.py:914} INFO - Processing file /opt/airflow/dags/tg_store_users.py for tasks to queue
[2026-01-17T08:19:15.928+0000] {logging_mixin.py:190} INFO - [2026-01-17T08:19:15.927+0000] {dagbag.py:588} INFO - Filling up the DagBag from /opt/airflow/dags/tg_store_users.py
[2026-01-17T08:19:16.669+0000] {processor.py:925} INFO - DAG(s) 'tg_store_users' retrieved from /opt/airflow/dags/tg_store_users.py
[2026-01-17T08:19:16.707+0000] {logging_mixin.py:190} INFO - [2026-01-17T08:19:16.706+0000] {dag.py:3239} INFO - Sync 1 DAGs
[2026-01-17T08:19:16.751+0000] {logging_mixin.py:190} INFO - [2026-01-17T08:19:16.751+0000] {dag.py:4180} INFO - Setting next_dagrun for tg_store_users to None, run_after=None
[2026-01-17T08:19:16.795+0000] {processor.py:208} INFO - Processing /opt/airflow/dags/tg_store_users.py took 0.881 seconds
[2026-01-17T08:19:46.908+0000] {processor.py:186} INFO - Started process (PID=16121) to work on /opt/airflow/dags/tg_store_users.py
[2026-01-17T08:19:46.910+0000] {processor.py:914} INFO - Processing file /opt/airflow/dags/tg_store_users.py for tasks to queue
[2026-01-17T08:19:46.913+0000] {logging_mixin.py:190} INFO - [2026-01-17T08:19:46.912+0000] {dagbag.py:588} INFO - Filling up the DagBag from /opt/airflow/dags/tg_store_users.py
[2026-01-17T08:19:47.715+0000] {processor.py:925} INFO - DAG(s) 'tg_store_users' retrieved from /opt/airflow/dags/tg_store_users.py
[2026-01-17T08:19:47.762+0000] {logging_mixin.py:190} INFO - [2026-01-17T08:19:47.761+0000] {dag.py:3239} INFO - Sync 1 DAGs
[2026-01-17T08:19:47.807+0000] {logging_mixin.py:190} INFO - [2026-01-17T08:19:47.807+0000] {dag.py:4180} INFO - Setting next_dagrun for tg_store_users to None, run_after=None
[2026-01-17T08:19:47.863+0000] {processor.py:208} INFO - Processing /opt/airflow/dags/tg_store_users.py took 0.967 seconds
[2026-01-17T08:20:18.159+0000] {processor.py:186} INFO - Started process (PID=16146) to work on /opt/airflow/dags/tg_store_users.py
[2026-01-17T08:20:18.160+0000] {processor.py:914} INFO - Processing file /opt/airflow/dags/tg_store_users.py for tasks to queue
[2026-01-17T08:20:18.161+0000] {logging_mixin.py:190} INFO - [2026-01-17T08:20:18.161+0000] {dagbag.py:588} INFO - Filling up the DagBag from /opt/airflow/dags/tg_store_users.py
[2026-01-17T08:20:18.705+0000] {processor.py:925} INFO - DAG(s) 'tg_store_users' retrieved from /opt/airflow/dags/tg_store_users.py
[2026-01-17T08:20:18.727+0000] {logging_mixin.py:190} INFO - [2026-01-17T08:20:18.727+0000] {dag.py:3239} INFO - Sync 1 DAGs
[2026-01-17T08:20:18.753+0000] {logging_mixin.py:190} INFO - [2026-01-17T08:20:18.753+0000] {dag.py:4180} INFO - Setting next_dagrun for tg_store_users to None, run_after=None
[2026-01-17T08:20:18.783+0000] {processor.py:208} INFO - Processing /opt/airflow/dags/tg_store_users.py took 0.633 seconds
[2026-01-17T08:20:49.003+0000] {processor.py:186} INFO - Started process (PID=16170) to work on /opt/airflow/dags/tg_store_users.py
[2026-01-17T08:20:49.005+0000] {processor.py:914} INFO - Processing file /opt/airflow/dags/tg_store_users.py for tasks to queue
[2026-01-17T08:20:49.006+0000] {logging_mixin.py:190} INFO - [2026-01-17T08:20:49.006+0000] {dagbag.py:588} INFO - Filling up the DagBag from /opt/airflow/dags/tg_store_users.py
[2026-01-17T08:20:49.630+0000] {processor.py:925} INFO - DAG(s) 'tg_store_users' retrieved from /opt/airflow/dags/tg_store_users.py
[2026-01-17T08:20:49.660+0000] {logging_mixin.py:190} INFO - [2026-01-17T08:20:49.658+0000] {dag.py:3239} INFO - Sync 1 DAGs
[2026-01-17T08:20:49.697+0000] {logging_mixin.py:190} INFO - [2026-01-17T08:20:49.696+0000] {dag.py:4180} INFO - Setting next_dagrun for tg_store_users to None, run_after=None
[2026-01-17T08:20:49.746+0000] {processor.py:208} INFO - Processing /opt/airflow/dags/tg_store_users.py took 0.754 seconds
[2026-01-17T08:21:20.152+0000] {processor.py:186} INFO - Started process (PID=16194) to work on /opt/airflow/dags/tg_store_users.py
[2026-01-17T08:21:20.154+0000] {processor.py:914} INFO - Processing file /opt/airflow/dags/tg_store_users.py for tasks to queue
[2026-01-17T08:21:20.157+0000] {logging_mixin.py:190} INFO - [2026-01-17T08:21:20.156+0000] {dagbag.py:588} INFO - Filling up the DagBag from /opt/airflow/dags/tg_store_users.py
[2026-01-17T08:21:20.716+0000] {processor.py:925} INFO - DAG(s) 'tg_store_users' retrieved from /opt/airflow/dags/tg_store_users.py
[2026-01-17T08:21:20.737+0000] {logging_mixin.py:190} INFO - [2026-01-17T08:21:20.736+0000] {dag.py:3239} INFO - Sync 1 DAGs
[2026-01-17T08:21:20.756+0000] {logging_mixin.py:190} INFO - [2026-01-17T08:21:20.756+0000] {dag.py:4180} INFO - Setting next_dagrun for tg_store_users to None, run_after=None
[2026-01-17T08:21:20.793+0000] {processor.py:208} INFO - Processing /opt/airflow/dags/tg_store_users.py took 0.654 seconds
[2026-01-17T08:21:51.028+0000] {processor.py:186} INFO - Started process (PID=16218) to work on /opt/airflow/dags/tg_store_users.py
[2026-01-17T08:21:51.030+0000] {processor.py:914} INFO - Processing file /opt/airflow/dags/tg_store_users.py for tasks to queue
[2026-01-17T08:21:51.032+0000] {logging_mixin.py:190} INFO - [2026-01-17T08:21:51.031+0000] {dagbag.py:588} INFO - Filling up the DagBag from /opt/airflow/dags/tg_store_users.py
[2026-01-17T08:21:51.562+0000] {processor.py:925} INFO - DAG(s) 'tg_store_users' retrieved from /opt/airflow/dags/tg_store_users.py
[2026-01-17T08:21:51.587+0000] {logging_mixin.py:190} INFO - [2026-01-17T08:21:51.586+0000] {dag.py:3239} INFO - Sync 1 DAGs
[2026-01-17T08:21:51.604+0000] {logging_mixin.py:190} INFO - [2026-01-17T08:21:51.604+0000] {dag.py:4180} INFO - Setting next_dagrun for tg_store_users to None, run_after=None
[2026-01-17T08:21:51.644+0000] {processor.py:208} INFO - Processing /opt/airflow/dags/tg_store_users.py took 0.629 seconds
[2026-01-17T08:22:22.000+0000] {processor.py:186} INFO - Started process (PID=16249) to work on /opt/airflow/dags/tg_store_users.py
[2026-01-17T08:22:22.002+0000] {processor.py:914} INFO - Processing file /opt/airflow/dags/tg_store_users.py for tasks to queue
[2026-01-17T08:22:22.004+0000] {logging_mixin.py:190} INFO - [2026-01-17T08:22:22.004+0000] {dagbag.py:588} INFO - Filling up the DagBag from /opt/airflow/dags/tg_store_users.py
[2026-01-17T08:22:22.756+0000] {processor.py:925} INFO - DAG(s) 'tg_store_users' retrieved from /opt/airflow/dags/tg_store_users.py
[2026-01-17T08:22:22.785+0000] {logging_mixin.py:190} INFO - [2026-01-17T08:22:22.784+0000] {dag.py:3239} INFO - Sync 1 DAGs
[2026-01-17T08:22:22.810+0000] {logging_mixin.py:190} INFO - [2026-01-17T08:22:22.810+0000] {dag.py:4180} INFO - Setting next_dagrun for tg_store_users to None, run_after=None
[2026-01-17T08:22:22.850+0000] {processor.py:208} INFO - Processing /opt/airflow/dags/tg_store_users.py took 0.861 seconds
[2026-01-17T08:22:53.068+0000] {processor.py:186} INFO - Started process (PID=16273) to work on /opt/airflow/dags/tg_store_users.py
[2026-01-17T08:22:53.069+0000] {processor.py:914} INFO - Processing file /opt/airflow/dags/tg_store_users.py for tasks to queue
[2026-01-17T08:22:53.070+0000] {logging_mixin.py:190} INFO - [2026-01-17T08:22:53.070+0000] {dagbag.py:588} INFO - Filling up the DagBag from /opt/airflow/dags/tg_store_users.py
[2026-01-17T08:22:53.718+0000] {processor.py:925} INFO - DAG(s) 'tg_store_users' retrieved from /opt/airflow/dags/tg_store_users.py
[2026-01-17T08:22:53.745+0000] {logging_mixin.py:190} INFO - [2026-01-17T08:22:53.744+0000] {dag.py:3239} INFO - Sync 1 DAGs
[2026-01-17T08:22:53.770+0000] {logging_mixin.py:190} INFO - [2026-01-17T08:22:53.770+0000] {dag.py:4180} INFO - Setting next_dagrun for tg_store_users to None, run_after=None
[2026-01-17T08:22:53.813+0000] {processor.py:208} INFO - Processing /opt/airflow/dags/tg_store_users.py took 0.754 seconds
[2026-01-17T08:23:23.999+0000] {processor.py:186} INFO - Started process (PID=16297) to work on /opt/airflow/dags/tg_store_users.py
[2026-01-17T08:23:24.001+0000] {processor.py:914} INFO - Processing file /opt/airflow/dags/tg_store_users.py for tasks to queue
[2026-01-17T08:23:24.003+0000] {logging_mixin.py:190} INFO - [2026-01-17T08:23:24.002+0000] {dagbag.py:588} INFO - Filling up the DagBag from /opt/airflow/dags/tg_store_users.py
[2026-01-17T08:23:24.533+0000] {processor.py:925} INFO - DAG(s) 'tg_store_users' retrieved from /opt/airflow/dags/tg_store_users.py
[2026-01-17T08:23:24.554+0000] {logging_mixin.py:190} INFO - [2026-01-17T08:23:24.553+0000] {dag.py:3239} INFO - Sync 1 DAGs
[2026-01-17T08:23:24.573+0000] {logging_mixin.py:190} INFO - [2026-01-17T08:23:24.573+0000] {dag.py:4180} INFO - Setting next_dagrun for tg_store_users to None, run_after=None
[2026-01-17T08:23:24.607+0000] {processor.py:208} INFO - Processing /opt/airflow/dags/tg_store_users.py took 0.623 seconds
[2026-01-17T08:23:55.084+0000] {processor.py:186} INFO - Started process (PID=16321) to work on /opt/airflow/dags/tg_store_users.py
[2026-01-17T08:23:55.085+0000] {processor.py:914} INFO - Processing file /opt/airflow/dags/tg_store_users.py for tasks to queue
[2026-01-17T08:23:55.087+0000] {logging_mixin.py:190} INFO - [2026-01-17T08:23:55.087+0000] {dagbag.py:588} INFO - Filling up the DagBag from /opt/airflow/dags/tg_store_users.py
[2026-01-17T08:23:55.640+0000] {processor.py:925} INFO - DAG(s) 'tg_store_users' retrieved from /opt/airflow/dags/tg_store_users.py
[2026-01-17T08:23:55.660+0000] {logging_mixin.py:190} INFO - [2026-01-17T08:23:55.660+0000] {dag.py:3239} INFO - Sync 1 DAGs
[2026-01-17T08:23:55.679+0000] {logging_mixin.py:190} INFO - [2026-01-17T08:23:55.679+0000] {dag.py:4180} INFO - Setting next_dagrun for tg_store_users to None, run_after=None
[2026-01-17T08:23:55.715+0000] {processor.py:208} INFO - Processing /opt/airflow/dags/tg_store_users.py took 0.641 seconds
[2026-01-17T08:24:25.852+0000] {processor.py:186} INFO - Started process (PID=16345) to work on /opt/airflow/dags/tg_store_users.py
[2026-01-17T08:24:25.853+0000] {processor.py:914} INFO - Processing file /opt/airflow/dags/tg_store_users.py for tasks to queue
[2026-01-17T08:24:25.855+0000] {logging_mixin.py:190} INFO - [2026-01-17T08:24:25.855+0000] {dagbag.py:588} INFO - Filling up the DagBag from /opt/airflow/dags/tg_store_users.py
[2026-01-17T08:24:26.351+0000] {processor.py:925} INFO - DAG(s) 'tg_store_users' retrieved from /opt/airflow/dags/tg_store_users.py
[2026-01-17T08:24:26.377+0000] {logging_mixin.py:190} INFO - [2026-01-17T08:24:26.376+0000] {dag.py:3239} INFO - Sync 1 DAGs
[2026-01-17T08:24:26.406+0000] {logging_mixin.py:190} INFO - [2026-01-17T08:24:26.406+0000] {dag.py:4180} INFO - Setting next_dagrun for tg_store_users to None, run_after=None
[2026-01-17T08:24:26.432+0000] {processor.py:208} INFO - Processing /opt/airflow/dags/tg_store_users.py took 0.591 seconds
[2026-01-17T08:24:56.752+0000] {processor.py:186} INFO - Started process (PID=16369) to work on /opt/airflow/dags/tg_store_users.py
[2026-01-17T08:24:56.753+0000] {processor.py:914} INFO - Processing file /opt/airflow/dags/tg_store_users.py for tasks to queue
[2026-01-17T08:24:56.755+0000] {logging_mixin.py:190} INFO - [2026-01-17T08:24:56.755+0000] {dagbag.py:588} INFO - Filling up the DagBag from /opt/airflow/dags/tg_store_users.py
[2026-01-17T08:24:57.308+0000] {processor.py:925} INFO - DAG(s) 'tg_store_users' retrieved from /opt/airflow/dags/tg_store_users.py
[2026-01-17T08:24:57.332+0000] {logging_mixin.py:190} INFO - [2026-01-17T08:24:57.331+0000] {dag.py:3239} INFO - Sync 1 DAGs
[2026-01-17T08:24:57.356+0000] {logging_mixin.py:190} INFO - [2026-01-17T08:24:57.355+0000] {dag.py:4180} INFO - Setting next_dagrun for tg_store_users to None, run_after=None
[2026-01-17T08:24:57.388+0000] {processor.py:208} INFO - Processing /opt/airflow/dags/tg_store_users.py took 0.648 seconds
[2026-01-17T08:25:27.499+0000] {processor.py:186} INFO - Started process (PID=16393) to work on /opt/airflow/dags/tg_store_users.py
[2026-01-17T08:25:27.500+0000] {processor.py:914} INFO - Processing file /opt/airflow/dags/tg_store_users.py for tasks to queue
[2026-01-17T08:25:27.502+0000] {logging_mixin.py:190} INFO - [2026-01-17T08:25:27.501+0000] {dagbag.py:588} INFO - Filling up the DagBag from /opt/airflow/dags/tg_store_users.py
[2026-01-17T08:25:28.082+0000] {processor.py:925} INFO - DAG(s) 'tg_store_users' retrieved from /opt/airflow/dags/tg_store_users.py
[2026-01-17T08:25:28.106+0000] {logging_mixin.py:190} INFO - [2026-01-17T08:25:28.105+0000] {dag.py:3239} INFO - Sync 1 DAGs
[2026-01-17T08:25:28.139+0000] {logging_mixin.py:190} INFO - [2026-01-17T08:25:28.139+0000] {dag.py:4180} INFO - Setting next_dagrun for tg_store_users to None, run_after=None
[2026-01-17T08:25:28.188+0000] {processor.py:208} INFO - Processing /opt/airflow/dags/tg_store_users.py took 0.696 seconds
[2026-01-17T08:25:58.466+0000] {processor.py:186} INFO - Started process (PID=16417) to work on /opt/airflow/dags/tg_store_users.py
[2026-01-17T08:25:58.467+0000] {processor.py:914} INFO - Processing file /opt/airflow/dags/tg_store_users.py for tasks to queue
[2026-01-17T08:25:58.468+0000] {logging_mixin.py:190} INFO - [2026-01-17T08:25:58.468+0000] {dagbag.py:588} INFO - Filling up the DagBag from /opt/airflow/dags/tg_store_users.py
[2026-01-17T08:25:59.008+0000] {processor.py:925} INFO - DAG(s) 'tg_store_users' retrieved from /opt/airflow/dags/tg_store_users.py
[2026-01-17T08:25:59.036+0000] {logging_mixin.py:190} INFO - [2026-01-17T08:25:59.035+0000] {dag.py:3239} INFO - Sync 1 DAGs
[2026-01-17T08:25:59.059+0000] {logging_mixin.py:190} INFO - [2026-01-17T08:25:59.058+0000] {dag.py:4180} INFO - Setting next_dagrun for tg_store_users to None, run_after=None
[2026-01-17T08:25:59.086+0000] {processor.py:208} INFO - Processing /opt/airflow/dags/tg_store_users.py took 0.630 seconds
[2026-01-17T08:26:29.337+0000] {processor.py:186} INFO - Started process (PID=16441) to work on /opt/airflow/dags/tg_store_users.py
[2026-01-17T08:26:29.339+0000] {processor.py:914} INFO - Processing file /opt/airflow/dags/tg_store_users.py for tasks to queue
[2026-01-17T08:26:29.341+0000] {logging_mixin.py:190} INFO - [2026-01-17T08:26:29.340+0000] {dagbag.py:588} INFO - Filling up the DagBag from /opt/airflow/dags/tg_store_users.py
[2026-01-17T08:26:29.835+0000] {processor.py:925} INFO - DAG(s) 'tg_store_users' retrieved from /opt/airflow/dags/tg_store_users.py
[2026-01-17T08:26:29.857+0000] {logging_mixin.py:190} INFO - [2026-01-17T08:26:29.857+0000] {dag.py:3239} INFO - Sync 1 DAGs
[2026-01-17T08:26:29.876+0000] {logging_mixin.py:190} INFO - [2026-01-17T08:26:29.876+0000] {dag.py:4180} INFO - Setting next_dagrun for tg_store_users to None, run_after=None
[2026-01-17T08:26:29.910+0000] {processor.py:208} INFO - Processing /opt/airflow/dags/tg_store_users.py took 0.583 seconds
[2026-01-17T08:27:00.947+0000] {processor.py:186} INFO - Started process (PID=16465) to work on /opt/airflow/dags/tg_store_users.py
[2026-01-17T08:27:00.948+0000] {processor.py:914} INFO - Processing file /opt/airflow/dags/tg_store_users.py for tasks to queue
[2026-01-17T08:27:00.950+0000] {logging_mixin.py:190} INFO - [2026-01-17T08:27:00.950+0000] {dagbag.py:588} INFO - Filling up the DagBag from /opt/airflow/dags/tg_store_users.py
[2026-01-17T08:27:01.578+0000] {processor.py:925} INFO - DAG(s) 'tg_store_users' retrieved from /opt/airflow/dags/tg_store_users.py
[2026-01-17T08:27:01.601+0000] {logging_mixin.py:190} INFO - [2026-01-17T08:27:01.601+0000] {dag.py:3239} INFO - Sync 1 DAGs
[2026-01-17T08:27:01.622+0000] {logging_mixin.py:190} INFO - [2026-01-17T08:27:01.622+0000] {dag.py:4180} INFO - Setting next_dagrun for tg_store_users to None, run_after=None
[2026-01-17T08:27:01.647+0000] {processor.py:208} INFO - Processing /opt/airflow/dags/tg_store_users.py took 0.713 seconds
[2026-01-17T08:27:32.063+0000] {processor.py:186} INFO - Started process (PID=16489) to work on /opt/airflow/dags/tg_store_users.py
[2026-01-17T08:27:32.065+0000] {processor.py:914} INFO - Processing file /opt/airflow/dags/tg_store_users.py for tasks to queue
[2026-01-17T08:27:32.067+0000] {logging_mixin.py:190} INFO - [2026-01-17T08:27:32.066+0000] {dagbag.py:588} INFO - Filling up the DagBag from /opt/airflow/dags/tg_store_users.py
[2026-01-17T08:27:32.578+0000] {processor.py:925} INFO - DAG(s) 'tg_store_users' retrieved from /opt/airflow/dags/tg_store_users.py
[2026-01-17T08:27:32.600+0000] {logging_mixin.py:190} INFO - [2026-01-17T08:27:32.600+0000] {dag.py:3239} INFO - Sync 1 DAGs
[2026-01-17T08:27:32.622+0000] {logging_mixin.py:190} INFO - [2026-01-17T08:27:32.621+0000] {dag.py:4180} INFO - Setting next_dagrun for tg_store_users to None, run_after=None
[2026-01-17T08:27:32.655+0000] {processor.py:208} INFO - Processing /opt/airflow/dags/tg_store_users.py took 0.604 seconds
[2026-01-17T08:28:02.895+0000] {processor.py:186} INFO - Started process (PID=16514) to work on /opt/airflow/dags/tg_store_users.py
[2026-01-17T08:28:02.896+0000] {processor.py:914} INFO - Processing file /opt/airflow/dags/tg_store_users.py for tasks to queue
[2026-01-17T08:28:02.898+0000] {logging_mixin.py:190} INFO - [2026-01-17T08:28:02.898+0000] {dagbag.py:588} INFO - Filling up the DagBag from /opt/airflow/dags/tg_store_users.py
[2026-01-17T08:28:03.428+0000] {processor.py:925} INFO - DAG(s) 'tg_store_users' retrieved from /opt/airflow/dags/tg_store_users.py
[2026-01-17T08:28:03.464+0000] {logging_mixin.py:190} INFO - [2026-01-17T08:28:03.464+0000] {dag.py:3239} INFO - Sync 1 DAGs
[2026-01-17T08:28:03.493+0000] {logging_mixin.py:190} INFO - [2026-01-17T08:28:03.493+0000] {dag.py:4180} INFO - Setting next_dagrun for tg_store_users to None, run_after=None
[2026-01-17T08:28:03.524+0000] {processor.py:208} INFO - Processing /opt/airflow/dags/tg_store_users.py took 0.640 seconds
[2026-01-17T08:28:33.986+0000] {processor.py:186} INFO - Started process (PID=16538) to work on /opt/airflow/dags/tg_store_users.py
[2026-01-17T08:28:33.987+0000] {processor.py:914} INFO - Processing file /opt/airflow/dags/tg_store_users.py for tasks to queue
[2026-01-17T08:28:33.988+0000] {logging_mixin.py:190} INFO - [2026-01-17T08:28:33.988+0000] {dagbag.py:588} INFO - Filling up the DagBag from /opt/airflow/dags/tg_store_users.py
[2026-01-17T08:28:34.523+0000] {processor.py:925} INFO - DAG(s) 'tg_store_users' retrieved from /opt/airflow/dags/tg_store_users.py
[2026-01-17T08:28:34.547+0000] {logging_mixin.py:190} INFO - [2026-01-17T08:28:34.546+0000] {dag.py:3239} INFO - Sync 1 DAGs
[2026-01-17T08:28:34.566+0000] {logging_mixin.py:190} INFO - [2026-01-17T08:28:34.566+0000] {dag.py:4180} INFO - Setting next_dagrun for tg_store_users to None, run_after=None
[2026-01-17T08:28:34.600+0000] {processor.py:208} INFO - Processing /opt/airflow/dags/tg_store_users.py took 0.621 seconds
[2026-01-17T08:29:05.201+0000] {processor.py:186} INFO - Started process (PID=16562) to work on /opt/airflow/dags/tg_store_users.py
[2026-01-17T08:29:05.202+0000] {processor.py:914} INFO - Processing file /opt/airflow/dags/tg_store_users.py for tasks to queue
[2026-01-17T08:29:05.204+0000] {logging_mixin.py:190} INFO - [2026-01-17T08:29:05.204+0000] {dagbag.py:588} INFO - Filling up the DagBag from /opt/airflow/dags/tg_store_users.py
[2026-01-17T08:29:05.719+0000] {processor.py:925} INFO - DAG(s) 'tg_store_users' retrieved from /opt/airflow/dags/tg_store_users.py
[2026-01-17T08:29:05.746+0000] {logging_mixin.py:190} INFO - [2026-01-17T08:29:05.745+0000] {dag.py:3239} INFO - Sync 1 DAGs
[2026-01-17T08:29:05.776+0000] {logging_mixin.py:190} INFO - [2026-01-17T08:29:05.776+0000] {dag.py:4180} INFO - Setting next_dagrun for tg_store_users to None, run_after=None
[2026-01-17T08:29:05.806+0000] {processor.py:208} INFO - Processing /opt/airflow/dags/tg_store_users.py took 0.617 seconds
[2026-01-17T08:29:36.116+0000] {processor.py:186} INFO - Started process (PID=16586) to work on /opt/airflow/dags/tg_store_users.py
[2026-01-17T08:29:36.118+0000] {processor.py:914} INFO - Processing file /opt/airflow/dags/tg_store_users.py for tasks to queue
[2026-01-17T08:29:36.120+0000] {logging_mixin.py:190} INFO - [2026-01-17T08:29:36.119+0000] {dagbag.py:588} INFO - Filling up the DagBag from /opt/airflow/dags/tg_store_users.py
[2026-01-17T08:29:36.699+0000] {processor.py:925} INFO - DAG(s) 'tg_store_users' retrieved from /opt/airflow/dags/tg_store_users.py
[2026-01-17T08:29:36.723+0000] {logging_mixin.py:190} INFO - [2026-01-17T08:29:36.722+0000] {dag.py:3239} INFO - Sync 1 DAGs
[2026-01-17T08:29:36.753+0000] {logging_mixin.py:190} INFO - [2026-01-17T08:29:36.753+0000] {dag.py:4180} INFO - Setting next_dagrun for tg_store_users to None, run_after=None
[2026-01-17T08:29:36.798+0000] {processor.py:208} INFO - Processing /opt/airflow/dags/tg_store_users.py took 0.698 seconds
[2026-01-17T08:30:07.100+0000] {processor.py:186} INFO - Started process (PID=16610) to work on /opt/airflow/dags/tg_store_users.py
[2026-01-17T08:30:07.101+0000] {processor.py:914} INFO - Processing file /opt/airflow/dags/tg_store_users.py for tasks to queue
[2026-01-17T08:30:07.103+0000] {logging_mixin.py:190} INFO - [2026-01-17T08:30:07.102+0000] {dagbag.py:588} INFO - Filling up the DagBag from /opt/airflow/dags/tg_store_users.py
[2026-01-17T08:30:07.656+0000] {processor.py:925} INFO - DAG(s) 'tg_store_users' retrieved from /opt/airflow/dags/tg_store_users.py
[2026-01-17T08:30:07.681+0000] {logging_mixin.py:190} INFO - [2026-01-17T08:30:07.681+0000] {dag.py:3239} INFO - Sync 1 DAGs
[2026-01-17T08:30:07.703+0000] {logging_mixin.py:190} INFO - [2026-01-17T08:30:07.703+0000] {dag.py:4180} INFO - Setting next_dagrun for tg_store_users to None, run_after=None
[2026-01-17T08:30:07.735+0000] {processor.py:208} INFO - Processing /opt/airflow/dags/tg_store_users.py took 0.647 seconds
[2026-01-17T08:30:38.267+0000] {processor.py:186} INFO - Started process (PID=16634) to work on /opt/airflow/dags/tg_store_users.py
[2026-01-17T08:30:38.269+0000] {processor.py:914} INFO - Processing file /opt/airflow/dags/tg_store_users.py for tasks to queue
[2026-01-17T08:30:38.270+0000] {logging_mixin.py:190} INFO - [2026-01-17T08:30:38.270+0000] {dagbag.py:588} INFO - Filling up the DagBag from /opt/airflow/dags/tg_store_users.py
[2026-01-17T08:30:38.902+0000] {processor.py:925} INFO - DAG(s) 'tg_store_users' retrieved from /opt/airflow/dags/tg_store_users.py
[2026-01-17T08:30:38.924+0000] {logging_mixin.py:190} INFO - [2026-01-17T08:30:38.924+0000] {dag.py:3239} INFO - Sync 1 DAGs
[2026-01-17T08:30:38.946+0000] {logging_mixin.py:190} INFO - [2026-01-17T08:30:38.946+0000] {dag.py:4180} INFO - Setting next_dagrun for tg_store_users to None, run_after=None
[2026-01-17T08:30:38.983+0000] {processor.py:208} INFO - Processing /opt/airflow/dags/tg_store_users.py took 0.724 seconds
[2026-01-17T08:31:09.150+0000] {processor.py:186} INFO - Started process (PID=16657) to work on /opt/airflow/dags/tg_store_users.py
[2026-01-17T08:31:09.151+0000] {processor.py:914} INFO - Processing file /opt/airflow/dags/tg_store_users.py for tasks to queue
[2026-01-17T08:31:09.154+0000] {logging_mixin.py:190} INFO - [2026-01-17T08:31:09.153+0000] {dagbag.py:588} INFO - Filling up the DagBag from /opt/airflow/dags/tg_store_users.py
[2026-01-17T08:31:09.939+0000] {processor.py:925} INFO - DAG(s) 'tg_store_users' retrieved from /opt/airflow/dags/tg_store_users.py
[2026-01-17T08:31:09.980+0000] {logging_mixin.py:190} INFO - [2026-01-17T08:31:09.979+0000] {dag.py:3239} INFO - Sync 1 DAGs
[2026-01-17T08:31:10.037+0000] {logging_mixin.py:190} INFO - [2026-01-17T08:31:10.037+0000] {dag.py:4180} INFO - Setting next_dagrun for tg_store_users to None, run_after=None
[2026-01-17T08:31:10.090+0000] {processor.py:208} INFO - Processing /opt/airflow/dags/tg_store_users.py took 0.951 seconds
[2026-01-17T08:31:40.366+0000] {processor.py:186} INFO - Started process (PID=16681) to work on /opt/airflow/dags/tg_store_users.py
[2026-01-17T08:31:40.367+0000] {processor.py:914} INFO - Processing file /opt/airflow/dags/tg_store_users.py for tasks to queue
[2026-01-17T08:31:40.371+0000] {logging_mixin.py:190} INFO - [2026-01-17T08:31:40.370+0000] {dagbag.py:588} INFO - Filling up the DagBag from /opt/airflow/dags/tg_store_users.py
[2026-01-17T08:31:41.080+0000] {processor.py:925} INFO - DAG(s) 'tg_store_users' retrieved from /opt/airflow/dags/tg_store_users.py
[2026-01-17T08:31:41.112+0000] {logging_mixin.py:190} INFO - [2026-01-17T08:31:41.112+0000] {dag.py:3239} INFO - Sync 1 DAGs
[2026-01-17T08:31:41.148+0000] {logging_mixin.py:190} INFO - [2026-01-17T08:31:41.148+0000] {dag.py:4180} INFO - Setting next_dagrun for tg_store_users to None, run_after=None
[2026-01-17T08:31:41.191+0000] {processor.py:208} INFO - Processing /opt/airflow/dags/tg_store_users.py took 0.834 seconds
[2026-01-17T08:32:11.900+0000] {processor.py:186} INFO - Started process (PID=16705) to work on /opt/airflow/dags/tg_store_users.py
[2026-01-17T08:32:11.901+0000] {processor.py:914} INFO - Processing file /opt/airflow/dags/tg_store_users.py for tasks to queue
[2026-01-17T08:32:11.903+0000] {logging_mixin.py:190} INFO - [2026-01-17T08:32:11.902+0000] {dagbag.py:588} INFO - Filling up the DagBag from /opt/airflow/dags/tg_store_users.py
[2026-01-17T08:32:12.522+0000] {processor.py:925} INFO - DAG(s) 'tg_store_users' retrieved from /opt/airflow/dags/tg_store_users.py
[2026-01-17T08:32:12.548+0000] {logging_mixin.py:190} INFO - [2026-01-17T08:32:12.548+0000] {dag.py:3239} INFO - Sync 1 DAGs
[2026-01-17T08:32:12.575+0000] {logging_mixin.py:190} INFO - [2026-01-17T08:32:12.575+0000] {dag.py:4180} INFO - Setting next_dagrun for tg_store_users to None, run_after=None
[2026-01-17T08:32:12.605+0000] {processor.py:208} INFO - Processing /opt/airflow/dags/tg_store_users.py took 0.713 seconds
[2026-01-17T08:32:43.139+0000] {processor.py:186} INFO - Started process (PID=16729) to work on /opt/airflow/dags/tg_store_users.py
[2026-01-17T08:32:43.140+0000] {processor.py:914} INFO - Processing file /opt/airflow/dags/tg_store_users.py for tasks to queue
[2026-01-17T08:32:43.142+0000] {logging_mixin.py:190} INFO - [2026-01-17T08:32:43.141+0000] {dagbag.py:588} INFO - Filling up the DagBag from /opt/airflow/dags/tg_store_users.py
[2026-01-17T08:32:43.980+0000] {processor.py:925} INFO - DAG(s) 'tg_store_users' retrieved from /opt/airflow/dags/tg_store_users.py
[2026-01-17T08:32:44.190+0000] {logging_mixin.py:190} INFO - [2026-01-17T08:32:44.189+0000] {dag.py:3239} INFO - Sync 1 DAGs
[2026-01-17T08:32:44.240+0000] {logging_mixin.py:190} INFO - [2026-01-17T08:32:44.240+0000] {dag.py:4180} INFO - Setting next_dagrun for tg_store_users to None, run_after=None
[2026-01-17T08:32:44.303+0000] {processor.py:208} INFO - Processing /opt/airflow/dags/tg_store_users.py took 1.175 seconds
[2026-01-17T08:33:15.010+0000] {processor.py:186} INFO - Started process (PID=16753) to work on /opt/airflow/dags/tg_store_users.py
[2026-01-17T08:33:15.012+0000] {processor.py:914} INFO - Processing file /opt/airflow/dags/tg_store_users.py for tasks to queue
[2026-01-17T08:33:15.014+0000] {logging_mixin.py:190} INFO - [2026-01-17T08:33:15.013+0000] {dagbag.py:588} INFO - Filling up the DagBag from /opt/airflow/dags/tg_store_users.py
[2026-01-17T08:33:15.728+0000] {processor.py:925} INFO - DAG(s) 'tg_store_users' retrieved from /opt/airflow/dags/tg_store_users.py
[2026-01-17T08:33:15.760+0000] {logging_mixin.py:190} INFO - [2026-01-17T08:33:15.759+0000] {dag.py:3239} INFO - Sync 1 DAGs
[2026-01-17T08:33:15.790+0000] {logging_mixin.py:190} INFO - [2026-01-17T08:33:15.790+0000] {dag.py:4180} INFO - Setting next_dagrun for tg_store_users to None, run_after=None
[2026-01-17T08:33:15.827+0000] {processor.py:208} INFO - Processing /opt/airflow/dags/tg_store_users.py took 0.829 seconds
[2026-01-17T08:33:46.315+0000] {processor.py:186} INFO - Started process (PID=16777) to work on /opt/airflow/dags/tg_store_users.py
[2026-01-17T08:33:46.323+0000] {processor.py:914} INFO - Processing file /opt/airflow/dags/tg_store_users.py for tasks to queue
[2026-01-17T08:33:46.326+0000] {logging_mixin.py:190} INFO - [2026-01-17T08:33:46.325+0000] {dagbag.py:588} INFO - Filling up the DagBag from /opt/airflow/dags/tg_store_users.py
[2026-01-17T08:33:47.087+0000] {processor.py:925} INFO - DAG(s) 'tg_store_users' retrieved from /opt/airflow/dags/tg_store_users.py
[2026-01-17T08:33:47.120+0000] {logging_mixin.py:190} INFO - [2026-01-17T08:33:47.118+0000] {dag.py:3239} INFO - Sync 1 DAGs
[2026-01-17T08:33:47.148+0000] {logging_mixin.py:190} INFO - [2026-01-17T08:33:47.148+0000] {dag.py:4180} INFO - Setting next_dagrun for tg_store_users to None, run_after=None
[2026-01-17T08:33:47.201+0000] {processor.py:208} INFO - Processing /opt/airflow/dags/tg_store_users.py took 0.897 seconds
[2026-01-17T08:34:17.773+0000] {processor.py:186} INFO - Started process (PID=16801) to work on /opt/airflow/dags/tg_store_users.py
[2026-01-17T08:34:17.775+0000] {processor.py:914} INFO - Processing file /opt/airflow/dags/tg_store_users.py for tasks to queue
[2026-01-17T08:34:17.776+0000] {logging_mixin.py:190} INFO - [2026-01-17T08:34:17.776+0000] {dagbag.py:588} INFO - Filling up the DagBag from /opt/airflow/dags/tg_store_users.py
[2026-01-17T08:34:18.482+0000] {processor.py:925} INFO - DAG(s) 'tg_store_users' retrieved from /opt/airflow/dags/tg_store_users.py
[2026-01-17T08:34:18.514+0000] {logging_mixin.py:190} INFO - [2026-01-17T08:34:18.513+0000] {dag.py:3239} INFO - Sync 1 DAGs
[2026-01-17T08:34:18.544+0000] {logging_mixin.py:190} INFO - [2026-01-17T08:34:18.544+0000] {dag.py:4180} INFO - Setting next_dagrun for tg_store_users to None, run_after=None
[2026-01-17T08:34:18.582+0000] {processor.py:208} INFO - Processing /opt/airflow/dags/tg_store_users.py took 0.821 seconds
[2026-01-17T08:34:48.717+0000] {processor.py:186} INFO - Started process (PID=16826) to work on /opt/airflow/dags/tg_store_users.py
[2026-01-17T08:34:48.719+0000] {processor.py:914} INFO - Processing file /opt/airflow/dags/tg_store_users.py for tasks to queue
[2026-01-17T08:34:48.723+0000] {logging_mixin.py:190} INFO - [2026-01-17T08:34:48.722+0000] {dagbag.py:588} INFO - Filling up the DagBag from /opt/airflow/dags/tg_store_users.py
[2026-01-17T08:34:49.539+0000] {processor.py:925} INFO - DAG(s) 'tg_store_users' retrieved from /opt/airflow/dags/tg_store_users.py
[2026-01-17T08:34:49.588+0000] {logging_mixin.py:190} INFO - [2026-01-17T08:34:49.587+0000] {dag.py:3239} INFO - Sync 1 DAGs
[2026-01-17T08:34:49.625+0000] {logging_mixin.py:190} INFO - [2026-01-17T08:34:49.625+0000] {dag.py:4180} INFO - Setting next_dagrun for tg_store_users to None, run_after=None
[2026-01-17T08:34:49.666+0000] {processor.py:208} INFO - Processing /opt/airflow/dags/tg_store_users.py took 0.965 seconds
[2026-01-17T08:35:19.982+0000] {processor.py:186} INFO - Started process (PID=16850) to work on /opt/airflow/dags/tg_store_users.py
[2026-01-17T08:35:19.984+0000] {processor.py:914} INFO - Processing file /opt/airflow/dags/tg_store_users.py for tasks to queue
[2026-01-17T08:35:19.986+0000] {logging_mixin.py:190} INFO - [2026-01-17T08:35:19.985+0000] {dagbag.py:588} INFO - Filling up the DagBag from /opt/airflow/dags/tg_store_users.py
[2026-01-17T08:35:20.760+0000] {processor.py:925} INFO - DAG(s) 'tg_store_users' retrieved from /opt/airflow/dags/tg_store_users.py
[2026-01-17T08:35:20.789+0000] {logging_mixin.py:190} INFO - [2026-01-17T08:35:20.788+0000] {dag.py:3239} INFO - Sync 1 DAGs
[2026-01-17T08:35:20.818+0000] {logging_mixin.py:190} INFO - [2026-01-17T08:35:20.818+0000] {dag.py:4180} INFO - Setting next_dagrun for tg_store_users to None, run_after=None
[2026-01-17T08:35:20.852+0000] {processor.py:208} INFO - Processing /opt/airflow/dags/tg_store_users.py took 0.881 seconds
[2026-01-17T08:35:51.763+0000] {processor.py:186} INFO - Started process (PID=16874) to work on /opt/airflow/dags/tg_store_users.py
[2026-01-17T08:35:51.764+0000] {processor.py:914} INFO - Processing file /opt/airflow/dags/tg_store_users.py for tasks to queue
[2026-01-17T08:35:51.766+0000] {logging_mixin.py:190} INFO - [2026-01-17T08:35:51.765+0000] {dagbag.py:588} INFO - Filling up the DagBag from /opt/airflow/dags/tg_store_users.py
[2026-01-17T08:35:52.667+0000] {processor.py:925} INFO - DAG(s) 'tg_store_users' retrieved from /opt/airflow/dags/tg_store_users.py
[2026-01-17T08:35:52.703+0000] {logging_mixin.py:190} INFO - [2026-01-17T08:35:52.702+0000] {dag.py:3239} INFO - Sync 1 DAGs
[2026-01-17T08:35:52.737+0000] {logging_mixin.py:190} INFO - [2026-01-17T08:35:52.736+0000] {dag.py:4180} INFO - Setting next_dagrun for tg_store_users to None, run_after=None
[2026-01-17T08:35:52.784+0000] {processor.py:208} INFO - Processing /opt/airflow/dags/tg_store_users.py took 1.034 seconds
[2026-01-17T08:36:23.504+0000] {processor.py:186} INFO - Started process (PID=16898) to work on /opt/airflow/dags/tg_store_users.py
[2026-01-17T08:36:23.505+0000] {processor.py:914} INFO - Processing file /opt/airflow/dags/tg_store_users.py for tasks to queue
[2026-01-17T08:36:23.507+0000] {logging_mixin.py:190} INFO - [2026-01-17T08:36:23.506+0000] {dagbag.py:588} INFO - Filling up the DagBag from /opt/airflow/dags/tg_store_users.py
[2026-01-17T08:36:24.289+0000] {processor.py:925} INFO - DAG(s) 'tg_store_users' retrieved from /opt/airflow/dags/tg_store_users.py
[2026-01-17T08:36:24.330+0000] {logging_mixin.py:190} INFO - [2026-01-17T08:36:24.329+0000] {dag.py:3239} INFO - Sync 1 DAGs
[2026-01-17T08:36:24.368+0000] {logging_mixin.py:190} INFO - [2026-01-17T08:36:24.368+0000] {dag.py:4180} INFO - Setting next_dagrun for tg_store_users to None, run_after=None
[2026-01-17T08:36:24.409+0000] {processor.py:208} INFO - Processing /opt/airflow/dags/tg_store_users.py took 0.917 seconds
[2026-01-17T08:36:55.126+0000] {processor.py:186} INFO - Started process (PID=16929) to work on /opt/airflow/dags/tg_store_users.py
[2026-01-17T08:36:55.128+0000] {processor.py:914} INFO - Processing file /opt/airflow/dags/tg_store_users.py for tasks to queue
[2026-01-17T08:36:55.133+0000] {logging_mixin.py:190} INFO - [2026-01-17T08:36:55.131+0000] {dagbag.py:588} INFO - Filling up the DagBag from /opt/airflow/dags/tg_store_users.py
[2026-01-17T08:36:56.173+0000] {processor.py:925} INFO - DAG(s) 'tg_store_users' retrieved from /opt/airflow/dags/tg_store_users.py
[2026-01-17T08:36:56.204+0000] {logging_mixin.py:190} INFO - [2026-01-17T08:36:56.204+0000] {dag.py:3239} INFO - Sync 1 DAGs
[2026-01-17T08:36:56.230+0000] {logging_mixin.py:190} INFO - [2026-01-17T08:36:56.230+0000] {dag.py:4180} INFO - Setting next_dagrun for tg_store_users to None, run_after=None
[2026-01-17T08:36:56.280+0000] {processor.py:208} INFO - Processing /opt/airflow/dags/tg_store_users.py took 1.177 seconds
[2026-01-17T08:37:26.561+0000] {processor.py:186} INFO - Started process (PID=16952) to work on /opt/airflow/dags/tg_store_users.py
[2026-01-17T08:37:26.563+0000] {processor.py:914} INFO - Processing file /opt/airflow/dags/tg_store_users.py for tasks to queue
[2026-01-17T08:37:26.565+0000] {logging_mixin.py:190} INFO - [2026-01-17T08:37:26.564+0000] {dagbag.py:588} INFO - Filling up the DagBag from /opt/airflow/dags/tg_store_users.py
[2026-01-17T08:37:27.328+0000] {processor.py:925} INFO - DAG(s) 'tg_store_users' retrieved from /opt/airflow/dags/tg_store_users.py
[2026-01-17T08:37:27.358+0000] {logging_mixin.py:190} INFO - [2026-01-17T08:37:27.357+0000] {dag.py:3239} INFO - Sync 1 DAGs
[2026-01-17T08:37:27.386+0000] {logging_mixin.py:190} INFO - [2026-01-17T08:37:27.386+0000] {dag.py:4180} INFO - Setting next_dagrun for tg_store_users to None, run_after=None
[2026-01-17T08:37:27.422+0000] {processor.py:208} INFO - Processing /opt/airflow/dags/tg_store_users.py took 0.873 seconds
[2026-01-17T08:37:57.777+0000] {processor.py:186} INFO - Started process (PID=16976) to work on /opt/airflow/dags/tg_store_users.py
[2026-01-17T08:37:57.779+0000] {processor.py:914} INFO - Processing file /opt/airflow/dags/tg_store_users.py for tasks to queue
[2026-01-17T08:37:57.781+0000] {logging_mixin.py:190} INFO - [2026-01-17T08:37:57.780+0000] {dagbag.py:588} INFO - Filling up the DagBag from /opt/airflow/dags/tg_store_users.py
[2026-01-17T08:37:58.671+0000] {processor.py:925} INFO - DAG(s) 'tg_store_users' retrieved from /opt/airflow/dags/tg_store_users.py
[2026-01-17T08:37:58.714+0000] {logging_mixin.py:190} INFO - [2026-01-17T08:37:58.713+0000] {dag.py:3239} INFO - Sync 1 DAGs
[2026-01-17T08:37:58.757+0000] {logging_mixin.py:190} INFO - [2026-01-17T08:37:58.757+0000] {dag.py:4180} INFO - Setting next_dagrun for tg_store_users to None, run_after=None
[2026-01-17T08:37:58.814+0000] {processor.py:208} INFO - Processing /opt/airflow/dags/tg_store_users.py took 1.058 seconds
[2026-01-17T08:38:29.062+0000] {processor.py:186} INFO - Started process (PID=17000) to work on /opt/airflow/dags/tg_store_users.py
[2026-01-17T08:38:29.064+0000] {processor.py:914} INFO - Processing file /opt/airflow/dags/tg_store_users.py for tasks to queue
[2026-01-17T08:38:29.066+0000] {logging_mixin.py:190} INFO - [2026-01-17T08:38:29.065+0000] {dagbag.py:588} INFO - Filling up the DagBag from /opt/airflow/dags/tg_store_users.py
[2026-01-17T08:38:29.920+0000] {processor.py:925} INFO - DAG(s) 'tg_store_users' retrieved from /opt/airflow/dags/tg_store_users.py
[2026-01-17T08:38:29.958+0000] {logging_mixin.py:190} INFO - [2026-01-17T08:38:29.957+0000] {dag.py:3239} INFO - Sync 1 DAGs
[2026-01-17T08:38:29.996+0000] {logging_mixin.py:190} INFO - [2026-01-17T08:38:29.995+0000] {dag.py:4180} INFO - Setting next_dagrun for tg_store_users to None, run_after=None
[2026-01-17T08:38:30.048+0000] {processor.py:208} INFO - Processing /opt/airflow/dags/tg_store_users.py took 1.002 seconds
[2026-01-17T08:39:00.581+0000] {processor.py:186} INFO - Started process (PID=17024) to work on /opt/airflow/dags/tg_store_users.py
[2026-01-17T08:39:00.583+0000] {processor.py:914} INFO - Processing file /opt/airflow/dags/tg_store_users.py for tasks to queue
[2026-01-17T08:39:00.586+0000] {logging_mixin.py:190} INFO - [2026-01-17T08:39:00.585+0000] {dagbag.py:588} INFO - Filling up the DagBag from /opt/airflow/dags/tg_store_users.py
[2026-01-17T08:39:01.472+0000] {processor.py:925} INFO - DAG(s) 'tg_store_users' retrieved from /opt/airflow/dags/tg_store_users.py
[2026-01-17T08:39:01.507+0000] {logging_mixin.py:190} INFO - [2026-01-17T08:39:01.507+0000] {dag.py:3239} INFO - Sync 1 DAGs
[2026-01-17T08:39:01.546+0000] {logging_mixin.py:190} INFO - [2026-01-17T08:39:01.546+0000] {dag.py:4180} INFO - Setting next_dagrun for tg_store_users to None, run_after=None
[2026-01-17T08:39:01.588+0000] {processor.py:208} INFO - Processing /opt/airflow/dags/tg_store_users.py took 1.022 seconds
[2026-01-17T08:39:31.777+0000] {processor.py:186} INFO - Started process (PID=17049) to work on /opt/airflow/dags/tg_store_users.py
[2026-01-17T08:39:31.779+0000] {processor.py:914} INFO - Processing file /opt/airflow/dags/tg_store_users.py for tasks to queue
[2026-01-17T08:39:31.782+0000] {logging_mixin.py:190} INFO - [2026-01-17T08:39:31.781+0000] {dagbag.py:588} INFO - Filling up the DagBag from /opt/airflow/dags/tg_store_users.py
[2026-01-17T08:39:32.767+0000] {processor.py:925} INFO - DAG(s) 'tg_store_users' retrieved from /opt/airflow/dags/tg_store_users.py
[2026-01-17T08:39:32.808+0000] {logging_mixin.py:190} INFO - [2026-01-17T08:39:32.807+0000] {dag.py:3239} INFO - Sync 1 DAGs
[2026-01-17T08:39:32.849+0000] {logging_mixin.py:190} INFO - [2026-01-17T08:39:32.848+0000] {dag.py:4180} INFO - Setting next_dagrun for tg_store_users to None, run_after=None
[2026-01-17T08:39:32.901+0000] {processor.py:208} INFO - Processing /opt/airflow/dags/tg_store_users.py took 1.139 seconds
[2026-01-17T08:40:03.035+0000] {processor.py:186} INFO - Started process (PID=17073) to work on /opt/airflow/dags/tg_store_users.py
[2026-01-17T08:40:03.036+0000] {processor.py:914} INFO - Processing file /opt/airflow/dags/tg_store_users.py for tasks to queue
[2026-01-17T08:40:03.038+0000] {logging_mixin.py:190} INFO - [2026-01-17T08:40:03.038+0000] {dagbag.py:588} INFO - Filling up the DagBag from /opt/airflow/dags/tg_store_users.py
[2026-01-17T08:40:03.845+0000] {processor.py:925} INFO - DAG(s) 'tg_store_users' retrieved from /opt/airflow/dags/tg_store_users.py
[2026-01-17T08:40:03.887+0000] {logging_mixin.py:190} INFO - [2026-01-17T08:40:03.887+0000] {dag.py:3239} INFO - Sync 1 DAGs
[2026-01-17T08:40:03.925+0000] {logging_mixin.py:190} INFO - [2026-01-17T08:40:03.925+0000] {dag.py:4180} INFO - Setting next_dagrun for tg_store_users to None, run_after=None
[2026-01-17T08:40:03.968+0000] {processor.py:208} INFO - Processing /opt/airflow/dags/tg_store_users.py took 0.952 seconds
[2026-01-17T08:40:34.168+0000] {processor.py:186} INFO - Started process (PID=17096) to work on /opt/airflow/dags/tg_store_users.py
[2026-01-17T08:40:34.169+0000] {processor.py:914} INFO - Processing file /opt/airflow/dags/tg_store_users.py for tasks to queue
[2026-01-17T08:40:34.171+0000] {logging_mixin.py:190} INFO - [2026-01-17T08:40:34.171+0000] {dagbag.py:588} INFO - Filling up the DagBag from /opt/airflow/dags/tg_store_users.py
[2026-01-17T08:40:34.968+0000] {processor.py:925} INFO - DAG(s) 'tg_store_users' retrieved from /opt/airflow/dags/tg_store_users.py
[2026-01-17T08:40:34.999+0000] {logging_mixin.py:190} INFO - [2026-01-17T08:40:34.998+0000] {dag.py:3239} INFO - Sync 1 DAGs
[2026-01-17T08:40:35.027+0000] {logging_mixin.py:190} INFO - [2026-01-17T08:40:35.027+0000] {dag.py:4180} INFO - Setting next_dagrun for tg_store_users to None, run_after=None
[2026-01-17T08:40:35.067+0000] {processor.py:208} INFO - Processing /opt/airflow/dags/tg_store_users.py took 0.908 seconds
[2026-01-17T08:41:05.234+0000] {processor.py:186} INFO - Started process (PID=17120) to work on /opt/airflow/dags/tg_store_users.py
[2026-01-17T08:41:05.236+0000] {processor.py:914} INFO - Processing file /opt/airflow/dags/tg_store_users.py for tasks to queue
[2026-01-17T08:41:05.239+0000] {logging_mixin.py:190} INFO - [2026-01-17T08:41:05.238+0000] {dagbag.py:588} INFO - Filling up the DagBag from /opt/airflow/dags/tg_store_users.py
[2026-01-17T08:41:06.551+0000] {processor.py:925} INFO - DAG(s) 'tg_store_users' retrieved from /opt/airflow/dags/tg_store_users.py
[2026-01-17T08:41:06.610+0000] {logging_mixin.py:190} INFO - [2026-01-17T08:41:06.609+0000] {dag.py:3239} INFO - Sync 1 DAGs
[2026-01-17T08:41:06.658+0000] {logging_mixin.py:190} INFO - [2026-01-17T08:41:06.657+0000] {dag.py:4180} INFO - Setting next_dagrun for tg_store_users to None, run_after=None
[2026-01-17T08:41:06.747+0000] {processor.py:208} INFO - Processing /opt/airflow/dags/tg_store_users.py took 1.532 seconds
[2026-01-17T08:41:37.159+0000] {processor.py:186} INFO - Started process (PID=17144) to work on /opt/airflow/dags/tg_store_users.py
[2026-01-17T08:41:37.161+0000] {processor.py:914} INFO - Processing file /opt/airflow/dags/tg_store_users.py for tasks to queue
[2026-01-17T08:41:37.163+0000] {logging_mixin.py:190} INFO - [2026-01-17T08:41:37.162+0000] {dagbag.py:588} INFO - Filling up the DagBag from /opt/airflow/dags/tg_store_users.py
[2026-01-17T08:41:38.021+0000] {processor.py:925} INFO - DAG(s) 'tg_store_users' retrieved from /opt/airflow/dags/tg_store_users.py
[2026-01-17T08:41:38.056+0000] {logging_mixin.py:190} INFO - [2026-01-17T08:41:38.056+0000] {dag.py:3239} INFO - Sync 1 DAGs
[2026-01-17T08:41:38.084+0000] {logging_mixin.py:190} INFO - [2026-01-17T08:41:38.084+0000] {dag.py:4180} INFO - Setting next_dagrun for tg_store_users to None, run_after=None
[2026-01-17T08:41:38.123+0000] {processor.py:208} INFO - Processing /opt/airflow/dags/tg_store_users.py took 0.976 seconds
[2026-01-17T08:42:08.702+0000] {processor.py:186} INFO - Started process (PID=17168) to work on /opt/airflow/dags/tg_store_users.py
[2026-01-17T08:42:08.703+0000] {processor.py:914} INFO - Processing file /opt/airflow/dags/tg_store_users.py for tasks to queue
[2026-01-17T08:42:08.705+0000] {logging_mixin.py:190} INFO - [2026-01-17T08:42:08.704+0000] {dagbag.py:588} INFO - Filling up the DagBag from /opt/airflow/dags/tg_store_users.py
[2026-01-17T08:42:09.490+0000] {processor.py:925} INFO - DAG(s) 'tg_store_users' retrieved from /opt/airflow/dags/tg_store_users.py
[2026-01-17T08:42:09.525+0000] {logging_mixin.py:190} INFO - [2026-01-17T08:42:09.525+0000] {dag.py:3239} INFO - Sync 1 DAGs
[2026-01-17T08:42:09.556+0000] {logging_mixin.py:190} INFO - [2026-01-17T08:42:09.555+0000] {dag.py:4180} INFO - Setting next_dagrun for tg_store_users to None, run_after=None
[2026-01-17T08:42:09.600+0000] {processor.py:208} INFO - Processing /opt/airflow/dags/tg_store_users.py took 0.911 seconds
[2026-01-17T08:42:40.332+0000] {processor.py:186} INFO - Started process (PID=17192) to work on /opt/airflow/dags/tg_store_users.py
[2026-01-17T08:42:40.334+0000] {processor.py:914} INFO - Processing file /opt/airflow/dags/tg_store_users.py for tasks to queue
[2026-01-17T08:42:40.335+0000] {logging_mixin.py:190} INFO - [2026-01-17T08:42:40.335+0000] {dagbag.py:588} INFO - Filling up the DagBag from /opt/airflow/dags/tg_store_users.py
[2026-01-17T08:42:41.046+0000] {processor.py:925} INFO - DAG(s) 'tg_store_users' retrieved from /opt/airflow/dags/tg_store_users.py
[2026-01-17T08:42:41.070+0000] {logging_mixin.py:190} INFO - [2026-01-17T08:42:41.070+0000] {dag.py:3239} INFO - Sync 1 DAGs
[2026-01-17T08:42:41.097+0000] {logging_mixin.py:190} INFO - [2026-01-17T08:42:41.097+0000] {dag.py:4180} INFO - Setting next_dagrun for tg_store_users to None, run_after=None
[2026-01-17T08:42:41.130+0000] {processor.py:208} INFO - Processing /opt/airflow/dags/tg_store_users.py took 0.808 seconds
[2026-01-17T08:43:12.265+0000] {processor.py:186} INFO - Started process (PID=17217) to work on /opt/airflow/dags/tg_store_users.py
[2026-01-17T08:43:12.267+0000] {processor.py:914} INFO - Processing file /opt/airflow/dags/tg_store_users.py for tasks to queue
[2026-01-17T08:43:12.268+0000] {logging_mixin.py:190} INFO - [2026-01-17T08:43:12.268+0000] {dagbag.py:588} INFO - Filling up the DagBag from /opt/airflow/dags/tg_store_users.py
[2026-01-17T08:43:12.984+0000] {processor.py:925} INFO - DAG(s) 'tg_store_users' retrieved from /opt/airflow/dags/tg_store_users.py
[2026-01-17T08:43:13.011+0000] {logging_mixin.py:190} INFO - [2026-01-17T08:43:13.011+0000] {dag.py:3239} INFO - Sync 1 DAGs
[2026-01-17T08:43:13.037+0000] {logging_mixin.py:190} INFO - [2026-01-17T08:43:13.037+0000] {dag.py:4180} INFO - Setting next_dagrun for tg_store_users to None, run_after=None
[2026-01-17T08:43:13.060+0000] {processor.py:208} INFO - Processing /opt/airflow/dags/tg_store_users.py took 0.809 seconds
[2026-01-17T08:43:43.634+0000] {processor.py:186} INFO - Started process (PID=17240) to work on /opt/airflow/dags/tg_store_users.py
[2026-01-17T08:43:43.636+0000] {processor.py:914} INFO - Processing file /opt/airflow/dags/tg_store_users.py for tasks to queue
[2026-01-17T08:43:43.637+0000] {logging_mixin.py:190} INFO - [2026-01-17T08:43:43.637+0000] {dagbag.py:588} INFO - Filling up the DagBag from /opt/airflow/dags/tg_store_users.py
[2026-01-17T08:43:44.418+0000] {processor.py:925} INFO - DAG(s) 'tg_store_users' retrieved from /opt/airflow/dags/tg_store_users.py
[2026-01-17T08:43:44.452+0000] {logging_mixin.py:190} INFO - [2026-01-17T08:43:44.451+0000] {dag.py:3239} INFO - Sync 1 DAGs
[2026-01-17T08:43:44.491+0000] {logging_mixin.py:190} INFO - [2026-01-17T08:43:44.490+0000] {dag.py:4180} INFO - Setting next_dagrun for tg_store_users to None, run_after=None
[2026-01-17T08:43:44.532+0000] {processor.py:208} INFO - Processing /opt/airflow/dags/tg_store_users.py took 0.908 seconds
[2026-01-17T08:44:14.691+0000] {processor.py:186} INFO - Started process (PID=17264) to work on /opt/airflow/dags/tg_store_users.py
[2026-01-17T08:44:14.692+0000] {processor.py:914} INFO - Processing file /opt/airflow/dags/tg_store_users.py for tasks to queue
[2026-01-17T08:44:14.694+0000] {logging_mixin.py:190} INFO - [2026-01-17T08:44:14.693+0000] {dagbag.py:588} INFO - Filling up the DagBag from /opt/airflow/dags/tg_store_users.py
[2026-01-17T08:44:15.355+0000] {processor.py:925} INFO - DAG(s) 'tg_store_users' retrieved from /opt/airflow/dags/tg_store_users.py
[2026-01-17T08:44:15.380+0000] {logging_mixin.py:190} INFO - [2026-01-17T08:44:15.379+0000] {dag.py:3239} INFO - Sync 1 DAGs
[2026-01-17T08:44:15.406+0000] {logging_mixin.py:190} INFO - [2026-01-17T08:44:15.405+0000] {dag.py:4180} INFO - Setting next_dagrun for tg_store_users to None, run_after=None
[2026-01-17T08:44:15.448+0000] {processor.py:208} INFO - Processing /opt/airflow/dags/tg_store_users.py took 0.767 seconds
[2026-01-17T08:44:45.827+0000] {processor.py:186} INFO - Started process (PID=17288) to work on /opt/airflow/dags/tg_store_users.py
[2026-01-17T08:44:45.828+0000] {processor.py:914} INFO - Processing file /opt/airflow/dags/tg_store_users.py for tasks to queue
[2026-01-17T08:44:45.831+0000] {logging_mixin.py:190} INFO - [2026-01-17T08:44:45.830+0000] {dagbag.py:588} INFO - Filling up the DagBag from /opt/airflow/dags/tg_store_users.py
[2026-01-17T08:44:46.568+0000] {processor.py:925} INFO - DAG(s) 'tg_store_users' retrieved from /opt/airflow/dags/tg_store_users.py
[2026-01-17T08:44:46.602+0000] {logging_mixin.py:190} INFO - [2026-01-17T08:44:46.601+0000] {dag.py:3239} INFO - Sync 1 DAGs
[2026-01-17T08:44:46.636+0000] {logging_mixin.py:190} INFO - [2026-01-17T08:44:46.636+0000] {dag.py:4180} INFO - Setting next_dagrun for tg_store_users to None, run_after=None
[2026-01-17T08:44:46.669+0000] {processor.py:208} INFO - Processing /opt/airflow/dags/tg_store_users.py took 0.853 seconds
[2026-01-17T08:45:17.342+0000] {processor.py:186} INFO - Started process (PID=17312) to work on /opt/airflow/dags/tg_store_users.py
[2026-01-17T08:45:17.343+0000] {processor.py:914} INFO - Processing file /opt/airflow/dags/tg_store_users.py for tasks to queue
[2026-01-17T08:45:17.345+0000] {logging_mixin.py:190} INFO - [2026-01-17T08:45:17.345+0000] {dagbag.py:588} INFO - Filling up the DagBag from /opt/airflow/dags/tg_store_users.py
[2026-01-17T08:45:18.030+0000] {processor.py:925} INFO - DAG(s) 'tg_store_users' retrieved from /opt/airflow/dags/tg_store_users.py
[2026-01-17T08:45:18.057+0000] {logging_mixin.py:190} INFO - [2026-01-17T08:45:18.057+0000] {dag.py:3239} INFO - Sync 1 DAGs
[2026-01-17T08:45:18.088+0000] {logging_mixin.py:190} INFO - [2026-01-17T08:45:18.088+0000] {dag.py:4180} INFO - Setting next_dagrun for tg_store_users to None, run_after=None
[2026-01-17T08:45:18.119+0000] {processor.py:208} INFO - Processing /opt/airflow/dags/tg_store_users.py took 0.786 seconds
[2026-01-17T08:45:48.586+0000] {processor.py:186} INFO - Started process (PID=17336) to work on /opt/airflow/dags/tg_store_users.py
[2026-01-17T08:45:48.588+0000] {processor.py:914} INFO - Processing file /opt/airflow/dags/tg_store_users.py for tasks to queue
[2026-01-17T08:45:48.590+0000] {logging_mixin.py:190} INFO - [2026-01-17T08:45:48.590+0000] {dagbag.py:588} INFO - Filling up the DagBag from /opt/airflow/dags/tg_store_users.py
[2026-01-17T08:45:49.302+0000] {processor.py:925} INFO - DAG(s) 'tg_store_users' retrieved from /opt/airflow/dags/tg_store_users.py
[2026-01-17T08:45:49.325+0000] {logging_mixin.py:190} INFO - [2026-01-17T08:45:49.325+0000] {dag.py:3239} INFO - Sync 1 DAGs
[2026-01-17T08:45:49.351+0000] {logging_mixin.py:190} INFO - [2026-01-17T08:45:49.351+0000] {dag.py:4180} INFO - Setting next_dagrun for tg_store_users to None, run_after=None
[2026-01-17T08:45:49.383+0000] {processor.py:208} INFO - Processing /opt/airflow/dags/tg_store_users.py took 0.810 seconds
[2026-01-17T08:46:19.824+0000] {processor.py:186} INFO - Started process (PID=17360) to work on /opt/airflow/dags/tg_store_users.py
[2026-01-17T08:46:19.825+0000] {processor.py:914} INFO - Processing file /opt/airflow/dags/tg_store_users.py for tasks to queue
[2026-01-17T08:46:19.827+0000] {logging_mixin.py:190} INFO - [2026-01-17T08:46:19.826+0000] {dagbag.py:588} INFO - Filling up the DagBag from /opt/airflow/dags/tg_store_users.py
[2026-01-17T08:46:20.511+0000] {processor.py:925} INFO - DAG(s) 'tg_store_users' retrieved from /opt/airflow/dags/tg_store_users.py
[2026-01-17T08:46:20.543+0000] {logging_mixin.py:190} INFO - [2026-01-17T08:46:20.542+0000] {dag.py:3239} INFO - Sync 1 DAGs
[2026-01-17T08:46:20.571+0000] {logging_mixin.py:190} INFO - [2026-01-17T08:46:20.570+0000] {dag.py:4180} INFO - Setting next_dagrun for tg_store_users to None, run_after=None
[2026-01-17T08:46:20.613+0000] {processor.py:208} INFO - Processing /opt/airflow/dags/tg_store_users.py took 0.797 seconds
[2026-01-17T08:46:50.890+0000] {processor.py:186} INFO - Started process (PID=17384) to work on /opt/airflow/dags/tg_store_users.py
[2026-01-17T08:46:50.891+0000] {processor.py:914} INFO - Processing file /opt/airflow/dags/tg_store_users.py for tasks to queue
[2026-01-17T08:46:50.893+0000] {logging_mixin.py:190} INFO - [2026-01-17T08:46:50.892+0000] {dagbag.py:588} INFO - Filling up the DagBag from /opt/airflow/dags/tg_store_users.py
[2026-01-17T08:46:51.655+0000] {processor.py:925} INFO - DAG(s) 'tg_store_users' retrieved from /opt/airflow/dags/tg_store_users.py
[2026-01-17T08:46:51.693+0000] {logging_mixin.py:190} INFO - [2026-01-17T08:46:51.692+0000] {dag.py:3239} INFO - Sync 1 DAGs
[2026-01-17T08:46:51.717+0000] {logging_mixin.py:190} INFO - [2026-01-17T08:46:51.717+0000] {dag.py:4180} INFO - Setting next_dagrun for tg_store_users to None, run_after=None
[2026-01-17T08:46:51.750+0000] {processor.py:208} INFO - Processing /opt/airflow/dags/tg_store_users.py took 0.869 seconds
[2026-01-17T08:47:22.452+0000] {processor.py:186} INFO - Started process (PID=17407) to work on /opt/airflow/dags/tg_store_users.py
[2026-01-17T08:47:22.454+0000] {processor.py:914} INFO - Processing file /opt/airflow/dags/tg_store_users.py for tasks to queue
[2026-01-17T08:47:22.456+0000] {logging_mixin.py:190} INFO - [2026-01-17T08:47:22.455+0000] {dagbag.py:588} INFO - Filling up the DagBag from /opt/airflow/dags/tg_store_users.py
[2026-01-17T08:47:23.214+0000] {processor.py:925} INFO - DAG(s) 'tg_store_users' retrieved from /opt/airflow/dags/tg_store_users.py
[2026-01-17T08:47:23.244+0000] {logging_mixin.py:190} INFO - [2026-01-17T08:47:23.244+0000] {dag.py:3239} INFO - Sync 1 DAGs
[2026-01-17T08:47:23.274+0000] {logging_mixin.py:190} INFO - [2026-01-17T08:47:23.274+0000] {dag.py:4180} INFO - Setting next_dagrun for tg_store_users to None, run_after=None
[2026-01-17T08:47:23.311+0000] {processor.py:208} INFO - Processing /opt/airflow/dags/tg_store_users.py took 0.870 seconds
[2026-01-17T08:47:53.590+0000] {processor.py:186} INFO - Started process (PID=17431) to work on /opt/airflow/dags/tg_store_users.py
[2026-01-17T08:47:53.592+0000] {processor.py:914} INFO - Processing file /opt/airflow/dags/tg_store_users.py for tasks to queue
[2026-01-17T08:47:53.595+0000] {logging_mixin.py:190} INFO - [2026-01-17T08:47:53.594+0000] {dagbag.py:588} INFO - Filling up the DagBag from /opt/airflow/dags/tg_store_users.py
[2026-01-17T08:47:54.545+0000] {processor.py:925} INFO - DAG(s) 'tg_store_users' retrieved from /opt/airflow/dags/tg_store_users.py
[2026-01-17T08:47:54.594+0000] {logging_mixin.py:190} INFO - [2026-01-17T08:47:54.593+0000] {dag.py:3239} INFO - Sync 1 DAGs
[2026-01-17T08:47:54.636+0000] {logging_mixin.py:190} INFO - [2026-01-17T08:47:54.635+0000] {dag.py:4180} INFO - Setting next_dagrun for tg_store_users to None, run_after=None
[2026-01-17T08:47:54.688+0000] {processor.py:208} INFO - Processing /opt/airflow/dags/tg_store_users.py took 1.111 seconds
[2026-01-17T08:48:24.822+0000] {processor.py:186} INFO - Started process (PID=17456) to work on /opt/airflow/dags/tg_store_users.py
[2026-01-17T08:48:24.824+0000] {processor.py:914} INFO - Processing file /opt/airflow/dags/tg_store_users.py for tasks to queue
[2026-01-17T08:48:24.826+0000] {logging_mixin.py:190} INFO - [2026-01-17T08:48:24.825+0000] {dagbag.py:588} INFO - Filling up the DagBag from /opt/airflow/dags/tg_store_users.py
[2026-01-17T08:48:25.695+0000] {processor.py:925} INFO - DAG(s) 'tg_store_users' retrieved from /opt/airflow/dags/tg_store_users.py
[2026-01-17T08:48:25.738+0000] {logging_mixin.py:190} INFO - [2026-01-17T08:48:25.737+0000] {dag.py:3239} INFO - Sync 1 DAGs
[2026-01-17T08:48:25.777+0000] {logging_mixin.py:190} INFO - [2026-01-17T08:48:25.777+0000] {dag.py:4180} INFO - Setting next_dagrun for tg_store_users to None, run_after=None
[2026-01-17T08:48:25.826+0000] {processor.py:208} INFO - Processing /opt/airflow/dags/tg_store_users.py took 1.017 seconds
[2026-01-17T08:48:56.101+0000] {processor.py:186} INFO - Started process (PID=17480) to work on /opt/airflow/dags/tg_store_users.py
[2026-01-17T08:48:56.103+0000] {processor.py:914} INFO - Processing file /opt/airflow/dags/tg_store_users.py for tasks to queue
[2026-01-17T08:48:56.108+0000] {logging_mixin.py:190} INFO - [2026-01-17T08:48:56.106+0000] {dagbag.py:588} INFO - Filling up the DagBag from /opt/airflow/dags/tg_store_users.py
[2026-01-17T08:48:57.180+0000] {processor.py:925} INFO - DAG(s) 'tg_store_users' retrieved from /opt/airflow/dags/tg_store_users.py
[2026-01-17T08:48:57.244+0000] {logging_mixin.py:190} INFO - [2026-01-17T08:48:57.243+0000] {dag.py:3239} INFO - Sync 1 DAGs
[2026-01-17T08:48:57.290+0000] {logging_mixin.py:190} INFO - [2026-01-17T08:48:57.289+0000] {dag.py:4180} INFO - Setting next_dagrun for tg_store_users to None, run_after=None
[2026-01-17T08:48:57.363+0000] {processor.py:208} INFO - Processing /opt/airflow/dags/tg_store_users.py took 1.280 seconds
[2026-01-17T08:49:27.580+0000] {processor.py:186} INFO - Started process (PID=17510) to work on /opt/airflow/dags/tg_store_users.py
[2026-01-17T08:49:27.583+0000] {processor.py:914} INFO - Processing file /opt/airflow/dags/tg_store_users.py for tasks to queue
[2026-01-17T08:49:27.586+0000] {logging_mixin.py:190} INFO - [2026-01-17T08:49:27.585+0000] {dagbag.py:588} INFO - Filling up the DagBag from /opt/airflow/dags/tg_store_users.py
[2026-01-17T08:49:28.785+0000] {processor.py:925} INFO - DAG(s) 'tg_store_users' retrieved from /opt/airflow/dags/tg_store_users.py
[2026-01-17T08:49:28.861+0000] {logging_mixin.py:190} INFO - [2026-01-17T08:49:28.860+0000] {dag.py:3239} INFO - Sync 1 DAGs
[2026-01-17T08:49:28.954+0000] {logging_mixin.py:190} INFO - [2026-01-17T08:49:28.954+0000] {dag.py:4180} INFO - Setting next_dagrun for tg_store_users to None, run_after=None
[2026-01-17T08:49:29.025+0000] {processor.py:208} INFO - Processing /opt/airflow/dags/tg_store_users.py took 1.465 seconds
[2026-01-17T08:49:59.189+0000] {processor.py:186} INFO - Started process (PID=17535) to work on /opt/airflow/dags/tg_store_users.py
[2026-01-17T08:49:59.191+0000] {processor.py:914} INFO - Processing file /opt/airflow/dags/tg_store_users.py for tasks to queue
[2026-01-17T08:49:59.193+0000] {logging_mixin.py:190} INFO - [2026-01-17T08:49:59.193+0000] {dagbag.py:588} INFO - Filling up the DagBag from /opt/airflow/dags/tg_store_users.py
[2026-01-17T08:50:00.061+0000] {processor.py:925} INFO - DAG(s) 'tg_store_users' retrieved from /opt/airflow/dags/tg_store_users.py
[2026-01-17T08:50:00.103+0000] {logging_mixin.py:190} INFO - [2026-01-17T08:50:00.100+0000] {dag.py:3239} INFO - Sync 1 DAGs
[2026-01-17T08:50:00.134+0000] {logging_mixin.py:190} INFO - [2026-01-17T08:50:00.134+0000] {dag.py:4180} INFO - Setting next_dagrun for tg_store_users to None, run_after=None
[2026-01-17T08:50:00.172+0000] {processor.py:208} INFO - Processing /opt/airflow/dags/tg_store_users.py took 0.999 seconds
[2026-01-17T08:50:30.285+0000] {processor.py:186} INFO - Started process (PID=17559) to work on /opt/airflow/dags/tg_store_users.py
[2026-01-17T08:50:30.288+0000] {processor.py:914} INFO - Processing file /opt/airflow/dags/tg_store_users.py for tasks to queue
[2026-01-17T08:50:30.290+0000] {logging_mixin.py:190} INFO - [2026-01-17T08:50:30.290+0000] {dagbag.py:588} INFO - Filling up the DagBag from /opt/airflow/dags/tg_store_users.py
[2026-01-17T08:50:31.121+0000] {processor.py:925} INFO - DAG(s) 'tg_store_users' retrieved from /opt/airflow/dags/tg_store_users.py
[2026-01-17T08:50:31.156+0000] {logging_mixin.py:190} INFO - [2026-01-17T08:50:31.155+0000] {dag.py:3239} INFO - Sync 1 DAGs
[2026-01-17T08:50:31.188+0000] {logging_mixin.py:190} INFO - [2026-01-17T08:50:31.188+0000] {dag.py:4180} INFO - Setting next_dagrun for tg_store_users to None, run_after=None
[2026-01-17T08:50:31.231+0000] {processor.py:208} INFO - Processing /opt/airflow/dags/tg_store_users.py took 0.959 seconds
[2026-01-17T08:51:01.536+0000] {processor.py:186} INFO - Started process (PID=17584) to work on /opt/airflow/dags/tg_store_users.py
[2026-01-17T08:51:01.538+0000] {processor.py:914} INFO - Processing file /opt/airflow/dags/tg_store_users.py for tasks to queue
[2026-01-17T08:51:01.540+0000] {logging_mixin.py:190} INFO - [2026-01-17T08:51:01.539+0000] {dagbag.py:588} INFO - Filling up the DagBag from /opt/airflow/dags/tg_store_users.py
[2026-01-17T08:51:02.432+0000] {processor.py:925} INFO - DAG(s) 'tg_store_users' retrieved from /opt/airflow/dags/tg_store_users.py
[2026-01-17T08:51:02.470+0000] {logging_mixin.py:190} INFO - [2026-01-17T08:51:02.469+0000] {dag.py:3239} INFO - Sync 1 DAGs
[2026-01-17T08:51:02.503+0000] {logging_mixin.py:190} INFO - [2026-01-17T08:51:02.503+0000] {dag.py:4180} INFO - Setting next_dagrun for tg_store_users to None, run_after=None
[2026-01-17T08:51:02.552+0000] {processor.py:208} INFO - Processing /opt/airflow/dags/tg_store_users.py took 1.030 seconds
[2026-01-17T08:51:32.736+0000] {processor.py:186} INFO - Started process (PID=17608) to work on /opt/airflow/dags/tg_store_users.py
[2026-01-17T08:51:32.738+0000] {processor.py:914} INFO - Processing file /opt/airflow/dags/tg_store_users.py for tasks to queue
[2026-01-17T08:51:32.740+0000] {logging_mixin.py:190} INFO - [2026-01-17T08:51:32.740+0000] {dagbag.py:588} INFO - Filling up the DagBag from /opt/airflow/dags/tg_store_users.py
[2026-01-17T08:51:33.610+0000] {processor.py:925} INFO - DAG(s) 'tg_store_users' retrieved from /opt/airflow/dags/tg_store_users.py
[2026-01-17T08:51:33.646+0000] {logging_mixin.py:190} INFO - [2026-01-17T08:51:33.646+0000] {dag.py:3239} INFO - Sync 1 DAGs
[2026-01-17T08:51:33.692+0000] {logging_mixin.py:190} INFO - [2026-01-17T08:51:33.691+0000] {dag.py:4180} INFO - Setting next_dagrun for tg_store_users to None, run_after=None
[2026-01-17T08:51:33.737+0000] {processor.py:208} INFO - Processing /opt/airflow/dags/tg_store_users.py took 1.014 seconds
[2026-01-17T08:52:04.367+0000] {processor.py:186} INFO - Started process (PID=17633) to work on /opt/airflow/dags/tg_store_users.py
[2026-01-17T08:52:04.369+0000] {processor.py:914} INFO - Processing file /opt/airflow/dags/tg_store_users.py for tasks to queue
[2026-01-17T08:52:04.372+0000] {logging_mixin.py:190} INFO - [2026-01-17T08:52:04.371+0000] {dagbag.py:588} INFO - Filling up the DagBag from /opt/airflow/dags/tg_store_users.py
[2026-01-17T08:52:05.166+0000] {processor.py:925} INFO - DAG(s) 'tg_store_users' retrieved from /opt/airflow/dags/tg_store_users.py
[2026-01-17T08:52:05.206+0000] {logging_mixin.py:190} INFO - [2026-01-17T08:52:05.205+0000] {dag.py:3239} INFO - Sync 1 DAGs
[2026-01-17T08:52:05.242+0000] {logging_mixin.py:190} INFO - [2026-01-17T08:52:05.242+0000] {dag.py:4180} INFO - Setting next_dagrun for tg_store_users to None, run_after=None
[2026-01-17T08:52:05.292+0000] {processor.py:208} INFO - Processing /opt/airflow/dags/tg_store_users.py took 0.944 seconds
[2026-01-17T08:52:35.738+0000] {processor.py:186} INFO - Started process (PID=17656) to work on /opt/airflow/dags/tg_store_users.py
[2026-01-17T08:52:35.741+0000] {processor.py:914} INFO - Processing file /opt/airflow/dags/tg_store_users.py for tasks to queue
[2026-01-17T08:52:35.744+0000] {logging_mixin.py:190} INFO - [2026-01-17T08:52:35.743+0000] {dagbag.py:588} INFO - Filling up the DagBag from /opt/airflow/dags/tg_store_users.py
[2026-01-17T08:52:36.543+0000] {processor.py:925} INFO - DAG(s) 'tg_store_users' retrieved from /opt/airflow/dags/tg_store_users.py
[2026-01-17T08:52:36.579+0000] {logging_mixin.py:190} INFO - [2026-01-17T08:52:36.578+0000] {dag.py:3239} INFO - Sync 1 DAGs
[2026-01-17T08:52:36.614+0000] {logging_mixin.py:190} INFO - [2026-01-17T08:52:36.614+0000] {dag.py:4180} INFO - Setting next_dagrun for tg_store_users to None, run_after=None
[2026-01-17T08:52:36.653+0000] {processor.py:208} INFO - Processing /opt/airflow/dags/tg_store_users.py took 0.930 seconds
[2026-01-17T08:53:06.790+0000] {processor.py:186} INFO - Started process (PID=17680) to work on /opt/airflow/dags/tg_store_users.py
[2026-01-17T08:53:06.792+0000] {processor.py:914} INFO - Processing file /opt/airflow/dags/tg_store_users.py for tasks to queue
[2026-01-17T08:53:06.795+0000] {logging_mixin.py:190} INFO - [2026-01-17T08:53:06.794+0000] {dagbag.py:588} INFO - Filling up the DagBag from /opt/airflow/dags/tg_store_users.py
[2026-01-17T08:53:07.614+0000] {processor.py:925} INFO - DAG(s) 'tg_store_users' retrieved from /opt/airflow/dags/tg_store_users.py
[2026-01-17T08:53:07.655+0000] {logging_mixin.py:190} INFO - [2026-01-17T08:53:07.655+0000] {dag.py:3239} INFO - Sync 1 DAGs
[2026-01-17T08:53:07.695+0000] {logging_mixin.py:190} INFO - [2026-01-17T08:53:07.695+0000] {dag.py:4180} INFO - Setting next_dagrun for tg_store_users to None, run_after=None
[2026-01-17T08:53:07.744+0000] {processor.py:208} INFO - Processing /opt/airflow/dags/tg_store_users.py took 0.974 seconds
[2026-01-17T08:53:37.864+0000] {processor.py:186} INFO - Started process (PID=17705) to work on /opt/airflow/dags/tg_store_users.py
[2026-01-17T08:53:37.866+0000] {processor.py:914} INFO - Processing file /opt/airflow/dags/tg_store_users.py for tasks to queue
[2026-01-17T08:53:37.868+0000] {logging_mixin.py:190} INFO - [2026-01-17T08:53:37.868+0000] {dagbag.py:588} INFO - Filling up the DagBag from /opt/airflow/dags/tg_store_users.py
[2026-01-17T08:53:38.639+0000] {processor.py:925} INFO - DAG(s) 'tg_store_users' retrieved from /opt/airflow/dags/tg_store_users.py
[2026-01-17T08:53:38.673+0000] {logging_mixin.py:190} INFO - [2026-01-17T08:53:38.672+0000] {dag.py:3239} INFO - Sync 1 DAGs
[2026-01-17T08:53:38.708+0000] {logging_mixin.py:190} INFO - [2026-01-17T08:53:38.708+0000] {dag.py:4180} INFO - Setting next_dagrun for tg_store_users to None, run_after=None
[2026-01-17T08:53:38.745+0000] {processor.py:208} INFO - Processing /opt/airflow/dags/tg_store_users.py took 0.895 seconds
[2026-01-17T08:54:09.124+0000] {processor.py:186} INFO - Started process (PID=17728) to work on /opt/airflow/dags/tg_store_users.py
[2026-01-17T08:54:09.126+0000] {processor.py:914} INFO - Processing file /opt/airflow/dags/tg_store_users.py for tasks to queue
[2026-01-17T08:54:09.129+0000] {logging_mixin.py:190} INFO - [2026-01-17T08:54:09.129+0000] {dagbag.py:588} INFO - Filling up the DagBag from /opt/airflow/dags/tg_store_users.py
[2026-01-17T08:54:09.885+0000] {processor.py:925} INFO - DAG(s) 'tg_store_users' retrieved from /opt/airflow/dags/tg_store_users.py
[2026-01-17T08:54:09.922+0000] {logging_mixin.py:190} INFO - [2026-01-17T08:54:09.921+0000] {dag.py:3239} INFO - Sync 1 DAGs
[2026-01-17T08:54:09.969+0000] {logging_mixin.py:190} INFO - [2026-01-17T08:54:09.969+0000] {dag.py:4180} INFO - Setting next_dagrun for tg_store_users to None, run_after=None
[2026-01-17T08:54:10.021+0000] {processor.py:208} INFO - Processing /opt/airflow/dags/tg_store_users.py took 0.911 seconds
[2026-01-17T08:54:40.369+0000] {processor.py:186} INFO - Started process (PID=17752) to work on /opt/airflow/dags/tg_store_users.py
[2026-01-17T08:54:40.371+0000] {processor.py:914} INFO - Processing file /opt/airflow/dags/tg_store_users.py for tasks to queue
[2026-01-17T08:54:40.374+0000] {logging_mixin.py:190} INFO - [2026-01-17T08:54:40.373+0000] {dagbag.py:588} INFO - Filling up the DagBag from /opt/airflow/dags/tg_store_users.py
[2026-01-17T08:54:41.147+0000] {processor.py:925} INFO - DAG(s) 'tg_store_users' retrieved from /opt/airflow/dags/tg_store_users.py
[2026-01-17T08:54:41.186+0000] {logging_mixin.py:190} INFO - [2026-01-17T08:54:41.185+0000] {dag.py:3239} INFO - Sync 1 DAGs
[2026-01-17T08:54:41.223+0000] {logging_mixin.py:190} INFO - [2026-01-17T08:54:41.223+0000] {dag.py:4180} INFO - Setting next_dagrun for tg_store_users to None, run_after=None
[2026-01-17T08:54:41.262+0000] {processor.py:208} INFO - Processing /opt/airflow/dags/tg_store_users.py took 0.914 seconds
[2026-01-17T08:55:11.707+0000] {processor.py:186} INFO - Started process (PID=17776) to work on /opt/airflow/dags/tg_store_users.py
[2026-01-17T08:55:11.710+0000] {processor.py:914} INFO - Processing file /opt/airflow/dags/tg_store_users.py for tasks to queue
[2026-01-17T08:55:11.713+0000] {logging_mixin.py:190} INFO - [2026-01-17T08:55:11.712+0000] {dagbag.py:588} INFO - Filling up the DagBag from /opt/airflow/dags/tg_store_users.py
[2026-01-17T08:55:12.518+0000] {processor.py:925} INFO - DAG(s) 'tg_store_users' retrieved from /opt/airflow/dags/tg_store_users.py
[2026-01-17T08:55:12.556+0000] {logging_mixin.py:190} INFO - [2026-01-17T08:55:12.555+0000] {dag.py:3239} INFO - Sync 1 DAGs
[2026-01-17T08:55:12.590+0000] {logging_mixin.py:190} INFO - [2026-01-17T08:55:12.589+0000] {dag.py:4180} INFO - Setting next_dagrun for tg_store_users to None, run_after=None
[2026-01-17T08:55:12.644+0000] {processor.py:208} INFO - Processing /opt/airflow/dags/tg_store_users.py took 0.961 seconds
[2026-01-17T08:55:43.081+0000] {processor.py:186} INFO - Started process (PID=17801) to work on /opt/airflow/dags/tg_store_users.py
[2026-01-17T08:55:43.083+0000] {processor.py:914} INFO - Processing file /opt/airflow/dags/tg_store_users.py for tasks to queue
[2026-01-17T08:55:43.085+0000] {logging_mixin.py:190} INFO - [2026-01-17T08:55:43.085+0000] {dagbag.py:588} INFO - Filling up the DagBag from /opt/airflow/dags/tg_store_users.py
[2026-01-17T08:55:43.969+0000] {processor.py:925} INFO - DAG(s) 'tg_store_users' retrieved from /opt/airflow/dags/tg_store_users.py
[2026-01-17T08:55:44.004+0000] {logging_mixin.py:190} INFO - [2026-01-17T08:55:44.003+0000] {dag.py:3239} INFO - Sync 1 DAGs
[2026-01-17T08:55:44.038+0000] {logging_mixin.py:190} INFO - [2026-01-17T08:55:44.037+0000] {dag.py:4180} INFO - Setting next_dagrun for tg_store_users to None, run_after=None
[2026-01-17T08:55:44.071+0000] {processor.py:208} INFO - Processing /opt/airflow/dags/tg_store_users.py took 1.004 seconds
[2026-01-17T08:56:15.023+0000] {processor.py:186} INFO - Started process (PID=17826) to work on /opt/airflow/dags/tg_store_users.py
[2026-01-17T08:56:15.024+0000] {processor.py:914} INFO - Processing file /opt/airflow/dags/tg_store_users.py for tasks to queue
[2026-01-17T08:56:15.027+0000] {logging_mixin.py:190} INFO - [2026-01-17T08:56:15.026+0000] {dagbag.py:588} INFO - Filling up the DagBag from /opt/airflow/dags/tg_store_users.py
[2026-01-17T08:56:15.822+0000] {processor.py:925} INFO - DAG(s) 'tg_store_users' retrieved from /opt/airflow/dags/tg_store_users.py
[2026-01-17T08:56:15.859+0000] {logging_mixin.py:190} INFO - [2026-01-17T08:56:15.858+0000] {dag.py:3239} INFO - Sync 1 DAGs
[2026-01-17T08:56:15.897+0000] {logging_mixin.py:190} INFO - [2026-01-17T08:56:15.896+0000] {dag.py:4180} INFO - Setting next_dagrun for tg_store_users to None, run_after=None
[2026-01-17T08:56:15.950+0000] {processor.py:208} INFO - Processing /opt/airflow/dags/tg_store_users.py took 0.939 seconds
[2026-01-17T08:56:46.562+0000] {processor.py:186} INFO - Started process (PID=17850) to work on /opt/airflow/dags/tg_store_users.py
[2026-01-17T08:56:46.565+0000] {processor.py:914} INFO - Processing file /opt/airflow/dags/tg_store_users.py for tasks to queue
[2026-01-17T08:56:46.568+0000] {logging_mixin.py:190} INFO - [2026-01-17T08:56:46.567+0000] {dagbag.py:588} INFO - Filling up the DagBag from /opt/airflow/dags/tg_store_users.py
[2026-01-17T08:56:47.300+0000] {processor.py:925} INFO - DAG(s) 'tg_store_users' retrieved from /opt/airflow/dags/tg_store_users.py
[2026-01-17T08:56:47.332+0000] {logging_mixin.py:190} INFO - [2026-01-17T08:56:47.332+0000] {dag.py:3239} INFO - Sync 1 DAGs
[2026-01-17T08:56:47.368+0000] {logging_mixin.py:190} INFO - [2026-01-17T08:56:47.367+0000] {dag.py:4180} INFO - Setting next_dagrun for tg_store_users to None, run_after=None
[2026-01-17T08:56:47.410+0000] {processor.py:208} INFO - Processing /opt/airflow/dags/tg_store_users.py took 0.868 seconds
[2026-01-17T08:57:18.271+0000] {processor.py:186} INFO - Started process (PID=17874) to work on /opt/airflow/dags/tg_store_users.py
[2026-01-17T08:57:18.273+0000] {processor.py:914} INFO - Processing file /opt/airflow/dags/tg_store_users.py for tasks to queue
[2026-01-17T08:57:18.276+0000] {logging_mixin.py:190} INFO - [2026-01-17T08:57:18.275+0000] {dagbag.py:588} INFO - Filling up the DagBag from /opt/airflow/dags/tg_store_users.py
[2026-01-17T08:57:19.034+0000] {processor.py:925} INFO - DAG(s) 'tg_store_users' retrieved from /opt/airflow/dags/tg_store_users.py
[2026-01-17T08:57:19.069+0000] {logging_mixin.py:190} INFO - [2026-01-17T08:57:19.068+0000] {dag.py:3239} INFO - Sync 1 DAGs
[2026-01-17T08:57:19.104+0000] {logging_mixin.py:190} INFO - [2026-01-17T08:57:19.104+0000] {dag.py:4180} INFO - Setting next_dagrun for tg_store_users to None, run_after=None
[2026-01-17T08:57:19.141+0000] {processor.py:208} INFO - Processing /opt/airflow/dags/tg_store_users.py took 0.886 seconds
[2026-01-17T08:57:49.267+0000] {processor.py:186} INFO - Started process (PID=17897) to work on /opt/airflow/dags/tg_store_users.py
[2026-01-17T08:57:49.269+0000] {processor.py:914} INFO - Processing file /opt/airflow/dags/tg_store_users.py for tasks to queue
[2026-01-17T08:57:49.271+0000] {logging_mixin.py:190} INFO - [2026-01-17T08:57:49.271+0000] {dagbag.py:588} INFO - Filling up the DagBag from /opt/airflow/dags/tg_store_users.py
[2026-01-17T08:57:50.020+0000] {processor.py:925} INFO - DAG(s) 'tg_store_users' retrieved from /opt/airflow/dags/tg_store_users.py
[2026-01-17T08:57:50.068+0000] {logging_mixin.py:190} INFO - [2026-01-17T08:57:50.067+0000] {dag.py:3239} INFO - Sync 1 DAGs
[2026-01-17T08:57:50.108+0000] {logging_mixin.py:190} INFO - [2026-01-17T08:57:50.108+0000] {dag.py:4180} INFO - Setting next_dagrun for tg_store_users to None, run_after=None
[2026-01-17T08:57:50.155+0000] {processor.py:208} INFO - Processing /opt/airflow/dags/tg_store_users.py took 0.899 seconds
[2026-01-17T08:58:20.301+0000] {processor.py:186} INFO - Started process (PID=17921) to work on /opt/airflow/dags/tg_store_users.py
[2026-01-17T08:58:20.303+0000] {processor.py:914} INFO - Processing file /opt/airflow/dags/tg_store_users.py for tasks to queue
[2026-01-17T08:58:20.304+0000] {logging_mixin.py:190} INFO - [2026-01-17T08:58:20.304+0000] {dagbag.py:588} INFO - Filling up the DagBag from /opt/airflow/dags/tg_store_users.py
[2026-01-17T08:58:21.120+0000] {processor.py:925} INFO - DAG(s) 'tg_store_users' retrieved from /opt/airflow/dags/tg_store_users.py
[2026-01-17T08:58:21.158+0000] {logging_mixin.py:190} INFO - [2026-01-17T08:58:21.157+0000] {dag.py:3239} INFO - Sync 1 DAGs
[2026-01-17T08:58:21.192+0000] {logging_mixin.py:190} INFO - [2026-01-17T08:58:21.192+0000] {dag.py:4180} INFO - Setting next_dagrun for tg_store_users to None, run_after=None
[2026-01-17T08:58:21.235+0000] {processor.py:208} INFO - Processing /opt/airflow/dags/tg_store_users.py took 0.948 seconds
[2026-01-17T08:58:51.929+0000] {processor.py:186} INFO - Started process (PID=17945) to work on /opt/airflow/dags/tg_store_users.py
[2026-01-17T08:58:51.931+0000] {processor.py:914} INFO - Processing file /opt/airflow/dags/tg_store_users.py for tasks to queue
[2026-01-17T08:58:51.933+0000] {logging_mixin.py:190} INFO - [2026-01-17T08:58:51.932+0000] {dagbag.py:588} INFO - Filling up the DagBag from /opt/airflow/dags/tg_store_users.py
[2026-01-17T08:58:52.753+0000] {processor.py:925} INFO - DAG(s) 'tg_store_users' retrieved from /opt/airflow/dags/tg_store_users.py
[2026-01-17T08:58:52.791+0000] {logging_mixin.py:190} INFO - [2026-01-17T08:58:52.790+0000] {dag.py:3239} INFO - Sync 1 DAGs
[2026-01-17T08:58:52.824+0000] {logging_mixin.py:190} INFO - [2026-01-17T08:58:52.824+0000] {dag.py:4180} INFO - Setting next_dagrun for tg_store_users to None, run_after=None
[2026-01-17T08:58:52.870+0000] {processor.py:208} INFO - Processing /opt/airflow/dags/tg_store_users.py took 0.957 seconds
[2026-01-17T08:59:23.026+0000] {processor.py:186} INFO - Started process (PID=17969) to work on /opt/airflow/dags/tg_store_users.py
[2026-01-17T08:59:23.027+0000] {processor.py:914} INFO - Processing file /opt/airflow/dags/tg_store_users.py for tasks to queue
[2026-01-17T08:59:23.029+0000] {logging_mixin.py:190} INFO - [2026-01-17T08:59:23.029+0000] {dagbag.py:588} INFO - Filling up the DagBag from /opt/airflow/dags/tg_store_users.py
[2026-01-17T08:59:23.816+0000] {processor.py:925} INFO - DAG(s) 'tg_store_users' retrieved from /opt/airflow/dags/tg_store_users.py
[2026-01-17T08:59:23.849+0000] {logging_mixin.py:190} INFO - [2026-01-17T08:59:23.848+0000] {dag.py:3239} INFO - Sync 1 DAGs
[2026-01-17T08:59:23.879+0000] {logging_mixin.py:190} INFO - [2026-01-17T08:59:23.878+0000] {dag.py:4180} INFO - Setting next_dagrun for tg_store_users to None, run_after=None
[2026-01-17T08:59:23.919+0000] {processor.py:208} INFO - Processing /opt/airflow/dags/tg_store_users.py took 0.906 seconds
[2026-01-17T08:59:54.114+0000] {processor.py:186} INFO - Started process (PID=17993) to work on /opt/airflow/dags/tg_store_users.py
[2026-01-17T08:59:54.116+0000] {processor.py:914} INFO - Processing file /opt/airflow/dags/tg_store_users.py for tasks to queue
[2026-01-17T08:59:54.119+0000] {logging_mixin.py:190} INFO - [2026-01-17T08:59:54.118+0000] {dagbag.py:588} INFO - Filling up the DagBag from /opt/airflow/dags/tg_store_users.py
[2026-01-17T08:59:55.004+0000] {processor.py:925} INFO - DAG(s) 'tg_store_users' retrieved from /opt/airflow/dags/tg_store_users.py
[2026-01-17T08:59:55.044+0000] {logging_mixin.py:190} INFO - [2026-01-17T08:59:55.043+0000] {dag.py:3239} INFO - Sync 1 DAGs
[2026-01-17T08:59:55.086+0000] {logging_mixin.py:190} INFO - [2026-01-17T08:59:55.085+0000] {dag.py:4180} INFO - Setting next_dagrun for tg_store_users to None, run_after=None
[2026-01-17T08:59:55.135+0000] {processor.py:208} INFO - Processing /opt/airflow/dags/tg_store_users.py took 1.037 seconds
[2026-01-17T09:00:25.400+0000] {processor.py:186} INFO - Started process (PID=18017) to work on /opt/airflow/dags/tg_store_users.py
[2026-01-17T09:00:25.402+0000] {processor.py:914} INFO - Processing file /opt/airflow/dags/tg_store_users.py for tasks to queue
[2026-01-17T09:00:25.405+0000] {logging_mixin.py:190} INFO - [2026-01-17T09:00:25.404+0000] {dagbag.py:588} INFO - Filling up the DagBag from /opt/airflow/dags/tg_store_users.py
[2026-01-17T09:00:26.301+0000] {processor.py:925} INFO - DAG(s) 'tg_store_users' retrieved from /opt/airflow/dags/tg_store_users.py
[2026-01-17T09:00:26.351+0000] {logging_mixin.py:190} INFO - [2026-01-17T09:00:26.349+0000] {dag.py:3239} INFO - Sync 1 DAGs
[2026-01-17T09:00:26.400+0000] {logging_mixin.py:190} INFO - [2026-01-17T09:00:26.399+0000] {dag.py:4180} INFO - Setting next_dagrun for tg_store_users to None, run_after=None
[2026-01-17T09:00:26.440+0000] {processor.py:208} INFO - Processing /opt/airflow/dags/tg_store_users.py took 1.055 seconds
[2026-01-17T09:00:56.608+0000] {processor.py:186} INFO - Started process (PID=18042) to work on /opt/airflow/dags/tg_store_users.py
[2026-01-17T09:00:56.610+0000] {processor.py:914} INFO - Processing file /opt/airflow/dags/tg_store_users.py for tasks to queue
[2026-01-17T09:00:56.612+0000] {logging_mixin.py:190} INFO - [2026-01-17T09:00:56.612+0000] {dagbag.py:588} INFO - Filling up the DagBag from /opt/airflow/dags/tg_store_users.py
[2026-01-17T09:00:57.418+0000] {processor.py:925} INFO - DAG(s) 'tg_store_users' retrieved from /opt/airflow/dags/tg_store_users.py
[2026-01-17T09:00:57.458+0000] {logging_mixin.py:190} INFO - [2026-01-17T09:00:57.457+0000] {dag.py:3239} INFO - Sync 1 DAGs
[2026-01-17T09:00:57.493+0000] {logging_mixin.py:190} INFO - [2026-01-17T09:00:57.492+0000] {dag.py:4180} INFO - Setting next_dagrun for tg_store_users to None, run_after=None
[2026-01-17T09:00:57.527+0000] {processor.py:208} INFO - Processing /opt/airflow/dags/tg_store_users.py took 0.931 seconds
[2026-01-17T09:01:27.612+0000] {processor.py:186} INFO - Started process (PID=18066) to work on /opt/airflow/dags/tg_store_users.py
[2026-01-17T09:01:27.614+0000] {processor.py:914} INFO - Processing file /opt/airflow/dags/tg_store_users.py for tasks to queue
[2026-01-17T09:01:27.616+0000] {logging_mixin.py:190} INFO - [2026-01-17T09:01:27.616+0000] {dagbag.py:588} INFO - Filling up the DagBag from /opt/airflow/dags/tg_store_users.py
[2026-01-17T09:01:28.388+0000] {processor.py:925} INFO - DAG(s) 'tg_store_users' retrieved from /opt/airflow/dags/tg_store_users.py
[2026-01-17T09:01:28.426+0000] {logging_mixin.py:190} INFO - [2026-01-17T09:01:28.425+0000] {dag.py:3239} INFO - Sync 1 DAGs
[2026-01-17T09:01:28.462+0000] {logging_mixin.py:190} INFO - [2026-01-17T09:01:28.462+0000] {dag.py:4180} INFO - Setting next_dagrun for tg_store_users to None, run_after=None
[2026-01-17T09:01:28.502+0000] {processor.py:208} INFO - Processing /opt/airflow/dags/tg_store_users.py took 0.903 seconds
[2026-01-17T09:01:58.923+0000] {processor.py:186} INFO - Started process (PID=18089) to work on /opt/airflow/dags/tg_store_users.py
[2026-01-17T09:01:58.926+0000] {processor.py:914} INFO - Processing file /opt/airflow/dags/tg_store_users.py for tasks to queue
[2026-01-17T09:01:58.932+0000] {logging_mixin.py:190} INFO - [2026-01-17T09:01:58.930+0000] {dagbag.py:588} INFO - Filling up the DagBag from /opt/airflow/dags/tg_store_users.py
[2026-01-17T09:02:02.106+0000] {processor.py:925} INFO - DAG(s) 'tg_store_users' retrieved from /opt/airflow/dags/tg_store_users.py
[2026-01-17T09:02:02.197+0000] {logging_mixin.py:190} INFO - [2026-01-17T09:02:02.196+0000] {dag.py:3239} INFO - Sync 1 DAGs
[2026-01-17T09:02:02.307+0000] {logging_mixin.py:190} INFO - [2026-01-17T09:02:02.306+0000] {dag.py:4180} INFO - Setting next_dagrun for tg_store_users to None, run_after=None
[2026-01-17T09:02:02.445+0000] {processor.py:208} INFO - Processing /opt/airflow/dags/tg_store_users.py took 3.557 seconds
[2026-01-17T09:02:32.920+0000] {processor.py:186} INFO - Started process (PID=18119) to work on /opt/airflow/dags/tg_store_users.py
[2026-01-17T09:02:32.922+0000] {processor.py:914} INFO - Processing file /opt/airflow/dags/tg_store_users.py for tasks to queue
[2026-01-17T09:02:32.926+0000] {logging_mixin.py:190} INFO - [2026-01-17T09:02:32.924+0000] {dagbag.py:588} INFO - Filling up the DagBag from /opt/airflow/dags/tg_store_users.py
[2026-01-17T09:02:33.993+0000] {processor.py:925} INFO - DAG(s) 'tg_store_users' retrieved from /opt/airflow/dags/tg_store_users.py
[2026-01-17T09:02:34.033+0000] {logging_mixin.py:190} INFO - [2026-01-17T09:02:34.032+0000] {dag.py:3239} INFO - Sync 1 DAGs
[2026-01-17T09:02:34.076+0000] {logging_mixin.py:190} INFO - [2026-01-17T09:02:34.076+0000] {dag.py:4180} INFO - Setting next_dagrun for tg_store_users to None, run_after=None
[2026-01-17T09:02:34.134+0000] {processor.py:208} INFO - Processing /opt/airflow/dags/tg_store_users.py took 1.230 seconds
[2026-01-17T09:03:04.433+0000] {processor.py:186} INFO - Started process (PID=18143) to work on /opt/airflow/dags/tg_store_users.py
[2026-01-17T09:03:04.436+0000] {processor.py:914} INFO - Processing file /opt/airflow/dags/tg_store_users.py for tasks to queue
[2026-01-17T09:03:04.440+0000] {logging_mixin.py:190} INFO - [2026-01-17T09:03:04.438+0000] {dagbag.py:588} INFO - Filling up the DagBag from /opt/airflow/dags/tg_store_users.py
[2026-01-17T09:03:05.295+0000] {processor.py:925} INFO - DAG(s) 'tg_store_users' retrieved from /opt/airflow/dags/tg_store_users.py
[2026-01-17T09:03:05.333+0000] {logging_mixin.py:190} INFO - [2026-01-17T09:03:05.332+0000] {dag.py:3239} INFO - Sync 1 DAGs
[2026-01-17T09:03:05.370+0000] {logging_mixin.py:190} INFO - [2026-01-17T09:03:05.369+0000] {dag.py:4180} INFO - Setting next_dagrun for tg_store_users to None, run_after=None
[2026-01-17T09:03:05.422+0000] {processor.py:208} INFO - Processing /opt/airflow/dags/tg_store_users.py took 1.002 seconds
[2026-01-17T09:03:35.723+0000] {processor.py:186} INFO - Started process (PID=18167) to work on /opt/airflow/dags/tg_store_users.py
[2026-01-17T09:03:35.726+0000] {processor.py:914} INFO - Processing file /opt/airflow/dags/tg_store_users.py for tasks to queue
[2026-01-17T09:03:35.729+0000] {logging_mixin.py:190} INFO - [2026-01-17T09:03:35.728+0000] {dagbag.py:588} INFO - Filling up the DagBag from /opt/airflow/dags/tg_store_users.py
[2026-01-17T09:03:36.650+0000] {processor.py:925} INFO - DAG(s) 'tg_store_users' retrieved from /opt/airflow/dags/tg_store_users.py
[2026-01-17T09:03:36.692+0000] {logging_mixin.py:190} INFO - [2026-01-17T09:03:36.691+0000] {dag.py:3239} INFO - Sync 1 DAGs
[2026-01-17T09:03:36.731+0000] {logging_mixin.py:190} INFO - [2026-01-17T09:03:36.730+0000] {dag.py:4180} INFO - Setting next_dagrun for tg_store_users to None, run_after=None
[2026-01-17T09:03:36.780+0000] {processor.py:208} INFO - Processing /opt/airflow/dags/tg_store_users.py took 1.074 seconds
[2026-01-17T09:04:07.102+0000] {processor.py:186} INFO - Started process (PID=18190) to work on /opt/airflow/dags/tg_store_users.py
[2026-01-17T09:04:07.104+0000] {processor.py:914} INFO - Processing file /opt/airflow/dags/tg_store_users.py for tasks to queue
[2026-01-17T09:04:07.108+0000] {logging_mixin.py:190} INFO - [2026-01-17T09:04:07.107+0000] {dagbag.py:588} INFO - Filling up the DagBag from /opt/airflow/dags/tg_store_users.py
[2026-01-17T09:04:07.972+0000] {processor.py:925} INFO - DAG(s) 'tg_store_users' retrieved from /opt/airflow/dags/tg_store_users.py
[2026-01-17T09:04:08.012+0000] {logging_mixin.py:190} INFO - [2026-01-17T09:04:08.011+0000] {dag.py:3239} INFO - Sync 1 DAGs
[2026-01-17T09:04:08.053+0000] {logging_mixin.py:190} INFO - [2026-01-17T09:04:08.053+0000] {dag.py:4180} INFO - Setting next_dagrun for tg_store_users to None, run_after=None
[2026-01-17T09:04:08.110+0000] {processor.py:208} INFO - Processing /opt/airflow/dags/tg_store_users.py took 1.027 seconds
[2026-01-17T09:04:38.453+0000] {processor.py:186} INFO - Started process (PID=18214) to work on /opt/airflow/dags/tg_store_users.py
[2026-01-17T09:04:38.455+0000] {processor.py:914} INFO - Processing file /opt/airflow/dags/tg_store_users.py for tasks to queue
[2026-01-17T09:04:38.458+0000] {logging_mixin.py:190} INFO - [2026-01-17T09:04:38.457+0000] {dagbag.py:588} INFO - Filling up the DagBag from /opt/airflow/dags/tg_store_users.py
[2026-01-17T09:04:39.386+0000] {processor.py:925} INFO - DAG(s) 'tg_store_users' retrieved from /opt/airflow/dags/tg_store_users.py
[2026-01-17T09:04:39.425+0000] {logging_mixin.py:190} INFO - [2026-01-17T09:04:39.425+0000] {dag.py:3239} INFO - Sync 1 DAGs
[2026-01-17T09:04:39.477+0000] {logging_mixin.py:190} INFO - [2026-01-17T09:04:39.476+0000] {dag.py:4180} INFO - Setting next_dagrun for tg_store_users to None, run_after=None
[2026-01-17T09:04:39.551+0000] {processor.py:208} INFO - Processing /opt/airflow/dags/tg_store_users.py took 1.115 seconds
[2026-01-17T09:05:09.892+0000] {processor.py:186} INFO - Started process (PID=18238) to work on /opt/airflow/dags/tg_store_users.py
[2026-01-17T09:05:09.895+0000] {processor.py:914} INFO - Processing file /opt/airflow/dags/tg_store_users.py for tasks to queue
[2026-01-17T09:05:09.898+0000] {logging_mixin.py:190} INFO - [2026-01-17T09:05:09.897+0000] {dagbag.py:588} INFO - Filling up the DagBag from /opt/airflow/dags/tg_store_users.py
[2026-01-17T09:05:10.894+0000] {processor.py:925} INFO - DAG(s) 'tg_store_users' retrieved from /opt/airflow/dags/tg_store_users.py
[2026-01-17T09:05:10.943+0000] {logging_mixin.py:190} INFO - [2026-01-17T09:05:10.942+0000] {dag.py:3239} INFO - Sync 1 DAGs
[2026-01-17T09:05:10.996+0000] {logging_mixin.py:190} INFO - [2026-01-17T09:05:10.996+0000] {dag.py:4180} INFO - Setting next_dagrun for tg_store_users to None, run_after=None
[2026-01-17T09:05:11.052+0000] {processor.py:208} INFO - Processing /opt/airflow/dags/tg_store_users.py took 1.174 seconds
[2026-01-17T09:05:41.213+0000] {processor.py:186} INFO - Started process (PID=18262) to work on /opt/airflow/dags/tg_store_users.py
[2026-01-17T09:05:41.215+0000] {processor.py:914} INFO - Processing file /opt/airflow/dags/tg_store_users.py for tasks to queue
[2026-01-17T09:05:41.217+0000] {logging_mixin.py:190} INFO - [2026-01-17T09:05:41.217+0000] {dagbag.py:588} INFO - Filling up the DagBag from /opt/airflow/dags/tg_store_users.py
[2026-01-17T09:05:42.203+0000] {processor.py:925} INFO - DAG(s) 'tg_store_users' retrieved from /opt/airflow/dags/tg_store_users.py
[2026-01-17T09:05:42.248+0000] {logging_mixin.py:190} INFO - [2026-01-17T09:05:42.247+0000] {dag.py:3239} INFO - Sync 1 DAGs
[2026-01-17T09:05:42.288+0000] {logging_mixin.py:190} INFO - [2026-01-17T09:05:42.287+0000] {dag.py:4180} INFO - Setting next_dagrun for tg_store_users to None, run_after=None
[2026-01-17T09:05:42.349+0000] {processor.py:208} INFO - Processing /opt/airflow/dags/tg_store_users.py took 1.151 seconds
[2026-01-17T09:06:12.619+0000] {processor.py:186} INFO - Started process (PID=18286) to work on /opt/airflow/dags/tg_store_users.py
[2026-01-17T09:06:12.621+0000] {processor.py:914} INFO - Processing file /opt/airflow/dags/tg_store_users.py for tasks to queue
[2026-01-17T09:06:12.624+0000] {logging_mixin.py:190} INFO - [2026-01-17T09:06:12.623+0000] {dagbag.py:588} INFO - Filling up the DagBag from /opt/airflow/dags/tg_store_users.py
[2026-01-17T09:06:13.648+0000] {processor.py:925} INFO - DAG(s) 'tg_store_users' retrieved from /opt/airflow/dags/tg_store_users.py
[2026-01-17T09:06:13.699+0000] {logging_mixin.py:190} INFO - [2026-01-17T09:06:13.698+0000] {dag.py:3239} INFO - Sync 1 DAGs
[2026-01-17T09:06:13.755+0000] {logging_mixin.py:190} INFO - [2026-01-17T09:06:13.754+0000] {dag.py:4180} INFO - Setting next_dagrun for tg_store_users to None, run_after=None
[2026-01-17T09:06:13.813+0000] {processor.py:208} INFO - Processing /opt/airflow/dags/tg_store_users.py took 1.212 seconds
[2026-01-17T09:06:44.569+0000] {processor.py:186} INFO - Started process (PID=18310) to work on /opt/airflow/dags/tg_store_users.py
[2026-01-17T09:06:44.572+0000] {processor.py:914} INFO - Processing file /opt/airflow/dags/tg_store_users.py for tasks to queue
[2026-01-17T09:06:44.576+0000] {logging_mixin.py:190} INFO - [2026-01-17T09:06:44.575+0000] {dagbag.py:588} INFO - Filling up the DagBag from /opt/airflow/dags/tg_store_users.py
[2026-01-17T09:06:45.542+0000] {processor.py:925} INFO - DAG(s) 'tg_store_users' retrieved from /opt/airflow/dags/tg_store_users.py
[2026-01-17T09:06:45.580+0000] {logging_mixin.py:190} INFO - [2026-01-17T09:06:45.580+0000] {dag.py:3239} INFO - Sync 1 DAGs
[2026-01-17T09:06:45.618+0000] {logging_mixin.py:190} INFO - [2026-01-17T09:06:45.617+0000] {dag.py:4180} INFO - Setting next_dagrun for tg_store_users to None, run_after=None
[2026-01-17T09:06:45.669+0000] {processor.py:208} INFO - Processing /opt/airflow/dags/tg_store_users.py took 1.121 seconds
[2026-01-17T09:07:15.932+0000] {processor.py:186} INFO - Started process (PID=18335) to work on /opt/airflow/dags/tg_store_users.py
[2026-01-17T09:07:15.934+0000] {processor.py:914} INFO - Processing file /opt/airflow/dags/tg_store_users.py for tasks to queue
[2026-01-17T09:07:15.937+0000] {logging_mixin.py:190} INFO - [2026-01-17T09:07:15.936+0000] {dagbag.py:588} INFO - Filling up the DagBag from /opt/airflow/dags/tg_store_users.py
[2026-01-17T09:07:16.869+0000] {processor.py:925} INFO - DAG(s) 'tg_store_users' retrieved from /opt/airflow/dags/tg_store_users.py
[2026-01-17T09:07:16.911+0000] {logging_mixin.py:190} INFO - [2026-01-17T09:07:16.910+0000] {dag.py:3239} INFO - Sync 1 DAGs
[2026-01-17T09:07:16.948+0000] {logging_mixin.py:190} INFO - [2026-01-17T09:07:16.948+0000] {dag.py:4180} INFO - Setting next_dagrun for tg_store_users to None, run_after=None
[2026-01-17T09:07:17.008+0000] {processor.py:208} INFO - Processing /opt/airflow/dags/tg_store_users.py took 1.090 seconds
[2026-01-17T09:07:47.739+0000] {processor.py:186} INFO - Started process (PID=18359) to work on /opt/airflow/dags/tg_store_users.py
[2026-01-17T09:07:47.741+0000] {processor.py:914} INFO - Processing file /opt/airflow/dags/tg_store_users.py for tasks to queue
[2026-01-17T09:07:47.743+0000] {logging_mixin.py:190} INFO - [2026-01-17T09:07:47.742+0000] {dagbag.py:588} INFO - Filling up the DagBag from /opt/airflow/dags/tg_store_users.py
[2026-01-17T09:07:48.809+0000] {processor.py:925} INFO - DAG(s) 'tg_store_users' retrieved from /opt/airflow/dags/tg_store_users.py
[2026-01-17T09:07:48.860+0000] {logging_mixin.py:190} INFO - [2026-01-17T09:07:48.859+0000] {dag.py:3239} INFO - Sync 1 DAGs
[2026-01-17T09:07:48.921+0000] {logging_mixin.py:190} INFO - [2026-01-17T09:07:48.920+0000] {dag.py:4180} INFO - Setting next_dagrun for tg_store_users to None, run_after=None
[2026-01-17T09:07:48.990+0000] {processor.py:208} INFO - Processing /opt/airflow/dags/tg_store_users.py took 1.265 seconds
[2026-01-17T09:08:19.252+0000] {processor.py:186} INFO - Started process (PID=18383) to work on /opt/airflow/dags/tg_store_users.py
[2026-01-17T09:08:19.254+0000] {processor.py:914} INFO - Processing file /opt/airflow/dags/tg_store_users.py for tasks to queue
[2026-01-17T09:08:19.258+0000] {logging_mixin.py:190} INFO - [2026-01-17T09:08:19.257+0000] {dagbag.py:588} INFO - Filling up the DagBag from /opt/airflow/dags/tg_store_users.py
[2026-01-17T09:08:20.106+0000] {processor.py:925} INFO - DAG(s) 'tg_store_users' retrieved from /opt/airflow/dags/tg_store_users.py
[2026-01-17T09:08:20.143+0000] {logging_mixin.py:190} INFO - [2026-01-17T09:08:20.142+0000] {dag.py:3239} INFO - Sync 1 DAGs
[2026-01-17T09:08:20.177+0000] {logging_mixin.py:190} INFO - [2026-01-17T09:08:20.177+0000] {dag.py:4180} INFO - Setting next_dagrun for tg_store_users to None, run_after=None
[2026-01-17T09:08:20.225+0000] {processor.py:208} INFO - Processing /opt/airflow/dags/tg_store_users.py took 0.992 seconds
[2026-01-17T09:08:50.651+0000] {processor.py:186} INFO - Started process (PID=18407) to work on /opt/airflow/dags/tg_store_users.py
[2026-01-17T09:08:50.653+0000] {processor.py:914} INFO - Processing file /opt/airflow/dags/tg_store_users.py for tasks to queue
[2026-01-17T09:08:50.656+0000] {logging_mixin.py:190} INFO - [2026-01-17T09:08:50.655+0000] {dagbag.py:588} INFO - Filling up the DagBag from /opt/airflow/dags/tg_store_users.py
[2026-01-17T09:08:51.911+0000] {processor.py:925} INFO - DAG(s) 'tg_store_users' retrieved from /opt/airflow/dags/tg_store_users.py
[2026-01-17T09:08:51.955+0000] {logging_mixin.py:190} INFO - [2026-01-17T09:08:51.954+0000] {dag.py:3239} INFO - Sync 1 DAGs
[2026-01-17T09:08:52.006+0000] {logging_mixin.py:190} INFO - [2026-01-17T09:08:52.004+0000] {dag.py:4180} INFO - Setting next_dagrun for tg_store_users to None, run_after=None
[2026-01-17T09:08:52.071+0000] {processor.py:208} INFO - Processing /opt/airflow/dags/tg_store_users.py took 1.435 seconds
[2026-01-17T09:09:22.514+0000] {processor.py:186} INFO - Started process (PID=18431) to work on /opt/airflow/dags/tg_store_users.py
[2026-01-17T09:09:22.515+0000] {processor.py:914} INFO - Processing file /opt/airflow/dags/tg_store_users.py for tasks to queue
[2026-01-17T09:09:22.518+0000] {logging_mixin.py:190} INFO - [2026-01-17T09:09:22.517+0000] {dagbag.py:588} INFO - Filling up the DagBag from /opt/airflow/dags/tg_store_users.py
[2026-01-17T09:09:23.457+0000] {processor.py:925} INFO - DAG(s) 'tg_store_users' retrieved from /opt/airflow/dags/tg_store_users.py
[2026-01-17T09:09:23.494+0000] {logging_mixin.py:190} INFO - [2026-01-17T09:09:23.493+0000] {dag.py:3239} INFO - Sync 1 DAGs
[2026-01-17T09:09:23.560+0000] {logging_mixin.py:190} INFO - [2026-01-17T09:09:23.560+0000] {dag.py:4180} INFO - Setting next_dagrun for tg_store_users to None, run_after=None
[2026-01-17T09:09:23.604+0000] {processor.py:208} INFO - Processing /opt/airflow/dags/tg_store_users.py took 1.101 seconds
[2026-01-17T09:09:54.513+0000] {processor.py:186} INFO - Started process (PID=18455) to work on /opt/airflow/dags/tg_store_users.py
[2026-01-17T09:09:54.516+0000] {processor.py:914} INFO - Processing file /opt/airflow/dags/tg_store_users.py for tasks to queue
[2026-01-17T09:09:54.522+0000] {logging_mixin.py:190} INFO - [2026-01-17T09:09:54.520+0000] {dagbag.py:588} INFO - Filling up the DagBag from /opt/airflow/dags/tg_store_users.py
[2026-01-17T09:09:55.471+0000] {processor.py:925} INFO - DAG(s) 'tg_store_users' retrieved from /opt/airflow/dags/tg_store_users.py
[2026-01-17T09:09:55.513+0000] {logging_mixin.py:190} INFO - [2026-01-17T09:09:55.512+0000] {dag.py:3239} INFO - Sync 1 DAGs
[2026-01-17T09:09:55.561+0000] {logging_mixin.py:190} INFO - [2026-01-17T09:09:55.560+0000] {dag.py:4180} INFO - Setting next_dagrun for tg_store_users to None, run_after=None
[2026-01-17T09:09:55.635+0000] {processor.py:208} INFO - Processing /opt/airflow/dags/tg_store_users.py took 1.139 seconds
[2026-01-17T09:10:26.324+0000] {processor.py:186} INFO - Started process (PID=18479) to work on /opt/airflow/dags/tg_store_users.py
[2026-01-17T09:10:26.326+0000] {processor.py:914} INFO - Processing file /opt/airflow/dags/tg_store_users.py for tasks to queue
[2026-01-17T09:10:26.328+0000] {logging_mixin.py:190} INFO - [2026-01-17T09:10:26.328+0000] {dagbag.py:588} INFO - Filling up the DagBag from /opt/airflow/dags/tg_store_users.py
[2026-01-17T09:10:27.263+0000] {processor.py:925} INFO - DAG(s) 'tg_store_users' retrieved from /opt/airflow/dags/tg_store_users.py
[2026-01-17T09:10:27.302+0000] {logging_mixin.py:190} INFO - [2026-01-17T09:10:27.301+0000] {dag.py:3239} INFO - Sync 1 DAGs
[2026-01-17T09:10:27.355+0000] {logging_mixin.py:190} INFO - [2026-01-17T09:10:27.353+0000] {dag.py:4180} INFO - Setting next_dagrun for tg_store_users to None, run_after=None
[2026-01-17T09:10:27.405+0000] {processor.py:208} INFO - Processing /opt/airflow/dags/tg_store_users.py took 1.097 seconds
[2026-01-17T09:10:57.749+0000] {processor.py:186} INFO - Started process (PID=18503) to work on /opt/airflow/dags/tg_store_users.py
[2026-01-17T09:10:57.753+0000] {processor.py:914} INFO - Processing file /opt/airflow/dags/tg_store_users.py for tasks to queue
[2026-01-17T09:10:57.756+0000] {logging_mixin.py:190} INFO - [2026-01-17T09:10:57.755+0000] {dagbag.py:588} INFO - Filling up the DagBag from /opt/airflow/dags/tg_store_users.py
[2026-01-17T09:10:58.579+0000] {processor.py:925} INFO - DAG(s) 'tg_store_users' retrieved from /opt/airflow/dags/tg_store_users.py
[2026-01-17T09:10:58.618+0000] {logging_mixin.py:190} INFO - [2026-01-17T09:10:58.617+0000] {dag.py:3239} INFO - Sync 1 DAGs
[2026-01-17T09:10:58.650+0000] {logging_mixin.py:190} INFO - [2026-01-17T09:10:58.649+0000] {dag.py:4180} INFO - Setting next_dagrun for tg_store_users to None, run_after=None
[2026-01-17T09:10:58.693+0000] {processor.py:208} INFO - Processing /opt/airflow/dags/tg_store_users.py took 0.967 seconds
[2026-01-17T09:11:29.392+0000] {processor.py:186} INFO - Started process (PID=18527) to work on /opt/airflow/dags/tg_store_users.py
[2026-01-17T09:11:29.394+0000] {processor.py:914} INFO - Processing file /opt/airflow/dags/tg_store_users.py for tasks to queue
[2026-01-17T09:11:29.396+0000] {logging_mixin.py:190} INFO - [2026-01-17T09:11:29.396+0000] {dagbag.py:588} INFO - Filling up the DagBag from /opt/airflow/dags/tg_store_users.py
[2026-01-17T09:11:31.781+0000] {processor.py:925} INFO - DAG(s) 'tg_store_users' retrieved from /opt/airflow/dags/tg_store_users.py
[2026-01-17T09:11:33.980+0000] {logging_mixin.py:190} INFO - [2026-01-17T09:11:33.979+0000] {dag.py:3239} INFO - Sync 1 DAGs
[2026-01-17T09:11:34.059+0000] {logging_mixin.py:190} INFO - [2026-01-17T09:11:34.059+0000] {dag.py:4180} INFO - Setting next_dagrun for tg_store_users to None, run_after=None
[2026-01-17T09:11:34.698+0000] {processor.py:208} INFO - Processing /opt/airflow/dags/tg_store_users.py took 5.325 seconds
[2026-01-17T09:12:04.850+0000] {processor.py:186} INFO - Started process (PID=18550) to work on /opt/airflow/dags/tg_store_users.py
[2026-01-17T09:12:04.852+0000] {processor.py:914} INFO - Processing file /opt/airflow/dags/tg_store_users.py for tasks to queue
[2026-01-17T09:12:04.856+0000] {logging_mixin.py:190} INFO - [2026-01-17T09:12:04.855+0000] {dagbag.py:588} INFO - Filling up the DagBag from /opt/airflow/dags/tg_store_users.py
[2026-01-17T09:12:05.638+0000] {processor.py:925} INFO - DAG(s) 'tg_store_users' retrieved from /opt/airflow/dags/tg_store_users.py
[2026-01-17T09:12:05.673+0000] {logging_mixin.py:190} INFO - [2026-01-17T09:12:05.672+0000] {dag.py:3239} INFO - Sync 1 DAGs
[2026-01-17T09:12:05.707+0000] {logging_mixin.py:190} INFO - [2026-01-17T09:12:05.707+0000] {dag.py:4180} INFO - Setting next_dagrun for tg_store_users to None, run_after=None
[2026-01-17T09:12:05.756+0000] {processor.py:208} INFO - Processing /opt/airflow/dags/tg_store_users.py took 0.925 seconds
[2026-01-17T09:12:36.208+0000] {processor.py:186} INFO - Started process (PID=18575) to work on /opt/airflow/dags/tg_store_users.py
[2026-01-17T09:12:36.210+0000] {processor.py:914} INFO - Processing file /opt/airflow/dags/tg_store_users.py for tasks to queue
[2026-01-17T09:12:36.213+0000] {logging_mixin.py:190} INFO - [2026-01-17T09:12:36.212+0000] {dagbag.py:588} INFO - Filling up the DagBag from /opt/airflow/dags/tg_store_users.py
[2026-01-17T09:12:36.941+0000] {processor.py:925} INFO - DAG(s) 'tg_store_users' retrieved from /opt/airflow/dags/tg_store_users.py
[2026-01-17T09:12:36.973+0000] {logging_mixin.py:190} INFO - [2026-01-17T09:12:36.972+0000] {dag.py:3239} INFO - Sync 1 DAGs
[2026-01-17T09:12:37.002+0000] {logging_mixin.py:190} INFO - [2026-01-17T09:12:37.001+0000] {dag.py:4180} INFO - Setting next_dagrun for tg_store_users to None, run_after=None
[2026-01-17T09:12:37.043+0000] {processor.py:208} INFO - Processing /opt/airflow/dags/tg_store_users.py took 0.852 seconds
[2026-01-17T09:13:07.670+0000] {processor.py:186} INFO - Started process (PID=18598) to work on /opt/airflow/dags/tg_store_users.py
[2026-01-17T09:13:07.672+0000] {processor.py:914} INFO - Processing file /opt/airflow/dags/tg_store_users.py for tasks to queue
[2026-01-17T09:13:07.675+0000] {logging_mixin.py:190} INFO - [2026-01-17T09:13:07.674+0000] {dagbag.py:588} INFO - Filling up the DagBag from /opt/airflow/dags/tg_store_users.py
[2026-01-17T09:13:08.463+0000] {processor.py:925} INFO - DAG(s) 'tg_store_users' retrieved from /opt/airflow/dags/tg_store_users.py
[2026-01-17T09:13:08.497+0000] {logging_mixin.py:190} INFO - [2026-01-17T09:13:08.497+0000] {dag.py:3239} INFO - Sync 1 DAGs
[2026-01-17T09:13:08.530+0000] {logging_mixin.py:190} INFO - [2026-01-17T09:13:08.529+0000] {dag.py:4180} INFO - Setting next_dagrun for tg_store_users to None, run_after=None
[2026-01-17T09:13:08.568+0000] {processor.py:208} INFO - Processing /opt/airflow/dags/tg_store_users.py took 0.920 seconds
[2026-01-17T09:13:38.639+0000] {processor.py:186} INFO - Started process (PID=18628) to work on /opt/airflow/dags/tg_store_users.py
[2026-01-17T09:13:38.640+0000] {processor.py:914} INFO - Processing file /opt/airflow/dags/tg_store_users.py for tasks to queue
[2026-01-17T09:13:38.643+0000] {logging_mixin.py:190} INFO - [2026-01-17T09:13:38.643+0000] {dagbag.py:588} INFO - Filling up the DagBag from /opt/airflow/dags/tg_store_users.py
[2026-01-17T09:13:39.600+0000] {processor.py:925} INFO - DAG(s) 'tg_store_users' retrieved from /opt/airflow/dags/tg_store_users.py
[2026-01-17T09:13:39.644+0000] {logging_mixin.py:190} INFO - [2026-01-17T09:13:39.643+0000] {dag.py:3239} INFO - Sync 1 DAGs
[2026-01-17T09:13:39.694+0000] {logging_mixin.py:190} INFO - [2026-01-17T09:13:39.694+0000] {dag.py:4180} INFO - Setting next_dagrun for tg_store_users to None, run_after=None
[2026-01-17T09:13:39.743+0000] {processor.py:208} INFO - Processing /opt/airflow/dags/tg_store_users.py took 1.121 seconds
[2026-01-17T09:14:10.693+0000] {processor.py:186} INFO - Started process (PID=18652) to work on /opt/airflow/dags/tg_store_users.py
[2026-01-17T09:14:10.695+0000] {processor.py:914} INFO - Processing file /opt/airflow/dags/tg_store_users.py for tasks to queue
[2026-01-17T09:14:10.697+0000] {logging_mixin.py:190} INFO - [2026-01-17T09:14:10.697+0000] {dagbag.py:588} INFO - Filling up the DagBag from /opt/airflow/dags/tg_store_users.py
[2026-01-17T09:14:11.638+0000] {processor.py:925} INFO - DAG(s) 'tg_store_users' retrieved from /opt/airflow/dags/tg_store_users.py
[2026-01-17T09:14:11.688+0000] {logging_mixin.py:190} INFO - [2026-01-17T09:14:11.687+0000] {dag.py:3239} INFO - Sync 1 DAGs
[2026-01-17T09:14:11.736+0000] {logging_mixin.py:190} INFO - [2026-01-17T09:14:11.735+0000] {dag.py:4180} INFO - Setting next_dagrun for tg_store_users to None, run_after=None
[2026-01-17T09:14:11.781+0000] {processor.py:208} INFO - Processing /opt/airflow/dags/tg_store_users.py took 1.102 seconds
[2026-01-17T09:14:41.903+0000] {processor.py:186} INFO - Started process (PID=18677) to work on /opt/airflow/dags/tg_store_users.py
[2026-01-17T09:14:41.904+0000] {processor.py:914} INFO - Processing file /opt/airflow/dags/tg_store_users.py for tasks to queue
[2026-01-17T09:14:41.906+0000] {logging_mixin.py:190} INFO - [2026-01-17T09:14:41.906+0000] {dagbag.py:588} INFO - Filling up the DagBag from /opt/airflow/dags/tg_store_users.py
[2026-01-17T09:14:42.715+0000] {processor.py:925} INFO - DAG(s) 'tg_store_users' retrieved from /opt/airflow/dags/tg_store_users.py
[2026-01-17T09:14:42.752+0000] {logging_mixin.py:190} INFO - [2026-01-17T09:14:42.751+0000] {dag.py:3239} INFO - Sync 1 DAGs
[2026-01-17T09:14:42.787+0000] {logging_mixin.py:190} INFO - [2026-01-17T09:14:42.787+0000] {dag.py:4180} INFO - Setting next_dagrun for tg_store_users to None, run_after=None
[2026-01-17T09:14:42.824+0000] {processor.py:208} INFO - Processing /opt/airflow/dags/tg_store_users.py took 0.936 seconds
[2026-01-17T09:15:13.183+0000] {processor.py:186} INFO - Started process (PID=18701) to work on /opt/airflow/dags/tg_store_users.py
[2026-01-17T09:15:13.187+0000] {processor.py:914} INFO - Processing file /opt/airflow/dags/tg_store_users.py for tasks to queue
[2026-01-17T09:15:13.189+0000] {logging_mixin.py:190} INFO - [2026-01-17T09:15:13.189+0000] {dagbag.py:588} INFO - Filling up the DagBag from /opt/airflow/dags/tg_store_users.py
[2026-01-17T09:15:14.104+0000] {processor.py:925} INFO - DAG(s) 'tg_store_users' retrieved from /opt/airflow/dags/tg_store_users.py
[2026-01-17T09:15:14.147+0000] {logging_mixin.py:190} INFO - [2026-01-17T09:15:14.146+0000] {dag.py:3239} INFO - Sync 1 DAGs
[2026-01-17T09:15:14.193+0000] {logging_mixin.py:190} INFO - [2026-01-17T09:15:14.193+0000] {dag.py:4180} INFO - Setting next_dagrun for tg_store_users to None, run_after=None
[2026-01-17T09:15:14.250+0000] {processor.py:208} INFO - Processing /opt/airflow/dags/tg_store_users.py took 1.083 seconds
[2026-01-17T09:15:44.987+0000] {processor.py:186} INFO - Started process (PID=18728) to work on /opt/airflow/dags/tg_store_users.py
[2026-01-17T09:15:44.989+0000] {processor.py:914} INFO - Processing file /opt/airflow/dags/tg_store_users.py for tasks to queue
[2026-01-17T09:15:44.992+0000] {logging_mixin.py:190} INFO - [2026-01-17T09:15:44.991+0000] {dagbag.py:588} INFO - Filling up the DagBag from /opt/airflow/dags/tg_store_users.py
[2026-01-17T09:15:45.890+0000] {processor.py:925} INFO - DAG(s) 'tg_store_users' retrieved from /opt/airflow/dags/tg_store_users.py
[2026-01-17T09:15:45.946+0000] {logging_mixin.py:190} INFO - [2026-01-17T09:15:45.945+0000] {dag.py:3239} INFO - Sync 1 DAGs
[2026-01-17T09:15:45.992+0000] {logging_mixin.py:190} INFO - [2026-01-17T09:15:45.991+0000] {dag.py:4180} INFO - Setting next_dagrun for tg_store_users to None, run_after=None
[2026-01-17T09:15:46.030+0000] {processor.py:208} INFO - Processing /opt/airflow/dags/tg_store_users.py took 1.058 seconds
[2026-01-17T09:16:16.488+0000] {processor.py:186} INFO - Started process (PID=18753) to work on /opt/airflow/dags/tg_store_users.py
[2026-01-17T09:16:16.490+0000] {processor.py:914} INFO - Processing file /opt/airflow/dags/tg_store_users.py for tasks to queue
[2026-01-17T09:16:16.493+0000] {logging_mixin.py:190} INFO - [2026-01-17T09:16:16.492+0000] {dagbag.py:588} INFO - Filling up the DagBag from /opt/airflow/dags/tg_store_users.py
[2026-01-17T09:16:17.257+0000] {processor.py:925} INFO - DAG(s) 'tg_store_users' retrieved from /opt/airflow/dags/tg_store_users.py
[2026-01-17T09:16:17.309+0000] {logging_mixin.py:190} INFO - [2026-01-17T09:16:17.308+0000] {dag.py:3239} INFO - Sync 1 DAGs
[2026-01-17T09:16:17.344+0000] {logging_mixin.py:190} INFO - [2026-01-17T09:16:17.343+0000] {dag.py:4180} INFO - Setting next_dagrun for tg_store_users to None, run_after=None
[2026-01-17T09:16:17.379+0000] {processor.py:208} INFO - Processing /opt/airflow/dags/tg_store_users.py took 0.903 seconds
[2026-01-17T09:16:47.479+0000] {processor.py:186} INFO - Started process (PID=18777) to work on /opt/airflow/dags/tg_store_users.py
[2026-01-17T09:16:47.481+0000] {processor.py:914} INFO - Processing file /opt/airflow/dags/tg_store_users.py for tasks to queue
[2026-01-17T09:16:47.484+0000] {logging_mixin.py:190} INFO - [2026-01-17T09:16:47.482+0000] {dagbag.py:588} INFO - Filling up the DagBag from /opt/airflow/dags/tg_store_users.py
[2026-01-17T09:16:48.264+0000] {processor.py:925} INFO - DAG(s) 'tg_store_users' retrieved from /opt/airflow/dags/tg_store_users.py
[2026-01-17T09:16:48.298+0000] {logging_mixin.py:190} INFO - [2026-01-17T09:16:48.297+0000] {dag.py:3239} INFO - Sync 1 DAGs
[2026-01-17T09:16:48.336+0000] {logging_mixin.py:190} INFO - [2026-01-17T09:16:48.336+0000] {dag.py:4180} INFO - Setting next_dagrun for tg_store_users to None, run_after=None
[2026-01-17T09:16:48.381+0000] {processor.py:208} INFO - Processing /opt/airflow/dags/tg_store_users.py took 0.917 seconds
[2026-01-17T09:17:18.812+0000] {processor.py:186} INFO - Started process (PID=18801) to work on /opt/airflow/dags/tg_store_users.py
[2026-01-17T09:17:18.814+0000] {processor.py:914} INFO - Processing file /opt/airflow/dags/tg_store_users.py for tasks to queue
[2026-01-17T09:17:18.817+0000] {logging_mixin.py:190} INFO - [2026-01-17T09:17:18.816+0000] {dagbag.py:588} INFO - Filling up the DagBag from /opt/airflow/dags/tg_store_users.py
[2026-01-17T09:17:19.594+0000] {processor.py:925} INFO - DAG(s) 'tg_store_users' retrieved from /opt/airflow/dags/tg_store_users.py
[2026-01-17T09:17:19.624+0000] {logging_mixin.py:190} INFO - [2026-01-17T09:17:19.623+0000] {dag.py:3239} INFO - Sync 1 DAGs
[2026-01-17T09:17:19.653+0000] {logging_mixin.py:190} INFO - [2026-01-17T09:17:19.653+0000] {dag.py:4180} INFO - Setting next_dagrun for tg_store_users to None, run_after=None
[2026-01-17T09:17:19.691+0000] {processor.py:208} INFO - Processing /opt/airflow/dags/tg_store_users.py took 0.892 seconds
[2026-01-17T09:17:50.413+0000] {processor.py:186} INFO - Started process (PID=18825) to work on /opt/airflow/dags/tg_store_users.py
[2026-01-17T09:17:50.415+0000] {processor.py:914} INFO - Processing file /opt/airflow/dags/tg_store_users.py for tasks to queue
[2026-01-17T09:17:50.418+0000] {logging_mixin.py:190} INFO - [2026-01-17T09:17:50.416+0000] {dagbag.py:588} INFO - Filling up the DagBag from /opt/airflow/dags/tg_store_users.py
[2026-01-17T09:17:51.204+0000] {processor.py:925} INFO - DAG(s) 'tg_store_users' retrieved from /opt/airflow/dags/tg_store_users.py
[2026-01-17T09:17:51.241+0000] {logging_mixin.py:190} INFO - [2026-01-17T09:17:51.240+0000] {dag.py:3239} INFO - Sync 1 DAGs
[2026-01-17T09:17:51.275+0000] {logging_mixin.py:190} INFO - [2026-01-17T09:17:51.274+0000] {dag.py:4180} INFO - Setting next_dagrun for tg_store_users to None, run_after=None
[2026-01-17T09:17:51.314+0000] {processor.py:208} INFO - Processing /opt/airflow/dags/tg_store_users.py took 0.916 seconds
[2026-01-17T09:18:22.240+0000] {processor.py:186} INFO - Started process (PID=18849) to work on /opt/airflow/dags/tg_store_users.py
[2026-01-17T09:18:22.242+0000] {processor.py:914} INFO - Processing file /opt/airflow/dags/tg_store_users.py for tasks to queue
[2026-01-17T09:18:22.245+0000] {logging_mixin.py:190} INFO - [2026-01-17T09:18:22.244+0000] {dagbag.py:588} INFO - Filling up the DagBag from /opt/airflow/dags/tg_store_users.py
[2026-01-17T09:18:23.107+0000] {processor.py:925} INFO - DAG(s) 'tg_store_users' retrieved from /opt/airflow/dags/tg_store_users.py
[2026-01-17T09:18:23.150+0000] {logging_mixin.py:190} INFO - [2026-01-17T09:18:23.149+0000] {dag.py:3239} INFO - Sync 1 DAGs
[2026-01-17T09:18:23.187+0000] {logging_mixin.py:190} INFO - [2026-01-17T09:18:23.186+0000] {dag.py:4180} INFO - Setting next_dagrun for tg_store_users to None, run_after=None
[2026-01-17T09:18:23.239+0000] {processor.py:208} INFO - Processing /opt/airflow/dags/tg_store_users.py took 1.013 seconds
[2026-01-17T09:18:53.593+0000] {processor.py:186} INFO - Started process (PID=18873) to work on /opt/airflow/dags/tg_store_users.py
[2026-01-17T09:18:53.595+0000] {processor.py:914} INFO - Processing file /opt/airflow/dags/tg_store_users.py for tasks to queue
[2026-01-17T09:18:53.597+0000] {logging_mixin.py:190} INFO - [2026-01-17T09:18:53.596+0000] {dagbag.py:588} INFO - Filling up the DagBag from /opt/airflow/dags/tg_store_users.py
[2026-01-17T09:18:54.394+0000] {processor.py:925} INFO - DAG(s) 'tg_store_users' retrieved from /opt/airflow/dags/tg_store_users.py
[2026-01-17T09:18:54.430+0000] {logging_mixin.py:190} INFO - [2026-01-17T09:18:54.429+0000] {dag.py:3239} INFO - Sync 1 DAGs
[2026-01-17T09:18:54.468+0000] {logging_mixin.py:190} INFO - [2026-01-17T09:18:54.468+0000] {dag.py:4180} INFO - Setting next_dagrun for tg_store_users to None, run_after=None
[2026-01-17T09:18:54.505+0000] {processor.py:208} INFO - Processing /opt/airflow/dags/tg_store_users.py took 0.926 seconds
[2026-01-17T09:19:25.419+0000] {processor.py:186} INFO - Started process (PID=18898) to work on /opt/airflow/dags/tg_store_users.py
[2026-01-17T09:19:25.420+0000] {processor.py:914} INFO - Processing file /opt/airflow/dags/tg_store_users.py for tasks to queue
[2026-01-17T09:19:25.423+0000] {logging_mixin.py:190} INFO - [2026-01-17T09:19:25.422+0000] {dagbag.py:588} INFO - Filling up the DagBag from /opt/airflow/dags/tg_store_users.py
[2026-01-17T09:19:26.475+0000] {processor.py:925} INFO - DAG(s) 'tg_store_users' retrieved from /opt/airflow/dags/tg_store_users.py
[2026-01-17T09:19:26.506+0000] {logging_mixin.py:190} INFO - [2026-01-17T09:19:26.506+0000] {dag.py:3239} INFO - Sync 1 DAGs
[2026-01-17T09:19:26.542+0000] {logging_mixin.py:190} INFO - [2026-01-17T09:19:26.541+0000] {dag.py:4180} INFO - Setting next_dagrun for tg_store_users to None, run_after=None
[2026-01-17T09:19:26.600+0000] {processor.py:208} INFO - Processing /opt/airflow/dags/tg_store_users.py took 1.193 seconds
[2026-01-17T09:19:56.795+0000] {processor.py:186} INFO - Started process (PID=18922) to work on /opt/airflow/dags/tg_store_users.py
[2026-01-17T09:19:56.797+0000] {processor.py:914} INFO - Processing file /opt/airflow/dags/tg_store_users.py for tasks to queue
[2026-01-17T09:19:56.803+0000] {logging_mixin.py:190} INFO - [2026-01-17T09:19:56.802+0000] {dagbag.py:588} INFO - Filling up the DagBag from /opt/airflow/dags/tg_store_users.py
[2026-01-17T09:19:57.557+0000] {processor.py:925} INFO - DAG(s) 'tg_store_users' retrieved from /opt/airflow/dags/tg_store_users.py
[2026-01-17T09:19:57.592+0000] {logging_mixin.py:190} INFO - [2026-01-17T09:19:57.591+0000] {dag.py:3239} INFO - Sync 1 DAGs
[2026-01-17T09:19:57.661+0000] {logging_mixin.py:190} INFO - [2026-01-17T09:19:57.660+0000] {dag.py:4180} INFO - Setting next_dagrun for tg_store_users to None, run_after=None
[2026-01-17T09:19:57.702+0000] {processor.py:208} INFO - Processing /opt/airflow/dags/tg_store_users.py took 0.922 seconds
[2026-01-17T09:20:28.336+0000] {processor.py:186} INFO - Started process (PID=18946) to work on /opt/airflow/dags/tg_store_users.py
[2026-01-17T09:20:28.338+0000] {processor.py:914} INFO - Processing file /opt/airflow/dags/tg_store_users.py for tasks to queue
[2026-01-17T09:20:28.342+0000] {logging_mixin.py:190} INFO - [2026-01-17T09:20:28.341+0000] {dagbag.py:588} INFO - Filling up the DagBag from /opt/airflow/dags/tg_store_users.py
[2026-01-17T09:20:29.109+0000] {processor.py:925} INFO - DAG(s) 'tg_store_users' retrieved from /opt/airflow/dags/tg_store_users.py
[2026-01-17T09:20:29.145+0000] {logging_mixin.py:190} INFO - [2026-01-17T09:20:29.144+0000] {dag.py:3239} INFO - Sync 1 DAGs
[2026-01-17T09:20:29.179+0000] {logging_mixin.py:190} INFO - [2026-01-17T09:20:29.179+0000] {dag.py:4180} INFO - Setting next_dagrun for tg_store_users to None, run_after=None
[2026-01-17T09:20:29.210+0000] {processor.py:208} INFO - Processing /opt/airflow/dags/tg_store_users.py took 0.890 seconds
[2026-01-17T09:20:59.341+0000] {processor.py:186} INFO - Started process (PID=18971) to work on /opt/airflow/dags/tg_store_users.py
[2026-01-17T09:20:59.343+0000] {processor.py:914} INFO - Processing file /opt/airflow/dags/tg_store_users.py for tasks to queue
[2026-01-17T09:20:59.346+0000] {logging_mixin.py:190} INFO - [2026-01-17T09:20:59.345+0000] {dagbag.py:588} INFO - Filling up the DagBag from /opt/airflow/dags/tg_store_users.py
[2026-01-17T09:21:00.256+0000] {processor.py:925} INFO - DAG(s) 'tg_store_users' retrieved from /opt/airflow/dags/tg_store_users.py
[2026-01-17T09:21:00.288+0000] {logging_mixin.py:190} INFO - [2026-01-17T09:21:00.287+0000] {dag.py:3239} INFO - Sync 1 DAGs
[2026-01-17T09:21:00.326+0000] {logging_mixin.py:190} INFO - [2026-01-17T09:21:00.325+0000] {dag.py:4180} INFO - Setting next_dagrun for tg_store_users to None, run_after=None
[2026-01-17T09:21:00.376+0000] {processor.py:208} INFO - Processing /opt/airflow/dags/tg_store_users.py took 1.053 seconds
[2026-01-17T09:21:30.821+0000] {processor.py:186} INFO - Started process (PID=18995) to work on /opt/airflow/dags/tg_store_users.py
[2026-01-17T09:21:30.823+0000] {processor.py:914} INFO - Processing file /opt/airflow/dags/tg_store_users.py for tasks to queue
[2026-01-17T09:21:30.826+0000] {logging_mixin.py:190} INFO - [2026-01-17T09:21:30.825+0000] {dagbag.py:588} INFO - Filling up the DagBag from /opt/airflow/dags/tg_store_users.py
[2026-01-17T09:21:31.585+0000] {processor.py:925} INFO - DAG(s) 'tg_store_users' retrieved from /opt/airflow/dags/tg_store_users.py
[2026-01-17T09:21:31.621+0000] {logging_mixin.py:190} INFO - [2026-01-17T09:21:31.621+0000] {dag.py:3239} INFO - Sync 1 DAGs
[2026-01-17T09:21:31.652+0000] {logging_mixin.py:190} INFO - [2026-01-17T09:21:31.652+0000] {dag.py:4180} INFO - Setting next_dagrun for tg_store_users to None, run_after=None
[2026-01-17T09:21:31.708+0000] {processor.py:208} INFO - Processing /opt/airflow/dags/tg_store_users.py took 0.902 seconds
[2026-01-17T09:22:01.785+0000] {processor.py:186} INFO - Started process (PID=19019) to work on /opt/airflow/dags/tg_store_users.py
[2026-01-17T09:22:01.787+0000] {processor.py:914} INFO - Processing file /opt/airflow/dags/tg_store_users.py for tasks to queue
[2026-01-17T09:22:01.788+0000] {logging_mixin.py:190} INFO - [2026-01-17T09:22:01.788+0000] {dagbag.py:588} INFO - Filling up the DagBag from /opt/airflow/dags/tg_store_users.py
[2026-01-17T09:22:02.908+0000] {processor.py:925} INFO - DAG(s) 'tg_store_users' retrieved from /opt/airflow/dags/tg_store_users.py
[2026-01-17T09:22:02.954+0000] {logging_mixin.py:190} INFO - [2026-01-17T09:22:02.953+0000] {dag.py:3239} INFO - Sync 1 DAGs
[2026-01-17T09:22:02.998+0000] {logging_mixin.py:190} INFO - [2026-01-17T09:22:02.996+0000] {dag.py:4180} INFO - Setting next_dagrun for tg_store_users to None, run_after=None
[2026-01-17T09:22:03.054+0000] {processor.py:208} INFO - Processing /opt/airflow/dags/tg_store_users.py took 1.286 seconds
[2026-01-17T09:22:33.252+0000] {processor.py:186} INFO - Started process (PID=19044) to work on /opt/airflow/dags/tg_store_users.py
[2026-01-17T09:22:33.254+0000] {processor.py:914} INFO - Processing file /opt/airflow/dags/tg_store_users.py for tasks to queue
[2026-01-17T09:22:33.257+0000] {logging_mixin.py:190} INFO - [2026-01-17T09:22:33.256+0000] {dagbag.py:588} INFO - Filling up the DagBag from /opt/airflow/dags/tg_store_users.py
[2026-01-17T09:22:34.753+0000] {processor.py:925} INFO - DAG(s) 'tg_store_users' retrieved from /opt/airflow/dags/tg_store_users.py
[2026-01-17T09:22:34.845+0000] {logging_mixin.py:190} INFO - [2026-01-17T09:22:34.843+0000] {dag.py:3239} INFO - Sync 1 DAGs
[2026-01-17T09:22:34.946+0000] {logging_mixin.py:190} INFO - [2026-01-17T09:22:34.945+0000] {dag.py:4180} INFO - Setting next_dagrun for tg_store_users to None, run_after=None
[2026-01-17T09:22:35.076+0000] {processor.py:208} INFO - Processing /opt/airflow/dags/tg_store_users.py took 1.854 seconds
[2026-01-17T09:23:05.509+0000] {processor.py:186} INFO - Started process (PID=19068) to work on /opt/airflow/dags/tg_store_users.py
[2026-01-17T09:23:05.511+0000] {processor.py:914} INFO - Processing file /opt/airflow/dags/tg_store_users.py for tasks to queue
[2026-01-17T09:23:05.514+0000] {logging_mixin.py:190} INFO - [2026-01-17T09:23:05.513+0000] {dagbag.py:588} INFO - Filling up the DagBag from /opt/airflow/dags/tg_store_users.py
[2026-01-17T09:23:06.563+0000] {processor.py:925} INFO - DAG(s) 'tg_store_users' retrieved from /opt/airflow/dags/tg_store_users.py
[2026-01-17T09:23:06.622+0000] {logging_mixin.py:190} INFO - [2026-01-17T09:23:06.622+0000] {dag.py:3239} INFO - Sync 1 DAGs
[2026-01-17T09:23:06.677+0000] {logging_mixin.py:190} INFO - [2026-01-17T09:23:06.677+0000] {dag.py:4180} INFO - Setting next_dagrun for tg_store_users to None, run_after=None
[2026-01-17T09:23:06.750+0000] {processor.py:208} INFO - Processing /opt/airflow/dags/tg_store_users.py took 1.258 seconds
[2026-01-17T09:23:37.232+0000] {processor.py:186} INFO - Started process (PID=19092) to work on /opt/airflow/dags/tg_store_users.py
[2026-01-17T09:23:37.239+0000] {processor.py:914} INFO - Processing file /opt/airflow/dags/tg_store_users.py for tasks to queue
[2026-01-17T09:23:37.242+0000] {logging_mixin.py:190} INFO - [2026-01-17T09:23:37.241+0000] {dagbag.py:588} INFO - Filling up the DagBag from /opt/airflow/dags/tg_store_users.py
[2026-01-17T09:23:38.223+0000] {processor.py:925} INFO - DAG(s) 'tg_store_users' retrieved from /opt/airflow/dags/tg_store_users.py
[2026-01-17T09:23:38.281+0000] {logging_mixin.py:190} INFO - [2026-01-17T09:23:38.280+0000] {dag.py:3239} INFO - Sync 1 DAGs
[2026-01-17T09:23:38.339+0000] {logging_mixin.py:190} INFO - [2026-01-17T09:23:38.338+0000] {dag.py:4180} INFO - Setting next_dagrun for tg_store_users to None, run_after=None
[2026-01-17T09:23:38.409+0000] {processor.py:208} INFO - Processing /opt/airflow/dags/tg_store_users.py took 1.193 seconds
[2026-01-17T09:24:09.090+0000] {processor.py:186} INFO - Started process (PID=19116) to work on /opt/airflow/dags/tg_store_users.py
[2026-01-17T09:24:09.092+0000] {processor.py:914} INFO - Processing file /opt/airflow/dags/tg_store_users.py for tasks to queue
[2026-01-17T09:24:09.095+0000] {logging_mixin.py:190} INFO - [2026-01-17T09:24:09.094+0000] {dagbag.py:588} INFO - Filling up the DagBag from /opt/airflow/dags/tg_store_users.py
[2026-01-17T09:24:10.073+0000] {processor.py:925} INFO - DAG(s) 'tg_store_users' retrieved from /opt/airflow/dags/tg_store_users.py
[2026-01-17T09:24:10.125+0000] {logging_mixin.py:190} INFO - [2026-01-17T09:24:10.124+0000] {dag.py:3239} INFO - Sync 1 DAGs
[2026-01-17T09:24:10.177+0000] {logging_mixin.py:190} INFO - [2026-01-17T09:24:10.177+0000] {dag.py:4180} INFO - Setting next_dagrun for tg_store_users to None, run_after=None
[2026-01-17T09:24:10.245+0000] {processor.py:208} INFO - Processing /opt/airflow/dags/tg_store_users.py took 1.171 seconds
[2026-01-17T09:24:40.805+0000] {processor.py:186} INFO - Started process (PID=19140) to work on /opt/airflow/dags/tg_store_users.py
[2026-01-17T09:24:40.809+0000] {processor.py:914} INFO - Processing file /opt/airflow/dags/tg_store_users.py for tasks to queue
[2026-01-17T09:24:40.813+0000] {logging_mixin.py:190} INFO - [2026-01-17T09:24:40.812+0000] {dagbag.py:588} INFO - Filling up the DagBag from /opt/airflow/dags/tg_store_users.py
[2026-01-17T09:24:41.609+0000] {processor.py:925} INFO - DAG(s) 'tg_store_users' retrieved from /opt/airflow/dags/tg_store_users.py
[2026-01-17T09:24:41.641+0000] {logging_mixin.py:190} INFO - [2026-01-17T09:24:41.640+0000] {dag.py:3239} INFO - Sync 1 DAGs
[2026-01-17T09:24:41.676+0000] {logging_mixin.py:190} INFO - [2026-01-17T09:24:41.676+0000] {dag.py:4180} INFO - Setting next_dagrun for tg_store_users to None, run_after=None
[2026-01-17T09:24:41.728+0000] {processor.py:208} INFO - Processing /opt/airflow/dags/tg_store_users.py took 0.954 seconds
[2026-01-17T09:25:12.063+0000] {processor.py:186} INFO - Started process (PID=19170) to work on /opt/airflow/dags/tg_store_users.py
[2026-01-17T09:25:12.066+0000] {processor.py:914} INFO - Processing file /opt/airflow/dags/tg_store_users.py for tasks to queue
[2026-01-17T09:25:12.070+0000] {logging_mixin.py:190} INFO - [2026-01-17T09:25:12.069+0000] {dagbag.py:588} INFO - Filling up the DagBag from /opt/airflow/dags/tg_store_users.py
[2026-01-17T09:25:13.874+0000] {processor.py:925} INFO - DAG(s) 'tg_store_users' retrieved from /opt/airflow/dags/tg_store_users.py
[2026-01-17T09:25:13.957+0000] {logging_mixin.py:190} INFO - [2026-01-17T09:25:13.956+0000] {dag.py:3239} INFO - Sync 1 DAGs
[2026-01-17T09:25:14.013+0000] {logging_mixin.py:190} INFO - [2026-01-17T09:25:14.013+0000] {dag.py:4180} INFO - Setting next_dagrun for tg_store_users to None, run_after=None
[2026-01-17T09:25:14.079+0000] {processor.py:208} INFO - Processing /opt/airflow/dags/tg_store_users.py took 2.032 seconds
[2026-01-17T09:25:44.336+0000] {processor.py:186} INFO - Started process (PID=19194) to work on /opt/airflow/dags/tg_store_users.py
[2026-01-17T09:25:44.339+0000] {processor.py:914} INFO - Processing file /opt/airflow/dags/tg_store_users.py for tasks to queue
[2026-01-17T09:25:44.341+0000] {logging_mixin.py:190} INFO - [2026-01-17T09:25:44.340+0000] {dagbag.py:588} INFO - Filling up the DagBag from /opt/airflow/dags/tg_store_users.py
[2026-01-17T09:25:45.430+0000] {processor.py:925} INFO - DAG(s) 'tg_store_users' retrieved from /opt/airflow/dags/tg_store_users.py
[2026-01-17T09:25:45.457+0000] {logging_mixin.py:190} INFO - [2026-01-17T09:25:45.456+0000] {dag.py:3239} INFO - Sync 1 DAGs
[2026-01-17T09:25:45.489+0000] {logging_mixin.py:190} INFO - [2026-01-17T09:25:45.489+0000] {dag.py:4180} INFO - Setting next_dagrun for tg_store_users to None, run_after=None
[2026-01-17T09:25:45.537+0000] {processor.py:208} INFO - Processing /opt/airflow/dags/tg_store_users.py took 1.215 seconds
[2026-01-17T09:26:15.845+0000] {processor.py:186} INFO - Started process (PID=19218) to work on /opt/airflow/dags/tg_store_users.py
[2026-01-17T09:26:15.848+0000] {processor.py:914} INFO - Processing file /opt/airflow/dags/tg_store_users.py for tasks to queue
[2026-01-17T09:26:15.851+0000] {logging_mixin.py:190} INFO - [2026-01-17T09:26:15.850+0000] {dagbag.py:588} INFO - Filling up the DagBag from /opt/airflow/dags/tg_store_users.py
[2026-01-17T09:26:16.674+0000] {processor.py:925} INFO - DAG(s) 'tg_store_users' retrieved from /opt/airflow/dags/tg_store_users.py
[2026-01-17T09:26:16.713+0000] {logging_mixin.py:190} INFO - [2026-01-17T09:26:16.712+0000] {dag.py:3239} INFO - Sync 1 DAGs
[2026-01-17T09:26:16.754+0000] {logging_mixin.py:190} INFO - [2026-01-17T09:26:16.754+0000] {dag.py:4180} INFO - Setting next_dagrun for tg_store_users to None, run_after=None
[2026-01-17T09:26:16.805+0000] {processor.py:208} INFO - Processing /opt/airflow/dags/tg_store_users.py took 0.978 seconds
[2026-01-17T09:26:47.102+0000] {processor.py:186} INFO - Started process (PID=19243) to work on /opt/airflow/dags/tg_store_users.py
[2026-01-17T09:26:47.104+0000] {processor.py:914} INFO - Processing file /opt/airflow/dags/tg_store_users.py for tasks to queue
[2026-01-17T09:26:47.107+0000] {logging_mixin.py:190} INFO - [2026-01-17T09:26:47.105+0000] {dagbag.py:588} INFO - Filling up the DagBag from /opt/airflow/dags/tg_store_users.py
[2026-01-17T09:26:47.873+0000] {processor.py:925} INFO - DAG(s) 'tg_store_users' retrieved from /opt/airflow/dags/tg_store_users.py
[2026-01-17T09:26:47.904+0000] {logging_mixin.py:190} INFO - [2026-01-17T09:26:47.903+0000] {dag.py:3239} INFO - Sync 1 DAGs
[2026-01-17T09:26:47.936+0000] {logging_mixin.py:190} INFO - [2026-01-17T09:26:47.936+0000] {dag.py:4180} INFO - Setting next_dagrun for tg_store_users to None, run_after=None
[2026-01-17T09:26:47.993+0000] {processor.py:208} INFO - Processing /opt/airflow/dags/tg_store_users.py took 0.902 seconds
[2026-01-17T09:27:18.270+0000] {processor.py:186} INFO - Started process (PID=19267) to work on /opt/airflow/dags/tg_store_users.py
[2026-01-17T09:27:18.273+0000] {processor.py:914} INFO - Processing file /opt/airflow/dags/tg_store_users.py for tasks to queue
[2026-01-17T09:27:18.279+0000] {logging_mixin.py:190} INFO - [2026-01-17T09:27:18.276+0000] {dagbag.py:588} INFO - Filling up the DagBag from /opt/airflow/dags/tg_store_users.py
[2026-01-17T09:27:19.072+0000] {processor.py:925} INFO - DAG(s) 'tg_store_users' retrieved from /opt/airflow/dags/tg_store_users.py
[2026-01-17T09:27:19.106+0000] {logging_mixin.py:190} INFO - [2026-01-17T09:27:19.105+0000] {dag.py:3239} INFO - Sync 1 DAGs
[2026-01-17T09:27:19.140+0000] {logging_mixin.py:190} INFO - [2026-01-17T09:27:19.139+0000] {dag.py:4180} INFO - Setting next_dagrun for tg_store_users to None, run_after=None
[2026-01-17T09:27:19.176+0000] {processor.py:208} INFO - Processing /opt/airflow/dags/tg_store_users.py took 0.931 seconds
[2026-01-17T09:27:49.743+0000] {processor.py:186} INFO - Started process (PID=19291) to work on /opt/airflow/dags/tg_store_users.py
[2026-01-17T09:27:49.747+0000] {processor.py:914} INFO - Processing file /opt/airflow/dags/tg_store_users.py for tasks to queue
[2026-01-17T09:27:49.756+0000] {logging_mixin.py:190} INFO - [2026-01-17T09:27:49.755+0000] {dagbag.py:588} INFO - Filling up the DagBag from /opt/airflow/dags/tg_store_users.py
[2026-01-17T09:27:50.635+0000] {processor.py:925} INFO - DAG(s) 'tg_store_users' retrieved from /opt/airflow/dags/tg_store_users.py
[2026-01-17T09:27:50.676+0000] {logging_mixin.py:190} INFO - [2026-01-17T09:27:50.675+0000] {dag.py:3239} INFO - Sync 1 DAGs
[2026-01-17T09:27:50.710+0000] {logging_mixin.py:190} INFO - [2026-01-17T09:27:50.710+0000] {dag.py:4180} INFO - Setting next_dagrun for tg_store_users to None, run_after=None
[2026-01-17T09:27:50.752+0000] {processor.py:208} INFO - Processing /opt/airflow/dags/tg_store_users.py took 1.034 seconds
[2026-01-17T09:28:20.867+0000] {processor.py:186} INFO - Started process (PID=19315) to work on /opt/airflow/dags/tg_store_users.py
[2026-01-17T09:28:20.870+0000] {processor.py:914} INFO - Processing file /opt/airflow/dags/tg_store_users.py for tasks to queue
[2026-01-17T09:28:20.875+0000] {logging_mixin.py:190} INFO - [2026-01-17T09:28:20.873+0000] {dagbag.py:588} INFO - Filling up the DagBag from /opt/airflow/dags/tg_store_users.py
[2026-01-17T09:28:21.833+0000] {processor.py:925} INFO - DAG(s) 'tg_store_users' retrieved from /opt/airflow/dags/tg_store_users.py
[2026-01-17T09:28:21.873+0000] {logging_mixin.py:190} INFO - [2026-01-17T09:28:21.872+0000] {dag.py:3239} INFO - Sync 1 DAGs
[2026-01-17T09:28:21.915+0000] {logging_mixin.py:190} INFO - [2026-01-17T09:28:21.915+0000] {dag.py:4180} INFO - Setting next_dagrun for tg_store_users to None, run_after=None
[2026-01-17T09:28:21.952+0000] {processor.py:208} INFO - Processing /opt/airflow/dags/tg_store_users.py took 1.113 seconds
[2026-01-17T09:28:52.677+0000] {processor.py:186} INFO - Started process (PID=19339) to work on /opt/airflow/dags/tg_store_users.py
[2026-01-17T09:28:52.680+0000] {processor.py:914} INFO - Processing file /opt/airflow/dags/tg_store_users.py for tasks to queue
[2026-01-17T09:28:52.685+0000] {logging_mixin.py:190} INFO - [2026-01-17T09:28:52.682+0000] {dagbag.py:588} INFO - Filling up the DagBag from /opt/airflow/dags/tg_store_users.py
[2026-01-17T09:28:53.518+0000] {processor.py:925} INFO - DAG(s) 'tg_store_users' retrieved from /opt/airflow/dags/tg_store_users.py
[2026-01-17T09:28:53.567+0000] {logging_mixin.py:190} INFO - [2026-01-17T09:28:53.566+0000] {dag.py:3239} INFO - Sync 1 DAGs
[2026-01-17T09:28:53.605+0000] {logging_mixin.py:190} INFO - [2026-01-17T09:28:53.605+0000] {dag.py:4180} INFO - Setting next_dagrun for tg_store_users to None, run_after=None
[2026-01-17T09:28:53.660+0000] {processor.py:208} INFO - Processing /opt/airflow/dags/tg_store_users.py took 1.008 seconds
[2026-01-17T09:29:24.286+0000] {processor.py:186} INFO - Started process (PID=19364) to work on /opt/airflow/dags/tg_store_users.py
[2026-01-17T09:29:24.292+0000] {processor.py:914} INFO - Processing file /opt/airflow/dags/tg_store_users.py for tasks to queue
[2026-01-17T09:29:24.296+0000] {logging_mixin.py:190} INFO - [2026-01-17T09:29:24.295+0000] {dagbag.py:588} INFO - Filling up the DagBag from /opt/airflow/dags/tg_store_users.py
[2026-01-17T09:29:25.717+0000] {processor.py:925} INFO - DAG(s) 'tg_store_users' retrieved from /opt/airflow/dags/tg_store_users.py
[2026-01-17T09:29:25.795+0000] {logging_mixin.py:190} INFO - [2026-01-17T09:29:25.795+0000] {dag.py:3239} INFO - Sync 1 DAGs
[2026-01-17T09:29:25.856+0000] {logging_mixin.py:190} INFO - [2026-01-17T09:29:25.852+0000] {dag.py:4180} INFO - Setting next_dagrun for tg_store_users to None, run_after=None
[2026-01-17T09:29:25.944+0000] {processor.py:208} INFO - Processing /opt/airflow/dags/tg_store_users.py took 1.682 seconds
[2026-01-17T09:29:56.712+0000] {processor.py:186} INFO - Started process (PID=19388) to work on /opt/airflow/dags/tg_store_users.py
[2026-01-17T09:29:56.716+0000] {processor.py:914} INFO - Processing file /opt/airflow/dags/tg_store_users.py for tasks to queue
[2026-01-17T09:29:56.726+0000] {logging_mixin.py:190} INFO - [2026-01-17T09:29:56.724+0000] {dagbag.py:588} INFO - Filling up the DagBag from /opt/airflow/dags/tg_store_users.py
[2026-01-17T09:29:59.046+0000] {processor.py:925} INFO - DAG(s) 'tg_store_users' retrieved from /opt/airflow/dags/tg_store_users.py
[2026-01-17T09:29:59.124+0000] {logging_mixin.py:190} INFO - [2026-01-17T09:29:59.123+0000] {dag.py:3239} INFO - Sync 1 DAGs
[2026-01-17T09:29:59.239+0000] {logging_mixin.py:190} INFO - [2026-01-17T09:29:59.237+0000] {dag.py:4180} INFO - Setting next_dagrun for tg_store_users to None, run_after=None
[2026-01-17T09:29:59.311+0000] {processor.py:208} INFO - Processing /opt/airflow/dags/tg_store_users.py took 2.656 seconds
[2026-01-17T09:30:29.515+0000] {processor.py:186} INFO - Started process (PID=19412) to work on /opt/airflow/dags/tg_store_users.py
[2026-01-17T09:30:29.517+0000] {processor.py:914} INFO - Processing file /opt/airflow/dags/tg_store_users.py for tasks to queue
[2026-01-17T09:30:29.520+0000] {logging_mixin.py:190} INFO - [2026-01-17T09:30:29.519+0000] {dagbag.py:588} INFO - Filling up the DagBag from /opt/airflow/dags/tg_store_users.py
[2026-01-17T09:30:30.539+0000] {processor.py:925} INFO - DAG(s) 'tg_store_users' retrieved from /opt/airflow/dags/tg_store_users.py
[2026-01-17T09:30:30.586+0000] {logging_mixin.py:190} INFO - [2026-01-17T09:30:30.585+0000] {dag.py:3239} INFO - Sync 1 DAGs
[2026-01-17T09:30:30.629+0000] {logging_mixin.py:190} INFO - [2026-01-17T09:30:30.629+0000] {dag.py:4180} INFO - Setting next_dagrun for tg_store_users to None, run_after=None
[2026-01-17T09:30:30.680+0000] {processor.py:208} INFO - Processing /opt/airflow/dags/tg_store_users.py took 1.183 seconds
[2026-01-17T09:31:00.892+0000] {processor.py:186} INFO - Started process (PID=19436) to work on /opt/airflow/dags/tg_store_users.py
[2026-01-17T09:31:00.894+0000] {processor.py:914} INFO - Processing file /opt/airflow/dags/tg_store_users.py for tasks to queue
[2026-01-17T09:31:00.896+0000] {logging_mixin.py:190} INFO - [2026-01-17T09:31:00.895+0000] {dagbag.py:588} INFO - Filling up the DagBag from /opt/airflow/dags/tg_store_users.py
[2026-01-17T09:31:01.921+0000] {processor.py:925} INFO - DAG(s) 'tg_store_users' retrieved from /opt/airflow/dags/tg_store_users.py
[2026-01-17T09:31:01.968+0000] {logging_mixin.py:190} INFO - [2026-01-17T09:31:01.967+0000] {dag.py:3239} INFO - Sync 1 DAGs
[2026-01-17T09:31:02.016+0000] {logging_mixin.py:190} INFO - [2026-01-17T09:31:02.016+0000] {dag.py:4180} INFO - Setting next_dagrun for tg_store_users to None, run_after=None
[2026-01-17T09:31:02.080+0000] {processor.py:208} INFO - Processing /opt/airflow/dags/tg_store_users.py took 1.204 seconds
[2026-01-17T09:31:32.224+0000] {processor.py:186} INFO - Started process (PID=19460) to work on /opt/airflow/dags/tg_store_users.py
[2026-01-17T09:31:32.226+0000] {processor.py:914} INFO - Processing file /opt/airflow/dags/tg_store_users.py for tasks to queue
[2026-01-17T09:31:32.228+0000] {logging_mixin.py:190} INFO - [2026-01-17T09:31:32.227+0000] {dagbag.py:588} INFO - Filling up the DagBag from /opt/airflow/dags/tg_store_users.py
[2026-01-17T09:31:33.227+0000] {processor.py:925} INFO - DAG(s) 'tg_store_users' retrieved from /opt/airflow/dags/tg_store_users.py
[2026-01-17T09:31:33.272+0000] {logging_mixin.py:190} INFO - [2026-01-17T09:31:33.270+0000] {dag.py:3239} INFO - Sync 1 DAGs
[2026-01-17T09:31:33.323+0000] {logging_mixin.py:190} INFO - [2026-01-17T09:31:33.323+0000] {dag.py:4180} INFO - Setting next_dagrun for tg_store_users to None, run_after=None
[2026-01-17T09:31:33.370+0000] {processor.py:208} INFO - Processing /opt/airflow/dags/tg_store_users.py took 1.157 seconds
[2026-01-17T09:32:03.530+0000] {processor.py:186} INFO - Started process (PID=19484) to work on /opt/airflow/dags/tg_store_users.py
[2026-01-17T09:32:03.532+0000] {processor.py:914} INFO - Processing file /opt/airflow/dags/tg_store_users.py for tasks to queue
[2026-01-17T09:32:03.534+0000] {logging_mixin.py:190} INFO - [2026-01-17T09:32:03.534+0000] {dagbag.py:588} INFO - Filling up the DagBag from /opt/airflow/dags/tg_store_users.py
[2026-01-17T09:32:04.608+0000] {processor.py:925} INFO - DAG(s) 'tg_store_users' retrieved from /opt/airflow/dags/tg_store_users.py
[2026-01-17T09:32:04.649+0000] {logging_mixin.py:190} INFO - [2026-01-17T09:32:04.648+0000] {dag.py:3239} INFO - Sync 1 DAGs
[2026-01-17T09:32:04.697+0000] {logging_mixin.py:190} INFO - [2026-01-17T09:32:04.696+0000] {dag.py:4180} INFO - Setting next_dagrun for tg_store_users to None, run_after=None
[2026-01-17T09:32:04.748+0000] {processor.py:208} INFO - Processing /opt/airflow/dags/tg_store_users.py took 1.235 seconds
[2026-01-17T09:32:35.182+0000] {processor.py:186} INFO - Started process (PID=19508) to work on /opt/airflow/dags/tg_store_users.py
[2026-01-17T09:32:35.184+0000] {processor.py:914} INFO - Processing file /opt/airflow/dags/tg_store_users.py for tasks to queue
[2026-01-17T09:32:35.186+0000] {logging_mixin.py:190} INFO - [2026-01-17T09:32:35.185+0000] {dagbag.py:588} INFO - Filling up the DagBag from /opt/airflow/dags/tg_store_users.py
[2026-01-17T09:32:36.156+0000] {processor.py:925} INFO - DAG(s) 'tg_store_users' retrieved from /opt/airflow/dags/tg_store_users.py
[2026-01-17T09:32:36.201+0000] {logging_mixin.py:190} INFO - [2026-01-17T09:32:36.201+0000] {dag.py:3239} INFO - Sync 1 DAGs
[2026-01-17T09:32:36.242+0000] {logging_mixin.py:190} INFO - [2026-01-17T09:32:36.241+0000] {dag.py:4180} INFO - Setting next_dagrun for tg_store_users to None, run_after=None
[2026-01-17T09:32:36.292+0000] {processor.py:208} INFO - Processing /opt/airflow/dags/tg_store_users.py took 1.129 seconds
[2026-01-17T09:33:06.941+0000] {processor.py:186} INFO - Started process (PID=19532) to work on /opt/airflow/dags/tg_store_users.py
[2026-01-17T09:33:06.943+0000] {processor.py:914} INFO - Processing file /opt/airflow/dags/tg_store_users.py for tasks to queue
[2026-01-17T09:33:06.945+0000] {logging_mixin.py:190} INFO - [2026-01-17T09:33:06.944+0000] {dagbag.py:588} INFO - Filling up the DagBag from /opt/airflow/dags/tg_store_users.py
[2026-01-17T09:33:07.900+0000] {processor.py:925} INFO - DAG(s) 'tg_store_users' retrieved from /opt/airflow/dags/tg_store_users.py
[2026-01-17T09:33:07.952+0000] {logging_mixin.py:190} INFO - [2026-01-17T09:33:07.951+0000] {dag.py:3239} INFO - Sync 1 DAGs
[2026-01-17T09:33:08.007+0000] {logging_mixin.py:190} INFO - [2026-01-17T09:33:08.003+0000] {dag.py:4180} INFO - Setting next_dagrun for tg_store_users to None, run_after=None
[2026-01-17T09:33:08.064+0000] {processor.py:208} INFO - Processing /opt/airflow/dags/tg_store_users.py took 1.139 seconds
[2026-01-17T09:33:39.183+0000] {processor.py:186} INFO - Started process (PID=19556) to work on /opt/airflow/dags/tg_store_users.py
[2026-01-17T09:33:39.186+0000] {processor.py:914} INFO - Processing file /opt/airflow/dags/tg_store_users.py for tasks to queue
[2026-01-17T09:33:39.190+0000] {logging_mixin.py:190} INFO - [2026-01-17T09:33:39.189+0000] {dagbag.py:588} INFO - Filling up the DagBag from /opt/airflow/dags/tg_store_users.py
[2026-01-17T09:33:40.181+0000] {processor.py:925} INFO - DAG(s) 'tg_store_users' retrieved from /opt/airflow/dags/tg_store_users.py
[2026-01-17T09:33:40.226+0000] {logging_mixin.py:190} INFO - [2026-01-17T09:33:40.225+0000] {dag.py:3239} INFO - Sync 1 DAGs
[2026-01-17T09:33:40.271+0000] {logging_mixin.py:190} INFO - [2026-01-17T09:33:40.271+0000] {dag.py:4180} INFO - Setting next_dagrun for tg_store_users to None, run_after=None
[2026-01-17T09:33:40.325+0000] {processor.py:208} INFO - Processing /opt/airflow/dags/tg_store_users.py took 1.164 seconds
[2026-01-17T09:34:10.599+0000] {processor.py:186} INFO - Started process (PID=19580) to work on /opt/airflow/dags/tg_store_users.py
[2026-01-17T09:34:10.600+0000] {processor.py:914} INFO - Processing file /opt/airflow/dags/tg_store_users.py for tasks to queue
[2026-01-17T09:34:10.602+0000] {logging_mixin.py:190} INFO - [2026-01-17T09:34:10.601+0000] {dagbag.py:588} INFO - Filling up the DagBag from /opt/airflow/dags/tg_store_users.py
[2026-01-17T09:34:11.950+0000] {processor.py:925} INFO - DAG(s) 'tg_store_users' retrieved from /opt/airflow/dags/tg_store_users.py
[2026-01-17T09:34:12.008+0000] {logging_mixin.py:190} INFO - [2026-01-17T09:34:12.007+0000] {dag.py:3239} INFO - Sync 1 DAGs
[2026-01-17T09:34:12.049+0000] {logging_mixin.py:190} INFO - [2026-01-17T09:34:12.049+0000] {dag.py:4180} INFO - Setting next_dagrun for tg_store_users to None, run_after=None
[2026-01-17T09:34:12.111+0000] {processor.py:208} INFO - Processing /opt/airflow/dags/tg_store_users.py took 1.528 seconds
[2026-01-17T09:34:42.209+0000] {processor.py:186} INFO - Started process (PID=19603) to work on /opt/airflow/dags/tg_store_users.py
[2026-01-17T09:34:42.211+0000] {processor.py:914} INFO - Processing file /opt/airflow/dags/tg_store_users.py for tasks to queue
[2026-01-17T09:34:42.214+0000] {logging_mixin.py:190} INFO - [2026-01-17T09:34:42.213+0000] {dagbag.py:588} INFO - Filling up the DagBag from /opt/airflow/dags/tg_store_users.py
[2026-01-17T09:34:43.584+0000] {processor.py:925} INFO - DAG(s) 'tg_store_users' retrieved from /opt/airflow/dags/tg_store_users.py
[2026-01-17T09:34:43.665+0000] {logging_mixin.py:190} INFO - [2026-01-17T09:34:43.664+0000] {dag.py:3239} INFO - Sync 1 DAGs
[2026-01-17T09:34:43.724+0000] {logging_mixin.py:190} INFO - [2026-01-17T09:34:43.721+0000] {dag.py:4180} INFO - Setting next_dagrun for tg_store_users to None, run_after=None
[2026-01-17T09:34:43.831+0000] {processor.py:208} INFO - Processing /opt/airflow/dags/tg_store_users.py took 1.642 seconds
[2026-01-17T09:35:14.026+0000] {processor.py:186} INFO - Started process (PID=19633) to work on /opt/airflow/dags/tg_store_users.py
[2026-01-17T09:35:14.028+0000] {processor.py:914} INFO - Processing file /opt/airflow/dags/tg_store_users.py for tasks to queue
[2026-01-17T09:35:14.034+0000] {logging_mixin.py:190} INFO - [2026-01-17T09:35:14.031+0000] {dagbag.py:588} INFO - Filling up the DagBag from /opt/airflow/dags/tg_store_users.py
[2026-01-17T09:35:15.319+0000] {processor.py:925} INFO - DAG(s) 'tg_store_users' retrieved from /opt/airflow/dags/tg_store_users.py
[2026-01-17T09:35:15.385+0000] {logging_mixin.py:190} INFO - [2026-01-17T09:35:15.384+0000] {dag.py:3239} INFO - Sync 1 DAGs
[2026-01-17T09:35:15.463+0000] {logging_mixin.py:190} INFO - [2026-01-17T09:35:15.463+0000] {dag.py:4180} INFO - Setting next_dagrun for tg_store_users to None, run_after=None
[2026-01-17T09:35:15.531+0000] {processor.py:208} INFO - Processing /opt/airflow/dags/tg_store_users.py took 1.525 seconds
[2026-01-17T09:35:46.194+0000] {processor.py:186} INFO - Started process (PID=19658) to work on /opt/airflow/dags/tg_store_users.py
[2026-01-17T09:35:46.196+0000] {processor.py:914} INFO - Processing file /opt/airflow/dags/tg_store_users.py for tasks to queue
[2026-01-17T09:35:46.198+0000] {logging_mixin.py:190} INFO - [2026-01-17T09:35:46.198+0000] {dagbag.py:588} INFO - Filling up the DagBag from /opt/airflow/dags/tg_store_users.py
[2026-01-17T09:35:47.153+0000] {processor.py:925} INFO - DAG(s) 'tg_store_users' retrieved from /opt/airflow/dags/tg_store_users.py
[2026-01-17T09:35:47.196+0000] {logging_mixin.py:190} INFO - [2026-01-17T09:35:47.196+0000] {dag.py:3239} INFO - Sync 1 DAGs
[2026-01-17T09:35:47.234+0000] {logging_mixin.py:190} INFO - [2026-01-17T09:35:47.233+0000] {dag.py:4180} INFO - Setting next_dagrun for tg_store_users to None, run_after=None
[2026-01-17T09:35:47.284+0000] {processor.py:208} INFO - Processing /opt/airflow/dags/tg_store_users.py took 1.108 seconds
[2026-01-17T09:36:17.644+0000] {processor.py:186} INFO - Started process (PID=19682) to work on /opt/airflow/dags/tg_store_users.py
[2026-01-17T09:36:17.646+0000] {processor.py:914} INFO - Processing file /opt/airflow/dags/tg_store_users.py for tasks to queue
[2026-01-17T09:36:17.648+0000] {logging_mixin.py:190} INFO - [2026-01-17T09:36:17.648+0000] {dagbag.py:588} INFO - Filling up the DagBag from /opt/airflow/dags/tg_store_users.py
[2026-01-17T09:36:18.524+0000] {processor.py:925} INFO - DAG(s) 'tg_store_users' retrieved from /opt/airflow/dags/tg_store_users.py
[2026-01-17T09:36:18.566+0000] {logging_mixin.py:190} INFO - [2026-01-17T09:36:18.565+0000] {dag.py:3239} INFO - Sync 1 DAGs
[2026-01-17T09:36:18.607+0000] {logging_mixin.py:190} INFO - [2026-01-17T09:36:18.606+0000] {dag.py:4180} INFO - Setting next_dagrun for tg_store_users to None, run_after=None
[2026-01-17T09:36:18.669+0000] {processor.py:208} INFO - Processing /opt/airflow/dags/tg_store_users.py took 1.040 seconds
[2026-01-17T09:36:49.362+0000] {processor.py:186} INFO - Started process (PID=19706) to work on /opt/airflow/dags/tg_store_users.py
[2026-01-17T09:36:49.365+0000] {processor.py:914} INFO - Processing file /opt/airflow/dags/tg_store_users.py for tasks to queue
[2026-01-17T09:36:49.368+0000] {logging_mixin.py:190} INFO - [2026-01-17T09:36:49.367+0000] {dagbag.py:588} INFO - Filling up the DagBag from /opt/airflow/dags/tg_store_users.py
[2026-01-17T09:36:50.310+0000] {processor.py:925} INFO - DAG(s) 'tg_store_users' retrieved from /opt/airflow/dags/tg_store_users.py
[2026-01-17T09:36:50.350+0000] {logging_mixin.py:190} INFO - [2026-01-17T09:36:50.349+0000] {dag.py:3239} INFO - Sync 1 DAGs
[2026-01-17T09:36:50.389+0000] {logging_mixin.py:190} INFO - [2026-01-17T09:36:50.389+0000] {dag.py:4180} INFO - Setting next_dagrun for tg_store_users to None, run_after=None
[2026-01-17T09:36:50.444+0000] {processor.py:208} INFO - Processing /opt/airflow/dags/tg_store_users.py took 1.099 seconds
[2026-01-17T09:37:21.025+0000] {processor.py:186} INFO - Started process (PID=19731) to work on /opt/airflow/dags/tg_store_users.py
[2026-01-17T09:37:21.027+0000] {processor.py:914} INFO - Processing file /opt/airflow/dags/tg_store_users.py for tasks to queue
[2026-01-17T09:37:21.030+0000] {logging_mixin.py:190} INFO - [2026-01-17T09:37:21.029+0000] {dagbag.py:588} INFO - Filling up the DagBag from /opt/airflow/dags/tg_store_users.py
[2026-01-17T09:37:21.948+0000] {processor.py:925} INFO - DAG(s) 'tg_store_users' retrieved from /opt/airflow/dags/tg_store_users.py
[2026-01-17T09:37:21.977+0000] {logging_mixin.py:190} INFO - [2026-01-17T09:37:21.976+0000] {dag.py:3239} INFO - Sync 1 DAGs
[2026-01-17T09:37:22.006+0000] {logging_mixin.py:190} INFO - [2026-01-17T09:37:22.005+0000] {dag.py:4180} INFO - Setting next_dagrun for tg_store_users to None, run_after=None
[2026-01-17T09:37:22.052+0000] {processor.py:208} INFO - Processing /opt/airflow/dags/tg_store_users.py took 1.049 seconds
[2026-01-17T09:37:52.607+0000] {processor.py:186} INFO - Started process (PID=19756) to work on /opt/airflow/dags/tg_store_users.py
[2026-01-17T09:37:52.609+0000] {processor.py:914} INFO - Processing file /opt/airflow/dags/tg_store_users.py for tasks to queue
[2026-01-17T09:37:52.611+0000] {logging_mixin.py:190} INFO - [2026-01-17T09:37:52.611+0000] {dagbag.py:588} INFO - Filling up the DagBag from /opt/airflow/dags/tg_store_users.py
[2026-01-17T09:37:53.486+0000] {processor.py:925} INFO - DAG(s) 'tg_store_users' retrieved from /opt/airflow/dags/tg_store_users.py
[2026-01-17T09:37:53.526+0000] {logging_mixin.py:190} INFO - [2026-01-17T09:37:53.525+0000] {dag.py:3239} INFO - Sync 1 DAGs
[2026-01-17T09:37:53.565+0000] {logging_mixin.py:190} INFO - [2026-01-17T09:37:53.564+0000] {dag.py:4180} INFO - Setting next_dagrun for tg_store_users to None, run_after=None
[2026-01-17T09:37:53.612+0000] {processor.py:208} INFO - Processing /opt/airflow/dags/tg_store_users.py took 1.023 seconds
[2026-01-17T09:38:24.109+0000] {processor.py:186} INFO - Started process (PID=19780) to work on /opt/airflow/dags/tg_store_users.py
[2026-01-17T09:38:24.111+0000] {processor.py:914} INFO - Processing file /opt/airflow/dags/tg_store_users.py for tasks to queue
[2026-01-17T09:38:24.113+0000] {logging_mixin.py:190} INFO - [2026-01-17T09:38:24.113+0000] {dagbag.py:588} INFO - Filling up the DagBag from /opt/airflow/dags/tg_store_users.py
[2026-01-17T09:38:25.150+0000] {processor.py:925} INFO - DAG(s) 'tg_store_users' retrieved from /opt/airflow/dags/tg_store_users.py
[2026-01-17T09:38:25.197+0000] {logging_mixin.py:190} INFO - [2026-01-17T09:38:25.196+0000] {dag.py:3239} INFO - Sync 1 DAGs
[2026-01-17T09:38:25.248+0000] {logging_mixin.py:190} INFO - [2026-01-17T09:38:25.248+0000] {dag.py:4180} INFO - Setting next_dagrun for tg_store_users to None, run_after=None
[2026-01-17T09:38:25.319+0000] {processor.py:208} INFO - Processing /opt/airflow/dags/tg_store_users.py took 1.230 seconds
[2026-01-17T09:38:55.521+0000] {processor.py:186} INFO - Started process (PID=19804) to work on /opt/airflow/dags/tg_store_users.py
[2026-01-17T09:38:55.525+0000] {processor.py:914} INFO - Processing file /opt/airflow/dags/tg_store_users.py for tasks to queue
[2026-01-17T09:38:55.527+0000] {logging_mixin.py:190} INFO - [2026-01-17T09:38:55.527+0000] {dagbag.py:588} INFO - Filling up the DagBag from /opt/airflow/dags/tg_store_users.py
[2026-01-17T09:38:56.449+0000] {processor.py:925} INFO - DAG(s) 'tg_store_users' retrieved from /opt/airflow/dags/tg_store_users.py
[2026-01-17T09:38:56.489+0000] {logging_mixin.py:190} INFO - [2026-01-17T09:38:56.488+0000] {dag.py:3239} INFO - Sync 1 DAGs
[2026-01-17T09:38:56.532+0000] {logging_mixin.py:190} INFO - [2026-01-17T09:38:56.531+0000] {dag.py:4180} INFO - Setting next_dagrun for tg_store_users to None, run_after=None
[2026-01-17T09:38:56.586+0000] {processor.py:208} INFO - Processing /opt/airflow/dags/tg_store_users.py took 1.080 seconds
[2026-01-17T09:39:26.884+0000] {processor.py:186} INFO - Started process (PID=19828) to work on /opt/airflow/dags/tg_store_users.py
[2026-01-17T09:39:26.887+0000] {processor.py:914} INFO - Processing file /opt/airflow/dags/tg_store_users.py for tasks to queue
[2026-01-17T09:39:26.890+0000] {logging_mixin.py:190} INFO - [2026-01-17T09:39:26.889+0000] {dagbag.py:588} INFO - Filling up the DagBag from /opt/airflow/dags/tg_store_users.py
[2026-01-17T09:39:27.805+0000] {processor.py:925} INFO - DAG(s) 'tg_store_users' retrieved from /opt/airflow/dags/tg_store_users.py
[2026-01-17T09:39:27.844+0000] {logging_mixin.py:190} INFO - [2026-01-17T09:39:27.843+0000] {dag.py:3239} INFO - Sync 1 DAGs
[2026-01-17T09:39:27.891+0000] {logging_mixin.py:190} INFO - [2026-01-17T09:39:27.891+0000] {dag.py:4180} INFO - Setting next_dagrun for tg_store_users to None, run_after=None
[2026-01-17T09:39:27.936+0000] {processor.py:208} INFO - Processing /opt/airflow/dags/tg_store_users.py took 1.069 seconds
[2026-01-17T09:39:58.203+0000] {processor.py:186} INFO - Started process (PID=19852) to work on /opt/airflow/dags/tg_store_users.py
[2026-01-17T09:39:58.208+0000] {processor.py:914} INFO - Processing file /opt/airflow/dags/tg_store_users.py for tasks to queue
[2026-01-17T09:39:58.210+0000] {logging_mixin.py:190} INFO - [2026-01-17T09:39:58.210+0000] {dagbag.py:588} INFO - Filling up the DagBag from /opt/airflow/dags/tg_store_users.py
[2026-01-17T09:39:59.161+0000] {processor.py:925} INFO - DAG(s) 'tg_store_users' retrieved from /opt/airflow/dags/tg_store_users.py
[2026-01-17T09:39:59.215+0000] {logging_mixin.py:190} INFO - [2026-01-17T09:39:59.215+0000] {dag.py:3239} INFO - Sync 1 DAGs
[2026-01-17T09:39:59.260+0000] {logging_mixin.py:190} INFO - [2026-01-17T09:39:59.260+0000] {dag.py:4180} INFO - Setting next_dagrun for tg_store_users to None, run_after=None
[2026-01-17T09:39:59.310+0000] {processor.py:208} INFO - Processing /opt/airflow/dags/tg_store_users.py took 1.124 seconds
[2026-01-17T09:40:29.655+0000] {processor.py:186} INFO - Started process (PID=19876) to work on /opt/airflow/dags/tg_store_users.py
[2026-01-17T09:40:29.656+0000] {processor.py:914} INFO - Processing file /opt/airflow/dags/tg_store_users.py for tasks to queue
[2026-01-17T09:40:29.659+0000] {logging_mixin.py:190} INFO - [2026-01-17T09:40:29.659+0000] {dagbag.py:588} INFO - Filling up the DagBag from /opt/airflow/dags/tg_store_users.py
[2026-01-17T09:40:30.534+0000] {processor.py:925} INFO - DAG(s) 'tg_store_users' retrieved from /opt/airflow/dags/tg_store_users.py
[2026-01-17T09:40:30.574+0000] {logging_mixin.py:190} INFO - [2026-01-17T09:40:30.572+0000] {dag.py:3239} INFO - Sync 1 DAGs
[2026-01-17T09:40:30.610+0000] {logging_mixin.py:190} INFO - [2026-01-17T09:40:30.609+0000] {dag.py:4180} INFO - Setting next_dagrun for tg_store_users to None, run_after=None
[2026-01-17T09:40:30.668+0000] {processor.py:208} INFO - Processing /opt/airflow/dags/tg_store_users.py took 1.025 seconds
[2026-01-17T09:41:01.048+0000] {processor.py:186} INFO - Started process (PID=19901) to work on /opt/airflow/dags/tg_store_users.py
[2026-01-17T09:41:01.051+0000] {processor.py:914} INFO - Processing file /opt/airflow/dags/tg_store_users.py for tasks to queue
[2026-01-17T09:41:01.054+0000] {logging_mixin.py:190} INFO - [2026-01-17T09:41:01.053+0000] {dagbag.py:588} INFO - Filling up the DagBag from /opt/airflow/dags/tg_store_users.py
[2026-01-17T09:41:01.988+0000] {processor.py:925} INFO - DAG(s) 'tg_store_users' retrieved from /opt/airflow/dags/tg_store_users.py
[2026-01-17T09:41:02.029+0000] {logging_mixin.py:190} INFO - [2026-01-17T09:41:02.028+0000] {dag.py:3239} INFO - Sync 1 DAGs
[2026-01-17T09:41:02.066+0000] {logging_mixin.py:190} INFO - [2026-01-17T09:41:02.065+0000] {dag.py:4180} INFO - Setting next_dagrun for tg_store_users to None, run_after=None
[2026-01-17T09:41:02.121+0000] {processor.py:208} INFO - Processing /opt/airflow/dags/tg_store_users.py took 1.092 seconds
[2026-01-17T09:41:32.268+0000] {processor.py:186} INFO - Started process (PID=19925) to work on /opt/airflow/dags/tg_store_users.py
[2026-01-17T09:41:32.270+0000] {processor.py:914} INFO - Processing file /opt/airflow/dags/tg_store_users.py for tasks to queue
[2026-01-17T09:41:32.271+0000] {logging_mixin.py:190} INFO - [2026-01-17T09:41:32.271+0000] {dagbag.py:588} INFO - Filling up the DagBag from /opt/airflow/dags/tg_store_users.py
[2026-01-17T09:41:33.116+0000] {processor.py:925} INFO - DAG(s) 'tg_store_users' retrieved from /opt/airflow/dags/tg_store_users.py
[2026-01-17T09:41:33.145+0000] {logging_mixin.py:190} INFO - [2026-01-17T09:41:33.144+0000] {dag.py:3239} INFO - Sync 1 DAGs
[2026-01-17T09:41:33.179+0000] {logging_mixin.py:190} INFO - [2026-01-17T09:41:33.179+0000] {dag.py:4180} INFO - Setting next_dagrun for tg_store_users to None, run_after=None
[2026-01-17T09:41:33.219+0000] {processor.py:208} INFO - Processing /opt/airflow/dags/tg_store_users.py took 0.959 seconds
[2026-01-17T09:42:04.023+0000] {processor.py:186} INFO - Started process (PID=19949) to work on /opt/airflow/dags/tg_store_users.py
[2026-01-17T09:42:04.024+0000] {processor.py:914} INFO - Processing file /opt/airflow/dags/tg_store_users.py for tasks to queue
[2026-01-17T09:42:04.026+0000] {logging_mixin.py:190} INFO - [2026-01-17T09:42:04.025+0000] {dagbag.py:588} INFO - Filling up the DagBag from /opt/airflow/dags/tg_store_users.py
[2026-01-17T09:42:04.839+0000] {processor.py:925} INFO - DAG(s) 'tg_store_users' retrieved from /opt/airflow/dags/tg_store_users.py
[2026-01-17T09:42:04.880+0000] {logging_mixin.py:190} INFO - [2026-01-17T09:42:04.879+0000] {dag.py:3239} INFO - Sync 1 DAGs
[2026-01-17T09:42:04.914+0000] {logging_mixin.py:190} INFO - [2026-01-17T09:42:04.914+0000] {dag.py:4180} INFO - Setting next_dagrun for tg_store_users to None, run_after=None
[2026-01-17T09:42:04.985+0000] {processor.py:208} INFO - Processing /opt/airflow/dags/tg_store_users.py took 0.973 seconds
[2026-01-17T09:42:35.282+0000] {processor.py:186} INFO - Started process (PID=19973) to work on /opt/airflow/dags/tg_store_users.py
[2026-01-17T09:42:35.285+0000] {processor.py:914} INFO - Processing file /opt/airflow/dags/tg_store_users.py for tasks to queue
[2026-01-17T09:42:35.288+0000] {logging_mixin.py:190} INFO - [2026-01-17T09:42:35.287+0000] {dagbag.py:588} INFO - Filling up the DagBag from /opt/airflow/dags/tg_store_users.py
[2026-01-17T09:42:36.251+0000] {processor.py:925} INFO - DAG(s) 'tg_store_users' retrieved from /opt/airflow/dags/tg_store_users.py
[2026-01-17T09:42:36.292+0000] {logging_mixin.py:190} INFO - [2026-01-17T09:42:36.291+0000] {dag.py:3239} INFO - Sync 1 DAGs
[2026-01-17T09:42:36.338+0000] {logging_mixin.py:190} INFO - [2026-01-17T09:42:36.338+0000] {dag.py:4180} INFO - Setting next_dagrun for tg_store_users to None, run_after=None
[2026-01-17T09:42:36.391+0000] {processor.py:208} INFO - Processing /opt/airflow/dags/tg_store_users.py took 1.125 seconds
[2026-01-17T09:43:06.876+0000] {processor.py:186} INFO - Started process (PID=19997) to work on /opt/airflow/dags/tg_store_users.py
[2026-01-17T09:43:06.877+0000] {processor.py:914} INFO - Processing file /opt/airflow/dags/tg_store_users.py for tasks to queue
[2026-01-17T09:43:06.879+0000] {logging_mixin.py:190} INFO - [2026-01-17T09:43:06.878+0000] {dagbag.py:588} INFO - Filling up the DagBag from /opt/airflow/dags/tg_store_users.py
[2026-01-17T09:43:07.807+0000] {processor.py:925} INFO - DAG(s) 'tg_store_users' retrieved from /opt/airflow/dags/tg_store_users.py
[2026-01-17T09:43:07.851+0000] {logging_mixin.py:190} INFO - [2026-01-17T09:43:07.851+0000] {dag.py:3239} INFO - Sync 1 DAGs
[2026-01-17T09:43:07.890+0000] {logging_mixin.py:190} INFO - [2026-01-17T09:43:07.889+0000] {dag.py:4180} INFO - Setting next_dagrun for tg_store_users to None, run_after=None
[2026-01-17T09:43:07.952+0000] {processor.py:208} INFO - Processing /opt/airflow/dags/tg_store_users.py took 1.091 seconds
[2026-01-17T09:43:38.859+0000] {processor.py:186} INFO - Started process (PID=20021) to work on /opt/airflow/dags/tg_store_users.py
[2026-01-17T09:43:38.861+0000] {processor.py:914} INFO - Processing file /opt/airflow/dags/tg_store_users.py for tasks to queue
[2026-01-17T09:43:38.864+0000] {logging_mixin.py:190} INFO - [2026-01-17T09:43:38.863+0000] {dagbag.py:588} INFO - Filling up the DagBag from /opt/airflow/dags/tg_store_users.py
[2026-01-17T09:43:39.845+0000] {processor.py:925} INFO - DAG(s) 'tg_store_users' retrieved from /opt/airflow/dags/tg_store_users.py
[2026-01-17T09:43:39.892+0000] {logging_mixin.py:190} INFO - [2026-01-17T09:43:39.890+0000] {dag.py:3239} INFO - Sync 1 DAGs
[2026-01-17T09:43:39.933+0000] {logging_mixin.py:190} INFO - [2026-01-17T09:43:39.932+0000] {dag.py:4180} INFO - Setting next_dagrun for tg_store_users to None, run_after=None
[2026-01-17T09:43:39.983+0000] {processor.py:208} INFO - Processing /opt/airflow/dags/tg_store_users.py took 1.142 seconds
[2026-01-17T09:44:10.114+0000] {processor.py:186} INFO - Started process (PID=20045) to work on /opt/airflow/dags/tg_store_users.py
[2026-01-17T09:44:10.116+0000] {processor.py:914} INFO - Processing file /opt/airflow/dags/tg_store_users.py for tasks to queue
[2026-01-17T09:44:10.119+0000] {logging_mixin.py:190} INFO - [2026-01-17T09:44:10.118+0000] {dagbag.py:588} INFO - Filling up the DagBag from /opt/airflow/dags/tg_store_users.py
[2026-01-17T09:44:11.035+0000] {processor.py:925} INFO - DAG(s) 'tg_store_users' retrieved from /opt/airflow/dags/tg_store_users.py
[2026-01-17T09:44:11.072+0000] {logging_mixin.py:190} INFO - [2026-01-17T09:44:11.071+0000] {dag.py:3239} INFO - Sync 1 DAGs
[2026-01-17T09:44:11.120+0000] {logging_mixin.py:190} INFO - [2026-01-17T09:44:11.120+0000] {dag.py:4180} INFO - Setting next_dagrun for tg_store_users to None, run_after=None
[2026-01-17T09:44:11.172+0000] {processor.py:208} INFO - Processing /opt/airflow/dags/tg_store_users.py took 1.075 seconds
[2026-01-17T09:44:41.374+0000] {processor.py:186} INFO - Started process (PID=20069) to work on /opt/airflow/dags/tg_store_users.py
[2026-01-17T09:44:41.378+0000] {processor.py:914} INFO - Processing file /opt/airflow/dags/tg_store_users.py for tasks to queue
[2026-01-17T09:44:41.380+0000] {logging_mixin.py:190} INFO - [2026-01-17T09:44:41.379+0000] {dagbag.py:588} INFO - Filling up the DagBag from /opt/airflow/dags/tg_store_users.py
[2026-01-17T09:44:42.349+0000] {processor.py:925} INFO - DAG(s) 'tg_store_users' retrieved from /opt/airflow/dags/tg_store_users.py
[2026-01-17T09:44:42.390+0000] {logging_mixin.py:190} INFO - [2026-01-17T09:44:42.389+0000] {dag.py:3239} INFO - Sync 1 DAGs
[2026-01-17T09:44:42.431+0000] {logging_mixin.py:190} INFO - [2026-01-17T09:44:42.431+0000] {dag.py:4180} INFO - Setting next_dagrun for tg_store_users to None, run_after=None
[2026-01-17T09:44:42.480+0000] {processor.py:208} INFO - Processing /opt/airflow/dags/tg_store_users.py took 1.121 seconds
[2026-01-17T09:45:12.664+0000] {processor.py:186} INFO - Started process (PID=20093) to work on /opt/airflow/dags/tg_store_users.py
[2026-01-17T09:45:12.665+0000] {processor.py:914} INFO - Processing file /opt/airflow/dags/tg_store_users.py for tasks to queue
[2026-01-17T09:45:12.667+0000] {logging_mixin.py:190} INFO - [2026-01-17T09:45:12.667+0000] {dagbag.py:588} INFO - Filling up the DagBag from /opt/airflow/dags/tg_store_users.py
[2026-01-17T09:45:13.388+0000] {processor.py:925} INFO - DAG(s) 'tg_store_users' retrieved from /opt/airflow/dags/tg_store_users.py
[2026-01-17T09:45:13.413+0000] {logging_mixin.py:190} INFO - [2026-01-17T09:45:13.413+0000] {dag.py:3239} INFO - Sync 1 DAGs
[2026-01-17T09:45:13.440+0000] {logging_mixin.py:190} INFO - [2026-01-17T09:45:13.439+0000] {dag.py:4180} INFO - Setting next_dagrun for tg_store_users to None, run_after=None
[2026-01-17T09:45:13.488+0000] {processor.py:208} INFO - Processing /opt/airflow/dags/tg_store_users.py took 0.837 seconds
[2026-01-17T09:45:43.883+0000] {processor.py:186} INFO - Started process (PID=20117) to work on /opt/airflow/dags/tg_store_users.py
[2026-01-17T09:45:43.886+0000] {processor.py:914} INFO - Processing file /opt/airflow/dags/tg_store_users.py for tasks to queue
[2026-01-17T09:45:43.889+0000] {logging_mixin.py:190} INFO - [2026-01-17T09:45:43.888+0000] {dagbag.py:588} INFO - Filling up the DagBag from /opt/airflow/dags/tg_store_users.py
[2026-01-17T09:45:44.820+0000] {processor.py:925} INFO - DAG(s) 'tg_store_users' retrieved from /opt/airflow/dags/tg_store_users.py
[2026-01-17T09:45:44.862+0000] {logging_mixin.py:190} INFO - [2026-01-17T09:45:44.861+0000] {dag.py:3239} INFO - Sync 1 DAGs
[2026-01-17T09:45:44.906+0000] {logging_mixin.py:190} INFO - [2026-01-17T09:45:44.905+0000] {dag.py:4180} INFO - Setting next_dagrun for tg_store_users to None, run_after=None
[2026-01-17T09:45:44.973+0000] {processor.py:208} INFO - Processing /opt/airflow/dags/tg_store_users.py took 1.117 seconds
[2026-01-17T09:46:15.489+0000] {processor.py:186} INFO - Started process (PID=20142) to work on /opt/airflow/dags/tg_store_users.py
[2026-01-17T09:46:15.492+0000] {processor.py:914} INFO - Processing file /opt/airflow/dags/tg_store_users.py for tasks to queue
[2026-01-17T09:46:15.495+0000] {logging_mixin.py:190} INFO - [2026-01-17T09:46:15.495+0000] {dagbag.py:588} INFO - Filling up the DagBag from /opt/airflow/dags/tg_store_users.py
[2026-01-17T09:46:16.714+0000] {processor.py:925} INFO - DAG(s) 'tg_store_users' retrieved from /opt/airflow/dags/tg_store_users.py
[2026-01-17T09:46:16.773+0000] {logging_mixin.py:190} INFO - [2026-01-17T09:46:16.772+0000] {dag.py:3239} INFO - Sync 1 DAGs
[2026-01-17T09:46:16.851+0000] {logging_mixin.py:190} INFO - [2026-01-17T09:46:16.849+0000] {dag.py:4180} INFO - Setting next_dagrun for tg_store_users to None, run_after=None
[2026-01-17T09:46:16.912+0000] {processor.py:208} INFO - Processing /opt/airflow/dags/tg_store_users.py took 1.440 seconds
[2026-01-17T09:46:47.728+0000] {processor.py:186} INFO - Started process (PID=20172) to work on /opt/airflow/dags/tg_store_users.py
[2026-01-17T09:46:47.730+0000] {processor.py:914} INFO - Processing file /opt/airflow/dags/tg_store_users.py for tasks to queue
[2026-01-17T09:46:47.733+0000] {logging_mixin.py:190} INFO - [2026-01-17T09:46:47.732+0000] {dagbag.py:588} INFO - Filling up the DagBag from /opt/airflow/dags/tg_store_users.py
[2026-01-17T09:46:48.652+0000] {processor.py:925} INFO - DAG(s) 'tg_store_users' retrieved from /opt/airflow/dags/tg_store_users.py
[2026-01-17T09:46:48.697+0000] {logging_mixin.py:190} INFO - [2026-01-17T09:46:48.697+0000] {dag.py:3239} INFO - Sync 1 DAGs
[2026-01-17T09:46:48.745+0000] {logging_mixin.py:190} INFO - [2026-01-17T09:46:48.745+0000] {dag.py:4180} INFO - Setting next_dagrun for tg_store_users to None, run_after=None
[2026-01-17T09:46:48.812+0000] {processor.py:208} INFO - Processing /opt/airflow/dags/tg_store_users.py took 1.099 seconds
[2026-01-17T09:47:19.158+0000] {processor.py:186} INFO - Started process (PID=20196) to work on /opt/airflow/dags/tg_store_users.py
[2026-01-17T09:47:19.160+0000] {processor.py:914} INFO - Processing file /opt/airflow/dags/tg_store_users.py for tasks to queue
[2026-01-17T09:47:19.162+0000] {logging_mixin.py:190} INFO - [2026-01-17T09:47:19.161+0000] {dagbag.py:588} INFO - Filling up the DagBag from /opt/airflow/dags/tg_store_users.py
[2026-01-17T09:47:20.011+0000] {processor.py:925} INFO - DAG(s) 'tg_store_users' retrieved from /opt/airflow/dags/tg_store_users.py
[2026-01-17T09:47:20.052+0000] {logging_mixin.py:190} INFO - [2026-01-17T09:47:20.051+0000] {dag.py:3239} INFO - Sync 1 DAGs
[2026-01-17T09:47:20.096+0000] {logging_mixin.py:190} INFO - [2026-01-17T09:47:20.096+0000] {dag.py:4180} INFO - Setting next_dagrun for tg_store_users to None, run_after=None
[2026-01-17T09:47:20.152+0000] {processor.py:208} INFO - Processing /opt/airflow/dags/tg_store_users.py took 1.010 seconds
[2026-01-17T09:47:50.537+0000] {processor.py:186} INFO - Started process (PID=20220) to work on /opt/airflow/dags/tg_store_users.py
[2026-01-17T09:47:50.539+0000] {processor.py:914} INFO - Processing file /opt/airflow/dags/tg_store_users.py for tasks to queue
[2026-01-17T09:47:50.542+0000] {logging_mixin.py:190} INFO - [2026-01-17T09:47:50.541+0000] {dagbag.py:588} INFO - Filling up the DagBag from /opt/airflow/dags/tg_store_users.py
[2026-01-17T09:47:51.417+0000] {processor.py:925} INFO - DAG(s) 'tg_store_users' retrieved from /opt/airflow/dags/tg_store_users.py
[2026-01-17T09:47:51.454+0000] {logging_mixin.py:190} INFO - [2026-01-17T09:47:51.454+0000] {dag.py:3239} INFO - Sync 1 DAGs
[2026-01-17T09:47:51.491+0000] {logging_mixin.py:190} INFO - [2026-01-17T09:47:51.491+0000] {dag.py:4180} INFO - Setting next_dagrun for tg_store_users to None, run_after=None
[2026-01-17T09:47:51.534+0000] {processor.py:208} INFO - Processing /opt/airflow/dags/tg_store_users.py took 1.013 seconds
[2026-01-17T09:48:22.065+0000] {processor.py:186} INFO - Started process (PID=20244) to work on /opt/airflow/dags/tg_store_users.py
[2026-01-17T09:48:22.067+0000] {processor.py:914} INFO - Processing file /opt/airflow/dags/tg_store_users.py for tasks to queue
[2026-01-17T09:48:22.069+0000] {logging_mixin.py:190} INFO - [2026-01-17T09:48:22.068+0000] {dagbag.py:588} INFO - Filling up the DagBag from /opt/airflow/dags/tg_store_users.py
[2026-01-17T09:48:22.931+0000] {processor.py:925} INFO - DAG(s) 'tg_store_users' retrieved from /opt/airflow/dags/tg_store_users.py
[2026-01-17T09:48:22.976+0000] {logging_mixin.py:190} INFO - [2026-01-17T09:48:22.974+0000] {dag.py:3239} INFO - Sync 1 DAGs
[2026-01-17T09:48:23.016+0000] {logging_mixin.py:190} INFO - [2026-01-17T09:48:23.016+0000] {dag.py:4180} INFO - Setting next_dagrun for tg_store_users to None, run_after=None
[2026-01-17T09:48:23.062+0000] {processor.py:208} INFO - Processing /opt/airflow/dags/tg_store_users.py took 1.010 seconds
[2026-01-17T09:48:53.861+0000] {processor.py:186} INFO - Started process (PID=20268) to work on /opt/airflow/dags/tg_store_users.py
[2026-01-17T09:48:53.863+0000] {processor.py:914} INFO - Processing file /opt/airflow/dags/tg_store_users.py for tasks to queue
[2026-01-17T09:48:53.865+0000] {logging_mixin.py:190} INFO - [2026-01-17T09:48:53.865+0000] {dagbag.py:588} INFO - Filling up the DagBag from /opt/airflow/dags/tg_store_users.py
[2026-01-17T09:48:54.851+0000] {processor.py:925} INFO - DAG(s) 'tg_store_users' retrieved from /opt/airflow/dags/tg_store_users.py
[2026-01-17T09:48:54.912+0000] {logging_mixin.py:190} INFO - [2026-01-17T09:48:54.911+0000] {dag.py:3239} INFO - Sync 1 DAGs
[2026-01-17T09:48:54.963+0000] {logging_mixin.py:190} INFO - [2026-01-17T09:48:54.963+0000] {dag.py:4180} INFO - Setting next_dagrun for tg_store_users to None, run_after=None
[2026-01-17T09:48:55.015+0000] {processor.py:208} INFO - Processing /opt/airflow/dags/tg_store_users.py took 1.170 seconds
[2026-01-17T09:49:25.476+0000] {processor.py:186} INFO - Started process (PID=20292) to work on /opt/airflow/dags/tg_store_users.py
[2026-01-17T09:49:25.478+0000] {processor.py:914} INFO - Processing file /opt/airflow/dags/tg_store_users.py for tasks to queue
[2026-01-17T09:49:25.480+0000] {logging_mixin.py:190} INFO - [2026-01-17T09:49:25.479+0000] {dagbag.py:588} INFO - Filling up the DagBag from /opt/airflow/dags/tg_store_users.py
[2026-01-17T09:49:26.319+0000] {processor.py:925} INFO - DAG(s) 'tg_store_users' retrieved from /opt/airflow/dags/tg_store_users.py
[2026-01-17T09:49:26.355+0000] {logging_mixin.py:190} INFO - [2026-01-17T09:49:26.355+0000] {dag.py:3239} INFO - Sync 1 DAGs
[2026-01-17T09:49:26.400+0000] {logging_mixin.py:190} INFO - [2026-01-17T09:49:26.400+0000] {dag.py:4180} INFO - Setting next_dagrun for tg_store_users to None, run_after=None
[2026-01-17T09:49:26.457+0000] {processor.py:208} INFO - Processing /opt/airflow/dags/tg_store_users.py took 0.996 seconds
[2026-01-17T09:49:57.244+0000] {processor.py:186} INFO - Started process (PID=20316) to work on /opt/airflow/dags/tg_store_users.py
[2026-01-17T09:49:57.246+0000] {processor.py:914} INFO - Processing file /opt/airflow/dags/tg_store_users.py for tasks to queue
[2026-01-17T09:49:57.249+0000] {logging_mixin.py:190} INFO - [2026-01-17T09:49:57.248+0000] {dagbag.py:588} INFO - Filling up the DagBag from /opt/airflow/dags/tg_store_users.py
[2026-01-17T09:49:58.330+0000] {processor.py:925} INFO - DAG(s) 'tg_store_users' retrieved from /opt/airflow/dags/tg_store_users.py
[2026-01-17T09:49:58.386+0000] {logging_mixin.py:190} INFO - [2026-01-17T09:49:58.386+0000] {dag.py:3239} INFO - Sync 1 DAGs
[2026-01-17T09:49:58.431+0000] {logging_mixin.py:190} INFO - [2026-01-17T09:49:58.431+0000] {dag.py:4180} INFO - Setting next_dagrun for tg_store_users to None, run_after=None
[2026-01-17T09:49:58.495+0000] {processor.py:208} INFO - Processing /opt/airflow/dags/tg_store_users.py took 1.269 seconds
[2026-01-17T09:50:28.957+0000] {processor.py:186} INFO - Started process (PID=20340) to work on /opt/airflow/dags/tg_store_users.py
[2026-01-17T09:50:28.959+0000] {processor.py:914} INFO - Processing file /opt/airflow/dags/tg_store_users.py for tasks to queue
[2026-01-17T09:50:28.960+0000] {logging_mixin.py:190} INFO - [2026-01-17T09:50:28.960+0000] {dagbag.py:588} INFO - Filling up the DagBag from /opt/airflow/dags/tg_store_users.py
[2026-01-17T09:50:29.928+0000] {processor.py:925} INFO - DAG(s) 'tg_store_users' retrieved from /opt/airflow/dags/tg_store_users.py
[2026-01-17T09:50:29.972+0000] {logging_mixin.py:190} INFO - [2026-01-17T09:50:29.971+0000] {dag.py:3239} INFO - Sync 1 DAGs
[2026-01-17T09:50:30.011+0000] {logging_mixin.py:190} INFO - [2026-01-17T09:50:30.011+0000] {dag.py:4180} INFO - Setting next_dagrun for tg_store_users to None, run_after=None
[2026-01-17T09:50:30.074+0000] {processor.py:208} INFO - Processing /opt/airflow/dags/tg_store_users.py took 1.131 seconds
[2026-01-17T09:51:00.529+0000] {processor.py:186} INFO - Started process (PID=20364) to work on /opt/airflow/dags/tg_store_users.py
[2026-01-17T09:51:00.530+0000] {processor.py:914} INFO - Processing file /opt/airflow/dags/tg_store_users.py for tasks to queue
[2026-01-17T09:51:00.538+0000] {logging_mixin.py:190} INFO - [2026-01-17T09:51:00.537+0000] {dagbag.py:588} INFO - Filling up the DagBag from /opt/airflow/dags/tg_store_users.py
[2026-01-17T09:51:01.475+0000] {processor.py:925} INFO - DAG(s) 'tg_store_users' retrieved from /opt/airflow/dags/tg_store_users.py
[2026-01-17T09:51:01.524+0000] {logging_mixin.py:190} INFO - [2026-01-17T09:51:01.523+0000] {dag.py:3239} INFO - Sync 1 DAGs
[2026-01-17T09:51:01.575+0000] {logging_mixin.py:190} INFO - [2026-01-17T09:51:01.575+0000] {dag.py:4180} INFO - Setting next_dagrun for tg_store_users to None, run_after=None
[2026-01-17T09:51:01.640+0000] {processor.py:208} INFO - Processing /opt/airflow/dags/tg_store_users.py took 1.124 seconds
[2026-01-17T09:51:31.845+0000] {processor.py:186} INFO - Started process (PID=20388) to work on /opt/airflow/dags/tg_store_users.py
[2026-01-17T09:51:31.853+0000] {processor.py:914} INFO - Processing file /opt/airflow/dags/tg_store_users.py for tasks to queue
[2026-01-17T09:51:31.860+0000] {logging_mixin.py:190} INFO - [2026-01-17T09:51:31.860+0000] {dagbag.py:588} INFO - Filling up the DagBag from /opt/airflow/dags/tg_store_users.py
[2026-01-17T09:51:32.778+0000] {processor.py:925} INFO - DAG(s) 'tg_store_users' retrieved from /opt/airflow/dags/tg_store_users.py
[2026-01-17T09:51:32.820+0000] {logging_mixin.py:190} INFO - [2026-01-17T09:51:32.819+0000] {dag.py:3239} INFO - Sync 1 DAGs
[2026-01-17T09:51:32.863+0000] {logging_mixin.py:190} INFO - [2026-01-17T09:51:32.862+0000] {dag.py:4180} INFO - Setting next_dagrun for tg_store_users to None, run_after=None
[2026-01-17T09:51:32.914+0000] {processor.py:208} INFO - Processing /opt/airflow/dags/tg_store_users.py took 1.079 seconds
[2026-01-17T09:52:03.408+0000] {processor.py:186} INFO - Started process (PID=20412) to work on /opt/airflow/dags/tg_store_users.py
[2026-01-17T09:52:03.411+0000] {processor.py:914} INFO - Processing file /opt/airflow/dags/tg_store_users.py for tasks to queue
[2026-01-17T09:52:03.414+0000] {logging_mixin.py:190} INFO - [2026-01-17T09:52:03.413+0000] {dagbag.py:588} INFO - Filling up the DagBag from /opt/airflow/dags/tg_store_users.py
[2026-01-17T09:52:04.639+0000] {processor.py:925} INFO - DAG(s) 'tg_store_users' retrieved from /opt/airflow/dags/tg_store_users.py
[2026-01-17T09:52:04.696+0000] {logging_mixin.py:190} INFO - [2026-01-17T09:52:04.695+0000] {dag.py:3239} INFO - Sync 1 DAGs
[2026-01-17T09:52:04.770+0000] {logging_mixin.py:190} INFO - [2026-01-17T09:52:04.769+0000] {dag.py:4180} INFO - Setting next_dagrun for tg_store_users to None, run_after=None
[2026-01-17T09:52:04.859+0000] {processor.py:208} INFO - Processing /opt/airflow/dags/tg_store_users.py took 1.468 seconds
[2026-01-17T09:52:35.729+0000] {processor.py:186} INFO - Started process (PID=20436) to work on /opt/airflow/dags/tg_store_users.py
[2026-01-17T09:52:35.732+0000] {processor.py:914} INFO - Processing file /opt/airflow/dags/tg_store_users.py for tasks to queue
[2026-01-17T09:52:35.737+0000] {logging_mixin.py:190} INFO - [2026-01-17T09:52:35.736+0000] {dagbag.py:588} INFO - Filling up the DagBag from /opt/airflow/dags/tg_store_users.py
[2026-01-17T09:52:36.949+0000] {processor.py:925} INFO - DAG(s) 'tg_store_users' retrieved from /opt/airflow/dags/tg_store_users.py
[2026-01-17T09:52:37.042+0000] {logging_mixin.py:190} INFO - [2026-01-17T09:52:37.041+0000] {dag.py:3239} INFO - Sync 1 DAGs
[2026-01-17T09:52:37.126+0000] {logging_mixin.py:190} INFO - [2026-01-17T09:52:37.126+0000] {dag.py:4180} INFO - Setting next_dagrun for tg_store_users to None, run_after=None
[2026-01-17T09:52:37.197+0000] {processor.py:208} INFO - Processing /opt/airflow/dags/tg_store_users.py took 1.482 seconds
[2026-01-17T09:53:07.835+0000] {processor.py:186} INFO - Started process (PID=20460) to work on /opt/airflow/dags/tg_store_users.py
[2026-01-17T09:53:07.838+0000] {processor.py:914} INFO - Processing file /opt/airflow/dags/tg_store_users.py for tasks to queue
[2026-01-17T09:53:07.841+0000] {logging_mixin.py:190} INFO - [2026-01-17T09:53:07.840+0000] {dagbag.py:588} INFO - Filling up the DagBag from /opt/airflow/dags/tg_store_users.py
[2026-01-17T09:53:09.122+0000] {processor.py:925} INFO - DAG(s) 'tg_store_users' retrieved from /opt/airflow/dags/tg_store_users.py
[2026-01-17T09:53:09.176+0000] {logging_mixin.py:190} INFO - [2026-01-17T09:53:09.175+0000] {dag.py:3239} INFO - Sync 1 DAGs
[2026-01-17T09:53:09.229+0000] {logging_mixin.py:190} INFO - [2026-01-17T09:53:09.228+0000] {dag.py:4180} INFO - Setting next_dagrun for tg_store_users to None, run_after=None
[2026-01-17T09:53:09.296+0000] {processor.py:208} INFO - Processing /opt/airflow/dags/tg_store_users.py took 1.484 seconds
[2026-01-17T09:53:39.758+0000] {processor.py:186} INFO - Started process (PID=20484) to work on /opt/airflow/dags/tg_store_users.py
[2026-01-17T09:53:39.760+0000] {processor.py:914} INFO - Processing file /opt/airflow/dags/tg_store_users.py for tasks to queue
[2026-01-17T09:53:39.764+0000] {logging_mixin.py:190} INFO - [2026-01-17T09:53:39.763+0000] {dagbag.py:588} INFO - Filling up the DagBag from /opt/airflow/dags/tg_store_users.py
[2026-01-17T09:53:41.026+0000] {processor.py:925} INFO - DAG(s) 'tg_store_users' retrieved from /opt/airflow/dags/tg_store_users.py
[2026-01-17T09:53:41.086+0000] {logging_mixin.py:190} INFO - [2026-01-17T09:53:41.085+0000] {dag.py:3239} INFO - Sync 1 DAGs
[2026-01-17T09:53:41.134+0000] {logging_mixin.py:190} INFO - [2026-01-17T09:53:41.132+0000] {dag.py:4180} INFO - Setting next_dagrun for tg_store_users to None, run_after=None
[2026-01-17T09:53:41.205+0000] {processor.py:208} INFO - Processing /opt/airflow/dags/tg_store_users.py took 1.465 seconds
[2026-01-17T09:54:11.851+0000] {processor.py:186} INFO - Started process (PID=20508) to work on /opt/airflow/dags/tg_store_users.py
[2026-01-17T09:54:11.855+0000] {processor.py:914} INFO - Processing file /opt/airflow/dags/tg_store_users.py for tasks to queue
[2026-01-17T09:54:11.858+0000] {logging_mixin.py:190} INFO - [2026-01-17T09:54:11.857+0000] {dagbag.py:588} INFO - Filling up the DagBag from /opt/airflow/dags/tg_store_users.py
[2026-01-17T09:54:13.141+0000] {processor.py:925} INFO - DAG(s) 'tg_store_users' retrieved from /opt/airflow/dags/tg_store_users.py
[2026-01-17T09:54:13.192+0000] {logging_mixin.py:190} INFO - [2026-01-17T09:54:13.191+0000] {dag.py:3239} INFO - Sync 1 DAGs
[2026-01-17T09:54:13.242+0000] {logging_mixin.py:190} INFO - [2026-01-17T09:54:13.242+0000] {dag.py:4180} INFO - Setting next_dagrun for tg_store_users to None, run_after=None
[2026-01-17T09:54:13.319+0000] {processor.py:208} INFO - Processing /opt/airflow/dags/tg_store_users.py took 1.494 seconds
[2026-01-17T09:54:43.408+0000] {processor.py:186} INFO - Started process (PID=20531) to work on /opt/airflow/dags/tg_store_users.py
[2026-01-17T09:54:43.410+0000] {processor.py:914} INFO - Processing file /opt/airflow/dags/tg_store_users.py for tasks to queue
[2026-01-17T09:54:43.413+0000] {logging_mixin.py:190} INFO - [2026-01-17T09:54:43.412+0000] {dagbag.py:588} INFO - Filling up the DagBag from /opt/airflow/dags/tg_store_users.py
[2026-01-17T09:54:44.454+0000] {processor.py:925} INFO - DAG(s) 'tg_store_users' retrieved from /opt/airflow/dags/tg_store_users.py
[2026-01-17T09:54:44.515+0000] {logging_mixin.py:190} INFO - [2026-01-17T09:54:44.514+0000] {dag.py:3239} INFO - Sync 1 DAGs
[2026-01-17T09:54:44.559+0000] {logging_mixin.py:190} INFO - [2026-01-17T09:54:44.558+0000] {dag.py:4180} INFO - Setting next_dagrun for tg_store_users to None, run_after=None
[2026-01-17T09:54:44.624+0000] {processor.py:208} INFO - Processing /opt/airflow/dags/tg_store_users.py took 1.234 seconds
[2026-01-17T09:55:14.790+0000] {processor.py:186} INFO - Started process (PID=20555) to work on /opt/airflow/dags/tg_store_users.py
[2026-01-17T09:55:14.793+0000] {processor.py:914} INFO - Processing file /opt/airflow/dags/tg_store_users.py for tasks to queue
[2026-01-17T09:55:14.798+0000] {logging_mixin.py:190} INFO - [2026-01-17T09:55:14.797+0000] {dagbag.py:588} INFO - Filling up the DagBag from /opt/airflow/dags/tg_store_users.py
[2026-01-17T09:55:15.945+0000] {processor.py:925} INFO - DAG(s) 'tg_store_users' retrieved from /opt/airflow/dags/tg_store_users.py
[2026-01-17T09:55:16.011+0000] {logging_mixin.py:190} INFO - [2026-01-17T09:55:16.010+0000] {dag.py:3239} INFO - Sync 1 DAGs
[2026-01-17T09:55:16.097+0000] {logging_mixin.py:190} INFO - [2026-01-17T09:55:16.096+0000] {dag.py:4180} INFO - Setting next_dagrun for tg_store_users to None, run_after=None
[2026-01-17T09:55:16.204+0000] {processor.py:208} INFO - Processing /opt/airflow/dags/tg_store_users.py took 1.430 seconds
[2026-01-17T09:55:46.685+0000] {processor.py:186} INFO - Started process (PID=20579) to work on /opt/airflow/dags/tg_store_users.py
[2026-01-17T09:55:46.689+0000] {processor.py:914} INFO - Processing file /opt/airflow/dags/tg_store_users.py for tasks to queue
[2026-01-17T09:55:46.696+0000] {logging_mixin.py:190} INFO - [2026-01-17T09:55:46.694+0000] {dagbag.py:588} INFO - Filling up the DagBag from /opt/airflow/dags/tg_store_users.py
[2026-01-17T09:55:47.533+0000] {processor.py:925} INFO - DAG(s) 'tg_store_users' retrieved from /opt/airflow/dags/tg_store_users.py
[2026-01-17T09:55:47.564+0000] {logging_mixin.py:190} INFO - [2026-01-17T09:55:47.563+0000] {dag.py:3239} INFO - Sync 1 DAGs
[2026-01-17T09:55:47.596+0000] {logging_mixin.py:190} INFO - [2026-01-17T09:55:47.596+0000] {dag.py:4180} INFO - Setting next_dagrun for tg_store_users to None, run_after=None
[2026-01-17T09:55:47.651+0000] {processor.py:208} INFO - Processing /opt/airflow/dags/tg_store_users.py took 0.997 seconds
[2026-01-17T09:56:18.090+0000] {processor.py:186} INFO - Started process (PID=20607) to work on /opt/airflow/dags/tg_store_users.py
[2026-01-17T09:56:18.093+0000] {processor.py:914} INFO - Processing file /opt/airflow/dags/tg_store_users.py for tasks to queue
[2026-01-17T09:56:18.095+0000] {logging_mixin.py:190} INFO - [2026-01-17T09:56:18.094+0000] {dagbag.py:588} INFO - Filling up the DagBag from /opt/airflow/dags/tg_store_users.py
[2026-01-17T09:56:18.791+0000] {processor.py:925} INFO - DAG(s) 'tg_store_users' retrieved from /opt/airflow/dags/tg_store_users.py
[2026-01-17T09:56:18.833+0000] {logging_mixin.py:190} INFO - [2026-01-17T09:56:18.832+0000] {dag.py:3239} INFO - Sync 1 DAGs
[2026-01-17T09:56:18.874+0000] {logging_mixin.py:190} INFO - [2026-01-17T09:56:18.873+0000] {dag.py:4180} INFO - Setting next_dagrun for tg_store_users to None, run_after=None
[2026-01-17T09:56:18.915+0000] {processor.py:208} INFO - Processing /opt/airflow/dags/tg_store_users.py took 0.840 seconds
[2026-01-17T09:56:49.374+0000] {processor.py:186} INFO - Started process (PID=20631) to work on /opt/airflow/dags/tg_store_users.py
[2026-01-17T09:56:49.378+0000] {processor.py:914} INFO - Processing file /opt/airflow/dags/tg_store_users.py for tasks to queue
[2026-01-17T09:56:49.385+0000] {logging_mixin.py:190} INFO - [2026-01-17T09:56:49.384+0000] {dagbag.py:588} INFO - Filling up the DagBag from /opt/airflow/dags/tg_store_users.py
[2026-01-17T09:56:50.202+0000] {processor.py:925} INFO - DAG(s) 'tg_store_users' retrieved from /opt/airflow/dags/tg_store_users.py
[2026-01-17T09:56:50.233+0000] {logging_mixin.py:190} INFO - [2026-01-17T09:56:50.232+0000] {dag.py:3239} INFO - Sync 1 DAGs
[2026-01-17T09:56:50.262+0000] {logging_mixin.py:190} INFO - [2026-01-17T09:56:50.262+0000] {dag.py:4180} INFO - Setting next_dagrun for tg_store_users to None, run_after=None
[2026-01-17T09:56:50.304+0000] {processor.py:208} INFO - Processing /opt/airflow/dags/tg_store_users.py took 0.963 seconds
[2026-01-17T09:57:20.798+0000] {processor.py:186} INFO - Started process (PID=20660) to work on /opt/airflow/dags/tg_store_users.py
[2026-01-17T09:57:20.801+0000] {processor.py:914} INFO - Processing file /opt/airflow/dags/tg_store_users.py for tasks to queue
[2026-01-17T09:57:20.809+0000] {logging_mixin.py:190} INFO - [2026-01-17T09:57:20.808+0000] {dagbag.py:588} INFO - Filling up the DagBag from /opt/airflow/dags/tg_store_users.py
[2026-01-17T09:57:21.627+0000] {processor.py:925} INFO - DAG(s) 'tg_store_users' retrieved from /opt/airflow/dags/tg_store_users.py
[2026-01-17T09:57:21.659+0000] {logging_mixin.py:190} INFO - [2026-01-17T09:57:21.659+0000] {dag.py:3239} INFO - Sync 1 DAGs
[2026-01-17T09:57:21.688+0000] {logging_mixin.py:190} INFO - [2026-01-17T09:57:21.688+0000] {dag.py:4180} INFO - Setting next_dagrun for tg_store_users to None, run_after=None
[2026-01-17T09:57:21.731+0000] {processor.py:208} INFO - Processing /opt/airflow/dags/tg_store_users.py took 0.962 seconds
[2026-01-17T09:57:51.908+0000] {processor.py:186} INFO - Started process (PID=20684) to work on /opt/airflow/dags/tg_store_users.py
[2026-01-17T09:57:51.909+0000] {processor.py:914} INFO - Processing file /opt/airflow/dags/tg_store_users.py for tasks to queue
[2026-01-17T09:57:51.912+0000] {logging_mixin.py:190} INFO - [2026-01-17T09:57:51.911+0000] {dagbag.py:588} INFO - Filling up the DagBag from /opt/airflow/dags/tg_store_users.py
[2026-01-17T09:57:53.068+0000] {processor.py:925} INFO - DAG(s) 'tg_store_users' retrieved from /opt/airflow/dags/tg_store_users.py
[2026-01-17T09:57:53.123+0000] {logging_mixin.py:190} INFO - [2026-01-17T09:57:53.122+0000] {dag.py:3239} INFO - Sync 1 DAGs
[2026-01-17T09:57:53.170+0000] {logging_mixin.py:190} INFO - [2026-01-17T09:57:53.170+0000] {dag.py:4180} INFO - Setting next_dagrun for tg_store_users to None, run_after=None
[2026-01-17T09:57:53.219+0000] {processor.py:208} INFO - Processing /opt/airflow/dags/tg_store_users.py took 1.327 seconds
[2026-01-17T09:58:23.670+0000] {processor.py:186} INFO - Started process (PID=20708) to work on /opt/airflow/dags/tg_store_users.py
[2026-01-17T09:58:23.673+0000] {processor.py:914} INFO - Processing file /opt/airflow/dags/tg_store_users.py for tasks to queue
[2026-01-17T09:58:23.675+0000] {logging_mixin.py:190} INFO - [2026-01-17T09:58:23.675+0000] {dagbag.py:588} INFO - Filling up the DagBag from /opt/airflow/dags/tg_store_users.py
[2026-01-17T09:58:24.663+0000] {processor.py:925} INFO - DAG(s) 'tg_store_users' retrieved from /opt/airflow/dags/tg_store_users.py
[2026-01-17T09:58:24.716+0000] {logging_mixin.py:190} INFO - [2026-01-17T09:58:24.715+0000] {dag.py:3239} INFO - Sync 1 DAGs
[2026-01-17T09:58:24.763+0000] {logging_mixin.py:190} INFO - [2026-01-17T09:58:24.762+0000] {dag.py:4180} INFO - Setting next_dagrun for tg_store_users to None, run_after=None
[2026-01-17T09:58:24.814+0000] {processor.py:208} INFO - Processing /opt/airflow/dags/tg_store_users.py took 1.169 seconds
[2026-01-17T09:58:55.567+0000] {processor.py:186} INFO - Started process (PID=20732) to work on /opt/airflow/dags/tg_store_users.py
[2026-01-17T09:58:55.570+0000] {processor.py:914} INFO - Processing file /opt/airflow/dags/tg_store_users.py for tasks to queue
[2026-01-17T09:58:55.573+0000] {logging_mixin.py:190} INFO - [2026-01-17T09:58:55.572+0000] {dagbag.py:588} INFO - Filling up the DagBag from /opt/airflow/dags/tg_store_users.py
[2026-01-17T09:58:56.860+0000] {processor.py:925} INFO - DAG(s) 'tg_store_users' retrieved from /opt/airflow/dags/tg_store_users.py
[2026-01-17T09:58:56.920+0000] {logging_mixin.py:190} INFO - [2026-01-17T09:58:56.919+0000] {dag.py:3239} INFO - Sync 1 DAGs
[2026-01-17T09:58:56.988+0000] {logging_mixin.py:190} INFO - [2026-01-17T09:58:56.987+0000] {dag.py:4180} INFO - Setting next_dagrun for tg_store_users to None, run_after=None
[2026-01-17T09:58:57.061+0000] {processor.py:208} INFO - Processing /opt/airflow/dags/tg_store_users.py took 1.516 seconds
[2026-01-17T09:59:27.244+0000] {processor.py:186} INFO - Started process (PID=20757) to work on /opt/airflow/dags/tg_store_users.py
[2026-01-17T09:59:27.246+0000] {processor.py:914} INFO - Processing file /opt/airflow/dags/tg_store_users.py for tasks to queue
[2026-01-17T09:59:27.252+0000] {logging_mixin.py:190} INFO - [2026-01-17T09:59:27.251+0000] {dagbag.py:588} INFO - Filling up the DagBag from /opt/airflow/dags/tg_store_users.py
[2026-01-17T09:59:28.561+0000] {processor.py:925} INFO - DAG(s) 'tg_store_users' retrieved from /opt/airflow/dags/tg_store_users.py
[2026-01-17T09:59:28.634+0000] {logging_mixin.py:190} INFO - [2026-01-17T09:59:28.633+0000] {dag.py:3239} INFO - Sync 1 DAGs
[2026-01-17T09:59:28.695+0000] {logging_mixin.py:190} INFO - [2026-01-17T09:59:28.695+0000] {dag.py:4180} INFO - Setting next_dagrun for tg_store_users to None, run_after=None
[2026-01-17T09:59:28.762+0000] {processor.py:208} INFO - Processing /opt/airflow/dags/tg_store_users.py took 1.540 seconds
[2026-01-17T09:59:59.072+0000] {processor.py:186} INFO - Started process (PID=20782) to work on /opt/airflow/dags/tg_store_users.py
[2026-01-17T09:59:59.076+0000] {processor.py:914} INFO - Processing file /opt/airflow/dags/tg_store_users.py for tasks to queue
[2026-01-17T09:59:59.086+0000] {logging_mixin.py:190} INFO - [2026-01-17T09:59:59.080+0000] {dagbag.py:588} INFO - Filling up the DagBag from /opt/airflow/dags/tg_store_users.py
[2026-01-17T09:59:59.879+0000] {processor.py:925} INFO - DAG(s) 'tg_store_users' retrieved from /opt/airflow/dags/tg_store_users.py
[2026-01-17T09:59:59.911+0000] {logging_mixin.py:190} INFO - [2026-01-17T09:59:59.911+0000] {dag.py:3239} INFO - Sync 1 DAGs
[2026-01-17T09:59:59.939+0000] {logging_mixin.py:190} INFO - [2026-01-17T09:59:59.939+0000] {dag.py:4180} INFO - Setting next_dagrun for tg_store_users to None, run_after=None
[2026-01-17T09:59:59.979+0000] {processor.py:208} INFO - Processing /opt/airflow/dags/tg_store_users.py took 0.924 seconds
[2026-01-17T10:00:30.040+0000] {processor.py:186} INFO - Started process (PID=20806) to work on /opt/airflow/dags/tg_store_users.py
[2026-01-17T10:00:30.041+0000] {processor.py:914} INFO - Processing file /opt/airflow/dags/tg_store_users.py for tasks to queue
[2026-01-17T10:00:30.044+0000] {logging_mixin.py:190} INFO - [2026-01-17T10:00:30.044+0000] {dagbag.py:588} INFO - Filling up the DagBag from /opt/airflow/dags/tg_store_users.py
[2026-01-17T10:00:30.791+0000] {processor.py:925} INFO - DAG(s) 'tg_store_users' retrieved from /opt/airflow/dags/tg_store_users.py
[2026-01-17T10:00:30.824+0000] {logging_mixin.py:190} INFO - [2026-01-17T10:00:30.823+0000] {dag.py:3239} INFO - Sync 1 DAGs
[2026-01-17T10:00:30.857+0000] {logging_mixin.py:190} INFO - [2026-01-17T10:00:30.857+0000] {dag.py:4180} INFO - Setting next_dagrun for tg_store_users to None, run_after=None
[2026-01-17T10:00:30.891+0000] {processor.py:208} INFO - Processing /opt/airflow/dags/tg_store_users.py took 0.865 seconds
[2026-01-17T10:01:01.372+0000] {processor.py:186} INFO - Started process (PID=20831) to work on /opt/airflow/dags/tg_store_users.py
[2026-01-17T10:01:01.374+0000] {processor.py:914} INFO - Processing file /opt/airflow/dags/tg_store_users.py for tasks to queue
[2026-01-17T10:01:01.376+0000] {logging_mixin.py:190} INFO - [2026-01-17T10:01:01.375+0000] {dagbag.py:588} INFO - Filling up the DagBag from /opt/airflow/dags/tg_store_users.py
[2026-01-17T10:01:02.105+0000] {processor.py:925} INFO - DAG(s) 'tg_store_users' retrieved from /opt/airflow/dags/tg_store_users.py
[2026-01-17T10:01:02.137+0000] {logging_mixin.py:190} INFO - [2026-01-17T10:01:02.137+0000] {dag.py:3239} INFO - Sync 1 DAGs
[2026-01-17T10:01:02.166+0000] {logging_mixin.py:190} INFO - [2026-01-17T10:01:02.166+0000] {dag.py:4180} INFO - Setting next_dagrun for tg_store_users to None, run_after=None
[2026-01-17T10:01:02.209+0000] {processor.py:208} INFO - Processing /opt/airflow/dags/tg_store_users.py took 0.851 seconds
[2026-01-17T10:01:32.615+0000] {processor.py:186} INFO - Started process (PID=20855) to work on /opt/airflow/dags/tg_store_users.py
[2026-01-17T10:01:32.617+0000] {processor.py:914} INFO - Processing file /opt/airflow/dags/tg_store_users.py for tasks to queue
[2026-01-17T10:01:32.620+0000] {logging_mixin.py:190} INFO - [2026-01-17T10:01:32.620+0000] {dagbag.py:588} INFO - Filling up the DagBag from /opt/airflow/dags/tg_store_users.py
[2026-01-17T10:01:33.383+0000] {processor.py:925} INFO - DAG(s) 'tg_store_users' retrieved from /opt/airflow/dags/tg_store_users.py
[2026-01-17T10:01:33.408+0000] {logging_mixin.py:190} INFO - [2026-01-17T10:01:33.408+0000] {dag.py:3239} INFO - Sync 1 DAGs
[2026-01-17T10:01:33.432+0000] {logging_mixin.py:190} INFO - [2026-01-17T10:01:33.432+0000] {dag.py:4180} INFO - Setting next_dagrun for tg_store_users to None, run_after=None
[2026-01-17T10:01:33.462+0000] {processor.py:208} INFO - Processing /opt/airflow/dags/tg_store_users.py took 0.858 seconds
[2026-01-17T10:02:03.734+0000] {processor.py:186} INFO - Started process (PID=20879) to work on /opt/airflow/dags/tg_store_users.py
[2026-01-17T10:02:03.736+0000] {processor.py:914} INFO - Processing file /opt/airflow/dags/tg_store_users.py for tasks to queue
[2026-01-17T10:02:03.739+0000] {logging_mixin.py:190} INFO - [2026-01-17T10:02:03.738+0000] {dagbag.py:588} INFO - Filling up the DagBag from /opt/airflow/dags/tg_store_users.py
[2026-01-17T10:02:04.547+0000] {processor.py:925} INFO - DAG(s) 'tg_store_users' retrieved from /opt/airflow/dags/tg_store_users.py
[2026-01-17T10:02:04.580+0000] {logging_mixin.py:190} INFO - [2026-01-17T10:02:04.579+0000] {dag.py:3239} INFO - Sync 1 DAGs
[2026-01-17T10:02:04.611+0000] {logging_mixin.py:190} INFO - [2026-01-17T10:02:04.610+0000] {dag.py:4180} INFO - Setting next_dagrun for tg_store_users to None, run_after=None
[2026-01-17T10:02:04.645+0000] {processor.py:208} INFO - Processing /opt/airflow/dags/tg_store_users.py took 0.931 seconds
[2026-01-17T10:02:34.845+0000] {processor.py:186} INFO - Started process (PID=20903) to work on /opt/airflow/dags/tg_store_users.py
[2026-01-17T10:02:34.848+0000] {processor.py:914} INFO - Processing file /opt/airflow/dags/tg_store_users.py for tasks to queue
[2026-01-17T10:02:34.851+0000] {logging_mixin.py:190} INFO - [2026-01-17T10:02:34.850+0000] {dagbag.py:588} INFO - Filling up the DagBag from /opt/airflow/dags/tg_store_users.py
[2026-01-17T10:02:35.571+0000] {processor.py:925} INFO - DAG(s) 'tg_store_users' retrieved from /opt/airflow/dags/tg_store_users.py
[2026-01-17T10:02:35.602+0000] {logging_mixin.py:190} INFO - [2026-01-17T10:02:35.601+0000] {dag.py:3239} INFO - Sync 1 DAGs
[2026-01-17T10:02:35.631+0000] {logging_mixin.py:190} INFO - [2026-01-17T10:02:35.631+0000] {dag.py:4180} INFO - Setting next_dagrun for tg_store_users to None, run_after=None
[2026-01-17T10:02:35.672+0000] {processor.py:208} INFO - Processing /opt/airflow/dags/tg_store_users.py took 0.848 seconds
[2026-01-17T10:03:05.935+0000] {processor.py:186} INFO - Started process (PID=20927) to work on /opt/airflow/dags/tg_store_users.py
[2026-01-17T10:03:05.937+0000] {processor.py:914} INFO - Processing file /opt/airflow/dags/tg_store_users.py for tasks to queue
[2026-01-17T10:03:05.939+0000] {logging_mixin.py:190} INFO - [2026-01-17T10:03:05.938+0000] {dagbag.py:588} INFO - Filling up the DagBag from /opt/airflow/dags/tg_store_users.py
[2026-01-17T10:03:06.739+0000] {processor.py:925} INFO - DAG(s) 'tg_store_users' retrieved from /opt/airflow/dags/tg_store_users.py
[2026-01-17T10:03:06.777+0000] {logging_mixin.py:190} INFO - [2026-01-17T10:03:06.776+0000] {dag.py:3239} INFO - Sync 1 DAGs
[2026-01-17T10:03:06.810+0000] {logging_mixin.py:190} INFO - [2026-01-17T10:03:06.810+0000] {dag.py:4180} INFO - Setting next_dagrun for tg_store_users to None, run_after=None
[2026-01-17T10:03:06.852+0000] {processor.py:208} INFO - Processing /opt/airflow/dags/tg_store_users.py took 0.932 seconds
[2026-01-17T10:03:37.011+0000] {processor.py:186} INFO - Started process (PID=20951) to work on /opt/airflow/dags/tg_store_users.py
[2026-01-17T10:03:37.012+0000] {processor.py:914} INFO - Processing file /opt/airflow/dags/tg_store_users.py for tasks to queue
[2026-01-17T10:03:37.015+0000] {logging_mixin.py:190} INFO - [2026-01-17T10:03:37.015+0000] {dagbag.py:588} INFO - Filling up the DagBag from /opt/airflow/dags/tg_store_users.py
[2026-01-17T10:03:37.746+0000] {processor.py:925} INFO - DAG(s) 'tg_store_users' retrieved from /opt/airflow/dags/tg_store_users.py
[2026-01-17T10:03:37.782+0000] {logging_mixin.py:190} INFO - [2026-01-17T10:03:37.781+0000] {dag.py:3239} INFO - Sync 1 DAGs
[2026-01-17T10:03:37.812+0000] {logging_mixin.py:190} INFO - [2026-01-17T10:03:37.812+0000] {dag.py:4180} INFO - Setting next_dagrun for tg_store_users to None, run_after=None
[2026-01-17T10:03:37.846+0000] {processor.py:208} INFO - Processing /opt/airflow/dags/tg_store_users.py took 0.849 seconds
[2026-01-17T10:04:08.397+0000] {processor.py:186} INFO - Started process (PID=20975) to work on /opt/airflow/dags/tg_store_users.py
[2026-01-17T10:04:08.400+0000] {processor.py:914} INFO - Processing file /opt/airflow/dags/tg_store_users.py for tasks to queue
[2026-01-17T10:04:08.404+0000] {logging_mixin.py:190} INFO - [2026-01-17T10:04:08.403+0000] {dagbag.py:588} INFO - Filling up the DagBag from /opt/airflow/dags/tg_store_users.py
[2026-01-17T10:04:09.168+0000] {processor.py:925} INFO - DAG(s) 'tg_store_users' retrieved from /opt/airflow/dags/tg_store_users.py
[2026-01-17T10:04:09.208+0000] {logging_mixin.py:190} INFO - [2026-01-17T10:04:09.207+0000] {dag.py:3239} INFO - Sync 1 DAGs
[2026-01-17T10:04:09.242+0000] {logging_mixin.py:190} INFO - [2026-01-17T10:04:09.242+0000] {dag.py:4180} INFO - Setting next_dagrun for tg_store_users to None, run_after=None
[2026-01-17T10:04:09.281+0000] {processor.py:208} INFO - Processing /opt/airflow/dags/tg_store_users.py took 0.915 seconds
[2026-01-17T10:04:39.391+0000] {processor.py:186} INFO - Started process (PID=20999) to work on /opt/airflow/dags/tg_store_users.py
[2026-01-17T10:04:39.393+0000] {processor.py:914} INFO - Processing file /opt/airflow/dags/tg_store_users.py for tasks to queue
[2026-01-17T10:04:39.395+0000] {logging_mixin.py:190} INFO - [2026-01-17T10:04:39.394+0000] {dagbag.py:588} INFO - Filling up the DagBag from /opt/airflow/dags/tg_store_users.py
[2026-01-17T10:04:40.133+0000] {processor.py:925} INFO - DAG(s) 'tg_store_users' retrieved from /opt/airflow/dags/tg_store_users.py
[2026-01-17T10:04:40.164+0000] {logging_mixin.py:190} INFO - [2026-01-17T10:04:40.163+0000] {dag.py:3239} INFO - Sync 1 DAGs
[2026-01-17T10:04:40.194+0000] {logging_mixin.py:190} INFO - [2026-01-17T10:04:40.193+0000] {dag.py:4180} INFO - Setting next_dagrun for tg_store_users to None, run_after=None
[2026-01-17T10:04:40.233+0000] {processor.py:208} INFO - Processing /opt/airflow/dags/tg_store_users.py took 0.854 seconds
[2026-01-17T10:05:10.415+0000] {processor.py:186} INFO - Started process (PID=21024) to work on /opt/airflow/dags/tg_store_users.py
[2026-01-17T10:05:10.418+0000] {processor.py:914} INFO - Processing file /opt/airflow/dags/tg_store_users.py for tasks to queue
[2026-01-17T10:05:10.422+0000] {logging_mixin.py:190} INFO - [2026-01-17T10:05:10.421+0000] {dagbag.py:588} INFO - Filling up the DagBag from /opt/airflow/dags/tg_store_users.py
[2026-01-17T10:05:11.156+0000] {processor.py:925} INFO - DAG(s) 'tg_store_users' retrieved from /opt/airflow/dags/tg_store_users.py
[2026-01-17T10:05:11.202+0000] {logging_mixin.py:190} INFO - [2026-01-17T10:05:11.199+0000] {dag.py:3239} INFO - Sync 1 DAGs
[2026-01-17T10:05:11.235+0000] {logging_mixin.py:190} INFO - [2026-01-17T10:05:11.234+0000] {dag.py:4180} INFO - Setting next_dagrun for tg_store_users to None, run_after=None
[2026-01-17T10:05:11.270+0000] {processor.py:208} INFO - Processing /opt/airflow/dags/tg_store_users.py took 0.885 seconds
[2026-01-17T10:05:41.430+0000] {processor.py:186} INFO - Started process (PID=21048) to work on /opt/airflow/dags/tg_store_users.py
[2026-01-17T10:05:41.433+0000] {processor.py:914} INFO - Processing file /opt/airflow/dags/tg_store_users.py for tasks to queue
[2026-01-17T10:05:41.440+0000] {logging_mixin.py:190} INFO - [2026-01-17T10:05:41.439+0000] {dagbag.py:588} INFO - Filling up the DagBag from /opt/airflow/dags/tg_store_users.py
[2026-01-17T10:05:42.156+0000] {processor.py:925} INFO - DAG(s) 'tg_store_users' retrieved from /opt/airflow/dags/tg_store_users.py
[2026-01-17T10:05:42.187+0000] {logging_mixin.py:190} INFO - [2026-01-17T10:05:42.187+0000] {dag.py:3239} INFO - Sync 1 DAGs
[2026-01-17T10:05:42.217+0000] {logging_mixin.py:190} INFO - [2026-01-17T10:05:42.216+0000] {dag.py:4180} INFO - Setting next_dagrun for tg_store_users to None, run_after=None
[2026-01-17T10:05:42.257+0000] {processor.py:208} INFO - Processing /opt/airflow/dags/tg_store_users.py took 0.852 seconds
[2026-01-17T10:06:12.565+0000] {processor.py:186} INFO - Started process (PID=21072) to work on /opt/airflow/dags/tg_store_users.py
[2026-01-17T10:06:12.567+0000] {processor.py:914} INFO - Processing file /opt/airflow/dags/tg_store_users.py for tasks to queue
[2026-01-17T10:06:12.570+0000] {logging_mixin.py:190} INFO - [2026-01-17T10:06:12.569+0000] {dagbag.py:588} INFO - Filling up the DagBag from /opt/airflow/dags/tg_store_users.py
[2026-01-17T10:06:13.381+0000] {processor.py:925} INFO - DAG(s) 'tg_store_users' retrieved from /opt/airflow/dags/tg_store_users.py
[2026-01-17T10:06:13.418+0000] {logging_mixin.py:190} INFO - [2026-01-17T10:06:13.417+0000] {dag.py:3239} INFO - Sync 1 DAGs
[2026-01-17T10:06:13.446+0000] {logging_mixin.py:190} INFO - [2026-01-17T10:06:13.446+0000] {dag.py:4180} INFO - Setting next_dagrun for tg_store_users to None, run_after=None
[2026-01-17T10:06:13.491+0000] {processor.py:208} INFO - Processing /opt/airflow/dags/tg_store_users.py took 0.938 seconds
[2026-01-17T10:06:43.608+0000] {processor.py:186} INFO - Started process (PID=21096) to work on /opt/airflow/dags/tg_store_users.py
[2026-01-17T10:06:43.611+0000] {processor.py:914} INFO - Processing file /opt/airflow/dags/tg_store_users.py for tasks to queue
[2026-01-17T10:06:43.619+0000] {logging_mixin.py:190} INFO - [2026-01-17T10:06:43.617+0000] {dagbag.py:588} INFO - Filling up the DagBag from /opt/airflow/dags/tg_store_users.py
[2026-01-17T10:06:44.381+0000] {processor.py:925} INFO - DAG(s) 'tg_store_users' retrieved from /opt/airflow/dags/tg_store_users.py
[2026-01-17T10:06:44.412+0000] {logging_mixin.py:190} INFO - [2026-01-17T10:06:44.411+0000] {dag.py:3239} INFO - Sync 1 DAGs
[2026-01-17T10:06:44.439+0000] {logging_mixin.py:190} INFO - [2026-01-17T10:06:44.439+0000] {dag.py:4180} INFO - Setting next_dagrun for tg_store_users to None, run_after=None
[2026-01-17T10:06:44.469+0000] {processor.py:208} INFO - Processing /opt/airflow/dags/tg_store_users.py took 0.890 seconds
[2026-01-17T10:07:14.597+0000] {processor.py:186} INFO - Started process (PID=21120) to work on /opt/airflow/dags/tg_store_users.py
[2026-01-17T10:07:14.599+0000] {processor.py:914} INFO - Processing file /opt/airflow/dags/tg_store_users.py for tasks to queue
[2026-01-17T10:07:14.603+0000] {logging_mixin.py:190} INFO - [2026-01-17T10:07:14.602+0000] {dagbag.py:588} INFO - Filling up the DagBag from /opt/airflow/dags/tg_store_users.py
[2026-01-17T10:07:15.308+0000] {processor.py:925} INFO - DAG(s) 'tg_store_users' retrieved from /opt/airflow/dags/tg_store_users.py
[2026-01-17T10:07:15.341+0000] {logging_mixin.py:190} INFO - [2026-01-17T10:07:15.340+0000] {dag.py:3239} INFO - Sync 1 DAGs
[2026-01-17T10:07:15.369+0000] {logging_mixin.py:190} INFO - [2026-01-17T10:07:15.369+0000] {dag.py:4180} INFO - Setting next_dagrun for tg_store_users to None, run_after=None
[2026-01-17T10:07:15.400+0000] {processor.py:208} INFO - Processing /opt/airflow/dags/tg_store_users.py took 0.816 seconds
[2026-01-17T10:07:45.793+0000] {processor.py:186} INFO - Started process (PID=21144) to work on /opt/airflow/dags/tg_store_users.py
[2026-01-17T10:07:45.794+0000] {processor.py:914} INFO - Processing file /opt/airflow/dags/tg_store_users.py for tasks to queue
[2026-01-17T10:07:45.797+0000] {logging_mixin.py:190} INFO - [2026-01-17T10:07:45.796+0000] {dagbag.py:588} INFO - Filling up the DagBag from /opt/airflow/dags/tg_store_users.py
[2026-01-17T10:07:46.538+0000] {processor.py:925} INFO - DAG(s) 'tg_store_users' retrieved from /opt/airflow/dags/tg_store_users.py
[2026-01-17T10:07:46.577+0000] {logging_mixin.py:190} INFO - [2026-01-17T10:07:46.576+0000] {dag.py:3239} INFO - Sync 1 DAGs
[2026-01-17T10:07:46.612+0000] {logging_mixin.py:190} INFO - [2026-01-17T10:07:46.611+0000] {dag.py:4180} INFO - Setting next_dagrun for tg_store_users to None, run_after=None
[2026-01-17T10:07:46.668+0000] {processor.py:208} INFO - Processing /opt/airflow/dags/tg_store_users.py took 0.886 seconds
[2026-01-17T10:08:17.089+0000] {processor.py:186} INFO - Started process (PID=21169) to work on /opt/airflow/dags/tg_store_users.py
[2026-01-17T10:08:17.092+0000] {processor.py:914} INFO - Processing file /opt/airflow/dags/tg_store_users.py for tasks to queue
[2026-01-17T10:08:17.096+0000] {logging_mixin.py:190} INFO - [2026-01-17T10:08:17.095+0000] {dagbag.py:588} INFO - Filling up the DagBag from /opt/airflow/dags/tg_store_users.py
[2026-01-17T10:08:17.850+0000] {processor.py:925} INFO - DAG(s) 'tg_store_users' retrieved from /opt/airflow/dags/tg_store_users.py
[2026-01-17T10:08:17.890+0000] {logging_mixin.py:190} INFO - [2026-01-17T10:08:17.889+0000] {dag.py:3239} INFO - Sync 1 DAGs
[2026-01-17T10:08:17.925+0000] {logging_mixin.py:190} INFO - [2026-01-17T10:08:17.925+0000] {dag.py:4180} INFO - Setting next_dagrun for tg_store_users to None, run_after=None
[2026-01-17T10:08:17.964+0000] {processor.py:208} INFO - Processing /opt/airflow/dags/tg_store_users.py took 0.891 seconds
[2026-01-17T10:08:48.362+0000] {processor.py:186} INFO - Started process (PID=21194) to work on /opt/airflow/dags/tg_store_users.py
[2026-01-17T10:08:48.367+0000] {processor.py:914} INFO - Processing file /opt/airflow/dags/tg_store_users.py for tasks to queue
[2026-01-17T10:08:48.370+0000] {logging_mixin.py:190} INFO - [2026-01-17T10:08:48.369+0000] {dagbag.py:588} INFO - Filling up the DagBag from /opt/airflow/dags/tg_store_users.py
[2026-01-17T10:08:49.144+0000] {processor.py:925} INFO - DAG(s) 'tg_store_users' retrieved from /opt/airflow/dags/tg_store_users.py
[2026-01-17T10:08:49.176+0000] {logging_mixin.py:190} INFO - [2026-01-17T10:08:49.175+0000] {dag.py:3239} INFO - Sync 1 DAGs
[2026-01-17T10:08:49.204+0000] {logging_mixin.py:190} INFO - [2026-01-17T10:08:49.203+0000] {dag.py:4180} INFO - Setting next_dagrun for tg_store_users to None, run_after=None
[2026-01-17T10:08:49.243+0000] {processor.py:208} INFO - Processing /opt/airflow/dags/tg_store_users.py took 0.902 seconds
[2026-01-17T10:09:19.888+0000] {processor.py:186} INFO - Started process (PID=21218) to work on /opt/airflow/dags/tg_store_users.py
[2026-01-17T10:09:19.891+0000] {processor.py:914} INFO - Processing file /opt/airflow/dags/tg_store_users.py for tasks to queue
[2026-01-17T10:09:19.894+0000] {logging_mixin.py:190} INFO - [2026-01-17T10:09:19.894+0000] {dagbag.py:588} INFO - Filling up the DagBag from /opt/airflow/dags/tg_store_users.py
[2026-01-17T10:09:20.601+0000] {processor.py:925} INFO - DAG(s) 'tg_store_users' retrieved from /opt/airflow/dags/tg_store_users.py
[2026-01-17T10:09:20.640+0000] {logging_mixin.py:190} INFO - [2026-01-17T10:09:20.639+0000] {dag.py:3239} INFO - Sync 1 DAGs
[2026-01-17T10:09:20.674+0000] {logging_mixin.py:190} INFO - [2026-01-17T10:09:20.674+0000] {dag.py:4180} INFO - Setting next_dagrun for tg_store_users to None, run_after=None
[2026-01-17T10:09:20.708+0000] {processor.py:208} INFO - Processing /opt/airflow/dags/tg_store_users.py took 0.833 seconds
[2026-01-17T10:09:51.265+0000] {processor.py:186} INFO - Started process (PID=21242) to work on /opt/airflow/dags/tg_store_users.py
[2026-01-17T10:09:51.267+0000] {processor.py:914} INFO - Processing file /opt/airflow/dags/tg_store_users.py for tasks to queue
[2026-01-17T10:09:51.272+0000] {logging_mixin.py:190} INFO - [2026-01-17T10:09:51.271+0000] {dagbag.py:588} INFO - Filling up the DagBag from /opt/airflow/dags/tg_store_users.py
[2026-01-17T10:09:51.972+0000] {processor.py:925} INFO - DAG(s) 'tg_store_users' retrieved from /opt/airflow/dags/tg_store_users.py
[2026-01-17T10:09:52.006+0000] {logging_mixin.py:190} INFO - [2026-01-17T10:09:52.005+0000] {dag.py:3239} INFO - Sync 1 DAGs
[2026-01-17T10:09:52.036+0000] {logging_mixin.py:190} INFO - [2026-01-17T10:09:52.035+0000] {dag.py:4180} INFO - Setting next_dagrun for tg_store_users to None, run_after=None
[2026-01-17T10:09:52.078+0000] {processor.py:208} INFO - Processing /opt/airflow/dags/tg_store_users.py took 0.834 seconds
[2026-01-17T10:10:22.391+0000] {processor.py:186} INFO - Started process (PID=21266) to work on /opt/airflow/dags/tg_store_users.py
[2026-01-17T10:10:22.394+0000] {processor.py:914} INFO - Processing file /opt/airflow/dags/tg_store_users.py for tasks to queue
[2026-01-17T10:10:22.400+0000] {logging_mixin.py:190} INFO - [2026-01-17T10:10:22.399+0000] {dagbag.py:588} INFO - Filling up the DagBag from /opt/airflow/dags/tg_store_users.py
[2026-01-17T10:10:23.189+0000] {processor.py:925} INFO - DAG(s) 'tg_store_users' retrieved from /opt/airflow/dags/tg_store_users.py
[2026-01-17T10:10:23.236+0000] {logging_mixin.py:190} INFO - [2026-01-17T10:10:23.235+0000] {dag.py:3239} INFO - Sync 1 DAGs
[2026-01-17T10:10:23.267+0000] {logging_mixin.py:190} INFO - [2026-01-17T10:10:23.266+0000] {dag.py:4180} INFO - Setting next_dagrun for tg_store_users to None, run_after=None
[2026-01-17T10:10:23.307+0000] {processor.py:208} INFO - Processing /opt/airflow/dags/tg_store_users.py took 0.944 seconds
[2026-01-17T10:10:53.405+0000] {processor.py:186} INFO - Started process (PID=21296) to work on /opt/airflow/dags/tg_store_users.py
[2026-01-17T10:10:53.406+0000] {processor.py:914} INFO - Processing file /opt/airflow/dags/tg_store_users.py for tasks to queue
[2026-01-17T10:10:53.408+0000] {logging_mixin.py:190} INFO - [2026-01-17T10:10:53.408+0000] {dagbag.py:588} INFO - Filling up the DagBag from /opt/airflow/dags/tg_store_users.py
[2026-01-17T10:10:54.121+0000] {processor.py:925} INFO - DAG(s) 'tg_store_users' retrieved from /opt/airflow/dags/tg_store_users.py
[2026-01-17T10:10:54.157+0000] {logging_mixin.py:190} INFO - [2026-01-17T10:10:54.156+0000] {dag.py:3239} INFO - Sync 1 DAGs
[2026-01-17T10:10:54.211+0000] {logging_mixin.py:190} INFO - [2026-01-17T10:10:54.210+0000] {dag.py:4180} INFO - Setting next_dagrun for tg_store_users to None, run_after=None
                                                                                                                           