[2026-01-17T04:45:14.150+0000] {processor.py:186} INFO - Started process (PID=8312) to work on /opt/airflow/dags/tg_user_processing.py
[2026-01-17T04:45:14.175+0000] {processor.py:914} INFO - Processing file /opt/airflow/dags/tg_user_processing.py for tasks to queue
[2026-01-17T04:45:14.235+0000] {logging_mixin.py:190} INFO - [2026-01-17T04:45:14.233+0000] {dagbag.py:588} INFO - Filling up the DagBag from /opt/airflow/dags/tg_user_processing.py
[2026-01-17T05:33:08.958+0000] {logging_mixin.py:190} INFO - [2026-01-17T05:33:08.957+0000] {timeout.py:68} ERROR - Process timed out, PID: 8312
[2026-01-17T05:33:08.982+0000] {logging_mixin.py:190} WARNING - Exception ignored in: <module 'collections.abc' from '/usr/local/lib/python3.11/collections/abc.py'>
[2026-01-17T05:33:08.983+0000] {logging_mixin.py:190} WARNING - Traceback (most recent call last):
[2026-01-17T05:33:08.983+0000] {logging_mixin.py:190} WARNING -   File "<string>", line 0, in <module>
[2026-01-17T05:33:08.983+0000] {logging_mixin.py:190} WARNING -   File "/home/airflow/.local/lib/python3.11/site-packages/airflow/utils/timeout.py", line 69, in handle_timeout
[2026-01-17T05:33:08.984+0000] {logging_mixin.py:190} WARNING -     raise AirflowTaskTimeout(self.error_message)
[2026-01-17T05:33:08.984+0000] {logging_mixin.py:190} WARNING - airflow.exceptions.AirflowTaskTimeout: DagBag import timeout for /opt/airflow/dags/tg_user_processing.py after 30.0s.
Please take a look at these docs to improve your DAG import time:
* https://airflow.apache.org/docs/apache-airflow/2.10.4/best-practices.html#top-level-python-code
* https://airflow.apache.org/docs/apache-airflow/2.10.4/best-practices.html#reducing-dag-complexity, PID: 8312
[2026-01-17T05:33:40.096+0000] {processor.py:186} INFO - Started process (PID=8341) to work on /opt/airflow/dags/tg_user_processing.py
[2026-01-17T05:33:40.099+0000] {processor.py:914} INFO - Processing file /opt/airflow/dags/tg_user_processing.py for tasks to queue
[2026-01-17T05:33:40.106+0000] {logging_mixin.py:190} INFO - [2026-01-17T05:33:40.101+0000] {dagbag.py:588} INFO - Filling up the DagBag from /opt/airflow/dags/tg_user_processing.py
[2026-01-17T05:33:41.851+0000] {processor.py:925} INFO - DAG(s) 'tg_user_processing' retrieved from /opt/airflow/dags/tg_user_processing.py
[2026-01-17T05:33:42.849+0000] {logging_mixin.py:190} INFO - [2026-01-17T05:33:42.848+0000] {dag.py:3239} INFO - Sync 1 DAGs
[2026-01-17T05:33:43.072+0000] {logging_mixin.py:190} INFO - [2026-01-17T05:33:43.054+0000] {dag.py:4180} INFO - Setting next_dagrun for tg_user_processing to 2026-01-16 00:00:00+00:00, run_after=2026-01-17 00:00:00+00:00
[2026-01-17T05:33:43.235+0000] {processor.py:208} INFO - Processing /opt/airflow/dags/tg_user_processing.py took 3.187 seconds
[2026-01-17T05:34:14.123+0000] {processor.py:186} INFO - Started process (PID=8377) to work on /opt/airflow/dags/tg_user_processing.py
[2026-01-17T05:34:14.135+0000] {processor.py:914} INFO - Processing file /opt/airflow/dags/tg_user_processing.py for tasks to queue
[2026-01-17T05:34:14.137+0000] {logging_mixin.py:190} INFO - [2026-01-17T05:34:14.136+0000] {dagbag.py:588} INFO - Filling up the DagBag from /opt/airflow/dags/tg_user_processing.py
[2026-01-17T05:34:14.797+0000] {processor.py:925} INFO - DAG(s) 'tg_user_processing' retrieved from /opt/airflow/dags/tg_user_processing.py
[2026-01-17T05:34:14.855+0000] {logging_mixin.py:190} INFO - [2026-01-17T05:34:14.854+0000] {dag.py:3239} INFO - Sync 1 DAGs
[2026-01-17T05:34:14.904+0000] {logging_mixin.py:190} INFO - [2026-01-17T05:34:14.904+0000] {dag.py:4180} INFO - Setting next_dagrun for tg_user_processing to 2026-01-16 00:00:00+00:00, run_after=2026-01-17 00:00:00+00:00
[2026-01-17T05:34:14.971+0000] {processor.py:208} INFO - Processing /opt/airflow/dags/tg_user_processing.py took 0.865 seconds
[2026-01-17T05:34:45.635+0000] {processor.py:186} INFO - Started process (PID=8406) to work on /opt/airflow/dags/tg_user_processing.py
[2026-01-17T05:34:45.636+0000] {processor.py:914} INFO - Processing file /opt/airflow/dags/tg_user_processing.py for tasks to queue
[2026-01-17T05:34:45.639+0000] {logging_mixin.py:190} INFO - [2026-01-17T05:34:45.638+0000] {dagbag.py:588} INFO - Filling up the DagBag from /opt/airflow/dags/tg_user_processing.py
[2026-01-17T05:34:46.130+0000] {processor.py:925} INFO - DAG(s) 'tg_user_processing' retrieved from /opt/airflow/dags/tg_user_processing.py
[2026-01-17T05:34:46.170+0000] {logging_mixin.py:190} INFO - [2026-01-17T05:34:46.169+0000] {dag.py:3239} INFO - Sync 1 DAGs
[2026-01-17T05:34:46.202+0000] {logging_mixin.py:190} INFO - [2026-01-17T05:34:46.202+0000] {dag.py:4180} INFO - Setting next_dagrun for tg_user_processing to 2026-01-16 00:00:00+00:00, run_after=2026-01-17 00:00:00+00:00
[2026-01-17T05:34:46.237+0000] {processor.py:208} INFO - Processing /opt/airflow/dags/tg_user_processing.py took 0.616 seconds
[2026-01-17T05:35:16.654+0000] {processor.py:186} INFO - Started process (PID=8430) to work on /opt/airflow/dags/tg_user_processing.py
[2026-01-17T05:35:16.666+0000] {processor.py:914} INFO - Processing file /opt/airflow/dags/tg_user_processing.py for tasks to queue
[2026-01-17T05:35:16.668+0000] {logging_mixin.py:190} INFO - [2026-01-17T05:35:16.667+0000] {dagbag.py:588} INFO - Filling up the DagBag from /opt/airflow/dags/tg_user_processing.py
[2026-01-17T05:35:17.166+0000] {processor.py:925} INFO - DAG(s) 'tg_user_processing' retrieved from /opt/airflow/dags/tg_user_processing.py
[2026-01-17T05:35:17.220+0000] {logging_mixin.py:190} INFO - [2026-01-17T05:35:17.220+0000] {dag.py:3239} INFO - Sync 1 DAGs
[2026-01-17T05:35:17.268+0000] {logging_mixin.py:190} INFO - [2026-01-17T05:35:17.267+0000] {dag.py:4180} INFO - Setting next_dagrun for tg_user_processing to 2026-01-16 00:00:00+00:00, run_after=2026-01-17 00:00:00+00:00
[2026-01-17T05:35:17.312+0000] {processor.py:208} INFO - Processing /opt/airflow/dags/tg_user_processing.py took 0.671 seconds
[2026-01-17T05:35:47.468+0000] {processor.py:186} INFO - Started process (PID=8454) to work on /opt/airflow/dags/tg_user_processing.py
[2026-01-17T05:35:47.470+0000] {processor.py:914} INFO - Processing file /opt/airflow/dags/tg_user_processing.py for tasks to queue
[2026-01-17T05:35:47.471+0000] {logging_mixin.py:190} INFO - [2026-01-17T05:35:47.471+0000] {dagbag.py:588} INFO - Filling up the DagBag from /opt/airflow/dags/tg_user_processing.py
[2026-01-17T05:35:47.925+0000] {processor.py:925} INFO - DAG(s) 'tg_user_processing' retrieved from /opt/airflow/dags/tg_user_processing.py
[2026-01-17T05:35:47.958+0000] {logging_mixin.py:190} INFO - [2026-01-17T05:35:47.957+0000] {dag.py:3239} INFO - Sync 1 DAGs
[2026-01-17T05:35:47.994+0000] {logging_mixin.py:190} INFO - [2026-01-17T05:35:47.993+0000] {dag.py:4180} INFO - Setting next_dagrun for tg_user_processing to 2026-01-16 00:00:00+00:00, run_after=2026-01-17 00:00:00+00:00
[2026-01-17T05:35:48.037+0000] {processor.py:208} INFO - Processing /opt/airflow/dags/tg_user_processing.py took 0.578 seconds
[2026-01-17T05:36:18.166+0000] {processor.py:186} INFO - Started process (PID=8478) to work on /opt/airflow/dags/tg_user_processing.py
[2026-01-17T05:36:18.167+0000] {processor.py:914} INFO - Processing file /opt/airflow/dags/tg_user_processing.py for tasks to queue
[2026-01-17T05:36:18.170+0000] {logging_mixin.py:190} INFO - [2026-01-17T05:36:18.169+0000] {dagbag.py:588} INFO - Filling up the DagBag from /opt/airflow/dags/tg_user_processing.py
[2026-01-17T05:36:18.757+0000] {processor.py:925} INFO - DAG(s) 'tg_user_processing' retrieved from /opt/airflow/dags/tg_user_processing.py
[2026-01-17T05:36:18.807+0000] {logging_mixin.py:190} INFO - [2026-01-17T05:36:18.806+0000] {dag.py:3239} INFO - Sync 1 DAGs
[2026-01-17T05:36:18.857+0000] {logging_mixin.py:190} INFO - [2026-01-17T05:36:18.856+0000] {dag.py:4180} INFO - Setting next_dagrun for tg_user_processing to 2026-01-16 00:00:00+00:00, run_after=2026-01-17 00:00:00+00:00
[2026-01-17T05:36:18.901+0000] {processor.py:208} INFO - Processing /opt/airflow/dags/tg_user_processing.py took 0.751 seconds
[2026-01-17T05:36:49.146+0000] {processor.py:186} INFO - Started process (PID=8501) to work on /opt/airflow/dags/tg_user_processing.py
[2026-01-17T05:36:49.147+0000] {processor.py:914} INFO - Processing file /opt/airflow/dags/tg_user_processing.py for tasks to queue
[2026-01-17T05:36:49.149+0000] {logging_mixin.py:190} INFO - [2026-01-17T05:36:49.149+0000] {dagbag.py:588} INFO - Filling up the DagBag from /opt/airflow/dags/tg_user_processing.py
[2026-01-17T05:36:49.732+0000] {processor.py:925} INFO - DAG(s) 'tg_user_processing' retrieved from /opt/airflow/dags/tg_user_processing.py
[2026-01-17T05:36:49.796+0000] {logging_mixin.py:190} INFO - [2026-01-17T05:36:49.795+0000] {dag.py:3239} INFO - Sync 1 DAGs
[2026-01-17T05:36:49.854+0000] {logging_mixin.py:190} INFO - [2026-01-17T05:36:49.854+0000] {dag.py:4180} INFO - Setting next_dagrun for tg_user_processing to 2026-01-16 00:00:00+00:00, run_after=2026-01-17 00:00:00+00:00
[2026-01-17T05:36:49.913+0000] {processor.py:208} INFO - Processing /opt/airflow/dags/tg_user_processing.py took 0.779 seconds
[2026-01-17T05:37:20.803+0000] {processor.py:186} INFO - Started process (PID=8527) to work on /opt/airflow/dags/tg_user_processing.py
[2026-01-17T05:37:20.805+0000] {processor.py:914} INFO - Processing file /opt/airflow/dags/tg_user_processing.py for tasks to queue
[2026-01-17T05:37:20.807+0000] {logging_mixin.py:190} INFO - [2026-01-17T05:37:20.807+0000] {dagbag.py:588} INFO - Filling up the DagBag from /opt/airflow/dags/tg_user_processing.py
[2026-01-17T05:37:21.317+0000] {processor.py:925} INFO - DAG(s) 'tg_user_processing' retrieved from /opt/airflow/dags/tg_user_processing.py
[2026-01-17T05:37:21.358+0000] {logging_mixin.py:190} INFO - [2026-01-17T05:37:21.358+0000] {dag.py:3239} INFO - Sync 1 DAGs
[2026-01-17T05:37:21.400+0000] {logging_mixin.py:190} INFO - [2026-01-17T05:37:21.400+0000] {dag.py:4180} INFO - Setting next_dagrun for tg_user_processing to 2026-01-16 00:00:00+00:00, run_after=2026-01-17 00:00:00+00:00
[2026-01-17T05:37:21.457+0000] {processor.py:208} INFO - Processing /opt/airflow/dags/tg_user_processing.py took 0.669 seconds
[2026-01-17T05:37:51.624+0000] {processor.py:186} INFO - Started process (PID=8551) to work on /opt/airflow/dags/tg_user_processing.py
[2026-01-17T05:37:51.626+0000] {processor.py:914} INFO - Processing file /opt/airflow/dags/tg_user_processing.py for tasks to queue
[2026-01-17T05:37:51.628+0000] {logging_mixin.py:190} INFO - [2026-01-17T05:37:51.628+0000] {dagbag.py:588} INFO - Filling up the DagBag from /opt/airflow/dags/tg_user_processing.py
[2026-01-17T05:37:52.133+0000] {processor.py:925} INFO - DAG(s) 'tg_user_processing' retrieved from /opt/airflow/dags/tg_user_processing.py
[2026-01-17T05:37:52.184+0000] {logging_mixin.py:190} INFO - [2026-01-17T05:37:52.184+0000] {dag.py:3239} INFO - Sync 1 DAGs
[2026-01-17T05:37:52.220+0000] {logging_mixin.py:190} INFO - [2026-01-17T05:37:52.220+0000] {dag.py:4180} INFO - Setting next_dagrun for tg_user_processing to 2026-01-16 00:00:00+00:00, run_after=2026-01-17 00:00:00+00:00
[2026-01-17T05:37:52.265+0000] {processor.py:208} INFO - Processing /opt/airflow/dags/tg_user_processing.py took 0.656 seconds
[2026-01-17T05:38:22.450+0000] {processor.py:186} INFO - Started process (PID=8575) to work on /opt/airflow/dags/tg_user_processing.py
[2026-01-17T05:38:22.452+0000] {processor.py:914} INFO - Processing file /opt/airflow/dags/tg_user_processing.py for tasks to queue
[2026-01-17T05:38:22.454+0000] {logging_mixin.py:190} INFO - [2026-01-17T05:38:22.453+0000] {dagbag.py:588} INFO - Filling up the DagBag from /opt/airflow/dags/tg_user_processing.py
[2026-01-17T05:38:23.043+0000] {processor.py:925} INFO - DAG(s) 'tg_user_processing' retrieved from /opt/airflow/dags/tg_user_processing.py
[2026-01-17T05:38:23.090+0000] {logging_mixin.py:190} INFO - [2026-01-17T05:38:23.089+0000] {dag.py:3239} INFO - Sync 1 DAGs
[2026-01-17T05:38:23.126+0000] {logging_mixin.py:190} INFO - [2026-01-17T05:38:23.126+0000] {dag.py:4180} INFO - Setting next_dagrun for tg_user_processing to 2026-01-16 00:00:00+00:00, run_after=2026-01-17 00:00:00+00:00
[2026-01-17T05:38:23.160+0000] {processor.py:208} INFO - Processing /opt/airflow/dags/tg_user_processing.py took 0.725 seconds
[2026-01-17T05:38:53.363+0000] {processor.py:186} INFO - Started process (PID=8600) to work on /opt/airflow/dags/tg_user_processing.py
[2026-01-17T05:38:53.375+0000] {processor.py:914} INFO - Processing file /opt/airflow/dags/tg_user_processing.py for tasks to queue
[2026-01-17T05:38:53.378+0000] {logging_mixin.py:190} INFO - [2026-01-17T05:38:53.377+0000] {dagbag.py:588} INFO - Filling up the DagBag from /opt/airflow/dags/tg_user_processing.py
[2026-01-17T05:38:53.966+0000] {processor.py:925} INFO - DAG(s) 'tg_user_processing' retrieved from /opt/airflow/dags/tg_user_processing.py
[2026-01-17T05:38:54.038+0000] {logging_mixin.py:190} INFO - [2026-01-17T05:38:54.037+0000] {dag.py:3239} INFO - Sync 1 DAGs
[2026-01-17T05:38:54.093+0000] {logging_mixin.py:190} INFO - [2026-01-17T05:38:54.092+0000] {dag.py:4180} INFO - Setting next_dagrun for tg_user_processing to 2026-01-16 00:00:00+00:00, run_after=2026-01-17 00:00:00+00:00
[2026-01-17T05:38:54.137+0000] {processor.py:208} INFO - Processing /opt/airflow/dags/tg_user_processing.py took 0.788 seconds
[2026-01-17T05:39:24.672+0000] {processor.py:186} INFO - Started process (PID=8624) to work on /opt/airflow/dags/tg_user_processing.py
[2026-01-17T05:39:24.675+0000] {processor.py:914} INFO - Processing file /opt/airflow/dags/tg_user_processing.py for tasks to queue
[2026-01-17T05:39:24.678+0000] {logging_mixin.py:190} INFO - [2026-01-17T05:39:24.677+0000] {dagbag.py:588} INFO - Filling up the DagBag from /opt/airflow/dags/tg_user_processing.py
[2026-01-17T05:39:25.238+0000] {processor.py:925} INFO - DAG(s) 'tg_user_processing' retrieved from /opt/airflow/dags/tg_user_processing.py
[2026-01-17T05:39:25.281+0000] {logging_mixin.py:190} INFO - [2026-01-17T05:39:25.281+0000] {dag.py:3239} INFO - Sync 1 DAGs
[2026-01-17T05:39:25.319+0000] {logging_mixin.py:190} INFO - [2026-01-17T05:39:25.318+0000] {dag.py:4180} INFO - Setting next_dagrun for tg_user_processing to 2026-01-16 00:00:00+00:00, run_after=2026-01-17 00:00:00+00:00
[2026-01-17T05:39:25.360+0000] {processor.py:208} INFO - Processing /opt/airflow/dags/tg_user_processing.py took 0.704 seconds
[2026-01-17T05:39:55.627+0000] {processor.py:186} INFO - Started process (PID=8648) to work on /opt/airflow/dags/tg_user_processing.py
[2026-01-17T05:39:55.629+0000] {processor.py:914} INFO - Processing file /opt/airflow/dags/tg_user_processing.py for tasks to queue
[2026-01-17T05:39:55.632+0000] {logging_mixin.py:190} INFO - [2026-01-17T05:39:55.631+0000] {dagbag.py:588} INFO - Filling up the DagBag from /opt/airflow/dags/tg_user_processing.py
[2026-01-17T05:39:56.188+0000] {processor.py:925} INFO - DAG(s) 'tg_user_processing' retrieved from /opt/airflow/dags/tg_user_processing.py
[2026-01-17T05:39:56.232+0000] {logging_mixin.py:190} INFO - [2026-01-17T05:39:56.231+0000] {dag.py:3239} INFO - Sync 1 DAGs
[2026-01-17T05:39:56.272+0000] {logging_mixin.py:190} INFO - [2026-01-17T05:39:56.272+0000] {dag.py:4180} INFO - Setting next_dagrun for tg_user_processing to 2026-01-16 00:00:00+00:00, run_after=2026-01-17 00:00:00+00:00
[2026-01-17T05:39:56.307+0000] {processor.py:208} INFO - Processing /opt/airflow/dags/tg_user_processing.py took 0.692 seconds
[2026-01-17T05:40:26.708+0000] {processor.py:186} INFO - Started process (PID=8673) to work on /opt/airflow/dags/tg_user_processing.py
[2026-01-17T05:40:26.709+0000] {processor.py:914} INFO - Processing file /opt/airflow/dags/tg_user_processing.py for tasks to queue
[2026-01-17T05:40:26.712+0000] {logging_mixin.py:190} INFO - [2026-01-17T05:40:26.712+0000] {dagbag.py:588} INFO - Filling up the DagBag from /opt/airflow/dags/tg_user_processing.py
[2026-01-17T05:40:27.293+0000] {processor.py:925} INFO - DAG(s) 'tg_user_processing' retrieved from /opt/airflow/dags/tg_user_processing.py
[2026-01-17T05:40:27.345+0000] {logging_mixin.py:190} INFO - [2026-01-17T05:40:27.344+0000] {dag.py:3239} INFO - Sync 1 DAGs
[2026-01-17T05:40:27.382+0000] {logging_mixin.py:190} INFO - [2026-01-17T05:40:27.381+0000] {dag.py:4180} INFO - Setting next_dagrun for tg_user_processing to 2026-01-16 00:00:00+00:00, run_after=2026-01-17 00:00:00+00:00
[2026-01-17T05:40:27.435+0000] {processor.py:208} INFO - Processing /opt/airflow/dags/tg_user_processing.py took 0.740 seconds
[2026-01-17T05:40:57.517+0000] {processor.py:186} INFO - Started process (PID=8697) to work on /opt/airflow/dags/tg_user_processing.py
[2026-01-17T05:40:57.518+0000] {processor.py:914} INFO - Processing file /opt/airflow/dags/tg_user_processing.py for tasks to queue
[2026-01-17T05:40:57.520+0000] {logging_mixin.py:190} INFO - [2026-01-17T05:40:57.519+0000] {dagbag.py:588} INFO - Filling up the DagBag from /opt/airflow/dags/tg_user_processing.py
[2026-01-17T05:40:57.958+0000] {processor.py:925} INFO - DAG(s) 'tg_user_processing' retrieved from /opt/airflow/dags/tg_user_processing.py
[2026-01-17T05:40:58.003+0000] {logging_mixin.py:190} INFO - [2026-01-17T05:40:58.002+0000] {dag.py:3239} INFO - Sync 1 DAGs
[2026-01-17T05:40:58.044+0000] {logging_mixin.py:190} INFO - [2026-01-17T05:40:58.043+0000] {dag.py:4180} INFO - Setting next_dagrun for tg_user_processing to 2026-01-16 00:00:00+00:00, run_after=2026-01-17 00:00:00+00:00
[2026-01-17T05:40:58.079+0000] {processor.py:208} INFO - Processing /opt/airflow/dags/tg_user_processing.py took 0.573 seconds
[2026-01-17T05:41:28.433+0000] {processor.py:186} INFO - Started process (PID=8722) to work on /opt/airflow/dags/tg_user_processing.py
[2026-01-17T05:41:28.435+0000] {processor.py:914} INFO - Processing file /opt/airflow/dags/tg_user_processing.py for tasks to queue
[2026-01-17T05:41:28.437+0000] {logging_mixin.py:190} INFO - [2026-01-17T05:41:28.436+0000] {dagbag.py:588} INFO - Filling up the DagBag from /opt/airflow/dags/tg_user_processing.py
[2026-01-17T05:41:29.500+0000] {processor.py:925} INFO - DAG(s) 'tg_user_processing' retrieved from /opt/airflow/dags/tg_user_processing.py
[2026-01-17T05:41:29.571+0000] {logging_mixin.py:190} INFO - [2026-01-17T05:41:29.571+0000] {dag.py:3239} INFO - Sync 1 DAGs
[2026-01-17T05:41:29.658+0000] {logging_mixin.py:190} INFO - [2026-01-17T05:41:29.655+0000] {dag.py:4180} INFO - Setting next_dagrun for tg_user_processing to 2026-01-16 00:00:00+00:00, run_after=2026-01-17 00:00:00+00:00
[2026-01-17T05:41:29.735+0000] {processor.py:208} INFO - Processing /opt/airflow/dags/tg_user_processing.py took 1.322 seconds
[2026-01-17T05:42:00.084+0000] {processor.py:186} INFO - Started process (PID=8746) to work on /opt/airflow/dags/tg_user_processing.py
[2026-01-17T05:42:00.086+0000] {processor.py:914} INFO - Processing file /opt/airflow/dags/tg_user_processing.py for tasks to queue
[2026-01-17T05:42:00.095+0000] {logging_mixin.py:190} INFO - [2026-01-17T05:42:00.094+0000] {dagbag.py:588} INFO - Filling up the DagBag from /opt/airflow/dags/tg_user_processing.py
[2026-01-17T05:42:00.840+0000] {processor.py:925} INFO - DAG(s) 'tg_user_processing' retrieved from /opt/airflow/dags/tg_user_processing.py
[2026-01-17T05:42:00.912+0000] {logging_mixin.py:190} INFO - [2026-01-17T05:42:00.911+0000] {dag.py:3239} INFO - Sync 1 DAGs
[2026-01-17T05:42:00.965+0000] {logging_mixin.py:190} INFO - [2026-01-17T05:42:00.965+0000] {dag.py:4180} INFO - Setting next_dagrun for tg_user_processing to 2026-01-16 00:00:00+00:00, run_after=2026-01-17 00:00:00+00:00
[2026-01-17T05:42:01.045+0000] {processor.py:208} INFO - Processing /opt/airflow/dags/tg_user_processing.py took 0.980 seconds
[2026-01-17T05:42:31.817+0000] {processor.py:186} INFO - Started process (PID=8769) to work on /opt/airflow/dags/tg_user_processing.py
[2026-01-17T05:42:31.821+0000] {processor.py:914} INFO - Processing file /opt/airflow/dags/tg_user_processing.py for tasks to queue
[2026-01-17T05:42:31.824+0000] {logging_mixin.py:190} INFO - [2026-01-17T05:42:31.823+0000] {dagbag.py:588} INFO - Filling up the DagBag from /opt/airflow/dags/tg_user_processing.py
[2026-01-17T05:42:32.358+0000] {processor.py:925} INFO - DAG(s) 'tg_user_processing' retrieved from /opt/airflow/dags/tg_user_processing.py
[2026-01-17T05:42:32.412+0000] {logging_mixin.py:190} INFO - [2026-01-17T05:42:32.411+0000] {dag.py:3239} INFO - Sync 1 DAGs
[2026-01-17T05:42:32.461+0000] {logging_mixin.py:190} INFO - [2026-01-17T05:42:32.461+0000] {dag.py:4180} INFO - Setting next_dagrun for tg_user_processing to 2026-01-16 00:00:00+00:00, run_after=2026-01-17 00:00:00+00:00
[2026-01-17T05:42:32.525+0000] {processor.py:208} INFO - Processing /opt/airflow/dags/tg_user_processing.py took 0.724 seconds
[2026-01-17T05:43:02.864+0000] {processor.py:186} INFO - Started process (PID=8792) to work on /opt/airflow/dags/tg_user_processing.py
[2026-01-17T05:43:02.865+0000] {processor.py:914} INFO - Processing file /opt/airflow/dags/tg_user_processing.py for tasks to queue
[2026-01-17T05:43:02.868+0000] {logging_mixin.py:190} INFO - [2026-01-17T05:43:02.867+0000] {dagbag.py:588} INFO - Filling up the DagBag from /opt/airflow/dags/tg_user_processing.py
[2026-01-17T05:43:03.433+0000] {processor.py:925} INFO - DAG(s) 'tg_user_processing' retrieved from /opt/airflow/dags/tg_user_processing.py
[2026-01-17T05:43:03.483+0000] {logging_mixin.py:190} INFO - [2026-01-17T05:43:03.482+0000] {dag.py:3239} INFO - Sync 1 DAGs
[2026-01-17T05:43:03.528+0000] {logging_mixin.py:190} INFO - [2026-01-17T05:43:03.528+0000] {dag.py:4180} INFO - Setting next_dagrun for tg_user_processing to 2026-01-16 00:00:00+00:00, run_after=2026-01-17 00:00:00+00:00
[2026-01-17T05:43:03.570+0000] {processor.py:208} INFO - Processing /opt/airflow/dags/tg_user_processing.py took 0.723 seconds
[2026-01-17T05:43:33.847+0000] {processor.py:186} INFO - Started process (PID=8816) to work on /opt/airflow/dags/tg_user_processing.py
[2026-01-17T05:43:33.849+0000] {processor.py:914} INFO - Processing file /opt/airflow/dags/tg_user_processing.py for tasks to queue
[2026-01-17T05:43:33.852+0000] {logging_mixin.py:190} INFO - [2026-01-17T05:43:33.851+0000] {dagbag.py:588} INFO - Filling up the DagBag from /opt/airflow/dags/tg_user_processing.py
[2026-01-17T05:43:34.394+0000] {processor.py:925} INFO - DAG(s) 'tg_user_processing' retrieved from /opt/airflow/dags/tg_user_processing.py
[2026-01-17T05:43:34.444+0000] {logging_mixin.py:190} INFO - [2026-01-17T05:43:34.444+0000] {dag.py:3239} INFO - Sync 1 DAGs
[2026-01-17T05:43:34.501+0000] {logging_mixin.py:190} INFO - [2026-01-17T05:43:34.500+0000] {dag.py:4180} INFO - Setting next_dagrun for tg_user_processing to 2026-01-16 00:00:00+00:00, run_after=2026-01-17 00:00:00+00:00
[2026-01-17T05:43:34.546+0000] {processor.py:208} INFO - Processing /opt/airflow/dags/tg_user_processing.py took 0.712 seconds
[2026-01-17T05:44:04.675+0000] {processor.py:186} INFO - Started process (PID=8840) to work on /opt/airflow/dags/tg_user_processing.py
[2026-01-17T05:44:04.676+0000] {processor.py:914} INFO - Processing file /opt/airflow/dags/tg_user_processing.py for tasks to queue
[2026-01-17T05:44:04.678+0000] {logging_mixin.py:190} INFO - [2026-01-17T05:44:04.677+0000] {dagbag.py:588} INFO - Filling up the DagBag from /opt/airflow/dags/tg_user_processing.py
[2026-01-17T05:44:05.491+0000] {processor.py:925} INFO - DAG(s) 'tg_user_processing' retrieved from /opt/airflow/dags/tg_user_processing.py
[2026-01-17T05:44:05.551+0000] {logging_mixin.py:190} INFO - [2026-01-17T05:44:05.546+0000] {dag.py:3239} INFO - Sync 1 DAGs
[2026-01-17T05:44:05.609+0000] {logging_mixin.py:190} INFO - [2026-01-17T05:44:05.608+0000] {dag.py:4180} INFO - Setting next_dagrun for tg_user_processing to 2026-01-16 00:00:00+00:00, run_after=2026-01-17 00:00:00+00:00
[2026-01-17T05:44:05.687+0000] {processor.py:208} INFO - Processing /opt/airflow/dags/tg_user_processing.py took 1.029 seconds
[2026-01-17T05:44:35.939+0000] {processor.py:186} INFO - Started process (PID=8864) to work on /opt/airflow/dags/tg_user_processing.py
[2026-01-17T05:44:35.940+0000] {processor.py:914} INFO - Processing file /opt/airflow/dags/tg_user_processing.py for tasks to queue
[2026-01-17T05:44:35.942+0000] {logging_mixin.py:190} INFO - [2026-01-17T05:44:35.941+0000] {dagbag.py:588} INFO - Filling up the DagBag from /opt/airflow/dags/tg_user_processing.py
[2026-01-17T05:44:36.458+0000] {processor.py:925} INFO - DAG(s) 'tg_user_processing' retrieved from /opt/airflow/dags/tg_user_processing.py
[2026-01-17T05:44:36.502+0000] {logging_mixin.py:190} INFO - [2026-01-17T05:44:36.501+0000] {dag.py:3239} INFO - Sync 1 DAGs
[2026-01-17T05:44:36.539+0000] {logging_mixin.py:190} INFO - [2026-01-17T05:44:36.538+0000] {dag.py:4180} INFO - Setting next_dagrun for tg_user_processing to 2026-01-16 00:00:00+00:00, run_after=2026-01-17 00:00:00+00:00
[2026-01-17T05:44:36.591+0000] {processor.py:208} INFO - Processing /opt/airflow/dags/tg_user_processing.py took 0.667 seconds
[2026-01-17T05:45:06.976+0000] {processor.py:186} INFO - Started process (PID=8887) to work on /opt/airflow/dags/tg_user_processing.py
[2026-01-17T05:45:06.979+0000] {processor.py:914} INFO - Processing file /opt/airflow/dags/tg_user_processing.py for tasks to queue
[2026-01-17T05:45:06.983+0000] {logging_mixin.py:190} INFO - [2026-01-17T05:45:06.982+0000] {dagbag.py:588} INFO - Filling up the DagBag from /opt/airflow/dags/tg_user_processing.py
[2026-01-17T05:45:07.586+0000] {processor.py:925} INFO - DAG(s) 'tg_user_processing' retrieved from /opt/airflow/dags/tg_user_processing.py
[2026-01-17T05:45:07.628+0000] {logging_mixin.py:190} INFO - [2026-01-17T05:45:07.627+0000] {dag.py:3239} INFO - Sync 1 DAGs
[2026-01-17T05:45:07.669+0000] {logging_mixin.py:190} INFO - [2026-01-17T05:45:07.668+0000] {dag.py:4180} INFO - Setting next_dagrun for tg_user_processing to 2026-01-16 00:00:00+00:00, run_after=2026-01-17 00:00:00+00:00
[2026-01-17T05:45:07.710+0000] {processor.py:208} INFO - Processing /opt/airflow/dags/tg_user_processing.py took 0.752 seconds
[2026-01-17T05:45:38.478+0000] {processor.py:186} INFO - Started process (PID=8911) to work on /opt/airflow/dags/tg_user_processing.py
[2026-01-17T05:45:38.479+0000] {processor.py:914} INFO - Processing file /opt/airflow/dags/tg_user_processing.py for tasks to queue
[2026-01-17T05:45:38.482+0000] {logging_mixin.py:190} INFO - [2026-01-17T05:45:38.481+0000] {dagbag.py:588} INFO - Filling up the DagBag from /opt/airflow/dags/tg_user_processing.py
[2026-01-17T05:45:39.094+0000] {processor.py:925} INFO - DAG(s) 'tg_user_processing' retrieved from /opt/airflow/dags/tg_user_processing.py
[2026-01-17T05:45:39.138+0000] {logging_mixin.py:190} INFO - [2026-01-17T05:45:39.138+0000] {dag.py:3239} INFO - Sync 1 DAGs
[2026-01-17T05:45:39.182+0000] {logging_mixin.py:190} INFO - [2026-01-17T05:45:39.181+0000] {dag.py:4180} INFO - Setting next_dagrun for tg_user_processing to 2026-01-16 00:00:00+00:00, run_after=2026-01-17 00:00:00+00:00
[2026-01-17T05:45:39.223+0000] {processor.py:208} INFO - Processing /opt/airflow/dags/tg_user_processing.py took 0.758 seconds
[2026-01-17T05:46:09.300+0000] {processor.py:186} INFO - Started process (PID=8935) to work on /opt/airflow/dags/tg_user_processing.py
[2026-01-17T05:46:09.301+0000] {processor.py:914} INFO - Processing file /opt/airflow/dags/tg_user_processing.py for tasks to queue
[2026-01-17T05:46:09.303+0000] {logging_mixin.py:190} INFO - [2026-01-17T05:46:09.302+0000] {dagbag.py:588} INFO - Filling up the DagBag from /opt/airflow/dags/tg_user_processing.py
[2026-01-17T05:46:09.845+0000] {processor.py:925} INFO - DAG(s) 'tg_user_processing' retrieved from /opt/airflow/dags/tg_user_processing.py
[2026-01-17T05:46:09.895+0000] {logging_mixin.py:190} INFO - [2026-01-17T05:46:09.893+0000] {dag.py:3239} INFO - Sync 1 DAGs
[2026-01-17T05:46:09.929+0000] {logging_mixin.py:190} INFO - [2026-01-17T05:46:09.929+0000] {dag.py:4180} INFO - Setting next_dagrun for tg_user_processing to 2026-01-16 00:00:00+00:00, run_after=2026-01-17 00:00:00+00:00
[2026-01-17T05:46:09.964+0000] {processor.py:208} INFO - Processing /opt/airflow/dags/tg_user_processing.py took 0.677 seconds
[2026-01-17T05:46:40.398+0000] {processor.py:186} INFO - Started process (PID=8959) to work on /opt/airflow/dags/tg_user_processing.py
[2026-01-17T05:46:40.400+0000] {processor.py:914} INFO - Processing file /opt/airflow/dags/tg_user_processing.py for tasks to queue
[2026-01-17T05:46:40.403+0000] {logging_mixin.py:190} INFO - [2026-01-17T05:46:40.402+0000] {dagbag.py:588} INFO - Filling up the DagBag from /opt/airflow/dags/tg_user_processing.py
[2026-01-17T05:46:40.966+0000] {processor.py:925} INFO - DAG(s) 'tg_user_processing' retrieved from /opt/airflow/dags/tg_user_processing.py
[2026-01-17T05:46:41.015+0000] {logging_mixin.py:190} INFO - [2026-01-17T05:46:41.014+0000] {dag.py:3239} INFO - Sync 1 DAGs
[2026-01-17T05:46:41.072+0000] {logging_mixin.py:190} INFO - [2026-01-17T05:46:41.072+0000] {dag.py:4180} INFO - Setting next_dagrun for tg_user_processing to 2026-01-16 00:00:00+00:00, run_after=2026-01-17 00:00:00+00:00
[2026-01-17T05:46:41.116+0000] {processor.py:208} INFO - Processing /opt/airflow/dags/tg_user_processing.py took 0.730 seconds
[2026-01-17T05:47:11.778+0000] {processor.py:186} INFO - Started process (PID=8984) to work on /opt/airflow/dags/tg_user_processing.py
[2026-01-17T05:47:11.780+0000] {processor.py:914} INFO - Processing file /opt/airflow/dags/tg_user_processing.py for tasks to queue
[2026-01-17T05:47:11.783+0000] {logging_mixin.py:190} INFO - [2026-01-17T05:47:11.782+0000] {dagbag.py:588} INFO - Filling up the DagBag from /opt/airflow/dags/tg_user_processing.py
[2026-01-17T05:47:12.366+0000] {processor.py:925} INFO - DAG(s) 'tg_user_processing' retrieved from /opt/airflow/dags/tg_user_processing.py
[2026-01-17T05:47:12.429+0000] {logging_mixin.py:190} INFO - [2026-01-17T05:47:12.429+0000] {dag.py:3239} INFO - Sync 1 DAGs
[2026-01-17T05:47:12.474+0000] {logging_mixin.py:190} INFO - [2026-01-17T05:47:12.474+0000] {dag.py:4180} INFO - Setting next_dagrun for tg_user_processing to 2026-01-16 00:00:00+00:00, run_after=2026-01-17 00:00:00+00:00
[2026-01-17T05:47:12.522+0000] {processor.py:208} INFO - Processing /opt/airflow/dags/tg_user_processing.py took 0.760 seconds
[2026-01-17T05:47:43.145+0000] {processor.py:186} INFO - Started process (PID=9008) to work on /opt/airflow/dags/tg_user_processing.py
[2026-01-17T05:47:43.147+0000] {processor.py:914} INFO - Processing file /opt/airflow/dags/tg_user_processing.py for tasks to queue
[2026-01-17T05:47:43.151+0000] {logging_mixin.py:190} INFO - [2026-01-17T05:47:43.150+0000] {dagbag.py:588} INFO - Filling up the DagBag from /opt/airflow/dags/tg_user_processing.py
[2026-01-17T05:47:43.727+0000] {processor.py:925} INFO - DAG(s) 'tg_user_processing' retrieved from /opt/airflow/dags/tg_user_processing.py
[2026-01-17T05:47:43.826+0000] {logging_mixin.py:190} INFO - [2026-01-17T05:47:43.824+0000] {dag.py:3239} INFO - Sync 1 DAGs
[2026-01-17T05:47:43.877+0000] {logging_mixin.py:190} INFO - [2026-01-17T05:47:43.876+0000] {dag.py:4180} INFO - Setting next_dagrun for tg_user_processing to 2026-01-16 00:00:00+00:00, run_after=2026-01-17 00:00:00+00:00
[2026-01-17T05:47:43.915+0000] {processor.py:208} INFO - Processing /opt/airflow/dags/tg_user_processing.py took 0.796 seconds
[2026-01-17T05:48:14.781+0000] {processor.py:186} INFO - Started process (PID=9032) to work on /opt/airflow/dags/tg_user_processing.py
[2026-01-17T05:48:14.783+0000] {processor.py:914} INFO - Processing file /opt/airflow/dags/tg_user_processing.py for tasks to queue
[2026-01-17T05:48:14.785+0000] {logging_mixin.py:190} INFO - [2026-01-17T05:48:14.784+0000] {dagbag.py:588} INFO - Filling up the DagBag from /opt/airflow/dags/tg_user_processing.py
[2026-01-17T05:48:15.336+0000] {processor.py:925} INFO - DAG(s) 'tg_user_processing' retrieved from /opt/airflow/dags/tg_user_processing.py
[2026-01-17T05:48:15.381+0000] {logging_mixin.py:190} INFO - [2026-01-17T05:48:15.381+0000] {dag.py:3239} INFO - Sync 1 DAGs
[2026-01-17T05:48:15.423+0000] {logging_mixin.py:190} INFO - [2026-01-17T05:48:15.423+0000] {dag.py:4180} INFO - Setting next_dagrun for tg_user_processing to 2026-01-16 00:00:00+00:00, run_after=2026-01-17 00:00:00+00:00
[2026-01-17T05:48:15.469+0000] {processor.py:208} INFO - Processing /opt/airflow/dags/tg_user_processing.py took 0.704 seconds
[2026-01-17T05:48:46.190+0000] {processor.py:186} INFO - Started process (PID=9056) to work on /opt/airflow/dags/tg_user_processing.py
[2026-01-17T05:48:46.192+0000] {processor.py:914} INFO - Processing file /opt/airflow/dags/tg_user_processing.py for tasks to queue
[2026-01-17T05:48:46.195+0000] {logging_mixin.py:190} INFO - [2026-01-17T05:48:46.195+0000] {dagbag.py:588} INFO - Filling up the DagBag from /opt/airflow/dags/tg_user_processing.py
[2026-01-17T05:48:46.808+0000] {processor.py:925} INFO - DAG(s) 'tg_user_processing' retrieved from /opt/airflow/dags/tg_user_processing.py
[2026-01-17T05:48:46.843+0000] {logging_mixin.py:190} INFO - [2026-01-17T05:48:46.843+0000] {dag.py:3239} INFO - Sync 1 DAGs
[2026-01-17T05:48:46.883+0000] {logging_mixin.py:190} INFO - [2026-01-17T05:48:46.883+0000] {dag.py:4180} INFO - Setting next_dagrun for tg_user_processing to 2026-01-16 00:00:00+00:00, run_after=2026-01-17 00:00:00+00:00
[2026-01-17T05:48:46.932+0000] {processor.py:208} INFO - Processing /opt/airflow/dags/tg_user_processing.py took 0.756 seconds
[2026-01-17T05:49:17.631+0000] {processor.py:186} INFO - Started process (PID=9080) to work on /opt/airflow/dags/tg_user_processing.py
[2026-01-17T05:49:17.634+0000] {processor.py:914} INFO - Processing file /opt/airflow/dags/tg_user_processing.py for tasks to queue
[2026-01-17T05:49:17.637+0000] {logging_mixin.py:190} INFO - [2026-01-17T05:49:17.637+0000] {dagbag.py:588} INFO - Filling up the DagBag from /opt/airflow/dags/tg_user_processing.py
[2026-01-17T05:49:18.198+0000] {processor.py:925} INFO - DAG(s) 'tg_user_processing' retrieved from /opt/airflow/dags/tg_user_processing.py
[2026-01-17T05:49:18.246+0000] {logging_mixin.py:190} INFO - [2026-01-17T05:49:18.245+0000] {dag.py:3239} INFO - Sync 1 DAGs
[2026-01-17T05:49:18.294+0000] {logging_mixin.py:190} INFO - [2026-01-17T05:49:18.293+0000] {dag.py:4180} INFO - Setting next_dagrun for tg_user_processing to 2026-01-16 00:00:00+00:00, run_after=2026-01-17 00:00:00+00:00
[2026-01-17T05:49:18.341+0000] {processor.py:208} INFO - Processing /opt/airflow/dags/tg_user_processing.py took 0.729 seconds
[2026-01-17T05:49:49.357+0000] {processor.py:186} INFO - Started process (PID=9109) to work on /opt/airflow/dags/tg_user_processing.py
[2026-01-17T05:49:49.360+0000] {processor.py:914} INFO - Processing file /opt/airflow/dags/tg_user_processing.py for tasks to queue
[2026-01-17T05:49:49.365+0000] {logging_mixin.py:190} INFO - [2026-01-17T05:49:49.363+0000] {dagbag.py:588} INFO - Filling up the DagBag from /opt/airflow/dags/tg_user_processing.py
[2026-01-17T05:49:49.948+0000] {processor.py:925} INFO - DAG(s) 'tg_user_processing' retrieved from /opt/airflow/dags/tg_user_processing.py
[2026-01-17T05:49:49.995+0000] {logging_mixin.py:190} INFO - [2026-01-17T05:49:49.994+0000] {dag.py:3239} INFO - Sync 1 DAGs
[2026-01-17T05:49:50.044+0000] {logging_mixin.py:190} INFO - [2026-01-17T05:49:50.044+0000] {dag.py:4180} INFO - Setting next_dagrun for tg_user_processing to 2026-01-16 00:00:00+00:00, run_after=2026-01-17 00:00:00+00:00
[2026-01-17T05:49:50.086+0000] {processor.py:208} INFO - Processing /opt/airflow/dags/tg_user_processing.py took 0.756 seconds
[2026-01-17T05:50:20.314+0000] {processor.py:186} INFO - Started process (PID=9133) to work on /opt/airflow/dags/tg_user_processing.py
[2026-01-17T05:50:20.315+0000] {processor.py:914} INFO - Processing file /opt/airflow/dags/tg_user_processing.py for tasks to queue
[2026-01-17T05:50:20.317+0000] {logging_mixin.py:190} INFO - [2026-01-17T05:50:20.316+0000] {dagbag.py:588} INFO - Filling up the DagBag from /opt/airflow/dags/tg_user_processing.py
[2026-01-17T05:50:20.883+0000] {processor.py:925} INFO - DAG(s) 'tg_user_processing' retrieved from /opt/airflow/dags/tg_user_processing.py
[2026-01-17T05:50:20.928+0000] {logging_mixin.py:190} INFO - [2026-01-17T05:50:20.927+0000] {dag.py:3239} INFO - Sync 1 DAGs
[2026-01-17T05:50:20.972+0000] {logging_mixin.py:190} INFO - [2026-01-17T05:50:20.972+0000] {dag.py:4180} INFO - Setting next_dagrun for tg_user_processing to 2026-01-16 00:00:00+00:00, run_after=2026-01-17 00:00:00+00:00
[2026-01-17T05:50:21.022+0000] {processor.py:208} INFO - Processing /opt/airflow/dags/tg_user_processing.py took 0.717 seconds
[2026-01-17T05:50:51.499+0000] {processor.py:186} INFO - Started process (PID=9157) to work on /opt/airflow/dags/tg_user_processing.py
[2026-01-17T05:50:51.500+0000] {processor.py:914} INFO - Processing file /opt/airflow/dags/tg_user_processing.py for tasks to queue
[2026-01-17T05:50:51.503+0000] {logging_mixin.py:190} INFO - [2026-01-17T05:50:51.502+0000] {dagbag.py:588} INFO - Filling up the DagBag from /opt/airflow/dags/tg_user_processing.py
[2026-01-17T05:50:52.011+0000] {processor.py:925} INFO - DAG(s) 'tg_user_processing' retrieved from /opt/airflow/dags/tg_user_processing.py
[2026-01-17T05:50:52.055+0000] {logging_mixin.py:190} INFO - [2026-01-17T05:50:52.054+0000] {dag.py:3239} INFO - Sync 1 DAGs
[2026-01-17T05:50:52.101+0000] {logging_mixin.py:190} INFO - [2026-01-17T05:50:52.100+0000] {dag.py:4180} INFO - Setting next_dagrun for tg_user_processing to 2026-01-16 00:00:00+00:00, run_after=2026-01-17 00:00:00+00:00
[2026-01-17T05:50:52.151+0000] {processor.py:208} INFO - Processing /opt/airflow/dags/tg_user_processing.py took 0.664 seconds
[2026-01-17T05:51:22.608+0000] {processor.py:186} INFO - Started process (PID=9181) to work on /opt/airflow/dags/tg_user_processing.py
[2026-01-17T05:51:22.610+0000] {processor.py:914} INFO - Processing file /opt/airflow/dags/tg_user_processing.py for tasks to queue
[2026-01-17T05:51:22.612+0000] {logging_mixin.py:190} INFO - [2026-01-17T05:51:22.612+0000] {dagbag.py:588} INFO - Filling up the DagBag from /opt/airflow/dags/tg_user_processing.py
[2026-01-17T05:51:23.212+0000] {processor.py:925} INFO - DAG(s) 'tg_user_processing' retrieved from /opt/airflow/dags/tg_user_processing.py
[2026-01-17T05:51:23.256+0000] {logging_mixin.py:190} INFO - [2026-01-17T05:51:23.255+0000] {dag.py:3239} INFO - Sync 1 DAGs
[2026-01-17T05:51:23.309+0000] {logging_mixin.py:190} INFO - [2026-01-17T05:51:23.309+0000] {dag.py:4180} INFO - Setting next_dagrun for tg_user_processing to 2026-01-16 00:00:00+00:00, run_after=2026-01-17 00:00:00+00:00
[2026-01-17T05:51:23.358+0000] {processor.py:208} INFO - Processing /opt/airflow/dags/tg_user_processing.py took 0.768 seconds
[2026-01-17T05:51:54.059+0000] {processor.py:186} INFO - Started process (PID=9205) to work on /opt/airflow/dags/tg_user_processing.py
[2026-01-17T05:51:54.060+0000] {processor.py:914} INFO - Processing file /opt/airflow/dags/tg_user_processing.py for tasks to queue
[2026-01-17T05:51:54.063+0000] {logging_mixin.py:190} INFO - [2026-01-17T05:51:54.062+0000] {dagbag.py:588} INFO - Filling up the DagBag from /opt/airflow/dags/tg_user_processing.py
[2026-01-17T05:51:54.594+0000] {processor.py:925} INFO - DAG(s) 'tg_user_processing' retrieved from /opt/airflow/dags/tg_user_processing.py
[2026-01-17T05:51:54.639+0000] {logging_mixin.py:190} INFO - [2026-01-17T05:51:54.639+0000] {dag.py:3239} INFO - Sync 1 DAGs
[2026-01-17T05:51:54.686+0000] {logging_mixin.py:190} INFO - [2026-01-17T05:51:54.685+0000] {dag.py:4180} INFO - Setting next_dagrun for tg_user_processing to 2026-01-16 00:00:00+00:00, run_after=2026-01-17 00:00:00+00:00
[2026-01-17T05:51:54.733+0000] {processor.py:208} INFO - Processing /opt/airflow/dags/tg_user_processing.py took 0.696 seconds
[2026-01-17T05:52:24.914+0000] {processor.py:186} INFO - Started process (PID=9229) to work on /opt/airflow/dags/tg_user_processing.py
[2026-01-17T05:52:24.915+0000] {processor.py:914} INFO - Processing file /opt/airflow/dags/tg_user_processing.py for tasks to queue
[2026-01-17T05:52:24.918+0000] {logging_mixin.py:190} INFO - [2026-01-17T05:52:24.917+0000] {dagbag.py:588} INFO - Filling up the DagBag from /opt/airflow/dags/tg_user_processing.py
[2026-01-17T05:52:25.510+0000] {processor.py:925} INFO - DAG(s) 'tg_user_processing' retrieved from /opt/airflow/dags/tg_user_processing.py
[2026-01-17T05:52:25.555+0000] {logging_mixin.py:190} INFO - [2026-01-17T05:52:25.554+0000] {dag.py:3239} INFO - Sync 1 DAGs
[2026-01-17T05:52:25.603+0000] {logging_mixin.py:190} INFO - [2026-01-17T05:52:25.603+0000] {dag.py:4180} INFO - Setting next_dagrun for tg_user_processing to 2026-01-16 00:00:00+00:00, run_after=2026-01-17 00:00:00+00:00
[2026-01-17T05:52:25.661+0000] {processor.py:208} INFO - Processing /opt/airflow/dags/tg_user_processing.py took 0.761 seconds
[2026-01-17T05:52:55.901+0000] {processor.py:186} INFO - Started process (PID=9253) to work on /opt/airflow/dags/tg_user_processing.py
[2026-01-17T05:52:55.902+0000] {processor.py:914} INFO - Processing file /opt/airflow/dags/tg_user_processing.py for tasks to queue
[2026-01-17T05:52:55.904+0000] {logging_mixin.py:190} INFO - [2026-01-17T05:52:55.904+0000] {dagbag.py:588} INFO - Filling up the DagBag from /opt/airflow/dags/tg_user_processing.py
[2026-01-17T05:52:56.479+0000] {processor.py:925} INFO - DAG(s) 'tg_user_processing' retrieved from /opt/airflow/dags/tg_user_processing.py
[2026-01-17T05:52:56.526+0000] {logging_mixin.py:190} INFO - [2026-01-17T05:52:56.525+0000] {dag.py:3239} INFO - Sync 1 DAGs
[2026-01-17T05:52:56.580+0000] {logging_mixin.py:190} INFO - [2026-01-17T05:52:56.579+0000] {dag.py:4180} INFO - Setting next_dagrun for tg_user_processing to 2026-01-16 00:00:00+00:00, run_after=2026-01-17 00:00:00+00:00
[2026-01-17T05:52:56.636+0000] {processor.py:208} INFO - Processing /opt/airflow/dags/tg_user_processing.py took 0.744 seconds
[2026-01-17T05:53:27.066+0000] {processor.py:186} INFO - Started process (PID=9277) to work on /opt/airflow/dags/tg_user_processing.py
[2026-01-17T05:53:27.070+0000] {processor.py:914} INFO - Processing file /opt/airflow/dags/tg_user_processing.py for tasks to queue
[2026-01-17T05:53:27.073+0000] {logging_mixin.py:190} INFO - [2026-01-17T05:53:27.072+0000] {dagbag.py:588} INFO - Filling up the DagBag from /opt/airflow/dags/tg_user_processing.py
[2026-01-17T05:53:27.617+0000] {processor.py:925} INFO - DAG(s) 'tg_user_processing' retrieved from /opt/airflow/dags/tg_user_processing.py
[2026-01-17T05:53:27.662+0000] {logging_mixin.py:190} INFO - [2026-01-17T05:53:27.661+0000] {dag.py:3239} INFO - Sync 1 DAGs
[2026-01-17T05:53:27.706+0000] {logging_mixin.py:190} INFO - [2026-01-17T05:53:27.706+0000] {dag.py:4180} INFO - Setting next_dagrun for tg_user_processing to 2026-01-16 00:00:00+00:00, run_after=2026-01-17 00:00:00+00:00
[2026-01-17T05:53:27.749+0000] {processor.py:208} INFO - Processing /opt/airflow/dags/tg_user_processing.py took 0.702 seconds
[2026-01-17T05:53:58.266+0000] {processor.py:186} INFO - Started process (PID=9301) to work on /opt/airflow/dags/tg_user_processing.py
[2026-01-17T05:53:58.267+0000] {processor.py:914} INFO - Processing file /opt/airflow/dags/tg_user_processing.py for tasks to queue
[2026-01-17T05:53:58.269+0000] {logging_mixin.py:190} INFO - [2026-01-17T05:53:58.268+0000] {dagbag.py:588} INFO - Filling up the DagBag from /opt/airflow/dags/tg_user_processing.py
[2026-01-17T05:53:58.848+0000] {processor.py:925} INFO - DAG(s) 'tg_user_processing' retrieved from /opt/airflow/dags/tg_user_processing.py
[2026-01-17T05:53:58.903+0000] {logging_mixin.py:190} INFO - [2026-01-17T05:53:58.902+0000] {dag.py:3239} INFO - Sync 1 DAGs
[2026-01-17T05:53:58.951+0000] {logging_mixin.py:190} INFO - [2026-01-17T05:53:58.950+0000] {dag.py:4180} INFO - Setting next_dagrun for tg_user_processing to 2026-01-16 00:00:00+00:00, run_after=2026-01-17 00:00:00+00:00
[2026-01-17T05:53:59.008+0000] {processor.py:208} INFO - Processing /opt/airflow/dags/tg_user_processing.py took 0.755 seconds
[2026-01-17T05:54:29.112+0000] {processor.py:186} INFO - Started process (PID=9325) to work on /opt/airflow/dags/tg_user_processing.py
[2026-01-17T05:54:29.114+0000] {processor.py:914} INFO - Processing file /opt/airflow/dags/tg_user_processing.py for tasks to queue
[2026-01-17T05:54:29.116+0000] {logging_mixin.py:190} INFO - [2026-01-17T05:54:29.115+0000] {dagbag.py:588} INFO - Filling up the DagBag from /opt/airflow/dags/tg_user_processing.py
[2026-01-17T05:54:29.668+0000] {processor.py:925} INFO - DAG(s) 'tg_user_processing' retrieved from /opt/airflow/dags/tg_user_processing.py
[2026-01-17T05:54:29.724+0000] {logging_mixin.py:190} INFO - [2026-01-17T05:54:29.723+0000] {dag.py:3239} INFO - Sync 1 DAGs
[2026-01-17T05:54:29.761+0000] {logging_mixin.py:190} INFO - [2026-01-17T05:54:29.760+0000] {dag.py:4180} INFO - Setting next_dagrun for tg_user_processing to 2026-01-16 00:00:00+00:00, run_after=2026-01-17 00:00:00+00:00
[2026-01-17T05:54:29.813+0000] {processor.py:208} INFO - Processing /opt/airflow/dags/tg_user_processing.py took 0.713 seconds
[2026-01-17T05:55:00.038+0000] {processor.py:186} INFO - Started process (PID=9349) to work on /opt/airflow/dags/tg_user_processing.py
[2026-01-17T05:55:00.040+0000] {processor.py:914} INFO - Processing file /opt/airflow/dags/tg_user_processing.py for tasks to queue
[2026-01-17T05:55:00.043+0000] {logging_mixin.py:190} INFO - [2026-01-17T05:55:00.043+0000] {dagbag.py:588} INFO - Filling up the DagBag from /opt/airflow/dags/tg_user_processing.py
[2026-01-17T05:55:00.621+0000] {processor.py:925} INFO - DAG(s) 'tg_user_processing' retrieved from /opt/airflow/dags/tg_user_processing.py
[2026-01-17T05:55:00.663+0000] {logging_mixin.py:190} INFO - [2026-01-17T05:55:00.662+0000] {dag.py:3239} INFO - Sync 1 DAGs
[2026-01-17T05:55:00.702+0000] {logging_mixin.py:190} INFO - [2026-01-17T05:55:00.702+0000] {dag.py:4180} INFO - Setting next_dagrun for tg_user_processing to 2026-01-16 00:00:00+00:00, run_after=2026-01-17 00:00:00+00:00
[2026-01-17T05:55:00.743+0000] {processor.py:208} INFO - Processing /opt/airflow/dags/tg_user_processing.py took 0.723 seconds
[2026-01-17T05:55:31.066+0000] {processor.py:186} INFO - Started process (PID=9373) to work on /opt/airflow/dags/tg_user_processing.py
[2026-01-17T05:55:31.068+0000] {processor.py:914} INFO - Processing file /opt/airflow/dags/tg_user_processing.py for tasks to queue
[2026-01-17T05:55:31.070+0000] {logging_mixin.py:190} INFO - [2026-01-17T05:55:31.069+0000] {dagbag.py:588} INFO - Filling up the DagBag from /opt/airflow/dags/tg_user_processing.py
[2026-01-17T05:55:31.664+0000] {processor.py:925} INFO - DAG(s) 'tg_user_processing' retrieved from /opt/airflow/dags/tg_user_processing.py
[2026-01-17T05:55:31.713+0000] {logging_mixin.py:190} INFO - [2026-01-17T05:55:31.712+0000] {dag.py:3239} INFO - Sync 1 DAGs
[2026-01-17T05:55:31.756+0000] {logging_mixin.py:190} INFO - [2026-01-17T05:55:31.755+0000] {dag.py:4180} INFO - Setting next_dagrun for tg_user_processing to 2026-01-16 00:00:00+00:00, run_after=2026-01-17 00:00:00+00:00
[2026-01-17T05:55:31.798+0000] {processor.py:208} INFO - Processing /opt/airflow/dags/tg_user_processing.py took 0.744 seconds
[2026-01-17T05:56:02.650+0000] {processor.py:186} INFO - Started process (PID=9397) to work on /opt/airflow/dags/tg_user_processing.py
[2026-01-17T05:56:02.652+0000] {processor.py:914} INFO - Processing file /opt/airflow/dags/tg_user_processing.py for tasks to queue
[2026-01-17T05:56:02.654+0000] {logging_mixin.py:190} INFO - [2026-01-17T05:56:02.653+0000] {dagbag.py:588} INFO - Filling up the DagBag from /opt/airflow/dags/tg_user_processing.py
[2026-01-17T05:56:03.236+0000] {processor.py:925} INFO - DAG(s) 'tg_user_processing' retrieved from /opt/airflow/dags/tg_user_processing.py
[2026-01-17T05:56:03.286+0000] {logging_mixin.py:190} INFO - [2026-01-17T05:56:03.285+0000] {dag.py:3239} INFO - Sync 1 DAGs
[2026-01-17T05:56:03.333+0000] {logging_mixin.py:190} INFO - [2026-01-17T05:56:03.333+0000] {dag.py:4180} INFO - Setting next_dagrun for tg_user_processing to 2026-01-16 00:00:00+00:00, run_after=2026-01-17 00:00:00+00:00
[2026-01-17T05:56:03.380+0000] {processor.py:208} INFO - Processing /opt/airflow/dags/tg_user_processing.py took 0.743 seconds
[2026-01-17T05:56:34.286+0000] {processor.py:186} INFO - Started process (PID=9422) to work on /opt/airflow/dags/tg_user_processing.py
[2026-01-17T05:56:34.288+0000] {processor.py:914} INFO - Processing file /opt/airflow/dags/tg_user_processing.py for tasks to queue
[2026-01-17T05:56:34.289+0000] {logging_mixin.py:190} INFO - [2026-01-17T05:56:34.289+0000] {dagbag.py:588} INFO - Filling up the DagBag from /opt/airflow/dags/tg_user_processing.py
[2026-01-17T05:56:34.846+0000] {processor.py:925} INFO - DAG(s) 'tg_user_processing' retrieved from /opt/airflow/dags/tg_user_processing.py
[2026-01-17T05:56:34.893+0000] {logging_mixin.py:190} INFO - [2026-01-17T05:56:34.893+0000] {dag.py:3239} INFO - Sync 1 DAGs
[2026-01-17T05:56:34.938+0000] {logging_mixin.py:190} INFO - [2026-01-17T05:56:34.938+0000] {dag.py:4180} INFO - Setting next_dagrun for tg_user_processing to 2026-01-16 00:00:00+00:00, run_after=2026-01-17 00:00:00+00:00
[2026-01-17T05:56:34.980+0000] {processor.py:208} INFO - Processing /opt/airflow/dags/tg_user_processing.py took 0.705 seconds
[2026-01-17T05:57:05.172+0000] {processor.py:186} INFO - Started process (PID=9446) to work on /opt/airflow/dags/tg_user_processing.py
[2026-01-17T05:57:05.175+0000] {processor.py:914} INFO - Processing file /opt/airflow/dags/tg_user_processing.py for tasks to queue
[2026-01-17T05:57:05.180+0000] {logging_mixin.py:190} INFO - [2026-01-17T05:57:05.179+0000] {dagbag.py:588} INFO - Filling up the DagBag from /opt/airflow/dags/tg_user_processing.py
[2026-01-17T05:57:05.706+0000] {processor.py:925} INFO - DAG(s) 'tg_user_processing' retrieved from /opt/airflow/dags/tg_user_processing.py
[2026-01-17T05:57:05.748+0000] {logging_mixin.py:190} INFO - [2026-01-17T05:57:05.747+0000] {dag.py:3239} INFO - Sync 1 DAGs
[2026-01-17T05:57:05.788+0000] {logging_mixin.py:190} INFO - [2026-01-17T05:57:05.788+0000] {dag.py:4180} INFO - Setting next_dagrun for tg_user_processing to 2026-01-16 00:00:00+00:00, run_after=2026-01-17 00:00:00+00:00
[2026-01-17T05:57:05.831+0000] {processor.py:208} INFO - Processing /opt/airflow/dags/tg_user_processing.py took 0.679 seconds
[2026-01-17T05:57:36.444+0000] {processor.py:186} INFO - Started process (PID=9471) to work on /opt/airflow/dags/tg_user_processing.py
[2026-01-17T05:57:36.448+0000] {processor.py:914} INFO - Processing file /opt/airflow/dags/tg_user_processing.py for tasks to queue
[2026-01-17T05:57:36.449+0000] {logging_mixin.py:190} INFO - [2026-01-17T05:57:36.449+0000] {dagbag.py:588} INFO - Filling up the DagBag from /opt/airflow/dags/tg_user_processing.py
[2026-01-17T05:57:36.966+0000] {processor.py:925} INFO - DAG(s) 'tg_user_processing' retrieved from /opt/airflow/dags/tg_user_processing.py
[2026-01-17T05:57:37.007+0000] {logging_mixin.py:190} INFO - [2026-01-17T05:57:37.006+0000] {dag.py:3239} INFO - Sync 1 DAGs
[2026-01-17T05:57:37.049+0000] {logging_mixin.py:190} INFO - [2026-01-17T05:57:37.048+0000] {dag.py:4180} INFO - Setting next_dagrun for tg_user_processing to 2026-01-16 00:00:00+00:00, run_after=2026-01-17 00:00:00+00:00
[2026-01-17T05:57:37.093+0000] {processor.py:208} INFO - Processing /opt/airflow/dags/tg_user_processing.py took 0.666 seconds
[2026-01-17T05:58:07.276+0000] {processor.py:186} INFO - Started process (PID=9495) to work on /opt/airflow/dags/tg_user_processing.py
[2026-01-17T05:58:07.278+0000] {processor.py:914} INFO - Processing file /opt/airflow/dags/tg_user_processing.py for tasks to queue
[2026-01-17T05:58:07.282+0000] {logging_mixin.py:190} INFO - [2026-01-17T05:58:07.281+0000] {dagbag.py:588} INFO - Filling up the DagBag from /opt/airflow/dags/tg_user_processing.py
[2026-01-17T05:58:07.947+0000] {processor.py:925} INFO - DAG(s) 'tg_user_processing' retrieved from /opt/airflow/dags/tg_user_processing.py
[2026-01-17T05:58:07.993+0000] {logging_mixin.py:190} INFO - [2026-01-17T05:58:07.993+0000] {dag.py:3239} INFO - Sync 1 DAGs
[2026-01-17T05:58:08.040+0000] {logging_mixin.py:190} INFO - [2026-01-17T05:58:08.040+0000] {dag.py:4180} INFO - Setting next_dagrun for tg_user_processing to 2026-01-16 00:00:00+00:00, run_after=2026-01-17 00:00:00+00:00
[2026-01-17T05:58:08.077+0000] {processor.py:208} INFO - Processing /opt/airflow/dags/tg_user_processing.py took 0.818 seconds
[2026-01-17T05:58:38.446+0000] {processor.py:186} INFO - Started process (PID=9519) to work on /opt/airflow/dags/tg_user_processing.py
[2026-01-17T05:58:38.448+0000] {processor.py:914} INFO - Processing file /opt/airflow/dags/tg_user_processing.py for tasks to queue
[2026-01-17T05:58:38.450+0000] {logging_mixin.py:190} INFO - [2026-01-17T05:58:38.449+0000] {dagbag.py:588} INFO - Filling up the DagBag from /opt/airflow/dags/tg_user_processing.py
[2026-01-17T05:58:39.116+0000] {processor.py:925} INFO - DAG(s) 'tg_user_processing' retrieved from /opt/airflow/dags/tg_user_processing.py
[2026-01-17T05:58:39.165+0000] {logging_mixin.py:190} INFO - [2026-01-17T05:58:39.165+0000] {dag.py:3239} INFO - Sync 1 DAGs
[2026-01-17T05:58:39.206+0000] {logging_mixin.py:190} INFO - [2026-01-17T05:58:39.206+0000] {dag.py:4180} INFO - Setting next_dagrun for tg_user_processing to 2026-01-16 00:00:00+00:00, run_after=2026-01-17 00:00:00+00:00
[2026-01-17T05:58:39.261+0000] {processor.py:208} INFO - Processing /opt/airflow/dags/tg_user_processing.py took 0.831 seconds
[2026-01-17T05:59:10.029+0000] {processor.py:186} INFO - Started process (PID=9544) to work on /opt/airflow/dags/tg_user_processing.py
[2026-01-17T05:59:10.031+0000] {processor.py:914} INFO - Processing file /opt/airflow/dags/tg_user_processing.py for tasks to queue
[2026-01-17T05:59:10.032+0000] {logging_mixin.py:190} INFO - [2026-01-17T05:59:10.032+0000] {dagbag.py:588} INFO - Filling up the DagBag from /opt/airflow/dags/tg_user_processing.py
[2026-01-17T05:59:10.624+0000] {processor.py:925} INFO - DAG(s) 'tg_user_processing' retrieved from /opt/airflow/dags/tg_user_processing.py
[2026-01-17T05:59:10.670+0000] {logging_mixin.py:190} INFO - [2026-01-17T05:59:10.669+0000] {dag.py:3239} INFO - Sync 1 DAGs
[2026-01-17T05:59:10.720+0000] {logging_mixin.py:190} INFO - [2026-01-17T05:59:10.720+0000] {dag.py:4180} INFO - Setting next_dagrun for tg_user_processing to 2026-01-16 00:00:00+00:00, run_after=2026-01-17 00:00:00+00:00
[2026-01-17T05:59:10.760+0000] {processor.py:208} INFO - Processing /opt/airflow/dags/tg_user_processing.py took 0.745 seconds
[2026-01-17T05:59:41.068+0000] {processor.py:186} INFO - Started process (PID=9570) to work on /opt/airflow/dags/tg_user_processing.py
[2026-01-17T05:59:41.070+0000] {processor.py:914} INFO - Processing file /opt/airflow/dags/tg_user_processing.py for tasks to queue
[2026-01-17T05:59:41.072+0000] {logging_mixin.py:190} INFO - [2026-01-17T05:59:41.072+0000] {dagbag.py:588} INFO - Filling up the DagBag from /opt/airflow/dags/tg_user_processing.py
[2026-01-17T05:59:41.552+0000] {processor.py:925} INFO - DAG(s) 'tg_user_processing' retrieved from /opt/airflow/dags/tg_user_processing.py
[2026-01-17T05:59:41.589+0000] {logging_mixin.py:190} INFO - [2026-01-17T05:59:41.588+0000] {dag.py:3239} INFO - Sync 1 DAGs
[2026-01-17T05:59:41.624+0000] {logging_mixin.py:190} INFO - [2026-01-17T05:59:41.624+0000] {dag.py:4180} INFO - Setting next_dagrun for tg_user_processing to 2026-01-16 00:00:00+00:00, run_after=2026-01-17 00:00:00+00:00
[2026-01-17T05:59:41.657+0000] {processor.py:208} INFO - Processing /opt/airflow/dags/tg_user_processing.py took 0.600 seconds
[2026-01-17T06:00:12.093+0000] {processor.py:186} INFO - Started process (PID=9593) to work on /opt/airflow/dags/tg_user_processing.py
[2026-01-17T06:00:12.095+0000] {processor.py:914} INFO - Processing file /opt/airflow/dags/tg_user_processing.py for tasks to queue
[2026-01-17T06:00:12.096+0000] {logging_mixin.py:190} INFO - [2026-01-17T06:00:12.096+0000] {dagbag.py:588} INFO - Filling up the DagBag from /opt/airflow/dags/tg_user_processing.py
[2026-01-17T06:00:12.616+0000] {processor.py:925} INFO - DAG(s) 'tg_user_processing' retrieved from /opt/airflow/dags/tg_user_processing.py
[2026-01-17T06:00:12.671+0000] {logging_mixin.py:190} INFO - [2026-01-17T06:00:12.671+0000] {dag.py:3239} INFO - Sync 1 DAGs
[2026-01-17T06:00:12.712+0000] {logging_mixin.py:190} INFO - [2026-01-17T06:00:12.712+0000] {dag.py:4180} INFO - Setting next_dagrun for tg_user_processing to 2026-01-16 00:00:00+00:00, run_after=2026-01-17 00:00:00+00:00
[2026-01-17T06:00:12.749+0000] {processor.py:208} INFO - Processing /opt/airflow/dags/tg_user_processing.py took 0.665 seconds
[2026-01-17T06:00:43.678+0000] {processor.py:186} INFO - Started process (PID=9617) to work on /opt/airflow/dags/tg_user_processing.py
[2026-01-17T06:00:43.680+0000] {processor.py:914} INFO - Processing file /opt/airflow/dags/tg_user_processing.py for tasks to queue
[2026-01-17T06:00:43.682+0000] {logging_mixin.py:190} INFO - [2026-01-17T06:00:43.681+0000] {dagbag.py:588} INFO - Filling up the DagBag from /opt/airflow/dags/tg_user_processing.py
[2026-01-17T06:00:44.219+0000] {processor.py:925} INFO - DAG(s) 'tg_user_processing' retrieved from /opt/airflow/dags/tg_user_processing.py
[2026-01-17T06:00:44.268+0000] {logging_mixin.py:190} INFO - [2026-01-17T06:00:44.267+0000] {dag.py:3239} INFO - Sync 1 DAGs
[2026-01-17T06:00:44.311+0000] {logging_mixin.py:190} INFO - [2026-01-17T06:00:44.310+0000] {dag.py:4180} INFO - Setting next_dagrun for tg_user_processing to 2026-01-16 00:00:00+00:00, run_after=2026-01-17 00:00:00+00:00
[2026-01-17T06:00:44.351+0000] {processor.py:208} INFO - Processing /opt/airflow/dags/tg_user_processing.py took 0.688 seconds
[2026-01-17T06:01:15.068+0000] {processor.py:186} INFO - Started process (PID=9641) to work on /opt/airflow/dags/tg_user_processing.py
[2026-01-17T06:01:15.070+0000] {processor.py:914} INFO - Processing file /opt/airflow/dags/tg_user_processing.py for tasks to queue
[2026-01-17T06:01:15.075+0000] {logging_mixin.py:190} INFO - [2026-01-17T06:01:15.073+0000] {dagbag.py:588} INFO - Filling up the DagBag from /opt/airflow/dags/tg_user_processing.py
[2026-01-17T06:01:15.629+0000] {processor.py:925} INFO - DAG(s) 'tg_user_processing' retrieved from /opt/airflow/dags/tg_user_processing.py
[2026-01-17T06:01:15.692+0000] {logging_mixin.py:190} INFO - [2026-01-17T06:01:15.688+0000] {dag.py:3239} INFO - Sync 1 DAGs
[2026-01-17T06:01:15.751+0000] {logging_mixin.py:190} INFO - [2026-01-17T06:01:15.751+0000] {dag.py:4180} INFO - Setting next_dagrun for tg_user_processing to 2026-01-16 00:00:00+00:00, run_after=2026-01-17 00:00:00+00:00
[2026-01-17T06:01:15.798+0000] {processor.py:208} INFO - Processing /opt/airflow/dags/tg_user_processing.py took 0.753 seconds
[2026-01-17T06:01:46.569+0000] {processor.py:186} INFO - Started process (PID=9665) to work on /opt/airflow/dags/tg_user_processing.py
[2026-01-17T06:01:46.570+0000] {processor.py:914} INFO - Processing file /opt/airflow/dags/tg_user_processing.py for tasks to queue
[2026-01-17T06:01:46.573+0000] {logging_mixin.py:190} INFO - [2026-01-17T06:01:46.572+0000] {dagbag.py:588} INFO - Filling up the DagBag from /opt/airflow/dags/tg_user_processing.py
[2026-01-17T06:01:47.140+0000] {processor.py:925} INFO - DAG(s) 'tg_user_processing' retrieved from /opt/airflow/dags/tg_user_processing.py
[2026-01-17T06:01:47.183+0000] {logging_mixin.py:190} INFO - [2026-01-17T06:01:47.182+0000] {dag.py:3239} INFO - Sync 1 DAGs
[2026-01-17T06:01:47.233+0000] {logging_mixin.py:190} INFO - [2026-01-17T06:01:47.233+0000] {dag.py:4180} INFO - Setting next_dagrun for tg_user_processing to 2026-01-16 00:00:00+00:00, run_after=2026-01-17 00:00:00+00:00
[2026-01-17T06:01:47.292+0000] {processor.py:208} INFO - Processing /opt/airflow/dags/tg_user_processing.py took 0.739 seconds
[2026-01-17T06:02:17.700+0000] {processor.py:186} INFO - Started process (PID=9689) to work on /opt/airflow/dags/tg_user_processing.py
[2026-01-17T06:02:17.702+0000] {processor.py:914} INFO - Processing file /opt/airflow/dags/tg_user_processing.py for tasks to queue
[2026-01-17T06:02:17.704+0000] {logging_mixin.py:190} INFO - [2026-01-17T06:02:17.703+0000] {dagbag.py:588} INFO - Filling up the DagBag from /opt/airflow/dags/tg_user_processing.py
[2026-01-17T06:02:18.207+0000] {processor.py:925} INFO - DAG(s) 'tg_user_processing' retrieved from /opt/airflow/dags/tg_user_processing.py
[2026-01-17T06:02:18.256+0000] {logging_mixin.py:190} INFO - [2026-01-17T06:02:18.255+0000] {dag.py:3239} INFO - Sync 1 DAGs
[2026-01-17T06:02:18.293+0000] {logging_mixin.py:190} INFO - [2026-01-17T06:02:18.292+0000] {dag.py:4180} INFO - Setting next_dagrun for tg_user_processing to 2026-01-16 00:00:00+00:00, run_after=2026-01-17 00:00:00+00:00
[2026-01-17T06:02:18.335+0000] {processor.py:208} INFO - Processing /opt/airflow/dags/tg_user_processing.py took 0.646 seconds
[2026-01-17T06:02:48.404+0000] {processor.py:186} INFO - Started process (PID=9712) to work on /opt/airflow/dags/tg_user_processing.py
[2026-01-17T06:02:48.407+0000] {processor.py:914} INFO - Processing file /opt/airflow/dags/tg_user_processing.py for tasks to queue
[2026-01-17T06:02:48.409+0000] {logging_mixin.py:190} INFO - [2026-01-17T06:02:48.408+0000] {dagbag.py:588} INFO - Filling up the DagBag from /opt/airflow/dags/tg_user_processing.py
[2026-01-17T06:02:48.971+0000] {processor.py:925} INFO - DAG(s) 'tg_user_processing' retrieved from /opt/airflow/dags/tg_user_processing.py
[2026-01-17T06:02:49.019+0000] {logging_mixin.py:190} INFO - [2026-01-17T06:02:49.018+0000] {dag.py:3239} INFO - Sync 1 DAGs
[2026-01-17T06:02:49.061+0000] {logging_mixin.py:190} INFO - [2026-01-17T06:02:49.060+0000] {dag.py:4180} INFO - Setting next_dagrun for tg_user_processing to 2026-01-16 00:00:00+00:00, run_after=2026-01-17 00:00:00+00:00
[2026-01-17T06:02:49.111+0000] {processor.py:208} INFO - Processing /opt/airflow/dags/tg_user_processing.py took 0.722 seconds
[2026-01-17T06:03:19.300+0000] {processor.py:186} INFO - Started process (PID=9735) to work on /opt/airflow/dags/tg_user_processing.py
[2026-01-17T06:03:19.302+0000] {processor.py:914} INFO - Processing file /opt/airflow/dags/tg_user_processing.py for tasks to queue
[2026-01-17T06:03:19.305+0000] {logging_mixin.py:190} INFO - [2026-01-17T06:03:19.304+0000] {dagbag.py:588} INFO - Filling up the DagBag from /opt/airflow/dags/tg_user_processing.py
[2026-01-17T06:03:20.395+0000] {processor.py:925} INFO - DAG(s) 'tg_user_processing' retrieved from /opt/airflow/dags/tg_user_processing.py
[2026-01-17T06:03:20.481+0000] {logging_mixin.py:190} INFO - [2026-01-17T06:03:20.480+0000] {dag.py:3239} INFO - Sync 1 DAGs
[2026-01-17T06:03:20.586+0000] {logging_mixin.py:190} INFO - [2026-01-17T06:03:20.586+0000] {dag.py:4180} INFO - Setting next_dagrun for tg_user_processing to 2026-01-16 00:00:00+00:00, run_after=2026-01-17 00:00:00+00:00
[2026-01-17T06:03:20.669+0000] {processor.py:208} INFO - Processing /opt/airflow/dags/tg_user_processing.py took 1.389 seconds
[2026-01-17T06:03:50.899+0000] {processor.py:186} INFO - Started process (PID=9761) to work on /opt/airflow/dags/tg_user_processing.py
[2026-01-17T06:03:50.901+0000] {processor.py:914} INFO - Processing file /opt/airflow/dags/tg_user_processing.py for tasks to queue
[2026-01-17T06:03:50.903+0000] {logging_mixin.py:190} INFO - [2026-01-17T06:03:50.903+0000] {dagbag.py:588} INFO - Filling up the DagBag from /opt/airflow/dags/tg_user_processing.py
[2026-01-17T06:03:51.697+0000] {processor.py:925} INFO - DAG(s) 'tg_user_processing' retrieved from /opt/airflow/dags/tg_user_processing.py
[2026-01-17T06:03:51.759+0000] {logging_mixin.py:190} INFO - [2026-01-17T06:03:51.759+0000] {dag.py:3239} INFO - Sync 1 DAGs
[2026-01-17T06:03:51.812+0000] {logging_mixin.py:190} INFO - [2026-01-17T06:03:51.812+0000] {dag.py:4180} INFO - Setting next_dagrun for tg_user_processing to 2026-01-16 00:00:00+00:00, run_after=2026-01-17 00:00:00+00:00
[2026-01-17T06:03:51.869+0000] {processor.py:208} INFO - Processing /opt/airflow/dags/tg_user_processing.py took 0.990 seconds
[2026-01-17T06:04:22.326+0000] {processor.py:186} INFO - Started process (PID=9791) to work on /opt/airflow/dags/tg_user_processing.py
[2026-01-17T06:04:22.331+0000] {processor.py:914} INFO - Processing file /opt/airflow/dags/tg_user_processing.py for tasks to queue
[2026-01-17T06:04:22.336+0000] {logging_mixin.py:190} INFO - [2026-01-17T06:04:22.335+0000] {dagbag.py:588} INFO - Filling up the DagBag from /opt/airflow/dags/tg_user_processing.py
[2026-01-17T06:04:22.890+0000] {processor.py:925} INFO - DAG(s) 'tg_user_processing' retrieved from /opt/airflow/dags/tg_user_processing.py
[2026-01-17T06:04:22.931+0000] {logging_mixin.py:190} INFO - [2026-01-17T06:04:22.931+0000] {dag.py:3239} INFO - Sync 1 DAGs
[2026-01-17T06:04:22.973+0000] {logging_mixin.py:190} INFO - [2026-01-17T06:04:22.973+0000] {dag.py:4180} INFO - Setting next_dagrun for tg_user_processing to 2026-01-16 00:00:00+00:00, run_after=2026-01-17 00:00:00+00:00
[2026-01-17T06:04:23.012+0000] {processor.py:208} INFO - Processing /opt/airflow/dags/tg_user_processing.py took 0.720 seconds
[2026-01-17T06:04:53.176+0000] {processor.py:186} INFO - Started process (PID=9815) to work on /opt/airflow/dags/tg_user_processing.py
[2026-01-17T06:04:53.178+0000] {processor.py:914} INFO - Processing file /opt/airflow/dags/tg_user_processing.py for tasks to queue
[2026-01-17T06:04:53.180+0000] {logging_mixin.py:190} INFO - [2026-01-17T06:04:53.180+0000] {dagbag.py:588} INFO - Filling up the DagBag from /opt/airflow/dags/tg_user_processing.py
[2026-01-17T06:04:53.677+0000] {processor.py:925} INFO - DAG(s) 'tg_user_processing' retrieved from /opt/airflow/dags/tg_user_processing.py
[2026-01-17T06:04:53.726+0000] {logging_mixin.py:190} INFO - [2026-01-17T06:04:53.726+0000] {dag.py:3239} INFO - Sync 1 DAGs
[2026-01-17T06:04:53.765+0000] {logging_mixin.py:190} INFO - [2026-01-17T06:04:53.765+0000] {dag.py:4180} INFO - Setting next_dagrun for tg_user_processing to 2026-01-16 00:00:00+00:00, run_after=2026-01-17 00:00:00+00:00
[2026-01-17T06:04:53.816+0000] {processor.py:208} INFO - Processing /opt/airflow/dags/tg_user_processing.py took 0.653 seconds
[2026-01-17T06:05:23.893+0000] {processor.py:186} INFO - Started process (PID=9839) to work on /opt/airflow/dags/tg_user_processing.py
[2026-01-17T06:05:23.896+0000] {processor.py:914} INFO - Processing file /opt/airflow/dags/tg_user_processing.py for tasks to queue
[2026-01-17T06:05:23.899+0000] {logging_mixin.py:190} INFO - [2026-01-17T06:05:23.898+0000] {dagbag.py:588} INFO - Filling up the DagBag from /opt/airflow/dags/tg_user_processing.py
[2026-01-17T06:05:24.485+0000] {processor.py:925} INFO - DAG(s) 'tg_user_processing' retrieved from /opt/airflow/dags/tg_user_processing.py
[2026-01-17T06:05:24.544+0000] {logging_mixin.py:190} INFO - [2026-01-17T06:05:24.543+0000] {dag.py:3239} INFO - Sync 1 DAGs
[2026-01-17T06:05:24.614+0000] {logging_mixin.py:190} INFO - [2026-01-17T06:05:24.613+0000] {dag.py:4180} INFO - Setting next_dagrun for tg_user_processing to 2026-01-16 00:00:00+00:00, run_after=2026-01-17 00:00:00+00:00
[2026-01-17T06:05:24.680+0000] {processor.py:208} INFO - Processing /opt/airflow/dags/tg_user_processing.py took 0.798 seconds
[2026-01-17T06:05:55.500+0000] {processor.py:186} INFO - Started process (PID=9864) to work on /opt/airflow/dags/tg_user_processing.py
[2026-01-17T06:05:55.503+0000] {processor.py:914} INFO - Processing file /opt/airflow/dags/tg_user_processing.py for tasks to queue
[2026-01-17T06:05:55.510+0000] {logging_mixin.py:190} INFO - [2026-01-17T06:05:55.509+0000] {dagbag.py:588} INFO - Filling up the DagBag from /opt/airflow/dags/tg_user_processing.py
[2026-01-17T06:05:56.082+0000] {processor.py:925} INFO - DAG(s) 'tg_user_processing' retrieved from /opt/airflow/dags/tg_user_processing.py
[2026-01-17T06:05:56.125+0000] {logging_mixin.py:190} INFO - [2026-01-17T06:05:56.124+0000] {dag.py:3239} INFO - Sync 1 DAGs
[2026-01-17T06:05:56.175+0000] {logging_mixin.py:190} INFO - [2026-01-17T06:05:56.175+0000] {dag.py:4180} INFO - Setting next_dagrun for tg_user_processing to 2026-01-16 00:00:00+00:00, run_after=2026-01-17 00:00:00+00:00
[2026-01-17T06:05:56.292+0000] {processor.py:208} INFO - Processing /opt/airflow/dags/tg_user_processing.py took 0.809 seconds
[2026-01-17T06:06:26.510+0000] {processor.py:186} INFO - Started process (PID=9888) to work on /opt/airflow/dags/tg_user_processing.py
[2026-01-17T06:06:26.511+0000] {processor.py:914} INFO - Processing file /opt/airflow/dags/tg_user_processing.py for tasks to queue
[2026-01-17T06:06:26.513+0000] {logging_mixin.py:190} INFO - [2026-01-17T06:06:26.512+0000] {dagbag.py:588} INFO - Filling up the DagBag from /opt/airflow/dags/tg_user_processing.py
[2026-01-17T06:06:27.045+0000] {processor.py:925} INFO - DAG(s) 'tg_user_processing' retrieved from /opt/airflow/dags/tg_user_processing.py
[2026-01-17T06:06:27.097+0000] {logging_mixin.py:190} INFO - [2026-01-17T06:06:27.096+0000] {dag.py:3239} INFO - Sync 1 DAGs
[2026-01-17T06:06:27.136+0000] {logging_mixin.py:190} INFO - [2026-01-17T06:06:27.135+0000] {dag.py:4180} INFO - Setting next_dagrun for tg_user_processing to 2026-01-16 00:00:00+00:00, run_after=2026-01-17 00:00:00+00:00
[2026-01-17T06:06:27.189+0000] {processor.py:208} INFO - Processing /opt/airflow/dags/tg_user_processing.py took 0.689 seconds
[2026-01-17T06:06:58.066+0000] {processor.py:186} INFO - Started process (PID=9912) to work on /opt/airflow/dags/tg_user_processing.py
[2026-01-17T06:06:58.068+0000] {processor.py:914} INFO - Processing file /opt/airflow/dags/tg_user_processing.py for tasks to queue
[2026-01-17T06:06:58.070+0000] {logging_mixin.py:190} INFO - [2026-01-17T06:06:58.069+0000] {dagbag.py:588} INFO - Filling up the DagBag from /opt/airflow/dags/tg_user_processing.py
[2026-01-17T06:06:58.674+0000] {processor.py:925} INFO - DAG(s) 'tg_user_processing' retrieved from /opt/airflow/dags/tg_user_processing.py
[2026-01-17T06:06:58.721+0000] {logging_mixin.py:190} INFO - [2026-01-17T06:06:58.720+0000] {dag.py:3239} INFO - Sync 1 DAGs
[2026-01-17T06:06:58.772+0000] {logging_mixin.py:190} INFO - [2026-01-17T06:06:58.771+0000] {dag.py:4180} INFO - Setting next_dagrun for tg_user_processing to 2026-01-16 00:00:00+00:00, run_after=2026-01-17 00:00:00+00:00
[2026-01-17T06:06:58.817+0000] {processor.py:208} INFO - Processing /opt/airflow/dags/tg_user_processing.py took 0.763 seconds
[2026-01-17T06:07:29.054+0000] {processor.py:186} INFO - Started process (PID=9936) to work on /opt/airflow/dags/tg_user_processing.py
[2026-01-17T06:07:29.056+0000] {processor.py:914} INFO - Processing file /opt/airflow/dags/tg_user_processing.py for tasks to queue
[2026-01-17T06:07:29.059+0000] {logging_mixin.py:190} INFO - [2026-01-17T06:07:29.058+0000] {dagbag.py:588} INFO - Filling up the DagBag from /opt/airflow/dags/tg_user_processing.py
[2026-01-17T06:07:29.677+0000] {processor.py:925} INFO - DAG(s) 'tg_user_processing' retrieved from /opt/airflow/dags/tg_user_processing.py
[2026-01-17T06:07:29.732+0000] {logging_mixin.py:190} INFO - [2026-01-17T06:07:29.731+0000] {dag.py:3239} INFO - Sync 1 DAGs
[2026-01-17T06:07:29.784+0000] {logging_mixin.py:190} INFO - [2026-01-17T06:07:29.784+0000] {dag.py:4180} INFO - Setting next_dagrun for tg_user_processing to 2026-01-16 00:00:00+00:00, run_after=2026-01-17 00:00:00+00:00
[2026-01-17T06:07:29.842+0000] {processor.py:208} INFO - Processing /opt/airflow/dags/tg_user_processing.py took 0.801 seconds
[2026-01-17T06:08:00.614+0000] {processor.py:186} INFO - Started process (PID=9960) to work on /opt/airflow/dags/tg_user_processing.py
[2026-01-17T06:08:00.616+0000] {processor.py:914} INFO - Processing file /opt/airflow/dags/tg_user_processing.py for tasks to queue
[2026-01-17T06:08:00.619+0000] {logging_mixin.py:190} INFO - [2026-01-17T06:08:00.618+0000] {dagbag.py:588} INFO - Filling up the DagBag from /opt/airflow/dags/tg_user_processing.py
[2026-01-17T06:08:01.144+0000] {processor.py:925} INFO - DAG(s) 'tg_user_processing' retrieved from /opt/airflow/dags/tg_user_processing.py
[2026-01-17T06:08:01.193+0000] {logging_mixin.py:190} INFO - [2026-01-17T06:08:01.192+0000] {dag.py:3239} INFO - Sync 1 DAGs
[2026-01-17T06:08:01.237+0000] {logging_mixin.py:190} INFO - [2026-01-17T06:08:01.236+0000] {dag.py:4180} INFO - Setting next_dagrun for tg_user_processing to 2026-01-16 00:00:00+00:00, run_after=2026-01-17 00:00:00+00:00
[2026-01-17T06:08:01.283+0000] {processor.py:208} INFO - Processing /opt/airflow/dags/tg_user_processing.py took 0.685 seconds
[2026-01-17T06:08:31.928+0000] {processor.py:186} INFO - Started process (PID=9983) to work on /opt/airflow/dags/tg_user_processing.py
[2026-01-17T06:08:31.930+0000] {processor.py:914} INFO - Processing file /opt/airflow/dags/tg_user_processing.py for tasks to queue
[2026-01-17T06:08:31.933+0000] {logging_mixin.py:190} INFO - [2026-01-17T06:08:31.932+0000] {dagbag.py:588} INFO - Filling up the DagBag from /opt/airflow/dags/tg_user_processing.py
[2026-01-17T06:08:32.527+0000] {processor.py:925} INFO - DAG(s) 'tg_user_processing' retrieved from /opt/airflow/dags/tg_user_processing.py
[2026-01-17T06:08:32.579+0000] {logging_mixin.py:190} INFO - [2026-01-17T06:08:32.578+0000] {dag.py:3239} INFO - Sync 1 DAGs
[2026-01-17T06:08:32.629+0000] {logging_mixin.py:190} INFO - [2026-01-17T06:08:32.629+0000] {dag.py:4180} INFO - Setting next_dagrun for tg_user_processing to 2026-01-16 00:00:00+00:00, run_after=2026-01-17 00:00:00+00:00
[2026-01-17T06:08:32.675+0000] {processor.py:208} INFO - Processing /opt/airflow/dags/tg_user_processing.py took 0.759 seconds
[2026-01-17T06:09:02.899+0000] {processor.py:186} INFO - Started process (PID=10007) to work on /opt/airflow/dags/tg_user_processing.py
[2026-01-17T06:09:02.902+0000] {processor.py:914} INFO - Processing file /opt/airflow/dags/tg_user_processing.py for tasks to queue
[2026-01-17T06:09:02.905+0000] {logging_mixin.py:190} INFO - [2026-01-17T06:09:02.904+0000] {dagbag.py:588} INFO - Filling up the DagBag from /opt/airflow/dags/tg_user_processing.py
[2026-01-17T06:09:03.368+0000] {processor.py:925} INFO - DAG(s) 'tg_user_processing' retrieved from /opt/airflow/dags/tg_user_processing.py
[2026-01-17T06:09:03.406+0000] {logging_mixin.py:190} INFO - [2026-01-17T06:09:03.405+0000] {dag.py:3239} INFO - Sync 1 DAGs
[2026-01-17T06:09:03.442+0000] {logging_mixin.py:190} INFO - [2026-01-17T06:09:03.442+0000] {dag.py:4180} INFO - Setting next_dagrun for tg_user_processing to 2026-01-16 00:00:00+00:00, run_after=2026-01-17 00:00:00+00:00
[2026-01-17T06:09:03.490+0000] {processor.py:208} INFO - Processing /opt/airflow/dags/tg_user_processing.py took 0.610 seconds
[2026-01-17T06:09:33.859+0000] {processor.py:186} INFO - Started process (PID=10032) to work on /opt/airflow/dags/tg_user_processing.py
[2026-01-17T06:09:33.862+0000] {processor.py:914} INFO - Processing file /opt/airflow/dags/tg_user_processing.py for tasks to queue
[2026-01-17T06:09:33.867+0000] {logging_mixin.py:190} INFO - [2026-01-17T06:09:33.866+0000] {dagbag.py:588} INFO - Filling up the DagBag from /opt/airflow/dags/tg_user_processing.py
[2026-01-17T06:09:35.085+0000] {processor.py:925} INFO - DAG(s) 'tg_user_processing' retrieved from /opt/airflow/dags/tg_user_processing.py
[2026-01-17T06:09:35.171+0000] {logging_mixin.py:190} INFO - [2026-01-17T06:09:35.170+0000] {dag.py:3239} INFO - Sync 1 DAGs
[2026-01-17T06:09:35.286+0000] {logging_mixin.py:190} INFO - [2026-01-17T06:09:35.285+0000] {dag.py:4180} INFO - Setting next_dagrun for tg_user_processing to 2026-01-16 00:00:00+00:00, run_after=2026-01-17 00:00:00+00:00
[2026-01-17T06:09:35.379+0000] {processor.py:208} INFO - Processing /opt/airflow/dags/tg_user_processing.py took 1.552 seconds
[2026-01-17T06:10:05.712+0000] {processor.py:186} INFO - Started process (PID=10056) to work on /opt/airflow/dags/tg_user_processing.py
[2026-01-17T06:10:05.714+0000] {processor.py:914} INFO - Processing file /opt/airflow/dags/tg_user_processing.py for tasks to queue
[2026-01-17T06:10:05.718+0000] {logging_mixin.py:190} INFO - [2026-01-17T06:10:05.717+0000] {dagbag.py:588} INFO - Filling up the DagBag from /opt/airflow/dags/tg_user_processing.py
[2026-01-17T06:10:06.666+0000] {processor.py:925} INFO - DAG(s) 'tg_user_processing' retrieved from /opt/airflow/dags/tg_user_processing.py
[2026-01-17T06:10:06.746+0000] {logging_mixin.py:190} INFO - [2026-01-17T06:10:06.745+0000] {dag.py:3239} INFO - Sync 1 DAGs
[2026-01-17T06:10:06.827+0000] {logging_mixin.py:190} INFO - [2026-01-17T06:10:06.827+0000] {dag.py:4180} INFO - Setting next_dagrun for tg_user_processing to 2026-01-16 00:00:00+00:00, run_after=2026-01-17 00:00:00+00:00
[2026-01-17T06:10:06.901+0000] {processor.py:208} INFO - Processing /opt/airflow/dags/tg_user_processing.py took 1.208 seconds
[2026-01-17T06:10:37.614+0000] {processor.py:186} INFO - Started process (PID=10080) to work on /opt/airflow/dags/tg_user_processing.py
[2026-01-17T06:10:37.616+0000] {processor.py:914} INFO - Processing file /opt/airflow/dags/tg_user_processing.py for tasks to queue
[2026-01-17T06:10:37.619+0000] {logging_mixin.py:190} INFO - [2026-01-17T06:10:37.618+0000] {dagbag.py:588} INFO - Filling up the DagBag from /opt/airflow/dags/tg_user_processing.py
[2026-01-17T06:10:38.164+0000] {processor.py:925} INFO - DAG(s) 'tg_user_processing' retrieved from /opt/airflow/dags/tg_user_processing.py
[2026-01-17T06:10:38.211+0000] {logging_mixin.py:190} INFO - [2026-01-17T06:10:38.210+0000] {dag.py:3239} INFO - Sync 1 DAGs
[2026-01-17T06:10:38.264+0000] {logging_mixin.py:190} INFO - [2026-01-17T06:10:38.264+0000] {dag.py:4180} INFO - Setting next_dagrun for tg_user_processing to 2026-01-16 00:00:00+00:00, run_after=2026-01-17 00:00:00+00:00
[2026-01-17T06:10:38.319+0000] {processor.py:208} INFO - Processing /opt/airflow/dags/tg_user_processing.py took 0.724 seconds
[2026-01-17T06:11:08.627+0000] {processor.py:186} INFO - Started process (PID=10105) to work on /opt/airflow/dags/tg_user_processing.py
[2026-01-17T06:11:08.628+0000] {processor.py:914} INFO - Processing file /opt/airflow/dags/tg_user_processing.py for tasks to queue
[2026-01-17T06:11:08.630+0000] {logging_mixin.py:190} INFO - [2026-01-17T06:11:08.629+0000] {dagbag.py:588} INFO - Filling up the DagBag from /opt/airflow/dags/tg_user_processing.py
[2026-01-17T06:11:09.005+0000] {processor.py:925} INFO - DAG(s) 'tg_user_processing' retrieved from /opt/airflow/dags/tg_user_processing.py
[2026-01-17T06:11:09.040+0000] {logging_mixin.py:190} INFO - [2026-01-17T06:11:09.040+0000] {dag.py:3239} INFO - Sync 1 DAGs
[2026-01-17T06:11:09.075+0000] {logging_mixin.py:190} INFO - [2026-01-17T06:11:09.074+0000] {dag.py:4180} INFO - Setting next_dagrun for tg_user_processing to 2026-01-16 00:00:00+00:00, run_after=2026-01-17 00:00:00+00:00
[2026-01-17T06:11:09.110+0000] {processor.py:208} INFO - Processing /opt/airflow/dags/tg_user_processing.py took 0.495 seconds
[2026-01-17T06:11:39.729+0000] {processor.py:186} INFO - Started process (PID=10129) to work on /opt/airflow/dags/tg_user_processing.py
[2026-01-17T06:11:39.731+0000] {processor.py:914} INFO - Processing file /opt/airflow/dags/tg_user_processing.py for tasks to queue
[2026-01-17T06:11:39.735+0000] {logging_mixin.py:190} INFO - [2026-01-17T06:11:39.734+0000] {dagbag.py:588} INFO - Filling up the DagBag from /opt/airflow/dags/tg_user_processing.py
[2026-01-17T06:11:40.291+0000] {processor.py:925} INFO - DAG(s) 'tg_user_processing' retrieved from /opt/airflow/dags/tg_user_processing.py
[2026-01-17T06:11:40.343+0000] {logging_mixin.py:190} INFO - [2026-01-17T06:11:40.342+0000] {dag.py:3239} INFO - Sync 1 DAGs
[2026-01-17T06:11:40.394+0000] {logging_mixin.py:190} INFO - [2026-01-17T06:11:40.394+0000] {dag.py:4180} INFO - Setting next_dagrun for tg_user_processing to 2026-01-16 00:00:00+00:00, run_after=2026-01-17 00:00:00+00:00
[2026-01-17T06:11:40.437+0000] {processor.py:208} INFO - Processing /opt/airflow/dags/tg_user_processing.py took 0.721 seconds
[2026-01-17T06:12:11.205+0000] {processor.py:186} INFO - Started process (PID=10153) to work on /opt/airflow/dags/tg_user_processing.py
[2026-01-17T06:12:11.207+0000] {processor.py:914} INFO - Processing file /opt/airflow/dags/tg_user_processing.py for tasks to queue
[2026-01-17T06:12:11.210+0000] {logging_mixin.py:190} INFO - [2026-01-17T06:12:11.209+0000] {dagbag.py:588} INFO - Filling up the DagBag from /opt/airflow/dags/tg_user_processing.py
[2026-01-17T06:12:11.847+0000] {processor.py:925} INFO - DAG(s) 'tg_user_processing' retrieved from /opt/airflow/dags/tg_user_processing.py
[2026-01-17T06:12:11.888+0000] {logging_mixin.py:190} INFO - [2026-01-17T06:12:11.888+0000] {dag.py:3239} INFO - Sync 1 DAGs
[2026-01-17T06:12:11.935+0000] {logging_mixin.py:190} INFO - [2026-01-17T06:12:11.935+0000] {dag.py:4180} INFO - Setting next_dagrun for tg_user_processing to 2026-01-16 00:00:00+00:00, run_after=2026-01-17 00:00:00+00:00
[2026-01-17T06:12:11.984+0000] {processor.py:208} INFO - Processing /opt/airflow/dags/tg_user_processing.py took 0.796 seconds
[2026-01-17T06:12:42.841+0000] {processor.py:186} INFO - Started process (PID=10178) to work on /opt/airflow/dags/tg_user_processing.py
[2026-01-17T06:12:42.842+0000] {processor.py:914} INFO - Processing file /opt/airflow/dags/tg_user_processing.py for tasks to queue
[2026-01-17T06:12:42.844+0000] {logging_mixin.py:190} INFO - [2026-01-17T06:12:42.843+0000] {dagbag.py:588} INFO - Filling up the DagBag from /opt/airflow/dags/tg_user_processing.py
[2026-01-17T06:12:43.353+0000] {processor.py:925} INFO - DAG(s) 'tg_user_processing' retrieved from /opt/airflow/dags/tg_user_processing.py
[2026-01-17T06:12:43.389+0000] {logging_mixin.py:190} INFO - [2026-01-17T06:12:43.389+0000] {dag.py:3239} INFO - Sync 1 DAGs
[2026-01-17T06:12:43.420+0000] {logging_mixin.py:190} INFO - [2026-01-17T06:12:43.420+0000] {dag.py:4180} INFO - Setting next_dagrun for tg_user_processing to 2026-01-16 00:00:00+00:00, run_after=2026-01-17 00:00:00+00:00
[2026-01-17T06:12:43.463+0000] {processor.py:208} INFO - Processing /opt/airflow/dags/tg_user_processing.py took 0.632 seconds
[2026-01-17T06:13:14.172+0000] {processor.py:186} INFO - Started process (PID=10203) to work on /opt/airflow/dags/tg_user_processing.py
[2026-01-17T06:13:14.177+0000] {processor.py:914} INFO - Processing file /opt/airflow/dags/tg_user_processing.py for tasks to queue
[2026-01-17T06:13:14.180+0000] {logging_mixin.py:190} INFO - [2026-01-17T06:13:14.179+0000] {dagbag.py:588} INFO - Filling up the DagBag from /opt/airflow/dags/tg_user_processing.py
[2026-01-17T06:13:14.682+0000] {processor.py:925} INFO - DAG(s) 'tg_user_processing' retrieved from /opt/airflow/dags/tg_user_processing.py
[2026-01-17T06:13:14.734+0000] {logging_mixin.py:190} INFO - [2026-01-17T06:13:14.734+0000] {dag.py:3239} INFO - Sync 1 DAGs
[2026-01-17T06:13:14.783+0000] {logging_mixin.py:190} INFO - [2026-01-17T06:13:14.783+0000] {dag.py:4180} INFO - Setting next_dagrun for tg_user_processing to 2026-01-16 00:00:00+00:00, run_after=2026-01-17 00:00:00+00:00
[2026-01-17T06:13:14.827+0000] {processor.py:208} INFO - Processing /opt/airflow/dags/tg_user_processing.py took 0.667 seconds
[2026-01-17T06:13:45.082+0000] {processor.py:186} INFO - Started process (PID=10226) to work on /opt/airflow/dags/tg_user_processing.py
[2026-01-17T06:13:45.084+0000] {processor.py:914} INFO - Processing file /opt/airflow/dags/tg_user_processing.py for tasks to queue
[2026-01-17T06:13:45.087+0000] {logging_mixin.py:190} INFO - [2026-01-17T06:13:45.086+0000] {dagbag.py:588} INFO - Filling up the DagBag from /opt/airflow/dags/tg_user_processing.py
[2026-01-17T06:13:45.552+0000] {processor.py:925} INFO - DAG(s) 'tg_user_processing' retrieved from /opt/airflow/dags/tg_user_processing.py
[2026-01-17T06:13:45.583+0000] {logging_mixin.py:190} INFO - [2026-01-17T06:13:45.582+0000] {dag.py:3239} INFO - Sync 1 DAGs
[2026-01-17T06:13:45.617+0000] {logging_mixin.py:190} INFO - [2026-01-17T06:13:45.617+0000] {dag.py:4180} INFO - Setting next_dagrun for tg_user_processing to 2026-01-16 00:00:00+00:00, run_after=2026-01-17 00:00:00+00:00
[2026-01-17T06:13:45.648+0000] {processor.py:208} INFO - Processing /opt/airflow/dags/tg_user_processing.py took 0.588 seconds
[2026-01-17T06:14:15.776+0000] {processor.py:186} INFO - Started process (PID=10250) to work on /opt/airflow/dags/tg_user_processing.py
[2026-01-17T06:14:15.777+0000] {processor.py:914} INFO - Processing file /opt/airflow/dags/tg_user_processing.py for tasks to queue
[2026-01-17T06:14:15.779+0000] {logging_mixin.py:190} INFO - [2026-01-17T06:14:15.779+0000] {dagbag.py:588} INFO - Filling up the DagBag from /opt/airflow/dags/tg_user_processing.py
[2026-01-17T06:14:16.353+0000] {processor.py:925} INFO - DAG(s) 'tg_user_processing' retrieved from /opt/airflow/dags/tg_user_processing.py
[2026-01-17T06:14:16.411+0000] {logging_mixin.py:190} INFO - [2026-01-17T06:14:16.410+0000] {dag.py:3239} INFO - Sync 1 DAGs
[2026-01-17T06:14:16.452+0000] {logging_mixin.py:190} INFO - [2026-01-17T06:14:16.452+0000] {dag.py:4180} INFO - Setting next_dagrun for tg_user_processing to 2026-01-16 00:00:00+00:00, run_after=2026-01-17 00:00:00+00:00
[2026-01-17T06:14:16.490+0000] {processor.py:208} INFO - Processing /opt/airflow/dags/tg_user_processing.py took 0.732 seconds
[2026-01-17T06:14:46.715+0000] {processor.py:186} INFO - Started process (PID=10275) to work on /opt/airflow/dags/tg_user_processing.py
[2026-01-17T06:14:46.718+0000] {processor.py:914} INFO - Processing file /opt/airflow/dags/tg_user_processing.py for tasks to queue
[2026-01-17T06:14:46.721+0000] {logging_mixin.py:190} INFO - [2026-01-17T06:14:46.720+0000] {dagbag.py:588} INFO - Filling up the DagBag from /opt/airflow/dags/tg_user_processing.py
[2026-01-17T06:14:47.252+0000] {processor.py:925} INFO - DAG(s) 'tg_user_processing' retrieved from /opt/airflow/dags/tg_user_processing.py
[2026-01-17T06:14:47.297+0000] {logging_mixin.py:190} INFO - [2026-01-17T06:14:47.296+0000] {dag.py:3239} INFO - Sync 1 DAGs
[2026-01-17T06:14:47.332+0000] {logging_mixin.py:190} INFO - [2026-01-17T06:14:47.331+0000] {dag.py:4180} INFO - Setting next_dagrun for tg_user_processing to 2026-01-16 00:00:00+00:00, run_after=2026-01-17 00:00:00+00:00
[2026-01-17T06:14:47.384+0000] {processor.py:208} INFO - Processing /opt/airflow/dags/tg_user_processing.py took 0.686 seconds
[2026-01-17T06:15:17.564+0000] {processor.py:186} INFO - Started process (PID=10299) to work on /opt/airflow/dags/tg_user_processing.py
[2026-01-17T06:15:17.566+0000] {processor.py:914} INFO - Processing file /opt/airflow/dags/tg_user_processing.py for tasks to queue
[2026-01-17T06:15:17.568+0000] {logging_mixin.py:190} INFO - [2026-01-17T06:15:17.567+0000] {dagbag.py:588} INFO - Filling up the DagBag from /opt/airflow/dags/tg_user_processing.py
[2026-01-17T06:15:18.159+0000] {processor.py:925} INFO - DAG(s) 'tg_user_processing' retrieved from /opt/airflow/dags/tg_user_processing.py
[2026-01-17T06:15:18.216+0000] {logging_mixin.py:190} INFO - [2026-01-17T06:15:18.215+0000] {dag.py:3239} INFO - Sync 1 DAGs
[2026-01-17T06:15:18.265+0000] {logging_mixin.py:190} INFO - [2026-01-17T06:15:18.265+0000] {dag.py:4180} INFO - Setting next_dagrun for tg_user_processing to 2026-01-16 00:00:00+00:00, run_after=2026-01-17 00:00:00+00:00
[2026-01-17T06:15:18.309+0000] {processor.py:208} INFO - Processing /opt/airflow/dags/tg_user_processing.py took 0.756 seconds
[2026-01-17T06:15:48.435+0000] {processor.py:186} INFO - Started process (PID=10323) to work on /opt/airflow/dags/tg_user_processing.py
[2026-01-17T06:15:48.437+0000] {processor.py:914} INFO - Processing file /opt/airflow/dags/tg_user_processing.py for tasks to queue
[2026-01-17T06:15:48.439+0000] {logging_mixin.py:190} INFO - [2026-01-17T06:15:48.439+0000] {dagbag.py:588} INFO - Filling up the DagBag from /opt/airflow/dags/tg_user_processing.py
[2026-01-17T06:15:48.884+0000] {processor.py:925} INFO - DAG(s) 'tg_user_processing' retrieved from /opt/airflow/dags/tg_user_processing.py
[2026-01-17T06:15:48.927+0000] {logging_mixin.py:190} INFO - [2026-01-17T06:15:48.927+0000] {dag.py:3239} INFO - Sync 1 DAGs
[2026-01-17T06:15:48.969+0000] {logging_mixin.py:190} INFO - [2026-01-17T06:15:48.969+0000] {dag.py:4180} INFO - Setting next_dagrun for tg_user_processing to 2026-01-16 00:00:00+00:00, run_after=2026-01-17 00:00:00+00:00
[2026-01-17T06:15:49.013+0000] {processor.py:208} INFO - Processing /opt/airflow/dags/tg_user_processing.py took 0.592 seconds
[2026-01-17T06:16:19.482+0000] {processor.py:186} INFO - Started process (PID=10347) to work on /opt/airflow/dags/tg_user_processing.py
[2026-01-17T06:16:19.484+0000] {processor.py:914} INFO - Processing file /opt/airflow/dags/tg_user_processing.py for tasks to queue
[2026-01-17T06:16:19.486+0000] {logging_mixin.py:190} INFO - [2026-01-17T06:16:19.485+0000] {dagbag.py:588} INFO - Filling up the DagBag from /opt/airflow/dags/tg_user_processing.py
[2026-01-17T06:16:20.009+0000] {processor.py:925} INFO - DAG(s) 'tg_user_processing' retrieved from /opt/airflow/dags/tg_user_processing.py
[2026-01-17T06:16:20.048+0000] {logging_mixin.py:190} INFO - [2026-01-17T06:16:20.047+0000] {dag.py:3239} INFO - Sync 1 DAGs
[2026-01-17T06:16:20.085+0000] {logging_mixin.py:190} INFO - [2026-01-17T06:16:20.085+0000] {dag.py:4180} INFO - Setting next_dagrun for tg_user_processing to 2026-01-16 00:00:00+00:00, run_after=2026-01-17 00:00:00+00:00
[2026-01-17T06:16:20.130+0000] {processor.py:208} INFO - Processing /opt/airflow/dags/tg_user_processing.py took 0.661 seconds
[2026-01-17T06:16:50.682+0000] {processor.py:186} INFO - Started process (PID=10372) to work on /opt/airflow/dags/tg_user_processing.py
[2026-01-17T06:16:50.684+0000] {processor.py:914} INFO - Processing file /opt/airflow/dags/tg_user_processing.py for tasks to queue
[2026-01-17T06:16:50.686+0000] {logging_mixin.py:190} INFO - [2026-01-17T06:16:50.685+0000] {dagbag.py:588} INFO - Filling up the DagBag from /opt/airflow/dags/tg_user_processing.py
[2026-01-17T06:16:51.240+0000] {processor.py:925} INFO - DAG(s) 'tg_user_processing' retrieved from /opt/airflow/dags/tg_user_processing.py
[2026-01-17T06:16:51.282+0000] {logging_mixin.py:190} INFO - [2026-01-17T06:16:51.281+0000] {dag.py:3239} INFO - Sync 1 DAGs
[2026-01-17T06:16:51.330+0000] {logging_mixin.py:190} INFO - [2026-01-17T06:16:51.329+0000] {dag.py:4180} INFO - Setting next_dagrun for tg_user_processing to 2026-01-16 00:00:00+00:00, run_after=2026-01-17 00:00:00+00:00
[2026-01-17T06:16:51.373+0000] {processor.py:208} INFO - Processing /opt/airflow/dags/tg_user_processing.py took 0.706 seconds
[2026-01-17T06:17:21.585+0000] {processor.py:186} INFO - Started process (PID=10397) to work on /opt/airflow/dags/tg_user_processing.py
[2026-01-17T06:17:21.588+0000] {processor.py:914} INFO - Processing file /opt/airflow/dags/tg_user_processing.py for tasks to queue
[2026-01-17T06:17:21.590+0000] {logging_mixin.py:190} INFO - [2026-01-17T06:17:21.589+0000] {dagbag.py:588} INFO - Filling up the DagBag from /opt/airflow/dags/tg_user_processing.py
[2026-01-17T06:17:22.091+0000] {processor.py:925} INFO - DAG(s) 'tg_user_processing' retrieved from /opt/airflow/dags/tg_user_processing.py
[2026-01-17T06:17:22.129+0000] {logging_mixin.py:190} INFO - [2026-01-17T06:17:22.128+0000] {dag.py:3239} INFO - Sync 1 DAGs
[2026-01-17T06:17:22.169+0000] {logging_mixin.py:190} INFO - [2026-01-17T06:17:22.169+0000] {dag.py:4180} INFO - Setting next_dagrun for tg_user_processing to 2026-01-16 00:00:00+00:00, run_after=2026-01-17 00:00:00+00:00
[2026-01-17T06:17:22.208+0000] {processor.py:208} INFO - Processing /opt/airflow/dags/tg_user_processing.py took 0.638 seconds
[2026-01-17T06:17:52.777+0000] {processor.py:186} INFO - Started process (PID=10422) to work on /opt/airflow/dags/tg_user_processing.py
[2026-01-17T06:17:52.779+0000] {processor.py:914} INFO - Processing file /opt/airflow/dags/tg_user_processing.py for tasks to queue
[2026-01-17T06:17:52.782+0000] {logging_mixin.py:190} INFO - [2026-01-17T06:17:52.781+0000] {dagbag.py:588} INFO - Filling up the DagBag from /opt/airflow/dags/tg_user_processing.py
[2026-01-17T06:17:53.354+0000] {processor.py:925} INFO - DAG(s) 'tg_user_processing' retrieved from /opt/airflow/dags/tg_user_processing.py
[2026-01-17T06:17:53.391+0000] {logging_mixin.py:190} INFO - [2026-01-17T06:17:53.390+0000] {dag.py:3239} INFO - Sync 1 DAGs
[2026-01-17T06:17:53.449+0000] {logging_mixin.py:190} INFO - [2026-01-17T06:17:53.449+0000] {dag.py:4180} INFO - Setting next_dagrun for tg_user_processing to 2026-01-16 00:00:00+00:00, run_after=2026-01-17 00:00:00+00:00
[2026-01-17T06:17:53.484+0000] {processor.py:208} INFO - Processing /opt/airflow/dags/tg_user_processing.py took 0.722 seconds
[2026-01-17T06:18:24.047+0000] {processor.py:186} INFO - Started process (PID=10446) to work on /opt/airflow/dags/tg_user_processing.py
[2026-01-17T06:18:24.048+0000] {processor.py:914} INFO - Processing file /opt/airflow/dags/tg_user_processing.py for tasks to queue
[2026-01-17T06:18:24.050+0000] {logging_mixin.py:190} INFO - [2026-01-17T06:18:24.050+0000] {dagbag.py:588} INFO - Filling up the DagBag from /opt/airflow/dags/tg_user_processing.py
[2026-01-17T06:18:24.493+0000] {processor.py:925} INFO - DAG(s) 'tg_user_processing' retrieved from /opt/airflow/dags/tg_user_processing.py
[2026-01-17T06:18:24.535+0000] {logging_mixin.py:190} INFO - [2026-01-17T06:18:24.534+0000] {dag.py:3239} INFO - Sync 1 DAGs
[2026-01-17T06:18:24.575+0000] {logging_mixin.py:190} INFO - [2026-01-17T06:18:24.575+0000] {dag.py:4180} INFO - Setting next_dagrun for tg_user_processing to 2026-01-16 00:00:00+00:00, run_after=2026-01-17 00:00:00+00:00
[2026-01-17T06:18:24.614+0000] {processor.py:208} INFO - Processing /opt/airflow/dags/tg_user_processing.py took 0.589 seconds
[2026-01-17T06:18:55.104+0000] {processor.py:186} INFO - Started process (PID=10469) to work on /opt/airflow/dags/tg_user_processing.py
[2026-01-17T06:18:55.106+0000] {processor.py:914} INFO - Processing file /opt/airflow/dags/tg_user_processing.py for tasks to queue
[2026-01-17T06:18:55.109+0000] {logging_mixin.py:190} INFO - [2026-01-17T06:18:55.108+0000] {dagbag.py:588} INFO - Filling up the DagBag from /opt/airflow/dags/tg_user_processing.py
[2026-01-17T06:18:55.549+0000] {processor.py:925} INFO - DAG(s) 'tg_user_processing' retrieved from /opt/airflow/dags/tg_user_processing.py
[2026-01-17T06:18:55.591+0000] {logging_mixin.py:190} INFO - [2026-01-17T06:18:55.590+0000] {dag.py:3239} INFO - Sync 1 DAGs
[2026-01-17T06:18:55.636+0000] {logging_mixin.py:190} INFO - [2026-01-17T06:18:55.635+0000] {dag.py:4180} INFO - Setting next_dagrun for tg_user_processing to 2026-01-16 00:00:00+00:00, run_after=2026-01-17 00:00:00+00:00
[2026-01-17T06:18:55.693+0000] {processor.py:208} INFO - Processing /opt/airflow/dags/tg_user_processing.py took 0.601 seconds
[2026-01-17T06:19:26.324+0000] {processor.py:186} INFO - Started process (PID=10499) to work on /opt/airflow/dags/tg_user_processing.py
[2026-01-17T06:19:26.326+0000] {processor.py:914} INFO - Processing file /opt/airflow/dags/tg_user_processing.py for tasks to queue
[2026-01-17T06:19:26.328+0000] {logging_mixin.py:190} INFO - [2026-01-17T06:19:26.328+0000] {dagbag.py:588} INFO - Filling up the DagBag from /opt/airflow/dags/tg_user_processing.py
[2026-01-17T06:19:26.815+0000] {processor.py:925} INFO - DAG(s) 'tg_user_processing' retrieved from /opt/airflow/dags/tg_user_processing.py
[2026-01-17T06:19:26.865+0000] {logging_mixin.py:190} INFO - [2026-01-17T06:19:26.864+0000] {dag.py:3239} INFO - Sync 1 DAGs
[2026-01-17T06:19:26.913+0000] {logging_mixin.py:190} INFO - [2026-01-17T06:19:26.913+0000] {dag.py:4180} INFO - Setting next_dagrun for tg_user_processing to 2026-01-16 00:00:00+00:00, run_after=2026-01-17 00:00:00+00:00
[2026-01-17T06:19:26.946+0000] {processor.py:208} INFO - Processing /opt/airflow/dags/tg_user_processing.py took 0.639 seconds
[2026-01-17T06:19:57.062+0000] {processor.py:186} INFO - Started process (PID=10523) to work on /opt/airflow/dags/tg_user_processing.py
[2026-01-17T06:19:57.063+0000] {processor.py:914} INFO - Processing file /opt/airflow/dags/tg_user_processing.py for tasks to queue
[2026-01-17T06:19:57.066+0000] {logging_mixin.py:190} INFO - [2026-01-17T06:19:57.065+0000] {dagbag.py:588} INFO - Filling up the DagBag from /opt/airflow/dags/tg_user_processing.py
[2026-01-17T06:19:57.496+0000] {processor.py:925} INFO - DAG(s) 'tg_user_processing' retrieved from /opt/airflow/dags/tg_user_processing.py
[2026-01-17T06:19:57.531+0000] {logging_mixin.py:190} INFO - [2026-01-17T06:19:57.530+0000] {dag.py:3239} INFO - Sync 1 DAGs
[2026-01-17T06:19:57.562+0000] {logging_mixin.py:190} INFO - [2026-01-17T06:19:57.562+0000] {dag.py:4180} INFO - Setting next_dagrun for tg_user_processing to 2026-01-16 00:00:00+00:00, run_after=2026-01-17 00:00:00+00:00
[2026-01-17T06:19:57.603+0000] {processor.py:208} INFO - Processing /opt/airflow/dags/tg_user_processing.py took 0.553 seconds
[2026-01-17T06:20:27.894+0000] {processor.py:186} INFO - Started process (PID=10547) to work on /opt/airflow/dags/tg_user_processing.py
[2026-01-17T06:20:27.896+0000] {processor.py:914} INFO - Processing file /opt/airflow/dags/tg_user_processing.py for tasks to queue
[2026-01-17T06:20:27.898+0000] {logging_mixin.py:190} INFO - [2026-01-17T06:20:27.897+0000] {dagbag.py:588} INFO - Filling up the DagBag from /opt/airflow/dags/tg_user_processing.py
[2026-01-17T06:20:28.468+0000] {processor.py:925} INFO - DAG(s) 'tg_user_processing' retrieved from /opt/airflow/dags/tg_user_processing.py
[2026-01-17T06:20:28.515+0000] {logging_mixin.py:190} INFO - [2026-01-17T06:20:28.514+0000] {dag.py:3239} INFO - Sync 1 DAGs
[2026-01-17T06:20:28.557+0000] {logging_mixin.py:190} INFO - [2026-01-17T06:20:28.557+0000] {dag.py:4180} INFO - Setting next_dagrun for tg_user_processing to 2026-01-16 00:00:00+00:00, run_after=2026-01-17 00:00:00+00:00
[2026-01-17T06:20:28.614+0000] {processor.py:208} INFO - Processing /opt/airflow/dags/tg_user_processing.py took 0.733 seconds
[2026-01-17T06:20:58.786+0000] {processor.py:186} INFO - Started process (PID=10571) to work on /opt/airflow/dags/tg_user_processing.py
[2026-01-17T06:20:58.787+0000] {processor.py:914} INFO - Processing file /opt/airflow/dags/tg_user_processing.py for tasks to queue
[2026-01-17T06:20:58.789+0000] {logging_mixin.py:190} INFO - [2026-01-17T06:20:58.789+0000] {dagbag.py:588} INFO - Filling up the DagBag from /opt/airflow/dags/tg_user_processing.py
[2026-01-17T06:20:59.265+0000] {processor.py:925} INFO - DAG(s) 'tg_user_processing' retrieved from /opt/airflow/dags/tg_user_processing.py
[2026-01-17T06:20:59.305+0000] {logging_mixin.py:190} INFO - [2026-01-17T06:20:59.304+0000] {dag.py:3239} INFO - Sync 1 DAGs
[2026-01-17T06:20:59.342+0000] {logging_mixin.py:190} INFO - [2026-01-17T06:20:59.342+0000] {dag.py:4180} INFO - Setting next_dagrun for tg_user_processing to 2026-01-16 00:00:00+00:00, run_after=2026-01-17 00:00:00+00:00
[2026-01-17T06:20:59.376+0000] {processor.py:208} INFO - Processing /opt/airflow/dags/tg_user_processing.py took 0.601 seconds
[2026-01-17T06:21:29.550+0000] {processor.py:186} INFO - Started process (PID=10596) to work on /opt/airflow/dags/tg_user_processing.py
[2026-01-17T06:21:29.552+0000] {processor.py:914} INFO - Processing file /opt/airflow/dags/tg_user_processing.py for tasks to queue
[2026-01-17T06:21:29.556+0000] {logging_mixin.py:190} INFO - [2026-01-17T06:21:29.555+0000] {dagbag.py:588} INFO - Filling up the DagBag from /opt/airflow/dags/tg_user_processing.py
[2026-01-17T06:21:30.015+0000] {processor.py:925} INFO - DAG(s) 'tg_user_processing' retrieved from /opt/airflow/dags/tg_user_processing.py
[2026-01-17T06:21:30.050+0000] {logging_mixin.py:190} INFO - [2026-01-17T06:21:30.049+0000] {dag.py:3239} INFO - Sync 1 DAGs
[2026-01-17T06:21:30.085+0000] {logging_mixin.py:190} INFO - [2026-01-17T06:21:30.085+0000] {dag.py:4180} INFO - Setting next_dagrun for tg_user_processing to 2026-01-16 00:00:00+00:00, run_after=2026-01-17 00:00:00+00:00
[2026-01-17T06:21:30.125+0000] {processor.py:208} INFO - Processing /opt/airflow/dags/tg_user_processing.py took 0.589 seconds
[2026-01-17T06:22:00.263+0000] {processor.py:186} INFO - Started process (PID=10620) to work on /opt/airflow/dags/tg_user_processing.py
[2026-01-17T06:22:00.264+0000] {processor.py:914} INFO - Processing file /opt/airflow/dags/tg_user_processing.py for tasks to queue
[2026-01-17T06:22:00.267+0000] {logging_mixin.py:190} INFO - [2026-01-17T06:22:00.266+0000] {dagbag.py:588} INFO - Filling up the DagBag from /opt/airflow/dags/tg_user_processing.py
[2026-01-17T06:22:00.724+0000] {processor.py:925} INFO - DAG(s) 'tg_user_processing' retrieved from /opt/airflow/dags/tg_user_processing.py
[2026-01-17T06:22:00.759+0000] {logging_mixin.py:190} INFO - [2026-01-17T06:22:00.759+0000] {dag.py:3239} INFO - Sync 1 DAGs
[2026-01-17T06:22:00.791+0000] {logging_mixin.py:190} INFO - [2026-01-17T06:22:00.791+0000] {dag.py:4180} INFO - Setting next_dagrun for tg_user_processing to 2026-01-16 00:00:00+00:00, run_after=2026-01-17 00:00:00+00:00
[2026-01-17T06:22:00.824+0000] {processor.py:208} INFO - Processing /opt/airflow/dags/tg_user_processing.py took 0.581 seconds
[2026-01-17T06:22:31.192+0000] {processor.py:186} INFO - Started process (PID=10644) to work on /opt/airflow/dags/tg_user_processing.py
[2026-01-17T06:22:31.194+0000] {processor.py:914} INFO - Processing file /opt/airflow/dags/tg_user_processing.py for tasks to queue
[2026-01-17T06:22:31.197+0000] {logging_mixin.py:190} INFO - [2026-01-17T06:22:31.196+0000] {dagbag.py:588} INFO - Filling up the DagBag from /opt/airflow/dags/tg_user_processing.py
[2026-01-17T06:22:31.775+0000] {processor.py:925} INFO - DAG(s) 'tg_user_processing' retrieved from /opt/airflow/dags/tg_user_processing.py
[2026-01-17T06:22:31.821+0000] {logging_mixin.py:190} INFO - [2026-01-17T06:22:31.820+0000] {dag.py:3239} INFO - Sync 1 DAGs
[2026-01-17T06:22:31.857+0000] {logging_mixin.py:190} INFO - [2026-01-17T06:22:31.857+0000] {dag.py:4180} INFO - Setting next_dagrun for tg_user_processing to 2026-01-16 00:00:00+00:00, run_after=2026-01-17 00:00:00+00:00
[2026-01-17T06:22:31.893+0000] {processor.py:208} INFO - Processing /opt/airflow/dags/tg_user_processing.py took 0.717 seconds
[2026-01-17T06:23:02.248+0000] {processor.py:186} INFO - Started process (PID=10668) to work on /opt/airflow/dags/tg_user_processing.py
[2026-01-17T06:23:02.250+0000] {processor.py:914} INFO - Processing file /opt/airflow/dags/tg_user_processing.py for tasks to queue
[2026-01-17T06:23:02.252+0000] {logging_mixin.py:190} INFO - [2026-01-17T06:23:02.252+0000] {dagbag.py:588} INFO - Filling up the DagBag from /opt/airflow/dags/tg_user_processing.py
[2026-01-17T06:23:02.745+0000] {processor.py:925} INFO - DAG(s) 'tg_user_processing' retrieved from /opt/airflow/dags/tg_user_processing.py
[2026-01-17T06:23:02.785+0000] {logging_mixin.py:190} INFO - [2026-01-17T06:23:02.784+0000] {dag.py:3239} INFO - Sync 1 DAGs
[2026-01-17T06:23:02.819+0000] {logging_mixin.py:190} INFO - [2026-01-17T06:23:02.819+0000] {dag.py:4180} INFO - Setting next_dagrun for tg_user_processing to 2026-01-16 00:00:00+00:00, run_after=2026-01-17 00:00:00+00:00
[2026-01-17T06:23:02.852+0000] {processor.py:208} INFO - Processing /opt/airflow/dags/tg_user_processing.py took 0.616 seconds
[2026-01-17T06:23:33.488+0000] {processor.py:186} INFO - Started process (PID=10692) to work on /opt/airflow/dags/tg_user_processing.py
[2026-01-17T06:23:33.490+0000] {processor.py:914} INFO - Processing file /opt/airflow/dags/tg_user_processing.py for tasks to queue
[2026-01-17T06:23:33.493+0000] {logging_mixin.py:190} INFO - [2026-01-17T06:23:33.492+0000] {dagbag.py:588} INFO - Filling up the DagBag from /opt/airflow/dags/tg_user_processing.py
[2026-01-17T06:23:33.914+0000] {processor.py:925} INFO - DAG(s) 'tg_user_processing' retrieved from /opt/airflow/dags/tg_user_processing.py
[2026-01-17T06:23:33.961+0000] {logging_mixin.py:190} INFO - [2026-01-17T06:23:33.960+0000] {dag.py:3239} INFO - Sync 1 DAGs
[2026-01-17T06:23:33.997+0000] {logging_mixin.py:190} INFO - [2026-01-17T06:23:33.997+0000] {dag.py:4180} INFO - Setting next_dagrun for tg_user_processing to 2026-01-16 00:00:00+00:00, run_after=2026-01-17 00:00:00+00:00
[2026-01-17T06:23:34.032+0000] {processor.py:208} INFO - Processing /opt/airflow/dags/tg_user_processing.py took 0.554 seconds
[2026-01-17T06:24:04.125+0000] {processor.py:186} INFO - Started process (PID=10716) to work on /opt/airflow/dags/tg_user_processing.py
[2026-01-17T06:24:04.128+0000] {processor.py:914} INFO - Processing file /opt/airflow/dags/tg_user_processing.py for tasks to queue
[2026-01-17T06:24:04.133+0000] {logging_mixin.py:190} INFO - [2026-01-17T06:24:04.131+0000] {dagbag.py:588} INFO - Filling up the DagBag from /opt/airflow/dags/tg_user_processing.py
[2026-01-17T06:24:04.578+0000] {processor.py:925} INFO - DAG(s) 'tg_user_processing' retrieved from /opt/airflow/dags/tg_user_processing.py
[2026-01-17T06:24:04.615+0000] {logging_mixin.py:190} INFO - [2026-01-17T06:24:04.615+0000] {dag.py:3239} INFO - Sync 1 DAGs
[2026-01-17T06:24:04.649+0000] {logging_mixin.py:190} INFO - [2026-01-17T06:24:04.649+0000] {dag.py:4180} INFO - Setting next_dagrun for tg_user_processing to 2026-01-16 00:00:00+00:00, run_after=2026-01-17 00:00:00+00:00
[2026-01-17T06:24:04.752+0000] {processor.py:208} INFO - Processing /opt/airflow/dags/tg_user_processing.py took 0.649 seconds
[2026-01-17T06:24:34.836+0000] {processor.py:186} INFO - Started process (PID=10740) to work on /opt/airflow/dags/tg_user_processing.py
[2026-01-17T06:24:34.838+0000] {processor.py:914} INFO - Processing file /opt/airflow/dags/tg_user_processing.py for tasks to queue
[2026-01-17T06:24:34.841+0000] {logging_mixin.py:190} INFO - [2026-01-17T06:24:34.840+0000] {dagbag.py:588} INFO - Filling up the DagBag from /opt/airflow/dags/tg_user_processing.py
[2026-01-17T06:24:35.491+0000] {processor.py:925} INFO - DAG(s) 'tg_user_processing' retrieved from /opt/airflow/dags/tg_user_processing.py
[2026-01-17T06:24:35.604+0000] {logging_mixin.py:190} INFO - [2026-01-17T06:24:35.603+0000] {dag.py:3239} INFO - Sync 1 DAGs
[2026-01-17T06:24:35.670+0000] {logging_mixin.py:190} INFO - [2026-01-17T06:24:35.670+0000] {dag.py:4180} INFO - Setting next_dagrun for tg_user_processing to 2026-01-16 00:00:00+00:00, run_after=2026-01-17 00:00:00+00:00
[2026-01-17T06:24:35.736+0000] {processor.py:208} INFO - Processing /opt/airflow/dags/tg_user_processing.py took 0.913 seconds
[2026-01-17T06:25:06.098+0000] {processor.py:186} INFO - Started process (PID=10764) to work on /opt/airflow/dags/tg_user_processing.py
[2026-01-17T06:25:06.100+0000] {processor.py:914} INFO - Processing file /opt/airflow/dags/tg_user_processing.py for tasks to queue
[2026-01-17T06:25:06.103+0000] {logging_mixin.py:190} INFO - [2026-01-17T06:25:06.102+0000] {dagbag.py:588} INFO - Filling up the DagBag from /opt/airflow/dags/tg_user_processing.py
[2026-01-17T06:25:06.482+0000] {processor.py:925} INFO - DAG(s) 'tg_user_processing' retrieved from /opt/airflow/dags/tg_user_processing.py
[2026-01-17T06:25:06.520+0000] {logging_mixin.py:190} INFO - [2026-01-17T06:25:06.519+0000] {dag.py:3239} INFO - Sync 1 DAGs
[2026-01-17T06:25:06.553+0000] {logging_mixin.py:190} INFO - [2026-01-17T06:25:06.552+0000] {dag.py:4180} INFO - Setting next_dagrun for tg_user_processing to 2026-01-16 00:00:00+00:00, run_after=2026-01-17 00:00:00+00:00
[2026-01-17T06:25:06.585+0000] {processor.py:208} INFO - Processing /opt/airflow/dags/tg_user_processing.py took 0.504 seconds
[2026-01-17T06:25:36.822+0000] {processor.py:186} INFO - Started process (PID=10789) to work on /opt/airflow/dags/tg_user_processing.py
[2026-01-17T06:25:36.823+0000] {processor.py:914} INFO - Processing file /opt/airflow/dags/tg_user_processing.py for tasks to queue
[2026-01-17T06:25:36.826+0000] {logging_mixin.py:190} INFO - [2026-01-17T06:25:36.825+0000] {dagbag.py:588} INFO - Filling up the DagBag from /opt/airflow/dags/tg_user_processing.py
[2026-01-17T06:25:37.231+0000] {processor.py:925} INFO - DAG(s) 'tg_user_processing' retrieved from /opt/airflow/dags/tg_user_processing.py
[2026-01-17T06:25:37.263+0000] {logging_mixin.py:190} INFO - [2026-01-17T06:25:37.263+0000] {dag.py:3239} INFO - Sync 1 DAGs
[2026-01-17T06:25:37.295+0000] {logging_mixin.py:190} INFO - [2026-01-17T06:25:37.295+0000] {dag.py:4180} INFO - Setting next_dagrun for tg_user_processing to 2026-01-16 00:00:00+00:00, run_after=2026-01-17 00:00:00+00:00
[2026-01-17T06:25:37.327+0000] {processor.py:208} INFO - Processing /opt/airflow/dags/tg_user_processing.py took 0.516 seconds
[2026-01-17T06:26:07.762+0000] {processor.py:186} INFO - Started process (PID=10813) to work on /opt/airflow/dags/tg_user_processing.py
[2026-01-17T06:26:07.763+0000] {processor.py:914} INFO - Processing file /opt/airflow/dags/tg_user_processing.py for tasks to queue
[2026-01-17T06:26:07.765+0000] {logging_mixin.py:190} INFO - [2026-01-17T06:26:07.764+0000] {dagbag.py:588} INFO - Filling up the DagBag from /opt/airflow/dags/tg_user_processing.py
[2026-01-17T06:26:08.224+0000] {processor.py:925} INFO - DAG(s) 'tg_user_processing' retrieved from /opt/airflow/dags/tg_user_processing.py
[2026-01-17T06:26:08.257+0000] {logging_mixin.py:190} INFO - [2026-01-17T06:26:08.257+0000] {dag.py:3239} INFO - Sync 1 DAGs
[2026-01-17T06:26:08.292+0000] {logging_mixin.py:190} INFO - [2026-01-17T06:26:08.292+0000] {dag.py:4180} INFO - Setting next_dagrun for tg_user_processing to 2026-01-16 00:00:00+00:00, run_after=2026-01-17 00:00:00+00:00
[2026-01-17T06:26:08.320+0000] {processor.py:208} INFO - Processing /opt/airflow/dags/tg_user_processing.py took 0.568 seconds
[2026-01-17T06:26:38.523+0000] {processor.py:186} INFO - Started process (PID=10837) to work on /opt/airflow/dags/tg_user_processing.py
[2026-01-17T06:26:38.524+0000] {processor.py:914} INFO - Processing file /opt/airflow/dags/tg_user_processing.py for tasks to queue
[2026-01-17T06:26:38.527+0000] {logging_mixin.py:190} INFO - [2026-01-17T06:26:38.526+0000] {dagbag.py:588} INFO - Filling up the DagBag from /opt/airflow/dags/tg_user_processing.py
[2026-01-17T06:26:38.904+0000] {processor.py:925} INFO - DAG(s) 'tg_user_processing' retrieved from /opt/airflow/dags/tg_user_processing.py
[2026-01-17T06:26:38.943+0000] {logging_mixin.py:190} INFO - [2026-01-17T06:26:38.942+0000] {dag.py:3239} INFO - Sync 1 DAGs
[2026-01-17T06:26:38.984+0000] {logging_mixin.py:190} INFO - [2026-01-17T06:26:38.983+0000] {dag.py:4180} INFO - Setting next_dagrun for tg_user_processing to 2026-01-16 00:00:00+00:00, run_after=2026-01-17 00:00:00+00:00
[2026-01-17T06:26:39.030+0000] {processor.py:208} INFO - Processing /opt/airflow/dags/tg_user_processing.py took 0.522 seconds
[2026-01-17T06:27:09.365+0000] {processor.py:186} INFO - Started process (PID=10861) to work on /opt/airflow/dags/tg_user_processing.py
[2026-01-17T06:27:09.367+0000] {processor.py:914} INFO - Processing file /opt/airflow/dags/tg_user_processing.py for tasks to queue
[2026-01-17T06:27:09.368+0000] {logging_mixin.py:190} INFO - [2026-01-17T06:27:09.368+0000] {dagbag.py:588} INFO - Filling up the DagBag from /opt/airflow/dags/tg_user_processing.py
[2026-01-17T06:27:09.816+0000] {processor.py:925} INFO - DAG(s) 'tg_user_processing' retrieved from /opt/airflow/dags/tg_user_processing.py
[2026-01-17T06:27:09.853+0000] {logging_mixin.py:190} INFO - [2026-01-17T06:27:09.852+0000] {dag.py:3239} INFO - Sync 1 DAGs
[2026-01-17T06:27:09.900+0000] {logging_mixin.py:190} INFO - [2026-01-17T06:27:09.900+0000] {dag.py:4180} INFO - Setting next_dagrun for tg_user_processing to 2026-01-16 00:00:00+00:00, run_after=2026-01-17 00:00:00+00:00
[2026-01-17T06:27:09.928+0000] {processor.py:208} INFO - Processing /opt/airflow/dags/tg_user_processing.py took 0.575 seconds
[2026-01-17T06:27:40.013+0000] {processor.py:186} INFO - Started process (PID=10885) to work on /opt/airflow/dags/tg_user_processing.py
[2026-01-17T06:27:40.015+0000] {processor.py:914} INFO - Processing file /opt/airflow/dags/tg_user_processing.py for tasks to queue
[2026-01-17T06:27:40.017+0000] {logging_mixin.py:190} INFO - [2026-01-17T06:27:40.017+0000] {dagbag.py:588} INFO - Filling up the DagBag from /opt/airflow/dags/tg_user_processing.py
[2026-01-17T06:27:40.460+0000] {processor.py:925} INFO - DAG(s) 'tg_user_processing' retrieved from /opt/airflow/dags/tg_user_processing.py
[2026-01-17T06:27:40.495+0000] {logging_mixin.py:190} INFO - [2026-01-17T06:27:40.495+0000] {dag.py:3239} INFO - Sync 1 DAGs
[2026-01-17T06:27:40.530+0000] {logging_mixin.py:190} INFO - [2026-01-17T06:27:40.530+0000] {dag.py:4180} INFO - Setting next_dagrun for tg_user_processing to 2026-01-16 00:00:00+00:00, run_after=2026-01-17 00:00:00+00:00
[2026-01-17T06:27:40.560+0000] {processor.py:208} INFO - Processing /opt/airflow/dags/tg_user_processing.py took 0.561 seconds
[2026-01-17T06:28:10.647+0000] {processor.py:186} INFO - Started process (PID=10909) to work on /opt/airflow/dags/tg_user_processing.py
[2026-01-17T06:28:10.649+0000] {processor.py:914} INFO - Processing file /opt/airflow/dags/tg_user_processing.py for tasks to queue
[2026-01-17T06:28:10.650+0000] {logging_mixin.py:190} INFO - [2026-01-17T06:28:10.650+0000] {dagbag.py:588} INFO - Filling up the DagBag from /opt/airflow/dags/tg_user_processing.py
[2026-01-17T06:28:11.063+0000] {processor.py:925} INFO - DAG(s) 'tg_user_processing' retrieved from /opt/airflow/dags/tg_user_processing.py
[2026-01-17T06:28:11.091+0000] {logging_mixin.py:190} INFO - [2026-01-17T06:28:11.090+0000] {dag.py:3239} INFO - Sync 1 DAGs
[2026-01-17T06:28:11.119+0000] {logging_mixin.py:190} INFO - [2026-01-17T06:28:11.119+0000] {dag.py:4180} INFO - Setting next_dagrun for tg_user_processing to 2026-01-16 00:00:00+00:00, run_after=2026-01-17 00:00:00+00:00
[2026-01-17T06:28:11.150+0000] {processor.py:208} INFO - Processing /opt/airflow/dags/tg_user_processing.py took 0.512 seconds
[2026-01-17T06:28:41.700+0000] {processor.py:186} INFO - Started process (PID=10933) to work on /opt/airflow/dags/tg_user_processing.py
[2026-01-17T06:28:41.702+0000] {processor.py:914} INFO - Processing file /opt/airflow/dags/tg_user_processing.py for tasks to queue
[2026-01-17T06:28:41.706+0000] {logging_mixin.py:190} INFO - [2026-01-17T06:28:41.705+0000] {dagbag.py:588} INFO - Filling up the DagBag from /opt/airflow/dags/tg_user_processing.py
[2026-01-17T06:28:42.759+0000] {processor.py:925} INFO - DAG(s) 'tg_user_processing' retrieved from /opt/airflow/dags/tg_user_processing.py
[2026-01-17T06:28:42.861+0000] {logging_mixin.py:190} INFO - [2026-01-17T06:28:42.860+0000] {dag.py:3239} INFO - Sync 1 DAGs
[2026-01-17T06:28:42.971+0000] {logging_mixin.py:190} INFO - [2026-01-17T06:28:42.970+0000] {dag.py:4180} INFO - Setting next_dagrun for tg_user_processing to 2026-01-16 00:00:00+00:00, run_after=2026-01-17 00:00:00+00:00
[2026-01-17T06:28:43.065+0000] {processor.py:208} INFO - Processing /opt/airflow/dags/tg_user_processing.py took 1.384 seconds
[2026-01-17T06:29:13.286+0000] {processor.py:186} INFO - Started process (PID=10957) to work on /opt/airflow/dags/tg_user_processing.py
[2026-01-17T06:29:13.290+0000] {processor.py:914} INFO - Processing file /opt/airflow/dags/tg_user_processing.py for tasks to queue
[2026-01-17T06:29:13.295+0000] {logging_mixin.py:190} INFO - [2026-01-17T06:29:13.293+0000] {dagbag.py:588} INFO - Filling up the DagBag from /opt/airflow/dags/tg_user_processing.py
[2026-01-17T06:29:14.307+0000] {processor.py:925} INFO - DAG(s) 'tg_user_processing' retrieved from /opt/airflow/dags/tg_user_processing.py
[2026-01-17T06:29:14.428+0000] {logging_mixin.py:190} INFO - [2026-01-17T06:29:14.427+0000] {dag.py:3239} INFO - Sync 1 DAGs
[2026-01-17T06:29:14.510+0000] {logging_mixin.py:190} INFO - [2026-01-17T06:29:14.509+0000] {dag.py:4180} INFO - Setting next_dagrun for tg_user_processing to 2026-01-16 00:00:00+00:00, run_after=2026-01-17 00:00:00+00:00
[2026-01-17T06:29:14.587+0000] {processor.py:208} INFO - Processing /opt/airflow/dags/tg_user_processing.py took 1.329 seconds
[2026-01-17T06:29:45.128+0000] {processor.py:186} INFO - Started process (PID=10981) to work on /opt/airflow/dags/tg_user_processing.py
[2026-01-17T06:29:45.131+0000] {processor.py:914} INFO - Processing file /opt/airflow/dags/tg_user_processing.py for tasks to queue
[2026-01-17T06:29:45.134+0000] {logging_mixin.py:190} INFO - [2026-01-17T06:29:45.133+0000] {dagbag.py:588} INFO - Filling up the DagBag from /opt/airflow/dags/tg_user_processing.py
[2026-01-17T06:29:45.858+0000] {processor.py:925} INFO - DAG(s) 'tg_user_processing' retrieved from /opt/airflow/dags/tg_user_processing.py
[2026-01-17T06:29:45.920+0000] {logging_mixin.py:190} INFO - [2026-01-17T06:29:45.918+0000] {dag.py:3239} INFO - Sync 1 DAGs
[2026-01-17T06:29:45.987+0000] {logging_mixin.py:190} INFO - [2026-01-17T06:29:45.986+0000] {dag.py:4180} INFO - Setting next_dagrun for tg_user_processing to 2026-01-16 00:00:00+00:00, run_after=2026-01-17 00:00:00+00:00
[2026-01-17T06:29:46.048+0000] {processor.py:208} INFO - Processing /opt/airflow/dags/tg_user_processing.py took 0.937 seconds
[2026-01-17T06:30:17.012+0000] {processor.py:186} INFO - Started process (PID=11006) to work on /opt/airflow/dags/tg_user_processing.py
[2026-01-17T06:30:17.014+0000] {processor.py:914} INFO - Processing file /opt/airflow/dags/tg_user_processing.py for tasks to queue
[2026-01-17T06:30:17.018+0000] {logging_mixin.py:190} INFO - [2026-01-17T06:30:17.017+0000] {dagbag.py:588} INFO - Filling up the DagBag from /opt/airflow/dags/tg_user_processing.py
[2026-01-17T06:30:17.872+0000] {processor.py:925} INFO - DAG(s) 'tg_user_processing' retrieved from /opt/airflow/dags/tg_user_processing.py
[2026-01-17T06:30:17.942+0000] {logging_mixin.py:190} INFO - [2026-01-17T06:30:17.941+0000] {dag.py:3239} INFO - Sync 1 DAGs
[2026-01-17T06:30:18.009+0000] {logging_mixin.py:190} INFO - [2026-01-17T06:30:18.008+0000] {dag.py:4180} INFO - Setting next_dagrun for tg_user_processing to 2026-01-16 00:00:00+00:00, run_after=2026-01-17 00:00:00+00:00
[2026-01-17T06:30:18.067+0000] {processor.py:208} INFO - Processing /opt/airflow/dags/tg_user_processing.py took 1.076 seconds
[2026-01-17T06:30:48.627+0000] {processor.py:186} INFO - Started process (PID=11031) to work on /opt/airflow/dags/tg_user_processing.py
[2026-01-17T06:30:48.629+0000] {processor.py:914} INFO - Processing file /opt/airflow/dags/tg_user_processing.py for tasks to queue
[2026-01-17T06:30:48.632+0000] {logging_mixin.py:190} INFO - [2026-01-17T06:30:48.631+0000] {dagbag.py:588} INFO - Filling up the DagBag from /opt/airflow/dags/tg_user_processing.py
[2026-01-17T06:30:49.257+0000] {processor.py:925} INFO - DAG(s) 'tg_user_processing' retrieved from /opt/airflow/dags/tg_user_processing.py
[2026-01-17T06:30:49.308+0000] {logging_mixin.py:190} INFO - [2026-01-17T06:30:49.307+0000] {dag.py:3239} INFO - Sync 1 DAGs
[2026-01-17T06:30:49.358+0000] {logging_mixin.py:190} INFO - [2026-01-17T06:30:49.357+0000] {dag.py:4180} INFO - Setting next_dagrun for tg_user_processing to 2026-01-16 00:00:00+00:00, run_after=2026-01-17 00:00:00+00:00
[2026-01-17T06:30:49.411+0000] {processor.py:208} INFO - Processing /opt/airflow/dags/tg_user_processing.py took 0.800 seconds
[2026-01-17T06:31:20.326+0000] {processor.py:186} INFO - Started process (PID=11055) to work on /opt/airflow/dags/tg_user_processing.py
[2026-01-17T06:31:20.328+0000] {processor.py:914} INFO - Processing file /opt/airflow/dags/tg_user_processing.py for tasks to queue
[2026-01-17T06:31:20.332+0000] {logging_mixin.py:190} INFO - [2026-01-17T06:31:20.331+0000] {dagbag.py:588} INFO - Filling up the DagBag from /opt/airflow/dags/tg_user_processing.py
[2026-01-17T06:31:21.312+0000] {processor.py:925} INFO - DAG(s) 'tg_user_processing' retrieved from /opt/airflow/dags/tg_user_processing.py
[2026-01-17T06:31:21.404+0000] {logging_mixin.py:190} INFO - [2026-01-17T06:31:21.401+0000] {dag.py:3239} INFO - Sync 1 DAGs
[2026-01-17T06:31:21.503+0000] {logging_mixin.py:190} INFO - [2026-01-17T06:31:21.503+0000] {dag.py:4180} INFO - Setting next_dagrun for tg_user_processing to 2026-01-16 00:00:00+00:00, run_after=2026-01-17 00:00:00+00:00
[2026-01-17T06:31:21.605+0000] {processor.py:208} INFO - Processing /opt/airflow/dags/tg_user_processing.py took 1.297 seconds
[2026-01-17T06:31:52.252+0000] {processor.py:186} INFO - Started process (PID=11079) to work on /opt/airflow/dags/tg_user_processing.py
[2026-01-17T06:31:52.254+0000] {processor.py:914} INFO - Processing file /opt/airflow/dags/tg_user_processing.py for tasks to queue
[2026-01-17T06:31:52.256+0000] {logging_mixin.py:190} INFO - [2026-01-17T06:31:52.256+0000] {dagbag.py:588} INFO - Filling up the DagBag from /opt/airflow/dags/tg_user_processing.py
[2026-01-17T06:31:52.921+0000] {processor.py:925} INFO - DAG(s) 'tg_user_processing' retrieved from /opt/airflow/dags/tg_user_processing.py
[2026-01-17T06:31:52.989+0000] {logging_mixin.py:190} INFO - [2026-01-17T06:31:52.988+0000] {dag.py:3239} INFO - Sync 1 DAGs
[2026-01-17T06:31:53.058+0000] {logging_mixin.py:190} INFO - [2026-01-17T06:31:53.057+0000] {dag.py:4180} INFO - Setting next_dagrun for tg_user_processing to 2026-01-16 00:00:00+00:00, run_after=2026-01-17 00:00:00+00:00
[2026-01-17T06:31:53.123+0000] {processor.py:208} INFO - Processing /opt/airflow/dags/tg_user_processing.py took 0.890 seconds
[2026-01-17T06:32:23.267+0000] {processor.py:186} INFO - Started process (PID=11103) to work on /opt/airflow/dags/tg_user_processing.py
[2026-01-17T06:32:23.275+0000] {processor.py:914} INFO - Processing file /opt/airflow/dags/tg_user_processing.py for tasks to queue
[2026-01-17T06:32:23.280+0000] {logging_mixin.py:190} INFO - [2026-01-17T06:32:23.279+0000] {dagbag.py:588} INFO - Filling up the DagBag from /opt/airflow/dags/tg_user_processing.py
[2026-01-17T06:32:24.262+0000] {processor.py:925} INFO - DAG(s) 'tg_user_processing' retrieved from /opt/airflow/dags/tg_user_processing.py
[2026-01-17T06:32:24.338+0000] {logging_mixin.py:190} INFO - [2026-01-17T06:32:24.336+0000] {dag.py:3239} INFO - Sync 1 DAGs
[2026-01-17T06:32:24.423+0000] {logging_mixin.py:190} INFO - [2026-01-17T06:32:24.422+0000] {dag.py:4180} INFO - Setting next_dagrun for tg_user_processing to 2026-01-16 00:00:00+00:00, run_after=2026-01-17 00:00:00+00:00
[2026-01-17T06:32:24.503+0000] {processor.py:208} INFO - Processing /opt/airflow/dags/tg_user_processing.py took 1.260 seconds
[2026-01-17T06:32:54.949+0000] {processor.py:186} INFO - Started process (PID=11127) to work on /opt/airflow/dags/tg_user_processing.py
[2026-01-17T06:32:54.951+0000] {processor.py:914} INFO - Processing file /opt/airflow/dags/tg_user_processing.py for tasks to queue
[2026-01-17T06:32:54.952+0000] {logging_mixin.py:190} INFO - [2026-01-17T06:32:54.952+0000] {dagbag.py:588} INFO - Filling up the DagBag from /opt/airflow/dags/tg_user_processing.py
[2026-01-17T06:32:55.606+0000] {processor.py:925} INFO - DAG(s) 'tg_user_processing' retrieved from /opt/airflow/dags/tg_user_processing.py
[2026-01-17T06:32:55.668+0000] {logging_mixin.py:190} INFO - [2026-01-17T06:32:55.667+0000] {dag.py:3239} INFO - Sync 1 DAGs
[2026-01-17T06:32:55.725+0000] {logging_mixin.py:190} INFO - [2026-01-17T06:32:55.724+0000] {dag.py:4180} INFO - Setting next_dagrun for tg_user_processing to 2026-01-16 00:00:00+00:00, run_after=2026-01-17 00:00:00+00:00
[2026-01-17T06:32:55.780+0000] {processor.py:208} INFO - Processing /opt/airflow/dags/tg_user_processing.py took 0.843 seconds
[2026-01-17T06:33:25.901+0000] {processor.py:186} INFO - Started process (PID=11151) to work on /opt/airflow/dags/tg_user_processing.py
[2026-01-17T06:33:25.904+0000] {processor.py:914} INFO - Processing file /opt/airflow/dags/tg_user_processing.py for tasks to queue
[2026-01-17T06:33:25.907+0000] {logging_mixin.py:190} INFO - [2026-01-17T06:33:25.906+0000] {dagbag.py:588} INFO - Filling up the DagBag from /opt/airflow/dags/tg_user_processing.py
[2026-01-17T06:33:27.061+0000] {processor.py:925} INFO - DAG(s) 'tg_user_processing' retrieved from /opt/airflow/dags/tg_user_processing.py
[2026-01-17T06:33:27.150+0000] {logging_mixin.py:190} INFO - [2026-01-17T06:33:27.149+0000] {dag.py:3239} INFO - Sync 1 DAGs
[2026-01-17T06:33:27.221+0000] {logging_mixin.py:190} INFO - [2026-01-17T06:33:27.220+0000] {dag.py:4180} INFO - Setting next_dagrun for tg_user_processing to 2026-01-16 00:00:00+00:00, run_after=2026-01-17 00:00:00+00:00
[2026-01-17T06:33:27.303+0000] {processor.py:208} INFO - Processing /opt/airflow/dags/tg_user_processing.py took 1.424 seconds
[2026-01-17T06:33:58.094+0000] {processor.py:186} INFO - Started process (PID=11175) to work on /opt/airflow/dags/tg_user_processing.py
[2026-01-17T06:33:58.097+0000] {processor.py:914} INFO - Processing file /opt/airflow/dags/tg_user_processing.py for tasks to queue
[2026-01-17T06:33:58.101+0000] {logging_mixin.py:190} INFO - [2026-01-17T06:33:58.100+0000] {dagbag.py:588} INFO - Filling up the DagBag from /opt/airflow/dags/tg_user_processing.py
[2026-01-17T06:33:59.167+0000] {processor.py:925} INFO - DAG(s) 'tg_user_processing' retrieved from /opt/airflow/dags/tg_user_processing.py
[2026-01-17T06:33:59.294+0000] {logging_mixin.py:190} INFO - [2026-01-17T06:33:59.293+0000] {dag.py:3239} INFO - Sync 1 DAGs
[2026-01-17T06:33:59.433+0000] {logging_mixin.py:190} INFO - [2026-01-17T06:33:59.432+0000] {dag.py:4180} INFO - Setting next_dagrun for tg_user_processing to 2026-01-16 00:00:00+00:00, run_after=2026-01-17 00:00:00+00:00
[2026-01-17T06:33:59.599+0000] {processor.py:208} INFO - Processing /opt/airflow/dags/tg_user_processing.py took 1.525 seconds
[2026-01-17T06:34:30.118+0000] {processor.py:186} INFO - Started process (PID=11205) to work on /opt/airflow/dags/tg_user_processing.py
[2026-01-17T06:34:30.120+0000] {processor.py:914} INFO - Processing file /opt/airflow/dags/tg_user_processing.py for tasks to queue
[2026-01-17T06:34:30.122+0000] {logging_mixin.py:190} INFO - [2026-01-17T06:34:30.122+0000] {dagbag.py:588} INFO - Filling up the DagBag from /opt/airflow/dags/tg_user_processing.py
[2026-01-17T06:34:30.774+0000] {processor.py:925} INFO - DAG(s) 'tg_user_processing' retrieved from /opt/airflow/dags/tg_user_processing.py
[2026-01-17T06:34:30.840+0000] {logging_mixin.py:190} INFO - [2026-01-17T06:34:30.839+0000] {dag.py:3239} INFO - Sync 1 DAGs
[2026-01-17T06:34:30.899+0000] {logging_mixin.py:190} INFO - [2026-01-17T06:34:30.899+0000] {dag.py:4180} INFO - Setting next_dagrun for tg_user_processing to 2026-01-16 00:00:00+00:00, run_after=2026-01-17 00:00:00+00:00
[2026-01-17T06:34:30.962+0000] {processor.py:208} INFO - Processing /opt/airflow/dags/tg_user_processing.py took 0.859 seconds
[2026-01-17T06:35:01.580+0000] {processor.py:186} INFO - Started process (PID=11229) to work on /opt/airflow/dags/tg_user_processing.py
[2026-01-17T06:35:01.582+0000] {processor.py:914} INFO - Processing file /opt/airflow/dags/tg_user_processing.py for tasks to queue
[2026-01-17T06:35:01.585+0000] {logging_mixin.py:190} INFO - [2026-01-17T06:35:01.584+0000] {dagbag.py:588} INFO - Filling up the DagBag from /opt/airflow/dags/tg_user_processing.py
[2026-01-17T06:35:02.353+0000] {processor.py:925} INFO - DAG(s) 'tg_user_processing' retrieved from /opt/airflow/dags/tg_user_processing.py
[2026-01-17T06:35:02.420+0000] {logging_mixin.py:190} INFO - [2026-01-17T06:35:02.419+0000] {dag.py:3239} INFO - Sync 1 DAGs
[2026-01-17T06:35:02.476+0000] {logging_mixin.py:190} INFO - [2026-01-17T06:35:02.475+0000] {dag.py:4180} INFO - Setting next_dagrun for tg_user_processing to 2026-01-16 00:00:00+00:00, run_after=2026-01-17 00:00:00+00:00
[2026-01-17T06:35:02.538+0000] {processor.py:208} INFO - Processing /opt/airflow/dags/tg_user_processing.py took 0.973 seconds
[2026-01-17T06:35:32.951+0000] {processor.py:186} INFO - Started process (PID=11253) to work on /opt/airflow/dags/tg_user_processing.py
[2026-01-17T06:35:32.953+0000] {processor.py:914} INFO - Processing file /opt/airflow/dags/tg_user_processing.py for tasks to queue
[2026-01-17T06:35:32.956+0000] {logging_mixin.py:190} INFO - [2026-01-17T06:35:32.955+0000] {dagbag.py:588} INFO - Filling up the DagBag from /opt/airflow/dags/tg_user_processing.py
[2026-01-17T06:35:33.873+0000] {processor.py:925} INFO - DAG(s) 'tg_user_processing' retrieved from /opt/airflow/dags/tg_user_processing.py
[2026-01-17T06:35:33.936+0000] {logging_mixin.py:190} INFO - [2026-01-17T06:35:33.935+0000] {dag.py:3239} INFO - Sync 1 DAGs
[2026-01-17T06:35:34.000+0000] {logging_mixin.py:190} INFO - [2026-01-17T06:35:34.000+0000] {dag.py:4180} INFO - Setting next_dagrun for tg_user_processing to 2026-01-16 00:00:00+00:00, run_after=2026-01-17 00:00:00+00:00
[2026-01-17T06:35:34.074+0000] {processor.py:208} INFO - Processing /opt/airflow/dags/tg_user_processing.py took 1.140 seconds
[2026-01-17T06:36:04.345+0000] {processor.py:186} INFO - Started process (PID=11278) to work on /opt/airflow/dags/tg_user_processing.py
[2026-01-17T06:36:04.347+0000] {processor.py:914} INFO - Processing file /opt/airflow/dags/tg_user_processing.py for tasks to queue
[2026-01-17T06:36:04.349+0000] {logging_mixin.py:190} INFO - [2026-01-17T06:36:04.348+0000] {dagbag.py:588} INFO - Filling up the DagBag from /opt/airflow/dags/tg_user_processing.py
[2026-01-17T06:36:04.950+0000] {processor.py:925} INFO - DAG(s) 'tg_user_processing' retrieved from /opt/airflow/dags/tg_user_processing.py
[2026-01-17T06:36:05.011+0000] {logging_mixin.py:190} INFO - [2026-01-17T06:36:05.010+0000] {dag.py:3239} INFO - Sync 1 DAGs
[2026-01-17T06:36:05.062+0000] {logging_mixin.py:190} INFO - [2026-01-17T06:36:05.061+0000] {dag.py:4180} INFO - Setting next_dagrun for tg_user_processing to 2026-01-16 00:00:00+00:00, run_after=2026-01-17 00:00:00+00:00
[2026-01-17T06:36:05.106+0000] {processor.py:208} INFO - Processing /opt/airflow/dags/tg_user_processing.py took 0.774 seconds
[2026-01-17T06:36:35.725+0000] {processor.py:186} INFO - Started process (PID=11302) to work on /opt/airflow/dags/tg_user_processing.py
[2026-01-17T06:36:35.727+0000] {processor.py:914} INFO - Processing file /opt/airflow/dags/tg_user_processing.py for tasks to queue
[2026-01-17T06:36:35.730+0000] {logging_mixin.py:190} INFO - [2026-01-17T06:36:35.729+0000] {dagbag.py:588} INFO - Filling up the DagBag from /opt/airflow/dags/tg_user_processing.py
[2026-01-17T06:36:36.354+0000] {processor.py:925} INFO - DAG(s) 'tg_user_processing' retrieved from /opt/airflow/dags/tg_user_processing.py
[2026-01-17T06:36:36.415+0000] {logging_mixin.py:190} INFO - [2026-01-17T06:36:36.414+0000] {dag.py:3239} INFO - Sync 1 DAGs
[2026-01-17T06:36:36.473+0000] {logging_mixin.py:190} INFO - [2026-01-17T06:36:36.472+0000] {dag.py:4180} INFO - Setting next_dagrun for tg_user_processing to 2026-01-16 00:00:00+00:00, run_after=2026-01-17 00:00:00+00:00
[2026-01-17T06:36:36.520+0000] {processor.py:208} INFO - Processing /opt/airflow/dags/tg_user_processing.py took 0.808 seconds
[2026-01-17T06:37:07.340+0000] {processor.py:186} INFO - Started process (PID=11326) to work on /opt/airflow/dags/tg_user_processing.py
[2026-01-17T06:37:07.341+0000] {processor.py:914} INFO - Processing file /opt/airflow/dags/tg_user_processing.py for tasks to queue
[2026-01-17T06:37:07.344+0000] {logging_mixin.py:190} INFO - [2026-01-17T06:37:07.343+0000] {dagbag.py:588} INFO - Filling up the DagBag from /opt/airflow/dags/tg_user_processing.py
[2026-01-17T06:37:07.974+0000] {processor.py:925} INFO - DAG(s) 'tg_user_processing' retrieved from /opt/airflow/dags/tg_user_processing.py
[2026-01-17T06:37:08.033+0000] {logging_mixin.py:190} INFO - [2026-01-17T06:37:08.033+0000] {dag.py:3239} INFO - Sync 1 DAGs
[2026-01-17T06:37:08.090+0000] {logging_mixin.py:190} INFO - [2026-01-17T06:37:08.089+0000] {dag.py:4180} INFO - Setting next_dagrun for tg_user_processing to 2026-01-16 00:00:00+00:00, run_after=2026-01-17 00:00:00+00:00
[2026-01-17T06:37:08.135+0000] {processor.py:208} INFO - Processing /opt/airflow/dags/tg_user_processing.py took 0.808 seconds
[2026-01-17T06:37:38.446+0000] {processor.py:186} INFO - Started process (PID=11350) to work on /opt/airflow/dags/tg_user_processing.py
[2026-01-17T06:37:38.448+0000] {processor.py:914} INFO - Processing file /opt/airflow/dags/tg_user_processing.py for tasks to queue
[2026-01-17T06:37:38.451+0000] {logging_mixin.py:190} INFO - [2026-01-17T06:37:38.450+0000] {dagbag.py:588} INFO - Filling up the DagBag from /opt/airflow/dags/tg_user_processing.py
[2026-01-17T06:37:39.037+0000] {processor.py:925} INFO - DAG(s) 'tg_user_processing' retrieved from /opt/airflow/dags/tg_user_processing.py
[2026-01-17T06:37:39.092+0000] {logging_mixin.py:190} INFO - [2026-01-17T06:37:39.091+0000] {dag.py:3239} INFO - Sync 1 DAGs
[2026-01-17T06:37:39.143+0000] {logging_mixin.py:190} INFO - [2026-01-17T06:37:39.143+0000] {dag.py:4180} INFO - Setting next_dagrun for tg_user_processing to 2026-01-16 00:00:00+00:00, run_after=2026-01-17 00:00:00+00:00
[2026-01-17T06:37:39.190+0000] {processor.py:208} INFO - Processing /opt/airflow/dags/tg_user_processing.py took 0.755 seconds
[2026-01-17T06:38:09.768+0000] {processor.py:186} INFO - Started process (PID=11374) to work on /opt/airflow/dags/tg_user_processing.py
[2026-01-17T06:38:09.770+0000] {processor.py:914} INFO - Processing file /opt/airflow/dags/tg_user_processing.py for tasks to queue
[2026-01-17T06:38:09.772+0000] {logging_mixin.py:190} INFO - [2026-01-17T06:38:09.771+0000] {dagbag.py:588} INFO - Filling up the DagBag from /opt/airflow/dags/tg_user_processing.py
[2026-01-17T06:38:10.309+0000] {processor.py:925} INFO - DAG(s) 'tg_user_processing' retrieved from /opt/airflow/dags/tg_user_processing.py
[2026-01-17T06:38:10.358+0000] {logging_mixin.py:190} INFO - [2026-01-17T06:38:10.358+0000] {dag.py:3239} INFO - Sync 1 DAGs
[2026-01-17T06:38:10.410+0000] {logging_mixin.py:190} INFO - [2026-01-17T06:38:10.410+0000] {dag.py:4180} INFO - Setting next_dagrun for tg_user_processing to 2026-01-16 00:00:00+00:00, run_after=2026-01-17 00:00:00+00:00
[2026-01-17T06:38:10.783+0000] {processor.py:208} INFO - Processing /opt/airflow/dags/tg_user_processing.py took 1.025 seconds
[2026-01-17T06:38:40.879+0000] {processor.py:186} INFO - Started process (PID=11398) to work on /opt/airflow/dags/tg_user_processing.py
[2026-01-17T06:38:40.881+0000] {processor.py:914} INFO - Processing file /opt/airflow/dags/tg_user_processing.py for tasks to queue
[2026-01-17T06:38:40.883+0000] {logging_mixin.py:190} INFO - [2026-01-17T06:38:40.882+0000] {dagbag.py:588} INFO - Filling up the DagBag from /opt/airflow/dags/tg_user_processing.py
[2026-01-17T06:38:41.347+0000] {processor.py:925} INFO - DAG(s) 'tg_user_processing' retrieved from /opt/airflow/dags/tg_user_processing.py
[2026-01-17T06:38:41.394+0000] {logging_mixin.py:190} INFO - [2026-01-17T06:38:41.394+0000] {dag.py:3239} INFO - Sync 1 DAGs
[2026-01-17T06:38:41.442+0000] {logging_mixin.py:190} INFO - [2026-01-17T06:38:41.442+0000] {dag.py:4180} INFO - Setting next_dagrun for tg_user_processing to 2026-01-16 00:00:00+00:00, run_after=2026-01-17 00:00:00+00:00
[2026-01-17T06:38:41.479+0000] {processor.py:208} INFO - Processing /opt/airflow/dags/tg_user_processing.py took 0.610 seconds
[2026-01-17T06:39:12.146+0000] {processor.py:186} INFO - Started process (PID=11423) to work on /opt/airflow/dags/tg_user_processing.py
[2026-01-17T06:39:12.147+0000] {processor.py:914} INFO - Processing file /opt/airflow/dags/tg_user_processing.py for tasks to queue
[2026-01-17T06:39:12.149+0000] {logging_mixin.py:190} INFO - [2026-01-17T06:39:12.149+0000] {dagbag.py:588} INFO - Filling up the DagBag from /opt/airflow/dags/tg_user_processing.py
[2026-01-17T06:39:12.687+0000] {processor.py:925} INFO - DAG(s) 'tg_user_processing' retrieved from /opt/airflow/dags/tg_user_processing.py
[2026-01-17T06:39:12.745+0000] {logging_mixin.py:190} INFO - [2026-01-17T06:39:12.745+0000] {dag.py:3239} INFO - Sync 1 DAGs
[2026-01-17T06:39:12.801+0000] {logging_mixin.py:190} INFO - [2026-01-17T06:39:12.801+0000] {dag.py:4180} INFO - Setting next_dagrun for tg_user_processing to 2026-01-16 00:00:00+00:00, run_after=2026-01-17 00:00:00+00:00
[2026-01-17T06:39:12.847+0000] {processor.py:208} INFO - Processing /opt/airflow/dags/tg_user_processing.py took 0.712 seconds
[2026-01-17T06:39:43.131+0000] {processor.py:186} INFO - Started process (PID=11447) to work on /opt/airflow/dags/tg_user_processing.py
[2026-01-17T06:39:43.132+0000] {processor.py:914} INFO - Processing file /opt/airflow/dags/tg_user_processing.py for tasks to queue
[2026-01-17T06:39:43.134+0000] {logging_mixin.py:190} INFO - [2026-01-17T06:39:43.133+0000] {dagbag.py:588} INFO - Filling up the DagBag from /opt/airflow/dags/tg_user_processing.py
[2026-01-17T06:39:43.648+0000] {processor.py:925} INFO - DAG(s) 'tg_user_processing' retrieved from /opt/airflow/dags/tg_user_processing.py
[2026-01-17T06:39:43.698+0000] {logging_mixin.py:190} INFO - [2026-01-17T06:39:43.697+0000] {dag.py:3239} INFO - Sync 1 DAGs
[2026-01-17T06:39:43.743+0000] {logging_mixin.py:190} INFO - [2026-01-17T06:39:43.743+0000] {dag.py:4180} INFO - Setting next_dagrun for tg_user_processing to 2026-01-16 00:00:00+00:00, run_after=2026-01-17 00:00:00+00:00
[2026-01-17T06:39:43.788+0000] {processor.py:208} INFO - Processing /opt/airflow/dags/tg_user_processing.py took 0.668 seconds
[2026-01-17T06:40:13.869+0000] {processor.py:186} INFO - Started process (PID=11473) to work on /opt/airflow/dags/tg_user_processing.py
[2026-01-17T06:40:13.871+0000] {processor.py:914} INFO - Processing file /opt/airflow/dags/tg_user_processing.py for tasks to queue
[2026-01-17T06:40:13.873+0000] {logging_mixin.py:190} INFO - [2026-01-17T06:40:13.873+0000] {dagbag.py:588} INFO - Filling up the DagBag from /opt/airflow/dags/tg_user_processing.py
[2026-01-17T06:40:14.390+0000] {processor.py:925} INFO - DAG(s) 'tg_user_processing' retrieved from /opt/airflow/dags/tg_user_processing.py
[2026-01-17T06:40:14.434+0000] {logging_mixin.py:190} INFO - [2026-01-17T06:40:14.433+0000] {dag.py:3239} INFO - Sync 1 DAGs
[2026-01-17T06:40:14.479+0000] {logging_mixin.py:190} INFO - [2026-01-17T06:40:14.478+0000] {dag.py:4180} INFO - Setting next_dagrun for tg_user_processing to 2026-01-16 00:00:00+00:00, run_after=2026-01-17 00:00:00+00:00
[2026-01-17T06:40:14.760+0000] {processor.py:208} INFO - Processing /opt/airflow/dags/tg_user_processing.py took 0.903 seconds
[2026-01-17T06:40:45.415+0000] {processor.py:186} INFO - Started process (PID=11497) to work on /opt/airflow/dags/tg_user_processing.py
[2026-01-17T06:40:45.417+0000] {processor.py:914} INFO - Processing file /opt/airflow/dags/tg_user_processing.py for tasks to queue
[2026-01-17T06:40:45.419+0000] {logging_mixin.py:190} INFO - [2026-01-17T06:40:45.418+0000] {dagbag.py:588} INFO - Filling up the DagBag from /opt/airflow/dags/tg_user_processing.py
[2026-01-17T06:40:45.932+0000] {processor.py:925} INFO - DAG(s) 'tg_user_processing' retrieved from /opt/airflow/dags/tg_user_processing.py
[2026-01-17T06:40:45.982+0000] {logging_mixin.py:190} INFO - [2026-01-17T06:40:45.981+0000] {dag.py:3239} INFO - Sync 1 DAGs
[2026-01-17T06:40:46.034+0000] {logging_mixin.py:190} INFO - [2026-01-17T06:40:46.033+0000] {dag.py:4180} INFO - Setting next_dagrun for tg_user_processing to 2026-01-16 00:00:00+00:00, run_after=2026-01-17 00:00:00+00:00
[2026-01-17T06:40:46.080+0000] {processor.py:208} INFO - Processing /opt/airflow/dags/tg_user_processing.py took 0.678 seconds
[2026-01-17T06:41:16.466+0000] {processor.py:186} INFO - Started process (PID=11521) to work on /opt/airflow/dags/tg_user_processing.py
[2026-01-17T06:41:16.468+0000] {processor.py:914} INFO - Processing file /opt/airflow/dags/tg_user_processing.py for tasks to queue
[2026-01-17T06:41:16.470+0000] {logging_mixin.py:190} INFO - [2026-01-17T06:41:16.469+0000] {dagbag.py:588} INFO - Filling up the DagBag from /opt/airflow/dags/tg_user_processing.py
[2026-01-17T06:41:16.969+0000] {processor.py:925} INFO - DAG(s) 'tg_user_processing' retrieved from /opt/airflow/dags/tg_user_processing.py
[2026-01-17T06:41:17.018+0000] {logging_mixin.py:190} INFO - [2026-01-17T06:41:17.018+0000] {dag.py:3239} INFO - Sync 1 DAGs
[2026-01-17T06:41:17.057+0000] {logging_mixin.py:190} INFO - [2026-01-17T06:41:17.057+0000] {dag.py:4180} INFO - Setting next_dagrun for tg_user_processing to 2026-01-16 00:00:00+00:00, run_after=2026-01-17 00:00:00+00:00
[2026-01-17T06:41:17.099+0000] {processor.py:208} INFO - Processing /opt/airflow/dags/tg_user_processing.py took 0.643 seconds
[2026-01-17T06:41:47.368+0000] {processor.py:186} INFO - Started process (PID=11548) to work on /opt/airflow/dags/tg_user_processing.py
[2026-01-17T06:41:47.370+0000] {processor.py:914} INFO - Processing file /opt/airflow/dags/tg_user_processing.py for tasks to queue
[2026-01-17T06:41:47.373+0000] {logging_mixin.py:190} INFO - [2026-01-17T06:41:47.372+0000] {dagbag.py:588} INFO - Filling up the DagBag from /opt/airflow/dags/tg_user_processing.py
[2026-01-17T06:41:47.989+0000] {processor.py:925} INFO - DAG(s) 'tg_user_processing' retrieved from /opt/airflow/dags/tg_user_processing.py
[2026-01-17T06:41:48.033+0000] {logging_mixin.py:190} INFO - [2026-01-17T06:41:48.032+0000] {dag.py:3239} INFO - Sync 1 DAGs
[2026-01-17T06:41:48.079+0000] {logging_mixin.py:190} INFO - [2026-01-17T06:41:48.079+0000] {dag.py:4180} INFO - Setting next_dagrun for tg_user_processing to 2026-01-16 00:00:00+00:00, run_after=2026-01-17 00:00:00+00:00
[2026-01-17T06:41:48.398+0000] {processor.py:208} INFO - Processing /opt/airflow/dags/tg_user_processing.py took 1.044 seconds
[2026-01-17T06:42:18.493+0000] {processor.py:186} INFO - Started process (PID=11573) to work on /opt/airflow/dags/tg_user_processing.py
[2026-01-17T06:42:18.495+0000] {processor.py:914} INFO - Processing file /opt/airflow/dags/tg_user_processing.py for tasks to queue
[2026-01-17T06:42:18.499+0000] {logging_mixin.py:190} INFO - [2026-01-17T06:42:18.498+0000] {dagbag.py:588} INFO - Filling up the DagBag from /opt/airflow/dags/tg_user_processing.py
[2026-01-17T06:42:19.228+0000] {processor.py:925} INFO - DAG(s) 'tg_user_processing' retrieved from /opt/airflow/dags/tg_user_processing.py
[2026-01-17T06:42:19.289+0000] {logging_mixin.py:190} INFO - [2026-01-17T06:42:19.288+0000] {dag.py:3239} INFO - Sync 1 DAGs
[2026-01-17T06:42:19.360+0000] {logging_mixin.py:190} INFO - [2026-01-17T06:42:19.359+0000] {dag.py:4180} INFO - Setting next_dagrun for tg_user_processing to 2026-01-16 00:00:00+00:00, run_after=2026-01-17 00:00:00+00:00
[2026-01-17T06:42:19.411+0000] {processor.py:208} INFO - Processing /opt/airflow/dags/tg_user_processing.py took 0.936 seconds
[2026-01-17T06:42:49.814+0000] {processor.py:186} INFO - Started process (PID=11597) to work on /opt/airflow/dags/tg_user_processing.py
[2026-01-17T06:42:49.815+0000] {processor.py:914} INFO - Processing file /opt/airflow/dags/tg_user_processing.py for tasks to queue
[2026-01-17T06:42:49.817+0000] {logging_mixin.py:190} INFO - [2026-01-17T06:42:49.816+0000] {dagbag.py:588} INFO - Filling up the DagBag from /opt/airflow/dags/tg_user_processing.py
[2026-01-17T06:42:50.294+0000] {processor.py:925} INFO - DAG(s) 'tg_user_processing' retrieved from /opt/airflow/dags/tg_user_processing.py
[2026-01-17T06:42:50.336+0000] {logging_mixin.py:190} INFO - [2026-01-17T06:42:50.336+0000] {dag.py:3239} INFO - Sync 1 DAGs
[2026-01-17T06:42:50.375+0000] {logging_mixin.py:190} INFO - [2026-01-17T06:42:50.375+0000] {dag.py:4180} INFO - Setting next_dagrun for tg_user_processing to 2026-01-16 00:00:00+00:00, run_after=2026-01-17 00:00:00+00:00
[2026-01-17T06:42:50.408+0000] {processor.py:208} INFO - Processing /opt/airflow/dags/tg_user_processing.py took 0.610 seconds
[2026-01-17T06:43:21.165+0000] {processor.py:186} INFO - Started process (PID=11621) to work on /opt/airflow/dags/tg_user_processing.py
[2026-01-17T06:43:21.167+0000] {processor.py:914} INFO - Processing file /opt/airflow/dags/tg_user_processing.py for tasks to queue
[2026-01-17T06:43:21.169+0000] {logging_mixin.py:190} INFO - [2026-01-17T06:43:21.169+0000] {dagbag.py:588} INFO - Filling up the DagBag from /opt/airflow/dags/tg_user_processing.py
[2026-01-17T06:43:21.621+0000] {processor.py:925} INFO - DAG(s) 'tg_user_processing' retrieved from /opt/airflow/dags/tg_user_processing.py
[2026-01-17T06:43:21.668+0000] {logging_mixin.py:190} INFO - [2026-01-17T06:43:21.667+0000] {dag.py:3239} INFO - Sync 1 DAGs
[2026-01-17T06:43:21.713+0000] {logging_mixin.py:190} INFO - [2026-01-17T06:43:21.713+0000] {dag.py:4180} INFO - Setting next_dagrun for tg_user_processing to 2026-01-16 00:00:00+00:00, run_after=2026-01-17 00:00:00+00:00
[2026-01-17T06:43:21.756+0000] {processor.py:208} INFO - Processing /opt/airflow/dags/tg_user_processing.py took 0.602 seconds
[2026-01-17T06:43:52.673+0000] {processor.py:186} INFO - Started process (PID=11646) to work on /opt/airflow/dags/tg_user_processing.py
[2026-01-17T06:43:52.675+0000] {processor.py:914} INFO - Processing file /opt/airflow/dags/tg_user_processing.py for tasks to queue
[2026-01-17T06:43:52.677+0000] {logging_mixin.py:190} INFO - [2026-01-17T06:43:52.676+0000] {dagbag.py:588} INFO - Filling up the DagBag from /opt/airflow/dags/tg_user_processing.py
[2026-01-17T06:43:53.203+0000] {processor.py:925} INFO - DAG(s) 'tg_user_processing' retrieved from /opt/airflow/dags/tg_user_processing.py
[2026-01-17T06:43:53.245+0000] {logging_mixin.py:190} INFO - [2026-01-17T06:43:53.244+0000] {dag.py:3239} INFO - Sync 1 DAGs
[2026-01-17T06:43:53.523+0000] {logging_mixin.py:190} INFO - [2026-01-17T06:43:53.523+0000] {dag.py:4180} INFO - Setting next_dagrun for tg_user_processing to 2026-01-16 00:00:00+00:00, run_after=2026-01-17 00:00:00+00:00
[2026-01-17T06:43:53.561+0000] {processor.py:208} INFO - Processing /opt/airflow/dags/tg_user_processing.py took 0.899 seconds
[2026-01-17T06:44:24.380+0000] {processor.py:186} INFO - Started process (PID=11670) to work on /opt/airflow/dags/tg_user_processing.py
[2026-01-17T06:44:24.381+0000] {processor.py:914} INFO - Processing file /opt/airflow/dags/tg_user_processing.py for tasks to queue
[2026-01-17T06:44:24.384+0000] {logging_mixin.py:190} INFO - [2026-01-17T06:44:24.383+0000] {dagbag.py:588} INFO - Filling up the DagBag from /opt/airflow/dags/tg_user_processing.py
[2026-01-17T06:44:24.807+0000] {processor.py:925} INFO - DAG(s) 'tg_user_processing' retrieved from /opt/airflow/dags/tg_user_processing.py
[2026-01-17T06:44:24.843+0000] {logging_mixin.py:190} INFO - [2026-01-17T06:44:24.843+0000] {dag.py:3239} INFO - Sync 1 DAGs
[2026-01-17T06:44:24.885+0000] {logging_mixin.py:190} INFO - [2026-01-17T06:44:24.885+0000] {dag.py:4180} INFO - Setting next_dagrun for tg_user_processing to 2026-01-16 00:00:00+00:00, run_after=2026-01-17 00:00:00+00:00
[2026-01-17T06:44:24.921+0000] {processor.py:208} INFO - Processing /opt/airflow/dags/tg_user_processing.py took 0.550 seconds
[2026-01-17T06:44:55.774+0000] {processor.py:186} INFO - Started process (PID=11695) to work on /opt/airflow/dags/tg_user_processing.py
[2026-01-17T06:44:55.776+0000] {processor.py:914} INFO - Processing file /opt/airflow/dags/tg_user_processing.py for tasks to queue
[2026-01-17T06:44:55.778+0000] {logging_mixin.py:190} INFO - [2026-01-17T06:44:55.777+0000] {dagbag.py:588} INFO - Filling up the DagBag from /opt/airflow/dags/tg_user_processing.py
[2026-01-17T06:44:56.409+0000] {processor.py:925} INFO - DAG(s) 'tg_user_processing' retrieved from /opt/airflow/dags/tg_user_processing.py
[2026-01-17T06:44:56.468+0000] {logging_mixin.py:190} INFO - [2026-01-17T06:44:56.467+0000] {dag.py:3239} INFO - Sync 1 DAGs
[2026-01-17T06:44:56.523+0000] {logging_mixin.py:190} INFO - [2026-01-17T06:44:56.523+0000] {dag.py:4180} INFO - Setting next_dagrun for tg_user_processing to 2026-01-16 00:00:00+00:00, run_after=2026-01-17 00:00:00+00:00
[2026-01-17T06:44:56.569+0000] {processor.py:208} INFO - Processing /opt/airflow/dags/tg_user_processing.py took 0.807 seconds
[2026-01-17T06:45:27.058+0000] {processor.py:186} INFO - Started process (PID=11719) to work on /opt/airflow/dags/tg_user_processing.py
[2026-01-17T06:45:27.059+0000] {processor.py:914} INFO - Processing file /opt/airflow/dags/tg_user_processing.py for tasks to queue
[2026-01-17T06:45:27.061+0000] {logging_mixin.py:190} INFO - [2026-01-17T06:45:27.061+0000] {dagbag.py:588} INFO - Filling up the DagBag from /opt/airflow/dags/tg_user_processing.py
[2026-01-17T06:45:27.631+0000] {processor.py:925} INFO - DAG(s) 'tg_user_processing' retrieved from /opt/airflow/dags/tg_user_processing.py
[2026-01-17T06:45:27.700+0000] {logging_mixin.py:190} INFO - [2026-01-17T06:45:27.699+0000] {dag.py:3239} INFO - Sync 1 DAGs
[2026-01-17T06:45:27.755+0000] {logging_mixin.py:190} INFO - [2026-01-17T06:45:27.754+0000] {dag.py:4180} INFO - Setting next_dagrun for tg_user_processing to 2026-01-16 00:00:00+00:00, run_after=2026-01-17 00:00:00+00:00
[2026-01-17T06:45:27.799+0000] {processor.py:208} INFO - Processing /opt/airflow/dags/tg_user_processing.py took 0.752 seconds
[2026-01-17T06:45:57.969+0000] {processor.py:186} INFO - Started process (PID=11743) to work on /opt/airflow/dags/tg_user_processing.py
[2026-01-17T06:45:57.971+0000] {processor.py:914} INFO - Processing file /opt/airflow/dags/tg_user_processing.py for tasks to queue
[2026-01-17T06:45:57.974+0000] {logging_mixin.py:190} INFO - [2026-01-17T06:45:57.973+0000] {dagbag.py:588} INFO - Filling up the DagBag from /opt/airflow/dags/tg_user_processing.py
[2026-01-17T06:45:58.622+0000] {processor.py:925} INFO - DAG(s) 'tg_user_processing' retrieved from /opt/airflow/dags/tg_user_processing.py
[2026-01-17T06:45:58.687+0000] {logging_mixin.py:190} INFO - [2026-01-17T06:45:58.686+0000] {dag.py:3239} INFO - Sync 1 DAGs
[2026-01-17T06:45:59.034+0000] {logging_mixin.py:190} INFO - [2026-01-17T06:45:59.034+0000] {dag.py:4180} INFO - Setting next_dagrun for tg_user_processing to 2026-01-16 00:00:00+00:00, run_after=2026-01-17 00:00:00+00:00
[2026-01-17T06:45:59.082+0000] {processor.py:208} INFO - Processing /opt/airflow/dags/tg_user_processing.py took 1.127 seconds
[2026-01-17T06:46:29.222+0000] {processor.py:186} INFO - Started process (PID=11767) to work on /opt/airflow/dags/tg_user_processing.py
[2026-01-17T06:46:29.224+0000] {processor.py:914} INFO - Processing file /opt/airflow/dags/tg_user_processing.py for tasks to queue
[2026-01-17T06:46:29.226+0000] {logging_mixin.py:190} INFO - [2026-01-17T06:46:29.225+0000] {dagbag.py:588} INFO - Filling up the DagBag from /opt/airflow/dags/tg_user_processing.py
[2026-01-17T06:46:29.670+0000] {processor.py:925} INFO - DAG(s) 'tg_user_processing' retrieved from /opt/airflow/dags/tg_user_processing.py
[2026-01-17T06:46:29.717+0000] {logging_mixin.py:190} INFO - [2026-01-17T06:46:29.716+0000] {dag.py:3239} INFO - Sync 1 DAGs
[2026-01-17T06:46:29.767+0000] {logging_mixin.py:190} INFO - [2026-01-17T06:46:29.766+0000] {dag.py:4180} INFO - Setting next_dagrun for tg_user_processing to 2026-01-16 00:00:00+00:00, run_after=2026-01-17 00:00:00+00:00
[2026-01-17T06:46:29.807+0000] {processor.py:208} INFO - Processing /opt/airflow/dags/tg_user_processing.py took 0.594 seconds
[2026-01-17T06:47:00.860+0000] {processor.py:186} INFO - Started process (PID=11791) to work on /opt/airflow/dags/tg_user_processing.py
[2026-01-17T06:47:00.861+0000] {processor.py:914} INFO - Processing file /opt/airflow/dags/tg_user_processing.py for tasks to queue
[2026-01-17T06:47:00.864+0000] {logging_mixin.py:190} INFO - [2026-01-17T06:47:00.863+0000] {dagbag.py:588} INFO - Filling up the DagBag from /opt/airflow/dags/tg_user_processing.py
[2026-01-17T06:47:01.444+0000] {processor.py:925} INFO - DAG(s) 'tg_user_processing' retrieved from /opt/airflow/dags/tg_user_processing.py
[2026-01-17T06:47:01.498+0000] {logging_mixin.py:190} INFO - [2026-01-17T06:47:01.497+0000] {dag.py:3239} INFO - Sync 1 DAGs
[2026-01-17T06:47:01.548+0000] {logging_mixin.py:190} INFO - [2026-01-17T06:47:01.547+0000] {dag.py:4180} INFO - Setting next_dagrun for tg_user_processing to 2026-01-16 00:00:00+00:00, run_after=2026-01-17 00:00:00+00:00
[2026-01-17T06:47:01.596+0000] {processor.py:208} INFO - Processing /opt/airflow/dags/tg_user_processing.py took 0.749 seconds
[2026-01-17T06:47:32.517+0000] {processor.py:186} INFO - Started process (PID=11820) to work on /opt/airflow/dags/tg_user_processing.py
[2026-01-17T06:47:32.523+0000] {processor.py:914} INFO - Processing file /opt/airflow/dags/tg_user_processing.py for tasks to queue
[2026-01-17T06:47:32.527+0000] {logging_mixin.py:190} INFO - [2026-01-17T06:47:32.526+0000] {dagbag.py:588} INFO - Filling up the DagBag from /opt/airflow/dags/tg_user_processing.py
[2026-01-17T06:47:33.437+0000] {processor.py:925} INFO - DAG(s) 'tg_user_processing' retrieved from /opt/airflow/dags/tg_user_processing.py
[2026-01-17T06:47:33.522+0000] {logging_mixin.py:190} INFO - [2026-01-17T06:47:33.521+0000] {dag.py:3239} INFO - Sync 1 DAGs
[2026-01-17T06:47:33.596+0000] {logging_mixin.py:190} INFO - [2026-01-17T06:47:33.596+0000] {dag.py:4180} INFO - Setting next_dagrun for tg_user_processing to 2026-01-16 00:00:00+00:00, run_after=2026-01-17 00:00:00+00:00
[2026-01-17T06:47:33.668+0000] {processor.py:208} INFO - Processing /opt/airflow/dags/tg_user_processing.py took 1.171 seconds
[2026-01-17T06:48:03.791+0000] {processor.py:186} INFO - Started process (PID=11844) to work on /opt/airflow/dags/tg_user_processing.py
[2026-01-17T06:48:03.793+0000] {processor.py:914} INFO - Processing file /opt/airflow/dags/tg_user_processing.py for tasks to queue
[2026-01-17T06:48:03.794+0000] {logging_mixin.py:190} INFO - [2026-01-17T06:48:03.794+0000] {dagbag.py:588} INFO - Filling up the DagBag from /opt/airflow/dags/tg_user_processing.py
[2026-01-17T06:48:04.213+0000] {processor.py:925} INFO - DAG(s) 'tg_user_processing' retrieved from /opt/airflow/dags/tg_user_processing.py
[2026-01-17T06:48:04.252+0000] {logging_mixin.py:190} INFO - [2026-01-17T06:48:04.251+0000] {dag.py:3239} INFO - Sync 1 DAGs
[2026-01-17T06:48:04.528+0000] {logging_mixin.py:190} INFO - [2026-01-17T06:48:04.528+0000] {dag.py:4180} INFO - Setting next_dagrun for tg_user_processing to 2026-01-16 00:00:00+00:00, run_after=2026-01-17 00:00:00+00:00
[2026-01-17T06:48:04.563+0000] {processor.py:208} INFO - Processing /opt/airflow/dags/tg_user_processing.py took 0.781 seconds
[2026-01-17T06:48:34.954+0000] {processor.py:186} INFO - Started process (PID=11868) to work on /opt/airflow/dags/tg_user_processing.py
[2026-01-17T06:48:34.956+0000] {processor.py:914} INFO - Processing file /opt/airflow/dags/tg_user_processing.py for tasks to queue
[2026-01-17T06:48:34.957+0000] {logging_mixin.py:190} INFO - [2026-01-17T06:48:34.957+0000] {dagbag.py:588} INFO - Filling up the DagBag from /opt/airflow/dags/tg_user_processing.py
[2026-01-17T06:48:35.412+0000] {processor.py:925} INFO - DAG(s) 'tg_user_processing' retrieved from /opt/airflow/dags/tg_user_processing.py
[2026-01-17T06:48:35.455+0000] {logging_mixin.py:190} INFO - [2026-01-17T06:48:35.454+0000] {dag.py:3239} INFO - Sync 1 DAGs
[2026-01-17T06:48:35.502+0000] {logging_mixin.py:190} INFO - [2026-01-17T06:48:35.501+0000] {dag.py:4180} INFO - Setting next_dagrun for tg_user_processing to 2026-01-16 00:00:00+00:00, run_after=2026-01-17 00:00:00+00:00
[2026-01-17T06:48:35.544+0000] {processor.py:208} INFO - Processing /opt/airflow/dags/tg_user_processing.py took 0.602 seconds
[2026-01-17T06:49:06.347+0000] {processor.py:186} INFO - Started process (PID=11892) to work on /opt/airflow/dags/tg_user_processing.py
[2026-01-17T06:49:06.353+0000] {processor.py:914} INFO - Processing file /opt/airflow/dags/tg_user_processing.py for tasks to queue
[2026-01-17T06:49:06.355+0000] {logging_mixin.py:190} INFO - [2026-01-17T06:49:06.355+0000] {dagbag.py:588} INFO - Filling up the DagBag from /opt/airflow/dags/tg_user_processing.py
[2026-01-17T06:49:07.039+0000] {processor.py:925} INFO - DAG(s) 'tg_user_processing' retrieved from /opt/airflow/dags/tg_user_processing.py
[2026-01-17T06:49:07.108+0000] {logging_mixin.py:190} INFO - [2026-01-17T06:49:07.107+0000] {dag.py:3239} INFO - Sync 1 DAGs
[2026-01-17T06:49:07.174+0000] {logging_mixin.py:190} INFO - [2026-01-17T06:49:07.173+0000] {dag.py:4180} INFO - Setting next_dagrun for tg_user_processing to 2026-01-16 00:00:00+00:00, run_after=2026-01-17 00:00:00+00:00
[2026-01-17T06:49:07.243+0000] {processor.py:208} INFO - Processing /opt/airflow/dags/tg_user_processing.py took 0.920 seconds
[2026-01-17T06:49:37.542+0000] {processor.py:186} INFO - Started process (PID=11916) to work on /opt/airflow/dags/tg_user_processing.py
[2026-01-17T06:49:37.543+0000] {processor.py:914} INFO - Processing file /opt/airflow/dags/tg_user_processing.py for tasks to queue
[2026-01-17T06:49:37.545+0000] {logging_mixin.py:190} INFO - [2026-01-17T06:49:37.544+0000] {dagbag.py:588} INFO - Filling up the DagBag from /opt/airflow/dags/tg_user_processing.py
[2026-01-17T06:49:38.006+0000] {processor.py:925} INFO - DAG(s) 'tg_user_processing' retrieved from /opt/airflow/dags/tg_user_processing.py
[2026-01-17T06:49:38.050+0000] {logging_mixin.py:190} INFO - [2026-01-17T06:49:38.049+0000] {dag.py:3239} INFO - Sync 1 DAGs
[2026-01-17T06:49:38.098+0000] {logging_mixin.py:190} INFO - [2026-01-17T06:49:38.097+0000] {dag.py:4180} INFO - Setting next_dagrun for tg_user_processing to 2026-01-16 00:00:00+00:00, run_after=2026-01-17 00:00:00+00:00
[2026-01-17T06:49:38.135+0000] {processor.py:208} INFO - Processing /opt/airflow/dags/tg_user_processing.py took 0.603 seconds
[2026-01-17T06:50:08.662+0000] {processor.py:186} INFO - Started process (PID=11940) to work on /opt/airflow/dags/tg_user_processing.py
[2026-01-17T06:50:08.664+0000] {processor.py:914} INFO - Processing file /opt/airflow/dags/tg_user_processing.py for tasks to queue
[2026-01-17T06:50:08.666+0000] {logging_mixin.py:190} INFO - [2026-01-17T06:50:08.665+0000] {dagbag.py:588} INFO - Filling up the DagBag from /opt/airflow/dags/tg_user_processing.py
[2026-01-17T06:50:09.168+0000] {processor.py:925} INFO - DAG(s) 'tg_user_processing' retrieved from /opt/airflow/dags/tg_user_processing.py
[2026-01-17T06:50:09.216+0000] {logging_mixin.py:190} INFO - [2026-01-17T06:50:09.215+0000] {dag.py:3239} INFO - Sync 1 DAGs
[2026-01-17T06:50:09.520+0000] {logging_mixin.py:190} INFO - [2026-01-17T06:50:09.520+0000] {dag.py:4180} INFO - Setting next_dagrun for tg_user_processing to 2026-01-16 00:00:00+00:00, run_after=2026-01-17 00:00:00+00:00
[2026-01-17T06:50:09.561+0000] {processor.py:208} INFO - Processing /opt/airflow/dags/tg_user_processing.py took 0.909 seconds
[2026-01-17T06:50:40.162+0000] {processor.py:186} INFO - Started process (PID=11965) to work on /opt/airflow/dags/tg_user_processing.py
[2026-01-17T06:50:40.163+0000] {processor.py:914} INFO - Processing file /opt/airflow/dags/tg_user_processing.py for tasks to queue
[2026-01-17T06:50:40.165+0000] {logging_mixin.py:190} INFO - [2026-01-17T06:50:40.165+0000] {dagbag.py:588} INFO - Filling up the DagBag from /opt/airflow/dags/tg_user_processing.py
[2026-01-17T06:50:40.640+0000] {processor.py:925} INFO - DAG(s) 'tg_user_processing' retrieved from /opt/airflow/dags/tg_user_processing.py
[2026-01-17T06:50:40.690+0000] {logging_mixin.py:190} INFO - [2026-01-17T06:50:40.689+0000] {dag.py:3239} INFO - Sync 1 DAGs
[2026-01-17T06:50:40.735+0000] {logging_mixin.py:190} INFO - [2026-01-17T06:50:40.735+0000] {dag.py:4180} INFO - Setting next_dagrun for tg_user_processing to 2026-01-16 00:00:00+00:00, run_after=2026-01-17 00:00:00+00:00
[2026-01-17T06:50:40.776+0000] {processor.py:208} INFO - Processing /opt/airflow/dags/tg_user_processing.py took 0.625 seconds
[2026-01-17T06:51:11.039+0000] {processor.py:186} INFO - Started process (PID=11989) to work on /opt/airflow/dags/tg_user_processing.py
[2026-01-17T06:51:11.042+0000] {processor.py:914} INFO - Processing file /opt/airflow/dags/tg_user_processing.py for tasks to queue
[2026-01-17T06:51:11.046+0000] {logging_mixin.py:190} INFO - [2026-01-17T06:51:11.045+0000] {dagbag.py:588} INFO - Filling up the DagBag from /opt/airflow/dags/tg_user_processing.py
[2026-01-17T06:51:11.512+0000] {processor.py:925} INFO - DAG(s) 'tg_user_processing' retrieved from /opt/airflow/dags/tg_user_processing.py
[2026-01-17T06:51:11.549+0000] {logging_mixin.py:190} INFO - [2026-01-17T06:51:11.549+0000] {dag.py:3239} INFO - Sync 1 DAGs
[2026-01-17T06:51:11.589+0000] {logging_mixin.py:190} INFO - [2026-01-17T06:51:11.588+0000] {dag.py:4180} INFO - Setting next_dagrun for tg_user_processing to 2026-01-16 00:00:00+00:00, run_after=2026-01-17 00:00:00+00:00
[2026-01-17T06:51:11.632+0000] {processor.py:208} INFO - Processing /opt/airflow/dags/tg_user_processing.py took 0.612 seconds
[2026-01-17T06:51:41.700+0000] {processor.py:186} INFO - Started process (PID=12013) to work on /opt/airflow/dags/tg_user_processing.py
[2026-01-17T06:51:41.702+0000] {processor.py:914} INFO - Processing file /opt/airflow/dags/tg_user_processing.py for tasks to queue
[2026-01-17T06:51:41.705+0000] {logging_mixin.py:190} INFO - [2026-01-17T06:51:41.704+0000] {dagbag.py:588} INFO - Filling up the DagBag from /opt/airflow/dags/tg_user_processing.py
[2026-01-17T06:51:42.308+0000] {processor.py:925} INFO - DAG(s) 'tg_user_processing' retrieved from /opt/airflow/dags/tg_user_processing.py
[2026-01-17T06:51:42.372+0000] {logging_mixin.py:190} INFO - [2026-01-17T06:51:42.371+0000] {dag.py:3239} INFO - Sync 1 DAGs
[2026-01-17T06:51:42.432+0000] {logging_mixin.py:190} INFO - [2026-01-17T06:51:42.431+0000] {dag.py:4180} INFO - Setting next_dagrun for tg_user_processing to 2026-01-16 00:00:00+00:00, run_after=2026-01-17 00:00:00+00:00
[2026-01-17T06:51:42.487+0000] {processor.py:208} INFO - Processing /opt/airflow/dags/tg_user_processing.py took 0.803 seconds
[2026-01-17T06:52:12.626+0000] {processor.py:186} INFO - Started process (PID=12037) to work on /opt/airflow/dags/tg_user_processing.py
[2026-01-17T06:52:12.628+0000] {processor.py:914} INFO - Processing file /opt/airflow/dags/tg_user_processing.py for tasks to queue
[2026-01-17T06:52:12.630+0000] {logging_mixin.py:190} INFO - [2026-01-17T06:52:12.629+0000] {dagbag.py:588} INFO - Filling up the DagBag from /opt/airflow/dags/tg_user_processing.py
[2026-01-17T06:52:13.109+0000] {processor.py:925} INFO - DAG(s) 'tg_user_processing' retrieved from /opt/airflow/dags/tg_user_processing.py
[2026-01-17T06:52:13.154+0000] {logging_mixin.py:190} INFO - [2026-01-17T06:52:13.154+0000] {dag.py:3239} INFO - Sync 1 DAGs
[2026-01-17T06:52:13.447+0000] {logging_mixin.py:190} INFO - [2026-01-17T06:52:13.446+0000] {dag.py:4180} INFO - Setting next_dagrun for tg_user_processing to 2026-01-16 00:00:00+00:00, run_after=2026-01-17 00:00:00+00:00
[2026-01-17T06:52:13.481+0000] {processor.py:208} INFO - Processing /opt/airflow/dags/tg_user_processing.py took 0.866 seconds
[2026-01-17T06:52:43.784+0000] {processor.py:186} INFO - Started process (PID=12061) to work on /opt/airflow/dags/tg_user_processing.py
[2026-01-17T06:52:43.785+0000] {processor.py:914} INFO - Processing file /opt/airflow/dags/tg_user_processing.py for tasks to queue
[2026-01-17T06:52:43.787+0000] {logging_mixin.py:190} INFO - [2026-01-17T06:52:43.787+0000] {dagbag.py:588} INFO - Filling up the DagBag from /opt/airflow/dags/tg_user_processing.py
[2026-01-17T06:52:44.247+0000] {processor.py:925} INFO - DAG(s) 'tg_user_processing' retrieved from /opt/airflow/dags/tg_user_processing.py
[2026-01-17T06:52:44.289+0000] {logging_mixin.py:190} INFO - [2026-01-17T06:52:44.288+0000] {dag.py:3239} INFO - Sync 1 DAGs
[2026-01-17T06:52:44.335+0000] {logging_mixin.py:190} INFO - [2026-01-17T06:52:44.334+0000] {dag.py:4180} INFO - Setting next_dagrun for tg_user_processing to 2026-01-16 00:00:00+00:00, run_after=2026-01-17 00:00:00+00:00
[2026-01-17T06:52:44.375+0000] {processor.py:208} INFO - Processing /opt/airflow/dags/tg_user_processing.py took 0.601 seconds
[2026-01-17T06:53:14.706+0000] {processor.py:186} INFO - Started process (PID=12085) to work on /opt/airflow/dags/tg_user_processing.py
[2026-01-17T06:53:14.707+0000] {processor.py:914} INFO - Processing file /opt/airflow/dags/tg_user_processing.py for tasks to queue
[2026-01-17T06:53:14.709+0000] {logging_mixin.py:190} INFO - [2026-01-17T06:53:14.709+0000] {dagbag.py:588} INFO - Filling up the DagBag from /opt/airflow/dags/tg_user_processing.py
[2026-01-17T06:53:15.424+0000] {processor.py:925} INFO - DAG(s) 'tg_user_processing' retrieved from /opt/airflow/dags/tg_user_processing.py
[2026-01-17T06:53:15.520+0000] {logging_mixin.py:190} INFO - [2026-01-17T06:53:15.518+0000] {dag.py:3239} INFO - Sync 1 DAGs
[2026-01-17T06:53:15.585+0000] {logging_mixin.py:190} INFO - [2026-01-17T06:53:15.584+0000] {dag.py:4180} INFO - Setting next_dagrun for tg_user_processing to 2026-01-16 00:00:00+00:00, run_after=2026-01-17 00:00:00+00:00
[2026-01-17T06:53:15.649+0000] {processor.py:208} INFO - Processing /opt/airflow/dags/tg_user_processing.py took 0.956 seconds
[2026-01-17T06:53:45.946+0000] {processor.py:186} INFO - Started process (PID=12109) to work on /opt/airflow/dags/tg_user_processing.py
[2026-01-17T06:53:45.948+0000] {processor.py:914} INFO - Processing file /opt/airflow/dags/tg_user_processing.py for tasks to queue
[2026-01-17T06:53:45.950+0000] {logging_mixin.py:190} INFO - [2026-01-17T06:53:45.949+0000] {dagbag.py:588} INFO - Filling up the DagBag from /opt/airflow/dags/tg_user_processing.py
[2026-01-17T06:53:46.439+0000] {processor.py:925} INFO - DAG(s) 'tg_user_processing' retrieved from /opt/airflow/dags/tg_user_processing.py
[2026-01-17T06:53:46.485+0000] {logging_mixin.py:190} INFO - [2026-01-17T06:53:46.484+0000] {dag.py:3239} INFO - Sync 1 DAGs
[2026-01-17T06:53:46.529+0000] {logging_mixin.py:190} INFO - [2026-01-17T06:53:46.528+0000] {dag.py:4180} INFO - Setting next_dagrun for tg_user_processing to 2026-01-16 00:00:00+00:00, run_after=2026-01-17 00:00:00+00:00
[2026-01-17T06:53:46.804+0000] {processor.py:208} INFO - Processing /opt/airflow/dags/tg_user_processing.py took 0.867 seconds
[2026-01-17T06:54:17.014+0000] {processor.py:186} INFO - Started process (PID=12132) to work on /opt/airflow/dags/tg_user_processing.py
[2026-01-17T06:54:17.016+0000] {processor.py:914} INFO - Processing file /opt/airflow/dags/tg_user_processing.py for tasks to queue
[2026-01-17T06:54:17.018+0000] {logging_mixin.py:190} INFO - [2026-01-17T06:54:17.017+0000] {dagbag.py:588} INFO - Filling up the DagBag from /opt/airflow/dags/tg_user_processing.py
[2026-01-17T06:54:17.532+0000] {processor.py:925} INFO - DAG(s) 'tg_user_processing' retrieved from /opt/airflow/dags/tg_user_processing.py
[2026-01-17T06:54:17.584+0000] {logging_mixin.py:190} INFO - [2026-01-17T06:54:17.583+0000] {dag.py:3239} INFO - Sync 1 DAGs
[2026-01-17T06:54:17.872+0000] {logging_mixin.py:190} INFO - [2026-01-17T06:54:17.872+0000] {dag.py:4180} INFO - Setting next_dagrun for tg_user_processing to 2026-01-16 00:00:00+00:00, run_after=2026-01-17 00:00:00+00:00
[2026-01-17T06:54:17.908+0000] {processor.py:208} INFO - Processing /opt/airflow/dags/tg_user_processing.py took 0.905 seconds
[2026-01-17T06:54:48.029+0000] {processor.py:186} INFO - Started process (PID=12155) to work on /opt/airflow/dags/tg_user_processing.py
[2026-01-17T06:54:48.031+0000] {processor.py:914} INFO - Processing file /opt/airflow/dags/tg_user_processing.py for tasks to queue
[2026-01-17T06:54:48.032+0000] {logging_mixin.py:190} INFO - [2026-01-17T06:54:48.032+0000] {dagbag.py:588} INFO - Filling up the DagBag from /opt/airflow/dags/tg_user_processing.py
[2026-01-17T06:54:48.423+0000] {processor.py:925} INFO - DAG(s) 'tg_user_processing' retrieved from /opt/airflow/dags/tg_user_processing.py
[2026-01-17T06:54:48.459+0000] {logging_mixin.py:190} INFO - [2026-01-17T06:54:48.458+0000] {dag.py:3239} INFO - Sync 1 DAGs
[2026-01-17T06:54:48.488+0000] {logging_mixin.py:190} INFO - [2026-01-17T06:54:48.488+0000] {dag.py:4180} INFO - Setting next_dagrun for tg_user_processing to 2026-01-16 00:00:00+00:00, run_after=2026-01-17 00:00:00+00:00
[2026-01-17T06:54:48.521+0000] {processor.py:208} INFO - Processing /opt/airflow/dags/tg_user_processing.py took 0.503 seconds
[2026-01-17T06:55:19.042+0000] {processor.py:186} INFO - Started process (PID=12179) to work on /opt/airflow/dags/tg_user_processing.py
[2026-01-17T06:55:19.044+0000] {processor.py:914} INFO - Processing file /opt/airflow/dags/tg_user_processing.py for tasks to queue
[2026-01-17T06:55:19.045+0000] {logging_mixin.py:190} INFO - [2026-01-17T06:55:19.045+0000] {dagbag.py:588} INFO - Filling up the DagBag from /opt/airflow/dags/tg_user_processing.py
[2026-01-17T06:55:19.516+0000] {processor.py:925} INFO - DAG(s) 'tg_user_processing' retrieved from /opt/airflow/dags/tg_user_processing.py
[2026-01-17T06:55:19.558+0000] {logging_mixin.py:190} INFO - [2026-01-17T06:55:19.558+0000] {dag.py:3239} INFO - Sync 1 DAGs
[2026-01-17T06:55:19.599+0000] {logging_mixin.py:190} INFO - [2026-01-17T06:55:19.599+0000] {dag.py:4180} INFO - Setting next_dagrun for tg_user_processing to 2026-01-16 00:00:00+00:00, run_after=2026-01-17 00:00:00+00:00
[2026-01-17T06:55:19.636+0000] {processor.py:208} INFO - Processing /opt/airflow/dags/tg_user_processing.py took 0.605 seconds
[2026-01-17T06:55:49.759+0000] {processor.py:186} INFO - Started process (PID=12203) to work on /opt/airflow/dags/tg_user_processing.py
[2026-01-17T06:55:49.762+0000] {processor.py:914} INFO - Processing file /opt/airflow/dags/tg_user_processing.py for tasks to queue
[2026-01-17T06:55:49.772+0000] {logging_mixin.py:190} INFO - [2026-01-17T06:55:49.769+0000] {dagbag.py:588} INFO - Filling up the DagBag from /opt/airflow/dags/tg_user_processing.py
[2026-01-17T06:55:50.425+0000] {processor.py:925} INFO - DAG(s) 'tg_user_processing' retrieved from /opt/airflow/dags/tg_user_processing.py
[2026-01-17T06:55:50.472+0000] {logging_mixin.py:190} INFO - [2026-01-17T06:55:50.471+0000] {dag.py:3239} INFO - Sync 1 DAGs
[2026-01-17T06:55:50.517+0000] {logging_mixin.py:190} INFO - [2026-01-17T06:55:50.516+0000] {dag.py:4180} INFO - Setting next_dagrun for tg_user_processing to 2026-01-16 00:00:00+00:00, run_after=2026-01-17 00:00:00+00:00
[2026-01-17T06:55:50.855+0000] {processor.py:208} INFO - Processing /opt/airflow/dags/tg_user_processing.py took 1.113 seconds
[2026-01-17T06:56:21.014+0000] {processor.py:186} INFO - Started process (PID=12227) to work on /opt/airflow/dags/tg_user_processing.py
[2026-01-17T06:56:21.016+0000] {processor.py:914} INFO - Processing file /opt/airflow/dags/tg_user_processing.py for tasks to queue
[2026-01-17T06:56:21.017+0000] {logging_mixin.py:190} INFO - [2026-01-17T06:56:21.017+0000] {dagbag.py:588} INFO - Filling up the DagBag from /opt/airflow/dags/tg_user_processing.py
[2026-01-17T06:56:21.477+0000] {processor.py:925} INFO - DAG(s) 'tg_user_processing' retrieved from /opt/airflow/dags/tg_user_processing.py
[2026-01-17T06:56:21.524+0000] {logging_mixin.py:190} INFO - [2026-01-17T06:56:21.523+0000] {dag.py:3239} INFO - Sync 1 DAGs
[2026-01-17T06:56:21.845+0000] {logging_mixin.py:190} INFO - [2026-01-17T06:56:21.845+0000] {dag.py:4180} INFO - Setting next_dagrun for tg_user_processing to 2026-01-16 00:00:00+00:00, run_after=2026-01-17 00:00:00+00:00
[2026-01-17T06:56:21.877+0000] {processor.py:208} INFO - Processing /opt/airflow/dags/tg_user_processing.py took 0.873 seconds
[2026-01-17T06:56:52.388+0000] {processor.py:186} INFO - Started process (PID=12251) to work on /opt/airflow/dags/tg_user_processing.py
[2026-01-17T06:56:52.391+0000] {processor.py:914} INFO - Processing file /opt/airflow/dags/tg_user_processing.py for tasks to queue
[2026-01-17T06:56:52.394+0000] {logging_mixin.py:190} INFO - [2026-01-17T06:56:52.393+0000] {dagbag.py:588} INFO - Filling up the DagBag from /opt/airflow/dags/tg_user_processing.py
[2026-01-17T06:56:53.117+0000] {processor.py:925} INFO - DAG(s) 'tg_user_processing' retrieved from /opt/airflow/dags/tg_user_processing.py
[2026-01-17T06:56:53.176+0000] {logging_mixin.py:190} INFO - [2026-01-17T06:56:53.176+0000] {dag.py:3239} INFO - Sync 1 DAGs
[2026-01-17T06:56:53.231+0000] {logging_mixin.py:190} INFO - [2026-01-17T06:56:53.230+0000] {dag.py:4180} INFO - Setting next_dagrun for tg_user_processing to 2026-01-16 00:00:00+00:00, run_after=2026-01-17 00:00:00+00:00
[2026-01-17T06:56:53.283+0000] {processor.py:208} INFO - Processing /opt/airflow/dags/tg_user_processing.py took 0.911 seconds
[2026-01-17T06:57:24.053+0000] {processor.py:186} INFO - Started process (PID=12276) to work on /opt/airflow/dags/tg_user_processing.py
[2026-01-17T06:57:24.055+0000] {processor.py:914} INFO - Processing file /opt/airflow/dags/tg_user_processing.py for tasks to queue
[2026-01-17T06:57:24.057+0000] {logging_mixin.py:190} INFO - [2026-01-17T06:57:24.056+0000] {dagbag.py:588} INFO - Filling up the DagBag from /opt/airflow/dags/tg_user_processing.py
[2026-01-17T06:57:24.781+0000] {processor.py:925} INFO - DAG(s) 'tg_user_processing' retrieved from /opt/airflow/dags/tg_user_processing.py
[2026-01-17T06:57:24.863+0000] {logging_mixin.py:190} INFO - [2026-01-17T06:57:24.862+0000] {dag.py:3239} INFO - Sync 1 DAGs
[2026-01-17T06:57:24.931+0000] {logging_mixin.py:190} INFO - [2026-01-17T06:57:24.930+0000] {dag.py:4180} INFO - Setting next_dagrun for tg_user_processing to 2026-01-16 00:00:00+00:00, run_after=2026-01-17 00:00:00+00:00
[2026-01-17T06:57:25.003+0000] {processor.py:208} INFO - Processing /opt/airflow/dags/tg_user_processing.py took 0.962 seconds
[2026-01-17T06:57:55.896+0000] {processor.py:186} INFO - Started process (PID=12299) to work on /opt/airflow/dags/tg_user_processing.py
[2026-01-17T06:57:55.898+0000] {processor.py:914} INFO - Processing file /opt/airflow/dags/tg_user_processing.py for tasks to queue
[2026-01-17T06:57:55.901+0000] {logging_mixin.py:190} INFO - [2026-01-17T06:57:55.900+0000] {dagbag.py:588} INFO - Filling up the DagBag from /opt/airflow/dags/tg_user_processing.py
[2026-01-17T06:57:56.384+0000] {processor.py:925} INFO - DAG(s) 'tg_user_processing' retrieved from /opt/airflow/dags/tg_user_processing.py
[2026-01-17T06:57:56.435+0000] {logging_mixin.py:190} INFO - [2026-01-17T06:57:56.434+0000] {dag.py:3239} INFO - Sync 1 DAGs
[2026-01-17T06:57:56.478+0000] {logging_mixin.py:190} INFO - [2026-01-17T06:57:56.477+0000] {dag.py:4180} INFO - Setting next_dagrun for tg_user_processing to 2026-01-16 00:00:00+00:00, run_after=2026-01-17 00:00:00+00:00
[2026-01-17T06:57:56.807+0000] {processor.py:208} INFO - Processing /opt/airflow/dags/tg_user_processing.py took 0.924 seconds
[2026-01-17T06:58:27.494+0000] {processor.py:186} INFO - Started process (PID=12323) to work on /opt/airflow/dags/tg_user_processing.py
[2026-01-17T06:58:27.496+0000] {processor.py:914} INFO - Processing file /opt/airflow/dags/tg_user_processing.py for tasks to queue
[2026-01-17T06:58:27.499+0000] {logging_mixin.py:190} INFO - [2026-01-17T06:58:27.498+0000] {dagbag.py:588} INFO - Filling up the DagBag from /opt/airflow/dags/tg_user_processing.py
[2026-01-17T06:58:28.012+0000] {processor.py:925} INFO - DAG(s) 'tg_user_processing' retrieved from /opt/airflow/dags/tg_user_processing.py
[2026-01-17T06:58:28.061+0000] {logging_mixin.py:190} INFO - [2026-01-17T06:58:28.060+0000] {dag.py:3239} INFO - Sync 1 DAGs
[2026-01-17T06:58:28.407+0000] {logging_mixin.py:190} INFO - [2026-01-17T06:58:28.406+0000] {dag.py:4180} INFO - Setting next_dagrun for tg_user_processing to 2026-01-16 00:00:00+00:00, run_after=2026-01-17 00:00:00+00:00
[2026-01-17T06:58:28.445+0000] {processor.py:208} INFO - Processing /opt/airflow/dags/tg_user_processing.py took 0.961 seconds
[2026-01-17T06:58:58.652+0000] {processor.py:186} INFO - Started process (PID=12347) to work on /opt/airflow/dags/tg_user_processing.py
[2026-01-17T06:58:58.653+0000] {processor.py:914} INFO - Processing file /opt/airflow/dags/tg_user_processing.py for tasks to queue
[2026-01-17T06:58:58.655+0000] {logging_mixin.py:190} INFO - [2026-01-17T06:58:58.654+0000] {dagbag.py:588} INFO - Filling up the DagBag from /opt/airflow/dags/tg_user_processing.py
[2026-01-17T06:58:59.079+0000] {processor.py:925} INFO - DAG(s) 'tg_user_processing' retrieved from /opt/airflow/dags/tg_user_processing.py
[2026-01-17T06:58:59.125+0000] {logging_mixin.py:190} INFO - [2026-01-17T06:58:59.124+0000] {dag.py:3239} INFO - Sync 1 DAGs
[2026-01-17T06:58:59.162+0000] {logging_mixin.py:190} INFO - [2026-01-17T06:58:59.162+0000] {dag.py:4180} INFO - Setting next_dagrun for tg_user_processing to 2026-01-16 00:00:00+00:00, run_after=2026-01-17 00:00:00+00:00
[2026-01-17T06:58:59.200+0000] {processor.py:208} INFO - Processing /opt/airflow/dags/tg_user_processing.py took 0.559 seconds
[2026-01-17T06:59:29.501+0000] {processor.py:186} INFO - Started process (PID=12371) to work on /opt/airflow/dags/tg_user_processing.py
[2026-01-17T06:59:29.503+0000] {processor.py:914} INFO - Processing file /opt/airflow/dags/tg_user_processing.py for tasks to queue
[2026-01-17T06:59:29.506+0000] {logging_mixin.py:190} INFO - [2026-01-17T06:59:29.505+0000] {dagbag.py:588} INFO - Filling up the DagBag from /opt/airflow/dags/tg_user_processing.py
[2026-01-17T06:59:30.140+0000] {processor.py:925} INFO - DAG(s) 'tg_user_processing' retrieved from /opt/airflow/dags/tg_user_processing.py
[2026-01-17T06:59:30.202+0000] {logging_mixin.py:190} INFO - [2026-01-17T06:59:30.201+0000] {dag.py:3239} INFO - Sync 1 DAGs
[2026-01-17T06:59:30.255+0000] {logging_mixin.py:190} INFO - [2026-01-17T06:59:30.255+0000] {dag.py:4180} INFO - Setting next_dagrun for tg_user_processing to 2026-01-16 00:00:00+00:00, run_after=2026-01-17 00:00:00+00:00
[2026-01-17T06:59:30.299+0000] {processor.py:208} INFO - Processing /opt/airflow/dags/tg_user_processing.py took 0.813 seconds
[2026-01-17T07:00:00.627+0000] {processor.py:186} INFO - Started process (PID=12396) to work on /opt/airflow/dags/tg_user_processing.py
[2026-01-17T07:00:00.629+0000] {processor.py:914} INFO - Processing file /opt/airflow/dags/tg_user_processing.py for tasks to queue
[2026-01-17T07:00:00.631+0000] {logging_mixin.py:190} INFO - [2026-01-17T07:00:00.630+0000] {dagbag.py:588} INFO - Filling up the DagBag from /opt/airflow/dags/tg_user_processing.py
[2026-01-17T07:00:01.092+0000] {processor.py:925} INFO - DAG(s) 'tg_user_processing' retrieved from /opt/airflow/dags/tg_user_processing.py
[2026-01-17T07:00:01.138+0000] {logging_mixin.py:190} INFO - [2026-01-17T07:00:01.137+0000] {dag.py:3239} INFO - Sync 1 DAGs
[2026-01-17T07:00:01.185+0000] {logging_mixin.py:190} INFO - [2026-01-17T07:00:01.185+0000] {dag.py:4180} INFO - Setting next_dagrun for tg_user_processing to 2026-01-16 00:00:00+00:00, run_after=2026-01-17 00:00:00+00:00
[2026-01-17T07:00:01.523+0000] {processor.py:208} INFO - Processing /opt/airflow/dags/tg_user_processing.py took 0.907 seconds
[2026-01-17T07:00:32.340+0000] {processor.py:186} INFO - Started process (PID=12419) to work on /opt/airflow/dags/tg_user_processing.py
[2026-01-17T07:00:32.342+0000] {processor.py:914} INFO - Processing file /opt/airflow/dags/tg_user_processing.py for tasks to queue
[2026-01-17T07:00:32.344+0000] {logging_mixin.py:190} INFO - [2026-01-17T07:00:32.343+0000] {dagbag.py:588} INFO - Filling up the DagBag from /opt/airflow/dags/tg_user_processing.py
[2026-01-17T07:00:32.873+0000] {processor.py:925} INFO - DAG(s) 'tg_user_processing' retrieved from /opt/airflow/dags/tg_user_processing.py
[2026-01-17T07:00:32.922+0000] {logging_mixin.py:190} INFO - [2026-01-17T07:00:32.921+0000] {dag.py:3239} INFO - Sync 1 DAGs
[2026-01-17T07:00:33.245+0000] {logging_mixin.py:190} INFO - [2026-01-17T07:00:33.244+0000] {dag.py:4180} INFO - Setting next_dagrun for tg_user_processing to 2026-01-16 00:00:00+00:00, run_after=2026-01-17 00:00:00+00:00
[2026-01-17T07:00:33.282+0000] {processor.py:208} INFO - Processing /opt/airflow/dags/tg_user_processing.py took 0.951 seconds
[2026-01-17T07:01:03.696+0000] {processor.py:186} INFO - Started process (PID=12443) to work on /opt/airflow/dags/tg_user_processing.py
[2026-01-17T07:01:03.698+0000] {processor.py:914} INFO - Processing file /opt/airflow/dags/tg_user_processing.py for tasks to queue
[2026-01-17T07:01:03.701+0000] {logging_mixin.py:190} INFO - [2026-01-17T07:01:03.701+0000] {dagbag.py:588} INFO - Filling up the DagBag from /opt/airflow/dags/tg_user_processing.py
[2026-01-17T07:01:04.833+0000] {processor.py:925} INFO - DAG(s) 'tg_user_processing' retrieved from /opt/airflow/dags/tg_user_processing.py
[2026-01-17T07:01:04.909+0000] {logging_mixin.py:190} INFO - [2026-01-17T07:01:04.908+0000] {dag.py:3239} INFO - Sync 1 DAGs
[2026-01-17T07:01:05.402+0000] {logging_mixin.py:190} INFO - [2026-01-17T07:01:05.401+0000] {dag.py:4180} INFO - Setting next_dagrun for tg_user_processing to 2026-01-16 00:00:00+00:00, run_after=2026-01-17 00:00:00+00:00
[2026-01-17T07:01:05.460+0000] {processor.py:208} INFO - Processing /opt/airflow/dags/tg_user_processing.py took 1.783 seconds
[2026-01-17T07:01:36.385+0000] {processor.py:186} INFO - Started process (PID=12473) to work on /opt/airflow/dags/tg_user_processing.py
[2026-01-17T07:01:36.387+0000] {processor.py:914} INFO - Processing file /opt/airflow/dags/tg_user_processing.py for tasks to queue
[2026-01-17T07:01:36.389+0000] {logging_mixin.py:190} INFO - [2026-01-17T07:01:36.388+0000] {dagbag.py:588} INFO - Filling up the DagBag from /opt/airflow/dags/tg_user_processing.py
[2026-01-17T07:01:36.873+0000] {processor.py:925} INFO - DAG(s) 'tg_user_processing' retrieved from /opt/airflow/dags/tg_user_processing.py
[2026-01-17T07:01:36.919+0000] {logging_mixin.py:190} INFO - [2026-01-17T07:01:36.918+0000] {dag.py:3239} INFO - Sync 1 DAGs
[2026-01-17T07:01:36.963+0000] {logging_mixin.py:190} INFO - [2026-01-17T07:01:36.962+0000] {dag.py:4180} INFO - Setting next_dagrun for tg_user_processing to 2026-01-16 00:00:00+00:00, run_after=2026-01-17 00:00:00+00:00
[2026-01-17T07:01:37.003+0000] {processor.py:208} INFO - Processing /opt/airflow/dags/tg_user_processing.py took 0.629 seconds
[2026-01-17T07:02:07.328+0000] {processor.py:186} INFO - Started process (PID=12497) to work on /opt/airflow/dags/tg_user_processing.py
[2026-01-17T07:02:07.330+0000] {processor.py:914} INFO - Processing file /opt/airflow/dags/tg_user_processing.py for tasks to queue
[2026-01-17T07:02:07.331+0000] {logging_mixin.py:190} INFO - [2026-01-17T07:02:07.331+0000] {dagbag.py:588} INFO - Filling up the DagBag from /opt/airflow/dags/tg_user_processing.py
[2026-01-17T07:02:07.783+0000] {processor.py:925} INFO - DAG(s) 'tg_user_processing' retrieved from /opt/airflow/dags/tg_user_processing.py
[2026-01-17T07:02:07.831+0000] {logging_mixin.py:190} INFO - [2026-01-17T07:02:07.830+0000] {dag.py:3239} INFO - Sync 1 DAGs
[2026-01-17T07:02:07.872+0000] {logging_mixin.py:190} INFO - [2026-01-17T07:02:07.871+0000] {dag.py:4180} INFO - Setting next_dagrun for tg_user_processing to 2026-01-16 00:00:00+00:00, run_after=2026-01-17 00:00:00+00:00
[2026-01-17T07:02:08.172+0000] {processor.py:208} INFO - Processing /opt/airflow/dags/tg_user_processing.py took 0.855 seconds
[2026-01-17T07:02:38.941+0000] {processor.py:186} INFO - Started process (PID=12521) to work on /opt/airflow/dags/tg_user_processing.py
[2026-01-17T07:02:38.942+0000] {processor.py:914} INFO - Processing file /opt/airflow/dags/tg_user_processing.py for tasks to queue
[2026-01-17T07:02:38.944+0000] {logging_mixin.py:190} INFO - [2026-01-17T07:02:38.943+0000] {dagbag.py:588} INFO - Filling up the DagBag from /opt/airflow/dags/tg_user_processing.py
[2026-01-17T07:02:39.404+0000] {processor.py:925} INFO - DAG(s) 'tg_user_processing' retrieved from /opt/airflow/dags/tg_user_processing.py
[2026-01-17T07:02:39.445+0000] {logging_mixin.py:190} INFO - [2026-01-17T07:02:39.444+0000] {dag.py:3239} INFO - Sync 1 DAGs
[2026-01-17T07:02:39.723+0000] {logging_mixin.py:190} INFO - [2026-01-17T07:02:39.723+0000] {dag.py:4180} INFO - Setting next_dagrun for tg_user_processing to 2026-01-16 00:00:00+00:00, run_after=2026-01-17 00:00:00+00:00
[2026-01-17T07:02:39.781+0000] {processor.py:208} INFO - Processing /opt/airflow/dags/tg_user_processing.py took 0.852 seconds
[2026-01-17T07:03:10.562+0000] {processor.py:186} INFO - Started process (PID=12546) to work on /opt/airflow/dags/tg_user_processing.py
[2026-01-17T07:03:10.563+0000] {processor.py:914} INFO - Processing file /opt/airflow/dags/tg_user_processing.py for tasks to queue
[2026-01-17T07:03:10.565+0000] {logging_mixin.py:190} INFO - [2026-01-17T07:03:10.564+0000] {dagbag.py:588} INFO - Filling up the DagBag from /opt/airflow/dags/tg_user_processing.py
[2026-01-17T07:03:11.013+0000] {processor.py:925} INFO - DAG(s) 'tg_user_processing' retrieved from /opt/airflow/dags/tg_user_processing.py
[2026-01-17T07:03:11.048+0000] {logging_mixin.py:190} INFO - [2026-01-17T07:03:11.048+0000] {dag.py:3239} INFO - Sync 1 DAGs
[2026-01-17T07:03:11.328+0000] {logging_mixin.py:190} INFO - [2026-01-17T07:03:11.328+0000] {dag.py:4180} INFO - Setting next_dagrun for tg_user_processing to 2026-01-16 00:00:00+00:00, run_after=2026-01-17 00:00:00+00:00
[2026-01-17T07:03:11.373+0000] {processor.py:208} INFO - Processing /opt/airflow/dags/tg_user_processing.py took 0.820 seconds
[2026-01-17T07:03:41.488+0000] {processor.py:186} INFO - Started process (PID=12570) to work on /opt/airflow/dags/tg_user_processing.py
[2026-01-17T07:03:41.489+0000] {processor.py:914} INFO - Processing file /opt/airflow/dags/tg_user_processing.py for tasks to queue
[2026-01-17T07:03:41.491+0000] {logging_mixin.py:190} INFO - [2026-01-17T07:03:41.490+0000] {dagbag.py:588} INFO - Filling up the DagBag from /opt/airflow/dags/tg_user_processing.py
[2026-01-17T07:03:41.851+0000] {processor.py:925} INFO - DAG(s) 'tg_user_processing' retrieved from /opt/airflow/dags/tg_user_processing.py
[2026-01-17T07:03:41.889+0000] {logging_mixin.py:190} INFO - [2026-01-17T07:03:41.888+0000] {dag.py:3239} INFO - Sync 1 DAGs
[2026-01-17T07:03:41.916+0000] {logging_mixin.py:190} INFO - [2026-01-17T07:03:41.916+0000] {dag.py:4180} INFO - Setting next_dagrun for tg_user_processing to 2026-01-16 00:00:00+00:00, run_after=2026-01-17 00:00:00+00:00
[2026-01-17T07:03:41.941+0000] {processor.py:208} INFO - Processing /opt/airflow/dags/tg_user_processing.py took 0.462 seconds
[2026-01-17T07:04:12.092+0000] {processor.py:186} INFO - Started process (PID=12595) to work on /opt/airflow/dags/tg_user_processing.py
[2026-01-17T07:04:12.093+0000] {processor.py:914} INFO - Processing file /opt/airflow/dags/tg_user_processing.py for tasks to queue
[2026-01-17T07:04:12.095+0000] {logging_mixin.py:190} INFO - [2026-01-17T07:04:12.095+0000] {dagbag.py:588} INFO - Filling up the DagBag from /opt/airflow/dags/tg_user_processing.py
[2026-01-17T07:04:12.401+0000] {processor.py:925} INFO - DAG(s) 'tg_user_processing' retrieved from /opt/airflow/dags/tg_user_processing.py
[2026-01-17T07:04:12.437+0000] {logging_mixin.py:190} INFO - [2026-01-17T07:04:12.437+0000] {dag.py:3239} INFO - Sync 1 DAGs
[2026-01-17T07:04:12.471+0000] {logging_mixin.py:190} INFO - [2026-01-17T07:04:12.470+0000] {dag.py:4180} INFO - Setting next_dagrun for tg_user_processing to 2026-01-16 00:00:00+00:00, run_after=2026-01-17 00:00:00+00:00
[2026-01-17T07:04:12.691+0000] {processor.py:208} INFO - Processing /opt/airflow/dags/tg_user_processing.py took 0.610 seconds
[2026-01-17T07:04:43.371+0000] {processor.py:186} INFO - Started process (PID=12619) to work on /opt/airflow/dags/tg_user_processing.py
[2026-01-17T07:04:43.372+0000] {processor.py:914} INFO - Processing file /opt/airflow/dags/tg_user_processing.py for tasks to queue
[2026-01-17T07:04:43.375+0000] {logging_mixin.py:190} INFO - [2026-01-17T07:04:43.374+0000] {dagbag.py:588} INFO - Filling up the DagBag from /opt/airflow/dags/tg_user_processing.py
[2026-01-17T07:04:43.926+0000] {processor.py:925} INFO - DAG(s) 'tg_user_processing' retrieved from /opt/airflow/dags/tg_user_processing.py
[2026-01-17T07:04:43.976+0000] {logging_mixin.py:190} INFO - [2026-01-17T07:04:43.975+0000] {dag.py:3239} INFO - Sync 1 DAGs
[2026-01-17T07:04:44.289+0000] {logging_mixin.py:190} INFO - [2026-01-17T07:04:44.289+0000] {dag.py:4180} INFO - Setting next_dagrun for tg_user_processing to 2026-01-16 00:00:00+00:00, run_after=2026-01-17 00:00:00+00:00
[2026-01-17T07:04:44.330+0000] {processor.py:208} INFO - Processing /opt/airflow/dags/tg_user_processing.py took 0.973 seconds
[2026-01-17T07:05:15.238+0000] {processor.py:186} INFO - Started process (PID=12643) to work on /opt/airflow/dags/tg_user_processing.py
[2026-01-17T07:05:15.241+0000] {processor.py:914} INFO - Processing file /opt/airflow/dags/tg_user_processing.py for tasks to queue
[2026-01-17T07:05:15.244+0000] {logging_mixin.py:190} INFO - [2026-01-17T07:05:15.243+0000] {dagbag.py:588} INFO - Filling up the DagBag from /opt/airflow/dags/tg_user_processing.py
[2026-01-17T07:05:15.586+0000] {processor.py:925} INFO - DAG(s) 'tg_user_processing' retrieved from /opt/airflow/dags/tg_user_processing.py
[2026-01-17T07:05:15.614+0000] {logging_mixin.py:190} INFO - [2026-01-17T07:05:15.613+0000] {dag.py:3239} INFO - Sync 1 DAGs
[2026-01-17T07:05:15.865+0000] {logging_mixin.py:190} INFO - [2026-01-17T07:05:15.864+0000] {dag.py:4180} INFO - Setting next_dagrun for tg_user_processing to 2026-01-16 00:00:00+00:00, run_after=2026-01-17 00:00:00+00:00
[2026-01-17T07:05:15.903+0000] {processor.py:208} INFO - Processing /opt/airflow/dags/tg_user_processing.py took 0.690 seconds
[2026-01-17T07:05:46.777+0000] {processor.py:186} INFO - Started process (PID=12667) to work on /opt/airflow/dags/tg_user_processing.py
[2026-01-17T07:05:46.779+0000] {processor.py:914} INFO - Processing file /opt/airflow/dags/tg_user_processing.py for tasks to queue
[2026-01-17T07:05:46.783+0000] {logging_mixin.py:190} INFO - [2026-01-17T07:05:46.782+0000] {dagbag.py:588} INFO - Filling up the DagBag from /opt/airflow/dags/tg_user_processing.py
[2026-01-17T07:05:47.215+0000] {processor.py:925} INFO - DAG(s) 'tg_user_processing' retrieved from /opt/airflow/dags/tg_user_processing.py
[2026-01-17T07:05:47.253+0000] {logging_mixin.py:190} INFO - [2026-01-17T07:05:47.252+0000] {dag.py:3239} INFO - Sync 1 DAGs
[2026-01-17T07:05:47.289+0000] {logging_mixin.py:190} INFO - [2026-01-17T07:05:47.289+0000] {dag.py:4180} INFO - Setting next_dagrun for tg_user_processing to 2026-01-16 00:00:00+00:00, run_after=2026-01-17 00:00:00+00:00
[2026-01-17T07:05:47.330+0000] {processor.py:208} INFO - Processing /opt/airflow/dags/tg_user_processing.py took 0.563 seconds
[2026-01-17T07:06:18.043+0000] {processor.py:186} INFO - Started process (PID=12691) to work on /opt/airflow/dags/tg_user_processing.py
[2026-01-17T07:06:18.045+0000] {processor.py:914} INFO - Processing file /opt/airflow/dags/tg_user_processing.py for tasks to queue
[2026-01-17T07:06:18.048+0000] {logging_mixin.py:190} INFO - [2026-01-17T07:06:18.048+0000] {dagbag.py:588} INFO - Filling up the DagBag from /opt/airflow/dags/tg_user_processing.py
[2026-01-17T07:06:18.403+0000] {processor.py:925} INFO - DAG(s) 'tg_user_processing' retrieved from /opt/airflow/dags/tg_user_processing.py
[2026-01-17T07:06:18.434+0000] {logging_mixin.py:190} INFO - [2026-01-17T07:06:18.433+0000] {dag.py:3239} INFO - Sync 1 DAGs
[2026-01-17T07:06:18.468+0000] {logging_mixin.py:190} INFO - [2026-01-17T07:06:18.468+0000] {dag.py:4180} INFO - Setting next_dagrun for tg_user_processing to 2026-01-16 00:00:00+00:00, run_after=2026-01-17 00:00:00+00:00
[2026-01-17T07:06:18.721+0000] {processor.py:208} INFO - Processing /opt/airflow/dags/tg_user_processing.py took 0.699 seconds
[2026-01-17T07:06:48.834+0000] {processor.py:186} INFO - Started process (PID=12715) to work on /opt/airflow/dags/tg_user_processing.py
[2026-01-17T07:06:48.836+0000] {processor.py:914} INFO - Processing file /opt/airflow/dags/tg_user_processing.py for tasks to queue
[2026-01-17T07:06:48.841+0000] {logging_mixin.py:190} INFO - [2026-01-17T07:06:48.840+0000] {dagbag.py:588} INFO - Filling up the DagBag from /opt/airflow/dags/tg_user_processing.py
[2026-01-17T07:06:49.531+0000] {processor.py:925} INFO - DAG(s) 'tg_user_processing' retrieved from /opt/airflow/dags/tg_user_processing.py
[2026-01-17T07:06:49.599+0000] {logging_mixin.py:190} INFO - [2026-01-17T07:06:49.598+0000] {dag.py:3239} INFO - Sync 1 DAGs
[2026-01-17T07:06:50.010+0000] {logging_mixin.py:190} INFO - [2026-01-17T07:06:50.009+0000] {dag.py:4180} INFO - Setting next_dagrun for tg_user_processing to 2026-01-16 00:00:00+00:00, run_after=2026-01-17 00:00:00+00:00
[2026-01-17T07:06:50.066+0000] {processor.py:208} INFO - Processing /opt/airflow/dags/tg_user_processing.py took 1.247 seconds
[2026-01-17T07:07:20.324+0000] {processor.py:186} INFO - Started process (PID=12739) to work on /opt/airflow/dags/tg_user_processing.py
[2026-01-17T07:07:20.326+0000] {processor.py:914} INFO - Processing file /opt/airflow/dags/tg_user_processing.py for tasks to queue
[2026-01-17T07:07:20.327+0000] {logging_mixin.py:190} INFO - [2026-01-17T07:07:20.327+0000] {dagbag.py:588} INFO - Filling up the DagBag from /opt/airflow/dags/tg_user_processing.py
[2026-01-17T07:07:20.737+0000] {processor.py:925} INFO - DAG(s) 'tg_user_processing' retrieved from /opt/airflow/dags/tg_user_processing.py
[2026-01-17T07:07:20.779+0000] {logging_mixin.py:190} INFO - [2026-01-17T07:07:20.779+0000] {dag.py:3239} INFO - Sync 1 DAGs
[2026-01-17T07:07:21.113+0000] {logging_mixin.py:190} INFO - [2026-01-17T07:07:21.113+0000] {dag.py:4180} INFO - Setting next_dagrun for tg_user_processing to 2026-01-16 00:00:00+00:00, run_after=2026-01-17 00:00:00+00:00
[2026-01-17T07:07:21.149+0000] {processor.py:208} INFO - Processing /opt/airflow/dags/tg_user_processing.py took 0.843 seconds
[2026-01-17T07:07:51.486+0000] {processor.py:186} INFO - Started process (PID=12763) to work on /opt/airflow/dags/tg_user_processing.py
[2026-01-17T07:07:51.488+0000] {processor.py:914} INFO - Processing file /opt/airflow/dags/tg_user_processing.py for tasks to queue
[2026-01-17T07:07:51.490+0000] {logging_mixin.py:190} INFO - [2026-01-17T07:07:51.489+0000] {dagbag.py:588} INFO - Filling up the DagBag from /opt/airflow/dags/tg_user_processing.py
[2026-01-17T07:07:51.962+0000] {processor.py:925} INFO - DAG(s) 'tg_user_processing' retrieved from /opt/airflow/dags/tg_user_processing.py
[2026-01-17T07:07:52.017+0000] {logging_mixin.py:190} INFO - [2026-01-17T07:07:52.016+0000] {dag.py:3239} INFO - Sync 1 DAGs
[2026-01-17T07:07:52.065+0000] {logging_mixin.py:190} INFO - [2026-01-17T07:07:52.064+0000] {dag.py:4180} INFO - Setting next_dagrun for tg_user_processing to 2026-01-16 00:00:00+00:00, run_after=2026-01-17 00:00:00+00:00
[2026-01-17T07:07:52.123+0000] {processor.py:208} INFO - Processing /opt/airflow/dags/tg_user_processing.py took 0.645 seconds
[2026-01-17T07:08:22.515+0000] {processor.py:186} INFO - Started process (PID=12787) to work on /opt/airflow/dags/tg_user_processing.py
[2026-01-17T07:08:22.517+0000] {processor.py:914} INFO - Processing file /opt/airflow/dags/tg_user_processing.py for tasks to queue
[2026-01-17T07:08:22.519+0000] {logging_mixin.py:190} INFO - [2026-01-17T07:08:22.518+0000] {dagbag.py:588} INFO - Filling up the DagBag from /opt/airflow/dags/tg_user_processing.py
[2026-01-17T07:08:22.968+0000] {processor.py:925} INFO - DAG(s) 'tg_user_processing' retrieved from /opt/airflow/dags/tg_user_processing.py
[2026-01-17T07:08:23.005+0000] {logging_mixin.py:190} INFO - [2026-01-17T07:08:23.004+0000] {dag.py:3239} INFO - Sync 1 DAGs
[2026-01-17T07:08:23.041+0000] {logging_mixin.py:190} INFO - [2026-01-17T07:08:23.040+0000] {dag.py:4180} INFO - Setting next_dagrun for tg_user_processing to 2026-01-16 00:00:00+00:00, run_after=2026-01-17 00:00:00+00:00
[2026-01-17T07:08:23.291+0000] {processor.py:208} INFO - Processing /opt/airflow/dags/tg_user_processing.py took 0.787 seconds
[2026-01-17T07:08:53.399+0000] {processor.py:186} INFO - Started process (PID=12811) to work on /opt/airflow/dags/tg_user_processing.py
[2026-01-17T07:08:53.400+0000] {processor.py:914} INFO - Processing file /opt/airflow/dags/tg_user_processing.py for tasks to queue
[2026-01-17T07:08:53.402+0000] {logging_mixin.py:190} INFO - [2026-01-17T07:08:53.401+0000] {dagbag.py:588} INFO - Filling up the DagBag from /opt/airflow/dags/tg_user_processing.py
[2026-01-17T07:08:53.711+0000] {processor.py:925} INFO - DAG(s) 'tg_user_processing' retrieved from /opt/airflow/dags/tg_user_processing.py
[2026-01-17T07:08:53.740+0000] {logging_mixin.py:190} INFO - [2026-01-17T07:08:53.739+0000] {dag.py:3239} INFO - Sync 1 DAGs
[2026-01-17T07:08:54.004+0000] {logging_mixin.py:190} INFO - [2026-01-17T07:08:54.003+0000] {dag.py:4180} INFO - Setting next_dagrun for tg_user_processing to 2026-01-16 00:00:00+00:00, run_after=2026-01-17 00:00:00+00:00
[2026-01-17T07:08:54.044+0000] {processor.py:208} INFO - Processing /opt/airflow/dags/tg_user_processing.py took 0.654 seconds
[2026-01-17T07:09:24.197+0000] {processor.py:186} INFO - Started process (PID=12835) to work on /opt/airflow/dags/tg_user_processing.py
[2026-01-17T07:09:24.200+0000] {processor.py:914} INFO - Processing file /opt/airflow/dags/tg_user_processing.py for tasks to queue
[2026-01-17T07:09:24.204+0000] {logging_mixin.py:190} INFO - [2026-01-17T07:09:24.203+0000] {dagbag.py:588} INFO - Filling up the DagBag from /opt/airflow/dags/tg_user_processing.py
[2026-01-17T07:09:24.570+0000] {processor.py:925} INFO - DAG(s) 'tg_user_processing' retrieved from /opt/airflow/dags/tg_user_processing.py
[2026-01-17T07:09:24.599+0000] {logging_mixin.py:190} INFO - [2026-01-17T07:09:24.598+0000] {dag.py:3239} INFO - Sync 1 DAGs
[2026-01-17T07:09:24.852+0000] {logging_mixin.py:190} INFO - [2026-01-17T07:09:24.852+0000] {dag.py:4180} INFO - Setting next_dagrun for tg_user_processing to 2026-01-16 00:00:00+00:00, run_after=2026-01-17 00:00:00+00:00
[2026-01-17T07:09:24.896+0000] {processor.py:208} INFO - Processing /opt/airflow/dags/tg_user_processing.py took 0.721 seconds
[2026-01-17T07:09:55.410+0000] {processor.py:186} INFO - Started process (PID=12859) to work on /opt/airflow/dags/tg_user_processing.py
[2026-01-17T07:09:55.411+0000] {processor.py:914} INFO - Processing file /opt/airflow/dags/tg_user_processing.py for tasks to queue
[2026-01-17T07:09:55.413+0000] {logging_mixin.py:190} INFO - [2026-01-17T07:09:55.412+0000] {dagbag.py:588} INFO - Filling up the DagBag from /opt/airflow/dags/tg_user_processing.py
[2026-01-17T07:09:55.762+0000] {processor.py:925} INFO - DAG(s) 'tg_user_processing' retrieved from /opt/airflow/dags/tg_user_processing.py
[2026-01-17T07:09:55.794+0000] {logging_mixin.py:190} INFO - [2026-01-17T07:09:55.794+0000] {dag.py:3239} INFO - Sync 1 DAGs
[2026-01-17T07:09:55.831+0000] {logging_mixin.py:190} INFO - [2026-01-17T07:09:55.831+0000] {dag.py:4180} INFO - Setting next_dagrun for tg_user_processing to 2026-01-16 00:00:00+00:00, run_after=2026-01-17 00:00:00+00:00
[2026-01-17T07:09:55.867+0000] {processor.py:208} INFO - Processing /opt/airflow/dags/tg_user_processing.py took 0.466 seconds
[2026-01-17T07:10:26.582+0000] {processor.py:186} INFO - Started process (PID=12884) to work on /opt/airflow/dags/tg_user_processing.py
[2026-01-17T07:10:26.584+0000] {processor.py:914} INFO - Processing file /opt/airflow/dags/tg_user_processing.py for tasks to queue
[2026-01-17T07:10:26.585+0000] {logging_mixin.py:190} INFO - [2026-01-17T07:10:26.585+0000] {dagbag.py:588} INFO - Filling up the DagBag from /opt/airflow/dags/tg_user_processing.py
[2026-01-17T07:10:27.004+0000] {processor.py:925} INFO - DAG(s) 'tg_user_processing' retrieved from /opt/airflow/dags/tg_user_processing.py
[2026-01-17T07:10:27.036+0000] {logging_mixin.py:190} INFO - [2026-01-17T07:10:27.036+0000] {dag.py:3239} INFO - Sync 1 DAGs
[2026-01-17T07:10:27.072+0000] {logging_mixin.py:190} INFO - [2026-01-17T07:10:27.071+0000] {dag.py:4180} INFO - Setting next_dagrun for tg_user_processing to 2026-01-16 00:00:00+00:00, run_after=2026-01-17 00:00:00+00:00
[2026-01-17T07:10:27.321+0000] {processor.py:208} INFO - Processing /opt/airflow/dags/tg_user_processing.py took 0.747 seconds
[2026-01-17T07:10:57.691+0000] {processor.py:186} INFO - Started process (PID=12908) to work on /opt/airflow/dags/tg_user_processing.py
[2026-01-17T07:10:57.693+0000] {processor.py:914} INFO - Processing file /opt/airflow/dags/tg_user_processing.py for tasks to queue
[2026-01-17T07:10:57.695+0000] {logging_mixin.py:190} INFO - [2026-01-17T07:10:57.695+0000] {dagbag.py:588} INFO - Filling up the DagBag from /opt/airflow/dags/tg_user_processing.py
[2026-01-17T07:10:58.084+0000] {processor.py:925} INFO - DAG(s) 'tg_user_processing' retrieved from /opt/airflow/dags/tg_user_processing.py
[2026-01-17T07:10:58.125+0000] {logging_mixin.py:190} INFO - [2026-01-17T07:10:58.124+0000] {dag.py:3239} INFO - Sync 1 DAGs
[2026-01-17T07:10:58.421+0000] {logging_mixin.py:190} INFO - [2026-01-17T07:10:58.421+0000] {dag.py:4180} INFO - Setting next_dagrun for tg_user_processing to 2026-01-16 00:00:00+00:00, run_after=2026-01-17 00:00:00+00:00
[2026-01-17T07:10:58.473+0000] {processor.py:208} INFO - Processing /opt/airflow/dags/tg_user_processing.py took 0.796 seconds
[2026-01-17T07:11:29.355+0000] {processor.py:186} INFO - Started process (PID=12932) to work on /opt/airflow/dags/tg_user_processing.py
[2026-01-17T07:11:29.357+0000] {processor.py:914} INFO - Processing file /opt/airflow/dags/tg_user_processing.py for tasks to queue
[2026-01-17T07:11:29.359+0000] {logging_mixin.py:190} INFO - [2026-01-17T07:11:29.358+0000] {dagbag.py:588} INFO - Filling up the DagBag from /opt/airflow/dags/tg_user_processing.py
[2026-01-17T07:11:29.812+0000] {processor.py:925} INFO - DAG(s) 'tg_user_processing' retrieved from /opt/airflow/dags/tg_user_processing.py
[2026-01-17T07:11:30.108+0000] {logging_mixin.py:190} INFO - [2026-01-17T07:11:30.107+0000] {dag.py:3239} INFO - Sync 1 DAGs
[2026-01-17T07:11:30.143+0000] {logging_mixin.py:190} INFO - [2026-01-17T07:11:30.143+0000] {dag.py:4180} INFO - Setting next_dagrun for tg_user_processing to 2026-01-16 00:00:00+00:00, run_after=2026-01-17 00:00:00+00:00
[2026-01-17T07:11:30.177+0000] {processor.py:208} INFO - Processing /opt/airflow/dags/tg_user_processing.py took 0.833 seconds
[2026-01-17T07:12:00.335+0000] {processor.py:186} INFO - Started process (PID=12956) to work on /opt/airflow/dags/tg_user_processing.py
[2026-01-17T07:12:00.337+0000] {processor.py:914} INFO - Processing file /opt/airflow/dags/tg_user_processing.py for tasks to queue
[2026-01-17T07:12:00.339+0000] {logging_mixin.py:190} INFO - [2026-01-17T07:12:00.339+0000] {dagbag.py:588} INFO - Filling up the DagBag from /opt/airflow/dags/tg_user_processing.py
[2026-01-17T07:12:00.757+0000] {processor.py:925} INFO - DAG(s) 'tg_user_processing' retrieved from /opt/airflow/dags/tg_user_processing.py
[2026-01-17T07:12:00.790+0000] {logging_mixin.py:190} INFO - [2026-01-17T07:12:00.790+0000] {dag.py:3239} INFO - Sync 1 DAGs
[2026-01-17T07:12:00.820+0000] {logging_mixin.py:190} INFO - [2026-01-17T07:12:00.820+0000] {dag.py:4180} INFO - Setting next_dagrun for tg_user_processing to 2026-01-16 00:00:00+00:00, run_after=2026-01-17 00:00:00+00:00
[2026-01-17T07:12:00.854+0000] {processor.py:208} INFO - Processing /opt/airflow/dags/tg_user_processing.py took 0.531 seconds
[2026-01-17T07:12:31.345+0000] {processor.py:186} INFO - Started process (PID=12980) to work on /opt/airflow/dags/tg_user_processing.py
[2026-01-17T07:12:31.346+0000] {processor.py:914} INFO - Processing file /opt/airflow/dags/tg_user_processing.py for tasks to queue
[2026-01-17T07:12:31.348+0000] {logging_mixin.py:190} INFO - [2026-01-17T07:12:31.348+0000] {dagbag.py:588} INFO - Filling up the DagBag from /opt/airflow/dags/tg_user_processing.py
[2026-01-17T07:12:31.853+0000] {processor.py:925} INFO - DAG(s) 'tg_user_processing' retrieved from /opt/airflow/dags/tg_user_processing.py
[2026-01-17T07:12:31.899+0000] {logging_mixin.py:190} INFO - [2026-01-17T07:12:31.898+0000] {dag.py:3239} INFO - Sync 1 DAGs
[2026-01-17T07:12:31.928+0000] {logging_mixin.py:190} INFO - [2026-01-17T07:12:31.928+0000] {dag.py:4180} INFO - Setting next_dagrun for tg_user_processing to 2026-01-16 00:00:00+00:00, run_after=2026-01-17 00:00:00+00:00
[2026-01-17T07:12:32.233+0000] {processor.py:208} INFO - Processing /opt/airflow/dags/tg_user_processing.py took 0.900 seconds
[2026-01-17T07:13:02.684+0000] {processor.py:186} INFO - Started process (PID=13004) to work on /opt/airflow/dags/tg_user_processing.py
[2026-01-17T07:13:02.691+0000] {processor.py:914} INFO - Processing file /opt/airflow/dags/tg_user_processing.py for tasks to queue
[2026-01-17T07:13:02.694+0000] {logging_mixin.py:190} INFO - [2026-01-17T07:13:02.693+0000] {dagbag.py:588} INFO - Filling up the DagBag from /opt/airflow/dags/tg_user_processing.py
[2026-01-17T07:13:03.259+0000] {processor.py:925} INFO - DAG(s) 'tg_user_processing' retrieved from /opt/airflow/dags/tg_user_processing.py
[2026-01-17T07:13:03.310+0000] {logging_mixin.py:190} INFO - [2026-01-17T07:13:03.308+0000] {dag.py:3239} INFO - Sync 1 DAGs
[2026-01-17T07:13:03.722+0000] {logging_mixin.py:190} INFO - [2026-01-17T07:13:03.721+0000] {dag.py:4180} INFO - Setting next_dagrun for tg_user_processing to 2026-01-16 00:00:00+00:00, run_after=2026-01-17 00:00:00+00:00
[2026-01-17T07:13:03.777+0000] {processor.py:208} INFO - Processing /opt/airflow/dags/tg_user_processing.py took 1.108 seconds
[2026-01-17T07:13:34.659+0000] {processor.py:186} INFO - Started process (PID=13028) to work on /opt/airflow/dags/tg_user_processing.py
[2026-01-17T07:13:34.662+0000] {processor.py:914} INFO - Processing file /opt/airflow/dags/tg_user_processing.py for tasks to queue
[2026-01-17T07:13:34.667+0000] {logging_mixin.py:190} INFO - [2026-01-17T07:13:34.666+0000] {dagbag.py:588} INFO - Filling up the DagBag from /opt/airflow/dags/tg_user_processing.py
[2026-01-17T07:13:35.143+0000] {processor.py:925} INFO - DAG(s) 'tg_user_processing' retrieved from /opt/airflow/dags/tg_user_processing.py
[2026-01-17T07:13:35.454+0000] {logging_mixin.py:190} INFO - [2026-01-17T07:13:35.453+0000] {dag.py:3239} INFO - Sync 1 DAGs
[2026-01-17T07:13:35.487+0000] {logging_mixin.py:190} INFO - [2026-01-17T07:13:35.487+0000] {dag.py:4180} INFO - Setting next_dagrun for tg_user_processing to 2026-01-16 00:00:00+00:00, run_after=2026-01-17 00:00:00+00:00
[2026-01-17T07:13:35.514+0000] {processor.py:208} INFO - Processing /opt/airflow/dags/tg_user_processing.py took 0.886 seconds
[2026-01-17T07:14:06.289+0000] {processor.py:186} INFO - Started process (PID=13052) to work on /opt/airflow/dags/tg_user_processing.py
[2026-01-17T07:14:06.290+0000] {processor.py:914} INFO - Processing file /opt/airflow/dags/tg_user_processing.py for tasks to queue
[2026-01-17T07:14:06.292+0000] {logging_mixin.py:190} INFO - [2026-01-17T07:14:06.292+0000] {dagbag.py:588} INFO - Filling up the DagBag from /opt/airflow/dags/tg_user_processing.py
[2026-01-17T07:14:06.761+0000] {processor.py:925} INFO - DAG(s) 'tg_user_processing' retrieved from /opt/airflow/dags/tg_user_processing.py
[2026-01-17T07:14:06.799+0000] {logging_mixin.py:190} INFO - [2026-01-17T07:14:06.798+0000] {dag.py:3239} INFO - Sync 1 DAGs
[2026-01-17T07:14:06.846+0000] {logging_mixin.py:190} INFO - [2026-01-17T07:14:06.845+0000] {dag.py:4180} INFO - Setting next_dagrun for tg_user_processing to 2026-01-16 00:00:00+00:00, run_after=2026-01-17 00:00:00+00:00
[2026-01-17T07:14:06.887+0000] {processor.py:208} INFO - Processing /opt/airflow/dags/tg_user_processing.py took 0.608 seconds
[2026-01-17T07:14:37.208+0000] {processor.py:186} INFO - Started process (PID=13076) to work on /opt/airflow/dags/tg_user_processing.py
[2026-01-17T07:14:37.209+0000] {processor.py:914} INFO - Processing file /opt/airflow/dags/tg_user_processing.py for tasks to queue
[2026-01-17T07:14:37.212+0000] {logging_mixin.py:190} INFO - [2026-01-17T07:14:37.211+0000] {dagbag.py:588} INFO - Filling up the DagBag from /opt/airflow/dags/tg_user_processing.py
[2026-01-17T07:14:37.639+0000] {processor.py:925} INFO - DAG(s) 'tg_user_processing' retrieved from /opt/airflow/dags/tg_user_processing.py
[2026-01-17T07:14:37.673+0000] {logging_mixin.py:190} INFO - [2026-01-17T07:14:37.672+0000] {dag.py:3239} INFO - Sync 1 DAGs
[2026-01-17T07:14:37.703+0000] {logging_mixin.py:190} INFO - [2026-01-17T07:14:37.703+0000] {dag.py:4180} INFO - Setting next_dagrun for tg_user_processing to 2026-01-16 00:00:00+00:00, run_after=2026-01-17 00:00:00+00:00
[2026-01-17T07:14:38.023+0000] {processor.py:208} INFO - Processing /opt/airflow/dags/tg_user_processing.py took 0.827 seconds
[2026-01-17T07:15:08.668+0000] {processor.py:186} INFO - Started process (PID=13105) to work on /opt/airflow/dags/tg_user_processing.py
[2026-01-17T07:15:08.671+0000] {processor.py:914} INFO - Processing file /opt/airflow/dags/tg_user_processing.py for tasks to queue
[2026-01-17T07:15:08.673+0000] {logging_mixin.py:190} INFO - [2026-01-17T07:15:08.672+0000] {dagbag.py:588} INFO - Filling up the DagBag from /opt/airflow/dags/tg_user_processing.py
[2026-01-17T07:15:09.130+0000] {processor.py:925} INFO - DAG(s) 'tg_user_processing' retrieved from /opt/airflow/dags/tg_user_processing.py
[2026-01-17T07:15:09.167+0000] {logging_mixin.py:190} INFO - [2026-01-17T07:15:09.167+0000] {dag.py:3239} INFO - Sync 1 DAGs
[2026-01-17T07:15:09.493+0000] {logging_mixin.py:190} INFO - [2026-01-17T07:15:09.493+0000] {dag.py:4180} INFO - Setting next_dagrun for tg_user_processing to 2026-01-16 00:00:00+00:00, run_after=2026-01-17 00:00:00+00:00
[2026-01-17T07:15:09.536+0000] {processor.py:208} INFO - Processing /opt/airflow/dags/tg_user_processing.py took 0.886 seconds
[2026-01-17T07:15:40.357+0000] {processor.py:186} INFO - Started process (PID=13129) to work on /opt/airflow/dags/tg_user_processing.py
[2026-01-17T07:15:40.359+0000] {processor.py:914} INFO - Processing file /opt/airflow/dags/tg_user_processing.py for tasks to queue
[2026-01-17T07:15:40.361+0000] {logging_mixin.py:190} INFO - [2026-01-17T07:15:40.361+0000] {dagbag.py:588} INFO - Filling up the DagBag from /opt/airflow/dags/tg_user_processing.py
[2026-01-17T07:15:41.087+0000] {processor.py:925} INFO - DAG(s) 'tg_user_processing' retrieved from /opt/airflow/dags/tg_user_processing.py
[2026-01-17T07:15:41.491+0000] {logging_mixin.py:190} INFO - [2026-01-17T07:15:41.489+0000] {dag.py:3239} INFO - Sync 1 DAGs
[2026-01-17T07:15:41.545+0000] {logging_mixin.py:190} INFO - [2026-01-17T07:15:41.545+0000] {dag.py:4180} INFO - Setting next_dagrun for tg_user_processing to 2026-01-16 00:00:00+00:00, run_after=2026-01-17 00:00:00+00:00
[2026-01-17T07:15:41.600+0000] {processor.py:208} INFO - Processing /opt/airflow/dags/tg_user_processing.py took 1.261 seconds
[2026-01-17T07:16:12.030+0000] {processor.py:186} INFO - Started process (PID=13153) to work on /opt/airflow/dags/tg_user_processing.py
[2026-01-17T07:16:12.032+0000] {processor.py:914} INFO - Processing file /opt/airflow/dags/tg_user_processing.py for tasks to queue
[2026-01-17T07:16:12.035+0000] {logging_mixin.py:190} INFO - [2026-01-17T07:16:12.034+0000] {dagbag.py:588} INFO - Filling up the DagBag from /opt/airflow/dags/tg_user_processing.py
[2026-01-17T07:16:12.643+0000] {processor.py:925} INFO - DAG(s) 'tg_user_processing' retrieved from /opt/airflow/dags/tg_user_processing.py
[2026-01-17T07:16:12.707+0000] {logging_mixin.py:190} INFO - [2026-01-17T07:16:12.706+0000] {dag.py:3239} INFO - Sync 1 DAGs
[2026-01-17T07:16:12.763+0000] {logging_mixin.py:190} INFO - [2026-01-17T07:16:12.762+0000] {dag.py:4180} INFO - Setting next_dagrun for tg_user_processing to 2026-01-16 00:00:00+00:00, run_after=2026-01-17 00:00:00+00:00
[2026-01-17T07:16:12.816+0000] {processor.py:208} INFO - Processing /opt/airflow/dags/tg_user_processing.py took 0.798 seconds
[2026-01-17T07:16:43.773+0000] {processor.py:186} INFO - Started process (PID=13177) to work on /opt/airflow/dags/tg_user_processing.py
[2026-01-17T07:16:43.775+0000] {processor.py:914} INFO - Processing file /opt/airflow/dags/tg_user_processing.py for tasks to queue
[2026-01-17T07:16:43.777+0000] {logging_mixin.py:190} INFO - [2026-01-17T07:16:43.776+0000] {dagbag.py:588} INFO - Filling up the DagBag from /opt/airflow/dags/tg_user_processing.py
[2026-01-17T07:16:44.283+0000] {processor.py:925} INFO - DAG(s) 'tg_user_processing' retrieved from /opt/airflow/dags/tg_user_processing.py
[2026-01-17T07:16:44.328+0000] {logging_mixin.py:190} INFO - [2026-01-17T07:16:44.328+0000] {dag.py:3239} INFO - Sync 1 DAGs
[2026-01-17T07:16:44.645+0000] {logging_mixin.py:190} INFO - [2026-01-17T07:16:44.645+0000] {dag.py:4180} INFO - Setting next_dagrun for tg_user_processing to 2026-01-16 00:00:00+00:00, run_after=2026-01-17 00:00:00+00:00
[2026-01-17T07:16:44.687+0000] {processor.py:208} INFO - Processing /opt/airflow/dags/tg_user_processing.py took 0.924 seconds
[2026-01-17T07:17:15.162+0000] {processor.py:186} INFO - Started process (PID=13201) to work on /opt/airflow/dags/tg_user_processing.py
[2026-01-17T07:17:15.164+0000] {processor.py:914} INFO - Processing file /opt/airflow/dags/tg_user_processing.py for tasks to queue
[2026-01-17T07:17:15.166+0000] {logging_mixin.py:190} INFO - [2026-01-17T07:17:15.165+0000] {dagbag.py:588} INFO - Filling up the DagBag from /opt/airflow/dags/tg_user_processing.py
[2026-01-17T07:17:15.632+0000] {processor.py:925} INFO - DAG(s) 'tg_user_processing' retrieved from /opt/airflow/dags/tg_user_processing.py
[2026-01-17T07:17:15.680+0000] {logging_mixin.py:190} INFO - [2026-01-17T07:17:15.679+0000] {dag.py:3239} INFO - Sync 1 DAGs
[2026-01-17T07:17:16.021+0000] {logging_mixin.py:190} INFO - [2026-01-17T07:17:16.021+0000] {dag.py:4180} INFO - Setting next_dagrun for tg_user_processing to 2026-01-16 00:00:00+00:00, run_after=2026-01-17 00:00:00+00:00
[2026-01-17T07:17:16.065+0000] {processor.py:208} INFO - Processing /opt/airflow/dags/tg_user_processing.py took 0.915 seconds
[2026-01-17T07:17:46.123+0000] {processor.py:186} INFO - Started process (PID=13225) to work on /opt/airflow/dags/tg_user_processing.py
[2026-01-17T07:17:46.124+0000] {processor.py:914} INFO - Processing file /opt/airflow/dags/tg_user_processing.py for tasks to queue
[2026-01-17T07:17:46.125+0000] {logging_mixin.py:190} INFO - [2026-01-17T07:17:46.125+0000] {dagbag.py:588} INFO - Filling up the DagBag from /opt/airflow/dags/tg_user_processing.py
[2026-01-17T07:17:46.565+0000] {processor.py:925} INFO - DAG(s) 'tg_user_processing' retrieved from /opt/airflow/dags/tg_user_processing.py
[2026-01-17T07:17:46.893+0000] {logging_mixin.py:190} INFO - [2026-01-17T07:17:46.892+0000] {dag.py:3239} INFO - Sync 1 DAGs
[2026-01-17T07:17:46.930+0000] {logging_mixin.py:190} INFO - [2026-01-17T07:17:46.930+0000] {dag.py:4180} INFO - Setting next_dagrun for tg_user_processing to 2026-01-16 00:00:00+00:00, run_after=2026-01-17 00:00:00+00:00
[2026-01-17T07:17:46.984+0000] {processor.py:208} INFO - Processing /opt/airflow/dags/tg_user_processing.py took 0.870 seconds
[2026-01-17T07:18:17.141+0000] {processor.py:186} INFO - Started process (PID=13249) to work on /opt/airflow/dags/tg_user_processing.py
[2026-01-17T07:18:17.142+0000] {processor.py:914} INFO - Processing file /opt/airflow/dags/tg_user_processing.py for tasks to queue
[2026-01-17T07:18:17.144+0000] {logging_mixin.py:190} INFO - [2026-01-17T07:18:17.143+0000] {dagbag.py:588} INFO - Filling up the DagBag from /opt/airflow/dags/tg_user_processing.py
[2026-01-17T07:18:17.602+0000] {processor.py:925} INFO - DAG(s) 'tg_user_processing' retrieved from /opt/airflow/dags/tg_user_processing.py
[2026-01-17T07:18:17.644+0000] {logging_mixin.py:190} INFO - [2026-01-17T07:18:17.644+0000] {dag.py:3239} INFO - Sync 1 DAGs
[2026-01-17T07:18:17.679+0000] {logging_mixin.py:190} INFO - [2026-01-17T07:18:17.679+0000] {dag.py:4180} INFO - Setting next_dagrun for tg_user_processing to 2026-01-16 00:00:00+00:00, run_after=2026-01-17 00:00:00+00:00
[2026-01-17T07:18:17.912+0000] {processor.py:208} INFO - Processing /opt/airflow/dags/tg_user_processing.py took 0.784 seconds
[2026-01-17T07:18:48.490+0000] {processor.py:186} INFO - Started process (PID=13273) to work on /opt/airflow/dags/tg_user_processing.py
[2026-01-17T07:18:48.492+0000] {processor.py:914} INFO - Processing file /opt/airflow/dags/tg_user_processing.py for tasks to queue
[2026-01-17T07:18:48.495+0000] {logging_mixin.py:190} INFO - [2026-01-17T07:18:48.494+0000] {dagbag.py:588} INFO - Filling up the DagBag from /opt/airflow/dags/tg_user_processing.py
[2026-01-17T07:18:49.048+0000] {processor.py:925} INFO - DAG(s) 'tg_user_processing' retrieved from /opt/airflow/dags/tg_user_processing.py
[2026-01-17T07:18:49.100+0000] {logging_mixin.py:190} INFO - [2026-01-17T07:18:49.099+0000] {dag.py:3239} INFO - Sync 1 DAGs
[2026-01-17T07:18:49.465+0000] {logging_mixin.py:190} INFO - [2026-01-17T07:18:49.465+0000] {dag.py:4180} INFO - Setting next_dagrun for tg_user_processing to 2026-01-16 00:00:00+00:00, run_after=2026-01-17 00:00:00+00:00
[2026-01-17T07:18:49.516+0000] {processor.py:208} INFO - Processing /opt/airflow/dags/tg_user_processing.py took 1.044 seconds
[2026-01-17T07:19:19.600+0000] {processor.py:186} INFO - Started process (PID=13297) to work on /opt/airflow/dags/tg_user_processing.py
[2026-01-17T07:19:19.602+0000] {processor.py:914} INFO - Processing file /opt/airflow/dags/tg_user_processing.py for tasks to queue
[2026-01-17T07:19:19.605+0000] {logging_mixin.py:190} INFO - [2026-01-17T07:19:19.604+0000] {dagbag.py:588} INFO - Filling up the DagBag from /opt/airflow/dags/tg_user_processing.py
[2026-01-17T07:19:20.265+0000] {processor.py:925} INFO - DAG(s) 'tg_user_processing' retrieved from /opt/airflow/dags/tg_user_processing.py
[2026-01-17T07:19:20.659+0000] {logging_mixin.py:190} INFO - [2026-01-17T07:19:20.658+0000] {dag.py:3239} INFO - Sync 1 DAGs
[2026-01-17T07:19:20.706+0000] {logging_mixin.py:190} INFO - [2026-01-17T07:19:20.705+0000] {dag.py:4180} INFO - Setting next_dagrun for tg_user_processing to 2026-01-16 00:00:00+00:00, run_after=2026-01-17 00:00:00+00:00
[2026-01-17T07:19:20.758+0000] {processor.py:208} INFO - Processing /opt/airflow/dags/tg_user_processing.py took 1.172 seconds
[2026-01-17T07:19:51.241+0000] {processor.py:186} INFO - Started process (PID=13321) to work on /opt/airflow/dags/tg_user_processing.py
[2026-01-17T07:19:51.244+0000] {processor.py:914} INFO - Processing file /opt/airflow/dags/tg_user_processing.py for tasks to queue
[2026-01-17T07:19:51.247+0000] {logging_mixin.py:190} INFO - [2026-01-17T07:19:51.246+0000] {dagbag.py:588} INFO - Filling up the DagBag from /opt/airflow/dags/tg_user_processing.py
[2026-01-17T07:19:52.465+0000] {processor.py:925} INFO - DAG(s) 'tg_user_processing' retrieved from /opt/airflow/dags/tg_user_processing.py
[2026-01-17T07:19:52.544+0000] {logging_mixin.py:190} INFO - [2026-01-17T07:19:52.542+0000] {dag.py:3239} INFO - Sync 1 DAGs
[2026-01-17T07:19:52.611+0000] {logging_mixin.py:190} INFO - [2026-01-17T07:19:52.610+0000] {dag.py:4180} INFO - Setting next_dagrun for tg_user_processing to 2026-01-16 00:00:00+00:00, run_after=2026-01-17 00:00:00+00:00
[2026-01-17T07:19:52.664+0000] {processor.py:208} INFO - Processing /opt/airflow/dags/tg_user_processing.py took 1.440 seconds
[2026-01-17T07:20:23.607+0000] {processor.py:186} INFO - Started process (PID=13345) to work on /opt/airflow/dags/tg_user_processing.py
[2026-01-17T07:20:23.613+0000] {processor.py:914} INFO - Processing file /opt/airflow/dags/tg_user_processing.py for tasks to queue
[2026-01-17T07:20:23.617+0000] {logging_mixin.py:190} INFO - [2026-01-17T07:20:23.616+0000] {dagbag.py:588} INFO - Filling up the DagBag from /opt/airflow/dags/tg_user_processing.py
[2026-01-17T07:20:25.018+0000] {processor.py:925} INFO - DAG(s) 'tg_user_processing' retrieved from /opt/airflow/dags/tg_user_processing.py
[2026-01-17T07:20:25.113+0000] {logging_mixin.py:190} INFO - [2026-01-17T07:20:25.112+0000] {dag.py:3239} INFO - Sync 1 DAGs
[2026-01-17T07:20:25.166+0000] {logging_mixin.py:190} INFO - [2026-01-17T07:20:25.166+0000] {dag.py:4180} INFO - Setting next_dagrun for tg_user_processing to 2026-01-16 00:00:00+00:00, run_after=2026-01-17 00:00:00+00:00
[2026-01-17T07:20:25.230+0000] {processor.py:208} INFO - Processing /opt/airflow/dags/tg_user_processing.py took 1.661 seconds
[2026-01-17T07:20:55.557+0000] {processor.py:186} INFO - Started process (PID=13369) to work on /opt/airflow/dags/tg_user_processing.py
[2026-01-17T07:20:55.559+0000] {processor.py:914} INFO - Processing file /opt/airflow/dags/tg_user_processing.py for tasks to queue
[2026-01-17T07:20:55.560+0000] {logging_mixin.py:190} INFO - [2026-01-17T07:20:55.560+0000] {dagbag.py:588} INFO - Filling up the DagBag from /opt/airflow/dags/tg_user_processing.py
[2026-01-17T07:20:55.945+0000] {processor.py:925} INFO - DAG(s) 'tg_user_processing' retrieved from /opt/airflow/dags/tg_user_processing.py
[2026-01-17T07:20:55.980+0000] {logging_mixin.py:190} INFO - [2026-01-17T07:20:55.980+0000] {dag.py:3239} INFO - Sync 1 DAGs
[2026-01-17T07:20:56.282+0000] {logging_mixin.py:190} INFO - [2026-01-17T07:20:56.282+0000] {dag.py:4180} INFO - Setting next_dagrun for tg_user_processing to 2026-01-16 00:00:00+00:00, run_after=2026-01-17 00:00:00+00:00
[2026-01-17T07:20:56.338+0000] {processor.py:208} INFO - Processing /opt/airflow/dags/tg_user_processing.py took 0.793 seconds
[2026-01-17T07:21:26.993+0000] {processor.py:186} INFO - Started process (PID=13393) to work on /opt/airflow/dags/tg_user_processing.py
[2026-01-17T07:21:26.995+0000] {processor.py:914} INFO - Processing file /opt/airflow/dags/tg_user_processing.py for tasks to queue
[2026-01-17T07:21:26.997+0000] {logging_mixin.py:190} INFO - [2026-01-17T07:21:26.996+0000] {dagbag.py:588} INFO - Filling up the DagBag from /opt/airflow/dags/tg_user_processing.py
[2026-01-17T07:21:27.384+0000] {processor.py:925} INFO - DAG(s) 'tg_user_processing' retrieved from /opt/airflow/dags/tg_user_processing.py
[2026-01-17T07:21:27.706+0000] {logging_mixin.py:190} INFO - [2026-01-17T07:21:27.705+0000] {dag.py:3239} INFO - Sync 1 DAGs
[2026-01-17T07:21:27.758+0000] {logging_mixin.py:190} INFO - [2026-01-17T07:21:27.758+0000] {dag.py:4180} INFO - Setting next_dagrun for tg_user_processing to 2026-01-16 00:00:00+00:00, run_after=2026-01-17 00:00:00+00:00
[2026-01-17T07:21:27.792+0000] {processor.py:208} INFO - Processing /opt/airflow/dags/tg_user_processing.py took 0.808 seconds
[2026-01-17T07:21:58.260+0000] {processor.py:186} INFO - Started process (PID=13417) to work on /opt/airflow/dags/tg_user_processing.py
[2026-01-17T07:21:58.262+0000] {processor.py:914} INFO - Processing file /opt/airflow/dags/tg_user_processing.py for tasks to queue
[2026-01-17T07:21:58.263+0000] {logging_mixin.py:190} INFO - [2026-01-17T07:21:58.263+0000] {dagbag.py:588} INFO - Filling up the DagBag from /opt/airflow/dags/tg_user_processing.py
[2026-01-17T07:21:59.069+0000] {processor.py:925} INFO - DAG(s) 'tg_user_processing' retrieved from /opt/airflow/dags/tg_user_processing.py
[2026-01-17T07:21:59.122+0000] {logging_mixin.py:190} INFO - [2026-01-17T07:21:59.121+0000] {dag.py:3239} INFO - Sync 1 DAGs
[2026-01-17T07:21:59.157+0000] {logging_mixin.py:190} INFO - [2026-01-17T07:21:59.157+0000] {dag.py:4180} INFO - Setting next_dagrun for tg_user_processing to 2026-01-16 00:00:00+00:00, run_after=2026-01-17 00:00:00+00:00
[2026-01-17T07:21:59.209+0000] {processor.py:208} INFO - Processing /opt/airflow/dags/tg_user_processing.py took 0.958 seconds
[2026-01-17T07:22:30.152+0000] {processor.py:186} INFO - Started process (PID=13441) to work on /opt/airflow/dags/tg_user_processing.py
[2026-01-17T07:22:30.154+0000] {processor.py:914} INFO - Processing file /opt/airflow/dags/tg_user_processing.py for tasks to queue
[2026-01-17T07:22:30.158+0000] {logging_mixin.py:190} INFO - [2026-01-17T07:22:30.157+0000] {dagbag.py:588} INFO - Filling up the DagBag from /opt/airflow/dags/tg_user_processing.py
[2026-01-17T07:22:31.803+0000] {processor.py:925} INFO - DAG(s) 'tg_user_processing' retrieved from /opt/airflow/dags/tg_user_processing.py
[2026-01-17T07:22:31.923+0000] {logging_mixin.py:190} INFO - [2026-01-17T07:22:31.921+0000] {dag.py:3239} INFO - Sync 1 DAGs
[2026-01-17T07:22:32.034+0000] {logging_mixin.py:190} INFO - [2026-01-17T07:22:32.033+0000] {dag.py:4180} INFO - Setting next_dagrun for tg_user_processing to 2026-01-16 00:00:00+00:00, run_after=2026-01-17 00:00:00+00:00
[2026-01-17T07:22:32.118+0000] {processor.py:208} INFO - Processing /opt/airflow/dags/tg_user_processing.py took 1.987 seconds
[2026-01-17T07:23:03.184+0000] {processor.py:186} INFO - Started process (PID=13465) to work on /opt/airflow/dags/tg_user_processing.py
[2026-01-17T07:23:03.188+0000] {processor.py:914} INFO - Processing file /opt/airflow/dags/tg_user_processing.py for tasks to queue
[2026-01-17T07:23:03.193+0000] {logging_mixin.py:190} INFO - [2026-01-17T07:23:03.191+0000] {dagbag.py:588} INFO - Filling up the DagBag from /opt/airflow/dags/tg_user_processing.py
[2026-01-17T07:23:03.745+0000] {processor.py:925} INFO - DAG(s) 'tg_user_processing' retrieved from /opt/airflow/dags/tg_user_processing.py
[2026-01-17T07:23:03.800+0000] {logging_mixin.py:190} INFO - [2026-01-17T07:23:03.799+0000] {dag.py:3239} INFO - Sync 1 DAGs
[2026-01-17T07:23:04.154+0000] {logging_mixin.py:190} INFO - [2026-01-17T07:23:04.154+0000] {dag.py:4180} INFO - Setting next_dagrun for tg_user_processing to 2026-01-16 00:00:00+00:00, run_after=2026-01-17 00:00:00+00:00
[2026-01-17T07:23:04.200+0000] {processor.py:208} INFO - Processing /opt/airflow/dags/tg_user_processing.py took 1.042 seconds
[2026-01-17T07:23:35.271+0000] {processor.py:186} INFO - Started process (PID=13489) to work on /opt/airflow/dags/tg_user_processing.py
[2026-01-17T07:23:35.274+0000] {processor.py:914} INFO - Processing file /opt/airflow/dags/tg_user_processing.py for tasks to queue
[2026-01-17T07:23:35.277+0000] {logging_mixin.py:190} INFO - [2026-01-17T07:23:35.276+0000] {dagbag.py:588} INFO - Filling up the DagBag from /opt/airflow/dags/tg_user_processing.py
[2026-01-17T07:23:36.548+0000] {processor.py:925} INFO - DAG(s) 'tg_user_processing' retrieved from /opt/airflow/dags/tg_user_processing.py
[2026-01-17T07:23:37.211+0000] {logging_mixin.py:190} INFO - [2026-01-17T07:23:37.210+0000] {dag.py:3239} INFO - Sync 1 DAGs
[2026-01-17T07:23:37.288+0000] {logging_mixin.py:190} INFO - [2026-01-17T07:23:37.287+0000] {dag.py:4180} INFO - Setting next_dagrun for tg_user_processing to 2026-01-16 00:00:00+00:00, run_after=2026-01-17 00:00:00+00:00
[2026-01-17T07:23:37.417+0000] {processor.py:208} INFO - Processing /opt/airflow/dags/tg_user_processing.py took 2.166 seconds
[2026-01-17T07:24:07.999+0000] {processor.py:186} INFO - Started process (PID=13514) to work on /opt/airflow/dags/tg_user_processing.py
[2026-01-17T07:24:08.001+0000] {processor.py:914} INFO - Processing file /opt/airflow/dags/tg_user_processing.py for tasks to queue
[2026-01-17T07:24:08.003+0000] {logging_mixin.py:190} INFO - [2026-01-17T07:24:08.002+0000] {dagbag.py:588} INFO - Filling up the DagBag from /opt/airflow/dags/tg_user_processing.py
[2026-01-17T07:24:08.659+0000] {processor.py:925} INFO - DAG(s) 'tg_user_processing' retrieved from /opt/airflow/dags/tg_user_processing.py
[2026-01-17T07:24:08.700+0000] {logging_mixin.py:190} INFO - [2026-01-17T07:24:08.699+0000] {dag.py:3239} INFO - Sync 1 DAGs
[2026-01-17T07:24:08.735+0000] {logging_mixin.py:190} INFO - [2026-01-17T07:24:08.735+0000] {dag.py:4180} INFO - Setting next_dagrun for tg_user_processing to 2026-01-16 00:00:00+00:00, run_after=2026-01-17 00:00:00+00:00
[2026-01-17T07:24:08.769+0000] {processor.py:208} INFO - Processing /opt/airflow/dags/tg_user_processing.py took 0.779 seconds
[2026-01-17T07:24:39.273+0000] {processor.py:186} INFO - Started process (PID=13538) to work on /opt/airflow/dags/tg_user_processing.py
[2026-01-17T07:24:39.276+0000] {processor.py:914} INFO - Processing file /opt/airflow/dags/tg_user_processing.py for tasks to queue
[2026-01-17T07:24:39.279+0000] {logging_mixin.py:190} INFO - [2026-01-17T07:24:39.278+0000] {dagbag.py:588} INFO - Filling up the DagBag from /opt/airflow/dags/tg_user_processing.py
[2026-01-17T07:24:40.114+0000] {processor.py:925} INFO - DAG(s) 'tg_user_processing' retrieved from /opt/airflow/dags/tg_user_processing.py
[2026-01-17T07:24:40.162+0000] {logging_mixin.py:190} INFO - [2026-01-17T07:24:40.161+0000] {dag.py:3239} INFO - Sync 1 DAGs
[2026-01-17T07:24:40.202+0000] {logging_mixin.py:190} INFO - [2026-01-17T07:24:40.202+0000] {dag.py:4180} INFO - Setting next_dagrun for tg_user_processing to 2026-01-16 00:00:00+00:00, run_after=2026-01-17 00:00:00+00:00
[2026-01-17T07:24:40.245+0000] {processor.py:208} INFO - Processing /opt/airflow/dags/tg_user_processing.py took 0.987 seconds
[2026-01-17T07:25:10.338+0000] {processor.py:186} INFO - Started process (PID=13561) to work on /opt/airflow/dags/tg_user_processing.py
[2026-01-17T07:25:10.340+0000] {processor.py:914} INFO - Processing file /opt/airflow/dags/tg_user_processing.py for tasks to queue
[2026-01-17T07:25:10.343+0000] {logging_mixin.py:190} INFO - [2026-01-17T07:25:10.342+0000] {dagbag.py:588} INFO - Filling up the DagBag from /opt/airflow/dags/tg_user_processing.py
[2026-01-17T07:25:10.848+0000] {processor.py:925} INFO - DAG(s) 'tg_user_processing' retrieved from /opt/airflow/dags/tg_user_processing.py
[2026-01-17T07:25:10.891+0000] {logging_mixin.py:190} INFO - [2026-01-17T07:25:10.890+0000] {dag.py:3239} INFO - Sync 1 DAGs
[2026-01-17T07:25:11.197+0000] {logging_mixin.py:190} INFO - [2026-01-17T07:25:11.197+0000] {dag.py:4180} INFO - Setting next_dagrun for tg_user_processing to 2026-01-16 00:00:00+00:00, run_after=2026-01-17 00:00:00+00:00
[2026-01-17T07:25:11.249+0000] {processor.py:208} INFO - Processing /opt/airflow/dags/tg_user_processing.py took 0.930 seconds
[2026-01-17T07:25:41.917+0000] {processor.py:186} INFO - Started process (PID=13592) to work on /opt/airflow/dags/tg_user_processing.py
[2026-01-17T07:25:41.920+0000] {processor.py:914} INFO - Processing file /opt/airflow/dags/tg_user_processing.py for tasks to queue
[2026-01-17T07:25:41.923+0000] {logging_mixin.py:190} INFO - [2026-01-17T07:25:41.923+0000] {dagbag.py:588} INFO - Filling up the DagBag from /opt/airflow/dags/tg_user_processing.py
[2026-01-17T07:25:42.360+0000] {processor.py:925} INFO - DAG(s) 'tg_user_processing' retrieved from /opt/airflow/dags/tg_user_processing.py
[2026-01-17T07:25:42.631+0000] {logging_mixin.py:190} INFO - [2026-01-17T07:25:42.630+0000] {dag.py:3239} INFO - Sync 1 DAGs
[2026-01-17T07:25:42.675+0000] {logging_mixin.py:190} INFO - [2026-01-17T07:25:42.674+0000] {dag.py:4180} INFO - Setting next_dagrun for tg_user_processing to 2026-01-16 00:00:00+00:00, run_after=2026-01-17 00:00:00+00:00
[2026-01-17T07:25:42.709+0000] {processor.py:208} INFO - Processing /opt/airflow/dags/tg_user_processing.py took 0.806 seconds
[2026-01-17T07:26:13.317+0000] {processor.py:186} INFO - Started process (PID=13616) to work on /opt/airflow/dags/tg_user_processing.py
[2026-01-17T07:26:13.319+0000] {processor.py:914} INFO - Processing file /opt/airflow/dags/tg_user_processing.py for tasks to queue
[2026-01-17T07:26:13.321+0000] {logging_mixin.py:190} INFO - [2026-01-17T07:26:13.320+0000] {dagbag.py:588} INFO - Filling up the DagBag from /opt/airflow/dags/tg_user_processing.py
[2026-01-17T07:26:14.000+0000] {processor.py:925} INFO - DAG(s) 'tg_user_processing' retrieved from /opt/airflow/dags/tg_user_processing.py
[2026-01-17T07:26:14.039+0000] {logging_mixin.py:190} INFO - [2026-01-17T07:26:14.038+0000] {dag.py:3239} INFO - Sync 1 DAGs
[2026-01-17T07:26:14.072+0000] {logging_mixin.py:190} INFO - [2026-01-17T07:26:14.072+0000] {dag.py:4180} INFO - Setting next_dagrun for tg_user_processing to 2026-01-16 00:00:00+00:00, run_after=2026-01-17 00:00:00+00:00
[2026-01-17T07:26:14.103+0000] {processor.py:208} INFO - Processing /opt/airflow/dags/tg_user_processing.py took 0.802 seconds
[2026-01-17T07:26:44.608+0000] {processor.py:186} INFO - Started process (PID=13640) to work on /opt/airflow/dags/tg_user_processing.py
[2026-01-17T07:26:44.609+0000] {processor.py:914} INFO - Processing file /opt/airflow/dags/tg_user_processing.py for tasks to queue
[2026-01-17T07:26:44.610+0000] {logging_mixin.py:190} INFO - [2026-01-17T07:26:44.610+0000] {dagbag.py:588} INFO - Filling up the DagBag from /opt/airflow/dags/tg_user_processing.py
[2026-01-17T07:26:45.263+0000] {processor.py:925} INFO - DAG(s) 'tg_user_processing' retrieved from /opt/airflow/dags/tg_user_processing.py
[2026-01-17T07:26:45.305+0000] {logging_mixin.py:190} INFO - [2026-01-17T07:26:45.305+0000] {dag.py:3239} INFO - Sync 1 DAGs
[2026-01-17T07:26:45.336+0000] {logging_mixin.py:190} INFO - [2026-01-17T07:26:45.336+0000] {dag.py:4180} INFO - Setting next_dagrun for tg_user_processing to 2026-01-16 00:00:00+00:00, run_after=2026-01-17 00:00:00+00:00
[2026-01-17T07:26:45.365+0000] {processor.py:208} INFO - Processing /opt/airflow/dags/tg_user_processing.py took 0.773 seconds
[2026-01-17T07:27:15.985+0000] {processor.py:186} INFO - Started process (PID=13664) to work on /opt/airflow/dags/tg_user_processing.py
[2026-01-17T07:27:15.987+0000] {processor.py:914} INFO - Processing file /opt/airflow/dags/tg_user_processing.py for tasks to queue
[2026-01-17T07:27:15.989+0000] {logging_mixin.py:190} INFO - [2026-01-17T07:27:15.988+0000] {dagbag.py:588} INFO - Filling up the DagBag from /opt/airflow/dags/tg_user_processing.py
[2026-01-17T07:27:16.392+0000] {processor.py:925} INFO - DAG(s) 'tg_user_processing' retrieved from /opt/airflow/dags/tg_user_processing.py
[2026-01-17T07:27:16.436+0000] {logging_mixin.py:190} INFO - [2026-01-17T07:27:16.436+0000] {dag.py:3239} INFO - Sync 1 DAGs
[2026-01-17T07:27:16.768+0000] {logging_mixin.py:190} INFO - [2026-01-17T07:27:16.767+0000] {dag.py:4180} INFO - Setting next_dagrun for tg_user_processing to 2026-01-16 00:00:00+00:00, run_after=2026-01-17 00:00:00+00:00
[2026-01-17T07:27:16.800+0000] {processor.py:208} INFO - Processing /opt/airflow/dags/tg_user_processing.py took 0.826 seconds
[2026-01-17T07:27:47.428+0000] {processor.py:186} INFO - Started process (PID=13688) to work on /opt/airflow/dags/tg_user_processing.py
[2026-01-17T07:27:47.430+0000] {processor.py:914} INFO - Processing file /opt/airflow/dags/tg_user_processing.py for tasks to queue
[2026-01-17T07:27:47.432+0000] {logging_mixin.py:190} INFO - [2026-01-17T07:27:47.431+0000] {dagbag.py:588} INFO - Filling up the DagBag from /opt/airflow/dags/tg_user_processing.py
[2026-01-17T07:27:47.898+0000] {processor.py:925} INFO - DAG(s) 'tg_user_processing' retrieved from /opt/airflow/dags/tg_user_processing.py
[2026-01-17T07:27:48.280+0000] {logging_mixin.py:190} INFO - [2026-01-17T07:27:48.279+0000] {dag.py:3239} INFO - Sync 1 DAGs
[2026-01-17T07:27:48.316+0000] {logging_mixin.py:190} INFO - [2026-01-17T07:27:48.316+0000] {dag.py:4180} INFO - Setting next_dagrun for tg_user_processing to 2026-01-16 00:00:00+00:00, run_after=2026-01-17 00:00:00+00:00
[2026-01-17T07:27:48.354+0000] {processor.py:208} INFO - Processing /opt/airflow/dags/tg_user_processing.py took 0.939 seconds
[2026-01-17T07:28:18.435+0000] {processor.py:186} INFO - Started process (PID=13712) to work on /opt/airflow/dags/tg_user_processing.py
[2026-01-17T07:28:18.436+0000] {processor.py:914} INFO - Processing file /opt/airflow/dags/tg_user_processing.py for tasks to queue
[2026-01-17T07:28:18.438+0000] {logging_mixin.py:190} INFO - [2026-01-17T07:28:18.438+0000] {dagbag.py:588} INFO - Filling up the DagBag from /opt/airflow/dags/tg_user_processing.py
[2026-01-17T07:28:19.154+0000] {processor.py:925} INFO - DAG(s) 'tg_user_processing' retrieved from /opt/airflow/dags/tg_user_processing.py
[2026-01-17T07:28:19.200+0000] {logging_mixin.py:190} INFO - [2026-01-17T07:28:19.199+0000] {dag.py:3239} INFO - Sync 1 DAGs
[2026-01-17T07:28:19.240+0000] {logging_mixin.py:190} INFO - [2026-01-17T07:28:19.240+0000] {dag.py:4180} INFO - Setting next_dagrun for tg_user_processing to 2026-01-16 00:00:00+00:00, run_after=2026-01-17 00:00:00+00:00
[2026-01-17T07:28:19.281+0000] {processor.py:208} INFO - Processing /opt/airflow/dags/tg_user_processing.py took 0.855 seconds
[2026-01-17T07:28:49.574+0000] {processor.py:186} INFO - Started process (PID=13736) to work on /opt/airflow/dags/tg_user_processing.py
[2026-01-17T07:28:49.581+0000] {processor.py:914} INFO - Processing file /opt/airflow/dags/tg_user_processing.py for tasks to queue
[2026-01-17T07:28:49.585+0000] {logging_mixin.py:190} INFO - [2026-01-17T07:28:49.583+0000] {dagbag.py:588} INFO - Filling up the DagBag from /opt/airflow/dags/tg_user_processing.py
[2026-01-17T07:28:50.567+0000] {processor.py:925} INFO - DAG(s) 'tg_user_processing' retrieved from /opt/airflow/dags/tg_user_processing.py
[2026-01-17T07:28:50.602+0000] {logging_mixin.py:190} INFO - [2026-01-17T07:28:50.602+0000] {dag.py:3239} INFO - Sync 1 DAGs
[2026-01-17T07:28:50.656+0000] {logging_mixin.py:190} INFO - [2026-01-17T07:28:50.655+0000] {dag.py:4180} INFO - Setting next_dagrun for tg_user_processing to 2026-01-16 00:00:00+00:00, run_after=2026-01-17 00:00:00+00:00
[2026-01-17T07:28:50.719+0000] {processor.py:208} INFO - Processing /opt/airflow/dags/tg_user_processing.py took 1.168 seconds
[2026-01-17T07:29:21.070+0000] {processor.py:186} INFO - Started process (PID=13761) to work on /opt/airflow/dags/tg_user_processing.py
[2026-01-17T07:29:21.075+0000] {processor.py:914} INFO - Processing file /opt/airflow/dags/tg_user_processing.py for tasks to queue
[2026-01-17T07:29:21.080+0000] {logging_mixin.py:190} INFO - [2026-01-17T07:29:21.079+0000] {dagbag.py:588} INFO - Filling up the DagBag from /opt/airflow/dags/tg_user_processing.py
[2026-01-17T07:29:22.163+0000] {processor.py:925} INFO - DAG(s) 'tg_user_processing' retrieved from /opt/airflow/dags/tg_user_processing.py
[2026-01-17T07:29:22.715+0000] {logging_mixin.py:190} INFO - [2026-01-17T07:29:22.713+0000] {dag.py:3239} INFO - Sync 1 DAGs
[2026-01-17T07:29:22.783+0000] {logging_mixin.py:190} INFO - [2026-01-17T07:29:22.782+0000] {dag.py:4180} INFO - Setting next_dagrun for tg_user_processing to 2026-01-16 00:00:00+00:00, run_after=2026-01-17 00:00:00+00:00
[2026-01-17T07:29:22.858+0000] {processor.py:208} INFO - Processing /opt/airflow/dags/tg_user_processing.py took 1.812 seconds
[2026-01-17T07:29:53.450+0000] {processor.py:186} INFO - Started process (PID=13786) to work on /opt/airflow/dags/tg_user_processing.py
[2026-01-17T07:29:53.453+0000] {processor.py:914} INFO - Processing file /opt/airflow/dags/tg_user_processing.py for tasks to queue
[2026-01-17T07:29:53.456+0000] {logging_mixin.py:190} INFO - [2026-01-17T07:29:53.455+0000] {dagbag.py:588} INFO - Filling up the DagBag from /opt/airflow/dags/tg_user_processing.py
[2026-01-17T07:29:54.351+0000] {processor.py:925} INFO - DAG(s) 'tg_user_processing' retrieved from /opt/airflow/dags/tg_user_processing.py
[2026-01-17T07:29:54.403+0000] {logging_mixin.py:190} INFO - [2026-01-17T07:29:54.401+0000] {dag.py:3239} INFO - Sync 1 DAGs
[2026-01-17T07:29:54.449+0000] {logging_mixin.py:190} INFO - [2026-01-17T07:29:54.449+0000] {dag.py:4180} INFO - Setting next_dagrun for tg_user_processing to 2026-01-16 00:00:00+00:00, run_after=2026-01-17 00:00:00+00:00
[2026-01-17T07:29:54.495+0000] {processor.py:208} INFO - Processing /opt/airflow/dags/tg_user_processing.py took 1.061 seconds
[2026-01-17T07:30:25.001+0000] {processor.py:186} INFO - Started process (PID=13810) to work on /opt/airflow/dags/tg_user_processing.py
[2026-01-17T07:30:25.003+0000] {processor.py:914} INFO - Processing file /opt/airflow/dags/tg_user_processing.py for tasks to queue
[2026-01-17T07:30:25.005+0000] {logging_mixin.py:190} INFO - [2026-01-17T07:30:25.004+0000] {dagbag.py:588} INFO - Filling up the DagBag from /opt/airflow/dags/tg_user_processing.py
[2026-01-17T07:30:25.891+0000] {processor.py:925} INFO - DAG(s) 'tg_user_processing' retrieved from /opt/airflow/dags/tg_user_processing.py
[2026-01-17T07:30:25.941+0000] {logging_mixin.py:190} INFO - [2026-01-17T07:30:25.940+0000] {dag.py:3239} INFO - Sync 1 DAGs
[2026-01-17T07:30:25.976+0000] {logging_mixin.py:190} INFO - [2026-01-17T07:30:25.976+0000] {dag.py:4180} INFO - Setting next_dagrun for tg_user_processing to 2026-01-16 00:00:00+00:00, run_after=2026-01-17 00:00:00+00:00
[2026-01-17T07:30:26.017+0000] {processor.py:208} INFO - Processing /opt/airflow/dags/tg_user_processing.py took 1.029 seconds
[2026-01-17T07:30:56.292+0000] {processor.py:186} INFO - Started process (PID=13835) to work on /opt/airflow/dags/tg_user_processing.py
[2026-01-17T07:30:56.295+0000] {processor.py:914} INFO - Processing file /opt/airflow/dags/tg_user_processing.py for tasks to queue
[2026-01-17T07:30:56.299+0000] {logging_mixin.py:190} INFO - [2026-01-17T07:30:56.298+0000] {dagbag.py:588} INFO - Filling up the DagBag from /opt/airflow/dags/tg_user_processing.py
[2026-01-17T07:30:57.177+0000] {processor.py:925} INFO - DAG(s) 'tg_user_processing' retrieved from /opt/airflow/dags/tg_user_processing.py
[2026-01-17T07:30:57.214+0000] {logging_mixin.py:190} INFO - [2026-01-17T07:30:57.213+0000] {dag.py:3239} INFO - Sync 1 DAGs
[2026-01-17T07:30:57.260+0000] {logging_mixin.py:190} INFO - [2026-01-17T07:30:57.259+0000] {dag.py:4180} INFO - Setting next_dagrun for tg_user_processing to 2026-01-16 00:00:00+00:00, run_after=2026-01-17 00:00:00+00:00
[2026-01-17T07:30:57.307+0000] {processor.py:208} INFO - Processing /opt/airflow/dags/tg_user_processing.py took 1.036 seconds
[2026-01-17T07:31:27.554+0000] {processor.py:186} INFO - Started process (PID=13859) to work on /opt/airflow/dags/tg_user_processing.py
[2026-01-17T07:31:27.557+0000] {processor.py:914} INFO - Processing file /opt/airflow/dags/tg_user_processing.py for tasks to queue
[2026-01-17T07:31:27.560+0000] {logging_mixin.py:190} INFO - [2026-01-17T07:31:27.559+0000] {dagbag.py:588} INFO - Filling up the DagBag from /opt/airflow/dags/tg_user_processing.py
[2026-01-17T07:31:28.362+0000] {processor.py:925} INFO - DAG(s) 'tg_user_processing' retrieved from /opt/airflow/dags/tg_user_processing.py
[2026-01-17T07:31:28.398+0000] {logging_mixin.py:190} INFO - [2026-01-17T07:31:28.398+0000] {dag.py:3239} INFO - Sync 1 DAGs
[2026-01-17T07:31:28.438+0000] {logging_mixin.py:190} INFO - [2026-01-17T07:31:28.438+0000] {dag.py:4180} INFO - Setting next_dagrun for tg_user_processing to 2026-01-16 00:00:00+00:00, run_after=2026-01-17 00:00:00+00:00
[2026-01-17T07:31:28.474+0000] {processor.py:208} INFO - Processing /opt/airflow/dags/tg_user_processing.py took 0.940 seconds
[2026-01-17T07:31:58.637+0000] {processor.py:186} INFO - Started process (PID=13883) to work on /opt/airflow/dags/tg_user_processing.py
[2026-01-17T07:31:58.640+0000] {processor.py:914} INFO - Processing file /opt/airflow/dags/tg_user_processing.py for tasks to queue
[2026-01-17T07:31:58.643+0000] {logging_mixin.py:190} INFO - [2026-01-17T07:31:58.642+0000] {dagbag.py:588} INFO - Filling up the DagBag from /opt/airflow/dags/tg_user_processing.py
[2026-01-17T07:31:59.734+0000] {processor.py:925} INFO - DAG(s) 'tg_user_processing' retrieved from /opt/airflow/dags/tg_user_processing.py
[2026-01-17T07:31:59.789+0000] {logging_mixin.py:190} INFO - [2026-01-17T07:31:59.788+0000] {dag.py:3239} INFO - Sync 1 DAGs
[2026-01-17T07:31:59.831+0000] {logging_mixin.py:190} INFO - [2026-01-17T07:31:59.831+0000] {dag.py:4180} INFO - Setting next_dagrun for tg_user_processing to 2026-01-16 00:00:00+00:00, run_after=2026-01-17 00:00:00+00:00
[2026-01-17T07:31:59.885+0000] {processor.py:208} INFO - Processing /opt/airflow/dags/tg_user_processing.py took 1.266 seconds
[2026-01-17T07:32:30.397+0000] {processor.py:186} INFO - Started process (PID=13908) to work on /opt/airflow/dags/tg_user_processing.py
[2026-01-17T07:32:30.400+0000] {processor.py:914} INFO - Processing file /opt/airflow/dags/tg_user_processing.py for tasks to queue
[2026-01-17T07:32:30.404+0000] {logging_mixin.py:190} INFO - [2026-01-17T07:32:30.403+0000] {dagbag.py:588} INFO - Filling up the DagBag from /opt/airflow/dags/tg_user_processing.py
[2026-01-17T07:32:31.623+0000] {processor.py:925} INFO - DAG(s) 'tg_user_processing' retrieved from /opt/airflow/dags/tg_user_processing.py
[2026-01-17T07:32:31.669+0000] {logging_mixin.py:190} INFO - [2026-01-17T07:32:31.668+0000] {dag.py:3239} INFO - Sync 1 DAGs
[2026-01-17T07:32:31.740+0000] {logging_mixin.py:190} INFO - [2026-01-17T07:32:31.740+0000] {dag.py:4180} INFO - Setting next_dagrun for tg_user_processing to 2026-01-16 00:00:00+00:00, run_after=2026-01-17 00:00:00+00:00
[2026-01-17T07:32:31.791+0000] {processor.py:208} INFO - Processing /opt/airflow/dags/tg_user_processing.py took 1.411 seconds
[2026-01-17T07:33:02.422+0000] {processor.py:186} INFO - Started process (PID=13932) to work on /opt/airflow/dags/tg_user_processing.py
[2026-01-17T07:33:02.424+0000] {processor.py:914} INFO - Processing file /opt/airflow/dags/tg_user_processing.py for tasks to queue
[2026-01-17T07:33:02.426+0000] {logging_mixin.py:190} INFO - [2026-01-17T07:33:02.425+0000] {dagbag.py:588} INFO - Filling up the DagBag from /opt/airflow/dags/tg_user_processing.py
[2026-01-17T07:33:03.111+0000] {processor.py:925} INFO - DAG(s) 'tg_user_processing' retrieved from /opt/airflow/dags/tg_user_processing.py
[2026-01-17T07:33:03.143+0000] {logging_mixin.py:190} INFO - [2026-01-17T07:33:03.143+0000] {dag.py:3239} INFO - Sync 1 DAGs
[2026-01-17T07:33:03.185+0000] {logging_mixin.py:190} INFO - [2026-01-17T07:33:03.185+0000] {dag.py:4180} INFO - Setting next_dagrun for tg_user_processing to 2026-01-16 00:00:00+00:00, run_after=2026-01-17 00:00:00+00:00
[2026-01-17T07:33:03.216+0000] {processor.py:208} INFO - Processing /opt/airflow/dags/tg_user_processing.py took 0.803 seconds
[2026-01-17T07:33:34.164+0000] {processor.py:186} INFO - Started process (PID=13956) to work on /opt/airflow/dags/tg_user_processing.py
[2026-01-17T07:33:34.167+0000] {processor.py:914} INFO - Processing file /opt/airflow/dags/tg_user_processing.py for tasks to queue
[2026-01-17T07:33:34.170+0000] {logging_mixin.py:190} INFO - [2026-01-17T07:33:34.169+0000] {dagbag.py:588} INFO - Filling up the DagBag from /opt/airflow/dags/tg_user_processing.py
[2026-01-17T07:33:35.280+0000] {processor.py:925} INFO - DAG(s) 'tg_user_processing' retrieved from /opt/airflow/dags/tg_user_processing.py
[2026-01-17T07:33:35.345+0000] {logging_mixin.py:190} INFO - [2026-01-17T07:33:35.344+0000] {dag.py:3239} INFO - Sync 1 DAGs
[2026-01-17T07:33:35.396+0000] {logging_mixin.py:190} INFO - [2026-01-17T07:33:35.395+0000] {dag.py:4180} INFO - Setting next_dagrun for tg_user_processing to 2026-01-16 00:00:00+00:00, run_after=2026-01-17 00:00:00+00:00
[2026-01-17T07:33:35.481+0000] {processor.py:208} INFO - Processing /opt/airflow/dags/tg_user_processing.py took 1.333 seconds
[2026-01-17T07:34:05.727+0000] {processor.py:186} INFO - Started process (PID=13980) to work on /opt/airflow/dags/tg_user_processing.py
[2026-01-17T07:34:05.729+0000] {processor.py:914} INFO - Processing file /opt/airflow/dags/tg_user_processing.py for tasks to queue
[2026-01-17T07:34:05.731+0000] {logging_mixin.py:190} INFO - [2026-01-17T07:34:05.731+0000] {dagbag.py:588} INFO - Filling up the DagBag from /opt/airflow/dags/tg_user_processing.py
[2026-01-17T07:34:06.763+0000] {processor.py:925} INFO - DAG(s) 'tg_user_processing' retrieved from /opt/airflow/dags/tg_user_processing.py
[2026-01-17T07:34:06.867+0000] {logging_mixin.py:190} INFO - [2026-01-17T07:34:06.864+0000] {dag.py:3239} INFO - Sync 1 DAGs
[2026-01-17T07:34:06.969+0000] {logging_mixin.py:190} INFO - [2026-01-17T07:34:06.968+0000] {dag.py:4180} INFO - Setting next_dagrun for tg_user_processing to 2026-01-16 00:00:00+00:00, run_after=2026-01-17 00:00:00+00:00
[2026-01-17T07:34:07.044+0000] {processor.py:208} INFO - Processing /opt/airflow/dags/tg_user_processing.py took 1.328 seconds
[2026-01-17T07:34:37.590+0000] {processor.py:186} INFO - Started process (PID=14004) to work on /opt/airflow/dags/tg_user_processing.py
[2026-01-17T07:34:37.592+0000] {processor.py:914} INFO - Processing file /opt/airflow/dags/tg_user_processing.py for tasks to queue
[2026-01-17T07:34:37.594+0000] {logging_mixin.py:190} INFO - [2026-01-17T07:34:37.594+0000] {dagbag.py:588} INFO - Filling up the DagBag from /opt/airflow/dags/tg_user_processing.py
[2026-01-17T07:34:38.525+0000] {processor.py:925} INFO - DAG(s) 'tg_user_processing' retrieved from /opt/airflow/dags/tg_user_processing.py
[2026-01-17T07:34:38.580+0000] {logging_mixin.py:190} INFO - [2026-01-17T07:34:38.579+0000] {dag.py:3239} INFO - Sync 1 DAGs
[2026-01-17T07:34:38.634+0000] {logging_mixin.py:190} INFO - [2026-01-17T07:34:38.634+0000] {dag.py:4180} INFO - Setting next_dagrun for tg_user_processing to 2026-01-16 00:00:00+00:00, run_after=2026-01-17 00:00:00+00:00
[2026-01-17T07:34:38.686+0000] {processor.py:208} INFO - Processing /opt/airflow/dags/tg_user_processing.py took 1.109 seconds
[2026-01-17T07:35:09.333+0000] {processor.py:186} INFO - Started process (PID=14029) to work on /opt/airflow/dags/tg_user_processing.py
[2026-01-17T07:35:09.334+0000] {processor.py:914} INFO - Processing file /opt/airflow/dags/tg_user_processing.py for tasks to queue
[2026-01-17T07:35:09.336+0000] {logging_mixin.py:190} INFO - [2026-01-17T07:35:09.335+0000] {dagbag.py:588} INFO - Filling up the DagBag from /opt/airflow/dags/tg_user_processing.py
[2026-01-17T07:35:10.037+0000] {processor.py:925} INFO - DAG(s) 'tg_user_processing' retrieved from /opt/airflow/dags/tg_user_processing.py
[2026-01-17T07:35:10.083+0000] {logging_mixin.py:190} INFO - [2026-01-17T07:35:10.082+0000] {dag.py:3239} INFO - Sync 1 DAGs
[2026-01-17T07:35:10.115+0000] {logging_mixin.py:190} INFO - [2026-01-17T07:35:10.114+0000] {dag.py:4180} INFO - Setting next_dagrun for tg_user_processing to 2026-01-16 00:00:00+00:00, run_after=2026-01-17 00:00:00+00:00
[2026-01-17T07:35:10.144+0000] {processor.py:208} INFO - Processing /opt/airflow/dags/tg_user_processing.py took 0.821 seconds
[2026-01-17T07:35:40.954+0000] {processor.py:186} INFO - Started process (PID=14053) to work on /opt/airflow/dags/tg_user_processing.py
[2026-01-17T07:35:40.956+0000] {processor.py:914} INFO - Processing file /opt/airflow/dags/tg_user_processing.py for tasks to queue
[2026-01-17T07:35:40.959+0000] {logging_mixin.py:190} INFO - [2026-01-17T07:35:40.958+0000] {dagbag.py:588} INFO - Filling up the DagBag from /opt/airflow/dags/tg_user_processing.py
[2026-01-17T07:35:41.816+0000] {processor.py:925} INFO - DAG(s) 'tg_user_processing' retrieved from /opt/airflow/dags/tg_user_processing.py
[2026-01-17T07:35:41.862+0000] {logging_mixin.py:190} INFO - [2026-01-17T07:35:41.861+0000] {dag.py:3239} INFO - Sync 1 DAGs
[2026-01-17T07:35:41.910+0000] {logging_mixin.py:190} INFO - [2026-01-17T07:35:41.910+0000] {dag.py:4180} INFO - Setting next_dagrun for tg_user_processing to 2026-01-16 00:00:00+00:00, run_after=2026-01-17 00:00:00+00:00
[2026-01-17T07:35:41.962+0000] {processor.py:208} INFO - Processing /opt/airflow/dags/tg_user_processing.py took 1.021 seconds
[2026-01-17T07:36:12.592+0000] {processor.py:186} INFO - Started process (PID=14077) to work on /opt/airflow/dags/tg_user_processing.py
[2026-01-17T07:36:12.595+0000] {processor.py:914} INFO - Processing file /opt/airflow/dags/tg_user_processing.py for tasks to queue
[2026-01-17T07:36:12.605+0000] {logging_mixin.py:190} INFO - [2026-01-17T07:36:12.603+0000] {dagbag.py:588} INFO - Filling up the DagBag from /opt/airflow/dags/tg_user_processing.py
[2026-01-17T07:36:15.263+0000] {processor.py:925} INFO - DAG(s) 'tg_user_processing' retrieved from /opt/airflow/dags/tg_user_processing.py
[2026-01-17T07:36:15.366+0000] {logging_mixin.py:190} INFO - [2026-01-17T07:36:15.365+0000] {dag.py:3239} INFO - Sync 1 DAGs
[2026-01-17T07:36:15.705+0000] {logging_mixin.py:190} INFO - [2026-01-17T07:36:15.704+0000] {dag.py:4180} INFO - Setting next_dagrun for tg_user_processing to 2026-01-16 00:00:00+00:00, run_after=2026-01-17 00:00:00+00:00
[2026-01-17T07:36:15.850+0000] {processor.py:208} INFO - Processing /opt/airflow/dags/tg_user_processing.py took 3.287 seconds
[2026-01-17T07:36:46.557+0000] {processor.py:186} INFO - Started process (PID=14109) to work on /opt/airflow/dags/tg_user_processing.py
[2026-01-17T07:36:46.559+0000] {processor.py:914} INFO - Processing file /opt/airflow/dags/tg_user_processing.py for tasks to queue
[2026-01-17T07:36:46.562+0000] {logging_mixin.py:190} INFO - [2026-01-17T07:36:46.562+0000] {dagbag.py:588} INFO - Filling up the DagBag from /opt/airflow/dags/tg_user_processing.py
[2026-01-17T07:36:47.428+0000] {processor.py:925} INFO - DAG(s) 'tg_user_processing' retrieved from /opt/airflow/dags/tg_user_processing.py
[2026-01-17T07:36:47.474+0000] {logging_mixin.py:190} INFO - [2026-01-17T07:36:47.473+0000] {dag.py:3239} INFO - Sync 1 DAGs
[2026-01-17T07:36:47.531+0000] {logging_mixin.py:190} INFO - [2026-01-17T07:36:47.530+0000] {dag.py:4180} INFO - Setting next_dagrun for tg_user_processing to 2026-01-16 00:00:00+00:00, run_after=2026-01-17 00:00:00+00:00
[2026-01-17T07:36:47.585+0000] {processor.py:208} INFO - Processing /opt/airflow/dags/tg_user_processing.py took 1.042 seconds
[2026-01-17T07:37:17.784+0000] {processor.py:186} INFO - Started process (PID=14135) to work on /opt/airflow/dags/tg_user_processing.py
[2026-01-17T07:37:17.785+0000] {processor.py:914} INFO - Processing file /opt/airflow/dags/tg_user_processing.py for tasks to queue
[2026-01-17T07:37:17.787+0000] {logging_mixin.py:190} INFO - [2026-01-17T07:37:17.786+0000] {dagbag.py:588} INFO - Filling up the DagBag from /opt/airflow/dags/tg_user_processing.py
[2026-01-17T07:37:18.338+0000] {processor.py:925} INFO - DAG(s) 'tg_user_processing' retrieved from /opt/airflow/dags/tg_user_processing.py
[2026-01-17T07:37:18.365+0000] {logging_mixin.py:190} INFO - [2026-01-17T07:37:18.365+0000] {dag.py:3239} INFO - Sync 1 DAGs
[2026-01-17T07:37:18.395+0000] {logging_mixin.py:190} INFO - [2026-01-17T07:37:18.395+0000] {dag.py:4180} INFO - Setting next_dagrun for tg_user_processing to 2026-01-16 00:00:00+00:00, run_after=2026-01-17 00:00:00+00:00
[2026-01-17T07:37:18.431+0000] {processor.py:208} INFO - Processing /opt/airflow/dags/tg_user_processing.py took 0.655 seconds
[2026-01-17T07:37:48.832+0000] {processor.py:186} INFO - Started process (PID=14159) to work on /opt/airflow/dags/tg_user_processing.py
[2026-01-17T07:37:48.834+0000] {processor.py:914} INFO - Processing file /opt/airflow/dags/tg_user_processing.py for tasks to queue
[2026-01-17T07:37:48.838+0000] {logging_mixin.py:190} INFO - [2026-01-17T07:37:48.838+0000] {dagbag.py:588} INFO - Filling up the DagBag from /opt/airflow/dags/tg_user_processing.py
[2026-01-17T07:37:49.632+0000] {processor.py:925} INFO - DAG(s) 'tg_user_processing' retrieved from /opt/airflow/dags/tg_user_processing.py
[2026-01-17T07:37:49.660+0000] {logging_mixin.py:190} INFO - [2026-01-17T07:37:49.659+0000] {dag.py:3239} INFO - Sync 1 DAGs
[2026-01-17T07:37:49.685+0000] {logging_mixin.py:190} INFO - [2026-01-17T07:37:49.684+0000] {dag.py:4180} INFO - Setting next_dagrun for tg_user_processing to 2026-01-16 00:00:00+00:00, run_after=2026-01-17 00:00:00+00:00
[2026-01-17T07:37:49.705+0000] {processor.py:208} INFO - Processing /opt/airflow/dags/tg_user_processing.py took 0.883 seconds
[2026-01-17T07:38:19.779+0000] {processor.py:186} INFO - Started process (PID=14186) to work on /opt/airflow/dags/tg_user_processing.py
[2026-01-17T07:38:19.780+0000] {processor.py:914} INFO - Processing file /opt/airflow/dags/tg_user_processing.py for tasks to queue
[2026-01-17T07:38:19.782+0000] {logging_mixin.py:190} INFO - [2026-01-17T07:38:19.781+0000] {dagbag.py:588} INFO - Filling up the DagBag from /opt/airflow/dags/tg_user_processing.py
[2026-01-17T07:38:20.313+0000] {processor.py:925} INFO - DAG(s) 'tg_user_processing' retrieved from /opt/airflow/dags/tg_user_processing.py
[2026-01-17T07:38:20.349+0000] {logging_mixin.py:190} INFO - [2026-01-17T07:38:20.349+0000] {dag.py:3239} INFO - Sync 1 DAGs
[2026-01-17T07:38:20.376+0000] {logging_mixin.py:190} INFO - [2026-01-17T07:38:20.376+0000] {dag.py:4180} INFO - Setting next_dagrun for tg_user_processing to 2026-01-16 00:00:00+00:00, run_after=2026-01-17 00:00:00+00:00
[2026-01-17T07:38:20.405+0000] {processor.py:208} INFO - Processing /opt/airflow/dags/tg_user_processing.py took 0.635 seconds
[2026-01-17T07:38:50.732+0000] {processor.py:186} INFO - Started process (PID=14210) to work on /opt/airflow/dags/tg_user_processing.py
[2026-01-17T07:38:50.734+0000] {processor.py:914} INFO - Processing file /opt/airflow/dags/tg_user_processing.py for tasks to queue
[2026-01-17T07:38:50.736+0000] {logging_mixin.py:190} INFO - [2026-01-17T07:38:50.735+0000] {dagbag.py:588} INFO - Filling up the DagBag from /opt/airflow/dags/tg_user_processing.py
[2026-01-17T07:38:51.325+0000] {processor.py:925} INFO - DAG(s) 'tg_user_processing' retrieved from /opt/airflow/dags/tg_user_processing.py
[2026-01-17T07:38:51.350+0000] {logging_mixin.py:190} INFO - [2026-01-17T07:38:51.350+0000] {dag.py:3239} INFO - Sync 1 DAGs
[2026-01-17T07:38:51.378+0000] {logging_mixin.py:190} INFO - [2026-01-17T07:38:51.378+0000] {dag.py:4180} INFO - Setting next_dagrun for tg_user_processing to 2026-01-16 00:00:00+00:00, run_after=2026-01-17 00:00:00+00:00
[2026-01-17T07:38:51.406+0000] {processor.py:208} INFO - Processing /opt/airflow/dags/tg_user_processing.py took 0.684 seconds
[2026-01-17T07:39:21.787+0000] {processor.py:186} INFO - Started process (PID=14234) to work on /opt/airflow/dags/tg_user_processing.py
[2026-01-17T07:39:21.789+0000] {processor.py:914} INFO - Processing file /opt/airflow/dags/tg_user_processing.py for tasks to queue
[2026-01-17T07:39:21.790+0000] {logging_mixin.py:190} INFO - [2026-01-17T07:39:21.790+0000] {dagbag.py:588} INFO - Filling up the DagBag from /opt/airflow/dags/tg_user_processing.py
[2026-01-17T07:39:22.550+0000] {processor.py:925} INFO - DAG(s) 'tg_user_processing' retrieved from /opt/airflow/dags/tg_user_processing.py
[2026-01-17T07:39:22.587+0000] {logging_mixin.py:190} INFO - [2026-01-17T07:39:22.586+0000] {dag.py:3239} INFO - Sync 1 DAGs
[2026-01-17T07:39:22.630+0000] {logging_mixin.py:190} INFO - [2026-01-17T07:39:22.630+0000] {dag.py:4180} INFO - Setting next_dagrun for tg_user_processing to 2026-01-16 00:00:00+00:00, run_after=2026-01-17 00:00:00+00:00
[2026-01-17T07:39:22.668+0000] {processor.py:208} INFO - Processing /opt/airflow/dags/tg_user_processing.py took 0.889 seconds
[2026-01-17T07:39:53.319+0000] {processor.py:186} INFO - Started process (PID=14256) to work on /opt/airflow/dags/tg_user_processing.py
[2026-01-17T07:39:53.321+0000] {processor.py:914} INFO - Processing file /opt/airflow/dags/tg_user_processing.py for tasks to queue
[2026-01-17T07:39:53.323+0000] {logging_mixin.py:190} INFO - [2026-01-17T07:39:53.322+0000] {dagbag.py:588} INFO - Filling up the DagBag from /opt/airflow/dags/tg_user_processing.py
[2026-01-17T07:39:54.119+0000] {processor.py:925} INFO - DAG(s) 'tg_user_processing' retrieved from /opt/airflow/dags/tg_user_processing.py
[2026-01-17T07:39:54.174+0000] {logging_mixin.py:190} INFO - [2026-01-17T07:39:54.173+0000] {dag.py:3239} INFO - Sync 1 DAGs
[2026-01-17T07:39:54.223+0000] {logging_mixin.py:190} INFO - [2026-01-17T07:39:54.222+0000] {dag.py:4180} INFO - Setting next_dagrun for tg_user_processing to 2026-01-16 00:00:00+00:00, run_after=2026-01-17 00:00:00+00:00
[2026-01-17T07:39:54.261+0000] {processor.py:208} INFO - Processing /opt/airflow/dags/tg_user_processing.py took 0.952 seconds
[2026-01-17T07:40:25.004+0000] {processor.py:186} INFO - Started process (PID=14280) to work on /opt/airflow/dags/tg_user_processing.py
[2026-01-17T07:40:25.005+0000] {processor.py:914} INFO - Processing file /opt/airflow/dags/tg_user_processing.py for tasks to queue
[2026-01-17T07:40:25.007+0000] {logging_mixin.py:190} INFO - [2026-01-17T07:40:25.007+0000] {dagbag.py:588} INFO - Filling up the DagBag from /opt/airflow/dags/tg_user_processing.py
[2026-01-17T07:40:25.757+0000] {processor.py:925} INFO - DAG(s) 'tg_user_processing' retrieved from /opt/airflow/dags/tg_user_processing.py
[2026-01-17T07:40:25.800+0000] {logging_mixin.py:190} INFO - [2026-01-17T07:40:25.799+0000] {dag.py:3239} INFO - Sync 1 DAGs
[2026-01-17T07:40:25.839+0000] {logging_mixin.py:190} INFO - [2026-01-17T07:40:25.839+0000] {dag.py:4180} INFO - Setting next_dagrun for tg_user_processing to 2026-01-16 00:00:00+00:00, run_after=2026-01-17 00:00:00+00:00
[2026-01-17T07:40:25.879+0000] {processor.py:208} INFO - Processing /opt/airflow/dags/tg_user_processing.py took 0.885 seconds
[2026-01-17T07:40:56.354+0000] {processor.py:186} INFO - Started process (PID=14304) to work on /opt/airflow/dags/tg_user_processing.py
[2026-01-17T07:40:56.355+0000] {processor.py:914} INFO - Processing file /opt/airflow/dags/tg_user_processing.py for tasks to queue
[2026-01-17T07:40:56.357+0000] {logging_mixin.py:190} INFO - [2026-01-17T07:40:56.356+0000] {dagbag.py:588} INFO - Filling up the DagBag from /opt/airflow/dags/tg_user_processing.py
[2026-01-17T07:40:57.095+0000] {processor.py:925} INFO - DAG(s) 'tg_user_processing' retrieved from /opt/airflow/dags/tg_user_processing.py
[2026-01-17T07:40:57.133+0000] {logging_mixin.py:190} INFO - [2026-01-17T07:40:57.132+0000] {dag.py:3239} INFO - Sync 1 DAGs
[2026-01-17T07:40:57.171+0000] {logging_mixin.py:190} INFO - [2026-01-17T07:40:57.171+0000] {dag.py:4180} INFO - Setting next_dagrun for tg_user_processing to 2026-01-16 00:00:00+00:00, run_after=2026-01-17 00:00:00+00:00
[2026-01-17T07:40:57.210+0000] {processor.py:208} INFO - Processing /opt/airflow/dags/tg_user_processing.py took 0.867 seconds
[2026-01-17T07:41:27.655+0000] {processor.py:186} INFO - Started process (PID=14328) to work on /opt/airflow/dags/tg_user_processing.py
[2026-01-17T07:41:27.657+0000] {processor.py:914} INFO - Processing file /opt/airflow/dags/tg_user_processing.py for tasks to queue
[2026-01-17T07:41:27.659+0000] {logging_mixin.py:190} INFO - [2026-01-17T07:41:27.658+0000] {dagbag.py:588} INFO - Filling up the DagBag from /opt/airflow/dags/tg_user_processing.py
[2026-01-17T07:41:28.388+0000] {processor.py:925} INFO - DAG(s) 'tg_user_processing' retrieved from /opt/airflow/dags/tg_user_processing.py
[2026-01-17T07:41:28.426+0000] {logging_mixin.py:190} INFO - [2026-01-17T07:41:28.425+0000] {dag.py:3239} INFO - Sync 1 DAGs
[2026-01-17T07:41:28.461+0000] {logging_mixin.py:190} INFO - [2026-01-17T07:41:28.461+0000] {dag.py:4180} INFO - Setting next_dagrun for tg_user_processing to 2026-01-16 00:00:00+00:00, run_after=2026-01-17 00:00:00+00:00
[2026-01-17T07:41:28.498+0000] {processor.py:208} INFO - Processing /opt/airflow/dags/tg_user_processing.py took 0.855 seconds
[2026-01-17T07:41:58.986+0000] {processor.py:186} INFO - Started process (PID=14351) to work on /opt/airflow/dags/tg_user_processing.py
[2026-01-17T07:41:58.987+0000] {processor.py:914} INFO - Processing file /opt/airflow/dags/tg_user_processing.py for tasks to queue
[2026-01-17T07:41:58.990+0000] {logging_mixin.py:190} INFO - [2026-01-17T07:41:58.989+0000] {dagbag.py:588} INFO - Filling up the DagBag from /opt/airflow/dags/tg_user_processing.py
[2026-01-17T07:41:59.838+0000] {processor.py:925} INFO - DAG(s) 'tg_user_processing' retrieved from /opt/airflow/dags/tg_user_processing.py
[2026-01-17T07:41:59.879+0000] {logging_mixin.py:190} INFO - [2026-01-17T07:41:59.879+0000] {dag.py:3239} INFO - Sync 1 DAGs
[2026-01-17T07:41:59.918+0000] {logging_mixin.py:190} INFO - [2026-01-17T07:41:59.917+0000] {dag.py:4180} INFO - Setting next_dagrun for tg_user_processing to 2026-01-16 00:00:00+00:00, run_after=2026-01-17 00:00:00+00:00
[2026-01-17T07:41:59.965+0000] {processor.py:208} INFO - Processing /opt/airflow/dags/tg_user_processing.py took 0.991 seconds
[2026-01-17T07:42:30.593+0000] {processor.py:186} INFO - Started process (PID=14375) to work on /opt/airflow/dags/tg_user_processing.py
[2026-01-17T07:42:30.594+0000] {processor.py:914} INFO - Processing file /opt/airflow/dags/tg_user_processing.py for tasks to queue
[2026-01-17T07:42:30.596+0000] {logging_mixin.py:190} INFO - [2026-01-17T07:42:30.595+0000] {dagbag.py:588} INFO - Filling up the DagBag from /opt/airflow/dags/tg_user_processing.py
[2026-01-17T07:42:31.289+0000] {processor.py:925} INFO - DAG(s) 'tg_user_processing' retrieved from /opt/airflow/dags/tg_user_processing.py
[2026-01-17T07:42:31.326+0000] {logging_mixin.py:190} INFO - [2026-01-17T07:42:31.325+0000] {dag.py:3239} INFO - Sync 1 DAGs
[2026-01-17T07:42:31.368+0000] {logging_mixin.py:190} INFO - [2026-01-17T07:42:31.367+0000] {dag.py:4180} INFO - Setting next_dagrun for tg_user_processing to 2026-01-16 00:00:00+00:00, run_after=2026-01-17 00:00:00+00:00
[2026-01-17T07:42:31.405+0000] {processor.py:208} INFO - Processing /opt/airflow/dags/tg_user_processing.py took 0.822 seconds
[2026-01-17T07:43:01.988+0000] {processor.py:186} INFO - Started process (PID=14399) to work on /opt/airflow/dags/tg_user_processing.py
[2026-01-17T07:43:01.990+0000] {processor.py:914} INFO - Processing file /opt/airflow/dags/tg_user_processing.py for tasks to queue
[2026-01-17T07:43:01.992+0000] {logging_mixin.py:190} INFO - [2026-01-17T07:43:01.991+0000] {dagbag.py:588} INFO - Filling up the DagBag from /opt/airflow/dags/tg_user_processing.py
[2026-01-17T07:43:02.803+0000] {processor.py:925} INFO - DAG(s) 'tg_user_processing' retrieved from /opt/airflow/dags/tg_user_processing.py
[2026-01-17T07:43:02.846+0000] {logging_mixin.py:190} INFO - [2026-01-17T07:43:02.845+0000] {dag.py:3239} INFO - Sync 1 DAGs
[2026-01-17T07:43:02.877+0000] {logging_mixin.py:190} INFO - [2026-01-17T07:43:02.876+0000] {dag.py:4180} INFO - Setting next_dagrun for tg_user_processing to 2026-01-16 00:00:00+00:00, run_after=2026-01-17 00:00:00+00:00
[2026-01-17T07:43:02.902+0000] {processor.py:208} INFO - Processing /opt/airflow/dags/tg_user_processing.py took 0.924 seconds
[2026-01-17T07:43:33.484+0000] {processor.py:186} INFO - Started process (PID=14423) to work on /opt/airflow/dags/tg_user_processing.py
[2026-01-17T07:43:33.485+0000] {processor.py:914} INFO - Processing file /opt/airflow/dags/tg_user_processing.py for tasks to queue
[2026-01-17T07:43:33.488+0000] {logging_mixin.py:190} INFO - [2026-01-17T07:43:33.487+0000] {dagbag.py:588} INFO - Filling up the DagBag from /opt/airflow/dags/tg_user_processing.py
[2026-01-17T07:43:34.203+0000] {processor.py:925} INFO - DAG(s) 'tg_user_processing' retrieved from /opt/airflow/dags/tg_user_processing.py
[2026-01-17T07:43:34.249+0000] {logging_mixin.py:190} INFO - [2026-01-17T07:43:34.249+0000] {dag.py:3239} INFO - Sync 1 DAGs
[2026-01-17T07:43:34.285+0000] {logging_mixin.py:190} INFO - [2026-01-17T07:43:34.285+0000] {dag.py:4180} INFO - Setting next_dagrun for tg_user_processing to 2026-01-16 00:00:00+00:00, run_after=2026-01-17 00:00:00+00:00
[2026-01-17T07:43:34.331+0000] {processor.py:208} INFO - Processing /opt/airflow/dags/tg_user_processing.py took 0.860 seconds
[2026-01-17T07:44:04.823+0000] {processor.py:186} INFO - Started process (PID=14447) to work on /opt/airflow/dags/tg_user_processing.py
[2026-01-17T07:44:04.825+0000] {processor.py:914} INFO - Processing file /opt/airflow/dags/tg_user_processing.py for tasks to queue
[2026-01-17T07:44:04.827+0000] {logging_mixin.py:190} INFO - [2026-01-17T07:44:04.826+0000] {dagbag.py:588} INFO - Filling up the DagBag from /opt/airflow/dags/tg_user_processing.py
[2026-01-17T07:44:05.626+0000] {processor.py:925} INFO - DAG(s) 'tg_user_processing' retrieved from /opt/airflow/dags/tg_user_processing.py
[2026-01-17T07:44:05.659+0000] {logging_mixin.py:190} INFO - [2026-01-17T07:44:05.659+0000] {dag.py:3239} INFO - Sync 1 DAGs
[2026-01-17T07:44:05.686+0000] {logging_mixin.py:190} INFO - [2026-01-17T07:44:05.685+0000] {dag.py:4180} INFO - Setting next_dagrun for tg_user_processing to 2026-01-16 00:00:00+00:00, run_after=2026-01-17 00:00:00+00:00
[2026-01-17T07:44:05.724+0000] {processor.py:208} INFO - Processing /opt/airflow/dags/tg_user_processing.py took 0.914 seconds
[2026-01-17T07:44:35.961+0000] {processor.py:186} INFO - Started process (PID=14471) to work on /opt/airflow/dags/tg_user_processing.py
[2026-01-17T07:44:35.963+0000] {processor.py:914} INFO - Processing file /opt/airflow/dags/tg_user_processing.py for tasks to queue
[2026-01-17T07:44:35.964+0000] {logging_mixin.py:190} INFO - [2026-01-17T07:44:35.964+0000] {dagbag.py:588} INFO - Filling up the DagBag from /opt/airflow/dags/tg_user_processing.py
[2026-01-17T07:44:36.643+0000] {processor.py:925} INFO - DAG(s) 'tg_user_processing' retrieved from /opt/airflow/dags/tg_user_processing.py
[2026-01-17T07:44:36.680+0000] {logging_mixin.py:190} INFO - [2026-01-17T07:44:36.679+0000] {dag.py:3239} INFO - Sync 1 DAGs
[2026-01-17T07:44:36.709+0000] {logging_mixin.py:190} INFO - [2026-01-17T07:44:36.708+0000] {dag.py:4180} INFO - Setting next_dagrun for tg_user_processing to 2026-01-16 00:00:00+00:00, run_after=2026-01-17 00:00:00+00:00
[2026-01-17T07:44:36.736+0000] {processor.py:208} INFO - Processing /opt/airflow/dags/tg_user_processing.py took 0.783 seconds
[2026-01-17T07:45:07.411+0000] {processor.py:186} INFO - Started process (PID=14496) to work on /opt/airflow/dags/tg_user_processing.py
[2026-01-17T07:45:07.413+0000] {processor.py:914} INFO - Processing file /opt/airflow/dags/tg_user_processing.py for tasks to queue
[2026-01-17T07:45:07.415+0000] {logging_mixin.py:190} INFO - [2026-01-17T07:45:07.414+0000] {dagbag.py:588} INFO - Filling up the DagBag from /opt/airflow/dags/tg_user_processing.py
[2026-01-17T07:45:08.096+0000] {processor.py:925} INFO - DAG(s) 'tg_user_processing' retrieved from /opt/airflow/dags/tg_user_processing.py
[2026-01-17T07:45:08.141+0000] {logging_mixin.py:190} INFO - [2026-01-17T07:45:08.140+0000] {dag.py:3239} INFO - Sync 1 DAGs
[2026-01-17T07:45:08.179+0000] {logging_mixin.py:190} INFO - [2026-01-17T07:45:08.178+0000] {dag.py:4180} INFO - Setting next_dagrun for tg_user_processing to 2026-01-16 00:00:00+00:00, run_after=2026-01-17 00:00:00+00:00
[2026-01-17T07:45:08.229+0000] {processor.py:208} INFO - Processing /opt/airflow/dags/tg_user_processing.py took 0.830 seconds
[2026-01-17T07:45:38.499+0000] {processor.py:186} INFO - Started process (PID=14520) to work on /opt/airflow/dags/tg_user_processing.py
[2026-01-17T07:45:38.501+0000] {processor.py:914} INFO - Processing file /opt/airflow/dags/tg_user_processing.py for tasks to queue
[2026-01-17T07:45:38.502+0000] {logging_mixin.py:190} INFO - [2026-01-17T07:45:38.502+0000] {dagbag.py:588} INFO - Filling up the DagBag from /opt/airflow/dags/tg_user_processing.py
[2026-01-17T07:45:39.142+0000] {processor.py:925} INFO - DAG(s) 'tg_user_processing' retrieved from /opt/airflow/dags/tg_user_processing.py
[2026-01-17T07:45:39.186+0000] {logging_mixin.py:190} INFO - [2026-01-17T07:45:39.186+0000] {dag.py:3239} INFO - Sync 1 DAGs
[2026-01-17T07:45:39.220+0000] {logging_mixin.py:190} INFO - [2026-01-17T07:45:39.220+0000] {dag.py:4180} INFO - Setting next_dagrun for tg_user_processing to 2026-01-16 00:00:00+00:00, run_after=2026-01-17 00:00:00+00:00
[2026-01-17T07:45:39.252+0000] {processor.py:208} INFO - Processing /opt/airflow/dags/tg_user_processing.py took 0.762 seconds
[2026-01-17T07:46:09.724+0000] {processor.py:186} INFO - Started process (PID=14544) to work on /opt/airflow/dags/tg_user_processing.py
[2026-01-17T07:46:09.726+0000] {processor.py:914} INFO - Processing file /opt/airflow/dags/tg_user_processing.py for tasks to queue
[2026-01-17T07:46:09.728+0000] {logging_mixin.py:190} INFO - [2026-01-17T07:46:09.727+0000] {dagbag.py:588} INFO - Filling up the DagBag from /opt/airflow/dags/tg_user_processing.py
[2026-01-17T07:46:10.436+0000] {processor.py:925} INFO - DAG(s) 'tg_user_processing' retrieved from /opt/airflow/dags/tg_user_processing.py
[2026-01-17T07:46:10.476+0000] {logging_mixin.py:190} INFO - [2026-01-17T07:46:10.475+0000] {dag.py:3239} INFO - Sync 1 DAGs
[2026-01-17T07:46:10.520+0000] {logging_mixin.py:190} INFO - [2026-01-17T07:46:10.519+0000] {dag.py:4180} INFO - Setting next_dagrun for tg_user_processing to 2026-01-16 00:00:00+00:00, run_after=2026-01-17 00:00:00+00:00
[2026-01-17T07:46:10.577+0000] {processor.py:208} INFO - Processing /opt/airflow/dags/tg_user_processing.py took 0.864 seconds
[2026-01-17T07:46:41.075+0000] {processor.py:186} INFO - Started process (PID=14569) to work on /opt/airflow/dags/tg_user_processing.py
[2026-01-17T07:46:41.076+0000] {processor.py:914} INFO - Processing file /opt/airflow/dags/tg_user_processing.py for tasks to queue
[2026-01-17T07:46:41.077+0000] {logging_mixin.py:190} INFO - [2026-01-17T07:46:41.077+0000] {dagbag.py:588} INFO - Filling up the DagBag from /opt/airflow/dags/tg_user_processing.py
[2026-01-17T07:46:41.616+0000] {processor.py:925} INFO - DAG(s) 'tg_user_processing' retrieved from /opt/airflow/dags/tg_user_processing.py
[2026-01-17T07:46:41.649+0000] {logging_mixin.py:190} INFO - [2026-01-17T07:46:41.648+0000] {dag.py:3239} INFO - Sync 1 DAGs
[2026-01-17T07:46:41.684+0000] {logging_mixin.py:190} INFO - [2026-01-17T07:46:41.684+0000] {dag.py:4180} INFO - Setting next_dagrun for tg_user_processing to 2026-01-16 00:00:00+00:00, run_after=2026-01-17 00:00:00+00:00
[2026-01-17T07:46:41.709+0000] {processor.py:208} INFO - Processing /opt/airflow/dags/tg_user_processing.py took 0.644 seconds
[2026-01-17T07:47:12.334+0000] {processor.py:186} INFO - Started process (PID=14593) to work on /opt/airflow/dags/tg_user_processing.py
[2026-01-17T07:47:12.336+0000] {processor.py:914} INFO - Processing file /opt/airflow/dags/tg_user_processing.py for tasks to queue
[2026-01-17T07:47:12.339+0000] {logging_mixin.py:190} INFO - [2026-01-17T07:47:12.338+0000] {dagbag.py:588} INFO - Filling up the DagBag from /opt/airflow/dags/tg_user_processing.py
[2026-01-17T07:47:12.938+0000] {processor.py:925} INFO - DAG(s) 'tg_user_processing' retrieved from /opt/airflow/dags/tg_user_processing.py
[2026-01-17T07:47:12.964+0000] {logging_mixin.py:190} INFO - [2026-01-17T07:47:12.963+0000] {dag.py:3239} INFO - Sync 1 DAGs
[2026-01-17T07:47:12.991+0000] {logging_mixin.py:190} INFO - [2026-01-17T07:47:12.991+0000] {dag.py:4180} INFO - Setting next_dagrun for tg_user_processing to 2026-01-16 00:00:00+00:00, run_after=2026-01-17 00:00:00+00:00
[2026-01-17T07:47:13.020+0000] {processor.py:208} INFO - Processing /opt/airflow/dags/tg_user_processing.py took 0.704 seconds
[2026-01-17T07:47:43.187+0000] {processor.py:186} INFO - Started process (PID=14617) to work on /opt/airflow/dags/tg_user_processing.py
[2026-01-17T07:47:43.189+0000] {processor.py:914} INFO - Processing file /opt/airflow/dags/tg_user_processing.py for tasks to queue
[2026-01-17T07:47:43.190+0000] {logging_mixin.py:190} INFO - [2026-01-17T07:47:43.190+0000] {dagbag.py:588} INFO - Filling up the DagBag from /opt/airflow/dags/tg_user_processing.py
[2026-01-17T07:47:43.917+0000] {processor.py:925} INFO - DAG(s) 'tg_user_processing' retrieved from /opt/airflow/dags/tg_user_processing.py
[2026-01-17T07:47:43.948+0000] {logging_mixin.py:190} INFO - [2026-01-17T07:47:43.948+0000] {dag.py:3239} INFO - Sync 1 DAGs
[2026-01-17T07:47:43.978+0000] {logging_mixin.py:190} INFO - [2026-01-17T07:47:43.978+0000] {dag.py:4180} INFO - Setting next_dagrun for tg_user_processing to 2026-01-16 00:00:00+00:00, run_after=2026-01-17 00:00:00+00:00
[2026-01-17T07:47:44.017+0000] {processor.py:208} INFO - Processing /opt/airflow/dags/tg_user_processing.py took 0.841 seconds
[2026-01-17T07:48:14.192+0000] {processor.py:186} INFO - Started process (PID=14641) to work on /opt/airflow/dags/tg_user_processing.py
[2026-01-17T07:48:14.193+0000] {processor.py:914} INFO - Processing file /opt/airflow/dags/tg_user_processing.py for tasks to queue
[2026-01-17T07:48:14.194+0000] {logging_mixin.py:190} INFO - [2026-01-17T07:48:14.194+0000] {dagbag.py:588} INFO - Filling up the DagBag from /opt/airflow/dags/tg_user_processing.py
[2026-01-17T07:48:14.830+0000] {processor.py:925} INFO - DAG(s) 'tg_user_processing' retrieved from /opt/airflow/dags/tg_user_processing.py
[2026-01-17T07:48:14.865+0000] {logging_mixin.py:190} INFO - [2026-01-17T07:48:14.864+0000] {dag.py:3239} INFO - Sync 1 DAGs
[2026-01-17T07:48:14.901+0000] {logging_mixin.py:190} INFO - [2026-01-17T07:48:14.901+0000] {dag.py:4180} INFO - Setting next_dagrun for tg_user_processing to 2026-01-16 00:00:00+00:00, run_after=2026-01-17 00:00:00+00:00
[2026-01-17T07:48:14.932+0000] {processor.py:208} INFO - Processing /opt/airflow/dags/tg_user_processing.py took 0.748 seconds
[2026-01-17T07:48:45.652+0000] {processor.py:186} INFO - Started process (PID=14671) to work on /opt/airflow/dags/tg_user_processing.py
[2026-01-17T07:48:45.654+0000] {processor.py:914} INFO - Processing file /opt/airflow/dags/tg_user_processing.py for tasks to queue
[2026-01-17T07:48:45.657+0000] {logging_mixin.py:190} INFO - [2026-01-17T07:48:45.656+0000] {dagbag.py:588} INFO - Filling up the DagBag from /opt/airflow/dags/tg_user_processing.py
[2026-01-17T07:48:46.292+0000] {processor.py:925} INFO - DAG(s) 'tg_user_processing' retrieved from /opt/airflow/dags/tg_user_processing.py
[2026-01-17T07:48:46.328+0000] {logging_mixin.py:190} INFO - [2026-01-17T07:48:46.328+0000] {dag.py:3239} INFO - Sync 1 DAGs
[2026-01-17T07:48:46.352+0000] {logging_mixin.py:190} INFO - [2026-01-17T07:48:46.352+0000] {dag.py:4180} INFO - Setting next_dagrun for tg_user_processing to 2026-01-16 00:00:00+00:00, run_after=2026-01-17 00:00:00+00:00
[2026-01-17T07:48:46.387+0000] {processor.py:208} INFO - Processing /opt/airflow/dags/tg_user_processing.py took 0.752 seconds
[2026-01-17T07:49:16.548+0000] {processor.py:186} INFO - Started process (PID=14695) to work on /opt/airflow/dags/tg_user_processing.py
[2026-01-17T07:49:16.550+0000] {processor.py:914} INFO - Processing file /opt/airflow/dags/tg_user_processing.py for tasks to queue
[2026-01-17T07:49:16.553+0000] {logging_mixin.py:190} INFO - [2026-01-17T07:49:16.552+0000] {dagbag.py:588} INFO - Filling up the DagBag from /opt/airflow/dags/tg_user_processing.py
[2026-01-17T07:49:17.157+0000] {processor.py:925} INFO - DAG(s) 'tg_user_processing' retrieved from /opt/airflow/dags/tg_user_processing.py
[2026-01-17T07:49:17.185+0000] {logging_mixin.py:190} INFO - [2026-01-17T07:49:17.184+0000] {dag.py:3239} INFO - Sync 1 DAGs
[2026-01-17T07:49:17.210+0000] {logging_mixin.py:190} INFO - [2026-01-17T07:49:17.210+0000] {dag.py:4180} INFO - Setting next_dagrun for tg_user_processing to 2026-01-16 00:00:00+00:00, run_after=2026-01-17 00:00:00+00:00
[2026-01-17T07:49:17.237+0000] {processor.py:208} INFO - Processing /opt/airflow/dags/tg_user_processing.py took 0.708 seconds
[2026-01-17T07:49:47.508+0000] {processor.py:186} INFO - Started process (PID=14720) to work on /opt/airflow/dags/tg_user_processing.py
[2026-01-17T07:49:47.511+0000] {processor.py:914} INFO - Processing file /opt/airflow/dags/tg_user_processing.py for tasks to queue
[2026-01-17T07:49:47.515+0000] {logging_mixin.py:190} INFO - [2026-01-17T07:49:47.514+0000] {dagbag.py:588} INFO - Filling up the DagBag from /opt/airflow/dags/tg_user_processing.py
[2026-01-17T07:49:48.106+0000] {processor.py:925} INFO - DAG(s) 'tg_user_processing' retrieved from /opt/airflow/dags/tg_user_processing.py
[2026-01-17T07:49:48.136+0000] {logging_mixin.py:190} INFO - [2026-01-17T07:49:48.136+0000] {dag.py:3239} INFO - Sync 1 DAGs
[2026-01-17T07:49:48.157+0000] {logging_mixin.py:190} INFO - [2026-01-17T07:49:48.157+0000] {dag.py:4180} INFO - Setting next_dagrun for tg_user_processing to 2026-01-16 00:00:00+00:00, run_after=2026-01-17 00:00:00+00:00
[2026-01-17T07:49:48.194+0000] {processor.py:208} INFO - Processing /opt/airflow/dags/tg_user_processing.py took 0.703 seconds
[2026-01-17T07:50:18.470+0000] {processor.py:186} INFO - Started process (PID=14744) to work on /opt/airflow/dags/tg_user_processing.py
[2026-01-17T07:50:18.471+0000] {processor.py:914} INFO - Processing file /opt/airflow/dags/tg_user_processing.py for tasks to queue
[2026-01-17T07:50:18.473+0000] {logging_mixin.py:190} INFO - [2026-01-17T07:50:18.473+0000] {dagbag.py:588} INFO - Filling up the DagBag from /opt/airflow/dags/tg_user_processing.py
[2026-01-17T07:50:19.045+0000] {processor.py:925} INFO - DAG(s) 'tg_user_processing' retrieved from /opt/airflow/dags/tg_user_processing.py
[2026-01-17T07:50:19.081+0000] {logging_mixin.py:190} INFO - [2026-01-17T07:50:19.080+0000] {dag.py:3239} INFO - Sync 1 DAGs
[2026-01-17T07:50:19.118+0000] {logging_mixin.py:190} INFO - [2026-01-17T07:50:19.117+0000] {dag.py:4180} INFO - Setting next_dagrun for tg_user_processing to 2026-01-16 00:00:00+00:00, run_after=2026-01-17 00:00:00+00:00
[2026-01-17T07:50:19.168+0000] {processor.py:208} INFO - Processing /opt/airflow/dags/tg_user_processing.py took 0.707 seconds
[2026-01-17T07:50:49.561+0000] {processor.py:186} INFO - Started process (PID=14768) to work on /opt/airflow/dags/tg_user_processing.py
[2026-01-17T07:50:49.562+0000] {processor.py:914} INFO - Processing file /opt/airflow/dags/tg_user_processing.py for tasks to queue
[2026-01-17T07:50:49.564+0000] {logging_mixin.py:190} INFO - [2026-01-17T07:50:49.564+0000] {dagbag.py:588} INFO - Filling up the DagBag from /opt/airflow/dags/tg_user_processing.py
[2026-01-17T07:50:50.121+0000] {processor.py:925} INFO - DAG(s) 'tg_user_processing' retrieved from /opt/airflow/dags/tg_user_processing.py
[2026-01-17T07:50:50.145+0000] {logging_mixin.py:190} INFO - [2026-01-17T07:50:50.144+0000] {dag.py:3239} INFO - Sync 1 DAGs
[2026-01-17T07:50:50.172+0000] {logging_mixin.py:190} INFO - [2026-01-17T07:50:50.172+0000] {dag.py:4180} INFO - Setting next_dagrun for tg_user_processing to 2026-01-16 00:00:00+00:00, run_after=2026-01-17 00:00:00+00:00
[2026-01-17T07:50:50.208+0000] {processor.py:208} INFO - Processing /opt/airflow/dags/tg_user_processing.py took 0.659 seconds
[2026-01-17T07:51:20.565+0000] {processor.py:186} INFO - Started process (PID=14792) to work on /opt/airflow/dags/tg_user_processing.py
[2026-01-17T07:51:20.567+0000] {processor.py:914} INFO - Processing file /opt/airflow/dags/tg_user_processing.py for tasks to queue
[2026-01-17T07:51:20.568+0000] {logging_mixin.py:190} INFO - [2026-01-17T07:51:20.568+0000] {dagbag.py:588} INFO - Filling up the DagBag from /opt/airflow/dags/tg_user_processing.py
[2026-01-17T07:51:21.132+0000] {processor.py:925} INFO - DAG(s) 'tg_user_processing' retrieved from /opt/airflow/dags/tg_user_processing.py
[2026-01-17T07:51:21.163+0000] {logging_mixin.py:190} INFO - [2026-01-17T07:51:21.162+0000] {dag.py:3239} INFO - Sync 1 DAGs
[2026-01-17T07:51:21.197+0000] {logging_mixin.py:190} INFO - [2026-01-17T07:51:21.197+0000] {dag.py:4180} INFO - Setting next_dagrun for tg_user_processing to 2026-01-16 00:00:00+00:00, run_after=2026-01-17 00:00:00+00:00
[2026-01-17T07:51:21.231+0000] {processor.py:208} INFO - Processing /opt/airflow/dags/tg_user_processing.py took 0.684 seconds
[2026-01-17T07:51:51.408+0000] {processor.py:186} INFO - Started process (PID=14816) to work on /opt/airflow/dags/tg_user_processing.py
[2026-01-17T07:51:51.409+0000] {processor.py:914} INFO - Processing file /opt/airflow/dags/tg_user_processing.py for tasks to queue
[2026-01-17T07:51:51.411+0000] {logging_mixin.py:190} INFO - [2026-01-17T07:51:51.411+0000] {dagbag.py:588} INFO - Filling up the DagBag from /opt/airflow/dags/tg_user_processing.py
[2026-01-17T07:51:52.072+0000] {processor.py:925} INFO - DAG(s) 'tg_user_processing' retrieved from /opt/airflow/dags/tg_user_processing.py
[2026-01-17T07:51:52.102+0000] {logging_mixin.py:190} INFO - [2026-01-17T07:51:52.102+0000] {dag.py:3239} INFO - Sync 1 DAGs
[2026-01-17T07:51:52.127+0000] {logging_mixin.py:190} INFO - [2026-01-17T07:51:52.127+0000] {dag.py:4180} INFO - Setting next_dagrun for tg_user_processing to 2026-01-16 00:00:00+00:00, run_after=2026-01-17 00:00:00+00:00
[2026-01-17T07:51:52.165+0000] {processor.py:208} INFO - Processing /opt/airflow/dags/tg_user_processing.py took 0.768 seconds
[2026-01-17T07:52:22.538+0000] {processor.py:186} INFO - Started process (PID=14840) to work on /opt/airflow/dags/tg_user_processing.py
[2026-01-17T07:52:22.540+0000] {processor.py:914} INFO - Processing file /opt/airflow/dags/tg_user_processing.py for tasks to queue
[2026-01-17T07:52:22.542+0000] {logging_mixin.py:190} INFO - [2026-01-17T07:52:22.542+0000] {dagbag.py:588} INFO - Filling up the DagBag from /opt/airflow/dags/tg_user_processing.py
[2026-01-17T07:52:23.080+0000] {processor.py:925} INFO - DAG(s) 'tg_user_processing' retrieved from /opt/airflow/dags/tg_user_processing.py
[2026-01-17T07:52:23.105+0000] {logging_mixin.py:190} INFO - [2026-01-17T07:52:23.105+0000] {dag.py:3239} INFO - Sync 1 DAGs
[2026-01-17T07:52:23.137+0000] {logging_mixin.py:190} INFO - [2026-01-17T07:52:23.137+0000] {dag.py:4180} INFO - Setting next_dagrun for tg_user_processing to 2026-01-16 00:00:00+00:00, run_after=2026-01-17 00:00:00+00:00
[2026-01-17T07:52:23.161+0000] {processor.py:208} INFO - Processing /opt/airflow/dags/tg_user_processing.py took 0.636 seconds
[2026-01-17T07:52:53.545+0000] {processor.py:186} INFO - Started process (PID=14864) to work on /opt/airflow/dags/tg_user_processing.py
[2026-01-17T07:52:53.547+0000] {processor.py:914} INFO - Processing file /opt/airflow/dags/tg_user_processing.py for tasks to queue
[2026-01-17T07:52:53.548+0000] {logging_mixin.py:190} INFO - [2026-01-17T07:52:53.548+0000] {dagbag.py:588} INFO - Filling up the DagBag from /opt/airflow/dags/tg_user_processing.py
[2026-01-17T07:52:54.196+0000] {processor.py:925} INFO - DAG(s) 'tg_user_processing' retrieved from /opt/airflow/dags/tg_user_processing.py
[2026-01-17T07:52:54.230+0000] {logging_mixin.py:190} INFO - [2026-01-17T07:52:54.229+0000] {dag.py:3239} INFO - Sync 1 DAGs
[2026-01-17T07:52:54.251+0000] {logging_mixin.py:190} INFO - [2026-01-17T07:52:54.251+0000] {dag.py:4180} INFO - Setting next_dagrun for tg_user_processing to 2026-01-16 00:00:00+00:00, run_after=2026-01-17 00:00:00+00:00
[2026-01-17T07:52:54.288+0000] {processor.py:208} INFO - Processing /opt/airflow/dags/tg_user_processing.py took 0.753 seconds
[2026-01-17T07:53:24.376+0000] {processor.py:186} INFO - Started process (PID=14888) to work on /opt/airflow/dags/tg_user_processing.py
[2026-01-17T07:53:24.378+0000] {processor.py:914} INFO - Processing file /opt/airflow/dags/tg_user_processing.py for tasks to queue
[2026-01-17T07:53:24.381+0000] {logging_mixin.py:190} INFO - [2026-01-17T07:53:24.380+0000] {dagbag.py:588} INFO - Filling up the DagBag from /opt/airflow/dags/tg_user_processing.py
[2026-01-17T07:53:24.952+0000] {processor.py:925} INFO - DAG(s) 'tg_user_processing' retrieved from /opt/airflow/dags/tg_user_processing.py
[2026-01-17T07:53:24.980+0000] {logging_mixin.py:190} INFO - [2026-01-17T07:53:24.980+0000] {dag.py:3239} INFO - Sync 1 DAGs
[2026-01-17T07:53:25.003+0000] {logging_mixin.py:190} INFO - [2026-01-17T07:53:25.003+0000] {dag.py:4180} INFO - Setting next_dagrun for tg_user_processing to 2026-01-16 00:00:00+00:00, run_after=2026-01-17 00:00:00+00:00
[2026-01-17T07:53:25.032+0000] {processor.py:208} INFO - Processing /opt/airflow/dags/tg_user_processing.py took 0.672 seconds
[2026-01-17T07:53:55.707+0000] {processor.py:186} INFO - Started process (PID=14912) to work on /opt/airflow/dags/tg_user_processing.py
[2026-01-17T07:53:55.709+0000] {processor.py:914} INFO - Processing file /opt/airflow/dags/tg_user_processing.py for tasks to queue
[2026-01-17T07:53:55.711+0000] {logging_mixin.py:190} INFO - [2026-01-17T07:53:55.711+0000] {dagbag.py:588} INFO - Filling up the DagBag from /opt/airflow/dags/tg_user_processing.py
[2026-01-17T07:53:56.293+0000] {processor.py:925} INFO - DAG(s) 'tg_user_processing' retrieved from /opt/airflow/dags/tg_user_processing.py
[2026-01-17T07:53:56.323+0000] {logging_mixin.py:190} INFO - [2026-01-17T07:53:56.323+0000] {dag.py:3239} INFO - Sync 1 DAGs
[2026-01-17T07:53:56.344+0000] {logging_mixin.py:190} INFO - [2026-01-17T07:53:56.343+0000] {dag.py:4180} INFO - Setting next_dagrun for tg_user_processing to 2026-01-16 00:00:00+00:00, run_after=2026-01-17 00:00:00+00:00
[2026-01-17T07:53:56.379+0000] {processor.py:208} INFO - Processing /opt/airflow/dags/tg_user_processing.py took 0.687 seconds
[2026-01-17T07:54:26.659+0000] {processor.py:186} INFO - Started process (PID=14937) to work on /opt/airflow/dags/tg_user_processing.py
[2026-01-17T07:54:26.661+0000] {processor.py:914} INFO - Processing file /opt/airflow/dags/tg_user_processing.py for tasks to queue
[2026-01-17T07:54:26.664+0000] {logging_mixin.py:190} INFO - [2026-01-17T07:54:26.663+0000] {dagbag.py:588} INFO - Filling up the DagBag from /opt/airflow/dags/tg_user_processing.py
[2026-01-17T07:54:27.222+0000] {processor.py:925} INFO - DAG(s) 'tg_user_processing' retrieved from /opt/airflow/dags/tg_user_processing.py
[2026-01-17T07:54:27.250+0000] {logging_mixin.py:190} INFO - [2026-01-17T07:54:27.249+0000] {dag.py:3239} INFO - Sync 1 DAGs
[2026-01-17T07:54:27.270+0000] {logging_mixin.py:190} INFO - [2026-01-17T07:54:27.270+0000] {dag.py:4180} INFO - Setting next_dagrun for tg_user_processing to 2026-01-16 00:00:00+00:00, run_after=2026-01-17 00:00:00+00:00
[2026-01-17T07:54:27.317+0000] {processor.py:208} INFO - Processing /opt/airflow/dags/tg_user_processing.py took 0.673 seconds
[2026-01-17T07:54:57.941+0000] {processor.py:186} INFO - Started process (PID=14960) to work on /opt/airflow/dags/tg_user_processing.py
[2026-01-17T07:54:57.942+0000] {processor.py:914} INFO - Processing file /opt/airflow/dags/tg_user_processing.py for tasks to queue
[2026-01-17T07:54:57.944+0000] {logging_mixin.py:190} INFO - [2026-01-17T07:54:57.944+0000] {dagbag.py:588} INFO - Filling up the DagBag from /opt/airflow/dags/tg_user_processing.py
[2026-01-17T07:54:58.524+0000] {processor.py:925} INFO - DAG(s) 'tg_user_processing' retrieved from /opt/airflow/dags/tg_user_processing.py
[2026-01-17T07:54:58.549+0000] {logging_mixin.py:190} INFO - [2026-01-17T07:54:58.549+0000] {dag.py:3239} INFO - Sync 1 DAGs
[2026-01-17T07:54:58.577+0000] {logging_mixin.py:190} INFO - [2026-01-17T07:54:58.577+0000] {dag.py:4180} INFO - Setting next_dagrun for tg_user_processing to 2026-01-16 00:00:00+00:00, run_after=2026-01-17 00:00:00+00:00
[2026-01-17T07:54:58.612+0000] {processor.py:208} INFO - Processing /opt/airflow/dags/tg_user_processing.py took 0.689 seconds
[2026-01-17T07:55:29.017+0000] {processor.py:186} INFO - Started process (PID=14984) to work on /opt/airflow/dags/tg_user_processing.py
[2026-01-17T07:55:29.019+0000] {processor.py:914} INFO - Processing file /opt/airflow/dags/tg_user_processing.py for tasks to queue
[2026-01-17T07:55:29.022+0000] {logging_mixin.py:190} INFO - [2026-01-17T07:55:29.021+0000] {dagbag.py:588} INFO - Filling up the DagBag from /opt/airflow/dags/tg_user_processing.py
[2026-01-17T07:55:29.580+0000] {processor.py:925} INFO - DAG(s) 'tg_user_processing' retrieved from /opt/airflow/dags/tg_user_processing.py
[2026-01-17T07:55:29.611+0000] {logging_mixin.py:190} INFO - [2026-01-17T07:55:29.611+0000] {dag.py:3239} INFO - Sync 1 DAGs
[2026-01-17T07:55:29.636+0000] {logging_mixin.py:190} INFO - [2026-01-17T07:55:29.636+0000] {dag.py:4180} INFO - Setting next_dagrun for tg_user_processing to 2026-01-16 00:00:00+00:00, run_after=2026-01-17 00:00:00+00:00
[2026-01-17T07:55:29.671+0000] {processor.py:208} INFO - Processing /opt/airflow/dags/tg_user_processing.py took 0.671 seconds
[2026-01-17T07:56:00.190+0000] {processor.py:186} INFO - Started process (PID=15008) to work on /opt/airflow/dags/tg_user_processing.py
[2026-01-17T07:56:00.192+0000] {processor.py:914} INFO - Processing file /opt/airflow/dags/tg_user_processing.py for tasks to queue
[2026-01-17T07:56:00.193+0000] {logging_mixin.py:190} INFO - [2026-01-17T07:56:00.193+0000] {dagbag.py:588} INFO - Filling up the DagBag from /opt/airflow/dags/tg_user_processing.py
[2026-01-17T07:56:00.721+0000] {processor.py:925} INFO - DAG(s) 'tg_user_processing' retrieved from /opt/airflow/dags/tg_user_processing.py
[2026-01-17T07:56:00.751+0000] {logging_mixin.py:190} INFO - [2026-01-17T07:56:00.750+0000] {dag.py:3239} INFO - Sync 1 DAGs
[2026-01-17T07:56:00.778+0000] {logging_mixin.py:190} INFO - [2026-01-17T07:56:00.777+0000] {dag.py:4180} INFO - Setting next_dagrun for tg_user_processing to 2026-01-16 00:00:00+00:00, run_after=2026-01-17 00:00:00+00:00
[2026-01-17T07:56:00.815+0000] {processor.py:208} INFO - Processing /opt/airflow/dags/tg_user_processing.py took 0.638 seconds
[2026-01-17T07:56:31.127+0000] {processor.py:186} INFO - Started process (PID=15033) to work on /opt/airflow/dags/tg_user_processing.py
[2026-01-17T07:56:31.129+0000] {processor.py:914} INFO - Processing file /opt/airflow/dags/tg_user_processing.py for tasks to queue
[2026-01-17T07:56:31.131+0000] {logging_mixin.py:190} INFO - [2026-01-17T07:56:31.130+0000] {dagbag.py:588} INFO - Filling up the DagBag from /opt/airflow/dags/tg_user_processing.py
[2026-01-17T07:56:31.718+0000] {processor.py:925} INFO - DAG(s) 'tg_user_processing' retrieved from /opt/airflow/dags/tg_user_processing.py
[2026-01-17T07:56:31.749+0000] {logging_mixin.py:190} INFO - [2026-01-17T07:56:31.749+0000] {dag.py:3239} INFO - Sync 1 DAGs
[2026-01-17T07:56:31.776+0000] {logging_mixin.py:190} INFO - [2026-01-17T07:56:31.775+0000] {dag.py:4180} INFO - Setting next_dagrun for tg_user_processing to 2026-01-16 00:00:00+00:00, run_after=2026-01-17 00:00:00+00:00
[2026-01-17T07:56:31.805+0000] {processor.py:208} INFO - Processing /opt/airflow/dags/tg_user_processing.py took 0.695 seconds
[2026-01-17T07:57:01.866+0000] {processor.py:186} INFO - Started process (PID=15057) to work on /opt/airflow/dags/tg_user_processing.py
[2026-01-17T07:57:01.867+0000] {processor.py:914} INFO - Processing file /opt/airflow/dags/tg_user_processing.py for tasks to queue
[2026-01-17T07:57:01.869+0000] {logging_mixin.py:190} INFO - [2026-01-17T07:57:01.868+0000] {dagbag.py:588} INFO - Filling up the DagBag from /opt/airflow/dags/tg_user_processing.py
[2026-01-17T07:57:02.472+0000] {processor.py:925} INFO - DAG(s) 'tg_user_processing' retrieved from /opt/airflow/dags/tg_user_processing.py
[2026-01-17T07:57:02.501+0000] {logging_mixin.py:190} INFO - [2026-01-17T07:57:02.501+0000] {dag.py:3239} INFO - Sync 1 DAGs
[2026-01-17T07:57:02.538+0000] {logging_mixin.py:190} INFO - [2026-01-17T07:57:02.538+0000] {dag.py:4180} INFO - Setting next_dagrun for tg_user_processing to 2026-01-16 00:00:00+00:00, run_after=2026-01-17 00:00:00+00:00
[2026-01-17T07:57:02.584+0000] {processor.py:208} INFO - Processing /opt/airflow/dags/tg_user_processing.py took 0.727 seconds
[2026-01-17T07:57:32.783+0000] {processor.py:186} INFO - Started process (PID=15080) to work on /opt/airflow/dags/tg_user_processing.py
[2026-01-17T07:57:32.785+0000] {processor.py:914} INFO - Processing file /opt/airflow/dags/tg_user_processing.py for tasks to queue
[2026-01-17T07:57:32.789+0000] {logging_mixin.py:190} INFO - [2026-01-17T07:57:32.788+0000] {dagbag.py:588} INFO - Filling up the DagBag from /opt/airflow/dags/tg_user_processing.py
[2026-01-17T07:57:33.488+0000] {processor.py:925} INFO - DAG(s) 'tg_user_processing' retrieved from /opt/airflow/dags/tg_user_processing.py
[2026-01-17T07:57:33.521+0000] {logging_mixin.py:190} INFO - [2026-01-17T07:57:33.521+0000] {dag.py:3239} INFO - Sync 1 DAGs
[2026-01-17T07:57:33.552+0000] {logging_mixin.py:190} INFO - [2026-01-17T07:57:33.551+0000] {dag.py:4180} INFO - Setting next_dagrun for tg_user_processing to 2026-01-16 00:00:00+00:00, run_after=2026-01-17 00:00:00+00:00
[2026-01-17T07:57:33.582+0000] {processor.py:208} INFO - Processing /opt/airflow/dags/tg_user_processing.py took 0.814 seconds
[2026-01-17T07:58:03.816+0000] {processor.py:186} INFO - Started process (PID=15104) to work on /opt/airflow/dags/tg_user_processing.py
[2026-01-17T07:58:03.817+0000] {processor.py:914} INFO - Processing file /opt/airflow/dags/tg_user_processing.py for tasks to queue
[2026-01-17T07:58:03.819+0000] {logging_mixin.py:190} INFO - [2026-01-17T07:58:03.819+0000] {dagbag.py:588} INFO - Filling up the DagBag from /opt/airflow/dags/tg_user_processing.py
[2026-01-17T07:58:04.439+0000] {processor.py:925} INFO - DAG(s) 'tg_user_processing' retrieved from /opt/airflow/dags/tg_user_processing.py
[2026-01-17T07:58:04.477+0000] {logging_mixin.py:190} INFO - [2026-01-17T07:58:04.477+0000] {dag.py:3239} INFO - Sync 1 DAGs
[2026-01-17T07:58:04.517+0000] {logging_mixin.py:190} INFO - [2026-01-17T07:58:04.517+0000] {dag.py:4180} INFO - Setting next_dagrun for tg_user_processing to 2026-01-16 00:00:00+00:00, run_after=2026-01-17 00:00:00+00:00
[2026-01-17T07:58:04.548+0000] {processor.py:208} INFO - Processing /opt/airflow/dags/tg_user_processing.py took 0.742 seconds
[2026-01-17T07:58:34.942+0000] {processor.py:186} INFO - Started process (PID=15128) to work on /opt/airflow/dags/tg_user_processing.py
[2026-01-17T07:58:34.945+0000] {processor.py:914} INFO - Processing file /opt/airflow/dags/tg_user_processing.py for tasks to queue
[2026-01-17T07:58:34.947+0000] {logging_mixin.py:190} INFO - [2026-01-17T07:58:34.947+0000] {dagbag.py:588} INFO - Filling up the DagBag from /opt/airflow/dags/tg_user_processing.py
[2026-01-17T07:58:35.535+0000] {processor.py:925} INFO - DAG(s) 'tg_user_processing' retrieved from /opt/airflow/dags/tg_user_processing.py
[2026-01-17T07:58:35.565+0000] {logging_mixin.py:190} INFO - [2026-01-17T07:58:35.565+0000] {dag.py:3239} INFO - Sync 1 DAGs
[2026-01-17T07:58:35.593+0000] {logging_mixin.py:190} INFO - [2026-01-17T07:58:35.592+0000] {dag.py:4180} INFO - Setting next_dagrun for tg_user_processing to 2026-01-16 00:00:00+00:00, run_after=2026-01-17 00:00:00+00:00
[2026-01-17T07:58:35.635+0000] {processor.py:208} INFO - Processing /opt/airflow/dags/tg_user_processing.py took 0.710 seconds
[2026-01-17T07:59:05.801+0000] {processor.py:186} INFO - Started process (PID=15152) to work on /opt/airflow/dags/tg_user_processing.py
[2026-01-17T07:59:05.803+0000] {processor.py:914} INFO - Processing file /opt/airflow/dags/tg_user_processing.py for tasks to queue
[2026-01-17T07:59:05.804+0000] {logging_mixin.py:190} INFO - [2026-01-17T07:59:05.804+0000] {dagbag.py:588} INFO - Filling up the DagBag from /opt/airflow/dags/tg_user_processing.py
[2026-01-17T07:59:06.380+0000] {processor.py:925} INFO - DAG(s) 'tg_user_processing' retrieved from /opt/airflow/dags/tg_user_processing.py
[2026-01-17T07:59:06.410+0000] {logging_mixin.py:190} INFO - [2026-01-17T07:59:06.409+0000] {dag.py:3239} INFO - Sync 1 DAGs
[2026-01-17T07:59:06.438+0000] {logging_mixin.py:190} INFO - [2026-01-17T07:59:06.437+0000] {dag.py:4180} INFO - Setting next_dagrun for tg_user_processing to 2026-01-16 00:00:00+00:00, run_after=2026-01-17 00:00:00+00:00
[2026-01-17T07:59:06.463+0000] {processor.py:208} INFO - Processing /opt/airflow/dags/tg_user_processing.py took 0.675 seconds
[2026-01-17T07:59:36.846+0000] {processor.py:186} INFO - Started process (PID=15176) to work on /opt/airflow/dags/tg_user_processing.py
[2026-01-17T07:59:36.850+0000] {processor.py:914} INFO - Processing file /opt/airflow/dags/tg_user_processing.py for tasks to queue
[2026-01-17T07:59:36.854+0000] {logging_mixin.py:190} INFO - [2026-01-17T07:59:36.853+0000] {dagbag.py:588} INFO - Filling up the DagBag from /opt/airflow/dags/tg_user_processing.py
[2026-01-17T07:59:37.439+0000] {processor.py:925} INFO - DAG(s) 'tg_user_processing' retrieved from /opt/airflow/dags/tg_user_processing.py
[2026-01-17T07:59:37.470+0000] {logging_mixin.py:190} INFO - [2026-01-17T07:59:37.470+0000] {dag.py:3239} INFO - Sync 1 DAGs
[2026-01-17T07:59:37.494+0000] {logging_mixin.py:190} INFO - [2026-01-17T07:59:37.494+0000] {dag.py:4180} INFO - Setting next_dagrun for tg_user_processing to 2026-01-16 00:00:00+00:00, run_after=2026-01-17 00:00:00+00:00
[2026-01-17T07:59:37.531+0000] {processor.py:208} INFO - Processing /opt/airflow/dags/tg_user_processing.py took 0.708 seconds
[2026-01-17T08:00:08.005+0000] {processor.py:186} INFO - Started process (PID=15200) to work on /opt/airflow/dags/tg_user_processing.py
[2026-01-17T08:00:08.006+0000] {processor.py:914} INFO - Processing file /opt/airflow/dags/tg_user_processing.py for tasks to queue
[2026-01-17T08:00:08.008+0000] {logging_mixin.py:190} INFO - [2026-01-17T08:00:08.008+0000] {dagbag.py:588} INFO - Filling up the DagBag from /opt/airflow/dags/tg_user_processing.py
[2026-01-17T08:00:08.541+0000] {processor.py:925} INFO - DAG(s) 'tg_user_processing' retrieved from /opt/airflow/dags/tg_user_processing.py
[2026-01-17T08:00:08.572+0000] {logging_mixin.py:190} INFO - [2026-01-17T08:00:08.571+0000] {dag.py:3239} INFO - Sync 1 DAGs
[2026-01-17T08:00:08.604+0000] {logging_mixin.py:190} INFO - [2026-01-17T08:00:08.604+0000] {dag.py:4180} INFO - Setting next_dagrun for tg_user_processing to 2026-01-16 00:00:00+00:00, run_after=2026-01-17 00:00:00+00:00
[2026-01-17T08:00:08.627+0000] {processor.py:208} INFO - Processing /opt/airflow/dags/tg_user_processing.py took 0.630 seconds
[2026-01-17T08:00:39.055+0000] {processor.py:186} INFO - Started process (PID=15224) to work on /opt/airflow/dags/tg_user_processing.py
[2026-01-17T08:00:39.057+0000] {processor.py:914} INFO - Processing file /opt/airflow/dags/tg_user_processing.py for tasks to queue
[2026-01-17T08:00:39.060+0000] {logging_mixin.py:190} INFO - [2026-01-17T08:00:39.059+0000] {dagbag.py:588} INFO - Filling up the DagBag from /opt/airflow/dags/tg_user_processing.py
[2026-01-17T08:00:39.696+0000] {processor.py:925} INFO - DAG(s) 'tg_user_processing' retrieved from /opt/airflow/dags/tg_user_processing.py
[2026-01-17T08:00:39.728+0000] {logging_mixin.py:190} INFO - [2026-01-17T08:00:39.728+0000] {dag.py:3239} INFO - Sync 1 DAGs
[2026-01-17T08:00:39.761+0000] {logging_mixin.py:190} INFO - [2026-01-17T08:00:39.760+0000] {dag.py:4180} INFO - Setting next_dagrun for tg_user_processing to 2026-01-16 00:00:00+00:00, run_after=2026-01-17 00:00:00+00:00
[2026-01-17T08:00:39.797+0000] {processor.py:208} INFO - Processing /opt/airflow/dags/tg_user_processing.py took 0.754 seconds
[2026-01-17T08:01:10.291+0000] {processor.py:186} INFO - Started process (PID=15248) to work on /opt/airflow/dags/tg_user_processing.py
[2026-01-17T08:01:10.295+0000] {processor.py:914} INFO - Processing file /opt/airflow/dags/tg_user_processing.py for tasks to queue
[2026-01-17T08:01:10.298+0000] {logging_mixin.py:190} INFO - [2026-01-17T08:01:10.297+0000] {dagbag.py:588} INFO - Filling up the DagBag from /opt/airflow/dags/tg_user_processing.py
[2026-01-17T08:01:10.938+0000] {processor.py:925} INFO - DAG(s) 'tg_user_processing' retrieved from /opt/airflow/dags/tg_user_processing.py
[2026-01-17T08:01:10.968+0000] {logging_mixin.py:190} INFO - [2026-01-17T08:01:10.967+0000] {dag.py:3239} INFO - Sync 1 DAGs
[2026-01-17T08:01:10.998+0000] {logging_mixin.py:190} INFO - [2026-01-17T08:01:10.998+0000] {dag.py:4180} INFO - Setting next_dagrun for tg_user_processing to 2026-01-16 00:00:00+00:00, run_after=2026-01-17 00:00:00+00:00
[2026-01-17T08:01:11.033+0000] {processor.py:208} INFO - Processing /opt/airflow/dags/tg_user_processing.py took 0.771 seconds
[2026-01-17T08:01:41.403+0000] {processor.py:186} INFO - Started process (PID=15272) to work on /opt/airflow/dags/tg_user_processing.py
[2026-01-17T08:01:41.404+0000] {processor.py:914} INFO - Processing file /opt/airflow/dags/tg_user_processing.py for tasks to queue
[2026-01-17T08:01:41.405+0000] {logging_mixin.py:190} INFO - [2026-01-17T08:01:41.405+0000] {dagbag.py:588} INFO - Filling up the DagBag from /opt/airflow/dags/tg_user_processing.py
[2026-01-17T08:01:41.997+0000] {processor.py:925} INFO - DAG(s) 'tg_user_processing' retrieved from /opt/airflow/dags/tg_user_processing.py
[2026-01-17T08:01:42.031+0000] {logging_mixin.py:190} INFO - [2026-01-17T08:01:42.030+0000] {dag.py:3239} INFO - Sync 1 DAGs
[2026-01-17T08:01:42.055+0000] {logging_mixin.py:190} INFO - [2026-01-17T08:01:42.055+0000] {dag.py:4180} INFO - Setting next_dagrun for tg_user_processing to 2026-01-16 00:00:00+00:00, run_after=2026-01-17 00:00:00+00:00
[2026-01-17T08:01:42.082+0000] {processor.py:208} INFO - Processing /opt/airflow/dags/tg_user_processing.py took 0.689 seconds
[2026-01-17T08:02:12.465+0000] {processor.py:186} INFO - Started process (PID=15296) to work on /opt/airflow/dags/tg_user_processing.py
[2026-01-17T08:02:12.466+0000] {processor.py:914} INFO - Processing file /opt/airflow/dags/tg_user_processing.py for tasks to queue
[2026-01-17T08:02:12.468+0000] {logging_mixin.py:190} INFO - [2026-01-17T08:02:12.467+0000] {dagbag.py:588} INFO - Filling up the DagBag from /opt/airflow/dags/tg_user_processing.py
[2026-01-17T08:02:12.995+0000] {processor.py:925} INFO - DAG(s) 'tg_user_processing' retrieved from /opt/airflow/dags/tg_user_processing.py
[2026-01-17T08:02:13.031+0000] {logging_mixin.py:190} INFO - [2026-01-17T08:02:13.030+0000] {dag.py:3239} INFO - Sync 1 DAGs
[2026-01-17T08:02:13.061+0000] {logging_mixin.py:190} INFO - [2026-01-17T08:02:13.060+0000] {dag.py:4180} INFO - Setting next_dagrun for tg_user_processing to 2026-01-16 00:00:00+00:00, run_after=2026-01-17 00:00:00+00:00
[2026-01-17T08:02:13.105+0000] {processor.py:208} INFO - Processing /opt/airflow/dags/tg_user_processing.py took 0.650 seconds
[2026-01-17T08:02:43.287+0000] {processor.py:186} INFO - Started process (PID=15320) to work on /opt/airflow/dags/tg_user_processing.py
[2026-01-17T08:02:43.289+0000] {processor.py:914} INFO - Processing file /opt/airflow/dags/tg_user_processing.py for tasks to queue
[2026-01-17T08:02:43.290+0000] {logging_mixin.py:190} INFO - [2026-01-17T08:02:43.290+0000] {dagbag.py:588} INFO - Filling up the DagBag from /opt/airflow/dags/tg_user_processing.py
[2026-01-17T08:02:43.952+0000] {processor.py:925} INFO - DAG(s) 'tg_user_processing' retrieved from /opt/airflow/dags/tg_user_processing.py
[2026-01-17T08:02:43.983+0000] {logging_mixin.py:190} INFO - [2026-01-17T08:02:43.983+0000] {dag.py:3239} INFO - Sync 1 DAGs
[2026-01-17T08:02:44.007+0000] {logging_mixin.py:190} INFO - [2026-01-17T08:02:44.007+0000] {dag.py:4180} INFO - Setting next_dagrun for tg_user_processing to 2026-01-16 00:00:00+00:00, run_after=2026-01-17 00:00:00+00:00
[2026-01-17T08:02:44.040+0000] {processor.py:208} INFO - Processing /opt/airflow/dags/tg_user_processing.py took 0.762 seconds
[2026-01-17T08:03:14.137+0000] {processor.py:186} INFO - Started process (PID=15344) to work on /opt/airflow/dags/tg_user_processing.py
[2026-01-17T08:03:14.138+0000] {processor.py:914} INFO - Processing file /opt/airflow/dags/tg_user_processing.py for tasks to queue
[2026-01-17T08:03:14.141+0000] {logging_mixin.py:190} INFO - [2026-01-17T08:03:14.140+0000] {dagbag.py:588} INFO - Filling up the DagBag from /opt/airflow/dags/tg_user_processing.py
[2026-01-17T08:03:14.772+0000] {processor.py:925} INFO - DAG(s) 'tg_user_processing' retrieved from /opt/airflow/dags/tg_user_processing.py
[2026-01-17T08:03:14.794+0000] {logging_mixin.py:190} INFO - [2026-01-17T08:03:14.793+0000] {dag.py:3239} INFO - Sync 1 DAGs
[2026-01-17T08:03:14.817+0000] {logging_mixin.py:190} INFO - [2026-01-17T08:03:14.817+0000] {dag.py:4180} INFO - Setting next_dagrun for tg_user_processing to 2026-01-16 00:00:00+00:00, run_after=2026-01-17 00:00:00+00:00
[2026-01-17T08:03:14.853+0000] {processor.py:208} INFO - Processing /opt/airflow/dags/tg_user_processing.py took 0.727 seconds
[2026-01-17T08:03:45.225+0000] {processor.py:186} INFO - Started process (PID=15368) to work on /opt/airflow/dags/tg_user_processing.py
[2026-01-17T08:03:45.227+0000] {processor.py:914} INFO - Processing file /opt/airflow/dags/tg_user_processing.py for tasks to queue
[2026-01-17T08:03:45.229+0000] {logging_mixin.py:190} INFO - [2026-01-17T08:03:45.228+0000] {dagbag.py:588} INFO - Filling up the DagBag from /opt/airflow/dags/tg_user_processing.py
[2026-01-17T08:03:45.737+0000] {processor.py:925} INFO - DAG(s) 'tg_user_processing' retrieved from /opt/airflow/dags/tg_user_processing.py
[2026-01-17T08:03:45.769+0000] {logging_mixin.py:190} INFO - [2026-01-17T08:03:45.769+0000] {dag.py:3239} INFO - Sync 1 DAGs
[2026-01-17T08:03:45.799+0000] {logging_mixin.py:190} INFO - [2026-01-17T08:03:45.798+0000] {dag.py:4180} INFO - Setting next_dagrun for tg_user_processing to 2026-01-16 00:00:00+00:00, run_after=2026-01-17 00:00:00+00:00
[2026-01-17T08:03:45.842+0000] {processor.py:208} INFO - Processing /opt/airflow/dags/tg_user_processing.py took 0.630 seconds
[2026-01-17T08:04:16.068+0000] {processor.py:186} INFO - Started process (PID=15392) to work on /opt/airflow/dags/tg_user_processing.py
[2026-01-17T08:04:16.069+0000] {processor.py:914} INFO - Processing file /opt/airflow/dags/tg_user_processing.py for tasks to queue
[2026-01-17T08:04:16.071+0000] {logging_mixin.py:190} INFO - [2026-01-17T08:04:16.071+0000] {dagbag.py:588} INFO - Filling up the DagBag from /opt/airflow/dags/tg_user_processing.py
[2026-01-17T08:04:16.861+0000] {processor.py:925} INFO - DAG(s) 'tg_user_processing' retrieved from /opt/airflow/dags/tg_user_processing.py
[2026-01-17T08:04:16.903+0000] {logging_mixin.py:190} INFO - [2026-01-17T08:04:16.902+0000] {dag.py:3239} INFO - Sync 1 DAGs
[2026-01-17T08:04:16.938+0000] {logging_mixin.py:190} INFO - [2026-01-17T08:04:16.938+0000] {dag.py:4180} INFO - Setting next_dagrun for tg_user_processing to 2026-01-16 00:00:00+00:00, run_after=2026-01-17 00:00:00+00:00
[2026-01-17T08:04:16.972+0000] {processor.py:208} INFO - Processing /opt/airflow/dags/tg_user_processing.py took 0.914 seconds
[2026-01-17T08:04:47.121+0000] {processor.py:186} INFO - Started process (PID=15416) to work on /opt/airflow/dags/tg_user_processing.py
[2026-01-17T08:04:47.123+0000] {processor.py:914} INFO - Processing file /opt/airflow/dags/tg_user_processing.py for tasks to queue
[2026-01-17T08:04:47.124+0000] {logging_mixin.py:190} INFO - [2026-01-17T08:04:47.124+0000] {dagbag.py:588} INFO - Filling up the DagBag from /opt/airflow/dags/tg_user_processing.py
[2026-01-17T08:04:47.866+0000] {processor.py:925} INFO - DAG(s) 'tg_user_processing' retrieved from /opt/airflow/dags/tg_user_processing.py
[2026-01-17T08:04:47.909+0000] {logging_mixin.py:190} INFO - [2026-01-17T08:04:47.907+0000] {dag.py:3239} INFO - Sync 1 DAGs
[2026-01-17T08:04:47.946+0000] {logging_mixin.py:190} INFO - [2026-01-17T08:04:47.946+0000] {dag.py:4180} INFO - Setting next_dagrun for tg_user_processing to 2026-01-16 00:00:00+00:00, run_after=2026-01-17 00:00:00+00:00
[2026-01-17T08:04:47.995+0000] {processor.py:208} INFO - Processing /opt/airflow/dags/tg_user_processing.py took 0.883 seconds
[2026-01-17T08:05:18.252+0000] {processor.py:186} INFO - Started process (PID=15440) to work on /opt/airflow/dags/tg_user_processing.py
[2026-01-17T08:05:18.254+0000] {processor.py:914} INFO - Processing file /opt/airflow/dags/tg_user_processing.py for tasks to queue
[2026-01-17T08:05:18.256+0000] {logging_mixin.py:190} INFO - [2026-01-17T08:05:18.255+0000] {dagbag.py:588} INFO - Filling up the DagBag from /opt/airflow/dags/tg_user_processing.py
[2026-01-17T08:05:18.815+0000] {processor.py:925} INFO - DAG(s) 'tg_user_processing' retrieved from /opt/airflow/dags/tg_user_processing.py
[2026-01-17T08:05:18.839+0000] {logging_mixin.py:190} INFO - [2026-01-17T08:05:18.839+0000] {dag.py:3239} INFO - Sync 1 DAGs
[2026-01-17T08:05:18.865+0000] {logging_mixin.py:190} INFO - [2026-01-17T08:05:18.865+0000] {dag.py:4180} INFO - Setting next_dagrun for tg_user_processing to 2026-01-16 00:00:00+00:00, run_after=2026-01-17 00:00:00+00:00
[2026-01-17T08:05:18.888+0000] {processor.py:208} INFO - Processing /opt/airflow/dags/tg_user_processing.py took 0.653 seconds
[2026-01-17T08:05:49.101+0000] {processor.py:186} INFO - Started process (PID=15469) to work on /opt/airflow/dags/tg_user_processing.py
[2026-01-17T08:05:49.103+0000] {processor.py:914} INFO - Processing file /opt/airflow/dags/tg_user_processing.py for tasks to queue
[2026-01-17T08:05:49.105+0000] {logging_mixin.py:190} INFO - [2026-01-17T08:05:49.105+0000] {dagbag.py:588} INFO - Filling up the DagBag from /opt/airflow/dags/tg_user_processing.py
[2026-01-17T08:05:49.737+0000] {processor.py:925} INFO - DAG(s) 'tg_user_processing' retrieved from /opt/airflow/dags/tg_user_processing.py
[2026-01-17T08:05:49.760+0000] {logging_mixin.py:190} INFO - [2026-01-17T08:05:49.760+0000] {dag.py:3239} INFO - Sync 1 DAGs
[2026-01-17T08:05:49.784+0000] {logging_mixin.py:190} INFO - [2026-01-17T08:05:49.784+0000] {dag.py:4180} INFO - Setting next_dagrun for tg_user_processing to 2026-01-16 00:00:00+00:00, run_after=2026-01-17 00:00:00+00:00
[2026-01-17T08:05:49.817+0000] {processor.py:208} INFO - Processing /opt/airflow/dags/tg_user_processing.py took 0.734 seconds
[2026-01-17T08:06:20.084+0000] {processor.py:186} INFO - Started process (PID=15494) to work on /opt/airflow/dags/tg_user_processing.py
[2026-01-17T08:06:20.086+0000] {processor.py:914} INFO - Processing file /opt/airflow/dags/tg_user_processing.py for tasks to queue
[2026-01-17T08:06:20.087+0000] {logging_mixin.py:190} INFO - [2026-01-17T08:06:20.087+0000] {dagbag.py:588} INFO - Filling up the DagBag from /opt/airflow/dags/tg_user_processing.py
[2026-01-17T08:06:20.636+0000] {processor.py:925} INFO - DAG(s) 'tg_user_processing' retrieved from /opt/airflow/dags/tg_user_processing.py
[2026-01-17T08:06:20.661+0000] {logging_mixin.py:190} INFO - [2026-01-17T08:06:20.660+0000] {dag.py:3239} INFO - Sync 1 DAGs
[2026-01-17T08:06:20.685+0000] {logging_mixin.py:190} INFO - [2026-01-17T08:06:20.685+0000] {dag.py:4180} INFO - Setting next_dagrun for tg_user_processing to 2026-01-16 00:00:00+00:00, run_after=2026-01-17 00:00:00+00:00
[2026-01-17T08:06:20.712+0000] {processor.py:208} INFO - Processing /opt/airflow/dags/tg_user_processing.py took 0.638 seconds
[2026-01-17T08:06:51.106+0000] {processor.py:186} INFO - Started process (PID=15518) to work on /opt/airflow/dags/tg_user_processing.py
[2026-01-17T08:06:51.109+0000] {processor.py:914} INFO - Processing file /opt/airflow/dags/tg_user_processing.py for tasks to queue
[2026-01-17T08:06:51.112+0000] {logging_mixin.py:190} INFO - [2026-01-17T08:06:51.111+0000] {dagbag.py:588} INFO - Filling up the DagBag from /opt/airflow/dags/tg_user_processing.py
[2026-01-17T08:06:51.665+0000] {processor.py:925} INFO - DAG(s) 'tg_user_processing' retrieved from /opt/airflow/dags/tg_user_processing.py
[2026-01-17T08:06:51.691+0000] {logging_mixin.py:190} INFO - [2026-01-17T08:06:51.690+0000] {dag.py:3239} INFO - Sync 1 DAGs
[2026-01-17T08:06:51.719+0000] {logging_mixin.py:190} INFO - [2026-01-17T08:06:51.719+0000] {dag.py:4180} INFO - Setting next_dagrun for tg_user_processing to 2026-01-16 00:00:00+00:00, run_after=2026-01-17 00:00:00+00:00
[2026-01-17T08:06:51.745+0000] {processor.py:208} INFO - Processing /opt/airflow/dags/tg_user_processing.py took 0.660 seconds
[2026-01-17T08:07:22.208+0000] {processor.py:186} INFO - Started process (PID=15542) to work on /opt/airflow/dags/tg_user_processing.py
[2026-01-17T08:07:22.210+0000] {processor.py:914} INFO - Processing file /opt/airflow/dags/tg_user_processing.py for tasks to queue
[2026-01-17T08:07:22.218+0000] {logging_mixin.py:190} INFO - [2026-01-17T08:07:22.217+0000] {dagbag.py:588} INFO - Filling up the DagBag from /opt/airflow/dags/tg_user_processing.py
[2026-01-17T08:07:22.870+0000] {processor.py:925} INFO - DAG(s) 'tg_user_processing' retrieved from /opt/airflow/dags/tg_user_processing.py
[2026-01-17T08:07:22.897+0000] {logging_mixin.py:190} INFO - [2026-01-17T08:07:22.896+0000] {dag.py:3239} INFO - Sync 1 DAGs
[2026-01-17T08:07:22.919+0000] {logging_mixin.py:190} INFO - [2026-01-17T08:07:22.919+0000] {dag.py:4180} INFO - Setting next_dagrun for tg_user_processing to 2026-01-16 00:00:00+00:00, run_after=2026-01-17 00:00:00+00:00
[2026-01-17T08:07:22.941+0000] {processor.py:208} INFO - Processing /opt/airflow/dags/tg_user_processing.py took 0.746 seconds
[2026-01-17T08:07:53.243+0000] {processor.py:186} INFO - Started process (PID=15566) to work on /opt/airflow/dags/tg_user_processing.py
[2026-01-17T08:07:53.245+0000] {processor.py:914} INFO - Processing file /opt/airflow/dags/tg_user_processing.py for tasks to queue
[2026-01-17T08:07:53.246+0000] {logging_mixin.py:190} INFO - [2026-01-17T08:07:53.246+0000] {dagbag.py:588} INFO - Filling up the DagBag from /opt/airflow/dags/tg_user_processing.py
[2026-01-17T08:07:53.778+0000] {processor.py:925} INFO - DAG(s) 'tg_user_processing' retrieved from /opt/airflow/dags/tg_user_processing.py
[2026-01-17T08:07:53.805+0000] {logging_mixin.py:190} INFO - [2026-01-17T08:07:53.804+0000] {dag.py:3239} INFO - Sync 1 DAGs
[2026-01-17T08:07:53.834+0000] {logging_mixin.py:190} INFO - [2026-01-17T08:07:53.833+0000] {dag.py:4180} INFO - Setting next_dagrun for tg_user_processing to 2026-01-16 00:00:00+00:00, run_after=2026-01-17 00:00:00+00:00
[2026-01-17T08:07:53.858+0000] {processor.py:208} INFO - Processing /opt/airflow/dags/tg_user_processing.py took 0.630 seconds
[2026-01-17T08:08:24.445+0000] {processor.py:186} INFO - Started process (PID=15590) to work on /opt/airflow/dags/tg_user_processing.py
[2026-01-17T08:08:24.448+0000] {processor.py:914} INFO - Processing file /opt/airflow/dags/tg_user_processing.py for tasks to queue
[2026-01-17T08:08:24.450+0000] {logging_mixin.py:190} INFO - [2026-01-17T08:08:24.449+0000] {dagbag.py:588} INFO - Filling up the DagBag from /opt/airflow/dags/tg_user_processing.py
[2026-01-17T08:08:25.009+0000] {processor.py:925} INFO - DAG(s) 'tg_user_processing' retrieved from /opt/airflow/dags/tg_user_processing.py
[2026-01-17T08:08:25.034+0000] {logging_mixin.py:190} INFO - [2026-01-17T08:08:25.033+0000] {dag.py:3239} INFO - Sync 1 DAGs
[2026-01-17T08:08:25.057+0000] {logging_mixin.py:190} INFO - [2026-01-17T08:08:25.056+0000] {dag.py:4180} INFO - Setting next_dagrun for tg_user_processing to 2026-01-16 00:00:00+00:00, run_after=2026-01-17 00:00:00+00:00
[2026-01-17T08:08:25.087+0000] {processor.py:208} INFO - Processing /opt/airflow/dags/tg_user_processing.py took 0.662 seconds
[2026-01-17T08:08:55.455+0000] {processor.py:186} INFO - Started process (PID=15614) to work on /opt/airflow/dags/tg_user_processing.py
[2026-01-17T08:08:55.456+0000] {processor.py:914} INFO - Processing file /opt/airflow/dags/tg_user_processing.py for tasks to queue
[2026-01-17T08:08:55.458+0000] {logging_mixin.py:190} INFO - [2026-01-17T08:08:55.458+0000] {dagbag.py:588} INFO - Filling up the DagBag from /opt/airflow/dags/tg_user_processing.py
[2026-01-17T08:08:56.066+0000] {processor.py:925} INFO - DAG(s) 'tg_user_processing' retrieved from /opt/airflow/dags/tg_user_processing.py
[2026-01-17T08:08:56.095+0000] {logging_mixin.py:190} INFO - [2026-01-17T08:08:56.095+0000] {dag.py:3239} INFO - Sync 1 DAGs
[2026-01-17T08:08:56.124+0000] {logging_mixin.py:190} INFO - [2026-01-17T08:08:56.123+0000] {dag.py:4180} INFO - Setting next_dagrun for tg_user_processing to 2026-01-16 00:00:00+00:00, run_after=2026-01-17 00:00:00+00:00
[2026-01-17T08:08:56.156+0000] {processor.py:208} INFO - Processing /opt/airflow/dags/tg_user_processing.py took 0.713 seconds
[2026-01-17T08:09:26.393+0000] {processor.py:186} INFO - Started process (PID=15638) to work on /opt/airflow/dags/tg_user_processing.py
[2026-01-17T08:09:26.395+0000] {processor.py:914} INFO - Processing file /opt/airflow/dags/tg_user_processing.py for tasks to queue
[2026-01-17T08:09:26.397+0000] {logging_mixin.py:190} INFO - [2026-01-17T08:09:26.396+0000] {dagbag.py:588} INFO - Filling up the DagBag from /opt/airflow/dags/tg_user_processing.py
[2026-01-17T08:09:26.958+0000] {processor.py:925} INFO - DAG(s) 'tg_user_processing' retrieved from /opt/airflow/dags/tg_user_processing.py
[2026-01-17T08:09:26.979+0000] {logging_mixin.py:190} INFO - [2026-01-17T08:09:26.978+0000] {dag.py:3239} INFO - Sync 1 DAGs
[2026-01-17T08:09:27.001+0000] {logging_mixin.py:190} INFO - [2026-01-17T08:09:27.001+0000] {dag.py:4180} INFO - Setting next_dagrun for tg_user_processing to 2026-01-16 00:00:00+00:00, run_after=2026-01-17 00:00:00+00:00
[2026-01-17T08:09:27.031+0000] {processor.py:208} INFO - Processing /opt/airflow/dags/tg_user_processing.py took 0.654 seconds
[2026-01-17T08:09:57.632+0000] {processor.py:186} INFO - Started process (PID=15662) to work on /opt/airflow/dags/tg_user_processing.py
[2026-01-17T08:09:57.634+0000] {processor.py:914} INFO - Processing file /opt/airflow/dags/tg_user_processing.py for tasks to queue
[2026-01-17T08:09:57.636+0000] {logging_mixin.py:190} INFO - [2026-01-17T08:09:57.635+0000] {dagbag.py:588} INFO - Filling up the DagBag from /opt/airflow/dags/tg_user_processing.py
[2026-01-17T08:09:58.157+0000] {processor.py:925} INFO - DAG(s) 'tg_user_processing' retrieved from /opt/airflow/dags/tg_user_processing.py
[2026-01-17T08:09:58.188+0000] {logging_mixin.py:190} INFO - [2026-01-17T08:09:58.188+0000] {dag.py:3239} INFO - Sync 1 DAGs
[2026-01-17T08:09:58.213+0000] {logging_mixin.py:190} INFO - [2026-01-17T08:09:58.212+0000] {dag.py:4180} INFO - Setting next_dagrun for tg_user_processing to 2026-01-16 00:00:00+00:00, run_after=2026-01-17 00:00:00+00:00
[2026-01-17T08:09:58.241+0000] {processor.py:208} INFO - Processing /opt/airflow/dags/tg_user_processing.py took 0.621 seconds
[2026-01-17T08:10:28.928+0000] {processor.py:186} INFO - Started process (PID=15685) to work on /opt/airflow/dags/tg_user_processing.py
[2026-01-17T08:10:28.931+0000] {processor.py:914} INFO - Processing file /opt/airflow/dags/tg_user_processing.py for tasks to queue
[2026-01-17T08:10:28.933+0000] {logging_mixin.py:190} INFO - [2026-01-17T08:10:28.932+0000] {dagbag.py:588} INFO - Filling up the DagBag from /opt/airflow/dags/tg_user_processing.py
[2026-01-17T08:10:29.584+0000] {processor.py:925} INFO - DAG(s) 'tg_user_processing' retrieved from /opt/airflow/dags/tg_user_processing.py
[2026-01-17T08:10:29.612+0000] {logging_mixin.py:190} INFO - [2026-01-17T08:10:29.611+0000] {dag.py:3239} INFO - Sync 1 DAGs
[2026-01-17T08:10:29.633+0000] {logging_mixin.py:190} INFO - [2026-01-17T08:10:29.633+0000] {dag.py:4180} INFO - Setting next_dagrun for tg_user_processing to 2026-01-16 00:00:00+00:00, run_after=2026-01-17 00:00:00+00:00
[2026-01-17T08:10:29.674+0000] {processor.py:208} INFO - Processing /opt/airflow/dags/tg_user_processing.py took 0.764 seconds
[2026-01-17T08:10:59.908+0000] {processor.py:186} INFO - Started process (PID=15709) to work on /opt/airflow/dags/tg_user_processing.py
[2026-01-17T08:10:59.909+0000] {processor.py:914} INFO - Processing file /opt/airflow/dags/tg_user_processing.py for tasks to queue
[2026-01-17T08:10:59.911+0000] {logging_mixin.py:190} INFO - [2026-01-17T08:10:59.911+0000] {dagbag.py:588} INFO - Filling up the DagBag from /opt/airflow/dags/tg_user_processing.py
[2026-01-17T08:11:00.488+0000] {processor.py:925} INFO - DAG(s) 'tg_user_processing' retrieved from /opt/airflow/dags/tg_user_processing.py
[2026-01-17T08:11:00.510+0000] {logging_mixin.py:190} INFO - [2026-01-17T08:11:00.510+0000] {dag.py:3239} INFO - Sync 1 DAGs
[2026-01-17T08:11:00.534+0000] {logging_mixin.py:190} INFO - [2026-01-17T08:11:00.533+0000] {dag.py:4180} INFO - Setting next_dagrun for tg_user_processing to 2026-01-16 00:00:00+00:00, run_after=2026-01-17 00:00:00+00:00
[2026-01-17T08:11:00.560+0000] {processor.py:208} INFO - Processing /opt/airflow/dags/tg_user_processing.py took 0.663 seconds
[2026-01-17T08:11:30.812+0000] {processor.py:186} INFO - Started process (PID=15734) to work on /opt/airflow/dags/tg_user_processing.py
[2026-01-17T08:11:30.813+0000] {processor.py:914} INFO - Processing file /opt/airflow/dags/tg_user_processing.py for tasks to queue
[2026-01-17T08:11:30.815+0000] {logging_mixin.py:190} INFO - [2026-01-17T08:11:30.814+0000] {dagbag.py:588} INFO - Filling up the DagBag from /opt/airflow/dags/tg_user_processing.py
[2026-01-17T08:11:31.393+0000] {processor.py:925} INFO - DAG(s) 'tg_user_processing' retrieved from /opt/airflow/dags/tg_user_processing.py
[2026-01-17T08:11:31.419+0000] {logging_mixin.py:190} INFO - [2026-01-17T08:11:31.418+0000] {dag.py:3239} INFO - Sync 1 DAGs
[2026-01-17T08:11:31.444+0000] {logging_mixin.py:190} INFO - [2026-01-17T08:11:31.444+0000] {dag.py:4180} INFO - Setting next_dagrun for tg_user_processing to 2026-01-16 00:00:00+00:00, run_after=2026-01-17 00:00:00+00:00
[2026-01-17T08:11:31.472+0000] {processor.py:208} INFO - Processing /opt/airflow/dags/tg_user_processing.py took 0.668 seconds
[2026-01-17T08:12:01.732+0000] {processor.py:186} INFO - Started process (PID=15758) to work on /opt/airflow/dags/tg_user_processing.py
[2026-01-17T08:12:01.734+0000] {processor.py:914} INFO - Processing file /opt/airflow/dags/tg_user_processing.py for tasks to queue
[2026-01-17T08:12:01.736+0000] {logging_mixin.py:190} INFO - [2026-01-17T08:12:01.735+0000] {dagbag.py:588} INFO - Filling up the DagBag from /opt/airflow/dags/tg_user_processing.py
[2026-01-17T08:12:02.278+0000] {processor.py:925} INFO - DAG(s) 'tg_user_processing' retrieved from /opt/airflow/dags/tg_user_processing.py
[2026-01-17T08:12:02.303+0000] {logging_mixin.py:190} INFO - [2026-01-17T08:12:02.303+0000] {dag.py:3239} INFO - Sync 1 DAGs
[2026-01-17T08:12:02.329+0000] {logging_mixin.py:190} INFO - [2026-01-17T08:12:02.329+0000] {dag.py:4180} INFO - Setting next_dagrun for tg_user_processing to 2026-01-16 00:00:00+00:00, run_after=2026-01-17 00:00:00+00:00
[2026-01-17T08:12:02.366+0000] {processor.py:208} INFO - Processing /opt/airflow/dags/tg_user_processing.py took 0.646 seconds
[2026-01-17T08:12:33.189+0000] {processor.py:186} INFO - Started process (PID=15782) to work on /opt/airflow/dags/tg_user_processing.py
[2026-01-17T08:12:33.191+0000] {processor.py:914} INFO - Processing file /opt/airflow/dags/tg_user_processing.py for tasks to queue
[2026-01-17T08:12:33.194+0000] {logging_mixin.py:190} INFO - [2026-01-17T08:12:33.193+0000] {dagbag.py:588} INFO - Filling up the DagBag from /opt/airflow/dags/tg_user_processing.py
[2026-01-17T08:12:33.724+0000] {processor.py:925} INFO - DAG(s) 'tg_user_processing' retrieved from /opt/airflow/dags/tg_user_processing.py
[2026-01-17T08:12:33.747+0000] {logging_mixin.py:190} INFO - [2026-01-17T08:12:33.747+0000] {dag.py:3239} INFO - Sync 1 DAGs
[2026-01-17T08:12:33.771+0000] {logging_mixin.py:190} INFO - [2026-01-17T08:12:33.771+0000] {dag.py:4180} INFO - Setting next_dagrun for tg_user_processing to 2026-01-16 00:00:00+00:00, run_after=2026-01-17 00:00:00+00:00
[2026-01-17T08:12:33.811+0000] {processor.py:208} INFO - Processing /opt/airflow/dags/tg_user_processing.py took 0.637 seconds
[2026-01-17T08:13:04.448+0000] {processor.py:186} INFO - Started process (PID=15806) to work on /opt/airflow/dags/tg_user_processing.py
[2026-01-17T08:13:04.450+0000] {processor.py:914} INFO - Processing file /opt/airflow/dags/tg_user_processing.py for tasks to queue
[2026-01-17T08:13:04.453+0000] {logging_mixin.py:190} INFO - [2026-01-17T08:13:04.452+0000] {dagbag.py:588} INFO - Filling up the DagBag from /opt/airflow/dags/tg_user_processing.py
[2026-01-17T08:13:05.002+0000] {processor.py:925} INFO - DAG(s) 'tg_user_processing' retrieved from /opt/airflow/dags/tg_user_processing.py
[2026-01-17T08:13:05.025+0000] {logging_mixin.py:190} INFO - [2026-01-17T08:13:05.025+0000] {dag.py:3239} INFO - Sync 1 DAGs
[2026-01-17T08:13:05.049+0000] {logging_mixin.py:190} INFO - [2026-01-17T08:13:05.049+0000] {dag.py:4180} INFO - Setting next_dagrun for tg_user_processing to 2026-01-16 00:00:00+00:00, run_after=2026-01-17 00:00:00+00:00
[2026-01-17T08:13:05.083+0000] {processor.py:208} INFO - Processing /opt/airflow/dags/tg_user_processing.py took 0.651 seconds
[2026-01-17T08:13:35.601+0000] {processor.py:186} INFO - Started process (PID=15830) to work on /opt/airflow/dags/tg_user_processing.py
[2026-01-17T08:13:35.602+0000] {processor.py:914} INFO - Processing file /opt/airflow/dags/tg_user_processing.py for tasks to queue
[2026-01-17T08:13:35.604+0000] {logging_mixin.py:190} INFO - [2026-01-17T08:13:35.604+0000] {dagbag.py:588} INFO - Filling up the DagBag from /opt/airflow/dags/tg_user_processing.py
[2026-01-17T08:13:36.205+0000] {processor.py:925} INFO - DAG(s) 'tg_user_processing' retrieved from /opt/airflow/dags/tg_user_processing.py
[2026-01-17T08:13:36.235+0000] {logging_mixin.py:190} INFO - [2026-01-17T08:13:36.235+0000] {dag.py:3239} INFO - Sync 1 DAGs
[2026-01-17T08:13:36.264+0000] {logging_mixin.py:190} INFO - [2026-01-17T08:13:36.264+0000] {dag.py:4180} INFO - Setting next_dagrun for tg_user_processing to 2026-01-16 00:00:00+00:00, run_after=2026-01-17 00:00:00+00:00
[2026-01-17T08:13:36.292+0000] {processor.py:208} INFO - Processing /opt/airflow/dags/tg_user_processing.py took 0.699 seconds
[2026-01-17T08:14:06.478+0000] {processor.py:186} INFO - Started process (PID=15854) to work on /opt/airflow/dags/tg_user_processing.py
[2026-01-17T08:14:06.479+0000] {processor.py:914} INFO - Processing file /opt/airflow/dags/tg_user_processing.py for tasks to queue
[2026-01-17T08:14:06.481+0000] {logging_mixin.py:190} INFO - [2026-01-17T08:14:06.481+0000] {dagbag.py:588} INFO - Filling up the DagBag from /opt/airflow/dags/tg_user_processing.py
[2026-01-17T08:14:07.020+0000] {processor.py:925} INFO - DAG(s) 'tg_user_processing' retrieved from /opt/airflow/dags/tg_user_processing.py
[2026-01-17T08:14:07.048+0000] {logging_mixin.py:190} INFO - [2026-01-17T08:14:07.047+0000] {dag.py:3239} INFO - Sync 1 DAGs
[2026-01-17T08:14:07.079+0000] {logging_mixin.py:190} INFO - [2026-01-17T08:14:07.079+0000] {dag.py:4180} INFO - Setting next_dagrun for tg_user_processing to 2026-01-16 00:00:00+00:00, run_after=2026-01-17 00:00:00+00:00
[2026-01-17T08:14:07.122+0000] {processor.py:208} INFO - Processing /opt/airflow/dags/tg_user_processing.py took 0.655 seconds
[2026-01-17T08:14:37.754+0000] {processor.py:186} INFO - Started process (PID=15879) to work on /opt/airflow/dags/tg_user_processing.py
[2026-01-17T08:14:37.755+0000] {processor.py:914} INFO - Processing file /opt/airflow/dags/tg_user_processing.py for tasks to queue
[2026-01-17T08:14:37.758+0000] {logging_mixin.py:190} INFO - [2026-01-17T08:14:37.757+0000] {dagbag.py:588} INFO - Filling up the DagBag from /opt/airflow/dags/tg_user_processing.py
[2026-01-17T08:14:38.340+0000] {processor.py:925} INFO - DAG(s) 'tg_user_processing' retrieved from /opt/airflow/dags/tg_user_processing.py
[2026-01-17T08:14:38.363+0000] {logging_mixin.py:190} INFO - [2026-01-17T08:14:38.363+0000] {dag.py:3239} INFO - Sync 1 DAGs
[2026-01-17T08:14:38.387+0000] {logging_mixin.py:190} INFO - [2026-01-17T08:14:38.386+0000] {dag.py:4180} INFO - Setting next_dagrun for tg_user_processing to 2026-01-16 00:00:00+00:00, run_after=2026-01-17 00:00:00+00:00
[2026-01-17T08:14:38.424+0000] {processor.py:208} INFO - Processing /opt/airflow/dags/tg_user_processing.py took 0.685 seconds
[2026-01-17T08:15:08.870+0000] {processor.py:186} INFO - Started process (PID=15903) to work on /opt/airflow/dags/tg_user_processing.py
[2026-01-17T08:15:08.872+0000] {processor.py:914} INFO - Processing file /opt/airflow/dags/tg_user_processing.py for tasks to queue
[2026-01-17T08:15:08.874+0000] {logging_mixin.py:190} INFO - [2026-01-17T08:15:08.873+0000] {dagbag.py:588} INFO - Filling up the DagBag from /opt/airflow/dags/tg_user_processing.py
[2026-01-17T08:15:09.445+0000] {processor.py:925} INFO - DAG(s) 'tg_user_processing' retrieved from /opt/airflow/dags/tg_user_processing.py
[2026-01-17T08:15:09.471+0000] {logging_mixin.py:190} INFO - [2026-01-17T08:15:09.470+0000] {dag.py:3239} INFO - Sync 1 DAGs
[2026-01-17T08:15:09.494+0000] {logging_mixin.py:190} INFO - [2026-01-17T08:15:09.493+0000] {dag.py:4180} INFO - Setting next_dagrun for tg_user_processing to 2026-01-16 00:00:00+00:00, run_after=2026-01-17 00:00:00+00:00
[2026-01-17T08:15:09.515+0000] {processor.py:208} INFO - Processing /opt/airflow/dags/tg_user_processing.py took 0.657 seconds
[2026-01-17T08:15:39.786+0000] {processor.py:186} INFO - Started process (PID=15927) to work on /opt/airflow/dags/tg_user_processing.py
[2026-01-17T08:15:39.787+0000] {processor.py:914} INFO - Processing file /opt/airflow/dags/tg_user_processing.py for tasks to queue
[2026-01-17T08:15:39.788+0000] {logging_mixin.py:190} INFO - [2026-01-17T08:15:39.788+0000] {dagbag.py:588} INFO - Filling up the DagBag from /opt/airflow/dags/tg_user_processing.py
[2026-01-17T08:15:40.381+0000] {processor.py:925} INFO - DAG(s) 'tg_user_processing' retrieved from /opt/airflow/dags/tg_user_processing.py
[2026-01-17T08:15:40.410+0000] {logging_mixin.py:190} INFO - [2026-01-17T08:15:40.409+0000] {dag.py:3239} INFO - Sync 1 DAGs
[2026-01-17T08:15:40.442+0000] {logging_mixin.py:190} INFO - [2026-01-17T08:15:40.442+0000] {dag.py:4180} INFO - Setting next_dagrun for tg_user_processing to 2026-01-16 00:00:00+00:00, run_after=2026-01-17 00:00:00+00:00
[2026-01-17T08:15:40.476+0000] {processor.py:208} INFO - Processing /opt/airflow/dags/tg_user_processing.py took 0.699 seconds
[2026-01-17T08:16:10.618+0000] {processor.py:186} INFO - Started process (PID=15951) to work on /opt/airflow/dags/tg_user_processing.py
[2026-01-17T08:16:10.620+0000] {processor.py:914} INFO - Processing file /opt/airflow/dags/tg_user_processing.py for tasks to queue
[2026-01-17T08:16:10.623+0000] {logging_mixin.py:190} INFO - [2026-01-17T08:16:10.622+0000] {dagbag.py:588} INFO - Filling up the DagBag from /opt/airflow/dags/tg_user_processing.py
[2026-01-17T08:16:11.163+0000] {processor.py:925} INFO - DAG(s) 'tg_user_processing' retrieved from /opt/airflow/dags/tg_user_processing.py
[2026-01-17T08:16:11.184+0000] {logging_mixin.py:190} INFO - [2026-01-17T08:16:11.183+0000] {dag.py:3239} INFO - Sync 1 DAGs
[2026-01-17T08:16:11.206+0000] {logging_mixin.py:190} INFO - [2026-01-17T08:16:11.206+0000] {dag.py:4180} INFO - Setting next_dagrun for tg_user_processing to 2026-01-16 00:00:00+00:00, run_after=2026-01-17 00:00:00+00:00
[2026-01-17T08:16:11.232+0000] {processor.py:208} INFO - Processing /opt/airflow/dags/tg_user_processing.py took 0.633 seconds
[2026-01-17T08:16:41.379+0000] {processor.py:186} INFO - Started process (PID=15975) to work on /opt/airflow/dags/tg_user_processing.py
[2026-01-17T08:16:41.380+0000] {processor.py:914} INFO - Processing file /opt/airflow/dags/tg_user_processing.py for tasks to queue
[2026-01-17T08:16:41.382+0000] {logging_mixin.py:190} INFO - [2026-01-17T08:16:41.381+0000] {dagbag.py:588} INFO - Filling up the DagBag from /opt/airflow/dags/tg_user_processing.py
[2026-01-17T08:16:41.925+0000] {processor.py:925} INFO - DAG(s) 'tg_user_processing' retrieved from /opt/airflow/dags/tg_user_processing.py
[2026-01-17T08:16:41.948+0000] {logging_mixin.py:190} INFO - [2026-01-17T08:16:41.947+0000] {dag.py:3239} INFO - Sync 1 DAGs
[2026-01-17T08:16:41.975+0000] {logging_mixin.py:190} INFO - [2026-01-17T08:16:41.975+0000] {dag.py:4180} INFO - Setting next_dagrun for tg_user_processing to 2026-01-16 00:00:00+00:00, run_after=2026-01-17 00:00:00+00:00
[2026-01-17T08:16:42.005+0000] {processor.py:208} INFO - Processing /opt/airflow/dags/tg_user_processing.py took 0.637 seconds
[2026-01-17T08:17:12.203+0000] {processor.py:186} INFO - Started process (PID=15999) to work on /opt/airflow/dags/tg_user_processing.py
[2026-01-17T08:17:12.205+0000] {processor.py:914} INFO - Processing file /opt/airflow/dags/tg_user_processing.py for tasks to queue
[2026-01-17T08:17:12.208+0000] {logging_mixin.py:190} INFO - [2026-01-17T08:17:12.208+0000] {dagbag.py:588} INFO - Filling up the DagBag from /opt/airflow/dags/tg_user_processing.py
[2026-01-17T08:17:12.833+0000] {processor.py:925} INFO - DAG(s) 'tg_user_processing' retrieved from /opt/airflow/dags/tg_user_processing.py
[2026-01-17T08:17:12.860+0000] {logging_mixin.py:190} INFO - [2026-01-17T08:17:12.859+0000] {dag.py:3239} INFO - Sync 1 DAGs
[2026-01-17T08:17:12.892+0000] {logging_mixin.py:190} INFO - [2026-01-17T08:17:12.891+0000] {dag.py:4180} INFO - Setting next_dagrun for tg_user_processing to 2026-01-16 00:00:00+00:00, run_after=2026-01-17 00:00:00+00:00
[2026-01-17T08:17:12.926+0000] {processor.py:208} INFO - Processing /opt/airflow/dags/tg_user_processing.py took 0.744 seconds
[2026-01-17T08:17:43.150+0000] {processor.py:186} INFO - Started process (PID=16024) to work on /opt/airflow/dags/tg_user_processing.py
[2026-01-17T08:17:43.151+0000] {processor.py:914} INFO - Processing file /opt/airflow/dags/tg_user_processing.py for tasks to queue
[2026-01-17T08:17:43.152+0000] {logging_mixin.py:190} INFO - [2026-01-17T08:17:43.152+0000] {dagbag.py:588} INFO - Filling up the DagBag from /opt/airflow/dags/tg_user_processing.py
[2026-01-17T08:17:43.816+0000] {processor.py:925} INFO - DAG(s) 'tg_user_processing' retrieved from /opt/airflow/dags/tg_user_processing.py
[2026-01-17T08:17:43.850+0000] {logging_mixin.py:190} INFO - [2026-01-17T08:17:43.850+0000] {dag.py:3239} INFO - Sync 1 DAGs
[2026-01-17T08:17:43.883+0000] {logging_mixin.py:190} INFO - [2026-01-17T08:17:43.882+0000] {dag.py:4180} INFO - Setting next_dagrun for tg_user_processing to 2026-01-16 00:00:00+00:00, run_after=2026-01-17 00:00:00+00:00
[2026-01-17T08:17:43.920+0000] {processor.py:208} INFO - Processing /opt/airflow/dags/tg_user_processing.py took 0.778 seconds
[2026-01-17T08:18:14.159+0000] {processor.py:186} INFO - Started process (PID=16048) to work on /opt/airflow/dags/tg_user_processing.py
[2026-01-17T08:18:14.160+0000] {processor.py:914} INFO - Processing file /opt/airflow/dags/tg_user_processing.py for tasks to queue
[2026-01-17T08:18:14.163+0000] {logging_mixin.py:190} INFO - [2026-01-17T08:18:14.162+0000] {dagbag.py:588} INFO - Filling up the DagBag from /opt/airflow/dags/tg_user_processing.py
[2026-01-17T08:18:14.763+0000] {processor.py:925} INFO - DAG(s) 'tg_user_processing' retrieved from /opt/airflow/dags/tg_user_processing.py
[2026-01-17T08:18:14.786+0000] {logging_mixin.py:190} INFO - [2026-01-17T08:18:14.785+0000] {dag.py:3239} INFO - Sync 1 DAGs
[2026-01-17T08:18:14.808+0000] {logging_mixin.py:190} INFO - [2026-01-17T08:18:14.808+0000] {dag.py:4180} INFO - Setting next_dagrun for tg_user_processing to 2026-01-16 00:00:00+00:00, run_after=2026-01-17 00:00:00+00:00
[2026-01-17T08:18:14.840+0000] {processor.py:208} INFO - Processing /opt/airflow/dags/tg_user_processing.py took 0.694 seconds
[2026-01-17T08:18:45.091+0000] {processor.py:186} INFO - Started process (PID=16074) to work on /opt/airflow/dags/tg_user_processing.py
[2026-01-17T08:18:45.093+0000] {processor.py:914} INFO - Processing file /opt/airflow/dags/tg_user_processing.py for tasks to queue
[2026-01-17T08:18:45.095+0000] {logging_mixin.py:190} INFO - [2026-01-17T08:18:45.094+0000] {dagbag.py:588} INFO - Filling up the DagBag from /opt/airflow/dags/tg_user_processing.py
[2026-01-17T08:18:45.692+0000] {processor.py:925} INFO - DAG(s) 'tg_user_processing' retrieved from /opt/airflow/dags/tg_user_processing.py
[2026-01-17T08:18:45.716+0000] {logging_mixin.py:190} INFO - [2026-01-17T08:18:45.715+0000] {dag.py:3239} INFO - Sync 1 DAGs
[2026-01-17T08:18:45.738+0000] {logging_mixin.py:190} INFO - [2026-01-17T08:18:45.737+0000] {dag.py:4180} INFO - Setting next_dagrun for tg_user_processing to 2026-01-16 00:00:00+00:00, run_after=2026-01-17 00:00:00+00:00
[2026-01-17T08:18:45.758+0000] {processor.py:208} INFO - Processing /opt/airflow/dags/tg_user_processing.py took 0.678 seconds
[2026-01-17T08:19:15.913+0000] {processor.py:186} INFO - Started process (PID=16096) to work on /opt/airflow/dags/tg_user_processing.py
[2026-01-17T08:19:15.914+0000] {processor.py:914} INFO - Processing file /opt/airflow/dags/tg_user_processing.py for tasks to queue
[2026-01-17T08:19:15.916+0000] {logging_mixin.py:190} INFO - [2026-01-17T08:19:15.916+0000] {dagbag.py:588} INFO - Filling up the DagBag from /opt/airflow/dags/tg_user_processing.py
[2026-01-17T08:19:16.631+0000] {processor.py:925} INFO - DAG(s) 'tg_user_processing' retrieved from /opt/airflow/dags/tg_user_processing.py
[2026-01-17T08:19:16.669+0000] {logging_mixin.py:190} INFO - [2026-01-17T08:19:16.669+0000] {dag.py:3239} INFO - Sync 1 DAGs
[2026-01-17T08:19:16.707+0000] {logging_mixin.py:190} INFO - [2026-01-17T08:19:16.707+0000] {dag.py:4180} INFO - Setting next_dagrun for tg_user_processing to 2026-01-16 00:00:00+00:00, run_after=2026-01-17 00:00:00+00:00
[2026-01-17T08:19:16.760+0000] {processor.py:208} INFO - Processing /opt/airflow/dags/tg_user_processing.py took 0.858 seconds
[2026-01-17T08:19:46.894+0000] {processor.py:186} INFO - Started process (PID=16120) to work on /opt/airflow/dags/tg_user_processing.py
[2026-01-17T08:19:46.895+0000] {processor.py:914} INFO - Processing file /opt/airflow/dags/tg_user_processing.py for tasks to queue
[2026-01-17T08:19:46.898+0000] {logging_mixin.py:190} INFO - [2026-01-17T08:19:46.897+0000] {dagbag.py:588} INFO - Filling up the DagBag from /opt/airflow/dags/tg_user_processing.py
[2026-01-17T08:19:47.709+0000] {processor.py:925} INFO - DAG(s) 'tg_user_processing' retrieved from /opt/airflow/dags/tg_user_processing.py
[2026-01-17T08:19:47.761+0000] {logging_mixin.py:190} INFO - [2026-01-17T08:19:47.760+0000] {dag.py:3239} INFO - Sync 1 DAGs
[2026-01-17T08:19:47.806+0000] {logging_mixin.py:190} INFO - [2026-01-17T08:19:47.806+0000] {dag.py:4180} INFO - Setting next_dagrun for tg_user_processing to 2026-01-16 00:00:00+00:00, run_after=2026-01-17 00:00:00+00:00
[2026-01-17T08:19:47.854+0000] {processor.py:208} INFO - Processing /opt/airflow/dags/tg_user_processing.py took 0.971 seconds
[2026-01-17T08:20:18.146+0000] {processor.py:186} INFO - Started process (PID=16145) to work on /opt/airflow/dags/tg_user_processing.py
[2026-01-17T08:20:18.147+0000] {processor.py:914} INFO - Processing file /opt/airflow/dags/tg_user_processing.py for tasks to queue
[2026-01-17T08:20:18.149+0000] {logging_mixin.py:190} INFO - [2026-01-17T08:20:18.148+0000] {dagbag.py:588} INFO - Filling up the DagBag from /opt/airflow/dags/tg_user_processing.py
[2026-01-17T08:20:18.707+0000] {processor.py:925} INFO - DAG(s) 'tg_user_processing' retrieved from /opt/airflow/dags/tg_user_processing.py
[2026-01-17T08:20:18.728+0000] {logging_mixin.py:190} INFO - [2026-01-17T08:20:18.728+0000] {dag.py:3239} INFO - Sync 1 DAGs
[2026-01-17T08:20:18.750+0000] {logging_mixin.py:190} INFO - [2026-01-17T08:20:18.750+0000] {dag.py:4180} INFO - Setting next_dagrun for tg_user_processing to 2026-01-16 00:00:00+00:00, run_after=2026-01-17 00:00:00+00:00
[2026-01-17T08:20:18.777+0000] {processor.py:208} INFO - Processing /opt/airflow/dags/tg_user_processing.py took 0.639 seconds
[2026-01-17T08:20:48.988+0000] {processor.py:186} INFO - Started process (PID=16169) to work on /opt/airflow/dags/tg_user_processing.py
[2026-01-17T08:20:48.990+0000] {processor.py:914} INFO - Processing file /opt/airflow/dags/tg_user_processing.py for tasks to queue
[2026-01-17T08:20:48.992+0000] {logging_mixin.py:190} INFO - [2026-01-17T08:20:48.992+0000] {dagbag.py:588} INFO - Filling up the DagBag from /opt/airflow/dags/tg_user_processing.py
[2026-01-17T08:20:49.736+0000] {processor.py:925} INFO - DAG(s) 'tg_user_processing' retrieved from /opt/airflow/dags/tg_user_processing.py
[2026-01-17T08:20:49.770+0000] {logging_mixin.py:190} INFO - [2026-01-17T08:20:49.769+0000] {dag.py:3239} INFO - Sync 1 DAGs
[2026-01-17T08:20:49.808+0000] {logging_mixin.py:190} INFO - [2026-01-17T08:20:49.807+0000] {dag.py:4180} INFO - Setting next_dagrun for tg_user_processing to 2026-01-16 00:00:00+00:00, run_after=2026-01-17 00:00:00+00:00
[2026-01-17T08:20:49.848+0000] {processor.py:208} INFO - Processing /opt/airflow/dags/tg_user_processing.py took 0.873 seconds
[2026-01-17T08:21:20.136+0000] {processor.py:186} INFO - Started process (PID=16193) to work on /opt/airflow/dags/tg_user_processing.py
[2026-01-17T08:21:20.138+0000] {processor.py:914} INFO - Processing file /opt/airflow/dags/tg_user_processing.py for tasks to queue
[2026-01-17T08:21:20.140+0000] {logging_mixin.py:190} INFO - [2026-01-17T08:21:20.139+0000] {dagbag.py:588} INFO - Filling up the DagBag from /opt/airflow/dags/tg_user_processing.py
[2026-01-17T08:21:20.708+0000] {processor.py:925} INFO - DAG(s) 'tg_user_processing' retrieved from /opt/airflow/dags/tg_user_processing.py
[2026-01-17T08:21:20.733+0000] {logging_mixin.py:190} INFO - [2026-01-17T08:21:20.732+0000] {dag.py:3239} INFO - Sync 1 DAGs
[2026-01-17T08:21:20.754+0000] {logging_mixin.py:190} INFO - [2026-01-17T08:21:20.753+0000] {dag.py:4180} INFO - Setting next_dagrun for tg_user_processing to 2026-01-16 00:00:00+00:00, run_after=2026-01-17 00:00:00+00:00
[2026-01-17T08:21:20.787+0000] {processor.py:208} INFO - Processing /opt/airflow/dags/tg_user_processing.py took 0.661 seconds
[2026-01-17T08:21:51.014+0000] {processor.py:186} INFO - Started process (PID=16217) to work on /opt/airflow/dags/tg_user_processing.py
[2026-01-17T08:21:51.016+0000] {processor.py:914} INFO - Processing file /opt/airflow/dags/tg_user_processing.py for tasks to queue
[2026-01-17T08:21:51.019+0000] {logging_mixin.py:190} INFO - [2026-01-17T08:21:51.018+0000] {dagbag.py:588} INFO - Filling up the DagBag from /opt/airflow/dags/tg_user_processing.py
[2026-01-17T08:21:51.564+0000] {processor.py:925} INFO - DAG(s) 'tg_user_processing' retrieved from /opt/airflow/dags/tg_user_processing.py
[2026-01-17T08:21:51.588+0000] {logging_mixin.py:190} INFO - [2026-01-17T08:21:51.588+0000] {dag.py:3239} INFO - Sync 1 DAGs
[2026-01-17T08:21:51.607+0000] {logging_mixin.py:190} INFO - [2026-01-17T08:21:51.607+0000] {dag.py:4180} INFO - Setting next_dagrun for tg_user_processing to 2026-01-16 00:00:00+00:00, run_after=2026-01-17 00:00:00+00:00
[2026-01-17T08:21:51.646+0000] {processor.py:208} INFO - Processing /opt/airflow/dags/tg_user_processing.py took 0.648 seconds
[2026-01-17T08:22:21.983+0000] {processor.py:186} INFO - Started process (PID=16248) to work on /opt/airflow/dags/tg_user_processing.py
[2026-01-17T08:22:21.984+0000] {processor.py:914} INFO - Processing file /opt/airflow/dags/tg_user_processing.py for tasks to queue
[2026-01-17T08:22:21.986+0000] {logging_mixin.py:190} INFO - [2026-01-17T08:22:21.986+0000] {dagbag.py:588} INFO - Filling up the DagBag from /opt/airflow/dags/tg_user_processing.py
[2026-01-17T08:22:22.710+0000] {processor.py:925} INFO - DAG(s) 'tg_user_processing' retrieved from /opt/airflow/dags/tg_user_processing.py
[2026-01-17T08:22:22.739+0000] {logging_mixin.py:190} INFO - [2026-01-17T08:22:22.739+0000] {dag.py:3239} INFO - Sync 1 DAGs
[2026-01-17T08:22:22.771+0000] {logging_mixin.py:190} INFO - [2026-01-17T08:22:22.771+0000] {dag.py:4180} INFO - Setting next_dagrun for tg_user_processing to 2026-01-16 00:00:00+00:00, run_after=2026-01-17 00:00:00+00:00
[2026-01-17T08:22:22.810+0000] {processor.py:208} INFO - Processing /opt/airflow/dags/tg_user_processing.py took 0.835 seconds
[2026-01-17T08:22:53.055+0000] {processor.py:186} INFO - Started process (PID=16272) to work on /opt/airflow/dags/tg_user_processing.py
[2026-01-17T08:22:53.056+0000] {processor.py:914} INFO - Processing file /opt/airflow/dags/tg_user_processing.py for tasks to queue
[2026-01-17T08:22:53.057+0000] {logging_mixin.py:190} INFO - [2026-01-17T08:22:53.057+0000] {dagbag.py:588} INFO - Filling up the DagBag from /opt/airflow/dags/tg_user_processing.py
[2026-01-17T08:22:53.680+0000] {processor.py:925} INFO - DAG(s) 'tg_user_processing' retrieved from /opt/airflow/dags/tg_user_processing.py
[2026-01-17T08:22:53.703+0000] {logging_mixin.py:190} INFO - [2026-01-17T08:22:53.702+0000] {dag.py:3239} INFO - Sync 1 DAGs
[2026-01-17T08:22:53.731+0000] {logging_mixin.py:190} INFO - [2026-01-17T08:22:53.730+0000] {dag.py:4180} INFO - Setting next_dagrun for tg_user_processing to 2026-01-16 00:00:00+00:00, run_after=2026-01-17 00:00:00+00:00
[2026-01-17T08:22:53.771+0000] {processor.py:208} INFO - Processing /opt/airflow/dags/tg_user_processing.py took 0.726 seconds
[2026-01-17T08:23:23.980+0000] {processor.py:186} INFO - Started process (PID=16296) to work on /opt/airflow/dags/tg_user_processing.py
[2026-01-17T08:23:23.982+0000] {processor.py:914} INFO - Processing file /opt/airflow/dags/tg_user_processing.py for tasks to queue
[2026-01-17T08:23:23.984+0000] {logging_mixin.py:190} INFO - [2026-01-17T08:23:23.984+0000] {dagbag.py:588} INFO - Filling up the DagBag from /opt/airflow/dags/tg_user_processing.py
[2026-01-17T08:23:24.529+0000] {processor.py:925} INFO - DAG(s) 'tg_user_processing' retrieved from /opt/airflow/dags/tg_user_processing.py
[2026-01-17T08:23:24.552+0000] {logging_mixin.py:190} INFO - [2026-01-17T08:23:24.552+0000] {dag.py:3239} INFO - Sync 1 DAGs
[2026-01-17T08:23:24.575+0000] {logging_mixin.py:190} INFO - [2026-01-17T08:23:24.574+0000] {dag.py:4180} INFO - Setting next_dagrun for tg_user_processing to 2026-01-16 00:00:00+00:00, run_after=2026-01-17 00:00:00+00:00
[2026-01-17T08:23:24.612+0000] {processor.py:208} INFO - Processing /opt/airflow/dags/tg_user_processing.py took 0.646 seconds
[2026-01-17T08:23:55.071+0000] {processor.py:186} INFO - Started process (PID=16320) to work on /opt/airflow/dags/tg_user_processing.py
[2026-01-17T08:23:55.072+0000] {processor.py:914} INFO - Processing file /opt/airflow/dags/tg_user_processing.py for tasks to queue
[2026-01-17T08:23:55.074+0000] {logging_mixin.py:190} INFO - [2026-01-17T08:23:55.073+0000] {dagbag.py:588} INFO - Filling up the DagBag from /opt/airflow/dags/tg_user_processing.py
[2026-01-17T08:23:55.632+0000] {processor.py:925} INFO - DAG(s) 'tg_user_processing' retrieved from /opt/airflow/dags/tg_user_processing.py
[2026-01-17T08:23:55.656+0000] {logging_mixin.py:190} INFO - [2026-01-17T08:23:55.655+0000] {dag.py:3239} INFO - Sync 1 DAGs
[2026-01-17T08:23:55.676+0000] {logging_mixin.py:190} INFO - [2026-01-17T08:23:55.676+0000] {dag.py:4180} INFO - Setting next_dagrun for tg_user_processing to 2026-01-16 00:00:00+00:00, run_after=2026-01-17 00:00:00+00:00
[2026-01-17T08:23:55.712+0000] {processor.py:208} INFO - Processing /opt/airflow/dags/tg_user_processing.py took 0.651 seconds
[2026-01-17T08:24:25.838+0000] {processor.py:186} INFO - Started process (PID=16344) to work on /opt/airflow/dags/tg_user_processing.py
[2026-01-17T08:24:25.839+0000] {processor.py:914} INFO - Processing file /opt/airflow/dags/tg_user_processing.py for tasks to queue
[2026-01-17T08:24:25.841+0000] {logging_mixin.py:190} INFO - [2026-01-17T08:24:25.841+0000] {dagbag.py:588} INFO - Filling up the DagBag from /opt/airflow/dags/tg_user_processing.py
[2026-01-17T08:24:26.354+0000] {processor.py:925} INFO - DAG(s) 'tg_user_processing' retrieved from /opt/airflow/dags/tg_user_processing.py
[2026-01-17T08:24:26.383+0000] {logging_mixin.py:190} INFO - [2026-01-17T08:24:26.382+0000] {dag.py:3239} INFO - Sync 1 DAGs
[2026-01-17T08:24:26.414+0000] {logging_mixin.py:190} INFO - [2026-01-17T08:24:26.414+0000] {dag.py:4180} INFO - Setting next_dagrun for tg_user_processing to 2026-01-16 00:00:00+00:00, run_after=2026-01-17 00:00:00+00:00
[2026-01-17T08:24:26.448+0000] {processor.py:208} INFO - Processing /opt/airflow/dags/tg_user_processing.py took 0.622 seconds
[2026-01-17T08:24:56.738+0000] {processor.py:186} INFO - Started process (PID=16368) to work on /opt/airflow/dags/tg_user_processing.py
[2026-01-17T08:24:56.740+0000] {processor.py:914} INFO - Processing file /opt/airflow/dags/tg_user_processing.py for tasks to queue
[2026-01-17T08:24:56.742+0000] {logging_mixin.py:190} INFO - [2026-01-17T08:24:56.741+0000] {dagbag.py:588} INFO - Filling up the DagBag from /opt/airflow/dags/tg_user_processing.py
[2026-01-17T08:24:57.299+0000] {processor.py:925} INFO - DAG(s) 'tg_user_processing' retrieved from /opt/airflow/dags/tg_user_processing.py
[2026-01-17T08:24:57.324+0000] {logging_mixin.py:190} INFO - [2026-01-17T08:24:57.324+0000] {dag.py:3239} INFO - Sync 1 DAGs
[2026-01-17T08:24:57.354+0000] {logging_mixin.py:190} INFO - [2026-01-17T08:24:57.354+0000] {dag.py:4180} INFO - Setting next_dagrun for tg_user_processing to 2026-01-16 00:00:00+00:00, run_after=2026-01-17 00:00:00+00:00
[2026-01-17T08:24:57.380+0000] {processor.py:208} INFO - Processing /opt/airflow/dags/tg_user_processing.py took 0.657 seconds
[2026-01-17T08:25:27.491+0000] {processor.py:186} INFO - Started process (PID=16392) to work on /opt/airflow/dags/tg_user_processing.py
[2026-01-17T08:25:27.492+0000] {processor.py:914} INFO - Processing file /opt/airflow/dags/tg_user_processing.py for tasks to queue
[2026-01-17T08:25:27.494+0000] {logging_mixin.py:190} INFO - [2026-01-17T08:25:27.493+0000] {dagbag.py:588} INFO - Filling up the DagBag from /opt/airflow/dags/tg_user_processing.py
[2026-01-17T08:25:28.060+0000] {processor.py:925} INFO - DAG(s) 'tg_user_processing' retrieved from /opt/airflow/dags/tg_user_processing.py
[2026-01-17T08:25:28.085+0000] {logging_mixin.py:190} INFO - [2026-01-17T08:25:28.084+0000] {dag.py:3239} INFO - Sync 1 DAGs
[2026-01-17T08:25:28.115+0000] {logging_mixin.py:190} INFO - [2026-01-17T08:25:28.115+0000] {dag.py:4180} INFO - Setting next_dagrun for tg_user_processing to 2026-01-16 00:00:00+00:00, run_after=2026-01-17 00:00:00+00:00
[2026-01-17T08:25:28.156+0000] {processor.py:208} INFO - Processing /opt/airflow/dags/tg_user_processing.py took 0.674 seconds
[2026-01-17T08:25:58.456+0000] {processor.py:186} INFO - Started process (PID=16416) to work on /opt/airflow/dags/tg_user_processing.py
[2026-01-17T08:25:58.457+0000] {processor.py:914} INFO - Processing file /opt/airflow/dags/tg_user_processing.py for tasks to queue
[2026-01-17T08:25:58.460+0000] {logging_mixin.py:190} INFO - [2026-01-17T08:25:58.459+0000] {dagbag.py:588} INFO - Filling up the DagBag from /opt/airflow/dags/tg_user_processing.py
[2026-01-17T08:25:59.024+0000] {processor.py:925} INFO - DAG(s) 'tg_user_processing' retrieved from /opt/airflow/dags/tg_user_processing.py
[2026-01-17T08:25:59.052+0000] {logging_mixin.py:190} INFO - [2026-01-17T08:25:59.052+0000] {dag.py:3239} INFO - Sync 1 DAGs
[2026-01-17T08:25:59.078+0000] {logging_mixin.py:190} INFO - [2026-01-17T08:25:59.078+0000] {dag.py:4180} INFO - Setting next_dagrun for tg_user_processing to 2026-01-16 00:00:00+00:00, run_after=2026-01-17 00:00:00+00:00
[2026-01-17T08:25:59.111+0000] {processor.py:208} INFO - Processing /opt/airflow/dags/tg_user_processing.py took 0.671 seconds
[2026-01-17T08:26:29.324+0000] {processor.py:186} INFO - Started process (PID=16440) to work on /opt/airflow/dags/tg_user_processing.py
[2026-01-17T08:26:29.326+0000] {processor.py:914} INFO - Processing file /opt/airflow/dags/tg_user_processing.py for tasks to queue
[2026-01-17T08:26:29.327+0000] {logging_mixin.py:190} INFO - [2026-01-17T08:26:29.327+0000] {dagbag.py:588} INFO - Filling up the DagBag from /opt/airflow/dags/tg_user_processing.py
[2026-01-17T08:26:29.826+0000] {processor.py:925} INFO - DAG(s) 'tg_user_processing' retrieved from /opt/airflow/dags/tg_user_processing.py
[2026-01-17T08:26:29.851+0000] {logging_mixin.py:190} INFO - [2026-01-17T08:26:29.850+0000] {dag.py:3239} INFO - Sync 1 DAGs
[2026-01-17T08:26:29.871+0000] {logging_mixin.py:190} INFO - [2026-01-17T08:26:29.871+0000] {dag.py:4180} INFO - Setting next_dagrun for tg_user_processing to 2026-01-16 00:00:00+00:00, run_after=2026-01-17 00:00:00+00:00
[2026-01-17T08:26:29.905+0000] {processor.py:208} INFO - Processing /opt/airflow/dags/tg_user_processing.py took 0.589 seconds
[2026-01-17T08:27:00.932+0000] {processor.py:186} INFO - Started process (PID=16464) to work on /opt/airflow/dags/tg_user_processing.py
[2026-01-17T08:27:00.934+0000] {processor.py:914} INFO - Processing file /opt/airflow/dags/tg_user_processing.py for tasks to queue
[2026-01-17T08:27:00.936+0000] {logging_mixin.py:190} INFO - [2026-01-17T08:27:00.936+0000] {dagbag.py:588} INFO - Filling up the DagBag from /opt/airflow/dags/tg_user_processing.py
[2026-01-17T08:27:01.564+0000] {processor.py:925} INFO - DAG(s) 'tg_user_processing' retrieved from /opt/airflow/dags/tg_user_processing.py
[2026-01-17T08:27:01.592+0000] {logging_mixin.py:190} INFO - [2026-01-17T08:27:01.592+0000] {dag.py:3239} INFO - Sync 1 DAGs
[2026-01-17T08:27:01.617+0000] {logging_mixin.py:190} INFO - [2026-01-17T08:27:01.617+0000] {dag.py:4180} INFO - Setting next_dagrun for tg_user_processing to 2026-01-16 00:00:00+00:00, run_after=2026-01-17 00:00:00+00:00
[2026-01-17T08:27:01.641+0000] {processor.py:208} INFO - Processing /opt/airflow/dags/tg_user_processing.py took 0.723 seconds
[2026-01-17T08:27:32.049+0000] {processor.py:186} INFO - Started process (PID=16488) to work on /opt/airflow/dags/tg_user_processing.py
[2026-01-17T08:27:32.051+0000] {processor.py:914} INFO - Processing file /opt/airflow/dags/tg_user_processing.py for tasks to queue
[2026-01-17T08:27:32.052+0000] {logging_mixin.py:190} INFO - [2026-01-17T08:27:32.052+0000] {dagbag.py:588} INFO - Filling up the DagBag from /opt/airflow/dags/tg_user_processing.py
[2026-01-17T08:27:32.578+0000] {processor.py:925} INFO - DAG(s) 'tg_user_processing' retrieved from /opt/airflow/dags/tg_user_processing.py
[2026-01-17T08:27:32.602+0000] {logging_mixin.py:190} INFO - [2026-01-17T08:27:32.601+0000] {dag.py:3239} INFO - Sync 1 DAGs
[2026-01-17T08:27:32.626+0000] {logging_mixin.py:190} INFO - [2026-01-17T08:27:32.625+0000] {dag.py:4180} INFO - Setting next_dagrun for tg_user_processing to 2026-01-16 00:00:00+00:00, run_after=2026-01-17 00:00:00+00:00
[2026-01-17T08:27:32.658+0000] {processor.py:208} INFO - Processing /opt/airflow/dags/tg_user_processing.py took 0.623 seconds
[2026-01-17T08:28:02.882+0000] {processor.py:186} INFO - Started process (PID=16513) to work on /opt/airflow/dags/tg_user_processing.py
[2026-01-17T08:28:02.884+0000] {processor.py:914} INFO - Processing file /opt/airflow/dags/tg_user_processing.py for tasks to queue
[2026-01-17T08:28:02.886+0000] {logging_mixin.py:190} INFO - [2026-01-17T08:28:02.885+0000] {dagbag.py:588} INFO - Filling up the DagBag from /opt/airflow/dags/tg_user_processing.py
[2026-01-17T08:28:03.424+0000] {processor.py:925} INFO - DAG(s) 'tg_user_processing' retrieved from /opt/airflow/dags/tg_user_processing.py
[2026-01-17T08:28:03.452+0000] {logging_mixin.py:190} INFO - [2026-01-17T08:28:03.452+0000] {dag.py:3239} INFO - Sync 1 DAGs
[2026-01-17T08:28:03.480+0000] {logging_mixin.py:190} INFO - [2026-01-17T08:28:03.480+0000] {dag.py:4180} INFO - Setting next_dagrun for tg_user_processing to 2026-01-16 00:00:00+00:00, run_after=2026-01-17 00:00:00+00:00
[2026-01-17T08:28:03.511+0000] {processor.py:208} INFO - Processing /opt/airflow/dags/tg_user_processing.py took 0.644 seconds
[2026-01-17T08:28:33.976+0000] {processor.py:186} INFO - Started process (PID=16537) to work on /opt/airflow/dags/tg_user_processing.py
[2026-01-17T08:28:33.978+0000] {processor.py:914} INFO - Processing file /opt/airflow/dags/tg_user_processing.py for tasks to queue
[2026-01-17T08:28:33.980+0000] {logging_mixin.py:190} INFO - [2026-01-17T08:28:33.979+0000] {dagbag.py:588} INFO - Filling up the DagBag from /opt/airflow/dags/tg_user_processing.py
[2026-01-17T08:28:34.527+0000] {processor.py:925} INFO - DAG(s) 'tg_user_processing' retrieved from /opt/airflow/dags/tg_user_processing.py
[2026-01-17T08:28:34.549+0000] {logging_mixin.py:190} INFO - [2026-01-17T08:28:34.549+0000] {dag.py:3239} INFO - Sync 1 DAGs
[2026-01-17T08:28:34.570+0000] {logging_mixin.py:190} INFO - [2026-01-17T08:28:34.569+0000] {dag.py:4180} INFO - Setting next_dagrun for tg_user_processing to 2026-01-16 00:00:00+00:00, run_after=2026-01-17 00:00:00+00:00
[2026-01-17T08:28:34.604+0000] {processor.py:208} INFO - Processing /opt/airflow/dags/tg_user_processing.py took 0.637 seconds
[2026-01-17T08:29:05.188+0000] {processor.py:186} INFO - Started process (PID=16561) to work on /opt/airflow/dags/tg_user_processing.py
[2026-01-17T08:29:05.190+0000] {processor.py:914} INFO - Processing file /opt/airflow/dags/tg_user_processing.py for tasks to queue
[2026-01-17T08:29:05.192+0000] {logging_mixin.py:190} INFO - [2026-01-17T08:29:05.191+0000] {dagbag.py:588} INFO - Filling up the DagBag from /opt/airflow/dags/tg_user_processing.py
[2026-01-17T08:29:05.718+0000] {processor.py:925} INFO - DAG(s) 'tg_user_processing' retrieved from /opt/airflow/dags/tg_user_processing.py
[2026-01-17T08:29:05.744+0000] {logging_mixin.py:190} INFO - [2026-01-17T08:29:05.744+0000] {dag.py:3239} INFO - Sync 1 DAGs
[2026-01-17T08:29:05.773+0000] {logging_mixin.py:190} INFO - [2026-01-17T08:29:05.773+0000] {dag.py:4180} INFO - Setting next_dagrun for tg_user_processing to 2026-01-16 00:00:00+00:00, run_after=2026-01-17 00:00:00+00:00
[2026-01-17T08:29:05.797+0000] {processor.py:208} INFO - Processing /opt/airflow/dags/tg_user_processing.py took 0.631 seconds
[2026-01-17T08:29:36.096+0000] {processor.py:186} INFO - Started process (PID=16585) to work on /opt/airflow/dags/tg_user_processing.py
[2026-01-17T08:29:36.098+0000] {processor.py:914} INFO - Processing file /opt/airflow/dags/tg_user_processing.py for tasks to queue
[2026-01-17T08:29:36.101+0000] {logging_mixin.py:190} INFO - [2026-01-17T08:29:36.101+0000] {dagbag.py:588} INFO - Filling up the DagBag from /opt/airflow/dags/tg_user_processing.py
[2026-01-17T08:29:36.691+0000] {processor.py:925} INFO - DAG(s) 'tg_user_processing' retrieved from /opt/airflow/dags/tg_user_processing.py
[2026-01-17T08:29:36.716+0000] {logging_mixin.py:190} INFO - [2026-01-17T08:29:36.716+0000] {dag.py:3239} INFO - Sync 1 DAGs
[2026-01-17T08:29:36.749+0000] {logging_mixin.py:190} INFO - [2026-01-17T08:29:36.749+0000] {dag.py:4180} INFO - Setting next_dagrun for tg_user_processing to 2026-01-16 00:00:00+00:00, run_after=2026-01-17 00:00:00+00:00
[2026-01-17T08:29:36.789+0000] {processor.py:208} INFO - Processing /opt/airflow/dags/tg_user_processing.py took 0.711 seconds
[2026-01-17T08:30:07.085+0000] {processor.py:186} INFO - Started process (PID=16609) to work on /opt/airflow/dags/tg_user_processing.py
[2026-01-17T08:30:07.096+0000] {processor.py:914} INFO - Processing file /opt/airflow/dags/tg_user_processing.py for tasks to queue
[2026-01-17T08:30:07.098+0000] {logging_mixin.py:190} INFO - [2026-01-17T08:30:07.097+0000] {dagbag.py:588} INFO - Filling up the DagBag from /opt/airflow/dags/tg_user_processing.py
[2026-01-17T08:30:07.660+0000] {processor.py:925} INFO - DAG(s) 'tg_user_processing' retrieved from /opt/airflow/dags/tg_user_processing.py
[2026-01-17T08:30:07.686+0000] {logging_mixin.py:190} INFO - [2026-01-17T08:30:07.685+0000] {dag.py:3239} INFO - Sync 1 DAGs
[2026-01-17T08:30:07.709+0000] {logging_mixin.py:190} INFO - [2026-01-17T08:30:07.709+0000] {dag.py:4180} INFO - Setting next_dagrun for tg_user_processing to 2026-01-16 00:00:00+00:00, run_after=2026-01-17 00:00:00+00:00
[2026-01-17T08:30:07.740+0000] {processor.py:208} INFO - Processing /opt/airflow/dags/tg_user_processing.py took 0.672 seconds
[2026-01-17T08:30:38.256+0000] {processor.py:186} INFO - Started process (PID=16633) to work on /opt/airflow/dags/tg_user_processing.py
[2026-01-17T08:30:38.258+0000] {processor.py:914} INFO - Processing file /opt/airflow/dags/tg_user_processing.py for tasks to queue
[2026-01-17T08:30:38.260+0000] {logging_mixin.py:190} INFO - [2026-01-17T08:30:38.259+0000] {dagbag.py:588} INFO - Filling up the DagBag from /opt/airflow/dags/tg_user_processing.py
[2026-01-17T08:30:38.906+0000] {processor.py:925} INFO - DAG(s) 'tg_user_processing' retrieved from /opt/airflow/dags/tg_user_processing.py
[2026-01-17T08:30:38.928+0000] {logging_mixin.py:190} INFO - [2026-01-17T08:30:38.928+0000] {dag.py:3239} INFO - Sync 1 DAGs
[2026-01-17T08:30:38.952+0000] {logging_mixin.py:190} INFO - [2026-01-17T08:30:38.952+0000] {dag.py:4180} INFO - Setting next_dagrun for tg_user_processing to 2026-01-16 00:00:00+00:00, run_after=2026-01-17 00:00:00+00:00
[2026-01-17T08:30:38.989+0000] {processor.py:208} INFO - Processing /opt/airflow/dags/tg_user_processing.py took 0.745 seconds
[2026-01-17T08:31:09.134+0000] {processor.py:186} INFO - Started process (PID=16656) to work on /opt/airflow/dags/tg_user_processing.py
[2026-01-17T08:31:09.136+0000] {processor.py:914} INFO - Processing file /opt/airflow/dags/tg_user_processing.py for tasks to queue
[2026-01-17T08:31:09.138+0000] {logging_mixin.py:190} INFO - [2026-01-17T08:31:09.138+0000] {dagbag.py:588} INFO - Filling up the DagBag from /opt/airflow/dags/tg_user_processing.py
[2026-01-17T08:31:09.918+0000] {processor.py:925} INFO - DAG(s) 'tg_user_processing' retrieved from /opt/airflow/dags/tg_user_processing.py
[2026-01-17T08:31:09.963+0000] {logging_mixin.py:190} INFO - [2026-01-17T08:31:09.962+0000] {dag.py:3239} INFO - Sync 1 DAGs
[2026-01-17T08:31:10.012+0000] {logging_mixin.py:190} INFO - [2026-01-17T08:31:10.012+0000] {dag.py:4180} INFO - Setting next_dagrun for tg_user_processing to 2026-01-16 00:00:00+00:00, run_after=2026-01-17 00:00:00+00:00
[2026-01-17T08:31:10.066+0000] {processor.py:208} INFO - Processing /opt/airflow/dags/tg_user_processing.py took 0.942 seconds
[2026-01-17T08:31:40.344+0000] {processor.py:186} INFO - Started process (PID=16680) to work on /opt/airflow/dags/tg_user_processing.py
[2026-01-17T08:31:40.345+0000] {processor.py:914} INFO - Processing file /opt/airflow/dags/tg_user_processing.py for tasks to queue
[2026-01-17T08:31:40.347+0000] {logging_mixin.py:190} INFO - [2026-01-17T08:31:40.347+0000] {dagbag.py:588} INFO - Filling up the DagBag from /opt/airflow/dags/tg_user_processing.py
[2026-01-17T08:31:41.071+0000] {processor.py:925} INFO - DAG(s) 'tg_user_processing' retrieved from /opt/airflow/dags/tg_user_processing.py
[2026-01-17T08:31:41.101+0000] {logging_mixin.py:190} INFO - [2026-01-17T08:31:41.100+0000] {dag.py:3239} INFO - Sync 1 DAGs
[2026-01-17T08:31:41.126+0000] {logging_mixin.py:190} INFO - [2026-01-17T08:31:41.126+0000] {dag.py:4180} INFO - Setting next_dagrun for tg_user_processing to 2026-01-16 00:00:00+00:00, run_after=2026-01-17 00:00:00+00:00
[2026-01-17T08:31:41.156+0000] {processor.py:208} INFO - Processing /opt/airflow/dags/tg_user_processing.py took 0.823 seconds
[2026-01-17T08:32:11.889+0000] {processor.py:186} INFO - Started process (PID=16704) to work on /opt/airflow/dags/tg_user_processing.py
[2026-01-17T08:32:11.890+0000] {processor.py:914} INFO - Processing file /opt/airflow/dags/tg_user_processing.py for tasks to queue
[2026-01-17T08:32:11.892+0000] {logging_mixin.py:190} INFO - [2026-01-17T08:32:11.891+0000] {dagbag.py:588} INFO - Filling up the DagBag from /opt/airflow/dags/tg_user_processing.py
[2026-01-17T08:32:12.525+0000] {processor.py:925} INFO - DAG(s) 'tg_user_processing' retrieved from /opt/airflow/dags/tg_user_processing.py
[2026-01-17T08:32:12.553+0000] {logging_mixin.py:190} INFO - [2026-01-17T08:32:12.552+0000] {dag.py:3239} INFO - Sync 1 DAGs
[2026-01-17T08:32:12.584+0000] {logging_mixin.py:190} INFO - [2026-01-17T08:32:12.583+0000] {dag.py:4180} INFO - Setting next_dagrun for tg_user_processing to 2026-01-16 00:00:00+00:00, run_after=2026-01-17 00:00:00+00:00
[2026-01-17T08:32:12.615+0000] {processor.py:208} INFO - Processing /opt/airflow/dags/tg_user_processing.py took 0.736 seconds
[2026-01-17T08:32:43.125+0000] {processor.py:186} INFO - Started process (PID=16728) to work on /opt/airflow/dags/tg_user_processing.py
[2026-01-17T08:32:43.127+0000] {processor.py:914} INFO - Processing file /opt/airflow/dags/tg_user_processing.py for tasks to queue
[2026-01-17T08:32:43.129+0000] {logging_mixin.py:190} INFO - [2026-01-17T08:32:43.128+0000] {dagbag.py:588} INFO - Filling up the DagBag from /opt/airflow/dags/tg_user_processing.py
[2026-01-17T08:32:44.158+0000] {processor.py:925} INFO - DAG(s) 'tg_user_processing' retrieved from /opt/airflow/dags/tg_user_processing.py
[2026-01-17T08:32:44.216+0000] {logging_mixin.py:190} INFO - [2026-01-17T08:32:44.216+0000] {dag.py:3239} INFO - Sync 1 DAGs
[2026-01-17T08:32:44.270+0000] {logging_mixin.py:190} INFO - [2026-01-17T08:32:44.269+0000] {dag.py:4180} INFO - Setting next_dagrun for tg_user_processing to 2026-01-16 00:00:00+00:00, run_after=2026-01-17 00:00:00+00:00
[2026-01-17T08:32:44.341+0000] {processor.py:208} INFO - Processing /opt/airflow/dags/tg_user_processing.py took 1.227 seconds
[2026-01-17T08:33:14.995+0000] {processor.py:186} INFO - Started process (PID=16752) to work on /opt/airflow/dags/tg_user_processing.py
[2026-01-17T08:33:14.997+0000] {processor.py:914} INFO - Processing file /opt/airflow/dags/tg_user_processing.py for tasks to queue
[2026-01-17T08:33:15.000+0000] {logging_mixin.py:190} INFO - [2026-01-17T08:33:14.999+0000] {dagbag.py:588} INFO - Filling up the DagBag from /opt/airflow/dags/tg_user_processing.py
[2026-01-17T08:33:15.713+0000] {processor.py:925} INFO - DAG(s) 'tg_user_processing' retrieved from /opt/airflow/dags/tg_user_processing.py
[2026-01-17T08:33:15.747+0000] {logging_mixin.py:190} INFO - [2026-01-17T08:33:15.746+0000] {dag.py:3239} INFO - Sync 1 DAGs
[2026-01-17T08:33:15.777+0000] {logging_mixin.py:190} INFO - [2026-01-17T08:33:15.777+0000] {dag.py:4180} INFO - Setting next_dagrun for tg_user_processing to 2026-01-16 00:00:00+00:00, run_after=2026-01-17 00:00:00+00:00
[2026-01-17T08:33:15.809+0000] {processor.py:208} INFO - Processing /opt/airflow/dags/tg_user_processing.py took 0.826 seconds
[2026-01-17T08:33:46.297+0000] {processor.py:186} INFO - Started process (PID=16776) to work on /opt/airflow/dags/tg_user_processing.py
[2026-01-17T08:33:46.298+0000] {processor.py:914} INFO - Processing file /opt/airflow/dags/tg_user_processing.py for tasks to queue
[2026-01-17T08:33:46.300+0000] {logging_mixin.py:190} INFO - [2026-01-17T08:33:46.300+0000] {dagbag.py:588} INFO - Filling up the DagBag from /opt/airflow/dags/tg_user_processing.py
[2026-01-17T08:33:47.079+0000] {processor.py:925} INFO - DAG(s) 'tg_user_processing' retrieved from /opt/airflow/dags/tg_user_processing.py
[2026-01-17T08:33:47.116+0000] {logging_mixin.py:190} INFO - [2026-01-17T08:33:47.115+0000] {dag.py:3239} INFO - Sync 1 DAGs
[2026-01-17T08:33:47.148+0000] {logging_mixin.py:190} INFO - [2026-01-17T08:33:47.148+0000] {dag.py:4180} INFO - Setting next_dagrun for tg_user_processing to 2026-01-16 00:00:00+00:00, run_after=2026-01-17 00:00:00+00:00
[2026-01-17T08:33:47.192+0000] {processor.py:208} INFO - Processing /opt/airflow/dags/tg_user_processing.py took 0.905 seconds
[2026-01-17T08:34:17.757+0000] {processor.py:186} INFO - Started process (PID=16800) to work on /opt/airflow/dags/tg_user_processing.py
[2026-01-17T08:34:17.759+0000] {processor.py:914} INFO - Processing file /opt/airflow/dags/tg_user_processing.py for tasks to queue
[2026-01-17T08:34:17.760+0000] {logging_mixin.py:190} INFO - [2026-01-17T08:34:17.760+0000] {dagbag.py:588} INFO - Filling up the DagBag from /opt/airflow/dags/tg_user_processing.py
[2026-01-17T08:34:18.503+0000] {processor.py:925} INFO - DAG(s) 'tg_user_processing' retrieved from /opt/airflow/dags/tg_user_processing.py
[2026-01-17T08:34:18.534+0000] {logging_mixin.py:190} INFO - [2026-01-17T08:34:18.533+0000] {dag.py:3239} INFO - Sync 1 DAGs
[2026-01-17T08:34:18.570+0000] {logging_mixin.py:190} INFO - [2026-01-17T08:34:18.569+0000] {dag.py:4180} INFO - Setting next_dagrun for tg_user_processing to 2026-01-16 00:00:00+00:00, run_after=2026-01-17 00:00:00+00:00
[2026-01-17T08:34:18.600+0000] {processor.py:208} INFO - Processing /opt/airflow/dags/tg_user_processing.py took 0.853 seconds
[2026-01-17T08:34:48.697+0000] {processor.py:186} INFO - Started process (PID=16825) to work on /opt/airflow/dags/tg_user_processing.py
[2026-01-17T08:34:48.699+0000] {processor.py:914} INFO - Processing file /opt/airflow/dags/tg_user_processing.py for tasks to queue
[2026-01-17T08:34:48.702+0000] {logging_mixin.py:190} INFO - [2026-01-17T08:34:48.701+0000] {dagbag.py:588} INFO - Filling up the DagBag from /opt/airflow/dags/tg_user_processing.py
[2026-01-17T08:34:49.543+0000] {processor.py:925} INFO - DAG(s) 'tg_user_processing' retrieved from /opt/airflow/dags/tg_user_processing.py
[2026-01-17T08:34:49.584+0000] {logging_mixin.py:190} INFO - [2026-01-17T08:34:49.584+0000] {dag.py:3239} INFO - Sync 1 DAGs
[2026-01-17T08:34:49.631+0000] {logging_mixin.py:190} INFO - [2026-01-17T08:34:49.631+0000] {dag.py:4180} INFO - Setting next_dagrun for tg_user_processing to 2026-01-16 00:00:00+00:00, run_after=2026-01-17 00:00:00+00:00
[2026-01-17T08:34:49.675+0000] {processor.py:208} INFO - Processing /opt/airflow/dags/tg_user_processing.py took 0.993 seconds
[2026-01-17T08:35:19.969+0000] {processor.py:186} INFO - Started process (PID=16849) to work on /opt/airflow/dags/tg_user_processing.py
[2026-01-17T08:35:19.970+0000] {processor.py:914} INFO - Processing file /opt/airflow/dags/tg_user_processing.py for tasks to queue
[2026-01-17T08:35:19.972+0000] {logging_mixin.py:190} INFO - [2026-01-17T08:35:19.972+0000] {dagbag.py:588} INFO - Filling up the DagBag from /opt/airflow/dags/tg_user_processing.py
[2026-01-17T08:35:20.750+0000] {processor.py:925} INFO - DAG(s) 'tg_user_processing' retrieved from /opt/airflow/dags/tg_user_processing.py
[2026-01-17T08:35:20.780+0000] {logging_mixin.py:190} INFO - [2026-01-17T08:35:20.779+0000] {dag.py:3239} INFO - Sync 1 DAGs
[2026-01-17T08:35:20.812+0000] {logging_mixin.py:190} INFO - [2026-01-17T08:35:20.811+0000] {dag.py:4180} INFO - Setting next_dagrun for tg_user_processing to 2026-01-16 00:00:00+00:00, run_after=2026-01-17 00:00:00+00:00
[2026-01-17T08:35:20.842+0000] {processor.py:208} INFO - Processing /opt/airflow/dags/tg_user_processing.py took 0.884 seconds
[2026-01-17T08:35:51.745+0000] {processor.py:186} INFO - Started process (PID=16873) to work on /opt/airflow/dags/tg_user_processing.py
[2026-01-17T08:35:51.747+0000] {processor.py:914} INFO - Processing file /opt/airflow/dags/tg_user_processing.py for tasks to queue
[2026-01-17T08:35:51.749+0000] {logging_mixin.py:190} INFO - [2026-01-17T08:35:51.748+0000] {dagbag.py:588} INFO - Filling up the DagBag from /opt/airflow/dags/tg_user_processing.py
[2026-01-17T08:35:52.679+0000] {processor.py:925} INFO - DAG(s) 'tg_user_processing' retrieved from /opt/airflow/dags/tg_user_processing.py
[2026-01-17T08:35:52.725+0000] {logging_mixin.py:190} INFO - [2026-01-17T08:35:52.724+0000] {dag.py:3239} INFO - Sync 1 DAGs
[2026-01-17T08:35:52.771+0000] {logging_mixin.py:190} INFO - [2026-01-17T08:35:52.771+0000] {dag.py:4180} INFO - Setting next_dagrun for tg_user_processing to 2026-01-16 00:00:00+00:00, run_after=2026-01-17 00:00:00+00:00
[2026-01-17T08:35:52.819+0000] {processor.py:208} INFO - Processing /opt/airflow/dags/tg_user_processing.py took 1.087 seconds
[2026-01-17T08:36:23.490+0000] {processor.py:186} INFO - Started process (PID=16897) to work on /opt/airflow/dags/tg_user_processing.py
[2026-01-17T08:36:23.491+0000] {processor.py:914} INFO - Processing file /opt/airflow/dags/tg_user_processing.py for tasks to queue
[2026-01-17T08:36:23.492+0000] {logging_mixin.py:190} INFO - [2026-01-17T08:36:23.492+0000] {dagbag.py:588} INFO - Filling up the DagBag from /opt/airflow/dags/tg_user_processing.py
[2026-01-17T08:36:24.265+0000] {processor.py:925} INFO - DAG(s) 'tg_user_processing' retrieved from /opt/airflow/dags/tg_user_processing.py
[2026-01-17T08:36:24.310+0000] {logging_mixin.py:190} INFO - [2026-01-17T08:36:24.309+0000] {dag.py:3239} INFO - Sync 1 DAGs
[2026-01-17T08:36:24.356+0000] {logging_mixin.py:190} INFO - [2026-01-17T08:36:24.355+0000] {dag.py:4180} INFO - Setting next_dagrun for tg_user_processing to 2026-01-16 00:00:00+00:00, run_after=2026-01-17 00:00:00+00:00
[2026-01-17T08:36:24.393+0000] {processor.py:208} INFO - Processing /opt/airflow/dags/tg_user_processing.py took 0.913 seconds
[2026-01-17T08:36:55.096+0000] {processor.py:186} INFO - Started process (PID=16928) to work on /opt/airflow/dags/tg_user_processing.py
[2026-01-17T08:36:55.100+0000] {processor.py:914} INFO - Processing file /opt/airflow/dags/tg_user_processing.py for tasks to queue
[2026-01-17T08:36:55.105+0000] {logging_mixin.py:190} INFO - [2026-01-17T08:36:55.104+0000] {dagbag.py:588} INFO - Filling up the DagBag from /opt/airflow/dags/tg_user_processing.py
[2026-01-17T08:36:56.181+0000] {processor.py:925} INFO - DAG(s) 'tg_user_processing' retrieved from /opt/airflow/dags/tg_user_processing.py
[2026-01-17T08:36:56.214+0000] {logging_mixin.py:190} INFO - [2026-01-17T08:36:56.213+0000] {dag.py:3239} INFO - Sync 1 DAGs
[2026-01-17T08:36:56.247+0000] {logging_mixin.py:190} INFO - [2026-01-17T08:36:56.246+0000] {dag.py:4180} INFO - Setting next_dagrun for tg_user_processing to 2026-01-16 00:00:00+00:00, run_after=2026-01-17 00:00:00+00:00
[2026-01-17T08:36:56.288+0000] {processor.py:208} INFO - Processing /opt/airflow/dags/tg_user_processing.py took 1.217 seconds
[2026-01-17T08:37:26.544+0000] {processor.py:186} INFO - Started process (PID=16951) to work on /opt/airflow/dags/tg_user_processing.py
[2026-01-17T08:37:26.546+0000] {processor.py:914} INFO - Processing file /opt/airflow/dags/tg_user_processing.py for tasks to queue
[2026-01-17T08:37:26.548+0000] {logging_mixin.py:190} INFO - [2026-01-17T08:37:26.547+0000] {dagbag.py:588} INFO - Filling up the DagBag from /opt/airflow/dags/tg_user_processing.py
[2026-01-17T08:37:27.330+0000] {processor.py:925} INFO - DAG(s) 'tg_user_processing' retrieved from /opt/airflow/dags/tg_user_processing.py
[2026-01-17T08:37:27.360+0000] {logging_mixin.py:190} INFO - [2026-01-17T08:37:27.359+0000] {dag.py:3239} INFO - Sync 1 DAGs
[2026-01-17T08:37:27.394+0000] {logging_mixin.py:190} INFO - [2026-01-17T08:37:27.394+0000] {dag.py:4180} INFO - Setting next_dagrun for tg_user_processing to 2026-01-16 00:00:00+00:00, run_after=2026-01-17 00:00:00+00:00
[2026-01-17T08:37:27.439+0000] {processor.py:208} INFO - Processing /opt/airflow/dags/tg_user_processing.py took 0.910 seconds
[2026-01-17T08:37:57.749+0000] {processor.py:186} INFO - Started process (PID=16975) to work on /opt/airflow/dags/tg_user_processing.py
[2026-01-17T08:37:57.751+0000] {processor.py:914} INFO - Processing file /opt/airflow/dags/tg_user_processing.py for tasks to queue
[2026-01-17T08:37:57.754+0000] {logging_mixin.py:190} INFO - [2026-01-17T08:37:57.753+0000] {dagbag.py:588} INFO - Filling up the DagBag from /opt/airflow/dags/tg_user_processing.py
[2026-01-17T08:37:58.661+0000] {processor.py:925} INFO - DAG(s) 'tg_user_processing' retrieved from /opt/airflow/dags/tg_user_processing.py
[2026-01-17T08:37:58.709+0000] {logging_mixin.py:190} INFO - [2026-01-17T08:37:58.708+0000] {dag.py:3239} INFO - Sync 1 DAGs
[2026-01-17T08:37:58.758+0000] {logging_mixin.py:190} INFO - [2026-01-17T08:37:58.758+0000] {dag.py:4180} INFO - Setting next_dagrun for tg_user_processing to 2026-01-16 00:00:00+00:00, run_after=2026-01-17 00:00:00+00:00
[2026-01-17T08:37:58.817+0000] {processor.py:208} INFO - Processing /opt/airflow/dags/tg_user_processing.py took 1.079 seconds
[2026-01-17T08:38:29.042+0000] {processor.py:186} INFO - Started process (PID=16999) to work on /opt/airflow/dags/tg_user_processing.py
[2026-01-17T08:38:29.046+0000] {processor.py:914} INFO - Processing file /opt/airflow/dags/tg_user_processing.py for tasks to queue
[2026-01-17T08:38:29.050+0000] {logging_mixin.py:190} INFO - [2026-01-17T08:38:29.049+0000] {dagbag.py:588} INFO - Filling up the DagBag from /opt/airflow/dags/tg_user_processing.py
[2026-01-17T08:38:29.915+0000] {processor.py:925} INFO - DAG(s) 'tg_user_processing' retrieved from /opt/airflow/dags/tg_user_processing.py
[2026-01-17T08:38:29.958+0000] {logging_mixin.py:190} INFO - [2026-01-17T08:38:29.957+0000] {dag.py:3239} INFO - Sync 1 DAGs
[2026-01-17T08:38:30.001+0000] {logging_mixin.py:190} INFO - [2026-01-17T08:38:30.000+0000] {dag.py:4180} INFO - Setting next_dagrun for tg_user_processing to 2026-01-16 00:00:00+00:00, run_after=2026-01-17 00:00:00+00:00
[2026-01-17T08:38:30.052+0000] {processor.py:208} INFO - Processing /opt/airflow/dags/tg_user_processing.py took 1.027 seconds
[2026-01-17T08:39:00.564+0000] {processor.py:186} INFO - Started process (PID=17023) to work on /opt/airflow/dags/tg_user_processing.py
[2026-01-17T08:39:00.568+0000] {processor.py:914} INFO - Processing file /opt/airflow/dags/tg_user_processing.py for tasks to queue
[2026-01-17T08:39:00.571+0000] {logging_mixin.py:190} INFO - [2026-01-17T08:39:00.570+0000] {dagbag.py:588} INFO - Filling up the DagBag from /opt/airflow/dags/tg_user_processing.py
[2026-01-17T08:39:01.478+0000] {processor.py:925} INFO - DAG(s) 'tg_user_processing' retrieved from /opt/airflow/dags/tg_user_processing.py
[2026-01-17T08:39:01.514+0000] {logging_mixin.py:190} INFO - [2026-01-17T08:39:01.513+0000] {dag.py:3239} INFO - Sync 1 DAGs
[2026-01-17T08:39:01.555+0000] {logging_mixin.py:190} INFO - [2026-01-17T08:39:01.554+0000] {dag.py:4180} INFO - Setting next_dagrun for tg_user_processing to 2026-01-16 00:00:00+00:00, run_after=2026-01-17 00:00:00+00:00
[2026-01-17T08:39:01.597+0000] {processor.py:208} INFO - Processing /opt/airflow/dags/tg_user_processing.py took 1.055 seconds
[2026-01-17T08:39:31.758+0000] {processor.py:186} INFO - Started process (PID=17048) to work on /opt/airflow/dags/tg_user_processing.py
[2026-01-17T08:39:31.761+0000] {processor.py:914} INFO - Processing file /opt/airflow/dags/tg_user_processing.py for tasks to queue
[2026-01-17T08:39:31.764+0000] {logging_mixin.py:190} INFO - [2026-01-17T08:39:31.763+0000] {dagbag.py:588} INFO - Filling up the DagBag from /opt/airflow/dags/tg_user_processing.py
[2026-01-17T08:39:32.737+0000] {processor.py:925} INFO - DAG(s) 'tg_user_processing' retrieved from /opt/airflow/dags/tg_user_processing.py
[2026-01-17T08:39:32.787+0000] {logging_mixin.py:190} INFO - [2026-01-17T08:39:32.786+0000] {dag.py:3239} INFO - Sync 1 DAGs
[2026-01-17T08:39:32.832+0000] {logging_mixin.py:190} INFO - [2026-01-17T08:39:32.832+0000] {dag.py:4180} INFO - Setting next_dagrun for tg_user_processing to 2026-01-16 00:00:00+00:00, run_after=2026-01-17 00:00:00+00:00
[2026-01-17T08:39:32.889+0000] {processor.py:208} INFO - Processing /opt/airflow/dags/tg_user_processing.py took 1.148 seconds
[2026-01-17T08:40:02.995+0000] {processor.py:186} INFO - Started process (PID=17072) to work on /opt/airflow/dags/tg_user_processing.py
[2026-01-17T08:40:02.998+0000] {processor.py:914} INFO - Processing file /opt/airflow/dags/tg_user_processing.py for tasks to queue
[2026-01-17T08:40:03.001+0000] {logging_mixin.py:190} INFO - [2026-01-17T08:40:03.000+0000] {dagbag.py:588} INFO - Filling up the DagBag from /opt/airflow/dags/tg_user_processing.py
[2026-01-17T08:40:03.824+0000] {processor.py:925} INFO - DAG(s) 'tg_user_processing' retrieved from /opt/airflow/dags/tg_user_processing.py
[2026-01-17T08:40:03.864+0000] {logging_mixin.py:190} INFO - [2026-01-17T08:40:03.863+0000] {dag.py:3239} INFO - Sync 1 DAGs
[2026-01-17T08:40:03.904+0000] {logging_mixin.py:190} INFO - [2026-01-17T08:40:03.904+0000] {dag.py:4180} INFO - Setting next_dagrun for tg_user_processing to 2026-01-16 00:00:00+00:00, run_after=2026-01-17 00:00:00+00:00
[2026-01-17T08:40:03.944+0000] {processor.py:208} INFO - Processing /opt/airflow/dags/tg_user_processing.py took 0.968 seconds
[2026-01-17T08:40:34.155+0000] {processor.py:186} INFO - Started process (PID=17095) to work on /opt/airflow/dags/tg_user_processing.py
[2026-01-17T08:40:34.157+0000] {processor.py:914} INFO - Processing file /opt/airflow/dags/tg_user_processing.py for tasks to queue
[2026-01-17T08:40:34.159+0000] {logging_mixin.py:190} INFO - [2026-01-17T08:40:34.159+0000] {dagbag.py:588} INFO - Filling up the DagBag from /opt/airflow/dags/tg_user_processing.py
[2026-01-17T08:40:34.959+0000] {processor.py:925} INFO - DAG(s) 'tg_user_processing' retrieved from /opt/airflow/dags/tg_user_processing.py
[2026-01-17T08:40:34.992+0000] {logging_mixin.py:190} INFO - [2026-01-17T08:40:34.991+0000] {dag.py:3239} INFO - Sync 1 DAGs
[2026-01-17T08:40:35.021+0000] {logging_mixin.py:190} INFO - [2026-01-17T08:40:35.020+0000] {dag.py:4180} INFO - Setting next_dagrun for tg_user_processing to 2026-01-16 00:00:00+00:00, run_after=2026-01-17 00:00:00+00:00
[2026-01-17T08:40:35.060+0000] {processor.py:208} INFO - Processing /opt/airflow/dags/tg_user_processing.py took 0.915 seconds
[2026-01-17T08:41:05.209+0000] {processor.py:186} INFO - Started process (PID=17119) to work on /opt/airflow/dags/tg_user_processing.py
[2026-01-17T08:41:05.212+0000] {processor.py:914} INFO - Processing file /opt/airflow/dags/tg_user_processing.py for tasks to queue
[2026-01-17T08:41:05.218+0000] {logging_mixin.py:190} INFO - [2026-01-17T08:41:05.217+0000] {dagbag.py:588} INFO - Filling up the DagBag from /opt/airflow/dags/tg_user_processing.py
[2026-01-17T08:41:06.546+0000] {processor.py:925} INFO - DAG(s) 'tg_user_processing' retrieved from /opt/airflow/dags/tg_user_processing.py
[2026-01-17T08:41:06.619+0000] {logging_mixin.py:190} INFO - [2026-01-17T08:41:06.618+0000] {dag.py:3239} INFO - Sync 1 DAGs
[2026-01-17T08:41:06.681+0000] {logging_mixin.py:190} INFO - [2026-01-17T08:41:06.680+0000] {dag.py:4180} INFO - Setting next_dagrun for tg_user_processing to 2026-01-16 00:00:00+00:00, run_after=2026-01-17 00:00:00+00:00
[2026-01-17T08:41:06.790+0000] {processor.py:208} INFO - Processing /opt/airflow/dags/tg_user_processing.py took 1.597 seconds
[2026-01-17T08:41:37.142+0000] {processor.py:186} INFO - Started process (PID=17143) to work on /opt/airflow/dags/tg_user_processing.py
[2026-01-17T08:41:37.143+0000] {processor.py:914} INFO - Processing file /opt/airflow/dags/tg_user_processing.py for tasks to queue
[2026-01-17T08:41:37.145+0000] {logging_mixin.py:190} INFO - [2026-01-17T08:41:37.144+0000] {dagbag.py:588} INFO - Filling up the DagBag from /opt/airflow/dags/tg_user_processing.py
[2026-01-17T08:41:37.975+0000] {processor.py:925} INFO - DAG(s) 'tg_user_processing' retrieved from /opt/airflow/dags/tg_user_processing.py
[2026-01-17T08:41:38.015+0000] {logging_mixin.py:190} INFO - [2026-01-17T08:41:38.014+0000] {dag.py:3239} INFO - Sync 1 DAGs
[2026-01-17T08:41:38.060+0000] {logging_mixin.py:190} INFO - [2026-01-17T08:41:38.059+0000] {dag.py:4180} INFO - Setting next_dagrun for tg_user_processing to 2026-01-16 00:00:00+00:00, run_after=2026-01-17 00:00:00+00:00
[2026-01-17T08:41:38.103+0000] {processor.py:208} INFO - Processing /opt/airflow/dags/tg_user_processing.py took 0.970 seconds
[2026-01-17T08:42:08.678+0000] {processor.py:186} INFO - Started process (PID=17167) to work on /opt/airflow/dags/tg_user_processing.py
[2026-01-17T08:42:08.679+0000] {processor.py:914} INFO - Processing file /opt/airflow/dags/tg_user_processing.py for tasks to queue
[2026-01-17T08:42:08.682+0000] {logging_mixin.py:190} INFO - [2026-01-17T08:42:08.681+0000] {dagbag.py:588} INFO - Filling up the DagBag from /opt/airflow/dags/tg_user_processing.py
[2026-01-17T08:42:09.457+0000] {processor.py:925} INFO - DAG(s) 'tg_user_processing' retrieved from /opt/airflow/dags/tg_user_processing.py
[2026-01-17T08:42:09.490+0000] {logging_mixin.py:190} INFO - [2026-01-17T08:42:09.489+0000] {dag.py:3239} INFO - Sync 1 DAGs
[2026-01-17T08:42:09.527+0000] {logging_mixin.py:190} INFO - [2026-01-17T08:42:09.526+0000] {dag.py:4180} INFO - Setting next_dagrun for tg_user_processing to 2026-01-16 00:00:00+00:00, run_after=2026-01-17 00:00:00+00:00
[2026-01-17T08:42:09.573+0000] {processor.py:208} INFO - Processing /opt/airflow/dags/tg_user_processing.py took 0.906 seconds
[2026-01-17T08:42:40.319+0000] {processor.py:186} INFO - Started process (PID=17191) to work on /opt/airflow/dags/tg_user_processing.py
[2026-01-17T08:42:40.321+0000] {processor.py:914} INFO - Processing file /opt/airflow/dags/tg_user_processing.py for tasks to queue
[2026-01-17T08:42:40.322+0000] {logging_mixin.py:190} INFO - [2026-01-17T08:42:40.322+0000] {dagbag.py:588} INFO - Filling up the DagBag from /opt/airflow/dags/tg_user_processing.py
[2026-01-17T08:42:41.024+0000] {processor.py:925} INFO - DAG(s) 'tg_user_processing' retrieved from /opt/airflow/dags/tg_user_processing.py
[2026-01-17T08:42:41.051+0000] {logging_mixin.py:190} INFO - [2026-01-17T08:42:41.051+0000] {dag.py:3239} INFO - Sync 1 DAGs
[2026-01-17T08:42:41.077+0000] {logging_mixin.py:190} INFO - [2026-01-17T08:42:41.076+0000] {dag.py:4180} INFO - Setting next_dagrun for tg_user_processing to 2026-01-16 00:00:00+00:00, run_after=2026-01-17 00:00:00+00:00
[2026-01-17T08:42:41.106+0000] {processor.py:208} INFO - Processing /opt/airflow/dags/tg_user_processing.py took 0.797 seconds
[2026-01-17T08:43:11.997+0000] {processor.py:186} INFO - Started process (PID=17215) to work on /opt/airflow/dags/tg_user_processing.py
[2026-01-17T08:43:11.999+0000] {processor.py:914} INFO - Processing file /opt/airflow/dags/tg_user_processing.py for tasks to queue
[2026-01-17T08:43:12.001+0000] {logging_mixin.py:190} INFO - [2026-01-17T08:43:12.000+0000] {dagbag.py:588} INFO - Filling up the DagBag from /opt/airflow/dags/tg_user_processing.py
[2026-01-17T08:43:12.694+0000] {processor.py:925} INFO - DAG(s) 'tg_user_processing' retrieved from /opt/airflow/dags/tg_user_processing.py
[2026-01-17T08:43:12.729+0000] {logging_mixin.py:190} INFO - [2026-01-17T08:43:12.729+0000] {dag.py:3239} INFO - Sync 1 DAGs
[2026-01-17T08:43:12.767+0000] {logging_mixin.py:190} INFO - [2026-01-17T08:43:12.767+0000] {dag.py:4180} INFO - Setting next_dagrun for tg_user_processing to 2026-01-16 00:00:00+00:00, run_after=2026-01-17 00:00:00+00:00
[2026-01-17T08:43:12.809+0000] {processor.py:208} INFO - Processing /opt/airflow/dags/tg_user_processing.py took 0.823 seconds
[2026-01-17T08:43:43.621+0000] {processor.py:186} INFO - Started process (PID=17239) to work on /opt/airflow/dags/tg_user_processing.py
[2026-01-17T08:43:43.622+0000] {processor.py:914} INFO - Processing file /opt/airflow/dags/tg_user_processing.py for tasks to queue
[2026-01-17T08:43:43.624+0000] {logging_mixin.py:190} INFO - [2026-01-17T08:43:43.623+0000] {dagbag.py:588} INFO - Filling up the DagBag from /opt/airflow/dags/tg_user_processing.py
[2026-01-17T08:43:44.393+0000] {processor.py:925} INFO - DAG(s) 'tg_user_processing' retrieved from /opt/airflow/dags/tg_user_processing.py
[2026-01-17T08:43:44.435+0000] {logging_mixin.py:190} INFO - [2026-01-17T08:43:44.434+0000] {dag.py:3239} INFO - Sync 1 DAGs
[2026-01-17T08:43:44.476+0000] {logging_mixin.py:190} INFO - [2026-01-17T08:43:44.475+0000] {dag.py:4180} INFO - Setting next_dagrun for tg_user_processing to 2026-01-16 00:00:00+00:00, run_after=2026-01-17 00:00:00+00:00
[2026-01-17T08:43:44.515+0000] {processor.py:208} INFO - Processing /opt/airflow/dags/tg_user_processing.py took 0.906 seconds
[2026-01-17T08:44:14.679+0000] {processor.py:186} INFO - Started process (PID=17263) to work on /opt/airflow/dags/tg_user_processing.py
[2026-01-17T08:44:14.680+0000] {processor.py:914} INFO - Processing file /opt/airflow/dags/tg_user_processing.py for tasks to queue
[2026-01-17T08:44:14.682+0000] {logging_mixin.py:190} INFO - [2026-01-17T08:44:14.681+0000] {dagbag.py:588} INFO - Filling up the DagBag from /opt/airflow/dags/tg_user_processing.py
[2026-01-17T08:44:15.343+0000] {processor.py:925} INFO - DAG(s) 'tg_user_processing' retrieved from /opt/airflow/dags/tg_user_processing.py
[2026-01-17T08:44:15.374+0000] {logging_mixin.py:190} INFO - [2026-01-17T08:44:15.374+0000] {dag.py:3239} INFO - Sync 1 DAGs
[2026-01-17T08:44:15.402+0000] {logging_mixin.py:190} INFO - [2026-01-17T08:44:15.402+0000] {dag.py:4180} INFO - Setting next_dagrun for tg_user_processing to 2026-01-16 00:00:00+00:00, run_after=2026-01-17 00:00:00+00:00
[2026-01-17T08:44:15.440+0000] {processor.py:208} INFO - Processing /opt/airflow/dags/tg_user_processing.py took 0.771 seconds
[2026-01-17T08:44:45.814+0000] {processor.py:186} INFO - Started process (PID=17287) to work on /opt/airflow/dags/tg_user_processing.py
[2026-01-17T08:44:45.815+0000] {processor.py:914} INFO - Processing file /opt/airflow/dags/tg_user_processing.py for tasks to queue
[2026-01-17T08:44:45.817+0000] {logging_mixin.py:190} INFO - [2026-01-17T08:44:45.817+0000] {dagbag.py:588} INFO - Filling up the DagBag from /opt/airflow/dags/tg_user_processing.py
[2026-01-17T08:44:46.591+0000] {processor.py:925} INFO - DAG(s) 'tg_user_processing' retrieved from /opt/airflow/dags/tg_user_processing.py
[2026-01-17T08:44:46.625+0000] {logging_mixin.py:190} INFO - [2026-01-17T08:44:46.625+0000] {dag.py:3239} INFO - Sync 1 DAGs
[2026-01-17T08:44:46.660+0000] {logging_mixin.py:190} INFO - [2026-01-17T08:44:46.660+0000] {dag.py:4180} INFO - Setting next_dagrun for tg_user_processing to 2026-01-16 00:00:00+00:00, run_after=2026-01-17 00:00:00+00:00
[2026-01-17T08:44:46.707+0000] {processor.py:208} INFO - Processing /opt/airflow/dags/tg_user_processing.py took 0.904 seconds
[2026-01-17T08:45:17.331+0000] {processor.py:186} INFO - Started process (PID=17311) to work on /opt/airflow/dags/tg_user_processing.py
[2026-01-17T08:45:17.332+0000] {processor.py:914} INFO - Processing file /opt/airflow/dags/tg_user_processing.py for tasks to queue
[2026-01-17T08:45:17.334+0000] {logging_mixin.py:190} INFO - [2026-01-17T08:45:17.333+0000] {dagbag.py:588} INFO - Filling up the DagBag from /opt/airflow/dags/tg_user_processing.py
[2026-01-17T08:45:18.025+0000] {processor.py:925} INFO - DAG(s) 'tg_user_processing' retrieved from /opt/airflow/dags/tg_user_processing.py
[2026-01-17T08:45:18.057+0000] {logging_mixin.py:190} INFO - [2026-01-17T08:45:18.057+0000] {dag.py:3239} INFO - Sync 1 DAGs
[2026-01-17T08:45:18.095+0000] {logging_mixin.py:190} INFO - [2026-01-17T08:45:18.095+0000] {dag.py:4180} INFO - Setting next_dagrun for tg_user_processing to 2026-01-16 00:00:00+00:00, run_after=2026-01-17 00:00:00+00:00
[2026-01-17T08:45:18.127+0000] {processor.py:208} INFO - Processing /opt/airflow/dags/tg_user_processing.py took 0.805 seconds
[2026-01-17T08:45:48.569+0000] {processor.py:186} INFO - Started process (PID=17335) to work on /opt/airflow/dags/tg_user_processing.py
[2026-01-17T08:45:48.571+0000] {processor.py:914} INFO - Processing file /opt/airflow/dags/tg_user_processing.py for tasks to queue
[2026-01-17T08:45:48.573+0000] {logging_mixin.py:190} INFO - [2026-01-17T08:45:48.572+0000] {dagbag.py:588} INFO - Filling up the DagBag from /opt/airflow/dags/tg_user_processing.py
[2026-01-17T08:45:49.304+0000] {processor.py:925} INFO - DAG(s) 'tg_user_processing' retrieved from /opt/airflow/dags/tg_user_processing.py
[2026-01-17T08:45:49.327+0000] {logging_mixin.py:190} INFO - [2026-01-17T08:45:49.327+0000] {dag.py:3239} INFO - Sync 1 DAGs
[2026-01-17T08:45:49.354+0000] {logging_mixin.py:190} INFO - [2026-01-17T08:45:49.354+0000] {dag.py:4180} INFO - Setting next_dagrun for tg_user_processing to 2026-01-16 00:00:00+00:00, run_after=2026-01-17 00:00:00+00:00
[2026-01-17T08:45:49.387+0000] {processor.py:208} INFO - Processing /opt/airflow/dags/tg_user_processing.py took 0.826 seconds
[2026-01-17T08:46:19.814+0000] {processor.py:186} INFO - Started process (PID=17359) to work on /opt/airflow/dags/tg_user_processing.py
[2026-01-17T08:46:19.815+0000] {processor.py:914} INFO - Processing file /opt/airflow/dags/tg_user_processing.py for tasks to queue
[2026-01-17T08:46:19.817+0000] {logging_mixin.py:190} INFO - [2026-01-17T08:46:19.816+0000] {dagbag.py:588} INFO - Filling up the DagBag from /opt/airflow/dags/tg_user_processing.py
[2026-01-17T08:46:20.548+0000] {processor.py:925} INFO - DAG(s) 'tg_user_processing' retrieved from /opt/airflow/dags/tg_user_processing.py
[2026-01-17T08:46:20.588+0000] {logging_mixin.py:190} INFO - [2026-01-17T08:46:20.587+0000] {dag.py:3239} INFO - Sync 1 DAGs
[2026-01-17T08:46:20.628+0000] {logging_mixin.py:190} INFO - [2026-01-17T08:46:20.627+0000] {dag.py:4180} INFO - Setting next_dagrun for tg_user_processing to 2026-01-16 00:00:00+00:00, run_after=2026-01-17 00:00:00+00:00
[2026-01-17T08:46:20.666+0000] {processor.py:208} INFO - Processing /opt/airflow/dags/tg_user_processing.py took 0.862 seconds
[2026-01-17T08:46:50.880+0000] {processor.py:186} INFO - Started process (PID=17383) to work on /opt/airflow/dags/tg_user_processing.py
[2026-01-17T08:46:50.882+0000] {processor.py:914} INFO - Processing file /opt/airflow/dags/tg_user_processing.py for tasks to queue
[2026-01-17T08:46:50.884+0000] {logging_mixin.py:190} INFO - [2026-01-17T08:46:50.883+0000] {dagbag.py:588} INFO - Filling up the DagBag from /opt/airflow/dags/tg_user_processing.py
[2026-01-17T08:46:51.678+0000] {processor.py:925} INFO - DAG(s) 'tg_user_processing' retrieved from /opt/airflow/dags/tg_user_processing.py
[2026-01-17T08:46:51.709+0000] {logging_mixin.py:190} INFO - [2026-01-17T08:46:51.709+0000] {dag.py:3239} INFO - Sync 1 DAGs
[2026-01-17T08:46:51.732+0000] {logging_mixin.py:190} INFO - [2026-01-17T08:46:51.732+0000] {dag.py:4180} INFO - Setting next_dagrun for tg_user_processing to 2026-01-16 00:00:00+00:00, run_after=2026-01-17 00:00:00+00:00
[2026-01-17T08:46:51.760+0000] {processor.py:208} INFO - Processing /opt/airflow/dags/tg_user_processing.py took 0.892 seconds
[2026-01-17T08:47:22.438+0000] {processor.py:186} INFO - Started process (PID=17406) to work on /opt/airflow/dags/tg_user_processing.py
[2026-01-17T08:47:22.440+0000] {processor.py:914} INFO - Processing file /opt/airflow/dags/tg_user_processing.py for tasks to queue
[2026-01-17T08:47:22.442+0000] {logging_mixin.py:190} INFO - [2026-01-17T08:47:22.442+0000] {dagbag.py:588} INFO - Filling up the DagBag from /opt/airflow/dags/tg_user_processing.py
[2026-01-17T08:47:23.205+0000] {processor.py:925} INFO - DAG(s) 'tg_user_processing' retrieved from /opt/airflow/dags/tg_user_processing.py
[2026-01-17T08:47:23.248+0000] {logging_mixin.py:190} INFO - [2026-01-17T08:47:23.247+0000] {dag.py:3239} INFO - Sync 1 DAGs
[2026-01-17T08:47:23.289+0000] {logging_mixin.py:190} INFO - [2026-01-17T08:47:23.289+0000] {dag.py:4180} INFO - Setting next_dagrun for tg_user_processing to 2026-01-16 00:00:00+00:00, run_after=2026-01-17 00:00:00+00:00
[2026-01-17T08:47:23.331+0000] {processor.py:208} INFO - Processing /opt/airflow/dags/tg_user_processing.py took 0.904 seconds
[2026-01-17T08:47:53.575+0000] {processor.py:186} INFO - Started process (PID=17430) to work on /opt/airflow/dags/tg_user_processing.py
[2026-01-17T08:47:53.577+0000] {processor.py:914} INFO - Processing file /opt/airflow/dags/tg_user_processing.py for tasks to queue
[2026-01-17T08:47:53.579+0000] {logging_mixin.py:190} INFO - [2026-01-17T08:47:53.578+0000] {dagbag.py:588} INFO - Filling up the DagBag from /opt/airflow/dags/tg_user_processing.py
[2026-01-17T08:47:54.541+0000] {processor.py:925} INFO - DAG(s) 'tg_user_processing' retrieved from /opt/airflow/dags/tg_user_processing.py
[2026-01-17T08:47:54.594+0000] {logging_mixin.py:190} INFO - [2026-01-17T08:47:54.593+0000] {dag.py:3239} INFO - Sync 1 DAGs
[2026-01-17T08:47:54.642+0000] {logging_mixin.py:190} INFO - [2026-01-17T08:47:54.642+0000] {dag.py:4180} INFO - Setting next_dagrun for tg_user_processing to 2026-01-16 00:00:00+00:00, run_after=2026-01-17 00:00:00+00:00
[2026-01-17T08:47:54.693+0000] {processor.py:208} INFO - Processing /opt/airflow/dags/tg_user_processing.py took 1.131 seconds
[2026-01-17T08:48:24.804+0000] {processor.py:186} INFO - Started process (PID=17455) to work on /opt/airflow/dags/tg_user_processing.py
[2026-01-17T08:48:24.806+0000] {processor.py:914} INFO - Processing file /opt/airflow/dags/tg_user_processing.py for tasks to queue
[2026-01-17T08:48:24.808+0000] {logging_mixin.py:190} INFO - [2026-01-17T08:48:24.808+0000] {dagbag.py:588} INFO - Filling up the DagBag from /opt/airflow/dags/tg_user_processing.py
[2026-01-17T08:48:25.645+0000] {processor.py:925} INFO - DAG(s) 'tg_user_processing' retrieved from /opt/airflow/dags/tg_user_processing.py
[2026-01-17T08:48:25.691+0000] {logging_mixin.py:190} INFO - [2026-01-17T08:48:25.690+0000] {dag.py:3239} INFO - Sync 1 DAGs
[2026-01-17T08:48:25.734+0000] {logging_mixin.py:190} INFO - [2026-01-17T08:48:25.733+0000] {dag.py:4180} INFO - Setting next_dagrun for tg_user_processing to 2026-01-16 00:00:00+00:00, run_after=2026-01-17 00:00:00+00:00
[2026-01-17T08:48:25.777+0000] {processor.py:208} INFO - Processing /opt/airflow/dags/tg_user_processing.py took 0.985 seconds
[2026-01-17T08:48:56.036+0000] {processor.py:186} INFO - Started process (PID=17479) to work on /opt/airflow/dags/tg_user_processing.py
[2026-01-17T08:48:56.038+0000] {processor.py:914} INFO - Processing file /opt/airflow/dags/tg_user_processing.py for tasks to queue
[2026-01-17T08:48:56.042+0000] {logging_mixin.py:190} INFO - [2026-01-17T08:48:56.041+0000] {dagbag.py:588} INFO - Filling up the DagBag from /opt/airflow/dags/tg_user_processing.py
[2026-01-17T08:48:57.115+0000] {processor.py:925} INFO - DAG(s) 'tg_user_processing' retrieved from /opt/airflow/dags/tg_user_processing.py
[2026-01-17T08:48:57.172+0000] {logging_mixin.py:190} INFO - [2026-01-17T08:48:57.171+0000] {dag.py:3239} INFO - Sync 1 DAGs
[2026-01-17T08:48:57.242+0000] {logging_mixin.py:190} INFO - [2026-01-17T08:48:57.242+0000] {dag.py:4180} INFO - Setting next_dagrun for tg_user_processing to 2026-01-16 00:00:00+00:00, run_after=2026-01-17 00:00:00+00:00
[2026-01-17T08:48:57.295+0000] {processor.py:208} INFO - Processing /opt/airflow/dags/tg_user_processing.py took 1.284 seconds
[2026-01-17T08:49:27.557+0000] {processor.py:186} INFO - Started process (PID=17509) to work on /opt/airflow/dags/tg_user_processing.py
[2026-01-17T08:49:27.559+0000] {processor.py:914} INFO - Processing file /opt/airflow/dags/tg_user_processing.py for tasks to queue
[2026-01-17T08:49:27.564+0000] {logging_mixin.py:190} INFO - [2026-01-17T08:49:27.562+0000] {dagbag.py:588} INFO - Filling up the DagBag from /opt/airflow/dags/tg_user_processing.py
[2026-01-17T08:49:28.739+0000] {processor.py:925} INFO - DAG(s) 'tg_user_processing' retrieved from /opt/airflow/dags/tg_user_processing.py
[2026-01-17T08:49:28.812+0000] {logging_mixin.py:190} INFO - [2026-01-17T08:49:28.811+0000] {dag.py:3239} INFO - Sync 1 DAGs
[2026-01-17T08:49:28.888+0000] {logging_mixin.py:190} INFO - [2026-01-17T08:49:28.888+0000] {dag.py:4180} INFO - Setting next_dagrun for tg_user_processing to 2026-01-16 00:00:00+00:00, run_after=2026-01-17 00:00:00+00:00
[2026-01-17T08:49:28.976+0000] {processor.py:208} INFO - Processing /opt/airflow/dags/tg_user_processing.py took 1.439 seconds
[2026-01-17T08:49:59.168+0000] {processor.py:186} INFO - Started process (PID=17534) to work on /opt/airflow/dags/tg_user_processing.py
[2026-01-17T08:49:59.170+0000] {processor.py:914} INFO - Processing file /opt/airflow/dags/tg_user_processing.py for tasks to queue
[2026-01-17T08:49:59.172+0000] {logging_mixin.py:190} INFO - [2026-01-17T08:49:59.171+0000] {dagbag.py:588} INFO - Filling up the DagBag from /opt/airflow/dags/tg_user_processing.py
[2026-01-17T08:50:00.049+0000] {processor.py:925} INFO - DAG(s) 'tg_user_processing' retrieved from /opt/airflow/dags/tg_user_processing.py
[2026-01-17T08:50:00.093+0000] {logging_mixin.py:190} INFO - [2026-01-17T08:50:00.092+0000] {dag.py:3239} INFO - Sync 1 DAGs
[2026-01-17T08:50:00.130+0000] {logging_mixin.py:190} INFO - [2026-01-17T08:50:00.129+0000] {dag.py:4180} INFO - Setting next_dagrun for tg_user_processing to 2026-01-16 00:00:00+00:00, run_after=2026-01-17 00:00:00+00:00
[2026-01-17T08:50:00.167+0000] {processor.py:208} INFO - Processing /opt/airflow/dags/tg_user_processing.py took 1.009 seconds
[2026-01-17T08:50:30.266+0000] {processor.py:186} INFO - Started process (PID=17558) to work on /opt/airflow/dags/tg_user_processing.py
[2026-01-17T08:50:30.269+0000] {processor.py:914} INFO - Processing file /opt/airflow/dags/tg_user_processing.py for tasks to queue
[2026-01-17T08:50:30.271+0000] {logging_mixin.py:190} INFO - [2026-01-17T08:50:30.271+0000] {dagbag.py:588} INFO - Filling up the DagBag from /opt/airflow/dags/tg_user_processing.py
[2026-01-17T08:50:31.100+0000] {processor.py:925} INFO - DAG(s) 'tg_user_processing' retrieved from /opt/airflow/dags/tg_user_processing.py
[2026-01-17T08:50:31.138+0000] {logging_mixin.py:190} INFO - [2026-01-17T08:50:31.137+0000] {dag.py:3239} INFO - Sync 1 DAGs
[2026-01-17T08:50:31.174+0000] {logging_mixin.py:190} INFO - [2026-01-17T08:50:31.173+0000] {dag.py:4180} INFO - Setting next_dagrun for tg_user_processing to 2026-01-16 00:00:00+00:00, run_after=2026-01-17 00:00:00+00:00
[2026-01-17T08:50:31.211+0000] {processor.py:208} INFO - Processing /opt/airflow/dags/tg_user_processing.py took 0.959 seconds
[2026-01-17T08:51:01.525+0000] {processor.py:186} INFO - Started process (PID=17583) to work on /opt/airflow/dags/tg_user_processing.py
[2026-01-17T08:51:01.527+0000] {processor.py:914} INFO - Processing file /opt/airflow/dags/tg_user_processing.py for tasks to queue
[2026-01-17T08:51:01.530+0000] {logging_mixin.py:190} INFO - [2026-01-17T08:51:01.529+0000] {dagbag.py:588} INFO - Filling up the DagBag from /opt/airflow/dags/tg_user_processing.py
[2026-01-17T08:51:02.462+0000] {processor.py:925} INFO - DAG(s) 'tg_user_processing' retrieved from /opt/airflow/dags/tg_user_processing.py
[2026-01-17T08:51:02.507+0000] {logging_mixin.py:190} INFO - [2026-01-17T08:51:02.506+0000] {dag.py:3239} INFO - Sync 1 DAGs
[2026-01-17T08:51:02.551+0000] {logging_mixin.py:190} INFO - [2026-01-17T08:51:02.551+0000] {dag.py:4180} INFO - Setting next_dagrun for tg_user_processing to 2026-01-16 00:00:00+00:00, run_after=2026-01-17 00:00:00+00:00
[2026-01-17T08:51:02.594+0000] {processor.py:208} INFO - Processing /opt/airflow/dags/tg_user_processing.py took 1.089 seconds
[2026-01-17T08:51:32.719+0000] {processor.py:186} INFO - Started process (PID=17607) to work on /opt/airflow/dags/tg_user_processing.py
[2026-01-17T08:51:32.721+0000] {processor.py:914} INFO - Processing file /opt/airflow/dags/tg_user_processing.py for tasks to queue
[2026-01-17T08:51:32.723+0000] {logging_mixin.py:190} INFO - [2026-01-17T08:51:32.723+0000] {dagbag.py:588} INFO - Filling up the DagBag from /opt/airflow/dags/tg_user_processing.py
[2026-01-17T08:51:33.528+0000] {processor.py:925} INFO - DAG(s) 'tg_user_processing' retrieved from /opt/airflow/dags/tg_user_processing.py
[2026-01-17T08:51:33.564+0000] {logging_mixin.py:190} INFO - [2026-01-17T08:51:33.563+0000] {dag.py:3239} INFO - Sync 1 DAGs
[2026-01-17T08:51:33.611+0000] {logging_mixin.py:190} INFO - [2026-01-17T08:51:33.611+0000] {dag.py:4180} INFO - Setting next_dagrun for tg_user_processing to 2026-01-16 00:00:00+00:00, run_after=2026-01-17 00:00:00+00:00
[2026-01-17T08:51:33.664+0000] {processor.py:208} INFO - Processing /opt/airflow/dags/tg_user_processing.py took 0.958 seconds
[2026-01-17T08:52:04.344+0000] {processor.py:186} INFO - Started process (PID=17632) to work on /opt/airflow/dags/tg_user_processing.py
[2026-01-17T08:52:04.347+0000] {processor.py:914} INFO - Processing file /opt/airflow/dags/tg_user_processing.py for tasks to queue
[2026-01-17T08:52:04.350+0000] {logging_mixin.py:190} INFO - [2026-01-17T08:52:04.349+0000] {dagbag.py:588} INFO - Filling up the DagBag from /opt/airflow/dags/tg_user_processing.py
[2026-01-17T08:52:05.152+0000] {processor.py:925} INFO - DAG(s) 'tg_user_processing' retrieved from /opt/airflow/dags/tg_user_processing.py
[2026-01-17T08:52:05.196+0000] {logging_mixin.py:190} INFO - [2026-01-17T08:52:05.195+0000] {dag.py:3239} INFO - Sync 1 DAGs
[2026-01-17T08:52:05.238+0000] {logging_mixin.py:190} INFO - [2026-01-17T08:52:05.237+0000] {dag.py:4180} INFO - Setting next_dagrun for tg_user_processing to 2026-01-16 00:00:00+00:00, run_after=2026-01-17 00:00:00+00:00
[2026-01-17T08:52:05.285+0000] {processor.py:208} INFO - Processing /opt/airflow/dags/tg_user_processing.py took 0.962 seconds
[2026-01-17T08:52:35.720+0000] {processor.py:186} INFO - Started process (PID=17655) to work on /opt/airflow/dags/tg_user_processing.py
[2026-01-17T08:52:35.722+0000] {processor.py:914} INFO - Processing file /opt/airflow/dags/tg_user_processing.py for tasks to queue
[2026-01-17T08:52:35.725+0000] {logging_mixin.py:190} INFO - [2026-01-17T08:52:35.724+0000] {dagbag.py:588} INFO - Filling up the DagBag from /opt/airflow/dags/tg_user_processing.py
[2026-01-17T08:52:36.525+0000] {processor.py:925} INFO - DAG(s) 'tg_user_processing' retrieved from /opt/airflow/dags/tg_user_processing.py
[2026-01-17T08:52:36.568+0000] {logging_mixin.py:190} INFO - [2026-01-17T08:52:36.567+0000] {dag.py:3239} INFO - Sync 1 DAGs
[2026-01-17T08:52:36.605+0000] {logging_mixin.py:190} INFO - [2026-01-17T08:52:36.605+0000] {dag.py:4180} INFO - Setting next_dagrun for tg_user_processing to 2026-01-16 00:00:00+00:00, run_after=2026-01-17 00:00:00+00:00
[2026-01-17T08:52:36.643+0000] {processor.py:208} INFO - Processing /opt/airflow/dags/tg_user_processing.py took 0.944 seconds
[2026-01-17T08:53:06.763+0000] {processor.py:186} INFO - Started process (PID=17679) to work on /opt/airflow/dags/tg_user_processing.py
[2026-01-17T08:53:06.766+0000] {processor.py:914} INFO - Processing file /opt/airflow/dags/tg_user_processing.py for tasks to queue
[2026-01-17T08:53:06.770+0000] {logging_mixin.py:190} INFO - [2026-01-17T08:53:06.769+0000] {dagbag.py:588} INFO - Filling up the DagBag from /opt/airflow/dags/tg_user_processing.py
[2026-01-17T08:53:07.608+0000] {processor.py:925} INFO - DAG(s) 'tg_user_processing' retrieved from /opt/airflow/dags/tg_user_processing.py
[2026-01-17T08:53:07.654+0000] {logging_mixin.py:190} INFO - [2026-01-17T08:53:07.653+0000] {dag.py:3239} INFO - Sync 1 DAGs
[2026-01-17T08:53:07.696+0000] {logging_mixin.py:190} INFO - [2026-01-17T08:53:07.696+0000] {dag.py:4180} INFO - Setting next_dagrun for tg_user_processing to 2026-01-16 00:00:00+00:00, run_after=2026-01-17 00:00:00+00:00
[2026-01-17T08:53:07.736+0000] {processor.py:208} INFO - Processing /opt/airflow/dags/tg_user_processing.py took 0.996 seconds
[2026-01-17T08:53:37.847+0000] {processor.py:186} INFO - Started process (PID=17704) to work on /opt/airflow/dags/tg_user_processing.py
[2026-01-17T08:53:37.849+0000] {processor.py:914} INFO - Processing file /opt/airflow/dags/tg_user_processing.py for tasks to queue
[2026-01-17T08:53:37.851+0000] {logging_mixin.py:190} INFO - [2026-01-17T08:53:37.851+0000] {dagbag.py:588} INFO - Filling up the DagBag from /opt/airflow/dags/tg_user_processing.py
[2026-01-17T08:53:38.680+0000] {processor.py:925} INFO - DAG(s) 'tg_user_processing' retrieved from /opt/airflow/dags/tg_user_processing.py
[2026-01-17T08:53:38.720+0000] {logging_mixin.py:190} INFO - [2026-01-17T08:53:38.720+0000] {dag.py:3239} INFO - Sync 1 DAGs
[2026-01-17T08:53:38.765+0000] {logging_mixin.py:190} INFO - [2026-01-17T08:53:38.764+0000] {dag.py:4180} INFO - Setting next_dagrun for tg_user_processing to 2026-01-16 00:00:00+00:00, run_after=2026-01-17 00:00:00+00:00
[2026-01-17T08:53:38.805+0000] {processor.py:208} INFO - Processing /opt/airflow/dags/tg_user_processing.py took 0.972 seconds
[2026-01-17T08:54:09.106+0000] {processor.py:186} INFO - Started process (PID=17727) to work on /opt/airflow/dags/tg_user_processing.py
[2026-01-17T08:54:09.108+0000] {processor.py:914} INFO - Processing file /opt/airflow/dags/tg_user_processing.py for tasks to queue
[2026-01-17T08:54:09.111+0000] {logging_mixin.py:190} INFO - [2026-01-17T08:54:09.110+0000] {dagbag.py:588} INFO - Filling up the DagBag from /opt/airflow/dags/tg_user_processing.py
[2026-01-17T08:54:09.903+0000] {processor.py:925} INFO - DAG(s) 'tg_user_processing' retrieved from /opt/airflow/dags/tg_user_processing.py
[2026-01-17T08:54:09.940+0000] {logging_mixin.py:190} INFO - [2026-01-17T08:54:09.939+0000] {dag.py:3239} INFO - Sync 1 DAGs
[2026-01-17T08:54:09.981+0000] {logging_mixin.py:190} INFO - [2026-01-17T08:54:09.980+0000] {dag.py:4180} INFO - Setting next_dagrun for tg_user_processing to 2026-01-16 00:00:00+00:00, run_after=2026-01-17 00:00:00+00:00
[2026-01-17T08:54:10.028+0000] {processor.py:208} INFO - Processing /opt/airflow/dags/tg_user_processing.py took 0.937 seconds
[2026-01-17T08:54:40.345+0000] {processor.py:186} INFO - Started process (PID=17751) to work on /opt/airflow/dags/tg_user_processing.py
[2026-01-17T08:54:40.347+0000] {processor.py:914} INFO - Processing file /opt/airflow/dags/tg_user_processing.py for tasks to queue
[2026-01-17T08:54:40.351+0000] {logging_mixin.py:190} INFO - [2026-01-17T08:54:40.350+0000] {dagbag.py:588} INFO - Filling up the DagBag from /opt/airflow/dags/tg_user_processing.py
[2026-01-17T08:54:41.132+0000] {processor.py:925} INFO - DAG(s) 'tg_user_processing' retrieved from /opt/airflow/dags/tg_user_processing.py
[2026-01-17T08:54:41.174+0000] {logging_mixin.py:190} INFO - [2026-01-17T08:54:41.173+0000] {dag.py:3239} INFO - Sync 1 DAGs
[2026-01-17T08:54:41.218+0000] {logging_mixin.py:190} INFO - [2026-01-17T08:54:41.217+0000] {dag.py:4180} INFO - Setting next_dagrun for tg_user_processing to 2026-01-16 00:00:00+00:00, run_after=2026-01-17 00:00:00+00:00
[2026-01-17T08:54:41.255+0000] {processor.py:208} INFO - Processing /opt/airflow/dags/tg_user_processing.py took 0.932 seconds
[2026-01-17T08:55:11.681+0000] {processor.py:186} INFO - Started process (PID=17775) to work on /opt/airflow/dags/tg_user_processing.py
[2026-01-17T08:55:11.685+0000] {processor.py:914} INFO - Processing file /opt/airflow/dags/tg_user_processing.py for tasks to queue
[2026-01-17T08:55:11.688+0000] {logging_mixin.py:190} INFO - [2026-01-17T08:55:11.687+0000] {dagbag.py:588} INFO - Filling up the DagBag from /opt/airflow/dags/tg_user_processing.py
[2026-01-17T08:55:12.485+0000] {processor.py:925} INFO - DAG(s) 'tg_user_processing' retrieved from /opt/airflow/dags/tg_user_processing.py
[2026-01-17T08:55:12.519+0000] {logging_mixin.py:190} INFO - [2026-01-17T08:55:12.518+0000] {dag.py:3239} INFO - Sync 1 DAGs
[2026-01-17T08:55:12.563+0000] {logging_mixin.py:190} INFO - [2026-01-17T08:55:12.563+0000] {dag.py:4180} INFO - Setting next_dagrun for tg_user_processing to 2026-01-16 00:00:00+00:00, run_after=2026-01-17 00:00:00+00:00
[2026-01-17T08:55:12.603+0000] {processor.py:208} INFO - Processing /opt/airflow/dags/tg_user_processing.py took 0.947 seconds
[2026-01-17T08:55:42.700+0000] {processor.py:186} INFO - Started process (PID=17799) to work on /opt/airflow/dags/tg_user_processing.py
[2026-01-17T08:55:42.701+0000] {processor.py:914} INFO - Processing file /opt/airflow/dags/tg_user_processing.py for tasks to queue
[2026-01-17T08:55:42.704+0000] {logging_mixin.py:190} INFO - [2026-01-17T08:55:42.703+0000] {dagbag.py:588} INFO - Filling up the DagBag from /opt/airflow/dags/tg_user_processing.py
[2026-01-17T08:55:43.605+0000] {processor.py:925} INFO - DAG(s) 'tg_user_processing' retrieved from /opt/airflow/dags/tg_user_processing.py
[2026-01-17T08:55:43.647+0000] {logging_mixin.py:190} INFO - [2026-01-17T08:55:43.646+0000] {dag.py:3239} INFO - Sync 1 DAGs
[2026-01-17T08:55:43.691+0000] {logging_mixin.py:190} INFO - [2026-01-17T08:55:43.690+0000] {dag.py:4180} INFO - Setting next_dagrun for tg_user_processing to 2026-01-16 00:00:00+00:00, run_after=2026-01-17 00:00:00+00:00
[2026-01-17T08:55:43.740+0000] {processor.py:208} INFO - Processing /opt/airflow/dags/tg_user_processing.py took 1.052 seconds
[2026-01-17T08:56:13.998+0000] {processor.py:186} INFO - Started process (PID=17823) to work on /opt/airflow/dags/tg_user_processing.py
[2026-01-17T08:56:14.000+0000] {processor.py:914} INFO - Processing file /opt/airflow/dags/tg_user_processing.py for tasks to queue
[2026-01-17T08:56:14.002+0000] {logging_mixin.py:190} INFO - [2026-01-17T08:56:14.001+0000] {dagbag.py:588} INFO - Filling up the DagBag from /opt/airflow/dags/tg_user_processing.py
[2026-01-17T08:56:14.820+0000] {processor.py:925} INFO - DAG(s) 'tg_user_processing' retrieved from /opt/airflow/dags/tg_user_processing.py
[2026-01-17T08:56:14.866+0000] {logging_mixin.py:190} INFO - [2026-01-17T08:56:14.865+0000] {dag.py:3239} INFO - Sync 1 DAGs
[2026-01-17T08:56:14.912+0000] {logging_mixin.py:190} INFO - [2026-01-17T08:56:14.912+0000] {dag.py:4180} INFO - Setting next_dagrun for tg_user_processing to 2026-01-16 00:00:00+00:00, run_after=2026-01-17 00:00:00+00:00
[2026-01-17T08:56:14.958+0000] {processor.py:208} INFO - Processing /opt/airflow/dags/tg_user_processing.py took 0.975 seconds
[2026-01-17T08:56:45.548+0000] {processor.py:186} INFO - Started process (PID=17848) to work on /opt/airflow/dags/tg_user_processing.py
[2026-01-17T08:56:45.551+0000] {processor.py:914} INFO - Processing file /opt/airflow/dags/tg_user_processing.py for tasks to queue
[2026-01-17T08:56:45.554+0000] {logging_mixin.py:190} INFO - [2026-01-17T08:56:45.553+0000] {dagbag.py:588} INFO - Filling up the DagBag from /opt/airflow/dags/tg_user_processing.py
[2026-01-17T08:56:46.362+0000] {processor.py:925} INFO - DAG(s) 'tg_user_processing' retrieved from /opt/airflow/dags/tg_user_processing.py
[2026-01-17T08:56:46.396+0000] {logging_mixin.py:190} INFO - [2026-01-17T08:56:46.395+0000] {dag.py:3239} INFO - Sync 1 DAGs
[2026-01-17T08:56:46.423+0000] {logging_mixin.py:190} INFO - [2026-01-17T08:56:46.423+0000] {dag.py:4180} INFO - Setting next_dagrun for tg_user_processing to 2026-01-16 00:00:00+00:00, run_after=2026-01-17 00:00:00+00:00
[2026-01-17T08:56:46.471+0000] {processor.py:208} INFO - Processing /opt/airflow/dags/tg_user_processing.py took 0.944 seconds
[2026-01-17T08:57:17.289+0000] {processor.py:186} INFO - Started process (PID=17872) to work on /opt/airflow/dags/tg_user_processing.py
[2026-01-17T08:57:17.292+0000] {processor.py:914} INFO - Processing file /opt/airflow/dags/tg_user_processing.py for tasks to queue
[2026-01-17T08:57:17.296+0000] {logging_mixin.py:190} INFO - [2026-01-17T08:57:17.295+0000] {dagbag.py:588} INFO - Filling up the DagBag from /opt/airflow/dags/tg_user_processing.py
[2026-01-17T08:57:18.101+0000] {processor.py:925} INFO - DAG(s) 'tg_user_processing' retrieved from /opt/airflow/dags/tg_user_processing.py
[2026-01-17T08:57:18.133+0000] {logging_mixin.py:190} INFO - [2026-01-17T08:57:18.133+0000] {dag.py:3239} INFO - Sync 1 DAGs
[2026-01-17T08:57:18.166+0000] {logging_mixin.py:190} INFO - [2026-01-17T08:57:18.166+0000] {dag.py:4180} INFO - Setting next_dagrun for tg_user_processing to 2026-01-16 00:00:00+00:00, run_after=2026-01-17 00:00:00+00:00
[2026-01-17T08:57:18.198+0000] {processor.py:208} INFO - Processing /opt/airflow/dags/tg_user_processing.py took 0.933 seconds
[2026-01-17T08:57:49.192+0000] {processor.py:186} INFO - Started process (PID=17896) to work on /opt/airflow/dags/tg_user_processing.py
[2026-01-17T08:57:49.195+0000] {processor.py:914} INFO - Processing file /opt/airflow/dags/tg_user_processing.py for tasks to queue
[2026-01-17T08:57:49.199+0000] {logging_mixin.py:190} INFO - [2026-01-17T08:57:49.198+0000] {dagbag.py:588} INFO - Filling up the DagBag from /opt/airflow/dags/tg_user_processing.py
[2026-01-17T08:57:49.979+0000] {processor.py:925} INFO - DAG(s) 'tg_user_processing' retrieved from /opt/airflow/dags/tg_user_processing.py
[2026-01-17T08:57:50.014+0000] {logging_mixin.py:190} INFO - [2026-01-17T08:57:50.013+0000] {dag.py:3239} INFO - Sync 1 DAGs
[2026-01-17T08:57:50.071+0000] {logging_mixin.py:190} INFO - [2026-01-17T08:57:50.070+0000] {dag.py:4180} INFO - Setting next_dagrun for tg_user_processing to 2026-01-16 00:00:00+00:00, run_after=2026-01-17 00:00:00+00:00
[2026-01-17T08:57:50.110+0000] {processor.py:208} INFO - Processing /opt/airflow/dags/tg_user_processing.py took 0.945 seconds
[2026-01-17T08:58:20.282+0000] {processor.py:186} INFO - Started process (PID=17920) to work on /opt/airflow/dags/tg_user_processing.py
[2026-01-17T08:58:20.284+0000] {processor.py:914} INFO - Processing file /opt/airflow/dags/tg_user_processing.py for tasks to queue
[2026-01-17T08:58:20.287+0000] {logging_mixin.py:190} INFO - [2026-01-17T08:58:20.286+0000] {dagbag.py:588} INFO - Filling up the DagBag from /opt/airflow/dags/tg_user_processing.py
[2026-01-17T08:58:21.112+0000] {processor.py:925} INFO - DAG(s) 'tg_user_processing' retrieved from /opt/airflow/dags/tg_user_processing.py
[2026-01-17T08:58:21.151+0000] {logging_mixin.py:190} INFO - [2026-01-17T08:58:21.150+0000] {dag.py:3239} INFO - Sync 1 DAGs
[2026-01-17T08:58:21.193+0000] {logging_mixin.py:190} INFO - [2026-01-17T08:58:21.193+0000] {dag.py:4180} INFO - Setting next_dagrun for tg_user_processing to 2026-01-16 00:00:00+00:00, run_after=2026-01-17 00:00:00+00:00
[2026-01-17T08:58:21.245+0000] {processor.py:208} INFO - Processing /opt/airflow/dags/tg_user_processing.py took 0.976 seconds
[2026-01-17T08:58:51.912+0000] {processor.py:186} INFO - Started process (PID=17944) to work on /opt/airflow/dags/tg_user_processing.py
[2026-01-17T08:58:51.914+0000] {processor.py:914} INFO - Processing file /opt/airflow/dags/tg_user_processing.py for tasks to queue
[2026-01-17T08:58:51.917+0000] {logging_mixin.py:190} INFO - [2026-01-17T08:58:51.916+0000] {dagbag.py:588} INFO - Filling up the DagBag from /opt/airflow/dags/tg_user_processing.py
[2026-01-17T08:58:52.722+0000] {processor.py:925} INFO - DAG(s) 'tg_user_processing' retrieved from /opt/airflow/dags/tg_user_processing.py
[2026-01-17T08:58:52.766+0000] {logging_mixin.py:190} INFO - [2026-01-17T08:58:52.765+0000] {dag.py:3239} INFO - Sync 1 DAGs
[2026-01-17T08:58:52.802+0000] {logging_mixin.py:190} INFO - [2026-01-17T08:58:52.802+0000] {dag.py:4180} INFO - Setting next_dagrun for tg_user_processing to 2026-01-16 00:00:00+00:00, run_after=2026-01-17 00:00:00+00:00
[2026-01-17T08:58:52.839+0000] {processor.py:208} INFO - Processing /opt/airflow/dags/tg_user_processing.py took 0.950 seconds
[2026-01-17T08:59:23.010+0000] {processor.py:186} INFO - Started process (PID=17968) to work on /opt/airflow/dags/tg_user_processing.py
[2026-01-17T08:59:23.012+0000] {processor.py:914} INFO - Processing file /opt/airflow/dags/tg_user_processing.py for tasks to queue
[2026-01-17T08:59:23.014+0000] {logging_mixin.py:190} INFO - [2026-01-17T08:59:23.013+0000] {dagbag.py:588} INFO - Filling up the DagBag from /opt/airflow/dags/tg_user_processing.py
[2026-01-17T08:59:23.800+0000] {processor.py:925} INFO - DAG(s) 'tg_user_processing' retrieved from /opt/airflow/dags/tg_user_processing.py
[2026-01-17T08:59:23.837+0000] {logging_mixin.py:190} INFO - [2026-01-17T08:59:23.837+0000] {dag.py:3239} INFO - Sync 1 DAGs
[2026-01-17T08:59:23.871+0000] {logging_mixin.py:190} INFO - [2026-01-17T08:59:23.871+0000] {dag.py:4180} INFO - Setting next_dagrun for tg_user_processing to 2026-01-16 00:00:00+00:00, run_after=2026-01-17 00:00:00+00:00
[2026-01-17T08:59:23.907+0000] {processor.py:208} INFO - Processing /opt/airflow/dags/tg_user_processing.py took 0.911 seconds
[2026-01-17T08:59:54.094+0000] {processor.py:186} INFO - Started process (PID=17992) to work on /opt/airflow/dags/tg_user_processing.py
[2026-01-17T08:59:54.096+0000] {processor.py:914} INFO - Processing file /opt/airflow/dags/tg_user_processing.py for tasks to queue
[2026-01-17T08:59:54.099+0000] {logging_mixin.py:190} INFO - [2026-01-17T08:59:54.098+0000] {dagbag.py:588} INFO - Filling up the DagBag from /opt/airflow/dags/tg_user_processing.py
[2026-01-17T08:59:54.927+0000] {processor.py:925} INFO - DAG(s) 'tg_user_processing' retrieved from /opt/airflow/dags/tg_user_processing.py
[2026-01-17T08:59:54.962+0000] {logging_mixin.py:190} INFO - [2026-01-17T08:59:54.962+0000] {dag.py:3239} INFO - Sync 1 DAGs
[2026-01-17T08:59:54.999+0000] {logging_mixin.py:190} INFO - [2026-01-17T08:59:54.998+0000] {dag.py:4180} INFO - Setting next_dagrun for tg_user_processing to 2026-01-16 00:00:00+00:00, run_after=2026-01-17 00:00:00+00:00
[2026-01-17T08:59:55.044+0000] {processor.py:208} INFO - Processing /opt/airflow/dags/tg_user_processing.py took 0.964 seconds
[2026-01-17T09:00:25.381+0000] {processor.py:186} INFO - Started process (PID=18016) to work on /opt/airflow/dags/tg_user_processing.py
[2026-01-17T09:00:25.383+0000] {processor.py:914} INFO - Processing file /opt/airflow/dags/tg_user_processing.py for tasks to queue
[2026-01-17T09:00:25.385+0000] {logging_mixin.py:190} INFO - [2026-01-17T09:00:25.384+0000] {dagbag.py:588} INFO - Filling up the DagBag from /opt/airflow/dags/tg_user_processing.py
[2026-01-17T09:00:26.219+0000] {processor.py:925} INFO - DAG(s) 'tg_user_processing' retrieved from /opt/airflow/dags/tg_user_processing.py
[2026-01-17T09:00:26.254+0000] {logging_mixin.py:190} INFO - [2026-01-17T09:00:26.253+0000] {dag.py:3239} INFO - Sync 1 DAGs
[2026-01-17T09:00:26.290+0000] {logging_mixin.py:190} INFO - [2026-01-17T09:00:26.290+0000] {dag.py:4180} INFO - Setting next_dagrun for tg_user_processing to 2026-01-16 00:00:00+00:00, run_after=2026-01-17 00:00:00+00:00
[2026-01-17T09:00:26.333+0000] {processor.py:208} INFO - Processing /opt/airflow/dags/tg_user_processing.py took 0.964 seconds
[2026-01-17T09:00:56.431+0000] {processor.py:186} INFO - Started process (PID=18040) to work on /opt/airflow/dags/tg_user_processing.py
[2026-01-17T09:00:56.433+0000] {processor.py:914} INFO - Processing file /opt/airflow/dags/tg_user_processing.py for tasks to queue
[2026-01-17T09:00:56.436+0000] {logging_mixin.py:190} INFO - [2026-01-17T09:00:56.435+0000] {dagbag.py:588} INFO - Filling up the DagBag from /opt/airflow/dags/tg_user_processing.py
[2026-01-17T09:00:57.245+0000] {processor.py:925} INFO - DAG(s) 'tg_user_processing' retrieved from /opt/airflow/dags/tg_user_processing.py
[2026-01-17T09:00:57.293+0000] {logging_mixin.py:190} INFO - [2026-01-17T09:00:57.292+0000] {dag.py:3239} INFO - Sync 1 DAGs
[2026-01-17T09:00:57.343+0000] {logging_mixin.py:190} INFO - [2026-01-17T09:00:57.343+0000] {dag.py:4180} INFO - Setting next_dagrun for tg_user_processing to 2026-01-16 00:00:00+00:00, run_after=2026-01-17 00:00:00+00:00
[2026-01-17T09:00:57.392+0000] {processor.py:208} INFO - Processing /opt/airflow/dags/tg_user_processing.py took 0.975 seconds
[2026-01-17T09:01:27.473+0000] {processor.py:186} INFO - Started process (PID=18064) to work on /opt/airflow/dags/tg_user_processing.py
[2026-01-17T09:01:27.476+0000] {processor.py:914} INFO - Processing file /opt/airflow/dags/tg_user_processing.py for tasks to queue
[2026-01-17T09:01:27.478+0000] {logging_mixin.py:190} INFO - [2026-01-17T09:01:27.478+0000] {dagbag.py:588} INFO - Filling up the DagBag from /opt/airflow/dags/tg_user_processing.py
[2026-01-17T09:01:28.253+0000] {processor.py:925} INFO - DAG(s) 'tg_user_processing' retrieved from /opt/airflow/dags/tg_user_processing.py
[2026-01-17T09:01:28.290+0000] {logging_mixin.py:190} INFO - [2026-01-17T09:01:28.289+0000] {dag.py:3239} INFO - Sync 1 DAGs
[2026-01-17T09:01:28.321+0000] {logging_mixin.py:190} INFO - [2026-01-17T09:01:28.321+0000] {dag.py:4180} INFO - Setting next_dagrun for tg_user_processing to 2026-01-16 00:00:00+00:00, run_after=2026-01-17 00:00:00+00:00
[2026-01-17T09:01:28.368+0000] {processor.py:208} INFO - Processing /opt/airflow/dags/tg_user_processing.py took 0.912 seconds
[2026-01-17T09:01:58.876+0000] {processor.py:186} INFO - Started process (PID=18088) to work on /opt/airflow/dags/tg_user_processing.py
[2026-01-17T09:01:58.887+0000] {processor.py:914} INFO - Processing file /opt/airflow/dags/tg_user_processing.py for tasks to queue
[2026-01-17T09:01:58.900+0000] {logging_mixin.py:190} INFO - [2026-01-17T09:01:58.895+0000] {dagbag.py:588} INFO - Filling up the DagBag from /opt/airflow/dags/tg_user_processing.py
[2026-01-17T09:02:01.926+0000] {processor.py:925} INFO - DAG(s) 'tg_user_processing' retrieved from /opt/airflow/dags/tg_user_processing.py
[2026-01-17T09:02:02.037+0000] {logging_mixin.py:190} INFO - [2026-01-17T09:02:02.034+0000] {dag.py:3239} INFO - Sync 1 DAGs
[2026-01-17T09:02:02.153+0000] {logging_mixin.py:190} INFO - [2026-01-17T09:02:02.152+0000] {dag.py:4180} INFO - Setting next_dagrun for tg_user_processing to 2026-01-16 00:00:00+00:00, run_after=2026-01-17 00:00:00+00:00
[2026-01-17T09:02:02.289+0000] {processor.py:208} INFO - Processing /opt/airflow/dags/tg_user_processing.py took 3.448 seconds
[2026-01-17T09:02:32.897+0000] {processor.py:186} INFO - Started process (PID=18118) to work on /opt/airflow/dags/tg_user_processing.py
[2026-01-17T09:02:32.899+0000] {processor.py:914} INFO - Processing file /opt/airflow/dags/tg_user_processing.py for tasks to queue
[2026-01-17T09:02:32.902+0000] {logging_mixin.py:190} INFO - [2026-01-17T09:02:32.901+0000] {dagbag.py:588} INFO - Filling up the DagBag from /opt/airflow/dags/tg_user_processing.py
[2026-01-17T09:02:33.973+0000] {processor.py:925} INFO - DAG(s) 'tg_user_processing' retrieved from /opt/airflow/dags/tg_user_processing.py
[2026-01-17T09:02:34.023+0000] {logging_mixin.py:190} INFO - [2026-01-17T09:02:34.022+0000] {dag.py:3239} INFO - Sync 1 DAGs
[2026-01-17T09:02:34.073+0000] {logging_mixin.py:190} INFO - [2026-01-17T09:02:34.073+0000] {dag.py:4180} INFO - Setting next_dagrun for tg_user_processing to 2026-01-16 00:00:00+00:00, run_after=2026-01-17 00:00:00+00:00
[2026-01-17T09:02:34.120+0000] {processor.py:208} INFO - Processing /opt/airflow/dags/tg_user_processing.py took 1.237 seconds
[2026-01-17T09:03:04.418+0000] {processor.py:186} INFO - Started process (PID=18142) to work on /opt/airflow/dags/tg_user_processing.py
[2026-01-17T09:03:04.420+0000] {processor.py:914} INFO - Processing file /opt/airflow/dags/tg_user_processing.py for tasks to queue
[2026-01-17T09:03:04.422+0000] {logging_mixin.py:190} INFO - [2026-01-17T09:03:04.421+0000] {dagbag.py:588} INFO - Filling up the DagBag from /opt/airflow/dags/tg_user_processing.py
[2026-01-17T09:03:05.280+0000] {processor.py:925} INFO - DAG(s) 'tg_user_processing' retrieved from /opt/airflow/dags/tg_user_processing.py
[2026-01-17T09:03:05.320+0000] {logging_mixin.py:190} INFO - [2026-01-17T09:03:05.319+0000] {dag.py:3239} INFO - Sync 1 DAGs
[2026-01-17T09:03:05.360+0000] {logging_mixin.py:190} INFO - [2026-01-17T09:03:05.359+0000] {dag.py:4180} INFO - Setting next_dagrun for tg_user_processing to 2026-01-16 00:00:00+00:00, run_after=2026-01-17 00:00:00+00:00
[2026-01-17T09:03:05.409+0000] {processor.py:208} INFO - Processing /opt/airflow/dags/tg_user_processing.py took 1.013 seconds
[2026-01-17T09:03:35.704+0000] {processor.py:186} INFO - Started process (PID=18166) to work on /opt/airflow/dags/tg_user_processing.py
[2026-01-17T09:03:35.706+0000] {processor.py:914} INFO - Processing file /opt/airflow/dags/tg_user_processing.py for tasks to queue
[2026-01-17T09:03:35.710+0000] {logging_mixin.py:190} INFO - [2026-01-17T09:03:35.708+0000] {dagbag.py:588} INFO - Filling up the DagBag from /opt/airflow/dags/tg_user_processing.py
[2026-01-17T09:03:36.635+0000] {processor.py:925} INFO - DAG(s) 'tg_user_processing' retrieved from /opt/airflow/dags/tg_user_processing.py
[2026-01-17T09:03:36.679+0000] {logging_mixin.py:190} INFO - [2026-01-17T09:03:36.679+0000] {dag.py:3239} INFO - Sync 1 DAGs
[2026-01-17T09:03:36.729+0000] {logging_mixin.py:190} INFO - [2026-01-17T09:03:36.729+0000] {dag.py:4180} INFO - Setting next_dagrun for tg_user_processing to 2026-01-16 00:00:00+00:00, run_after=2026-01-17 00:00:00+00:00
[2026-01-17T09:03:36.784+0000] {processor.py:208} INFO - Processing /opt/airflow/dags/tg_user_processing.py took 1.098 seconds
[2026-01-17T09:04:07.078+0000] {processor.py:186} INFO - Started process (PID=18189) to work on /opt/airflow/dags/tg_user_processing.py
[2026-01-17T09:04:07.080+0000] {processor.py:914} INFO - Processing file /opt/airflow/dags/tg_user_processing.py for tasks to queue
[2026-01-17T09:04:07.082+0000] {logging_mixin.py:190} INFO - [2026-01-17T09:04:07.082+0000] {dagbag.py:588} INFO - Filling up the DagBag from /opt/airflow/dags/tg_user_processing.py
[2026-01-17T09:04:07.964+0000] {processor.py:925} INFO - DAG(s) 'tg_user_processing' retrieved from /opt/airflow/dags/tg_user_processing.py
[2026-01-17T09:04:08.005+0000] {logging_mixin.py:190} INFO - [2026-01-17T09:04:08.005+0000] {dag.py:3239} INFO - Sync 1 DAGs
[2026-01-17T09:04:08.055+0000] {logging_mixin.py:190} INFO - [2026-01-17T09:04:08.054+0000] {dag.py:4180} INFO - Setting next_dagrun for tg_user_processing to 2026-01-16 00:00:00+00:00, run_after=2026-01-17 00:00:00+00:00
[2026-01-17T09:04:08.111+0000] {processor.py:208} INFO - Processing /opt/airflow/dags/tg_user_processing.py took 1.048 seconds
[2026-01-17T09:04:38.426+0000] {processor.py:186} INFO - Started process (PID=18213) to work on /opt/airflow/dags/tg_user_processing.py
[2026-01-17T09:04:38.429+0000] {processor.py:914} INFO - Processing file /opt/airflow/dags/tg_user_processing.py for tasks to queue
[2026-01-17T09:04:38.432+0000] {logging_mixin.py:190} INFO - [2026-01-17T09:04:38.431+0000] {dagbag.py:588} INFO - Filling up the DagBag from /opt/airflow/dags/tg_user_processing.py
[2026-01-17T09:04:39.422+0000] {processor.py:925} INFO - DAG(s) 'tg_user_processing' retrieved from /opt/airflow/dags/tg_user_processing.py
[2026-01-17T09:04:39.486+0000] {logging_mixin.py:190} INFO - [2026-01-17T09:04:39.485+0000] {dag.py:3239} INFO - Sync 1 DAGs
[2026-01-17T09:04:39.553+0000] {logging_mixin.py:190} INFO - [2026-01-17T09:04:39.552+0000] {dag.py:4180} INFO - Setting next_dagrun for tg_user_processing to 2026-01-16 00:00:00+00:00, run_after=2026-01-17 00:00:00+00:00
[2026-01-17T09:04:39.626+0000] {processor.py:208} INFO - Processing /opt/airflow/dags/tg_user_processing.py took 1.219 seconds
[2026-01-17T09:05:09.895+0000] {processor.py:186} INFO - Started process (PID=18237) to work on /opt/airflow/dags/tg_user_processing.py
[2026-01-17T09:05:09.897+0000] {processor.py:914} INFO - Processing file /opt/airflow/dags/tg_user_processing.py for tasks to queue
[2026-01-17T09:05:09.899+0000] {logging_mixin.py:190} INFO - [2026-01-17T09:05:09.899+0000] {dagbag.py:588} INFO - Filling up the DagBag from /opt/airflow/dags/tg_user_processing.py
[2026-01-17T09:05:10.906+0000] {processor.py:925} INFO - DAG(s) 'tg_user_processing' retrieved from /opt/airflow/dags/tg_user_processing.py
[2026-01-17T09:05:10.959+0000] {logging_mixin.py:190} INFO - [2026-01-17T09:05:10.958+0000] {dag.py:3239} INFO - Sync 1 DAGs
[2026-01-17T09:05:11.017+0000] {logging_mixin.py:190} INFO - [2026-01-17T09:05:11.017+0000] {dag.py:4180} INFO - Setting next_dagrun for tg_user_processing to 2026-01-16 00:00:00+00:00, run_after=2026-01-17 00:00:00+00:00
[2026-01-17T09:05:11.063+0000] {processor.py:208} INFO - Processing /opt/airflow/dags/tg_user_processing.py took 1.202 seconds
[2026-01-17T09:05:41.194+0000] {processor.py:186} INFO - Started process (PID=18261) to work on /opt/airflow/dags/tg_user_processing.py
[2026-01-17T09:05:41.196+0000] {processor.py:914} INFO - Processing file /opt/airflow/dags/tg_user_processing.py for tasks to queue
[2026-01-17T09:05:41.199+0000] {logging_mixin.py:190} INFO - [2026-01-17T09:05:41.198+0000] {dagbag.py:588} INFO - Filling up the DagBag from /opt/airflow/dags/tg_user_processing.py
[2026-01-17T09:05:42.205+0000] {processor.py:925} INFO - DAG(s) 'tg_user_processing' retrieved from /opt/airflow/dags/tg_user_processing.py
[2026-01-17T09:05:42.252+0000] {logging_mixin.py:190} INFO - [2026-01-17T09:05:42.251+0000] {dag.py:3239} INFO - Sync 1 DAGs
[2026-01-17T09:05:42.296+0000] {logging_mixin.py:190} INFO - [2026-01-17T09:05:42.296+0000] {dag.py:4180} INFO - Setting next_dagrun for tg_user_processing to 2026-01-16 00:00:00+00:00, run_after=2026-01-17 00:00:00+00:00
[2026-01-17T09:05:42.357+0000] {processor.py:208} INFO - Processing /opt/airflow/dags/tg_user_processing.py took 1.180 seconds
[2026-01-17T09:06:12.599+0000] {processor.py:186} INFO - Started process (PID=18285) to work on /opt/airflow/dags/tg_user_processing.py
[2026-01-17T09:06:12.600+0000] {processor.py:914} INFO - Processing file /opt/airflow/dags/tg_user_processing.py for tasks to queue
[2026-01-17T09:06:12.603+0000] {logging_mixin.py:190} INFO - [2026-01-17T09:06:12.602+0000] {dagbag.py:588} INFO - Filling up the DagBag from /opt/airflow/dags/tg_user_processing.py
[2026-01-17T09:06:13.636+0000] {processor.py:925} INFO - DAG(s) 'tg_user_processing' retrieved from /opt/airflow/dags/tg_user_processing.py
[2026-01-17T09:06:13.691+0000] {logging_mixin.py:190} INFO - [2026-01-17T09:06:13.689+0000] {dag.py:3239} INFO - Sync 1 DAGs
[2026-01-17T09:06:13.759+0000] {logging_mixin.py:190} INFO - [2026-01-17T09:06:13.757+0000] {dag.py:4180} INFO - Setting next_dagrun for tg_user_processing to 2026-01-16 00:00:00+00:00, run_after=2026-01-17 00:00:00+00:00
[2026-01-17T09:06:13.819+0000] {processor.py:208} INFO - Processing /opt/airflow/dags/tg_user_processing.py took 1.245 seconds
[2026-01-17T09:06:44.543+0000] {processor.py:186} INFO - Started process (PID=18309) to work on /opt/airflow/dags/tg_user_processing.py
[2026-01-17T09:06:44.546+0000] {processor.py:914} INFO - Processing file /opt/airflow/dags/tg_user_processing.py for tasks to queue
[2026-01-17T09:06:44.550+0000] {logging_mixin.py:190} INFO - [2026-01-17T09:06:44.549+0000] {dagbag.py:588} INFO - Filling up the DagBag from /opt/airflow/dags/tg_user_processing.py
[2026-01-17T09:06:45.502+0000] {processor.py:925} INFO - DAG(s) 'tg_user_processing' retrieved from /opt/airflow/dags/tg_user_processing.py
[2026-01-17T09:06:45.555+0000] {logging_mixin.py:190} INFO - [2026-01-17T09:06:45.554+0000] {dag.py:3239} INFO - Sync 1 DAGs
[2026-01-17T09:06:45.596+0000] {logging_mixin.py:190} INFO - [2026-01-17T09:06:45.596+0000] {dag.py:4180} INFO - Setting next_dagrun for tg_user_processing to 2026-01-16 00:00:00+00:00, run_after=2026-01-17 00:00:00+00:00
[2026-01-17T09:06:45.641+0000] {processor.py:208} INFO - Processing /opt/airflow/dags/tg_user_processing.py took 1.118 seconds
[2026-01-17T09:07:15.904+0000] {processor.py:186} INFO - Started process (PID=18334) to work on /opt/airflow/dags/tg_user_processing.py
[2026-01-17T09:07:15.907+0000] {processor.py:914} INFO - Processing file /opt/airflow/dags/tg_user_processing.py for tasks to queue
[2026-01-17T09:07:15.911+0000] {logging_mixin.py:190} INFO - [2026-01-17T09:07:15.911+0000] {dagbag.py:588} INFO - Filling up the DagBag from /opt/airflow/dags/tg_user_processing.py
[2026-01-17T09:07:16.860+0000] {processor.py:925} INFO - DAG(s) 'tg_user_processing' retrieved from /opt/airflow/dags/tg_user_processing.py
[2026-01-17T09:07:16.909+0000] {logging_mixin.py:190} INFO - [2026-01-17T09:07:16.906+0000] {dag.py:3239} INFO - Sync 1 DAGs
[2026-01-17T09:07:16.951+0000] {logging_mixin.py:190} INFO - [2026-01-17T09:07:16.951+0000] {dag.py:4180} INFO - Setting next_dagrun for tg_user_processing to 2026-01-16 00:00:00+00:00, run_after=2026-01-17 00:00:00+00:00
[2026-01-17T09:07:17.008+0000] {processor.py:208} INFO - Processing /opt/airflow/dags/tg_user_processing.py took 1.124 seconds
[2026-01-17T09:07:47.721+0000] {processor.py:186} INFO - Started process (PID=18358) to work on /opt/airflow/dags/tg_user_processing.py
[2026-01-17T09:07:47.723+0000] {processor.py:914} INFO - Processing file /opt/airflow/dags/tg_user_processing.py for tasks to queue
[2026-01-17T09:07:47.726+0000] {logging_mixin.py:190} INFO - [2026-01-17T09:07:47.725+0000] {dagbag.py:588} INFO - Filling up the DagBag from /opt/airflow/dags/tg_user_processing.py
[2026-01-17T09:07:48.809+0000] {processor.py:925} INFO - DAG(s) 'tg_user_processing' retrieved from /opt/airflow/dags/tg_user_processing.py
[2026-01-17T09:07:48.862+0000] {logging_mixin.py:190} INFO - [2026-01-17T09:07:48.862+0000] {dag.py:3239} INFO - Sync 1 DAGs
[2026-01-17T09:07:48.936+0000] {logging_mixin.py:190} INFO - [2026-01-17T09:07:48.934+0000] {dag.py:4180} INFO - Setting next_dagrun for tg_user_processing to 2026-01-16 00:00:00+00:00, run_after=2026-01-17 00:00:00+00:00
[2026-01-17T09:07:49.015+0000] {processor.py:208} INFO - Processing /opt/airflow/dags/tg_user_processing.py took 1.306 seconds
[2026-01-17T09:08:19.227+0000] {processor.py:186} INFO - Started process (PID=18382) to work on /opt/airflow/dags/tg_user_processing.py
[2026-01-17T09:08:19.229+0000] {processor.py:914} INFO - Processing file /opt/airflow/dags/tg_user_processing.py for tasks to queue
[2026-01-17T09:08:19.232+0000] {logging_mixin.py:190} INFO - [2026-01-17T09:08:19.232+0000] {dagbag.py:588} INFO - Filling up the DagBag from /opt/airflow/dags/tg_user_processing.py
[2026-01-17T09:08:20.099+0000] {processor.py:925} INFO - DAG(s) 'tg_user_processing' retrieved from /opt/airflow/dags/tg_user_processing.py
[2026-01-17T09:08:20.138+0000] {logging_mixin.py:190} INFO - [2026-01-17T09:08:20.137+0000] {dag.py:3239} INFO - Sync 1 DAGs
[2026-01-17T09:08:20.178+0000] {logging_mixin.py:190} INFO - [2026-01-17T09:08:20.178+0000] {dag.py:4180} INFO - Setting next_dagrun for tg_user_processing to 2026-01-16 00:00:00+00:00, run_after=2026-01-17 00:00:00+00:00
[2026-01-17T09:08:20.231+0000] {processor.py:208} INFO - Processing /opt/airflow/dags/tg_user_processing.py took 1.025 seconds
[2026-01-17T09:08:50.630+0000] {processor.py:186} INFO - Started process (PID=18406) to work on /opt/airflow/dags/tg_user_processing.py
[2026-01-17T09:08:50.633+0000] {processor.py:914} INFO - Processing file /opt/airflow/dags/tg_user_processing.py for tasks to queue
[2026-01-17T09:08:50.637+0000] {logging_mixin.py:190} INFO - [2026-01-17T09:08:50.636+0000] {dagbag.py:588} INFO - Filling up the DagBag from /opt/airflow/dags/tg_user_processing.py
[2026-01-17T09:08:51.892+0000] {processor.py:925} INFO - DAG(s) 'tg_user_processing' retrieved from /opt/airflow/dags/tg_user_processing.py
[2026-01-17T09:08:51.942+0000] {logging_mixin.py:190} INFO - [2026-01-17T09:08:51.941+0000] {dag.py:3239} INFO - Sync 1 DAGs
[2026-01-17T09:08:51.992+0000] {logging_mixin.py:190} INFO - [2026-01-17T09:08:51.991+0000] {dag.py:4180} INFO - Setting next_dagrun for tg_user_processing to 2026-01-16 00:00:00+00:00, run_after=2026-01-17 00:00:00+00:00
[2026-01-17T09:08:52.046+0000] {processor.py:208} INFO - Processing /opt/airflow/dags/tg_user_processing.py took 1.431 seconds
[2026-01-17T09:09:22.502+0000] {processor.py:186} INFO - Started process (PID=18430) to work on /opt/airflow/dags/tg_user_processing.py
[2026-01-17T09:09:22.504+0000] {processor.py:914} INFO - Processing file /opt/airflow/dags/tg_user_processing.py for tasks to queue
[2026-01-17T09:09:22.506+0000] {logging_mixin.py:190} INFO - [2026-01-17T09:09:22.505+0000] {dagbag.py:588} INFO - Filling up the DagBag from /opt/airflow/dags/tg_user_processing.py
[2026-01-17T09:09:23.334+0000] {processor.py:925} INFO - DAG(s) 'tg_user_processing' retrieved from /opt/airflow/dags/tg_user_processing.py
[2026-01-17T09:09:23.366+0000] {logging_mixin.py:190} INFO - [2026-01-17T09:09:23.366+0000] {dag.py:3239} INFO - Sync 1 DAGs
[2026-01-17T09:09:23.399+0000] {logging_mixin.py:190} INFO - [2026-01-17T09:09:23.398+0000] {dag.py:4180} INFO - Setting next_dagrun for tg_user_processing to 2026-01-16 00:00:00+00:00, run_after=2026-01-17 00:00:00+00:00
[2026-01-17T09:09:23.440+0000] {processor.py:208} INFO - Processing /opt/airflow/dags/tg_user_processing.py took 0.953 seconds
[2026-01-17T09:09:54.493+0000] {processor.py:186} INFO - Started process (PID=18454) to work on /opt/airflow/dags/tg_user_processing.py
[2026-01-17T09:09:54.496+0000] {processor.py:914} INFO - Processing file /opt/airflow/dags/tg_user_processing.py for tasks to queue
[2026-01-17T09:09:54.500+0000] {logging_mixin.py:190} INFO - [2026-01-17T09:09:54.499+0000] {dagbag.py:588} INFO - Filling up the DagBag from /opt/airflow/dags/tg_user_processing.py
[2026-01-17T09:09:55.465+0000] {processor.py:925} INFO - DAG(s) 'tg_user_processing' retrieved from /opt/airflow/dags/tg_user_processing.py
[2026-01-17T09:09:55.520+0000] {logging_mixin.py:190} INFO - [2026-01-17T09:09:55.519+0000] {dag.py:3239} INFO - Sync 1 DAGs
[2026-01-17T09:09:55.573+0000] {logging_mixin.py:190} INFO - [2026-01-17T09:09:55.572+0000] {dag.py:4180} INFO - Setting next_dagrun for tg_user_processing to 2026-01-16 00:00:00+00:00, run_after=2026-01-17 00:00:00+00:00
[2026-01-17T09:09:55.630+0000] {processor.py:208} INFO - Processing /opt/airflow/dags/tg_user_processing.py took 1.168 seconds
[2026-01-17T09:10:26.305+0000] {processor.py:186} INFO - Started process (PID=18478) to work on /opt/airflow/dags/tg_user_processing.py
[2026-01-17T09:10:26.308+0000] {processor.py:914} INFO - Processing file /opt/airflow/dags/tg_user_processing.py for tasks to queue
[2026-01-17T09:10:26.310+0000] {logging_mixin.py:190} INFO - [2026-01-17T09:10:26.309+0000] {dagbag.py:588} INFO - Filling up the DagBag from /opt/airflow/dags/tg_user_processing.py
[2026-01-17T09:10:27.288+0000] {processor.py:925} INFO - DAG(s) 'tg_user_processing' retrieved from /opt/airflow/dags/tg_user_processing.py
[2026-01-17T09:10:27.357+0000] {logging_mixin.py:190} INFO - [2026-01-17T09:10:27.356+0000] {dag.py:3239} INFO - Sync 1 DAGs
[2026-01-17T09:10:27.401+0000] {logging_mixin.py:190} INFO - [2026-01-17T09:10:27.400+0000] {dag.py:4180} INFO - Setting next_dagrun for tg_user_processing to 2026-01-16 00:00:00+00:00, run_after=2026-01-17 00:00:00+00:00
[2026-01-17T09:10:27.438+0000] {processor.py:208} INFO - Processing /opt/airflow/dags/tg_user_processing.py took 1.149 seconds
[2026-01-17T09:10:57.722+0000] {processor.py:186} INFO - Started process (PID=18502) to work on /opt/airflow/dags/tg_user_processing.py
[2026-01-17T09:10:57.725+0000] {processor.py:914} INFO - Processing file /opt/airflow/dags/tg_user_processing.py for tasks to queue
[2026-01-17T09:10:57.729+0000] {logging_mixin.py:190} INFO - [2026-01-17T09:10:57.728+0000] {dagbag.py:588} INFO - Filling up the DagBag from /opt/airflow/dags/tg_user_processing.py
[2026-01-17T09:10:58.555+0000] {processor.py:925} INFO - DAG(s) 'tg_user_processing' retrieved from /opt/airflow/dags/tg_user_processing.py
[2026-01-17T09:10:58.597+0000] {logging_mixin.py:190} INFO - [2026-01-17T09:10:58.597+0000] {dag.py:3239} INFO - Sync 1 DAGs
[2026-01-17T09:10:58.634+0000] {logging_mixin.py:190} INFO - [2026-01-17T09:10:58.633+0000] {dag.py:4180} INFO - Setting next_dagrun for tg_user_processing to 2026-01-16 00:00:00+00:00, run_after=2026-01-17 00:00:00+00:00
[2026-01-17T09:10:58.672+0000] {processor.py:208} INFO - Processing /opt/airflow/dags/tg_user_processing.py took 0.973 seconds
[2026-01-17T09:11:29.365+0000] {processor.py:186} INFO - Started process (PID=18526) to work on /opt/airflow/dags/tg_user_processing.py
[2026-01-17T09:11:29.369+0000] {processor.py:914} INFO - Processing file /opt/airflow/dags/tg_user_processing.py for tasks to queue
[2026-01-17T09:11:29.372+0000] {logging_mixin.py:190} INFO - [2026-01-17T09:11:29.371+0000] {dagbag.py:588} INFO - Filling up the DagBag from /opt/airflow/dags/tg_user_processing.py
[2026-01-17T09:11:32.168+0000] {processor.py:925} INFO - DAG(s) 'tg_user_processing' retrieved from /opt/airflow/dags/tg_user_processing.py
[2026-01-17T09:11:32.618+0000] {logging_mixin.py:190} INFO - [2026-01-17T09:11:32.616+0000] {dag.py:3239} INFO - Sync 1 DAGs
[2026-01-17T09:11:32.749+0000] {logging_mixin.py:190} INFO - [2026-01-17T09:11:32.748+0000] {dag.py:4180} INFO - Setting next_dagrun for tg_user_processing to 2026-01-16 00:00:00+00:00, run_after=2026-01-17 00:00:00+00:00
[2026-01-17T09:11:33.715+0000] {processor.py:208} INFO - Processing /opt/airflow/dags/tg_user_processing.py took 4.366 seconds
[2026-01-17T09:12:06.843+0000] {processor.py:186} INFO - Started process (PID=18552) to work on /opt/airflow/dags/tg_user_processing.py
[2026-01-17T09:12:06.845+0000] {processor.py:914} INFO - Processing file /opt/airflow/dags/tg_user_processing.py for tasks to queue
[2026-01-17T09:12:06.848+0000] {logging_mixin.py:190} INFO - [2026-01-17T09:12:06.847+0000] {dagbag.py:588} INFO - Filling up the DagBag from /opt/airflow/dags/tg_user_processing.py
[2026-01-17T09:12:07.593+0000] {processor.py:925} INFO - DAG(s) 'tg_user_processing' retrieved from /opt/airflow/dags/tg_user_processing.py
[2026-01-17T09:12:07.627+0000] {logging_mixin.py:190} INFO - [2026-01-17T09:12:07.626+0000] {dag.py:3239} INFO - Sync 1 DAGs
[2026-01-17T09:12:07.664+0000] {logging_mixin.py:190} INFO - [2026-01-17T09:12:07.663+0000] {dag.py:4180} INFO - Setting next_dagrun for tg_user_processing to 2026-01-16 00:00:00+00:00, run_after=2026-01-17 00:00:00+00:00
[2026-01-17T09:12:07.698+0000] {processor.py:208} INFO - Processing /opt/airflow/dags/tg_user_processing.py took 0.869 seconds
[2026-01-17T09:12:38.119+0000] {processor.py:186} INFO - Started process (PID=18582) to work on /opt/airflow/dags/tg_user_processing.py
[2026-01-17T09:12:38.121+0000] {processor.py:914} INFO - Processing file /opt/airflow/dags/tg_user_processing.py for tasks to queue
[2026-01-17T09:12:38.123+0000] {logging_mixin.py:190} INFO - [2026-01-17T09:12:38.122+0000] {dagbag.py:588} INFO - Filling up the DagBag from /opt/airflow/dags/tg_user_processing.py
[2026-01-17T09:12:38.936+0000] {processor.py:925} INFO - DAG(s) 'tg_user_processing' retrieved from /opt/airflow/dags/tg_user_processing.py
[2026-01-17T09:12:38.972+0000] {logging_mixin.py:190} INFO - [2026-01-17T09:12:38.971+0000] {dag.py:3239} INFO - Sync 1 DAGs
[2026-01-17T09:12:39.010+0000] {logging_mixin.py:190} INFO - [2026-01-17T09:12:39.010+0000] {dag.py:4180} INFO - Setting next_dagrun for tg_user_processing to 2026-01-16 00:00:00+00:00, run_after=2026-01-17 00:00:00+00:00
[2026-01-17T09:12:39.046+0000] {processor.py:208} INFO - Processing /opt/airflow/dags/tg_user_processing.py took 0.942 seconds
[2026-01-17T09:13:09.648+0000] {processor.py:186} INFO - Started process (PID=18606) to work on /opt/airflow/dags/tg_user_processing.py
[2026-01-17T09:13:09.651+0000] {processor.py:914} INFO - Processing file /opt/airflow/dags/tg_user_processing.py for tasks to queue
[2026-01-17T09:13:09.654+0000] {logging_mixin.py:190} INFO - [2026-01-17T09:13:09.653+0000] {dagbag.py:588} INFO - Filling up the DagBag from /opt/airflow/dags/tg_user_processing.py
[2026-01-17T09:13:10.596+0000] {processor.py:925} INFO - DAG(s) 'tg_user_processing' retrieved from /opt/airflow/dags/tg_user_processing.py
[2026-01-17T09:13:10.636+0000] {logging_mixin.py:190} INFO - [2026-01-17T09:13:10.635+0000] {dag.py:3239} INFO - Sync 1 DAGs
[2026-01-17T09:13:10.673+0000] {logging_mixin.py:190} INFO - [2026-01-17T09:13:10.672+0000] {dag.py:4180} INFO - Setting next_dagrun for tg_user_processing to 2026-01-16 00:00:00+00:00, run_after=2026-01-17 00:00:00+00:00
[2026-01-17T09:13:10.712+0000] {processor.py:208} INFO - Processing /opt/airflow/dags/tg_user_processing.py took 1.080 seconds
[2026-01-17T09:13:40.948+0000] {processor.py:186} INFO - Started process (PID=18632) to work on /opt/airflow/dags/tg_user_processing.py
[2026-01-17T09:13:40.950+0000] {processor.py:914} INFO - Processing file /opt/airflow/dags/tg_user_processing.py for tasks to queue
[2026-01-17T09:13:40.953+0000] {logging_mixin.py:190} INFO - [2026-01-17T09:13:40.952+0000] {dagbag.py:588} INFO - Filling up the DagBag from /opt/airflow/dags/tg_user_processing.py
[2026-01-17T09:13:41.722+0000] {processor.py:925} INFO - DAG(s) 'tg_user_processing' retrieved from /opt/airflow/dags/tg_user_processing.py
[2026-01-17T09:13:41.764+0000] {logging_mixin.py:190} INFO - [2026-01-17T09:13:41.764+0000] {dag.py:3239} INFO - Sync 1 DAGs
[2026-01-17T09:13:41.809+0000] {logging_mixin.py:190} INFO - [2026-01-17T09:13:41.809+0000] {dag.py:4180} INFO - Setting next_dagrun for tg_user_processing to 2026-01-16 00:00:00+00:00, run_after=2026-01-17 00:00:00+00:00
[2026-01-17T09:13:41.854+0000] {processor.py:208} INFO - Processing /opt/airflow/dags/tg_user_processing.py took 0.922 seconds
[2026-01-17T09:14:12.005+0000] {processor.py:186} INFO - Started process (PID=18656) to work on /opt/airflow/dags/tg_user_processing.py
[2026-01-17T09:14:12.008+0000] {processor.py:914} INFO - Processing file /opt/airflow/dags/tg_user_processing.py for tasks to queue
[2026-01-17T09:14:12.011+0000] {logging_mixin.py:190} INFO - [2026-01-17T09:14:12.010+0000] {dagbag.py:588} INFO - Filling up the DagBag from /opt/airflow/dags/tg_user_processing.py
[2026-01-17T09:14:13.094+0000] {processor.py:925} INFO - DAG(s) 'tg_user_processing' retrieved from /opt/airflow/dags/tg_user_processing.py
[2026-01-17T09:14:13.144+0000] {logging_mixin.py:190} INFO - [2026-01-17T09:14:13.143+0000] {dag.py:3239} INFO - Sync 1 DAGs
[2026-01-17T09:14:13.190+0000] {logging_mixin.py:190} INFO - [2026-01-17T09:14:13.190+0000] {dag.py:4180} INFO - Setting next_dagrun for tg_user_processing to 2026-01-16 00:00:00+00:00, run_after=2026-01-17 00:00:00+00:00
[2026-01-17T09:14:13.234+0000] {processor.py:208} INFO - Processing /opt/airflow/dags/tg_user_processing.py took 1.246 seconds
[2026-01-17T09:14:43.360+0000] {processor.py:186} INFO - Started process (PID=18683) to work on /opt/airflow/dags/tg_user_processing.py
[2026-01-17T09:14:43.363+0000] {processor.py:914} INFO - Processing file /opt/airflow/dags/tg_user_processing.py for tasks to queue
[2026-01-17T09:14:43.365+0000] {logging_mixin.py:190} INFO - [2026-01-17T09:14:43.365+0000] {dagbag.py:588} INFO - Filling up the DagBag from /opt/airflow/dags/tg_user_processing.py
[2026-01-17T09:14:44.147+0000] {processor.py:925} INFO - DAG(s) 'tg_user_processing' retrieved from /opt/airflow/dags/tg_user_processing.py
[2026-01-17T09:14:44.183+0000] {logging_mixin.py:190} INFO - [2026-01-17T09:14:44.183+0000] {dag.py:3239} INFO - Sync 1 DAGs
[2026-01-17T09:14:44.217+0000] {logging_mixin.py:190} INFO - [2026-01-17T09:14:44.216+0000] {dag.py:4180} INFO - Setting next_dagrun for tg_user_processing to 2026-01-16 00:00:00+00:00, run_after=2026-01-17 00:00:00+00:00
[2026-01-17T09:14:44.256+0000] {processor.py:208} INFO - Processing /opt/airflow/dags/tg_user_processing.py took 0.910 seconds
[2026-01-17T09:15:14.331+0000] {processor.py:186} INFO - Started process (PID=18707) to work on /opt/airflow/dags/tg_user_processing.py
[2026-01-17T09:15:14.333+0000] {processor.py:914} INFO - Processing file /opt/airflow/dags/tg_user_processing.py for tasks to queue
[2026-01-17T09:15:14.336+0000] {logging_mixin.py:190} INFO - [2026-01-17T09:15:14.336+0000] {dagbag.py:588} INFO - Filling up the DagBag from /opt/airflow/dags/tg_user_processing.py
[2026-01-17T09:15:15.276+0000] {processor.py:925} INFO - DAG(s) 'tg_user_processing' retrieved from /opt/airflow/dags/tg_user_processing.py
[2026-01-17T09:15:15.312+0000] {logging_mixin.py:190} INFO - [2026-01-17T09:15:15.311+0000] {dag.py:3239} INFO - Sync 1 DAGs
[2026-01-17T09:15:15.349+0000] {logging_mixin.py:190} INFO - [2026-01-17T09:15:15.348+0000] {dag.py:4180} INFO - Setting next_dagrun for tg_user_processing to 2026-01-16 00:00:00+00:00, run_after=2026-01-17 00:00:00+00:00
[2026-01-17T09:15:15.389+0000] {processor.py:208} INFO - Processing /opt/airflow/dags/tg_user_processing.py took 1.074 seconds
[2026-01-17T09:15:46.105+0000] {processor.py:186} INFO - Started process (PID=18731) to work on /opt/airflow/dags/tg_user_processing.py
[2026-01-17T09:15:46.107+0000] {processor.py:914} INFO - Processing file /opt/airflow/dags/tg_user_processing.py for tasks to queue
[2026-01-17T09:15:46.109+0000] {logging_mixin.py:190} INFO - [2026-01-17T09:15:46.108+0000] {dagbag.py:588} INFO - Filling up the DagBag from /opt/airflow/dags/tg_user_processing.py
[2026-01-17T09:15:46.980+0000] {processor.py:925} INFO - DAG(s) 'tg_user_processing' retrieved from /opt/airflow/dags/tg_user_processing.py
[2026-01-17T09:15:47.025+0000] {logging_mixin.py:190} INFO - [2026-01-17T09:15:47.024+0000] {dag.py:3239} INFO - Sync 1 DAGs
[2026-01-17T09:15:47.069+0000] {logging_mixin.py:190} INFO - [2026-01-17T09:15:47.068+0000] {dag.py:4180} INFO - Setting next_dagrun for tg_user_processing to 2026-01-16 00:00:00+00:00, run_after=2026-01-17 00:00:00+00:00
[2026-01-17T09:15:47.127+0000] {processor.py:208} INFO - Processing /opt/airflow/dags/tg_user_processing.py took 1.039 seconds
[2026-01-17T09:16:17.445+0000] {processor.py:186} INFO - Started process (PID=18755) to work on /opt/airflow/dags/tg_user_processing.py
[2026-01-17T09:16:17.447+0000] {processor.py:914} INFO - Processing file /opt/airflow/dags/tg_user_processing.py for tasks to queue
[2026-01-17T09:16:17.449+0000] {logging_mixin.py:190} INFO - [2026-01-17T09:16:17.449+0000] {dagbag.py:588} INFO - Filling up the DagBag from /opt/airflow/dags/tg_user_processing.py
[2026-01-17T09:16:18.196+0000] {processor.py:925} INFO - DAG(s) 'tg_user_processing' retrieved from /opt/airflow/dags/tg_user_processing.py
[2026-01-17T09:16:18.232+0000] {logging_mixin.py:190} INFO - [2026-01-17T09:16:18.232+0000] {dag.py:3239} INFO - Sync 1 DAGs
[2026-01-17T09:16:18.270+0000] {logging_mixin.py:190} INFO - [2026-01-17T09:16:18.269+0000] {dag.py:4180} INFO - Setting next_dagrun for tg_user_processing to 2026-01-16 00:00:00+00:00, run_after=2026-01-17 00:00:00+00:00
[2026-01-17T09:16:18.313+0000] {processor.py:208} INFO - Processing /opt/airflow/dags/tg_user_processing.py took 0.882 seconds
[2026-01-17T09:16:48.440+0000] {processor.py:186} INFO - Started process (PID=18779) to work on /opt/airflow/dags/tg_user_processing.py
[2026-01-17T09:16:48.442+0000] {processor.py:914} INFO - Processing file /opt/airflow/dags/tg_user_processing.py for tasks to queue
[2026-01-17T09:16:48.444+0000] {logging_mixin.py:190} INFO - [2026-01-17T09:16:48.444+0000] {dagbag.py:588} INFO - Filling up the DagBag from /opt/airflow/dags/tg_user_processing.py
[2026-01-17T09:16:49.207+0000] {processor.py:925} INFO - DAG(s) 'tg_user_processing' retrieved from /opt/airflow/dags/tg_user_processing.py
[2026-01-17T09:16:49.243+0000] {logging_mixin.py:190} INFO - [2026-01-17T09:16:49.243+0000] {dag.py:3239} INFO - Sync 1 DAGs
[2026-01-17T09:16:49.284+0000] {logging_mixin.py:190} INFO - [2026-01-17T09:16:49.284+0000] {dag.py:4180} INFO - Setting next_dagrun for tg_user_processing to 2026-01-16 00:00:00+00:00, run_after=2026-01-17 00:00:00+00:00
[2026-01-17T09:16:49.331+0000] {processor.py:208} INFO - Processing /opt/airflow/dags/tg_user_processing.py took 0.904 seconds
[2026-01-17T09:17:19.737+0000] {processor.py:186} INFO - Started process (PID=18803) to work on /opt/airflow/dags/tg_user_processing.py
[2026-01-17T09:17:19.738+0000] {processor.py:914} INFO - Processing file /opt/airflow/dags/tg_user_processing.py for tasks to queue
[2026-01-17T09:17:19.740+0000] {logging_mixin.py:190} INFO - [2026-01-17T09:17:19.739+0000] {dagbag.py:588} INFO - Filling up the DagBag from /opt/airflow/dags/tg_user_processing.py
[2026-01-17T09:17:20.407+0000] {processor.py:925} INFO - DAG(s) 'tg_user_processing' retrieved from /opt/airflow/dags/tg_user_processing.py
[2026-01-17T09:17:20.445+0000] {logging_mixin.py:190} INFO - [2026-01-17T09:17:20.444+0000] {dag.py:3239} INFO - Sync 1 DAGs
[2026-01-17T09:17:20.483+0000] {logging_mixin.py:190} INFO - [2026-01-17T09:17:20.483+0000] {dag.py:4180} INFO - Setting next_dagrun for tg_user_processing to 2026-01-16 00:00:00+00:00, run_after=2026-01-17 00:00:00+00:00
[2026-01-17T09:17:20.519+0000] {processor.py:208} INFO - Processing /opt/airflow/dags/tg_user_processing.py took 0.791 seconds
[2026-01-17T09:17:51.375+0000] {processor.py:186} INFO - Started process (PID=18827) to work on /opt/airflow/dags/tg_user_processing.py
[2026-01-17T09:17:51.378+0000] {processor.py:914} INFO - Processing file /opt/airflow/dags/tg_user_processing.py for tasks to queue
[2026-01-17T09:17:51.380+0000] {logging_mixin.py:190} INFO - [2026-01-17T09:17:51.380+0000] {dagbag.py:588} INFO - Filling up the DagBag from /opt/airflow/dags/tg_user_processing.py
[2026-01-17T09:17:52.147+0000] {processor.py:925} INFO - DAG(s) 'tg_user_processing' retrieved from /opt/airflow/dags/tg_user_processing.py
[2026-01-17T09:17:52.183+0000] {logging_mixin.py:190} INFO - [2026-01-17T09:17:52.182+0000] {dag.py:3239} INFO - Sync 1 DAGs
[2026-01-17T09:17:52.218+0000] {logging_mixin.py:190} INFO - [2026-01-17T09:17:52.218+0000] {dag.py:4180} INFO - Setting next_dagrun for tg_user_processing to 2026-01-16 00:00:00+00:00, run_after=2026-01-17 00:00:00+00:00
[2026-01-17T09:17:52.259+0000] {processor.py:208} INFO - Processing /opt/airflow/dags/tg_user_processing.py took 0.897 seconds
[2026-01-17T09:18:23.650+0000] {processor.py:186} INFO - Started process (PID=18852) to work on /opt/airflow/dags/tg_user_processing.py
[2026-01-17T09:18:23.652+0000] {processor.py:914} INFO - Processing file /opt/airflow/dags/tg_user_processing.py for tasks to queue
[2026-01-17T09:18:23.655+0000] {logging_mixin.py:190} INFO - [2026-01-17T09:18:23.654+0000] {dagbag.py:588} INFO - Filling up the DagBag from /opt/airflow/dags/tg_user_processing.py
[2026-01-17T09:18:24.750+0000] {processor.py:925} INFO - DAG(s) 'tg_user_processing' retrieved from /opt/airflow/dags/tg_user_processing.py
[2026-01-17T09:18:24.799+0000] {logging_mixin.py:190} INFO - [2026-01-17T09:18:24.798+0000] {dag.py:3239} INFO - Sync 1 DAGs
[2026-01-17T09:18:24.831+0000] {logging_mixin.py:190} INFO - [2026-01-17T09:18:24.830+0000] {dag.py:4180} INFO - Setting next_dagrun for tg_user_processing to 2026-01-16 00:00:00+00:00, run_after=2026-01-17 00:00:00+00:00
[2026-01-17T09:18:24.867+0000] {processor.py:208} INFO - Processing /opt/airflow/dags/tg_user_processing.py took 1.230 seconds
[2026-01-17T09:18:55.300+0000] {processor.py:186} INFO - Started process (PID=18876) to work on /opt/airflow/dags/tg_user_processing.py
[2026-01-17T09:18:55.302+0000] {processor.py:914} INFO - Processing file /opt/airflow/dags/tg_user_processing.py for tasks to queue
[2026-01-17T09:18:55.305+0000] {logging_mixin.py:190} INFO - [2026-01-17T09:18:55.305+0000] {dagbag.py:588} INFO - Filling up the DagBag from /opt/airflow/dags/tg_user_processing.py
[2026-01-17T09:18:56.272+0000] {processor.py:925} INFO - DAG(s) 'tg_user_processing' retrieved from /opt/airflow/dags/tg_user_processing.py
[2026-01-17T09:18:56.314+0000] {logging_mixin.py:190} INFO - [2026-01-17T09:18:56.313+0000] {dag.py:3239} INFO - Sync 1 DAGs
[2026-01-17T09:18:56.364+0000] {logging_mixin.py:190} INFO - [2026-01-17T09:18:56.364+0000] {dag.py:4180} INFO - Setting next_dagrun for tg_user_processing to 2026-01-16 00:00:00+00:00, run_after=2026-01-17 00:00:00+00:00
[2026-01-17T09:18:56.413+0000] {processor.py:208} INFO - Processing /opt/airflow/dags/tg_user_processing.py took 1.129 seconds
[2026-01-17T09:19:26.670+0000] {processor.py:186} INFO - Started process (PID=18900) to work on /opt/airflow/dags/tg_user_processing.py
[2026-01-17T09:19:26.671+0000] {processor.py:914} INFO - Processing file /opt/airflow/dags/tg_user_processing.py for tasks to queue
[2026-01-17T09:19:26.673+0000] {logging_mixin.py:190} INFO - [2026-01-17T09:19:26.672+0000] {dagbag.py:588} INFO - Filling up the DagBag from /opt/airflow/dags/tg_user_processing.py
[2026-01-17T09:19:27.448+0000] {processor.py:925} INFO - DAG(s) 'tg_user_processing' retrieved from /opt/airflow/dags/tg_user_processing.py
[2026-01-17T09:19:27.481+0000] {logging_mixin.py:190} INFO - [2026-01-17T09:19:27.480+0000] {dag.py:3239} INFO - Sync 1 DAGs
[2026-01-17T09:19:27.517+0000] {logging_mixin.py:190} INFO - [2026-01-17T09:19:27.516+0000] {dag.py:4180} INFO - Setting next_dagrun for tg_user_processing to 2026-01-16 00:00:00+00:00, run_after=2026-01-17 00:00:00+00:00
[2026-01-17T09:19:27.556+0000] {processor.py:208} INFO - Processing /opt/airflow/dags/tg_user_processing.py took 0.901 seconds
[2026-01-17T09:19:57.770+0000] {processor.py:186} INFO - Started process (PID=18924) to work on /opt/airflow/dags/tg_user_processing.py
[2026-01-17T09:19:57.773+0000] {processor.py:914} INFO - Processing file /opt/airflow/dags/tg_user_processing.py for tasks to queue
[2026-01-17T09:19:57.775+0000] {logging_mixin.py:190} INFO - [2026-01-17T09:19:57.775+0000] {dagbag.py:588} INFO - Filling up the DagBag from /opt/airflow/dags/tg_user_processing.py
[2026-01-17T09:19:58.568+0000] {processor.py:925} INFO - DAG(s) 'tg_user_processing' retrieved from /opt/airflow/dags/tg_user_processing.py
[2026-01-17T09:19:58.603+0000] {logging_mixin.py:190} INFO - [2026-01-17T09:19:58.602+0000] {dag.py:3239} INFO - Sync 1 DAGs
[2026-01-17T09:19:58.638+0000] {logging_mixin.py:190} INFO - [2026-01-17T09:19:58.638+0000] {dag.py:4180} INFO - Setting next_dagrun for tg_user_processing to 2026-01-16 00:00:00+00:00, run_after=2026-01-17 00:00:00+00:00
[2026-01-17T09:19:58.673+0000] {processor.py:208} INFO - Processing /opt/airflow/dags/tg_user_processing.py took 0.919 seconds
[2026-01-17T09:20:29.271+0000] {processor.py:186} INFO - Started process (PID=18949) to work on /opt/airflow/dags/tg_user_processing.py
[2026-01-17T09:20:29.272+0000] {processor.py:914} INFO - Processing file /opt/airflow/dags/tg_user_processing.py for tasks to queue
[2026-01-17T09:20:29.275+0000] {logging_mixin.py:190} INFO - [2026-01-17T09:20:29.274+0000] {dagbag.py:588} INFO - Filling up the DagBag from /opt/airflow/dags/tg_user_processing.py
[2026-01-17T09:20:30.025+0000] {processor.py:925} INFO - DAG(s) 'tg_user_processing' retrieved from /opt/airflow/dags/tg_user_processing.py
[2026-01-17T09:20:30.058+0000] {logging_mixin.py:190} INFO - [2026-01-17T09:20:30.058+0000] {dag.py:3239} INFO - Sync 1 DAGs
[2026-01-17T09:20:30.092+0000] {logging_mixin.py:190} INFO - [2026-01-17T09:20:30.092+0000] {dag.py:4180} INFO - Setting next_dagrun for tg_user_processing to 2026-01-16 00:00:00+00:00, run_after=2026-01-17 00:00:00+00:00
[2026-01-17T09:20:30.125+0000] {processor.py:208} INFO - Processing /opt/airflow/dags/tg_user_processing.py took 0.868 seconds
[2026-01-17T09:21:00.364+0000] {processor.py:186} INFO - Started process (PID=18973) to work on /opt/airflow/dags/tg_user_processing.py
[2026-01-17T09:21:00.367+0000] {processor.py:914} INFO - Processing file /opt/airflow/dags/tg_user_processing.py for tasks to queue
[2026-01-17T09:21:00.370+0000] {logging_mixin.py:190} INFO - [2026-01-17T09:21:00.370+0000] {dagbag.py:588} INFO - Filling up the DagBag from /opt/airflow/dags/tg_user_processing.py
[2026-01-17T09:21:01.309+0000] {processor.py:925} INFO - DAG(s) 'tg_user_processing' retrieved from /opt/airflow/dags/tg_user_processing.py
[2026-01-17T09:21:01.356+0000] {logging_mixin.py:190} INFO - [2026-01-17T09:21:01.355+0000] {dag.py:3239} INFO - Sync 1 DAGs
[2026-01-17T09:21:01.390+0000] {logging_mixin.py:190} INFO - [2026-01-17T09:21:01.389+0000] {dag.py:4180} INFO - Setting next_dagrun for tg_user_processing to 2026-01-16 00:00:00+00:00, run_after=2026-01-17 00:00:00+00:00
[2026-01-17T09:21:01.445+0000] {processor.py:208} INFO - Processing /opt/airflow/dags/tg_user_processing.py took 1.099 seconds
[2026-01-17T09:21:31.772+0000] {processor.py:186} INFO - Started process (PID=18997) to work on /opt/airflow/dags/tg_user_processing.py
[2026-01-17T09:21:31.774+0000] {processor.py:914} INFO - Processing file /opt/airflow/dags/tg_user_processing.py for tasks to queue
[2026-01-17T09:21:31.776+0000] {logging_mixin.py:190} INFO - [2026-01-17T09:21:31.775+0000] {dagbag.py:588} INFO - Filling up the DagBag from /opt/airflow/dags/tg_user_processing.py
[2026-01-17T09:21:32.518+0000] {processor.py:925} INFO - DAG(s) 'tg_user_processing' retrieved from /opt/airflow/dags/tg_user_processing.py
[2026-01-17T09:21:32.552+0000] {logging_mixin.py:190} INFO - [2026-01-17T09:21:32.551+0000] {dag.py:3239} INFO - Sync 1 DAGs
[2026-01-17T09:21:32.587+0000] {logging_mixin.py:190} INFO - [2026-01-17T09:21:32.587+0000] {dag.py:4180} INFO - Setting next_dagrun for tg_user_processing to 2026-01-16 00:00:00+00:00, run_after=2026-01-17 00:00:00+00:00
[2026-01-17T09:21:32.631+0000] {processor.py:208} INFO - Processing /opt/airflow/dags/tg_user_processing.py took 0.874 seconds
[2026-01-17T09:22:02.807+0000] {processor.py:186} INFO - Started process (PID=19021) to work on /opt/airflow/dags/tg_user_processing.py
[2026-01-17T09:22:02.808+0000] {processor.py:914} INFO - Processing file /opt/airflow/dags/tg_user_processing.py for tasks to queue
[2026-01-17T09:22:02.811+0000] {logging_mixin.py:190} INFO - [2026-01-17T09:22:02.810+0000] {dagbag.py:588} INFO - Filling up the DagBag from /opt/airflow/dags/tg_user_processing.py
[2026-01-17T09:22:03.705+0000] {processor.py:925} INFO - DAG(s) 'tg_user_processing' retrieved from /opt/airflow/dags/tg_user_processing.py
[2026-01-17T09:22:03.750+0000] {logging_mixin.py:190} INFO - [2026-01-17T09:22:03.749+0000] {dag.py:3239} INFO - Sync 1 DAGs
[2026-01-17T09:22:03.789+0000] {logging_mixin.py:190} INFO - [2026-01-17T09:22:03.789+0000] {dag.py:4180} INFO - Setting next_dagrun for tg_user_processing to 2026-01-16 00:00:00+00:00, run_after=2026-01-17 00:00:00+00:00
[2026-01-17T09:22:03.833+0000] {processor.py:208} INFO - Processing /opt/airflow/dags/tg_user_processing.py took 1.041 seconds
[2026-01-17T09:22:34.303+0000] {processor.py:186} INFO - Started process (PID=19046) to work on /opt/airflow/dags/tg_user_processing.py
[2026-01-17T09:22:34.307+0000] {processor.py:914} INFO - Processing file /opt/airflow/dags/tg_user_processing.py for tasks to queue
[2026-01-17T09:22:34.317+0000] {logging_mixin.py:190} INFO - [2026-01-17T09:22:34.310+0000] {dagbag.py:588} INFO - Filling up the DagBag from /opt/airflow/dags/tg_user_processing.py
[2026-01-17T09:22:36.092+0000] {processor.py:925} INFO - DAG(s) 'tg_user_processing' retrieved from /opt/airflow/dags/tg_user_processing.py
[2026-01-17T09:22:36.204+0000] {logging_mixin.py:190} INFO - [2026-01-17T09:22:36.202+0000] {dag.py:3239} INFO - Sync 1 DAGs
[2026-01-17T09:22:36.287+0000] {logging_mixin.py:190} INFO - [2026-01-17T09:22:36.287+0000] {dag.py:4180} INFO - Setting next_dagrun for tg_user_processing to 2026-01-16 00:00:00+00:00, run_after=2026-01-17 00:00:00+00:00
[2026-01-17T09:22:36.374+0000] {processor.py:208} INFO - Processing /opt/airflow/dags/tg_user_processing.py took 2.115 seconds
[2026-01-17T09:23:06.544+0000] {processor.py:186} INFO - Started process (PID=19070) to work on /opt/airflow/dags/tg_user_processing.py
[2026-01-17T09:23:06.547+0000] {processor.py:914} INFO - Processing file /opt/airflow/dags/tg_user_processing.py for tasks to queue
[2026-01-17T09:23:06.550+0000] {logging_mixin.py:190} INFO - [2026-01-17T09:23:06.549+0000] {dagbag.py:588} INFO - Filling up the DagBag from /opt/airflow/dags/tg_user_processing.py
[2026-01-17T09:23:07.694+0000] {processor.py:925} INFO - DAG(s) 'tg_user_processing' retrieved from /opt/airflow/dags/tg_user_processing.py
[2026-01-17T09:23:07.753+0000] {logging_mixin.py:190} INFO - [2026-01-17T09:23:07.751+0000] {dag.py:3239} INFO - Sync 1 DAGs
[2026-01-17T09:23:07.815+0000] {logging_mixin.py:190} INFO - [2026-01-17T09:23:07.814+0000] {dag.py:4180} INFO - Setting next_dagrun for tg_user_processing to 2026-01-16 00:00:00+00:00, run_after=2026-01-17 00:00:00+00:00
[2026-01-17T09:23:07.876+0000] {processor.py:208} INFO - Processing /opt/airflow/dags/tg_user_processing.py took 1.350 seconds
[2026-01-17T09:23:38.270+0000] {processor.py:186} INFO - Started process (PID=19094) to work on /opt/airflow/dags/tg_user_processing.py
[2026-01-17T09:23:38.273+0000] {processor.py:914} INFO - Processing file /opt/airflow/dags/tg_user_processing.py for tasks to queue
[2026-01-17T09:23:38.276+0000] {logging_mixin.py:190} INFO - [2026-01-17T09:23:38.275+0000] {dagbag.py:588} INFO - Filling up the DagBag from /opt/airflow/dags/tg_user_processing.py
[2026-01-17T09:23:39.315+0000] {processor.py:925} INFO - DAG(s) 'tg_user_processing' retrieved from /opt/airflow/dags/tg_user_processing.py
[2026-01-17T09:23:39.361+0000] {logging_mixin.py:190} INFO - [2026-01-17T09:23:39.361+0000] {dag.py:3239} INFO - Sync 1 DAGs
[2026-01-17T09:23:39.407+0000] {logging_mixin.py:190} INFO - [2026-01-17T09:23:39.407+0000] {dag.py:4180} INFO - Setting next_dagrun for tg_user_processing to 2026-01-16 00:00:00+00:00, run_after=2026-01-17 00:00:00+00:00
[2026-01-17T09:23:39.461+0000] {processor.py:208} INFO - Processing /opt/airflow/dags/tg_user_processing.py took 1.212 seconds
[2026-01-17T09:24:10.123+0000] {processor.py:186} INFO - Started process (PID=19118) to work on /opt/airflow/dags/tg_user_processing.py
[2026-01-17T09:24:10.125+0000] {processor.py:914} INFO - Processing file /opt/airflow/dags/tg_user_processing.py for tasks to queue
[2026-01-17T09:24:10.128+0000] {logging_mixin.py:190} INFO - [2026-01-17T09:24:10.127+0000] {dagbag.py:588} INFO - Filling up the DagBag from /opt/airflow/dags/tg_user_processing.py
[2026-01-17T09:24:11.102+0000] {processor.py:925} INFO - DAG(s) 'tg_user_processing' retrieved from /opt/airflow/dags/tg_user_processing.py
[2026-01-17T09:24:11.145+0000] {logging_mixin.py:190} INFO - [2026-01-17T09:24:11.145+0000] {dag.py:3239} INFO - Sync 1 DAGs
[2026-01-17T09:24:11.191+0000] {logging_mixin.py:190} INFO - [2026-01-17T09:24:11.191+0000] {dag.py:4180} INFO - Setting next_dagrun for tg_user_processing to 2026-01-16 00:00:00+00:00, run_after=2026-01-17 00:00:00+00:00
[2026-01-17T09:24:11.240+0000] {processor.py:208} INFO - Processing /opt/airflow/dags/tg_user_processing.py took 1.136 seconds
[2026-01-17T09:24:41.812+0000] {processor.py:186} INFO - Started process (PID=19148) to work on /opt/airflow/dags/tg_user_processing.py
[2026-01-17T09:24:41.814+0000] {processor.py:914} INFO - Processing file /opt/airflow/dags/tg_user_processing.py for tasks to queue
[2026-01-17T09:24:41.818+0000] {logging_mixin.py:190} INFO - [2026-01-17T09:24:41.817+0000] {dagbag.py:588} INFO - Filling up the DagBag from /opt/airflow/dags/tg_user_processing.py
[2026-01-17T09:24:42.670+0000] {processor.py:925} INFO - DAG(s) 'tg_user_processing' retrieved from /opt/airflow/dags/tg_user_processing.py
[2026-01-17T09:24:42.705+0000] {logging_mixin.py:190} INFO - [2026-01-17T09:24:42.704+0000] {dag.py:3239} INFO - Sync 1 DAGs
[2026-01-17T09:24:42.739+0000] {logging_mixin.py:190} INFO - [2026-01-17T09:24:42.739+0000] {dag.py:4180} INFO - Setting next_dagrun for tg_user_processing to 2026-01-16 00:00:00+00:00, run_after=2026-01-17 00:00:00+00:00
[2026-01-17T09:24:42.770+0000] {processor.py:208} INFO - Processing /opt/airflow/dags/tg_user_processing.py took 0.978 seconds
[2026-01-17T09:25:12.899+0000] {processor.py:186} INFO - Started process (PID=19172) to work on /opt/airflow/dags/tg_user_processing.py
[2026-01-17T09:25:12.905+0000] {processor.py:914} INFO - Processing file /opt/airflow/dags/tg_user_processing.py for tasks to queue
[2026-01-17T09:25:12.908+0000] {logging_mixin.py:190} INFO - [2026-01-17T09:25:12.907+0000] {dagbag.py:588} INFO - Filling up the DagBag from /opt/airflow/dags/tg_user_processing.py
[2026-01-17T09:25:14.265+0000] {processor.py:925} INFO - DAG(s) 'tg_user_processing' retrieved from /opt/airflow/dags/tg_user_processing.py
[2026-01-17T09:25:14.308+0000] {logging_mixin.py:190} INFO - [2026-01-17T09:25:14.307+0000] {dag.py:3239} INFO - Sync 1 DAGs
[2026-01-17T09:25:14.347+0000] {logging_mixin.py:190} INFO - [2026-01-17T09:25:14.347+0000] {dag.py:4180} INFO - Setting next_dagrun for tg_user_processing to 2026-01-16 00:00:00+00:00, run_after=2026-01-17 00:00:00+00:00
[2026-01-17T09:25:14.392+0000] {processor.py:208} INFO - Processing /opt/airflow/dags/tg_user_processing.py took 1.520 seconds
[2026-01-17T09:25:44.744+0000] {processor.py:186} INFO - Started process (PID=19196) to work on /opt/airflow/dags/tg_user_processing.py
[2026-01-17T09:25:44.747+0000] {processor.py:914} INFO - Processing file /opt/airflow/dags/tg_user_processing.py for tasks to queue
[2026-01-17T09:25:44.750+0000] {logging_mixin.py:190} INFO - [2026-01-17T09:25:44.749+0000] {dagbag.py:588} INFO - Filling up the DagBag from /opt/airflow/dags/tg_user_processing.py
[2026-01-17T09:25:45.675+0000] {processor.py:925} INFO - DAG(s) 'tg_user_processing' retrieved from /opt/airflow/dags/tg_user_processing.py
[2026-01-17T09:25:45.714+0000] {logging_mixin.py:190} INFO - [2026-01-17T09:25:45.713+0000] {dag.py:3239} INFO - Sync 1 DAGs
[2026-01-17T09:25:45.753+0000] {logging_mixin.py:190} INFO - [2026-01-17T09:25:45.753+0000] {dag.py:4180} INFO - Setting next_dagrun for tg_user_processing to 2026-01-16 00:00:00+00:00, run_after=2026-01-17 00:00:00+00:00
[2026-01-17T09:25:45.788+0000] {processor.py:208} INFO - Processing /opt/airflow/dags/tg_user_processing.py took 1.060 seconds
[2026-01-17T09:26:16.369+0000] {processor.py:186} INFO - Started process (PID=19220) to work on /opt/airflow/dags/tg_user_processing.py
[2026-01-17T09:26:16.372+0000] {processor.py:914} INFO - Processing file /opt/airflow/dags/tg_user_processing.py for tasks to queue
[2026-01-17T09:26:16.375+0000] {logging_mixin.py:190} INFO - [2026-01-17T09:26:16.374+0000] {dagbag.py:588} INFO - Filling up the DagBag from /opt/airflow/dags/tg_user_processing.py
[2026-01-17T09:26:17.161+0000] {processor.py:925} INFO - DAG(s) 'tg_user_processing' retrieved from /opt/airflow/dags/tg_user_processing.py
[2026-01-17T09:26:17.196+0000] {logging_mixin.py:190} INFO - [2026-01-17T09:26:17.195+0000] {dag.py:3239} INFO - Sync 1 DAGs
[2026-01-17T09:26:17.235+0000] {logging_mixin.py:190} INFO - [2026-01-17T09:26:17.234+0000] {dag.py:4180} INFO - Setting next_dagrun for tg_user_processing to 2026-01-16 00:00:00+00:00, run_after=2026-01-17 00:00:00+00:00
[2026-01-17T09:26:17.280+0000] {processor.py:208} INFO - Processing /opt/airflow/dags/tg_user_processing.py took 0.933 seconds
[2026-01-17T09:26:47.804+0000] {processor.py:186} INFO - Started process (PID=19245) to work on /opt/airflow/dags/tg_user_processing.py
[2026-01-17T09:26:47.806+0000] {processor.py:914} INFO - Processing file /opt/airflow/dags/tg_user_processing.py for tasks to queue
[2026-01-17T09:26:47.809+0000] {logging_mixin.py:190} INFO - [2026-01-17T09:26:47.808+0000] {dagbag.py:588} INFO - Filling up the DagBag from /opt/airflow/dags/tg_user_processing.py
[2026-01-17T09:26:48.564+0000] {processor.py:925} INFO - DAG(s) 'tg_user_processing' retrieved from /opt/airflow/dags/tg_user_processing.py
[2026-01-17T09:26:48.607+0000] {logging_mixin.py:190} INFO - [2026-01-17T09:26:48.606+0000] {dag.py:3239} INFO - Sync 1 DAGs
[2026-01-17T09:26:48.643+0000] {logging_mixin.py:190} INFO - [2026-01-17T09:26:48.643+0000] {dag.py:4180} INFO - Setting next_dagrun for tg_user_processing to 2026-01-16 00:00:00+00:00, run_after=2026-01-17 00:00:00+00:00
[2026-01-17T09:26:48.694+0000] {processor.py:208} INFO - Processing /opt/airflow/dags/tg_user_processing.py took 0.905 seconds
[2026-01-17T09:27:18.873+0000] {processor.py:186} INFO - Started process (PID=19269) to work on /opt/airflow/dags/tg_user_processing.py
[2026-01-17T09:27:18.875+0000] {processor.py:914} INFO - Processing file /opt/airflow/dags/tg_user_processing.py for tasks to queue
[2026-01-17T09:27:18.877+0000] {logging_mixin.py:190} INFO - [2026-01-17T09:27:18.876+0000] {dagbag.py:588} INFO - Filling up the DagBag from /opt/airflow/dags/tg_user_processing.py
[2026-01-17T09:27:19.658+0000] {processor.py:925} INFO - DAG(s) 'tg_user_processing' retrieved from /opt/airflow/dags/tg_user_processing.py
[2026-01-17T09:27:19.691+0000] {logging_mixin.py:190} INFO - [2026-01-17T09:27:19.690+0000] {dag.py:3239} INFO - Sync 1 DAGs
[2026-01-17T09:27:19.724+0000] {logging_mixin.py:190} INFO - [2026-01-17T09:27:19.724+0000] {dag.py:4180} INFO - Setting next_dagrun for tg_user_processing to 2026-01-16 00:00:00+00:00, run_after=2026-01-17 00:00:00+00:00
[2026-01-17T09:27:19.774+0000] {processor.py:208} INFO - Processing /opt/airflow/dags/tg_user_processing.py took 0.915 seconds
[2026-01-17T09:27:50.180+0000] {processor.py:186} INFO - Started process (PID=19293) to work on /opt/airflow/dags/tg_user_processing.py
[2026-01-17T09:27:50.182+0000] {processor.py:914} INFO - Processing file /opt/airflow/dags/tg_user_processing.py for tasks to queue
[2026-01-17T09:27:50.185+0000] {logging_mixin.py:190} INFO - [2026-01-17T09:27:50.184+0000] {dagbag.py:588} INFO - Filling up the DagBag from /opt/airflow/dags/tg_user_processing.py
[2026-01-17T09:27:50.976+0000] {processor.py:925} INFO - DAG(s) 'tg_user_processing' retrieved from /opt/airflow/dags/tg_user_processing.py
[2026-01-17T09:27:51.011+0000] {logging_mixin.py:190} INFO - [2026-01-17T09:27:51.010+0000] {dag.py:3239} INFO - Sync 1 DAGs
[2026-01-17T09:27:51.054+0000] {logging_mixin.py:190} INFO - [2026-01-17T09:27:51.054+0000] {dag.py:4180} INFO - Setting next_dagrun for tg_user_processing to 2026-01-16 00:00:00+00:00, run_after=2026-01-17 00:00:00+00:00
[2026-01-17T09:27:51.109+0000] {processor.py:208} INFO - Processing /opt/airflow/dags/tg_user_processing.py took 0.947 seconds
[2026-01-17T09:28:21.681+0000] {processor.py:186} INFO - Started process (PID=19317) to work on /opt/airflow/dags/tg_user_processing.py
[2026-01-17T09:28:21.683+0000] {processor.py:914} INFO - Processing file /opt/airflow/dags/tg_user_processing.py for tasks to queue
[2026-01-17T09:28:21.685+0000] {logging_mixin.py:190} INFO - [2026-01-17T09:28:21.685+0000] {dagbag.py:588} INFO - Filling up the DagBag from /opt/airflow/dags/tg_user_processing.py
[2026-01-17T09:28:22.493+0000] {processor.py:925} INFO - DAG(s) 'tg_user_processing' retrieved from /opt/airflow/dags/tg_user_processing.py
[2026-01-17T09:28:22.525+0000] {logging_mixin.py:190} INFO - [2026-01-17T09:28:22.525+0000] {dag.py:3239} INFO - Sync 1 DAGs
[2026-01-17T09:28:22.559+0000] {logging_mixin.py:190} INFO - [2026-01-17T09:28:22.559+0000] {dag.py:4180} INFO - Setting next_dagrun for tg_user_processing to 2026-01-16 00:00:00+00:00, run_after=2026-01-17 00:00:00+00:00
[2026-01-17T09:28:22.619+0000] {processor.py:208} INFO - Processing /opt/airflow/dags/tg_user_processing.py took 0.949 seconds
[2026-01-17T09:28:53.038+0000] {processor.py:186} INFO - Started process (PID=19341) to work on /opt/airflow/dags/tg_user_processing.py
[2026-01-17T09:28:53.041+0000] {processor.py:914} INFO - Processing file /opt/airflow/dags/tg_user_processing.py for tasks to queue
[2026-01-17T09:28:53.043+0000] {logging_mixin.py:190} INFO - [2026-01-17T09:28:53.042+0000] {dagbag.py:588} INFO - Filling up the DagBag from /opt/airflow/dags/tg_user_processing.py
[2026-01-17T09:28:53.887+0000] {processor.py:925} INFO - DAG(s) 'tg_user_processing' retrieved from /opt/airflow/dags/tg_user_processing.py
[2026-01-17T09:28:53.918+0000] {logging_mixin.py:190} INFO - [2026-01-17T09:28:53.918+0000] {dag.py:3239} INFO - Sync 1 DAGs
[2026-01-17T09:28:53.950+0000] {logging_mixin.py:190} INFO - [2026-01-17T09:28:53.950+0000] {dag.py:4180} INFO - Setting next_dagrun for tg_user_processing to 2026-01-16 00:00:00+00:00, run_after=2026-01-17 00:00:00+00:00
[2026-01-17T09:28:53.995+0000] {processor.py:208} INFO - Processing /opt/airflow/dags/tg_user_processing.py took 0.975 seconds
[2026-01-17T09:29:24.257+0000] {processor.py:186} INFO - Started process (PID=19363) to work on /opt/airflow/dags/tg_user_processing.py
[2026-01-17T09:29:24.260+0000] {processor.py:914} INFO - Processing file /opt/airflow/dags/tg_user_processing.py for tasks to queue
[2026-01-17T09:29:24.263+0000] {logging_mixin.py:190} INFO - [2026-01-17T09:29:24.262+0000] {dagbag.py:588} INFO - Filling up the DagBag from /opt/airflow/dags/tg_user_processing.py
[2026-01-17T09:29:25.710+0000] {processor.py:925} INFO - DAG(s) 'tg_user_processing' retrieved from /opt/airflow/dags/tg_user_processing.py
[2026-01-17T09:29:25.786+0000] {logging_mixin.py:190} INFO - [2026-01-17T09:29:25.784+0000] {dag.py:3239} INFO - Sync 1 DAGs
[2026-01-17T09:29:25.861+0000] {logging_mixin.py:190} INFO - [2026-01-17T09:29:25.860+0000] {dag.py:4180} INFO - Setting next_dagrun for tg_user_processing to 2026-01-16 00:00:00+00:00, run_after=2026-01-17 00:00:00+00:00
[2026-01-17T09:29:25.927+0000] {processor.py:208} INFO - Processing /opt/airflow/dags/tg_user_processing.py took 1.689 seconds
[2026-01-17T09:29:56.632+0000] {processor.py:186} INFO - Started process (PID=19387) to work on /opt/airflow/dags/tg_user_processing.py
[2026-01-17T09:29:56.637+0000] {processor.py:914} INFO - Processing file /opt/airflow/dags/tg_user_processing.py for tasks to queue
[2026-01-17T09:29:56.649+0000] {logging_mixin.py:190} INFO - [2026-01-17T09:29:56.648+0000] {dagbag.py:588} INFO - Filling up the DagBag from /opt/airflow/dags/tg_user_processing.py
[2026-01-17T09:29:58.900+0000] {processor.py:925} INFO - DAG(s) 'tg_user_processing' retrieved from /opt/airflow/dags/tg_user_processing.py
[2026-01-17T09:29:58.995+0000] {logging_mixin.py:190} INFO - [2026-01-17T09:29:58.992+0000] {dag.py:3239} INFO - Sync 1 DAGs
[2026-01-17T09:29:59.093+0000] {logging_mixin.py:190} INFO - [2026-01-17T09:29:59.092+0000] {dag.py:4180} INFO - Setting next_dagrun for tg_user_processing to 2026-01-16 00:00:00+00:00, run_after=2026-01-17 00:00:00+00:00
[2026-01-17T09:29:59.189+0000] {processor.py:208} INFO - Processing /opt/airflow/dags/tg_user_processing.py took 2.591 seconds
[2026-01-17T09:30:29.478+0000] {processor.py:186} INFO - Started process (PID=19411) to work on /opt/airflow/dags/tg_user_processing.py
[2026-01-17T09:30:29.483+0000] {processor.py:914} INFO - Processing file /opt/airflow/dags/tg_user_processing.py for tasks to queue
[2026-01-17T09:30:29.486+0000] {logging_mixin.py:190} INFO - [2026-01-17T09:30:29.485+0000] {dagbag.py:588} INFO - Filling up the DagBag from /opt/airflow/dags/tg_user_processing.py
[2026-01-17T09:30:30.561+0000] {processor.py:925} INFO - DAG(s) 'tg_user_processing' retrieved from /opt/airflow/dags/tg_user_processing.py
[2026-01-17T09:30:30.613+0000] {logging_mixin.py:190} INFO - [2026-01-17T09:30:30.612+0000] {dag.py:3239} INFO - Sync 1 DAGs
[2026-01-17T09:30:30.659+0000] {logging_mixin.py:190} INFO - [2026-01-17T09:30:30.657+0000] {dag.py:4180} INFO - Setting next_dagrun for tg_user_processing to 2026-01-16 00:00:00+00:00, run_after=2026-01-17 00:00:00+00:00
[2026-01-17T09:30:30.705+0000] {processor.py:208} INFO - Processing /opt/airflow/dags/tg_user_processing.py took 1.256 seconds
[2026-01-17T09:31:00.868+0000] {processor.py:186} INFO - Started process (PID=19435) to work on /opt/airflow/dags/tg_user_processing.py
[2026-01-17T09:31:00.876+0000] {processor.py:914} INFO - Processing file /opt/airflow/dags/tg_user_processing.py for tasks to queue
[2026-01-17T09:31:00.878+0000] {logging_mixin.py:190} INFO - [2026-01-17T09:31:00.878+0000] {dagbag.py:588} INFO - Filling up the DagBag from /opt/airflow/dags/tg_user_processing.py
[2026-01-17T09:31:01.871+0000] {processor.py:925} INFO - DAG(s) 'tg_user_processing' retrieved from /opt/airflow/dags/tg_user_processing.py
[2026-01-17T09:31:01.917+0000] {logging_mixin.py:190} INFO - [2026-01-17T09:31:01.916+0000] {dag.py:3239} INFO - Sync 1 DAGs
[2026-01-17T09:31:01.967+0000] {logging_mixin.py:190} INFO - [2026-01-17T09:31:01.966+0000] {dag.py:4180} INFO - Setting next_dagrun for tg_user_processing to 2026-01-16 00:00:00+00:00, run_after=2026-01-17 00:00:00+00:00
[2026-01-17T09:31:02.035+0000] {processor.py:208} INFO - Processing /opt/airflow/dags/tg_user_processing.py took 1.184 seconds
[2026-01-17T09:31:32.206+0000] {processor.py:186} INFO - Started process (PID=19459) to work on /opt/airflow/dags/tg_user_processing.py
[2026-01-17T09:31:32.210+0000] {processor.py:914} INFO - Processing file /opt/airflow/dags/tg_user_processing.py for tasks to queue
[2026-01-17T09:31:32.214+0000] {logging_mixin.py:190} INFO - [2026-01-17T09:31:32.213+0000] {dagbag.py:588} INFO - Filling up the DagBag from /opt/airflow/dags/tg_user_processing.py
[2026-01-17T09:31:33.233+0000] {processor.py:925} INFO - DAG(s) 'tg_user_processing' retrieved from /opt/airflow/dags/tg_user_processing.py
[2026-01-17T09:31:33.284+0000] {logging_mixin.py:190} INFO - [2026-01-17T09:31:33.283+0000] {dag.py:3239} INFO - Sync 1 DAGs
[2026-01-17T09:31:33.336+0000] {logging_mixin.py:190} INFO - [2026-01-17T09:31:33.335+0000] {dag.py:4180} INFO - Setting next_dagrun for tg_user_processing to 2026-01-16 00:00:00+00:00, run_after=2026-01-17 00:00:00+00:00
[2026-01-17T09:31:33.396+0000] {processor.py:208} INFO - Processing /opt/airflow/dags/tg_user_processing.py took 1.212 seconds
[2026-01-17T09:32:03.508+0000] {processor.py:186} INFO - Started process (PID=19483) to work on /opt/airflow/dags/tg_user_processing.py
[2026-01-17T09:32:03.511+0000] {processor.py:914} INFO - Processing file /opt/airflow/dags/tg_user_processing.py for tasks to queue
[2026-01-17T09:32:03.514+0000] {logging_mixin.py:190} INFO - [2026-01-17T09:32:03.513+0000] {dagbag.py:588} INFO - Filling up the DagBag from /opt/airflow/dags/tg_user_processing.py
[2026-01-17T09:32:04.572+0000] {processor.py:925} INFO - DAG(s) 'tg_user_processing' retrieved from /opt/airflow/dags/tg_user_processing.py
[2026-01-17T09:32:04.620+0000] {logging_mixin.py:190} INFO - [2026-01-17T09:32:04.619+0000] {dag.py:3239} INFO - Sync 1 DAGs
[2026-01-17T09:32:04.668+0000] {logging_mixin.py:190} INFO - [2026-01-17T09:32:04.667+0000] {dag.py:4180} INFO - Setting next_dagrun for tg_user_processing to 2026-01-16 00:00:00+00:00, run_after=2026-01-17 00:00:00+00:00
[2026-01-17T09:32:04.717+0000] {processor.py:208} INFO - Processing /opt/airflow/dags/tg_user_processing.py took 1.230 seconds
[2026-01-17T09:32:35.159+0000] {processor.py:186} INFO - Started process (PID=19507) to work on /opt/airflow/dags/tg_user_processing.py
[2026-01-17T09:32:35.161+0000] {processor.py:914} INFO - Processing file /opt/airflow/dags/tg_user_processing.py for tasks to queue
[2026-01-17T09:32:35.165+0000] {logging_mixin.py:190} INFO - [2026-01-17T09:32:35.164+0000] {dagbag.py:588} INFO - Filling up the DagBag from /opt/airflow/dags/tg_user_processing.py
[2026-01-17T09:32:36.159+0000] {processor.py:925} INFO - DAG(s) 'tg_user_processing' retrieved from /opt/airflow/dags/tg_user_processing.py
[2026-01-17T09:32:36.205+0000] {logging_mixin.py:190} INFO - [2026-01-17T09:32:36.204+0000] {dag.py:3239} INFO - Sync 1 DAGs
[2026-01-17T09:32:36.251+0000] {logging_mixin.py:190} INFO - [2026-01-17T09:32:36.251+0000] {dag.py:4180} INFO - Setting next_dagrun for tg_user_processing to 2026-01-16 00:00:00+00:00, run_after=2026-01-17 00:00:00+00:00
[2026-01-17T09:32:36.303+0000] {processor.py:208} INFO - Processing /opt/airflow/dags/tg_user_processing.py took 1.162 seconds
[2026-01-17T09:33:06.923+0000] {processor.py:186} INFO - Started process (PID=19531) to work on /opt/airflow/dags/tg_user_processing.py
[2026-01-17T09:33:06.927+0000] {processor.py:914} INFO - Processing file /opt/airflow/dags/tg_user_processing.py for tasks to queue
[2026-01-17T09:33:06.929+0000] {logging_mixin.py:190} INFO - [2026-01-17T09:33:06.928+0000] {dagbag.py:588} INFO - Filling up the DagBag from /opt/airflow/dags/tg_user_processing.py
[2026-01-17T09:33:07.891+0000] {processor.py:925} INFO - DAG(s) 'tg_user_processing' retrieved from /opt/airflow/dags/tg_user_processing.py
[2026-01-17T09:33:07.943+0000] {logging_mixin.py:190} INFO - [2026-01-17T09:33:07.942+0000] {dag.py:3239} INFO - Sync 1 DAGs
[2026-01-17T09:33:07.998+0000] {logging_mixin.py:190} INFO - [2026-01-17T09:33:07.998+0000] {dag.py:4180} INFO - Setting next_dagrun for tg_user_processing to 2026-01-16 00:00:00+00:00, run_after=2026-01-17 00:00:00+00:00
[2026-01-17T09:33:08.051+0000] {processor.py:208} INFO - Processing /opt/airflow/dags/tg_user_processing.py took 1.149 seconds
[2026-01-17T09:33:39.159+0000] {processor.py:186} INFO - Started process (PID=19555) to work on /opt/airflow/dags/tg_user_processing.py
[2026-01-17T09:33:39.163+0000] {processor.py:914} INFO - Processing file /opt/airflow/dags/tg_user_processing.py for tasks to queue
[2026-01-17T09:33:39.166+0000] {logging_mixin.py:190} INFO - [2026-01-17T09:33:39.165+0000] {dagbag.py:588} INFO - Filling up the DagBag from /opt/airflow/dags/tg_user_processing.py
[2026-01-17T09:33:40.185+0000] {processor.py:925} INFO - DAG(s) 'tg_user_processing' retrieved from /opt/airflow/dags/tg_user_processing.py
[2026-01-17T09:33:40.229+0000] {logging_mixin.py:190} INFO - [2026-01-17T09:33:40.228+0000] {dag.py:3239} INFO - Sync 1 DAGs
[2026-01-17T09:33:40.277+0000] {logging_mixin.py:190} INFO - [2026-01-17T09:33:40.276+0000] {dag.py:4180} INFO - Setting next_dagrun for tg_user_processing to 2026-01-16 00:00:00+00:00, run_after=2026-01-17 00:00:00+00:00
[2026-01-17T09:33:40.336+0000] {processor.py:208} INFO - Processing /opt/airflow/dags/tg_user_processing.py took 1.203 seconds
[2026-01-17T09:34:10.582+0000] {processor.py:186} INFO - Started process (PID=19579) to work on /opt/airflow/dags/tg_user_processing.py
[2026-01-17T09:34:10.583+0000] {processor.py:914} INFO - Processing file /opt/airflow/dags/tg_user_processing.py for tasks to queue
[2026-01-17T09:34:10.585+0000] {logging_mixin.py:190} INFO - [2026-01-17T09:34:10.585+0000] {dagbag.py:588} INFO - Filling up the DagBag from /opt/airflow/dags/tg_user_processing.py
[2026-01-17T09:34:11.950+0000] {processor.py:925} INFO - DAG(s) 'tg_user_processing' retrieved from /opt/airflow/dags/tg_user_processing.py
[2026-01-17T09:34:12.009+0000] {logging_mixin.py:190} INFO - [2026-01-17T09:34:12.009+0000] {dag.py:3239} INFO - Sync 1 DAGs
[2026-01-17T09:34:12.061+0000] {logging_mixin.py:190} INFO - [2026-01-17T09:34:12.061+0000] {dag.py:4180} INFO - Setting next_dagrun for tg_user_processing to 2026-01-16 00:00:00+00:00, run_after=2026-01-17 00:00:00+00:00
[2026-01-17T09:34:12.116+0000] {processor.py:208} INFO - Processing /opt/airflow/dags/tg_user_processing.py took 1.554 seconds
[2026-01-17T09:34:42.622+0000] {processor.py:186} INFO - Started process (PID=19605) to work on /opt/airflow/dags/tg_user_processing.py
[2026-01-17T09:34:42.626+0000] {processor.py:914} INFO - Processing file /opt/airflow/dags/tg_user_processing.py for tasks to queue
[2026-01-17T09:34:42.629+0000] {logging_mixin.py:190} INFO - [2026-01-17T09:34:42.628+0000] {dagbag.py:588} INFO - Filling up the DagBag from /opt/airflow/dags/tg_user_processing.py
[2026-01-17T09:34:43.943+0000] {processor.py:925} INFO - DAG(s) 'tg_user_processing' retrieved from /opt/airflow/dags/tg_user_processing.py
[2026-01-17T09:34:44.011+0000] {logging_mixin.py:190} INFO - [2026-01-17T09:34:44.010+0000] {dag.py:3239} INFO - Sync 1 DAGs
[2026-01-17T09:34:44.073+0000] {logging_mixin.py:190} INFO - [2026-01-17T09:34:44.073+0000] {dag.py:4180} INFO - Setting next_dagrun for tg_user_processing to 2026-01-16 00:00:00+00:00, run_after=2026-01-17 00:00:00+00:00
[2026-01-17T09:34:44.141+0000] {processor.py:208} INFO - Processing /opt/airflow/dags/tg_user_processing.py took 1.542 seconds
[2026-01-17T09:35:14.441+0000] {processor.py:186} INFO - Started process (PID=19635) to work on /opt/airflow/dags/tg_user_processing.py
[2026-01-17T09:35:14.445+0000] {processor.py:914} INFO - Processing file /opt/airflow/dags/tg_user_processing.py for tasks to queue
[2026-01-17T09:35:14.447+0000] {logging_mixin.py:190} INFO - [2026-01-17T09:35:14.446+0000] {dagbag.py:588} INFO - Filling up the DagBag from /opt/airflow/dags/tg_user_processing.py
[2026-01-17T09:35:15.760+0000] {processor.py:925} INFO - DAG(s) 'tg_user_processing' retrieved from /opt/airflow/dags/tg_user_processing.py
[2026-01-17T09:35:15.811+0000] {logging_mixin.py:190} INFO - [2026-01-17T09:35:15.810+0000] {dag.py:3239} INFO - Sync 1 DAGs
[2026-01-17T09:35:15.858+0000] {logging_mixin.py:190} INFO - [2026-01-17T09:35:15.857+0000] {dag.py:4180} INFO - Setting next_dagrun for tg_user_processing to 2026-01-16 00:00:00+00:00, run_after=2026-01-17 00:00:00+00:00
[2026-01-17T09:35:15.917+0000] {processor.py:208} INFO - Processing /opt/airflow/dags/tg_user_processing.py took 1.491 seconds
[2026-01-17T09:35:46.172+0000] {processor.py:186} INFO - Started process (PID=19657) to work on /opt/airflow/dags/tg_user_processing.py
[2026-01-17T09:35:46.175+0000] {processor.py:914} INFO - Processing file /opt/airflow/dags/tg_user_processing.py for tasks to queue
[2026-01-17T09:35:46.179+0000] {logging_mixin.py:190} INFO - [2026-01-17T09:35:46.179+0000] {dagbag.py:588} INFO - Filling up the DagBag from /opt/airflow/dags/tg_user_processing.py
[2026-01-17T09:35:47.130+0000] {processor.py:925} INFO - DAG(s) 'tg_user_processing' retrieved from /opt/airflow/dags/tg_user_processing.py
[2026-01-17T09:35:47.177+0000] {logging_mixin.py:190} INFO - [2026-01-17T09:35:47.177+0000] {dag.py:3239} INFO - Sync 1 DAGs
[2026-01-17T09:35:47.220+0000] {logging_mixin.py:190} INFO - [2026-01-17T09:35:47.219+0000] {dag.py:4180} INFO - Setting next_dagrun for tg_user_processing to 2026-01-16 00:00:00+00:00, run_after=2026-01-17 00:00:00+00:00
[2026-01-17T09:35:47.275+0000] {processor.py:208} INFO - Processing /opt/airflow/dags/tg_user_processing.py took 1.120 seconds
[2026-01-17T09:36:17.624+0000] {processor.py:186} INFO - Started process (PID=19681) to work on /opt/airflow/dags/tg_user_processing.py
[2026-01-17T09:36:17.627+0000] {processor.py:914} INFO - Processing file /opt/airflow/dags/tg_user_processing.py for tasks to queue
[2026-01-17T09:36:17.631+0000] {logging_mixin.py:190} INFO - [2026-01-17T09:36:17.630+0000] {dagbag.py:588} INFO - Filling up the DagBag from /opt/airflow/dags/tg_user_processing.py
[2026-01-17T09:36:18.508+0000] {processor.py:925} INFO - DAG(s) 'tg_user_processing' retrieved from /opt/airflow/dags/tg_user_processing.py
[2026-01-17T09:36:18.560+0000] {logging_mixin.py:190} INFO - [2026-01-17T09:36:18.559+0000] {dag.py:3239} INFO - Sync 1 DAGs
[2026-01-17T09:36:18.606+0000] {logging_mixin.py:190} INFO - [2026-01-17T09:36:18.605+0000] {dag.py:4180} INFO - Setting next_dagrun for tg_user_processing to 2026-01-16 00:00:00+00:00, run_after=2026-01-17 00:00:00+00:00
[2026-01-17T09:36:18.675+0000] {processor.py:208} INFO - Processing /opt/airflow/dags/tg_user_processing.py took 1.065 seconds
[2026-01-17T09:36:49.336+0000] {processor.py:186} INFO - Started process (PID=19705) to work on /opt/airflow/dags/tg_user_processing.py
[2026-01-17T09:36:49.339+0000] {processor.py:914} INFO - Processing file /opt/airflow/dags/tg_user_processing.py for tasks to queue
[2026-01-17T09:36:49.343+0000] {logging_mixin.py:190} INFO - [2026-01-17T09:36:49.341+0000] {dagbag.py:588} INFO - Filling up the DagBag from /opt/airflow/dags/tg_user_processing.py
[2026-01-17T09:36:50.292+0000] {processor.py:925} INFO - DAG(s) 'tg_user_processing' retrieved from /opt/airflow/dags/tg_user_processing.py
[2026-01-17T09:36:50.334+0000] {logging_mixin.py:190} INFO - [2026-01-17T09:36:50.333+0000] {dag.py:3239} INFO - Sync 1 DAGs
[2026-01-17T09:36:50.379+0000] {logging_mixin.py:190} INFO - [2026-01-17T09:36:50.378+0000] {dag.py:4180} INFO - Setting next_dagrun for tg_user_processing to 2026-01-16 00:00:00+00:00, run_after=2026-01-17 00:00:00+00:00
[2026-01-17T09:36:50.433+0000] {processor.py:208} INFO - Processing /opt/airflow/dags/tg_user_processing.py took 1.118 seconds
[2026-01-17T09:37:21.001+0000] {processor.py:186} INFO - Started process (PID=19730) to work on /opt/airflow/dags/tg_user_processing.py
[2026-01-17T09:37:21.005+0000] {processor.py:914} INFO - Processing file /opt/airflow/dags/tg_user_processing.py for tasks to queue
[2026-01-17T09:37:21.011+0000] {logging_mixin.py:190} INFO - [2026-01-17T09:37:21.009+0000] {dagbag.py:588} INFO - Filling up the DagBag from /opt/airflow/dags/tg_user_processing.py
[2026-01-17T09:37:21.946+0000] {processor.py:925} INFO - DAG(s) 'tg_user_processing' retrieved from /opt/airflow/dags/tg_user_processing.py
[2026-01-17T09:37:21.980+0000] {logging_mixin.py:190} INFO - [2026-01-17T09:37:21.979+0000] {dag.py:3239} INFO - Sync 1 DAGs
[2026-01-17T09:37:22.016+0000] {logging_mixin.py:190} INFO - [2026-01-17T09:37:22.016+0000] {dag.py:4180} INFO - Setting next_dagrun for tg_user_processing to 2026-01-16 00:00:00+00:00, run_after=2026-01-17 00:00:00+00:00
[2026-01-17T09:37:22.061+0000] {processor.py:208} INFO - Processing /opt/airflow/dags/tg_user_processing.py took 1.088 seconds
[2026-01-17T09:37:52.586+0000] {processor.py:186} INFO - Started process (PID=19755) to work on /opt/airflow/dags/tg_user_processing.py
[2026-01-17T09:37:52.587+0000] {processor.py:914} INFO - Processing file /opt/airflow/dags/tg_user_processing.py for tasks to queue
[2026-01-17T09:37:52.591+0000] {logging_mixin.py:190} INFO - [2026-01-17T09:37:52.590+0000] {dagbag.py:588} INFO - Filling up the DagBag from /opt/airflow/dags/tg_user_processing.py
[2026-01-17T09:37:53.496+0000] {processor.py:925} INFO - DAG(s) 'tg_user_processing' retrieved from /opt/airflow/dags/tg_user_processing.py
[2026-01-17T09:37:53.542+0000] {logging_mixin.py:190} INFO - [2026-01-17T09:37:53.540+0000] {dag.py:3239} INFO - Sync 1 DAGs
[2026-01-17T09:37:53.591+0000] {logging_mixin.py:190} INFO - [2026-01-17T09:37:53.590+0000] {dag.py:4180} INFO - Setting next_dagrun for tg_user_processing to 2026-01-16 00:00:00+00:00, run_after=2026-01-17 00:00:00+00:00
[2026-01-17T09:37:53.632+0000] {processor.py:208} INFO - Processing /opt/airflow/dags/tg_user_processing.py took 1.060 seconds
[2026-01-17T09:38:24.083+0000] {processor.py:186} INFO - Started process (PID=19779) to work on /opt/airflow/dags/tg_user_processing.py
[2026-01-17T09:38:24.086+0000] {processor.py:914} INFO - Processing file /opt/airflow/dags/tg_user_processing.py for tasks to queue
[2026-01-17T09:38:24.089+0000] {logging_mixin.py:190} INFO - [2026-01-17T09:38:24.088+0000] {dagbag.py:588} INFO - Filling up the DagBag from /opt/airflow/dags/tg_user_processing.py
[2026-01-17T09:38:25.110+0000] {processor.py:925} INFO - DAG(s) 'tg_user_processing' retrieved from /opt/airflow/dags/tg_user_processing.py
[2026-01-17T09:38:25.162+0000] {logging_mixin.py:190} INFO - [2026-01-17T09:38:25.161+0000] {dag.py:3239} INFO - Sync 1 DAGs
[2026-01-17T09:38:25.206+0000] {logging_mixin.py:190} INFO - [2026-01-17T09:38:25.205+0000] {dag.py:4180} INFO - Setting next_dagrun for tg_user_processing to 2026-01-16 00:00:00+00:00, run_after=2026-01-17 00:00:00+00:00
[2026-01-17T09:38:25.268+0000] {processor.py:208} INFO - Processing /opt/airflow/dags/tg_user_processing.py took 1.201 seconds
[2026-01-17T09:38:55.501+0000] {processor.py:186} INFO - Started process (PID=19803) to work on /opt/airflow/dags/tg_user_processing.py
[2026-01-17T09:38:55.503+0000] {processor.py:914} INFO - Processing file /opt/airflow/dags/tg_user_processing.py for tasks to queue
[2026-01-17T09:38:55.505+0000] {logging_mixin.py:190} INFO - [2026-01-17T09:38:55.504+0000] {dagbag.py:588} INFO - Filling up the DagBag from /opt/airflow/dags/tg_user_processing.py
[2026-01-17T09:38:56.437+0000] {processor.py:925} INFO - DAG(s) 'tg_user_processing' retrieved from /opt/airflow/dags/tg_user_processing.py
[2026-01-17T09:38:56.481+0000] {logging_mixin.py:190} INFO - [2026-01-17T09:38:56.480+0000] {dag.py:3239} INFO - Sync 1 DAGs
[2026-01-17T09:38:56.536+0000] {logging_mixin.py:190} INFO - [2026-01-17T09:38:56.535+0000] {dag.py:4180} INFO - Setting next_dagrun for tg_user_processing to 2026-01-16 00:00:00+00:00, run_after=2026-01-17 00:00:00+00:00
[2026-01-17T09:38:56.596+0000] {processor.py:208} INFO - Processing /opt/airflow/dags/tg_user_processing.py took 1.108 seconds
[2026-01-17T09:39:26.865+0000] {processor.py:186} INFO - Started process (PID=19827) to work on /opt/airflow/dags/tg_user_processing.py
[2026-01-17T09:39:26.867+0000] {processor.py:914} INFO - Processing file /opt/airflow/dags/tg_user_processing.py for tasks to queue
[2026-01-17T09:39:26.870+0000] {logging_mixin.py:190} INFO - [2026-01-17T09:39:26.869+0000] {dagbag.py:588} INFO - Filling up the DagBag from /opt/airflow/dags/tg_user_processing.py
[2026-01-17T09:39:27.771+0000] {processor.py:925} INFO - DAG(s) 'tg_user_processing' retrieved from /opt/airflow/dags/tg_user_processing.py
[2026-01-17T09:39:27.810+0000] {logging_mixin.py:190} INFO - [2026-01-17T09:39:27.810+0000] {dag.py:3239} INFO - Sync 1 DAGs
[2026-01-17T09:39:27.863+0000] {logging_mixin.py:190} INFO - [2026-01-17T09:39:27.863+0000] {dag.py:4180} INFO - Setting next_dagrun for tg_user_processing to 2026-01-16 00:00:00+00:00, run_after=2026-01-17 00:00:00+00:00
[2026-01-17T09:39:27.916+0000] {processor.py:208} INFO - Processing /opt/airflow/dags/tg_user_processing.py took 1.072 seconds
[2026-01-17T09:39:58.180+0000] {processor.py:186} INFO - Started process (PID=19851) to work on /opt/airflow/dags/tg_user_processing.py
[2026-01-17T09:39:58.181+0000] {processor.py:914} INFO - Processing file /opt/airflow/dags/tg_user_processing.py for tasks to queue
[2026-01-17T09:39:58.183+0000] {logging_mixin.py:190} INFO - [2026-01-17T09:39:58.183+0000] {dagbag.py:588} INFO - Filling up the DagBag from /opt/airflow/dags/tg_user_processing.py
[2026-01-17T09:39:59.147+0000] {processor.py:925} INFO - DAG(s) 'tg_user_processing' retrieved from /opt/airflow/dags/tg_user_processing.py
[2026-01-17T09:39:59.198+0000] {logging_mixin.py:190} INFO - [2026-01-17T09:39:59.198+0000] {dag.py:3239} INFO - Sync 1 DAGs
[2026-01-17T09:39:59.247+0000] {logging_mixin.py:190} INFO - [2026-01-17T09:39:59.247+0000] {dag.py:4180} INFO - Setting next_dagrun for tg_user_processing to 2026-01-16 00:00:00+00:00, run_after=2026-01-17 00:00:00+00:00
[2026-01-17T09:39:59.293+0000] {processor.py:208} INFO - Processing /opt/airflow/dags/tg_user_processing.py took 1.125 seconds
[2026-01-17T09:40:29.639+0000] {processor.py:186} INFO - Started process (PID=19875) to work on /opt/airflow/dags/tg_user_processing.py
[2026-01-17T09:40:29.642+0000] {processor.py:914} INFO - Processing file /opt/airflow/dags/tg_user_processing.py for tasks to queue
[2026-01-17T09:40:29.644+0000] {logging_mixin.py:190} INFO - [2026-01-17T09:40:29.643+0000] {dagbag.py:588} INFO - Filling up the DagBag from /opt/airflow/dags/tg_user_processing.py
[2026-01-17T09:40:30.513+0000] {processor.py:925} INFO - DAG(s) 'tg_user_processing' retrieved from /opt/airflow/dags/tg_user_processing.py
[2026-01-17T09:40:30.563+0000] {logging_mixin.py:190} INFO - [2026-01-17T09:40:30.562+0000] {dag.py:3239} INFO - Sync 1 DAGs
[2026-01-17T09:40:30.608+0000] {logging_mixin.py:190} INFO - [2026-01-17T09:40:30.607+0000] {dag.py:4180} INFO - Setting next_dagrun for tg_user_processing to 2026-01-16 00:00:00+00:00, run_after=2026-01-17 00:00:00+00:00
[2026-01-17T09:40:30.664+0000] {processor.py:208} INFO - Processing /opt/airflow/dags/tg_user_processing.py took 1.038 seconds
[2026-01-17T09:41:01.025+0000] {processor.py:186} INFO - Started process (PID=19900) to work on /opt/airflow/dags/tg_user_processing.py
[2026-01-17T09:41:01.027+0000] {processor.py:914} INFO - Processing file /opt/airflow/dags/tg_user_processing.py for tasks to queue
[2026-01-17T09:41:01.029+0000] {logging_mixin.py:190} INFO - [2026-01-17T09:41:01.029+0000] {dagbag.py:588} INFO - Filling up the DagBag from /opt/airflow/dags/tg_user_processing.py
[2026-01-17T09:41:01.971+0000] {processor.py:925} INFO - DAG(s) 'tg_user_processing' retrieved from /opt/airflow/dags/tg_user_processing.py
[2026-01-17T09:41:02.016+0000] {logging_mixin.py:190} INFO - [2026-01-17T09:41:02.015+0000] {dag.py:3239} INFO - Sync 1 DAGs
[2026-01-17T09:41:02.062+0000] {logging_mixin.py:190} INFO - [2026-01-17T09:41:02.061+0000] {dag.py:4180} INFO - Setting next_dagrun for tg_user_processing to 2026-01-16 00:00:00+00:00, run_after=2026-01-17 00:00:00+00:00
[2026-01-17T09:41:02.115+0000] {processor.py:208} INFO - Processing /opt/airflow/dags/tg_user_processing.py took 1.105 seconds
[2026-01-17T09:41:32.253+0000] {processor.py:186} INFO - Started process (PID=19924) to work on /opt/airflow/dags/tg_user_processing.py
[2026-01-17T09:41:32.255+0000] {processor.py:914} INFO - Processing file /opt/airflow/dags/tg_user_processing.py for tasks to queue
[2026-01-17T09:41:32.257+0000] {logging_mixin.py:190} INFO - [2026-01-17T09:41:32.257+0000] {dagbag.py:588} INFO - Filling up the DagBag from /opt/airflow/dags/tg_user_processing.py
[2026-01-17T09:41:33.088+0000] {processor.py:925} INFO - DAG(s) 'tg_user_processing' retrieved from /opt/airflow/dags/tg_user_processing.py
[2026-01-17T09:41:33.119+0000] {logging_mixin.py:190} INFO - [2026-01-17T09:41:33.119+0000] {dag.py:3239} INFO - Sync 1 DAGs
[2026-01-17T09:41:33.152+0000] {logging_mixin.py:190} INFO - [2026-01-17T09:41:33.152+0000] {dag.py:4180} INFO - Setting next_dagrun for tg_user_processing to 2026-01-16 00:00:00+00:00, run_after=2026-01-17 00:00:00+00:00
[2026-01-17T09:41:33.188+0000] {processor.py:208} INFO - Processing /opt/airflow/dags/tg_user_processing.py took 0.963 seconds
[2026-01-17T09:42:04.009+0000] {processor.py:186} INFO - Started process (PID=19948) to work on /opt/airflow/dags/tg_user_processing.py
[2026-01-17T09:42:04.011+0000] {processor.py:914} INFO - Processing file /opt/airflow/dags/tg_user_processing.py for tasks to queue
[2026-01-17T09:42:04.013+0000] {logging_mixin.py:190} INFO - [2026-01-17T09:42:04.012+0000] {dagbag.py:588} INFO - Filling up the DagBag from /opt/airflow/dags/tg_user_processing.py
[2026-01-17T09:42:04.822+0000] {processor.py:925} INFO - DAG(s) 'tg_user_processing' retrieved from /opt/airflow/dags/tg_user_processing.py
[2026-01-17T09:42:04.861+0000] {logging_mixin.py:190} INFO - [2026-01-17T09:42:04.860+0000] {dag.py:3239} INFO - Sync 1 DAGs
[2026-01-17T09:42:04.899+0000] {logging_mixin.py:190} INFO - [2026-01-17T09:42:04.899+0000] {dag.py:4180} INFO - Setting next_dagrun for tg_user_processing to 2026-01-16 00:00:00+00:00, run_after=2026-01-17 00:00:00+00:00
[2026-01-17T09:42:04.954+0000] {processor.py:208} INFO - Processing /opt/airflow/dags/tg_user_processing.py took 0.958 seconds
[2026-01-17T09:42:35.263+0000] {processor.py:186} INFO - Started process (PID=19972) to work on /opt/airflow/dags/tg_user_processing.py
[2026-01-17T09:42:35.266+0000] {processor.py:914} INFO - Processing file /opt/airflow/dags/tg_user_processing.py for tasks to queue
[2026-01-17T09:42:35.268+0000] {logging_mixin.py:190} INFO - [2026-01-17T09:42:35.267+0000] {dagbag.py:588} INFO - Filling up the DagBag from /opt/airflow/dags/tg_user_processing.py
[2026-01-17T09:42:36.212+0000] {processor.py:925} INFO - DAG(s) 'tg_user_processing' retrieved from /opt/airflow/dags/tg_user_processing.py
[2026-01-17T09:42:36.246+0000] {logging_mixin.py:190} INFO - [2026-01-17T09:42:36.245+0000] {dag.py:3239} INFO - Sync 1 DAGs
[2026-01-17T09:42:36.297+0000] {logging_mixin.py:190} INFO - [2026-01-17T09:42:36.297+0000] {dag.py:4180} INFO - Setting next_dagrun for tg_user_processing to 2026-01-16 00:00:00+00:00, run_after=2026-01-17 00:00:00+00:00
[2026-01-17T09:42:36.354+0000] {processor.py:208} INFO - Processing /opt/airflow/dags/tg_user_processing.py took 1.106 seconds
[2026-01-17T09:43:06.849+0000] {processor.py:186} INFO - Started process (PID=19996) to work on /opt/airflow/dags/tg_user_processing.py
[2026-01-17T09:43:06.851+0000] {processor.py:914} INFO - Processing file /opt/airflow/dags/tg_user_processing.py for tasks to queue
[2026-01-17T09:43:06.855+0000] {logging_mixin.py:190} INFO - [2026-01-17T09:43:06.854+0000] {dagbag.py:588} INFO - Filling up the DagBag from /opt/airflow/dags/tg_user_processing.py
[2026-01-17T09:43:07.786+0000] {processor.py:925} INFO - DAG(s) 'tg_user_processing' retrieved from /opt/airflow/dags/tg_user_processing.py
[2026-01-17T09:43:07.831+0000] {logging_mixin.py:190} INFO - [2026-01-17T09:43:07.830+0000] {dag.py:3239} INFO - Sync 1 DAGs
[2026-01-17T09:43:07.876+0000] {logging_mixin.py:190} INFO - [2026-01-17T09:43:07.876+0000] {dag.py:4180} INFO - Setting next_dagrun for tg_user_processing to 2026-01-16 00:00:00+00:00, run_after=2026-01-17 00:00:00+00:00
[2026-01-17T09:43:07.931+0000] {processor.py:208} INFO - Processing /opt/airflow/dags/tg_user_processing.py took 1.097 seconds
[2026-01-17T09:43:38.838+0000] {processor.py:186} INFO - Started process (PID=20020) to work on /opt/airflow/dags/tg_user_processing.py
[2026-01-17T09:43:38.840+0000] {processor.py:914} INFO - Processing file /opt/airflow/dags/tg_user_processing.py for tasks to queue
[2026-01-17T09:43:38.843+0000] {logging_mixin.py:190} INFO - [2026-01-17T09:43:38.842+0000] {dagbag.py:588} INFO - Filling up the DagBag from /opt/airflow/dags/tg_user_processing.py
[2026-01-17T09:43:39.828+0000] {processor.py:925} INFO - DAG(s) 'tg_user_processing' retrieved from /opt/airflow/dags/tg_user_processing.py
[2026-01-17T09:43:39.867+0000] {logging_mixin.py:190} INFO - [2026-01-17T09:43:39.867+0000] {dag.py:3239} INFO - Sync 1 DAGs
[2026-01-17T09:43:39.911+0000] {logging_mixin.py:190} INFO - [2026-01-17T09:43:39.911+0000] {dag.py:4180} INFO - Setting next_dagrun for tg_user_processing to 2026-01-16 00:00:00+00:00, run_after=2026-01-17 00:00:00+00:00
[2026-01-17T09:43:39.957+0000] {processor.py:208} INFO - Processing /opt/airflow/dags/tg_user_processing.py took 1.137 seconds
[2026-01-17T09:44:10.087+0000] {processor.py:186} INFO - Started process (PID=20044) to work on /opt/airflow/dags/tg_user_processing.py
[2026-01-17T09:44:10.091+0000] {processor.py:914} INFO - Processing file /opt/airflow/dags/tg_user_processing.py for tasks to queue
[2026-01-17T09:44:10.096+0000] {logging_mixin.py:190} INFO - [2026-01-17T09:44:10.095+0000] {dagbag.py:588} INFO - Filling up the DagBag from /opt/airflow/dags/tg_user_processing.py
[2026-01-17T09:44:11.020+0000] {processor.py:925} INFO - DAG(s) 'tg_user_processing' retrieved from /opt/airflow/dags/tg_user_processing.py
[2026-01-17T09:44:11.065+0000] {logging_mixin.py:190} INFO - [2026-01-17T09:44:11.064+0000] {dag.py:3239} INFO - Sync 1 DAGs
[2026-01-17T09:44:11.122+0000] {logging_mixin.py:190} INFO - [2026-01-17T09:44:11.121+0000] {dag.py:4180} INFO - Setting next_dagrun for tg_user_processing to 2026-01-16 00:00:00+00:00, run_after=2026-01-17 00:00:00+00:00
[2026-01-17T09:44:11.179+0000] {processor.py:208} INFO - Processing /opt/airflow/dags/tg_user_processing.py took 1.113 seconds
[2026-01-17T09:44:41.354+0000] {processor.py:186} INFO - Started process (PID=20068) to work on /opt/airflow/dags/tg_user_processing.py
[2026-01-17T09:44:41.356+0000] {processor.py:914} INFO - Processing file /opt/airflow/dags/tg_user_processing.py for tasks to queue
[2026-01-17T09:44:41.360+0000] {logging_mixin.py:190} INFO - [2026-01-17T09:44:41.359+0000] {dagbag.py:588} INFO - Filling up the DagBag from /opt/airflow/dags/tg_user_processing.py
[2026-01-17T09:44:42.279+0000] {processor.py:925} INFO - DAG(s) 'tg_user_processing' retrieved from /opt/airflow/dags/tg_user_processing.py
[2026-01-17T09:44:42.322+0000] {logging_mixin.py:190} INFO - [2026-01-17T09:44:42.321+0000] {dag.py:3239} INFO - Sync 1 DAGs
[2026-01-17T09:44:42.364+0000] {logging_mixin.py:190} INFO - [2026-01-17T09:44:42.364+0000] {dag.py:4180} INFO - Setting next_dagrun for tg_user_processing to 2026-01-16 00:00:00+00:00, run_after=2026-01-17 00:00:00+00:00
[2026-01-17T09:44:42.408+0000] {processor.py:208} INFO - Processing /opt/airflow/dags/tg_user_processing.py took 1.071 seconds
[2026-01-17T09:45:12.648+0000] {processor.py:186} INFO - Started process (PID=20092) to work on /opt/airflow/dags/tg_user_processing.py
[2026-01-17T09:45:12.650+0000] {processor.py:914} INFO - Processing file /opt/airflow/dags/tg_user_processing.py for tasks to queue
[2026-01-17T09:45:12.653+0000] {logging_mixin.py:190} INFO - [2026-01-17T09:45:12.652+0000] {dagbag.py:588} INFO - Filling up the DagBag from /opt/airflow/dags/tg_user_processing.py
[2026-01-17T09:45:13.386+0000] {processor.py:925} INFO - DAG(s) 'tg_user_processing' retrieved from /opt/airflow/dags/tg_user_processing.py
[2026-01-17T09:45:13.414+0000] {logging_mixin.py:190} INFO - [2026-01-17T09:45:13.414+0000] {dag.py:3239} INFO - Sync 1 DAGs
[2026-01-17T09:45:13.444+0000] {logging_mixin.py:190} INFO - [2026-01-17T09:45:13.444+0000] {dag.py:4180} INFO - Setting next_dagrun for tg_user_processing to 2026-01-16 00:00:00+00:00, run_after=2026-01-17 00:00:00+00:00
[2026-01-17T09:45:13.496+0000] {processor.py:208} INFO - Processing /opt/airflow/dags/tg_user_processing.py took 0.863 seconds
[2026-01-17T09:45:43.851+0000] {processor.py:186} INFO - Started process (PID=20116) to work on /opt/airflow/dags/tg_user_processing.py
[2026-01-17T09:45:43.854+0000] {processor.py:914} INFO - Processing file /opt/airflow/dags/tg_user_processing.py for tasks to queue
[2026-01-17T09:45:43.859+0000] {logging_mixin.py:190} INFO - [2026-01-17T09:45:43.857+0000] {dagbag.py:588} INFO - Filling up the DagBag from /opt/airflow/dags/tg_user_processing.py
[2026-01-17T09:45:44.814+0000] {processor.py:925} INFO - DAG(s) 'tg_user_processing' retrieved from /opt/airflow/dags/tg_user_processing.py
[2026-01-17T09:45:44.854+0000] {logging_mixin.py:190} INFO - [2026-01-17T09:45:44.853+0000] {dag.py:3239} INFO - Sync 1 DAGs
[2026-01-17T09:45:44.900+0000] {logging_mixin.py:190} INFO - [2026-01-17T09:45:44.900+0000] {dag.py:4180} INFO - Setting next_dagrun for tg_user_processing to 2026-01-16 00:00:00+00:00, run_after=2026-01-17 00:00:00+00:00
[2026-01-17T09:45:44.962+0000] {processor.py:208} INFO - Processing /opt/airflow/dags/tg_user_processing.py took 1.141 seconds
[2026-01-17T09:46:15.466+0000] {processor.py:186} INFO - Started process (PID=20141) to work on /opt/airflow/dags/tg_user_processing.py
[2026-01-17T09:46:15.469+0000] {processor.py:914} INFO - Processing file /opt/airflow/dags/tg_user_processing.py for tasks to queue
[2026-01-17T09:46:15.471+0000] {logging_mixin.py:190} INFO - [2026-01-17T09:46:15.471+0000] {dagbag.py:588} INFO - Filling up the DagBag from /opt/airflow/dags/tg_user_processing.py
[2026-01-17T09:46:16.723+0000] {processor.py:925} INFO - DAG(s) 'tg_user_processing' retrieved from /opt/airflow/dags/tg_user_processing.py
[2026-01-17T09:46:16.791+0000] {logging_mixin.py:190} INFO - [2026-01-17T09:46:16.789+0000] {dag.py:3239} INFO - Sync 1 DAGs
[2026-01-17T09:46:16.864+0000] {logging_mixin.py:190} INFO - [2026-01-17T09:46:16.864+0000] {dag.py:4180} INFO - Setting next_dagrun for tg_user_processing to 2026-01-16 00:00:00+00:00, run_after=2026-01-17 00:00:00+00:00
[2026-01-17T09:46:16.936+0000] {processor.py:208} INFO - Processing /opt/airflow/dags/tg_user_processing.py took 1.491 seconds
[2026-01-17T09:46:47.710+0000] {processor.py:186} INFO - Started process (PID=20171) to work on /opt/airflow/dags/tg_user_processing.py
[2026-01-17T09:46:47.712+0000] {processor.py:914} INFO - Processing file /opt/airflow/dags/tg_user_processing.py for tasks to queue
[2026-01-17T09:46:47.714+0000] {logging_mixin.py:190} INFO - [2026-01-17T09:46:47.713+0000] {dagbag.py:588} INFO - Filling up the DagBag from /opt/airflow/dags/tg_user_processing.py
[2026-01-17T09:46:48.650+0000] {processor.py:925} INFO - DAG(s) 'tg_user_processing' retrieved from /opt/airflow/dags/tg_user_processing.py
[2026-01-17T09:46:48.696+0000] {logging_mixin.py:190} INFO - [2026-01-17T09:46:48.695+0000] {dag.py:3239} INFO - Sync 1 DAGs
[2026-01-17T09:46:48.744+0000] {logging_mixin.py:190} INFO - [2026-01-17T09:46:48.744+0000] {dag.py:4180} INFO - Setting next_dagrun for tg_user_processing to 2026-01-16 00:00:00+00:00, run_after=2026-01-17 00:00:00+00:00
[2026-01-17T09:46:48.793+0000] {processor.py:208} INFO - Processing /opt/airflow/dags/tg_user_processing.py took 1.096 seconds
[2026-01-17T09:47:19.135+0000] {processor.py:186} INFO - Started process (PID=20195) to work on /opt/airflow/dags/tg_user_processing.py
[2026-01-17T09:47:19.138+0000] {processor.py:914} INFO - Processing file /opt/airflow/dags/tg_user_processing.py for tasks to queue
[2026-01-17T09:47:19.141+0000] {logging_mixin.py:190} INFO - [2026-01-17T09:47:19.140+0000] {dagbag.py:588} INFO - Filling up the DagBag from /opt/airflow/dags/tg_user_processing.py
[2026-01-17T09:47:20.033+0000] {processor.py:925} INFO - DAG(s) 'tg_user_processing' retrieved from /opt/airflow/dags/tg_user_processing.py
[2026-01-17T09:47:20.079+0000] {logging_mixin.py:190} INFO - [2026-01-17T09:47:20.079+0000] {dag.py:3239} INFO - Sync 1 DAGs
[2026-01-17T09:47:20.123+0000] {logging_mixin.py:190} INFO - [2026-01-17T09:47:20.122+0000] {dag.py:4180} INFO - Setting next_dagrun for tg_user_processing to 2026-01-16 00:00:00+00:00, run_after=2026-01-17 00:00:00+00:00
[2026-01-17T09:47:20.177+0000] {processor.py:208} INFO - Processing /opt/airflow/dags/tg_user_processing.py took 1.054 seconds
[2026-01-17T09:47:50.518+0000] {processor.py:186} INFO - Started process (PID=20219) to work on /opt/airflow/dags/tg_user_processing.py
[2026-01-17T09:47:50.520+0000] {processor.py:914} INFO - Processing file /opt/airflow/dags/tg_user_processing.py for tasks to queue
[2026-01-17T09:47:50.523+0000] {logging_mixin.py:190} INFO - [2026-01-17T09:47:50.522+0000] {dagbag.py:588} INFO - Filling up the DagBag from /opt/airflow/dags/tg_user_processing.py
[2026-01-17T09:47:51.377+0000] {processor.py:925} INFO - DAG(s) 'tg_user_processing' retrieved from /opt/airflow/dags/tg_user_processing.py
[2026-01-17T09:47:51.416+0000] {logging_mixin.py:190} INFO - [2026-01-17T09:47:51.415+0000] {dag.py:3239} INFO - Sync 1 DAGs
[2026-01-17T09:47:51.459+0000] {logging_mixin.py:190} INFO - [2026-01-17T09:47:51.459+0000] {dag.py:4180} INFO - Setting next_dagrun for tg_user_processing to 2026-01-16 00:00:00+00:00, run_after=2026-01-17 00:00:00+00:00
[2026-01-17T09:47:51.512+0000] {processor.py:208} INFO - Processing /opt/airflow/dags/tg_user_processing.py took 1.007 seconds
[2026-01-17T09:48:22.047+0000] {processor.py:186} INFO - Started process (PID=20243) to work on /opt/airflow/dags/tg_user_processing.py
[2026-01-17T09:48:22.049+0000] {processor.py:914} INFO - Processing file /opt/airflow/dags/tg_user_processing.py for tasks to queue
[2026-01-17T09:48:22.051+0000] {logging_mixin.py:190} INFO - [2026-01-17T09:48:22.051+0000] {dagbag.py:588} INFO - Filling up the DagBag from /opt/airflow/dags/tg_user_processing.py
[2026-01-17T09:48:22.932+0000] {processor.py:925} INFO - DAG(s) 'tg_user_processing' retrieved from /opt/airflow/dags/tg_user_processing.py
[2026-01-17T09:48:22.978+0000] {logging_mixin.py:190} INFO - [2026-01-17T09:48:22.977+0000] {dag.py:3239} INFO - Sync 1 DAGs
[2026-01-17T09:48:23.019+0000] {logging_mixin.py:190} INFO - [2026-01-17T09:48:23.019+0000] {dag.py:4180} INFO - Setting next_dagrun for tg_user_processing to 2026-01-16 00:00:00+00:00, run_after=2026-01-17 00:00:00+00:00
[2026-01-17T09:48:23.070+0000] {processor.py:208} INFO - Processing /opt/airflow/dags/tg_user_processing.py took 1.036 seconds
[2026-01-17T09:48:53.840+0000] {processor.py:186} INFO - Started process (PID=20267) to work on /opt/airflow/dags/tg_user_processing.py
[2026-01-17T09:48:53.842+0000] {processor.py:914} INFO - Processing file /opt/airflow/dags/tg_user_processing.py for tasks to queue
[2026-01-17T09:48:53.844+0000] {logging_mixin.py:190} INFO - [2026-01-17T09:48:53.844+0000] {dagbag.py:588} INFO - Filling up the DagBag from /opt/airflow/dags/tg_user_processing.py
[2026-01-17T09:48:54.844+0000] {processor.py:925} INFO - DAG(s) 'tg_user_processing' retrieved from /opt/airflow/dags/tg_user_processing.py
[2026-01-17T09:48:54.912+0000] {logging_mixin.py:190} INFO - [2026-01-17T09:48:54.911+0000] {dag.py:3239} INFO - Sync 1 DAGs
[2026-01-17T09:48:54.970+0000] {logging_mixin.py:190} INFO - [2026-01-17T09:48:54.970+0000] {dag.py:4180} INFO - Setting next_dagrun for tg_user_processing to 2026-01-16 00:00:00+00:00, run_after=2026-01-17 00:00:00+00:00
[2026-01-17T09:48:55.028+0000] {processor.py:208} INFO - Processing /opt/airflow/dags/tg_user_processing.py took 1.203 seconds
[2026-01-17T09:49:25.459+0000] {processor.py:186} INFO - Started process (PID=20291) to work on /opt/airflow/dags/tg_user_processing.py
[2026-01-17T09:49:25.461+0000] {processor.py:914} INFO - Processing file /opt/airflow/dags/tg_user_processing.py for tasks to queue
[2026-01-17T09:49:25.463+0000] {logging_mixin.py:190} INFO - [2026-01-17T09:49:25.462+0000] {dagbag.py:588} INFO - Filling up the DagBag from /opt/airflow/dags/tg_user_processing.py
[2026-01-17T09:49:26.305+0000] {processor.py:925} INFO - DAG(s) 'tg_user_processing' retrieved from /opt/airflow/dags/tg_user_processing.py
[2026-01-17T09:49:26.346+0000] {logging_mixin.py:190} INFO - [2026-01-17T09:49:26.345+0000] {dag.py:3239} INFO - Sync 1 DAGs
[2026-01-17T09:49:26.396+0000] {logging_mixin.py:190} INFO - [2026-01-17T09:49:26.395+0000] {dag.py:4180} INFO - Setting next_dagrun for tg_user_processing to 2026-01-16 00:00:00+00:00, run_after=2026-01-17 00:00:00+00:00
[2026-01-17T09:49:26.443+0000] {processor.py:208} INFO - Processing /opt/airflow/dags/tg_user_processing.py took 0.998 seconds
[2026-01-17T09:49:57.220+0000] {processor.py:186} INFO - Started process (PID=20315) to work on /opt/airflow/dags/tg_user_processing.py
[2026-01-17T09:49:57.222+0000] {processor.py:914} INFO - Processing file /opt/airflow/dags/tg_user_processing.py for tasks to queue
[2026-01-17T09:49:57.225+0000] {logging_mixin.py:190} INFO - [2026-01-17T09:49:57.224+0000] {dagbag.py:588} INFO - Filling up the DagBag from /opt/airflow/dags/tg_user_processing.py
[2026-01-17T09:49:58.323+0000] {processor.py:925} INFO - DAG(s) 'tg_user_processing' retrieved from /opt/airflow/dags/tg_user_processing.py
[2026-01-17T09:49:58.386+0000] {logging_mixin.py:190} INFO - [2026-01-17T09:49:58.385+0000] {dag.py:3239} INFO - Sync 1 DAGs
[2026-01-17T09:49:58.433+0000] {logging_mixin.py:190} INFO - [2026-01-17T09:49:58.433+0000] {dag.py:4180} INFO - Setting next_dagrun for tg_user_processing to 2026-01-16 00:00:00+00:00, run_after=2026-01-17 00:00:00+00:00
[2026-01-17T09:49:58.505+0000] {processor.py:208} INFO - Processing /opt/airflow/dags/tg_user_processing.py took 1.299 seconds
[2026-01-17T09:50:28.937+0000] {processor.py:186} INFO - Started process (PID=20339) to work on /opt/airflow/dags/tg_user_processing.py
[2026-01-17T09:50:28.940+0000] {processor.py:914} INFO - Processing file /opt/airflow/dags/tg_user_processing.py for tasks to queue
[2026-01-17T09:50:28.942+0000] {logging_mixin.py:190} INFO - [2026-01-17T09:50:28.941+0000] {dagbag.py:588} INFO - Filling up the DagBag from /opt/airflow/dags/tg_user_processing.py
[2026-01-17T09:50:29.913+0000] {processor.py:925} INFO - DAG(s) 'tg_user_processing' retrieved from /opt/airflow/dags/tg_user_processing.py
[2026-01-17T09:50:29.958+0000] {logging_mixin.py:190} INFO - [2026-01-17T09:50:29.958+0000] {dag.py:3239} INFO - Sync 1 DAGs
[2026-01-17T09:50:30.006+0000] {logging_mixin.py:190} INFO - [2026-01-17T09:50:30.006+0000] {dag.py:4180} INFO - Setting next_dagrun for tg_user_processing to 2026-01-16 00:00:00+00:00, run_after=2026-01-17 00:00:00+00:00
[2026-01-17T09:50:30.064+0000] {processor.py:208} INFO - Processing /opt/airflow/dags/tg_user_processing.py took 1.140 seconds
[2026-01-17T09:51:00.511+0000] {processor.py:186} INFO - Started process (PID=20363) to work on /opt/airflow/dags/tg_user_processing.py
[2026-01-17T09:51:00.513+0000] {processor.py:914} INFO - Processing file /opt/airflow/dags/tg_user_processing.py for tasks to queue
[2026-01-17T09:51:00.516+0000] {logging_mixin.py:190} INFO - [2026-01-17T09:51:00.516+0000] {dagbag.py:588} INFO - Filling up the DagBag from /opt/airflow/dags/tg_user_processing.py
[2026-01-17T09:51:01.457+0000] {processor.py:925} INFO - DAG(s) 'tg_user_processing' retrieved from /opt/airflow/dags/tg_user_processing.py
[2026-01-17T09:51:01.511+0000] {logging_mixin.py:190} INFO - [2026-01-17T09:51:01.509+0000] {dag.py:3239} INFO - Sync 1 DAGs
[2026-01-17T09:51:01.571+0000] {logging_mixin.py:190} INFO - [2026-01-17T09:51:01.570+0000] {dag.py:4180} INFO - Setting next_dagrun for tg_user_processing to 2026-01-16 00:00:00+00:00, run_after=2026-01-17 00:00:00+00:00
[2026-01-17T09:51:01.629+0000] {processor.py:208} INFO - Processing /opt/airflow/dags/tg_user_processing.py took 1.139 seconds
[2026-01-17T09:51:31.831+0000] {processor.py:186} INFO - Started process (PID=20387) to work on /opt/airflow/dags/tg_user_processing.py
[2026-01-17T09:51:31.833+0000] {processor.py:914} INFO - Processing file /opt/airflow/dags/tg_user_processing.py for tasks to queue
[2026-01-17T09:51:31.835+0000] {logging_mixin.py:190} INFO - [2026-01-17T09:51:31.835+0000] {dagbag.py:588} INFO - Filling up the DagBag from /opt/airflow/dags/tg_user_processing.py
[2026-01-17T09:51:32.758+0000] {processor.py:925} INFO - DAG(s) 'tg_user_processing' retrieved from /opt/airflow/dags/tg_user_processing.py
[2026-01-17T09:51:32.792+0000] {logging_mixin.py:190} INFO - [2026-01-17T09:51:32.791+0000] {dag.py:3239} INFO - Sync 1 DAGs
[2026-01-17T09:51:32.843+0000] {logging_mixin.py:190} INFO - [2026-01-17T09:51:32.842+0000] {dag.py:4180} INFO - Setting next_dagrun for tg_user_processing to 2026-01-16 00:00:00+00:00, run_after=2026-01-17 00:00:00+00:00
[2026-01-17T09:51:32.879+0000] {processor.py:208} INFO - Processing /opt/airflow/dags/tg_user_processing.py took 1.062 seconds
[2026-01-17T09:52:03.380+0000] {processor.py:186} INFO - Started process (PID=20411) to work on /opt/airflow/dags/tg_user_processing.py
[2026-01-17T09:52:03.388+0000] {processor.py:914} INFO - Processing file /opt/airflow/dags/tg_user_processing.py for tasks to queue
[2026-01-17T09:52:03.392+0000] {logging_mixin.py:190} INFO - [2026-01-17T09:52:03.391+0000] {dagbag.py:588} INFO - Filling up the DagBag from /opt/airflow/dags/tg_user_processing.py
[2026-01-17T09:52:04.645+0000] {processor.py:925} INFO - DAG(s) 'tg_user_processing' retrieved from /opt/airflow/dags/tg_user_processing.py
[2026-01-17T09:52:04.705+0000] {logging_mixin.py:190} INFO - [2026-01-17T09:52:04.704+0000] {dag.py:3239} INFO - Sync 1 DAGs
[2026-01-17T09:52:04.780+0000] {logging_mixin.py:190} INFO - [2026-01-17T09:52:04.779+0000] {dag.py:4180} INFO - Setting next_dagrun for tg_user_processing to 2026-01-16 00:00:00+00:00, run_after=2026-01-17 00:00:00+00:00
[2026-01-17T09:52:04.873+0000] {processor.py:208} INFO - Processing /opt/airflow/dags/tg_user_processing.py took 1.522 seconds
[2026-01-17T09:52:35.710+0000] {processor.py:186} INFO - Started process (PID=20435) to work on /opt/airflow/dags/tg_user_processing.py
[2026-01-17T09:52:35.713+0000] {processor.py:914} INFO - Processing file /opt/airflow/dags/tg_user_processing.py for tasks to queue
[2026-01-17T09:52:35.715+0000] {logging_mixin.py:190} INFO - [2026-01-17T09:52:35.714+0000] {dagbag.py:588} INFO - Filling up the DagBag from /opt/airflow/dags/tg_user_processing.py
[2026-01-17T09:52:36.898+0000] {processor.py:925} INFO - DAG(s) 'tg_user_processing' retrieved from /opt/airflow/dags/tg_user_processing.py
[2026-01-17T09:52:36.997+0000] {logging_mixin.py:190} INFO - [2026-01-17T09:52:36.996+0000] {dag.py:3239} INFO - Sync 1 DAGs
[2026-01-17T09:52:37.095+0000] {logging_mixin.py:190} INFO - [2026-01-17T09:52:37.093+0000] {dag.py:4180} INFO - Setting next_dagrun for tg_user_processing to 2026-01-16 00:00:00+00:00, run_after=2026-01-17 00:00:00+00:00
[2026-01-17T09:52:37.180+0000] {processor.py:208} INFO - Processing /opt/airflow/dags/tg_user_processing.py took 1.490 seconds
[2026-01-17T09:53:07.808+0000] {processor.py:186} INFO - Started process (PID=20459) to work on /opt/airflow/dags/tg_user_processing.py
[2026-01-17T09:53:07.811+0000] {processor.py:914} INFO - Processing file /opt/airflow/dags/tg_user_processing.py for tasks to queue
[2026-01-17T09:53:07.815+0000] {logging_mixin.py:190} INFO - [2026-01-17T09:53:07.813+0000] {dagbag.py:588} INFO - Filling up the DagBag from /opt/airflow/dags/tg_user_processing.py
[2026-01-17T09:53:09.082+0000] {processor.py:925} INFO - DAG(s) 'tg_user_processing' retrieved from /opt/airflow/dags/tg_user_processing.py
[2026-01-17T09:53:09.137+0000] {logging_mixin.py:190} INFO - [2026-01-17T09:53:09.136+0000] {dag.py:3239} INFO - Sync 1 DAGs
[2026-01-17T09:53:09.196+0000] {logging_mixin.py:190} INFO - [2026-01-17T09:53:09.195+0000] {dag.py:4180} INFO - Setting next_dagrun for tg_user_processing to 2026-01-16 00:00:00+00:00, run_after=2026-01-17 00:00:00+00:00
[2026-01-17T09:53:09.255+0000] {processor.py:208} INFO - Processing /opt/airflow/dags/tg_user_processing.py took 1.465 seconds
[2026-01-17T09:53:39.736+0000] {processor.py:186} INFO - Started process (PID=20483) to work on /opt/airflow/dags/tg_user_processing.py
[2026-01-17T09:53:39.739+0000] {processor.py:914} INFO - Processing file /opt/airflow/dags/tg_user_processing.py for tasks to queue
[2026-01-17T09:53:39.741+0000] {logging_mixin.py:190} INFO - [2026-01-17T09:53:39.740+0000] {dagbag.py:588} INFO - Filling up the DagBag from /opt/airflow/dags/tg_user_processing.py
[2026-01-17T09:53:40.996+0000] {processor.py:925} INFO - DAG(s) 'tg_user_processing' retrieved from /opt/airflow/dags/tg_user_processing.py
[2026-01-17T09:53:41.060+0000] {logging_mixin.py:190} INFO - [2026-01-17T09:53:41.060+0000] {dag.py:3239} INFO - Sync 1 DAGs
[2026-01-17T09:53:41.125+0000] {logging_mixin.py:190} INFO - [2026-01-17T09:53:41.124+0000] {dag.py:4180} INFO - Setting next_dagrun for tg_user_processing to 2026-01-16 00:00:00+00:00, run_after=2026-01-17 00:00:00+00:00
[2026-01-17T09:53:41.189+0000] {processor.py:208} INFO - Processing /opt/airflow/dags/tg_user_processing.py took 1.470 seconds
[2026-01-17T09:54:11.818+0000] {processor.py:186} INFO - Started process (PID=20507) to work on /opt/airflow/dags/tg_user_processing.py
[2026-01-17T09:54:11.822+0000] {processor.py:914} INFO - Processing file /opt/airflow/dags/tg_user_processing.py for tasks to queue
[2026-01-17T09:54:11.825+0000] {logging_mixin.py:190} INFO - [2026-01-17T09:54:11.824+0000] {dagbag.py:588} INFO - Filling up the DagBag from /opt/airflow/dags/tg_user_processing.py
[2026-01-17T09:54:13.157+0000] {processor.py:925} INFO - DAG(s) 'tg_user_processing' retrieved from /opt/airflow/dags/tg_user_processing.py
[2026-01-17T09:54:13.210+0000] {logging_mixin.py:190} INFO - [2026-01-17T09:54:13.209+0000] {dag.py:3239} INFO - Sync 1 DAGs
[2026-01-17T09:54:13.273+0000] {logging_mixin.py:190} INFO - [2026-01-17T09:54:13.273+0000] {dag.py:4180} INFO - Setting next_dagrun for tg_user_processing to 2026-01-16 00:00:00+00:00, run_after=2026-01-17 00:00:00+00:00
[2026-01-17T09:54:13.338+0000] {processor.py:208} INFO - Processing /opt/airflow/dags/tg_user_processing.py took 1.549 seconds
[2026-01-17T09:54:44.193+0000] {processor.py:186} INFO - Started process (PID=20533) to work on /opt/airflow/dags/tg_user_processing.py
[2026-01-17T09:54:44.196+0000] {processor.py:914} INFO - Processing file /opt/airflow/dags/tg_user_processing.py for tasks to queue
[2026-01-17T09:54:44.201+0000] {logging_mixin.py:190} INFO - [2026-01-17T09:54:44.198+0000] {dagbag.py:588} INFO - Filling up the DagBag from /opt/airflow/dags/tg_user_processing.py
[2026-01-17T09:54:45.573+0000] {processor.py:925} INFO - DAG(s) 'tg_user_processing' retrieved from /opt/airflow/dags/tg_user_processing.py
[2026-01-17T09:54:45.651+0000] {logging_mixin.py:190} INFO - [2026-01-17T09:54:45.649+0000] {dag.py:3239} INFO - Sync 1 DAGs
[2026-01-17T09:54:45.711+0000] {logging_mixin.py:190} INFO - [2026-01-17T09:54:45.710+0000] {dag.py:4180} INFO - Setting next_dagrun for tg_user_processing to 2026-01-16 00:00:00+00:00, run_after=2026-01-17 00:00:00+00:00
[2026-01-17T09:54:45.782+0000] {processor.py:208} INFO - Processing /opt/airflow/dags/tg_user_processing.py took 1.608 seconds
[2026-01-17T09:55:16.374+0000] {processor.py:186} INFO - Started process (PID=20559) to work on /opt/airflow/dags/tg_user_processing.py
[2026-01-17T09:55:16.376+0000] {processor.py:914} INFO - Processing file /opt/airflow/dags/tg_user_processing.py for tasks to queue
[2026-01-17T09:55:16.380+0000] {logging_mixin.py:190} INFO - [2026-01-17T09:55:16.378+0000] {dagbag.py:588} INFO - Filling up the DagBag from /opt/airflow/dags/tg_user_processing.py
[2026-01-17T09:55:17.806+0000] {processor.py:925} INFO - DAG(s) 'tg_user_processing' retrieved from /opt/airflow/dags/tg_user_processing.py
[2026-01-17T09:55:17.888+0000] {logging_mixin.py:190} INFO - [2026-01-17T09:55:17.887+0000] {dag.py:3239} INFO - Sync 1 DAGs
[2026-01-17T09:55:17.954+0000] {logging_mixin.py:190} INFO - [2026-01-17T09:55:17.953+0000] {dag.py:4180} INFO - Setting next_dagrun for tg_user_processing to 2026-01-16 00:00:00+00:00, run_after=2026-01-17 00:00:00+00:00
[2026-01-17T09:55:18.026+0000] {processor.py:208} INFO - Processing /opt/airflow/dags/tg_user_processing.py took 1.678 seconds
[2026-01-17T09:55:48.462+0000] {processor.py:186} INFO - Started process (PID=20585) to work on /opt/airflow/dags/tg_user_processing.py
[2026-01-17T09:55:48.464+0000] {processor.py:914} INFO - Processing file /opt/airflow/dags/tg_user_processing.py for tasks to queue
[2026-01-17T09:55:48.467+0000] {logging_mixin.py:190} INFO - [2026-01-17T09:55:48.466+0000] {dagbag.py:588} INFO - Filling up the DagBag from /opt/airflow/dags/tg_user_processing.py
[2026-01-17T09:55:49.302+0000] {processor.py:925} INFO - DAG(s) 'tg_user_processing' retrieved from /opt/airflow/dags/tg_user_processing.py
[2026-01-17T09:55:49.346+0000] {logging_mixin.py:190} INFO - [2026-01-17T09:55:49.345+0000] {dag.py:3239} INFO - Sync 1 DAGs
[2026-01-17T09:55:49.386+0000] {logging_mixin.py:190} INFO - [2026-01-17T09:55:49.386+0000] {dag.py:4180} INFO - Setting next_dagrun for tg_user_processing to 2026-01-16 00:00:00+00:00, run_after=2026-01-17 00:00:00+00:00
[2026-01-17T09:55:49.423+0000] {processor.py:208} INFO - Processing /opt/airflow/dags/tg_user_processing.py took 0.974 seconds
[2026-01-17T09:56:20.014+0000] {processor.py:186} INFO - Started process (PID=20616) to work on /opt/airflow/dags/tg_user_processing.py
[2026-01-17T09:56:20.016+0000] {processor.py:914} INFO - Processing file /opt/airflow/dags/tg_user_processing.py for tasks to queue
[2026-01-17T09:56:20.019+0000] {logging_mixin.py:190} INFO - [2026-01-17T09:56:20.018+0000] {dagbag.py:588} INFO - Filling up the DagBag from /opt/airflow/dags/tg_user_processing.py
[2026-01-17T09:56:20.880+0000] {processor.py:925} INFO - DAG(s) 'tg_user_processing' retrieved from /opt/airflow/dags/tg_user_processing.py
[2026-01-17T09:56:20.921+0000] {logging_mixin.py:190} INFO - [2026-01-17T09:56:20.921+0000] {dag.py:3239} INFO - Sync 1 DAGs
[2026-01-17T09:56:20.958+0000] {logging_mixin.py:190} INFO - [2026-01-17T09:56:20.957+0000] {dag.py:4180} INFO - Setting next_dagrun for tg_user_processing to 2026-01-16 00:00:00+00:00, run_after=2026-01-17 00:00:00+00:00
[2026-01-17T09:56:20.995+0000] {processor.py:208} INFO - Processing /opt/airflow/dags/tg_user_processing.py took 1.002 seconds
[2026-01-17T09:56:51.437+0000] {processor.py:186} INFO - Started process (PID=20639) to work on /opt/airflow/dags/tg_user_processing.py
[2026-01-17T09:56:51.441+0000] {processor.py:914} INFO - Processing file /opt/airflow/dags/tg_user_processing.py for tasks to queue
[2026-01-17T09:56:51.445+0000] {logging_mixin.py:190} INFO - [2026-01-17T09:56:51.444+0000] {dagbag.py:588} INFO - Filling up the DagBag from /opt/airflow/dags/tg_user_processing.py
[2026-01-17T09:56:52.279+0000] {processor.py:925} INFO - DAG(s) 'tg_user_processing' retrieved from /opt/airflow/dags/tg_user_processing.py
[2026-01-17T09:56:52.325+0000] {logging_mixin.py:190} INFO - [2026-01-17T09:56:52.324+0000] {dag.py:3239} INFO - Sync 1 DAGs
[2026-01-17T09:56:52.367+0000] {logging_mixin.py:190} INFO - [2026-01-17T09:56:52.366+0000] {dag.py:4180} INFO - Setting next_dagrun for tg_user_processing to 2026-01-16 00:00:00+00:00, run_after=2026-01-17 00:00:00+00:00
[2026-01-17T09:56:52.407+0000] {processor.py:208} INFO - Processing /opt/airflow/dags/tg_user_processing.py took 0.999 seconds
[2026-01-17T09:57:22.877+0000] {processor.py:186} INFO - Started process (PID=20663) to work on /opt/airflow/dags/tg_user_processing.py
[2026-01-17T09:57:22.880+0000] {processor.py:914} INFO - Processing file /opt/airflow/dags/tg_user_processing.py for tasks to queue
[2026-01-17T09:57:22.884+0000] {logging_mixin.py:190} INFO - [2026-01-17T09:57:22.883+0000] {dagbag.py:588} INFO - Filling up the DagBag from /opt/airflow/dags/tg_user_processing.py
[2026-01-17T09:57:23.701+0000] {processor.py:925} INFO - DAG(s) 'tg_user_processing' retrieved from /opt/airflow/dags/tg_user_processing.py
[2026-01-17T09:57:23.753+0000] {logging_mixin.py:190} INFO - [2026-01-17T09:57:23.752+0000] {dag.py:3239} INFO - Sync 1 DAGs
[2026-01-17T09:57:23.794+0000] {logging_mixin.py:190} INFO - [2026-01-17T09:57:23.793+0000] {dag.py:4180} INFO - Setting next_dagrun for tg_user_processing to 2026-01-16 00:00:00+00:00, run_after=2026-01-17 00:00:00+00:00
[2026-01-17T09:57:23.829+0000] {processor.py:208} INFO - Processing /opt/airflow/dags/tg_user_processing.py took 0.981 seconds
[2026-01-17T09:57:53.986+0000] {processor.py:186} INFO - Started process (PID=20687) to work on /opt/airflow/dags/tg_user_processing.py
[2026-01-17T09:57:53.988+0000] {processor.py:914} INFO - Processing file /opt/airflow/dags/tg_user_processing.py for tasks to queue
[2026-01-17T09:57:53.990+0000] {logging_mixin.py:190} INFO - [2026-01-17T09:57:53.989+0000] {dagbag.py:588} INFO - Filling up the DagBag from /opt/airflow/dags/tg_user_processing.py
[2026-01-17T09:57:55.162+0000] {processor.py:925} INFO - DAG(s) 'tg_user_processing' retrieved from /opt/airflow/dags/tg_user_processing.py
[2026-01-17T09:57:55.227+0000] {logging_mixin.py:190} INFO - [2026-01-17T09:57:55.226+0000] {dag.py:3239} INFO - Sync 1 DAGs
[2026-01-17T09:57:55.297+0000] {logging_mixin.py:190} INFO - [2026-01-17T09:57:55.296+0000] {dag.py:4180} INFO - Setting next_dagrun for tg_user_processing to 2026-01-16 00:00:00+00:00, run_after=2026-01-17 00:00:00+00:00
[2026-01-17T09:57:55.369+0000] {processor.py:208} INFO - Processing /opt/airflow/dags/tg_user_processing.py took 1.400 seconds
[2026-01-17T09:58:25.672+0000] {processor.py:186} INFO - Started process (PID=20711) to work on /opt/airflow/dags/tg_user_processing.py
[2026-01-17T09:58:25.675+0000] {processor.py:914} INFO - Processing file /opt/airflow/dags/tg_user_processing.py for tasks to queue
[2026-01-17T09:58:25.677+0000] {logging_mixin.py:190} INFO - [2026-01-17T09:58:25.676+0000] {dagbag.py:588} INFO - Filling up the DagBag from /opt/airflow/dags/tg_user_processing.py
[2026-01-17T09:58:26.794+0000] {processor.py:925} INFO - DAG(s) 'tg_user_processing' retrieved from /opt/airflow/dags/tg_user_processing.py
[2026-01-17T09:58:26.852+0000] {logging_mixin.py:190} INFO - [2026-01-17T09:58:26.851+0000] {dag.py:3239} INFO - Sync 1 DAGs
[2026-01-17T09:58:26.918+0000] {logging_mixin.py:190} INFO - [2026-01-17T09:58:26.917+0000] {dag.py:4180} INFO - Setting next_dagrun for tg_user_processing to 2026-01-16 00:00:00+00:00, run_after=2026-01-17 00:00:00+00:00
[2026-01-17T09:58:26.979+0000] {processor.py:208} INFO - Processing /opt/airflow/dags/tg_user_processing.py took 1.326 seconds
[2026-01-17T09:58:57.371+0000] {processor.py:186} INFO - Started process (PID=20737) to work on /opt/airflow/dags/tg_user_processing.py
[2026-01-17T09:58:57.373+0000] {processor.py:914} INFO - Processing file /opt/airflow/dags/tg_user_processing.py for tasks to queue
[2026-01-17T09:58:57.377+0000] {logging_mixin.py:190} INFO - [2026-01-17T09:58:57.376+0000] {dagbag.py:588} INFO - Filling up the DagBag from /opt/airflow/dags/tg_user_processing.py
[2026-01-17T09:58:58.756+0000] {processor.py:925} INFO - DAG(s) 'tg_user_processing' retrieved from /opt/airflow/dags/tg_user_processing.py
[2026-01-17T09:58:58.814+0000] {logging_mixin.py:190} INFO - [2026-01-17T09:58:58.812+0000] {dag.py:3239} INFO - Sync 1 DAGs
[2026-01-17T09:58:58.891+0000] {logging_mixin.py:190} INFO - [2026-01-17T09:58:58.890+0000] {dag.py:4180} INFO - Setting next_dagrun for tg_user_processing to 2026-01-16 00:00:00+00:00, run_after=2026-01-17 00:00:00+00:00
[2026-01-17T09:58:58.972+0000] {processor.py:208} INFO - Processing /opt/airflow/dags/tg_user_processing.py took 1.642 seconds
[2026-01-17T09:59:29.545+0000] {processor.py:186} INFO - Started process (PID=20761) to work on /opt/airflow/dags/tg_user_processing.py
[2026-01-17T09:59:29.549+0000] {processor.py:914} INFO - Processing file /opt/airflow/dags/tg_user_processing.py for tasks to queue
[2026-01-17T09:59:29.554+0000] {logging_mixin.py:190} INFO - [2026-01-17T09:59:29.553+0000] {dagbag.py:588} INFO - Filling up the DagBag from /opt/airflow/dags/tg_user_processing.py
[2026-01-17T09:59:30.729+0000] {processor.py:925} INFO - DAG(s) 'tg_user_processing' retrieved from /opt/airflow/dags/tg_user_processing.py
[2026-01-17T09:59:30.791+0000] {logging_mixin.py:190} INFO - [2026-01-17T09:59:30.790+0000] {dag.py:3239} INFO - Sync 1 DAGs
[2026-01-17T09:59:30.858+0000] {logging_mixin.py:190} INFO - [2026-01-17T09:59:30.858+0000] {dag.py:4180} INFO - Setting next_dagrun for tg_user_processing to 2026-01-16 00:00:00+00:00, run_after=2026-01-17 00:00:00+00:00
[2026-01-17T09:59:30.922+0000] {processor.py:208} INFO - Processing /opt/airflow/dags/tg_user_processing.py took 1.399 seconds
[2026-01-17T10:00:01.048+0000] {processor.py:186} INFO - Started process (PID=20785) to work on /opt/airflow/dags/tg_user_processing.py
[2026-01-17T10:00:01.050+0000] {processor.py:914} INFO - Processing file /opt/airflow/dags/tg_user_processing.py for tasks to queue
[2026-01-17T10:00:01.052+0000] {logging_mixin.py:190} INFO - [2026-01-17T10:00:01.052+0000] {dagbag.py:588} INFO - Filling up the DagBag from /opt/airflow/dags/tg_user_processing.py
[2026-01-17T10:00:01.796+0000] {processor.py:925} INFO - DAG(s) 'tg_user_processing' retrieved from /opt/airflow/dags/tg_user_processing.py
[2026-01-17T10:00:01.830+0000] {logging_mixin.py:190} INFO - [2026-01-17T10:00:01.829+0000] {dag.py:3239} INFO - Sync 1 DAGs
[2026-01-17T10:00:01.859+0000] {logging_mixin.py:190} INFO - [2026-01-17T10:00:01.859+0000] {dag.py:4180} INFO - Setting next_dagrun for tg_user_processing to 2026-01-16 00:00:00+00:00, run_after=2026-01-17 00:00:00+00:00
[2026-01-17T10:00:01.905+0000] {processor.py:208} INFO - Processing /opt/airflow/dags/tg_user_processing.py took 0.870 seconds
[2026-01-17T10:00:32.327+0000] {processor.py:186} INFO - Started process (PID=20809) to work on /opt/airflow/dags/tg_user_processing.py
[2026-01-17T10:00:32.332+0000] {processor.py:914} INFO - Processing file /opt/airflow/dags/tg_user_processing.py for tasks to queue
[2026-01-17T10:00:32.336+0000] {logging_mixin.py:190} INFO - [2026-01-17T10:00:32.335+0000] {dagbag.py:588} INFO - Filling up the DagBag from /opt/airflow/dags/tg_user_processing.py
[2026-01-17T10:00:33.127+0000] {processor.py:925} INFO - DAG(s) 'tg_user_processing' retrieved from /opt/airflow/dags/tg_user_processing.py
[2026-01-17T10:00:33.159+0000] {logging_mixin.py:190} INFO - [2026-01-17T10:00:33.158+0000] {dag.py:3239} INFO - Sync 1 DAGs
[2026-01-17T10:00:33.192+0000] {logging_mixin.py:190} INFO - [2026-01-17T10:00:33.191+0000] {dag.py:4180} INFO - Setting next_dagrun for tg_user_processing to 2026-01-16 00:00:00+00:00, run_after=2026-01-17 00:00:00+00:00
[2026-01-17T10:00:33.233+0000] {processor.py:208} INFO - Processing /opt/airflow/dags/tg_user_processing.py took 0.946 seconds
[2026-01-17T10:01:04.017+0000] {processor.py:186} INFO - Started process (PID=20833) to work on /opt/airflow/dags/tg_user_processing.py
[2026-01-17T10:01:04.020+0000] {processor.py:914} INFO - Processing file /opt/airflow/dags/tg_user_processing.py for tasks to queue
[2026-01-17T10:01:04.024+0000] {logging_mixin.py:190} INFO - [2026-01-17T10:01:04.023+0000] {dagbag.py:588} INFO - Filling up the DagBag from /opt/airflow/dags/tg_user_processing.py
[2026-01-17T10:01:04.772+0000] {processor.py:925} INFO - DAG(s) 'tg_user_processing' retrieved from /opt/airflow/dags/tg_user_processing.py
[2026-01-17T10:01:04.806+0000] {logging_mixin.py:190} INFO - [2026-01-17T10:01:04.805+0000] {dag.py:3239} INFO - Sync 1 DAGs
[2026-01-17T10:01:04.839+0000] {logging_mixin.py:190} INFO - [2026-01-17T10:01:04.839+0000] {dag.py:4180} INFO - Setting next_dagrun for tg_user_processing to 2026-01-16 00:00:00+00:00, run_after=2026-01-17 00:00:00+00:00
[2026-01-17T10:01:04.870+0000] {processor.py:208} INFO - Processing /opt/airflow/dags/tg_user_processing.py took 0.876 seconds
[2026-01-17T10:01:35.277+0000] {processor.py:186} INFO - Started process (PID=20857) to work on /opt/airflow/dags/tg_user_processing.py
[2026-01-17T10:01:35.279+0000] {processor.py:914} INFO - Processing file /opt/airflow/dags/tg_user_processing.py for tasks to queue
[2026-01-17T10:01:35.281+0000] {logging_mixin.py:190} INFO - [2026-01-17T10:01:35.280+0000] {dagbag.py:588} INFO - Filling up the DagBag from /opt/airflow/dags/tg_user_processing.py
[2026-01-17T10:01:36.006+0000] {processor.py:925} INFO - DAG(s) 'tg_user_processing' retrieved from /opt/airflow/dags/tg_user_processing.py
[2026-01-17T10:01:36.043+0000] {logging_mixin.py:190} INFO - [2026-01-17T10:01:36.042+0000] {dag.py:3239} INFO - Sync 1 DAGs
[2026-01-17T10:01:36.081+0000] {logging_mixin.py:190} INFO - [2026-01-17T10:01:36.081+0000] {dag.py:4180} INFO - Setting next_dagrun for tg_user_processing to 2026-01-16 00:00:00+00:00, run_after=2026-01-17 00:00:00+00:00
[2026-01-17T10:01:36.116+0000] {processor.py:208} INFO - Processing /opt/airflow/dags/tg_user_processing.py took 0.852 seconds
[2026-01-17T10:02:06.772+0000] {processor.py:186} INFO - Started process (PID=20881) to work on /opt/airflow/dags/tg_user_processing.py
[2026-01-17T10:02:06.775+0000] {processor.py:914} INFO - Processing file /opt/airflow/dags/tg_user_processing.py for tasks to queue
[2026-01-17T10:02:06.778+0000] {logging_mixin.py:190} INFO - [2026-01-17T10:02:06.777+0000] {dagbag.py:588} INFO - Filling up the DagBag from /opt/airflow/dags/tg_user_processing.py
[2026-01-17T10:02:07.515+0000] {processor.py:925} INFO - DAG(s) 'tg_user_processing' retrieved from /opt/airflow/dags/tg_user_processing.py
[2026-01-17T10:02:07.549+0000] {logging_mixin.py:190} INFO - [2026-01-17T10:02:07.549+0000] {dag.py:3239} INFO - Sync 1 DAGs
[2026-01-17T10:02:07.581+0000] {logging_mixin.py:190} INFO - [2026-01-17T10:02:07.580+0000] {dag.py:4180} INFO - Setting next_dagrun for tg_user_processing to 2026-01-16 00:00:00+00:00, run_after=2026-01-17 00:00:00+00:00
[2026-01-17T10:02:07.624+0000] {processor.py:208} INFO - Processing /opt/airflow/dags/tg_user_processing.py took 0.876 seconds
[2026-01-17T10:02:37.782+0000] {processor.py:186} INFO - Started process (PID=20905) to work on /opt/airflow/dags/tg_user_processing.py
[2026-01-17T10:02:37.784+0000] {processor.py:914} INFO - Processing file /opt/airflow/dags/tg_user_processing.py for tasks to queue
[2026-01-17T10:02:37.786+0000] {logging_mixin.py:190} INFO - [2026-01-17T10:02:37.785+0000] {dagbag.py:588} INFO - Filling up the DagBag from /opt/airflow/dags/tg_user_processing.py
[2026-01-17T10:02:38.489+0000] {processor.py:925} INFO - DAG(s) 'tg_user_processing' retrieved from /opt/airflow/dags/tg_user_processing.py
[2026-01-17T10:02:38.523+0000] {logging_mixin.py:190} INFO - [2026-01-17T10:02:38.522+0000] {dag.py:3239} INFO - Sync 1 DAGs
[2026-01-17T10:02:38.560+0000] {logging_mixin.py:190} INFO - [2026-01-17T10:02:38.560+0000] {dag.py:4180} INFO - Setting next_dagrun for tg_user_processing to 2026-01-16 00:00:00+00:00, run_after=2026-01-17 00:00:00+00:00
[2026-01-17T10:02:38.605+0000] {processor.py:208} INFO - Processing /opt/airflow/dags/tg_user_processing.py took 0.837 seconds
[2026-01-17T10:03:08.931+0000] {processor.py:186} INFO - Started process (PID=20929) to work on /opt/airflow/dags/tg_user_processing.py
[2026-01-17T10:03:08.933+0000] {processor.py:914} INFO - Processing file /opt/airflow/dags/tg_user_processing.py for tasks to queue
[2026-01-17T10:03:08.936+0000] {logging_mixin.py:190} INFO - [2026-01-17T10:03:08.935+0000] {dagbag.py:588} INFO - Filling up the DagBag from /opt/airflow/dags/tg_user_processing.py
[2026-01-17T10:03:09.700+0000] {processor.py:925} INFO - DAG(s) 'tg_user_processing' retrieved from /opt/airflow/dags/tg_user_processing.py
[2026-01-17T10:03:09.742+0000] {logging_mixin.py:190} INFO - [2026-01-17T10:03:09.741+0000] {dag.py:3239} INFO - Sync 1 DAGs
[2026-01-17T10:03:09.791+0000] {logging_mixin.py:190} INFO - [2026-01-17T10:03:09.790+0000] {dag.py:4180} INFO - Setting next_dagrun for tg_user_processing to 2026-01-16 00:00:00+00:00, run_after=2026-01-17 00:00:00+00:00
[2026-01-17T10:03:09.834+0000] {processor.py:208} INFO - Processing /opt/airflow/dags/tg_user_processing.py took 0.918 seconds
[2026-01-17T10:03:39.921+0000] {processor.py:186} INFO - Started process (PID=20953) to work on /opt/airflow/dags/tg_user_processing.py
[2026-01-17T10:03:39.923+0000] {processor.py:914} INFO - Processing file /opt/airflow/dags/tg_user_processing.py for tasks to queue
[2026-01-17T10:03:39.926+0000] {logging_mixin.py:190} INFO - [2026-01-17T10:03:39.925+0000] {dagbag.py:588} INFO - Filling up the DagBag from /opt/airflow/dags/tg_user_processing.py
[2026-01-17T10:03:40.647+0000] {processor.py:925} INFO - DAG(s) 'tg_user_processing' retrieved from /opt/airflow/dags/tg_user_processing.py
[2026-01-17T10:03:40.688+0000] {logging_mixin.py:190} INFO - [2026-01-17T10:03:40.687+0000] {dag.py:3239} INFO - Sync 1 DAGs
[2026-01-17T10:03:40.730+0000] {logging_mixin.py:190} INFO - [2026-01-17T10:03:40.730+0000] {dag.py:4180} INFO - Setting next_dagrun for tg_user_processing to 2026-01-16 00:00:00+00:00, run_after=2026-01-17 00:00:00+00:00
[2026-01-17T10:03:40.780+0000] {processor.py:208} INFO - Processing /opt/airflow/dags/tg_user_processing.py took 0.871 seconds
[2026-01-17T10:04:10.893+0000] {processor.py:186} INFO - Started process (PID=20977) to work on /opt/airflow/dags/tg_user_processing.py
[2026-01-17T10:04:10.895+0000] {processor.py:914} INFO - Processing file /opt/airflow/dags/tg_user_processing.py for tasks to queue
[2026-01-17T10:04:10.897+0000] {logging_mixin.py:190} INFO - [2026-01-17T10:04:10.896+0000] {dagbag.py:588} INFO - Filling up the DagBag from /opt/airflow/dags/tg_user_processing.py
[2026-01-17T10:04:11.638+0000] {processor.py:925} INFO - DAG(s) 'tg_user_processing' retrieved from /opt/airflow/dags/tg_user_processing.py
[2026-01-17T10:04:11.674+0000] {logging_mixin.py:190} INFO - [2026-01-17T10:04:11.673+0000] {dag.py:3239} INFO - Sync 1 DAGs
[2026-01-17T10:04:11.709+0000] {logging_mixin.py:190} INFO - [2026-01-17T10:04:11.709+0000] {dag.py:4180} INFO - Setting next_dagrun for tg_user_processing to 2026-01-16 00:00:00+00:00, run_after=2026-01-17 00:00:00+00:00
[2026-01-17T10:04:11.755+0000] {processor.py:208} INFO - Processing /opt/airflow/dags/tg_user_processing.py took 0.873 seconds
[2026-01-17T10:04:41.897+0000] {processor.py:186} INFO - Started process (PID=21001) to work on /opt/airflow/dags/tg_user_processing.py
[2026-01-17T10:04:41.900+0000] {processor.py:914} INFO - Processing file /opt/airflow/dags/tg_user_processing.py for tasks to queue
[2026-01-17T10:04:41.904+0000] {logging_mixin.py:190} INFO - [2026-01-17T10:04:41.903+0000] {dagbag.py:588} INFO - Filling up the DagBag from /opt/airflow/dags/tg_user_processing.py
[2026-01-17T10:04:42.617+0000] {processor.py:925} INFO - DAG(s) 'tg_user_processing' retrieved from /opt/airflow/dags/tg_user_processing.py
[2026-01-17T10:04:42.651+0000] {logging_mixin.py:190} INFO - [2026-01-17T10:04:42.650+0000] {dag.py:3239} INFO - Sync 1 DAGs
[2026-01-17T10:04:42.685+0000] {logging_mixin.py:190} INFO - [2026-01-17T10:04:42.685+0000] {dag.py:4180} INFO - Setting next_dagrun for tg_user_processing to 2026-01-16 00:00:00+00:00, run_after=2026-01-17 00:00:00+00:00
[2026-01-17T10:04:42.732+0000] {processor.py:208} INFO - Processing /opt/airflow/dags/tg_user_processing.py took 0.856 seconds
[2026-01-17T10:05:12.908+0000] {processor.py:186} INFO - Started process (PID=21026) to work on /opt/airflow/dags/tg_user_processing.py
[2026-01-17T10:05:12.911+0000] {processor.py:914} INFO - Processing file /opt/airflow/dags/tg_user_processing.py for tasks to queue
[2026-01-17T10:05:12.915+0000] {logging_mixin.py:190} INFO - [2026-01-17T10:05:12.914+0000] {dagbag.py:588} INFO - Filling up the DagBag from /opt/airflow/dags/tg_user_processing.py
[2026-01-17T10:05:13.810+0000] {processor.py:925} INFO - DAG(s) 'tg_user_processing' retrieved from /opt/airflow/dags/tg_user_processing.py
[2026-01-17T10:05:13.844+0000] {logging_mixin.py:190} INFO - [2026-01-17T10:05:13.843+0000] {dag.py:3239} INFO - Sync 1 DAGs
[2026-01-17T10:05:13.880+0000] {logging_mixin.py:190} INFO - [2026-01-17T10:05:13.880+0000] {dag.py:4180} INFO - Setting next_dagrun for tg_user_processing to 2026-01-16 00:00:00+00:00, run_after=2026-01-17 00:00:00+00:00
[2026-01-17T10:05:13.920+0000] {processor.py:208} INFO - Processing /opt/airflow/dags/tg_user_processing.py took 1.037 seconds
[2026-01-17T10:05:44.380+0000] {processor.py:186} INFO - Started process (PID=21050) to work on /opt/airflow/dags/tg_user_processing.py
[2026-01-17T10:05:44.384+0000] {processor.py:914} INFO - Processing file /opt/airflow/dags/tg_user_processing.py for tasks to queue
[2026-01-17T10:05:44.389+0000] {logging_mixin.py:190} INFO - [2026-01-17T10:05:44.388+0000] {dagbag.py:588} INFO - Filling up the DagBag from /opt/airflow/dags/tg_user_processing.py
[2026-01-17T10:05:45.208+0000] {processor.py:925} INFO - DAG(s) 'tg_user_processing' retrieved from /opt/airflow/dags/tg_user_processing.py
[2026-01-17T10:05:45.244+0000] {logging_mixin.py:190} INFO - [2026-01-17T10:05:45.243+0000] {dag.py:3239} INFO - Sync 1 DAGs
[2026-01-17T10:05:45.275+0000] {logging_mixin.py:190} INFO - [2026-01-17T10:05:45.274+0000] {dag.py:4180} INFO - Setting next_dagrun for tg_user_processing to 2026-01-16 00:00:00+00:00, run_after=2026-01-17 00:00:00+00:00
[2026-01-17T10:05:45.316+0000] {processor.py:208} INFO - Processing /opt/airflow/dags/tg_user_processing.py took 0.960 seconds
[2026-01-17T10:06:15.596+0000] {processor.py:186} INFO - Started process (PID=21074) to work on /opt/airflow/dags/tg_user_processing.py
[2026-01-17T10:06:15.599+0000] {processor.py:914} INFO - Processing file /opt/airflow/dags/tg_user_processing.py for tasks to queue
[2026-01-17T10:06:15.602+0000] {logging_mixin.py:190} INFO - [2026-01-17T10:06:15.601+0000] {dagbag.py:588} INFO - Filling up the DagBag from /opt/airflow/dags/tg_user_processing.py
[2026-01-17T10:06:16.359+0000] {processor.py:925} INFO - DAG(s) 'tg_user_processing' retrieved from /opt/airflow/dags/tg_user_processing.py
[2026-01-17T10:06:16.393+0000] {logging_mixin.py:190} INFO - [2026-01-17T10:06:16.392+0000] {dag.py:3239} INFO - Sync 1 DAGs
[2026-01-17T10:06:16.427+0000] {logging_mixin.py:190} INFO - [2026-01-17T10:06:16.427+0000] {dag.py:4180} INFO - Setting next_dagrun for tg_user_processing to 2026-01-16 00:00:00+00:00, run_after=2026-01-17 00:00:00+00:00
[2026-01-17T10:06:16.458+0000] {processor.py:208} INFO - Processing /opt/airflow/dags/tg_user_processing.py took 0.884 seconds
[2026-01-17T10:06:46.573+0000] {processor.py:186} INFO - Started process (PID=21098) to work on /opt/airflow/dags/tg_user_processing.py
[2026-01-17T10:06:46.576+0000] {processor.py:914} INFO - Processing file /opt/airflow/dags/tg_user_processing.py for tasks to queue
[2026-01-17T10:06:46.580+0000] {logging_mixin.py:190} INFO - [2026-01-17T10:06:46.579+0000] {dagbag.py:588} INFO - Filling up the DagBag from /opt/airflow/dags/tg_user_processing.py
[2026-01-17T10:06:47.353+0000] {processor.py:925} INFO - DAG(s) 'tg_user_processing' retrieved from /opt/airflow/dags/tg_user_processing.py
[2026-01-17T10:06:47.387+0000] {logging_mixin.py:190} INFO - [2026-01-17T10:06:47.386+0000] {dag.py:3239} INFO - Sync 1 DAGs
[2026-01-17T10:06:47.421+0000] {logging_mixin.py:190} INFO - [2026-01-17T10:06:47.420+0000] {dag.py:4180} INFO - Setting next_dagrun for tg_user_processing to 2026-01-16 00:00:00+00:00, run_after=2026-01-17 00:00:00+00:00
[2026-01-17T10:06:47.461+0000] {processor.py:208} INFO - Processing /opt/airflow/dags/tg_user_processing.py took 0.910 seconds
[2026-01-17T10:07:18.168+0000] {processor.py:186} INFO - Started process (PID=21122) to work on /opt/airflow/dags/tg_user_processing.py
[2026-01-17T10:07:18.169+0000] {processor.py:914} INFO - Processing file /opt/airflow/dags/tg_user_processing.py for tasks to queue
[2026-01-17T10:07:18.172+0000] {logging_mixin.py:190} INFO - [2026-01-17T10:07:18.171+0000] {dagbag.py:588} INFO - Filling up the DagBag from /opt/airflow/dags/tg_user_processing.py
[2026-01-17T10:07:18.980+0000] {processor.py:925} INFO - DAG(s) 'tg_user_processing' retrieved from /opt/airflow/dags/tg_user_processing.py
[2026-01-17T10:07:19.015+0000] {logging_mixin.py:190} INFO - [2026-01-17T10:07:19.014+0000] {dag.py:3239} INFO - Sync 1 DAGs
[2026-01-17T10:07:19.049+0000] {logging_mixin.py:190} INFO - [2026-01-17T10:07:19.048+0000] {dag.py:4180} INFO - Setting next_dagrun for tg_user_processing to 2026-01-16 00:00:00+00:00, run_after=2026-01-17 00:00:00+00:00
[2026-01-17T10:07:19.113+0000] {processor.py:208} INFO - Processing /opt/airflow/dags/tg_user_processing.py took 0.960 seconds
[2026-01-17T10:07:49.435+0000] {processor.py:186} INFO - Started process (PID=21146) to work on /opt/airflow/dags/tg_user_processing.py
[2026-01-17T10:07:49.436+0000] {processor.py:914} INFO - Processing file /opt/airflow/dags/tg_user_processing.py for tasks to queue
[2026-01-17T10:07:49.439+0000] {logging_mixin.py:190} INFO - [2026-01-17T10:07:49.438+0000] {dagbag.py:588} INFO - Filling up the DagBag from /opt/airflow/dags/tg_user_processing.py
[2026-01-17T10:07:50.160+0000] {processor.py:925} INFO - DAG(s) 'tg_user_processing' retrieved from /opt/airflow/dags/tg_user_processing.py
[2026-01-17T10:07:50.195+0000] {logging_mixin.py:190} INFO - [2026-01-17T10:07:50.194+0000] {dag.py:3239} INFO - Sync 1 DAGs
[2026-01-17T10:07:50.230+0000] {logging_mixin.py:190} INFO - [2026-01-17T10:07:50.230+0000] {dag.py:4180} INFO - Setting next_dagrun for tg_user_processing to 2026-01-16 00:00:00+00:00, run_after=2026-01-17 00:00:00+00:00
[2026-01-17T10:07:50.273+0000] {processor.py:208} INFO - Processing /opt/airflow/dags/tg_user_processing.py took 0.850 seconds
[2026-01-17T10:08:20.430+0000] {processor.py:186} INFO - Started process (PID=21171) to work on /opt/airflow/dags/tg_user_processing.py
[2026-01-17T10:08:20.432+0000] {processor.py:914} INFO - Processing file /opt/airflow/dags/tg_user_processing.py for tasks to queue
[2026-01-17T10:08:20.434+0000] {logging_mixin.py:190} INFO - [2026-01-17T10:08:20.433+0000] {dagbag.py:588} INFO - Filling up the DagBag from /opt/airflow/dags/tg_user_processing.py
[2026-01-17T10:08:21.163+0000] {processor.py:925} INFO - DAG(s) 'tg_user_processing' retrieved from /opt/airflow/dags/tg_user_processing.py
[2026-01-17T10:08:21.197+0000] {logging_mixin.py:190} INFO - [2026-01-17T10:08:21.196+0000] {dag.py:3239} INFO - Sync 1 DAGs
[2026-01-17T10:08:21.232+0000] {logging_mixin.py:190} INFO - [2026-01-17T10:08:21.231+0000] {dag.py:4180} INFO - Setting next_dagrun for tg_user_processing to 2026-01-16 00:00:00+00:00, run_after=2026-01-17 00:00:00+00:00
[2026-01-17T10:08:21.275+0000] {processor.py:208} INFO - Processing /opt/airflow/dags/tg_user_processing.py took 0.857 seconds
[2026-01-17T10:08:52.006+0000] {processor.py:186} INFO - Started process (PID=21196) to work on /opt/airflow/dags/tg_user_processing.py
[2026-01-17T10:08:52.008+0000] {processor.py:914} INFO - Processing file /opt/airflow/dags/tg_user_processing.py for tasks to queue
[2026-01-17T10:08:52.011+0000] {logging_mixin.py:190} INFO - [2026-01-17T10:08:52.011+0000] {dagbag.py:588} INFO - Filling up the DagBag from /opt/airflow/dags/tg_user_processing.py
[2026-01-17T10:08:52.766+0000] {processor.py:925} INFO - DAG(s) 'tg_user_processing' retrieved from /opt/airflow/dags/tg_user_processing.py
[2026-01-17T10:08:52.804+0000] {logging_mixin.py:190} INFO - [2026-01-17T10:08:52.803+0000] {dag.py:3239} INFO - Sync 1 DAGs
[2026-01-17T10:08:52.845+0000] {logging_mixin.py:190} INFO - [2026-01-17T10:08:52.845+0000] {dag.py:4180} INFO - Setting next_dagrun for tg_user_processing to 2026-01-16 00:00:00+00:00, run_after=2026-01-17 00:00:00+00:00
[2026-01-17T10:08:52.885+0000] {processor.py:208} INFO - Processing /opt/airflow/dags/tg_user_processing.py took 0.901 seconds
[2026-01-17T10:09:23.285+0000] {processor.py:186} INFO - Started process (PID=21226) to work on /opt/airflow/dags/tg_user_processing.py
[2026-01-17T10:09:23.288+0000] {processor.py:914} INFO - Processing file /opt/airflow/dags/tg_user_processing.py for tasks to queue
[2026-01-17T10:09:23.291+0000] {logging_mixin.py:190} INFO - [2026-01-17T10:09:23.290+0000] {dagbag.py:588} INFO - Filling up the DagBag from /opt/airflow/dags/tg_user_processing.py
[2026-01-17T10:09:24.060+0000] {processor.py:925} INFO - DAG(s) 'tg_user_processing' retrieved from /opt/airflow/dags/tg_user_processing.py
[2026-01-17T10:09:24.094+0000] {logging_mixin.py:190} INFO - [2026-01-17T10:09:24.093+0000] {dag.py:3239} INFO - Sync 1 DAGs
[2026-01-17T10:09:24.128+0000] {logging_mixin.py:190} INFO - [2026-01-17T10:09:24.127+0000] {dag.py:4180} INFO - Setting next_dagrun for tg_user_processing to 2026-01-16 00:00:00+00:00, run_after=2026-01-17 00:00:00+00:00
[2026-01-17T10:09:24.164+0000] {processor.py:208} INFO - Processing /opt/airflow/dags/tg_user_processing.py took 0.896 seconds
[2026-01-17T10:09:54.751+0000] {processor.py:186} INFO - Started process (PID=21250) to work on /opt/airflow/dags/tg_user_processing.py
[2026-01-17T10:09:54.753+0000] {processor.py:914} INFO - Processing file /opt/airflow/dags/tg_user_processing.py for tasks to queue
[2026-01-17T10:09:54.755+0000] {logging_mixin.py:190} INFO - [2026-01-17T10:09:54.754+0000] {dagbag.py:588} INFO - Filling up the DagBag from /opt/airflow/dags/tg_user_processing.py
[2026-01-17T10:09:55.573+0000] {processor.py:925} INFO - DAG(s) 'tg_user_processing' retrieved from /opt/airflow/dags/tg_user_processing.py
[2026-01-17T10:09:55.614+0000] {logging_mixin.py:190} INFO - [2026-01-17T10:09:55.613+0000] {dag.py:3239} INFO - Sync 1 DAGs
[2026-01-17T10:09:55.662+0000] {logging_mixin.py:190} INFO - [2026-01-17T10:09:55.661+0000] {dag.py:4180} INFO - Setting next_dagrun for tg_user_processing to 2026-01-16 00:00:00+00:00, run_after=2026-01-17 00:00:00+00:00
[2026-01-17T10:09:55.722+0000] {processor.py:208} INFO - Processing /opt/airflow/dags/tg_user_processing.py took 0.986 seconds
[2026-01-17T10:10:25.986+0000] {processor.py:186} INFO - Started process (PID=21274) to work on /opt/airflow/dags/tg_user_processing.py
[2026-01-17T10:10:25.990+0000] {processor.py:914} INFO - Processing file /opt/airflow/dags/tg_user_processing.py for tasks to queue
[2026-01-17T10:10:25.994+0000] {logging_mixin.py:190} INFO - [2026-01-17T10:10:25.993+0000] {dagbag.py:588} INFO - Filling up the DagBag from /opt/airflow/dags/tg_user_processing.py
[2026-01-17T10:10:26.760+0000] {processor.py:925} INFO - DAG(s) 'tg_user_processing' retrieved from /opt/airflow/dags/tg_user_processing.py
[2026-01-17T10:10:26.793+0000] {logging_mixin.py:190} INFO - [2026-01-17T10:10:26.793+0000] {dag.py:3239} INFO - Sync 1 DAGs
[2026-01-17T10:10:26.828+0000] {logging_mixin.py:190} INFO - [2026-01-17T10:10:26.827+0000] {dag.py:4180} INFO - Setting next_dagrun for tg_user_processing to 2026-01-16 00:00:00+00:00, run_after=2026-01-17 00:00:00+00:00
[2026-01-17T10:10:26.869+0000] {processor.py:208} INFO - Processing /opt/airflow/dags/tg_user_processing.py took 0.919 seconds
[2026-01-17T10:10:57.001+0000] {processor.py:186} INFO - Started process (PID=21298) to work on /opt/airflow/dags/tg_user_processing.py
[2026-01-17T10:10:57.002+0000] {processor.py:914} INFO - Processing file /opt/airflow/dags/tg_user_processing.py for tasks to queue
[2026-01-17T10:10:57.003+0000] {logging_mixin.py:190} INFO - [2026-01-17T10:10:57.003+0000] {dagbag.py:588} INFO - Filling up the DagBag from /opt/airflow/dags/tg_user_processing.py
[2026-01-17T10:10:57.459+0000] {processor.py:925} INFO - DAG(s) 'tg_user_processing' retrieved from /opt/airflow/dags/tg_user_processing.py
