[2026-01-21T05:03:15.885+0000] {processor.py:186} INFO - Started process (PID=76) to work on /opt/airflow/dags/dataset_user_processing.py
[2026-01-21T05:03:15.887+0000] {processor.py:914} INFO - Processing file /opt/airflow/dags/dataset_user_processing.py for tasks to queue
[2026-01-21T05:03:15.897+0000] {logging_mixin.py:190} INFO - [2026-01-21T05:03:15.896+0000] {dagbag.py:588} INFO - Filling up the DagBag from /opt/airflow/dags/dataset_user_processing.py
[2026-01-21T05:03:17.374+0000] {processor.py:925} INFO - DAG(s) 'user_processing_dataset' retrieved from /opt/airflow/dags/dataset_user_processing.py
[2026-01-21T05:03:17.415+0000] {logging_mixin.py:190} INFO - [2026-01-21T05:03:17.414+0000] {dag.py:3239} INFO - Sync 1 DAGs
[2026-01-21T05:03:17.466+0000] {logging_mixin.py:190} INFO - [2026-01-21T05:03:17.465+0000] {dag.py:4180} INFO - Setting next_dagrun for user_processing_dataset to 2026-01-20 00:00:00+00:00, run_after=2026-01-21 00:00:00+00:00
[2026-01-21T05:03:17.508+0000] {processor.py:208} INFO - Processing /opt/airflow/dags/dataset_user_processing.py took 1.638 seconds
[2026-01-21T05:03:48.172+0000] {processor.py:186} INFO - Started process (PID=100) to work on /opt/airflow/dags/dataset_user_processing.py
[2026-01-21T05:03:48.175+0000] {processor.py:914} INFO - Processing file /opt/airflow/dags/dataset_user_processing.py for tasks to queue
[2026-01-21T05:03:48.179+0000] {logging_mixin.py:190} INFO - [2026-01-21T05:03:48.179+0000] {dagbag.py:588} INFO - Filling up the DagBag from /opt/airflow/dags/dataset_user_processing.py
[2026-01-21T05:03:48.970+0000] {processor.py:925} INFO - DAG(s) 'user_processing_dataset' retrieved from /opt/airflow/dags/dataset_user_processing.py
[2026-01-21T05:03:49.004+0000] {logging_mixin.py:190} INFO - [2026-01-21T05:03:49.004+0000] {dag.py:3239} INFO - Sync 1 DAGs
[2026-01-21T05:03:49.049+0000] {logging_mixin.py:190} INFO - [2026-01-21T05:03:49.048+0000] {dag.py:4180} INFO - Setting next_dagrun for user_processing_dataset to 2026-01-20 00:00:00+00:00, run_after=2026-01-21 00:00:00+00:00
[2026-01-21T05:03:49.090+0000] {processor.py:208} INFO - Processing /opt/airflow/dags/dataset_user_processing.py took 0.930 seconds
[2026-01-21T05:04:19.552+0000] {processor.py:186} INFO - Started process (PID=147) to work on /opt/airflow/dags/dataset_user_processing.py
[2026-01-21T05:04:19.554+0000] {processor.py:914} INFO - Processing file /opt/airflow/dags/dataset_user_processing.py for tasks to queue
[2026-01-21T05:04:19.561+0000] {logging_mixin.py:190} INFO - [2026-01-21T05:04:19.560+0000] {dagbag.py:588} INFO - Filling up the DagBag from /opt/airflow/dags/dataset_user_processing.py
[2026-01-21T05:04:21.066+0000] {processor.py:925} INFO - DAG(s) 'user_processing_dataset' retrieved from /opt/airflow/dags/dataset_user_processing.py
[2026-01-21T05:04:21.119+0000] {logging_mixin.py:190} INFO - [2026-01-21T05:04:21.118+0000] {dag.py:3239} INFO - Sync 1 DAGs
[2026-01-21T05:04:21.159+0000] {logging_mixin.py:190} INFO - [2026-01-21T05:04:21.159+0000] {dag.py:4180} INFO - Setting next_dagrun for user_processing_dataset to 2026-01-20 00:00:00+00:00, run_after=2026-01-21 00:00:00+00:00
[2026-01-21T05:04:21.196+0000] {processor.py:208} INFO - Processing /opt/airflow/dags/dataset_user_processing.py took 1.658 seconds
[2026-01-21T05:04:51.562+0000] {processor.py:186} INFO - Started process (PID=176) to work on /opt/airflow/dags/dataset_user_processing.py
[2026-01-21T05:04:51.564+0000] {processor.py:914} INFO - Processing file /opt/airflow/dags/dataset_user_processing.py for tasks to queue
[2026-01-21T05:04:51.568+0000] {logging_mixin.py:190} INFO - [2026-01-21T05:04:51.568+0000] {dagbag.py:588} INFO - Filling up the DagBag from /opt/airflow/dags/dataset_user_processing.py
[2026-01-21T05:04:52.295+0000] {processor.py:925} INFO - DAG(s) 'user_processing_dataset' retrieved from /opt/airflow/dags/dataset_user_processing.py
[2026-01-21T05:04:52.322+0000] {logging_mixin.py:190} INFO - [2026-01-21T05:04:52.322+0000] {dag.py:3239} INFO - Sync 1 DAGs
[2026-01-21T05:04:52.349+0000] {logging_mixin.py:190} INFO - [2026-01-21T05:04:52.348+0000] {dag.py:4180} INFO - Setting next_dagrun for user_processing_dataset to 2026-01-20 00:00:00+00:00, run_after=2026-01-21 00:00:00+00:00
[2026-01-21T05:04:52.402+0000] {processor.py:208} INFO - Processing /opt/airflow/dags/dataset_user_processing.py took 0.853 seconds
[2026-01-21T05:05:22.568+0000] {processor.py:186} INFO - Started process (PID=200) to work on /opt/airflow/dags/dataset_user_processing.py
[2026-01-21T05:05:22.570+0000] {processor.py:914} INFO - Processing file /opt/airflow/dags/dataset_user_processing.py for tasks to queue
[2026-01-21T05:05:22.574+0000] {logging_mixin.py:190} INFO - [2026-01-21T05:05:22.574+0000] {dagbag.py:588} INFO - Filling up the DagBag from /opt/airflow/dags/dataset_user_processing.py
[2026-01-21T05:05:23.718+0000] {processor.py:925} INFO - DAG(s) 'user_processing_dataset' retrieved from /opt/airflow/dags/dataset_user_processing.py
[2026-01-21T05:05:23.765+0000] {logging_mixin.py:190} INFO - [2026-01-21T05:05:23.764+0000] {dag.py:3239} INFO - Sync 1 DAGs
[2026-01-21T05:05:23.821+0000] {logging_mixin.py:190} INFO - [2026-01-21T05:05:23.821+0000] {dag.py:4180} INFO - Setting next_dagrun for user_processing_dataset to 2026-01-20 00:00:00+00:00, run_after=2026-01-21 00:00:00+00:00
[2026-01-21T05:05:23.892+0000] {processor.py:208} INFO - Processing /opt/airflow/dags/dataset_user_processing.py took 1.338 seconds
[2026-01-21T05:05:54.074+0000] {processor.py:186} INFO - Started process (PID=231) to work on /opt/airflow/dags/dataset_user_processing.py
[2026-01-21T05:05:54.076+0000] {processor.py:914} INFO - Processing file /opt/airflow/dags/dataset_user_processing.py for tasks to queue
[2026-01-21T05:05:54.079+0000] {logging_mixin.py:190} INFO - [2026-01-21T05:05:54.079+0000] {dagbag.py:588} INFO - Filling up the DagBag from /opt/airflow/dags/dataset_user_processing.py
[2026-01-21T05:05:54.775+0000] {processor.py:925} INFO - DAG(s) 'user_processing_dataset' retrieved from /opt/airflow/dags/dataset_user_processing.py
[2026-01-21T05:05:54.811+0000] {logging_mixin.py:190} INFO - [2026-01-21T05:05:54.810+0000] {dag.py:3239} INFO - Sync 1 DAGs
[2026-01-21T05:05:54.847+0000] {logging_mixin.py:190} INFO - [2026-01-21T05:05:54.846+0000] {dag.py:4180} INFO - Setting next_dagrun for user_processing_dataset to 2026-01-20 00:00:00+00:00, run_after=2026-01-21 00:00:00+00:00
[2026-01-21T05:05:54.924+0000] {processor.py:208} INFO - Processing /opt/airflow/dags/dataset_user_processing.py took 0.861 seconds
[2026-01-21T05:06:25.003+0000] {processor.py:186} INFO - Started process (PID=256) to work on /opt/airflow/dags/dataset_user_processing.py
[2026-01-21T05:06:25.005+0000] {processor.py:914} INFO - Processing file /opt/airflow/dags/dataset_user_processing.py for tasks to queue
[2026-01-21T05:06:25.008+0000] {logging_mixin.py:190} INFO - [2026-01-21T05:06:25.008+0000] {dagbag.py:588} INFO - Filling up the DagBag from /opt/airflow/dags/dataset_user_processing.py
[2026-01-21T05:06:25.720+0000] {processor.py:925} INFO - DAG(s) 'user_processing_dataset' retrieved from /opt/airflow/dags/dataset_user_processing.py
[2026-01-21T05:06:25.760+0000] {logging_mixin.py:190} INFO - [2026-01-21T05:06:25.759+0000] {dag.py:3239} INFO - Sync 1 DAGs
[2026-01-21T05:06:25.798+0000] {logging_mixin.py:190} INFO - [2026-01-21T05:06:25.798+0000] {dag.py:4180} INFO - Setting next_dagrun for user_processing_dataset to 2026-01-20 00:00:00+00:00, run_after=2026-01-21 00:00:00+00:00
[2026-01-21T05:06:25.841+0000] {processor.py:208} INFO - Processing /opt/airflow/dags/dataset_user_processing.py took 0.850 seconds
[2026-01-21T05:06:55.982+0000] {processor.py:186} INFO - Started process (PID=280) to work on /opt/airflow/dags/dataset_user_processing.py
[2026-01-21T05:06:55.983+0000] {processor.py:914} INFO - Processing file /opt/airflow/dags/dataset_user_processing.py for tasks to queue
[2026-01-21T05:06:55.987+0000] {logging_mixin.py:190} INFO - [2026-01-21T05:06:55.987+0000] {dagbag.py:588} INFO - Filling up the DagBag from /opt/airflow/dags/dataset_user_processing.py
[2026-01-21T05:06:56.692+0000] {processor.py:925} INFO - DAG(s) 'user_processing_dataset' retrieved from /opt/airflow/dags/dataset_user_processing.py
[2026-01-21T05:06:56.723+0000] {logging_mixin.py:190} INFO - [2026-01-21T05:06:56.722+0000] {dag.py:3239} INFO - Sync 1 DAGs
[2026-01-21T05:06:56.761+0000] {logging_mixin.py:190} INFO - [2026-01-21T05:06:56.760+0000] {dag.py:4180} INFO - Setting next_dagrun for user_processing_dataset to 2026-01-20 00:00:00+00:00, run_after=2026-01-21 00:00:00+00:00
[2026-01-21T05:06:56.799+0000] {processor.py:208} INFO - Processing /opt/airflow/dags/dataset_user_processing.py took 0.829 seconds
[2026-01-21T05:07:27.524+0000] {processor.py:186} INFO - Started process (PID=304) to work on /opt/airflow/dags/dataset_user_processing.py
[2026-01-21T05:07:27.525+0000] {processor.py:914} INFO - Processing file /opt/airflow/dags/dataset_user_processing.py for tasks to queue
[2026-01-21T05:07:27.529+0000] {logging_mixin.py:190} INFO - [2026-01-21T05:07:27.529+0000] {dagbag.py:588} INFO - Filling up the DagBag from /opt/airflow/dags/dataset_user_processing.py
[2026-01-21T05:07:28.202+0000] {processor.py:925} INFO - DAG(s) 'user_processing_dataset' retrieved from /opt/airflow/dags/dataset_user_processing.py
[2026-01-21T05:07:28.276+0000] {logging_mixin.py:190} INFO - [2026-01-21T05:07:28.275+0000] {dag.py:3239} INFO - Sync 1 DAGs
[2026-01-21T05:07:28.329+0000] {logging_mixin.py:190} INFO - [2026-01-21T05:07:28.329+0000] {dag.py:4180} INFO - Setting next_dagrun for user_processing_dataset to 2026-01-20 00:00:00+00:00, run_after=2026-01-21 00:00:00+00:00
[2026-01-21T05:07:28.439+0000] {processor.py:208} INFO - Processing /opt/airflow/dags/dataset_user_processing.py took 0.926 seconds
[2026-01-21T05:07:58.799+0000] {processor.py:186} INFO - Started process (PID=328) to work on /opt/airflow/dags/dataset_user_processing.py
[2026-01-21T05:07:58.812+0000] {processor.py:914} INFO - Processing file /opt/airflow/dags/dataset_user_processing.py for tasks to queue
[2026-01-21T05:07:58.816+0000] {logging_mixin.py:190} INFO - [2026-01-21T05:07:58.815+0000] {dagbag.py:588} INFO - Filling up the DagBag from /opt/airflow/dags/dataset_user_processing.py
[2026-01-21T05:07:59.531+0000] {processor.py:925} INFO - DAG(s) 'user_processing_dataset' retrieved from /opt/airflow/dags/dataset_user_processing.py
[2026-01-21T05:07:59.569+0000] {logging_mixin.py:190} INFO - [2026-01-21T05:07:59.568+0000] {dag.py:3239} INFO - Sync 1 DAGs
[2026-01-21T05:07:59.602+0000] {logging_mixin.py:190} INFO - [2026-01-21T05:07:59.601+0000] {dag.py:4180} INFO - Setting next_dagrun for user_processing_dataset to 2026-01-20 00:00:00+00:00, run_after=2026-01-21 00:00:00+00:00
[2026-01-21T05:07:59.670+0000] {processor.py:208} INFO - Processing /opt/airflow/dags/dataset_user_processing.py took 0.880 seconds
[2026-01-21T05:08:30.424+0000] {processor.py:186} INFO - Started process (PID=352) to work on /opt/airflow/dags/dataset_user_processing.py
[2026-01-21T05:08:30.426+0000] {processor.py:914} INFO - Processing file /opt/airflow/dags/dataset_user_processing.py for tasks to queue
[2026-01-21T05:08:30.429+0000] {logging_mixin.py:190} INFO - [2026-01-21T05:08:30.429+0000] {dagbag.py:588} INFO - Filling up the DagBag from /opt/airflow/dags/dataset_user_processing.py
[2026-01-21T05:08:31.079+0000] {processor.py:925} INFO - DAG(s) 'user_processing_dataset' retrieved from /opt/airflow/dags/dataset_user_processing.py
[2026-01-21T05:08:31.110+0000] {logging_mixin.py:190} INFO - [2026-01-21T05:08:31.109+0000] {dag.py:3239} INFO - Sync 1 DAGs
[2026-01-21T05:08:31.143+0000] {logging_mixin.py:190} INFO - [2026-01-21T05:08:31.143+0000] {dag.py:4180} INFO - Setting next_dagrun for user_processing_dataset to 2026-01-20 00:00:00+00:00, run_after=2026-01-21 00:00:00+00:00
[2026-01-21T05:08:31.173+0000] {processor.py:208} INFO - Processing /opt/airflow/dags/dataset_user_processing.py took 0.760 seconds
[2026-01-21T05:09:01.485+0000] {processor.py:186} INFO - Started process (PID=375) to work on /opt/airflow/dags/dataset_user_processing.py
[2026-01-21T05:09:01.487+0000] {processor.py:914} INFO - Processing file /opt/airflow/dags/dataset_user_processing.py for tasks to queue
[2026-01-21T05:09:01.491+0000] {logging_mixin.py:190} INFO - [2026-01-21T05:09:01.490+0000] {dagbag.py:588} INFO - Filling up the DagBag from /opt/airflow/dags/dataset_user_processing.py
[2026-01-21T05:09:02.239+0000] {processor.py:925} INFO - DAG(s) 'user_processing_dataset' retrieved from /opt/airflow/dags/dataset_user_processing.py
[2026-01-21T05:09:02.277+0000] {logging_mixin.py:190} INFO - [2026-01-21T05:09:02.276+0000] {dag.py:3239} INFO - Sync 1 DAGs
[2026-01-21T05:09:02.322+0000] {logging_mixin.py:190} INFO - [2026-01-21T05:09:02.321+0000] {dag.py:4180} INFO - Setting next_dagrun for user_processing_dataset to 2026-01-20 00:00:00+00:00, run_after=2026-01-21 00:00:00+00:00
[2026-01-21T05:09:02.392+0000] {processor.py:208} INFO - Processing /opt/airflow/dags/dataset_user_processing.py took 0.920 seconds
[2026-01-21T05:09:32.664+0000] {processor.py:186} INFO - Started process (PID=399) to work on /opt/airflow/dags/dataset_user_processing.py
[2026-01-21T05:09:32.666+0000] {processor.py:914} INFO - Processing file /opt/airflow/dags/dataset_user_processing.py for tasks to queue
[2026-01-21T05:09:32.671+0000] {logging_mixin.py:190} INFO - [2026-01-21T05:09:32.670+0000] {dagbag.py:588} INFO - Filling up the DagBag from /opt/airflow/dags/dataset_user_processing.py
[2026-01-21T05:09:33.378+0000] {processor.py:925} INFO - DAG(s) 'user_processing_dataset' retrieved from /opt/airflow/dags/dataset_user_processing.py
[2026-01-21T05:09:33.422+0000] {logging_mixin.py:190} INFO - [2026-01-21T05:09:33.421+0000] {dag.py:3239} INFO - Sync 1 DAGs
[2026-01-21T05:09:33.478+0000] {logging_mixin.py:190} INFO - [2026-01-21T05:09:33.477+0000] {dag.py:4180} INFO - Setting next_dagrun for user_processing_dataset to 2026-01-20 00:00:00+00:00, run_after=2026-01-21 00:00:00+00:00
[2026-01-21T05:09:33.517+0000] {processor.py:208} INFO - Processing /opt/airflow/dags/dataset_user_processing.py took 0.867 seconds
[2026-01-21T05:10:03.794+0000] {processor.py:186} INFO - Started process (PID=422) to work on /opt/airflow/dags/dataset_user_processing.py
[2026-01-21T05:10:03.796+0000] {processor.py:914} INFO - Processing file /opt/airflow/dags/dataset_user_processing.py for tasks to queue
[2026-01-21T05:10:03.801+0000] {logging_mixin.py:190} INFO - [2026-01-21T05:10:03.801+0000] {dagbag.py:588} INFO - Filling up the DagBag from /opt/airflow/dags/dataset_user_processing.py
[2026-01-21T05:10:04.737+0000] {processor.py:925} INFO - DAG(s) 'user_processing_dataset' retrieved from /opt/airflow/dags/dataset_user_processing.py
[2026-01-21T05:10:04.792+0000] {logging_mixin.py:190} INFO - [2026-01-21T05:10:04.791+0000] {dag.py:3239} INFO - Sync 1 DAGs
[2026-01-21T05:10:04.841+0000] {logging_mixin.py:190} INFO - [2026-01-21T05:10:04.841+0000] {dag.py:4180} INFO - Setting next_dagrun for user_processing_dataset to 2026-01-20 00:00:00+00:00, run_after=2026-01-21 00:00:00+00:00
[2026-01-21T05:10:04.890+0000] {processor.py:208} INFO - Processing /opt/airflow/dags/dataset_user_processing.py took 1.110 seconds
[2026-01-21T05:10:35.002+0000] {processor.py:186} INFO - Started process (PID=445) to work on /opt/airflow/dags/dataset_user_processing.py
[2026-01-21T05:10:35.004+0000] {processor.py:914} INFO - Processing file /opt/airflow/dags/dataset_user_processing.py for tasks to queue
[2026-01-21T05:10:35.009+0000] {logging_mixin.py:190} INFO - [2026-01-21T05:10:35.008+0000] {dagbag.py:588} INFO - Filling up the DagBag from /opt/airflow/dags/dataset_user_processing.py
[2026-01-21T05:10:35.959+0000] {processor.py:925} INFO - DAG(s) 'user_processing_dataset' retrieved from /opt/airflow/dags/dataset_user_processing.py
[2026-01-21T05:10:36.005+0000] {logging_mixin.py:190} INFO - [2026-01-21T05:10:36.004+0000] {dag.py:3239} INFO - Sync 1 DAGs
[2026-01-21T05:10:36.051+0000] {logging_mixin.py:190} INFO - [2026-01-21T05:10:36.050+0000] {dag.py:4180} INFO - Setting next_dagrun for user_processing_dataset to 2026-01-20 00:00:00+00:00, run_after=2026-01-21 00:00:00+00:00
[2026-01-21T05:10:36.140+0000] {processor.py:208} INFO - Processing /opt/airflow/dags/dataset_user_processing.py took 1.151 seconds
[2026-01-21T05:11:06.498+0000] {processor.py:186} INFO - Started process (PID=468) to work on /opt/airflow/dags/dataset_user_processing.py
[2026-01-21T05:11:06.500+0000] {processor.py:914} INFO - Processing file /opt/airflow/dags/dataset_user_processing.py for tasks to queue
[2026-01-21T05:11:06.504+0000] {logging_mixin.py:190} INFO - [2026-01-21T05:11:06.504+0000] {dagbag.py:588} INFO - Filling up the DagBag from /opt/airflow/dags/dataset_user_processing.py
[2026-01-21T05:11:07.219+0000] {processor.py:925} INFO - DAG(s) 'user_processing_dataset' retrieved from /opt/airflow/dags/dataset_user_processing.py
[2026-01-21T05:11:07.253+0000] {logging_mixin.py:190} INFO - [2026-01-21T05:11:07.252+0000] {dag.py:3239} INFO - Sync 1 DAGs
[2026-01-21T05:11:07.289+0000] {logging_mixin.py:190} INFO - [2026-01-21T05:11:07.288+0000] {dag.py:4180} INFO - Setting next_dagrun for user_processing_dataset to 2026-01-20 00:00:00+00:00, run_after=2026-01-21 00:00:00+00:00
[2026-01-21T05:11:07.367+0000] {processor.py:208} INFO - Processing /opt/airflow/dags/dataset_user_processing.py took 0.880 seconds
[2026-01-21T05:11:38.096+0000] {processor.py:186} INFO - Started process (PID=493) to work on /opt/airflow/dags/dataset_user_processing.py
[2026-01-21T05:11:38.097+0000] {processor.py:914} INFO - Processing file /opt/airflow/dags/dataset_user_processing.py for tasks to queue
[2026-01-21T05:11:38.101+0000] {logging_mixin.py:190} INFO - [2026-01-21T05:11:38.100+0000] {dagbag.py:588} INFO - Filling up the DagBag from /opt/airflow/dags/dataset_user_processing.py
[2026-01-21T05:11:38.844+0000] {processor.py:925} INFO - DAG(s) 'user_processing_dataset' retrieved from /opt/airflow/dags/dataset_user_processing.py
[2026-01-21T05:11:38.876+0000] {logging_mixin.py:190} INFO - [2026-01-21T05:11:38.876+0000] {dag.py:3239} INFO - Sync 1 DAGs
[2026-01-21T05:11:38.917+0000] {logging_mixin.py:190} INFO - [2026-01-21T05:11:38.916+0000] {dag.py:4180} INFO - Setting next_dagrun for user_processing_dataset to 2026-01-20 00:00:00+00:00, run_after=2026-01-21 00:00:00+00:00
[2026-01-21T05:11:38.995+0000] {processor.py:208} INFO - Processing /opt/airflow/dags/dataset_user_processing.py took 0.911 seconds
[2026-01-21T05:12:09.532+0000] {processor.py:186} INFO - Started process (PID=517) to work on /opt/airflow/dags/dataset_user_processing.py
[2026-01-21T05:12:09.534+0000] {processor.py:914} INFO - Processing file /opt/airflow/dags/dataset_user_processing.py for tasks to queue
[2026-01-21T05:12:09.540+0000] {logging_mixin.py:190} INFO - [2026-01-21T05:12:09.539+0000] {dagbag.py:588} INFO - Filling up the DagBag from /opt/airflow/dags/dataset_user_processing.py
[2026-01-21T05:12:10.475+0000] {processor.py:925} INFO - DAG(s) 'user_processing_dataset' retrieved from /opt/airflow/dags/dataset_user_processing.py
[2026-01-21T05:12:10.521+0000] {logging_mixin.py:190} INFO - [2026-01-21T05:12:10.520+0000] {dag.py:3239} INFO - Sync 1 DAGs
[2026-01-21T05:12:10.565+0000] {logging_mixin.py:190} INFO - [2026-01-21T05:12:10.564+0000] {dag.py:4180} INFO - Setting next_dagrun for user_processing_dataset to 2026-01-20 00:00:00+00:00, run_after=2026-01-21 00:00:00+00:00
[2026-01-21T05:12:10.651+0000] {processor.py:208} INFO - Processing /opt/airflow/dags/dataset_user_processing.py took 1.136 seconds
[2026-01-21T05:12:40.733+0000] {processor.py:186} INFO - Started process (PID=541) to work on /opt/airflow/dags/dataset_user_processing.py
[2026-01-21T05:12:40.734+0000] {processor.py:914} INFO - Processing file /opt/airflow/dags/dataset_user_processing.py for tasks to queue
[2026-01-21T05:12:40.739+0000] {logging_mixin.py:190} INFO - [2026-01-21T05:12:40.739+0000] {dagbag.py:588} INFO - Filling up the DagBag from /opt/airflow/dags/dataset_user_processing.py
[2026-01-21T05:12:41.495+0000] {processor.py:925} INFO - DAG(s) 'user_processing_dataset' retrieved from /opt/airflow/dags/dataset_user_processing.py
[2026-01-21T05:12:41.531+0000] {logging_mixin.py:190} INFO - [2026-01-21T05:12:41.530+0000] {dag.py:3239} INFO - Sync 1 DAGs
[2026-01-21T05:12:41.566+0000] {logging_mixin.py:190} INFO - [2026-01-21T05:12:41.565+0000] {dag.py:4180} INFO - Setting next_dagrun for user_processing_dataset to 2026-01-20 00:00:00+00:00, run_after=2026-01-21 00:00:00+00:00
[2026-01-21T05:12:41.645+0000] {processor.py:208} INFO - Processing /opt/airflow/dags/dataset_user_processing.py took 0.925 seconds
[2026-01-21T05:13:11.842+0000] {processor.py:186} INFO - Started process (PID=565) to work on /opt/airflow/dags/dataset_user_processing.py
[2026-01-21T05:13:11.844+0000] {processor.py:914} INFO - Processing file /opt/airflow/dags/dataset_user_processing.py for tasks to queue
[2026-01-21T05:13:11.850+0000] {logging_mixin.py:190} INFO - [2026-01-21T05:13:11.850+0000] {dagbag.py:588} INFO - Filling up the DagBag from /opt/airflow/dags/dataset_user_processing.py
[2026-01-21T05:13:12.706+0000] {processor.py:925} INFO - DAG(s) 'user_processing_dataset' retrieved from /opt/airflow/dags/dataset_user_processing.py
[2026-01-21T05:13:12.740+0000] {logging_mixin.py:190} INFO - [2026-01-21T05:13:12.739+0000] {dag.py:3239} INFO - Sync 1 DAGs
[2026-01-21T05:13:12.781+0000] {logging_mixin.py:190} INFO - [2026-01-21T05:13:12.781+0000] {dag.py:4180} INFO - Setting next_dagrun for user_processing_dataset to 2026-01-20 00:00:00+00:00, run_after=2026-01-21 00:00:00+00:00
[2026-01-21T05:13:12.865+0000] {processor.py:208} INFO - Processing /opt/airflow/dags/dataset_user_processing.py took 1.038 seconds
[2026-01-21T05:13:43.362+0000] {processor.py:186} INFO - Started process (PID=589) to work on /opt/airflow/dags/dataset_user_processing.py
[2026-01-21T05:13:43.365+0000] {processor.py:914} INFO - Processing file /opt/airflow/dags/dataset_user_processing.py for tasks to queue
[2026-01-21T05:13:43.371+0000] {logging_mixin.py:190} INFO - [2026-01-21T05:13:43.370+0000] {dagbag.py:588} INFO - Filling up the DagBag from /opt/airflow/dags/dataset_user_processing.py
[2026-01-21T05:13:45.016+0000] {processor.py:925} INFO - DAG(s) 'user_processing_dataset' retrieved from /opt/airflow/dags/dataset_user_processing.py
[2026-01-21T05:13:45.091+0000] {logging_mixin.py:190} INFO - [2026-01-21T05:13:45.090+0000] {dag.py:3239} INFO - Sync 1 DAGs
[2026-01-21T05:13:45.180+0000] {logging_mixin.py:190} INFO - [2026-01-21T05:13:45.179+0000] {dag.py:4180} INFO - Setting next_dagrun for user_processing_dataset to 2026-01-20 00:00:00+00:00, run_after=2026-01-21 00:00:00+00:00
[2026-01-21T05:13:45.256+0000] {processor.py:208} INFO - Processing /opt/airflow/dags/dataset_user_processing.py took 1.911 seconds
[2026-01-21T05:14:16.263+0000] {processor.py:186} INFO - Started process (PID=613) to work on /opt/airflow/dags/dataset_user_processing.py
[2026-01-21T05:14:16.272+0000] {processor.py:914} INFO - Processing file /opt/airflow/dags/dataset_user_processing.py for tasks to queue
[2026-01-21T05:14:16.277+0000] {logging_mixin.py:190} INFO - [2026-01-21T05:14:16.276+0000] {dagbag.py:588} INFO - Filling up the DagBag from /opt/airflow/dags/dataset_user_processing.py
[2026-01-21T05:14:18.525+0000] {processor.py:925} INFO - DAG(s) 'user_processing_dataset' retrieved from /opt/airflow/dags/dataset_user_processing.py
[2026-01-21T05:14:18.574+0000] {logging_mixin.py:190} INFO - [2026-01-21T05:14:18.573+0000] {dag.py:3239} INFO - Sync 1 DAGs
[2026-01-21T05:14:18.619+0000] {logging_mixin.py:190} INFO - [2026-01-21T05:14:18.618+0000] {dag.py:4180} INFO - Setting next_dagrun for user_processing_dataset to 2026-01-20 00:00:00+00:00, run_after=2026-01-21 00:00:00+00:00
[2026-01-21T05:14:18.655+0000] {processor.py:208} INFO - Processing /opt/airflow/dags/dataset_user_processing.py took 2.430 seconds
[2026-01-21T05:14:49.024+0000] {processor.py:186} INFO - Started process (PID=637) to work on /opt/airflow/dags/dataset_user_processing.py
[2026-01-21T05:14:49.033+0000] {processor.py:914} INFO - Processing file /opt/airflow/dags/dataset_user_processing.py for tasks to queue
[2026-01-21T05:14:49.040+0000] {logging_mixin.py:190} INFO - [2026-01-21T05:14:49.039+0000] {dagbag.py:588} INFO - Filling up the DagBag from /opt/airflow/dags/dataset_user_processing.py
[2026-01-21T05:14:50.294+0000] {processor.py:925} INFO - DAG(s) 'user_processing_dataset' retrieved from /opt/airflow/dags/dataset_user_processing.py
[2026-01-21T05:14:50.350+0000] {logging_mixin.py:190} INFO - [2026-01-21T05:14:50.349+0000] {dag.py:3239} INFO - Sync 1 DAGs
[2026-01-21T05:14:50.406+0000] {logging_mixin.py:190} INFO - [2026-01-21T05:14:50.406+0000] {dag.py:4180} INFO - Setting next_dagrun for user_processing_dataset to 2026-01-20 00:00:00+00:00, run_after=2026-01-21 00:00:00+00:00
[2026-01-21T05:14:50.506+0000] {processor.py:208} INFO - Processing /opt/airflow/dags/dataset_user_processing.py took 1.502 seconds
[2026-01-21T05:15:21.463+0000] {processor.py:186} INFO - Started process (PID=662) to work on /opt/airflow/dags/dataset_user_processing.py
[2026-01-21T05:15:21.464+0000] {processor.py:914} INFO - Processing file /opt/airflow/dags/dataset_user_processing.py for tasks to queue
[2026-01-21T05:15:21.470+0000] {logging_mixin.py:190} INFO - [2026-01-21T05:15:21.469+0000] {dagbag.py:588} INFO - Filling up the DagBag from /opt/airflow/dags/dataset_user_processing.py
[2026-01-21T05:15:22.634+0000] {processor.py:925} INFO - DAG(s) 'user_processing_dataset' retrieved from /opt/airflow/dags/dataset_user_processing.py
[2026-01-21T05:15:22.712+0000] {logging_mixin.py:190} INFO - [2026-01-21T05:15:22.711+0000] {dag.py:3239} INFO - Sync 1 DAGs
[2026-01-21T05:15:22.783+0000] {logging_mixin.py:190} INFO - [2026-01-21T05:15:22.783+0000] {dag.py:4180} INFO - Setting next_dagrun for user_processing_dataset to 2026-01-20 00:00:00+00:00, run_after=2026-01-21 00:00:00+00:00
[2026-01-21T05:15:22.901+0000] {processor.py:208} INFO - Processing /opt/airflow/dags/dataset_user_processing.py took 1.454 seconds
[2026-01-21T05:15:53.200+0000] {processor.py:186} INFO - Started process (PID=687) to work on /opt/airflow/dags/dataset_user_processing.py
[2026-01-21T05:15:53.202+0000] {processor.py:914} INFO - Processing file /opt/airflow/dags/dataset_user_processing.py for tasks to queue
[2026-01-21T05:15:53.206+0000] {logging_mixin.py:190} INFO - [2026-01-21T05:15:53.205+0000] {dagbag.py:588} INFO - Filling up the DagBag from /opt/airflow/dags/dataset_user_processing.py
[2026-01-21T05:15:53.961+0000] {processor.py:925} INFO - DAG(s) 'user_processing_dataset' retrieved from /opt/airflow/dags/dataset_user_processing.py
[2026-01-21T05:15:53.998+0000] {logging_mixin.py:190} INFO - [2026-01-21T05:15:53.997+0000] {dag.py:3239} INFO - Sync 1 DAGs
[2026-01-21T05:15:54.038+0000] {logging_mixin.py:190} INFO - [2026-01-21T05:15:54.037+0000] {dag.py:4180} INFO - Setting next_dagrun for user_processing_dataset to 2026-01-20 00:00:00+00:00, run_after=2026-01-21 00:00:00+00:00
[2026-01-21T05:15:54.114+0000] {processor.py:208} INFO - Processing /opt/airflow/dags/dataset_user_processing.py took 0.927 seconds
[2026-01-21T05:16:25.351+0000] {processor.py:186} INFO - Started process (PID=713) to work on /opt/airflow/dags/dataset_user_processing.py
[2026-01-21T05:16:25.353+0000] {processor.py:914} INFO - Processing file /opt/airflow/dags/dataset_user_processing.py for tasks to queue
[2026-01-21T05:16:25.356+0000] {logging_mixin.py:190} INFO - [2026-01-21T05:16:25.356+0000] {dagbag.py:588} INFO - Filling up the DagBag from /opt/airflow/dags/dataset_user_processing.py
[2026-01-21T05:16:26.184+0000] {processor.py:925} INFO - DAG(s) 'user_processing_dataset' retrieved from /opt/airflow/dags/dataset_user_processing.py
[2026-01-21T05:16:26.221+0000] {logging_mixin.py:190} INFO - [2026-01-21T05:16:26.219+0000] {dag.py:3239} INFO - Sync 1 DAGs
[2026-01-21T05:16:26.262+0000] {logging_mixin.py:190} INFO - [2026-01-21T05:16:26.262+0000] {dag.py:4180} INFO - Setting next_dagrun for user_processing_dataset to 2026-01-20 00:00:00+00:00, run_after=2026-01-21 00:00:00+00:00
[2026-01-21T05:16:26.319+0000] {processor.py:208} INFO - Processing /opt/airflow/dags/dataset_user_processing.py took 0.980 seconds
[2026-01-21T05:16:57.323+0000] {processor.py:186} INFO - Started process (PID=744) to work on /opt/airflow/dags/dataset_user_processing.py
[2026-01-21T05:16:57.325+0000] {processor.py:914} INFO - Processing file /opt/airflow/dags/dataset_user_processing.py for tasks to queue
[2026-01-21T05:16:57.330+0000] {logging_mixin.py:190} INFO - [2026-01-21T05:16:57.329+0000] {dagbag.py:588} INFO - Filling up the DagBag from /opt/airflow/dags/dataset_user_processing.py
[2026-01-21T05:16:58.170+0000] {processor.py:925} INFO - DAG(s) 'user_processing_dataset' retrieved from /opt/airflow/dags/dataset_user_processing.py
[2026-01-21T05:16:58.210+0000] {logging_mixin.py:190} INFO - [2026-01-21T05:16:58.209+0000] {dag.py:3239} INFO - Sync 1 DAGs
[2026-01-21T05:16:58.259+0000] {logging_mixin.py:190} INFO - [2026-01-21T05:16:58.258+0000] {dag.py:4180} INFO - Setting next_dagrun for user_processing_dataset to 2026-01-20 00:00:00+00:00, run_after=2026-01-21 00:00:00+00:00
[2026-01-21T05:16:58.331+0000] {processor.py:208} INFO - Processing /opt/airflow/dags/dataset_user_processing.py took 1.024 seconds
[2026-01-21T05:17:28.820+0000] {processor.py:186} INFO - Started process (PID=768) to work on /opt/airflow/dags/dataset_user_processing.py
[2026-01-21T05:17:28.822+0000] {processor.py:914} INFO - Processing file /opt/airflow/dags/dataset_user_processing.py for tasks to queue
[2026-01-21T05:17:28.826+0000] {logging_mixin.py:190} INFO - [2026-01-21T05:17:28.825+0000] {dagbag.py:588} INFO - Filling up the DagBag from /opt/airflow/dags/dataset_user_processing.py
[2026-01-21T05:17:29.629+0000] {processor.py:925} INFO - DAG(s) 'user_processing_dataset' retrieved from /opt/airflow/dags/dataset_user_processing.py
[2026-01-21T05:17:29.662+0000] {logging_mixin.py:190} INFO - [2026-01-21T05:17:29.662+0000] {dag.py:3239} INFO - Sync 1 DAGs
[2026-01-21T05:17:29.696+0000] {logging_mixin.py:190} INFO - [2026-01-21T05:17:29.696+0000] {dag.py:4180} INFO - Setting next_dagrun for user_processing_dataset to 2026-01-20 00:00:00+00:00, run_after=2026-01-21 00:00:00+00:00
[2026-01-21T05:17:29.739+0000] {processor.py:208} INFO - Processing /opt/airflow/dags/dataset_user_processing.py took 0.933 seconds
[2026-01-21T05:18:00.622+0000] {processor.py:186} INFO - Started process (PID=793) to work on /opt/airflow/dags/dataset_user_processing.py
[2026-01-21T05:18:00.624+0000] {processor.py:914} INFO - Processing file /opt/airflow/dags/dataset_user_processing.py for tasks to queue
[2026-01-21T05:18:00.628+0000] {logging_mixin.py:190} INFO - [2026-01-21T05:18:00.628+0000] {dagbag.py:588} INFO - Filling up the DagBag from /opt/airflow/dags/dataset_user_processing.py
[2026-01-21T05:18:01.427+0000] {processor.py:925} INFO - DAG(s) 'user_processing_dataset' retrieved from /opt/airflow/dags/dataset_user_processing.py
[2026-01-21T05:18:01.469+0000] {logging_mixin.py:190} INFO - [2026-01-21T05:18:01.468+0000] {dag.py:3239} INFO - Sync 1 DAGs
[2026-01-21T05:18:01.510+0000] {logging_mixin.py:190} INFO - [2026-01-21T05:18:01.509+0000] {dag.py:4180} INFO - Setting next_dagrun for user_processing_dataset to 2026-01-20 00:00:00+00:00, run_after=2026-01-21 00:00:00+00:00
[2026-01-21T05:18:01.598+0000] {processor.py:208} INFO - Processing /opt/airflow/dags/dataset_user_processing.py took 0.987 seconds
[2026-01-21T05:18:32.021+0000] {processor.py:186} INFO - Started process (PID=816) to work on /opt/airflow/dags/dataset_user_processing.py
[2026-01-21T05:18:32.023+0000] {processor.py:914} INFO - Processing file /opt/airflow/dags/dataset_user_processing.py for tasks to queue
[2026-01-21T05:18:32.028+0000] {logging_mixin.py:190} INFO - [2026-01-21T05:18:32.028+0000] {dagbag.py:588} INFO - Filling up the DagBag from /opt/airflow/dags/dataset_user_processing.py
[2026-01-21T05:18:33.032+0000] {processor.py:925} INFO - DAG(s) 'user_processing_dataset' retrieved from /opt/airflow/dags/dataset_user_processing.py
[2026-01-21T05:18:33.081+0000] {logging_mixin.py:190} INFO - [2026-01-21T05:18:33.080+0000] {dag.py:3239} INFO - Sync 1 DAGs
[2026-01-21T05:18:33.127+0000] {logging_mixin.py:190} INFO - [2026-01-21T05:18:33.126+0000] {dag.py:4180} INFO - Setting next_dagrun for user_processing_dataset to 2026-01-20 00:00:00+00:00, run_after=2026-01-21 00:00:00+00:00
[2026-01-21T05:18:33.198+0000] {processor.py:208} INFO - Processing /opt/airflow/dags/dataset_user_processing.py took 1.198 seconds
[2026-01-21T05:19:03.801+0000] {processor.py:186} INFO - Started process (PID=843) to work on /opt/airflow/dags/dataset_user_processing.py
[2026-01-21T05:19:03.803+0000] {processor.py:914} INFO - Processing file /opt/airflow/dags/dataset_user_processing.py for tasks to queue
[2026-01-21T05:19:03.808+0000] {logging_mixin.py:190} INFO - [2026-01-21T05:19:03.807+0000] {dagbag.py:588} INFO - Filling up the DagBag from /opt/airflow/dags/dataset_user_processing.py
[2026-01-21T05:19:04.528+0000] {processor.py:925} INFO - DAG(s) 'user_processing_dataset' retrieved from /opt/airflow/dags/dataset_user_processing.py
[2026-01-21T05:19:04.562+0000] {logging_mixin.py:190} INFO - [2026-01-21T05:19:04.561+0000] {dag.py:3239} INFO - Sync 1 DAGs
[2026-01-21T05:19:04.605+0000] {logging_mixin.py:190} INFO - [2026-01-21T05:19:04.605+0000] {dag.py:4180} INFO - Setting next_dagrun for user_processing_dataset to 2026-01-20 00:00:00+00:00, run_after=2026-01-21 00:00:00+00:00
[2026-01-21T05:19:04.688+0000] {processor.py:208} INFO - Processing /opt/airflow/dags/dataset_user_processing.py took 0.897 seconds
[2026-01-21T05:19:34.970+0000] {processor.py:186} INFO - Started process (PID=865) to work on /opt/airflow/dags/dataset_user_processing.py
[2026-01-21T05:19:34.973+0000] {processor.py:914} INFO - Processing file /opt/airflow/dags/dataset_user_processing.py for tasks to queue
[2026-01-21T05:19:34.977+0000] {logging_mixin.py:190} INFO - [2026-01-21T05:19:34.976+0000] {dagbag.py:588} INFO - Filling up the DagBag from /opt/airflow/dags/dataset_user_processing.py
[2026-01-21T05:19:35.744+0000] {processor.py:925} INFO - DAG(s) 'user_processing_dataset' retrieved from /opt/airflow/dags/dataset_user_processing.py
[2026-01-21T05:19:35.784+0000] {logging_mixin.py:190} INFO - [2026-01-21T05:19:35.783+0000] {dag.py:3239} INFO - Sync 1 DAGs
[2026-01-21T05:19:35.822+0000] {logging_mixin.py:190} INFO - [2026-01-21T05:19:35.822+0000] {dag.py:4180} INFO - Setting next_dagrun for user_processing_dataset to 2026-01-20 00:00:00+00:00, run_after=2026-01-21 00:00:00+00:00
[2026-01-21T05:19:35.868+0000] {processor.py:208} INFO - Processing /opt/airflow/dags/dataset_user_processing.py took 0.909 seconds
[2026-01-21T05:20:06.573+0000] {processor.py:186} INFO - Started process (PID=891) to work on /opt/airflow/dags/dataset_user_processing.py
[2026-01-21T05:20:06.575+0000] {processor.py:914} INFO - Processing file /opt/airflow/dags/dataset_user_processing.py for tasks to queue
[2026-01-21T05:20:06.579+0000] {logging_mixin.py:190} INFO - [2026-01-21T05:20:06.579+0000] {dagbag.py:588} INFO - Filling up the DagBag from /opt/airflow/dags/dataset_user_processing.py
[2026-01-21T05:20:07.432+0000] {processor.py:925} INFO - DAG(s) 'user_processing_dataset' retrieved from /opt/airflow/dags/dataset_user_processing.py
[2026-01-21T05:20:07.475+0000] {logging_mixin.py:190} INFO - [2026-01-21T05:20:07.474+0000] {dag.py:3239} INFO - Sync 1 DAGs
[2026-01-21T05:20:07.517+0000] {logging_mixin.py:190} INFO - [2026-01-21T05:20:07.517+0000] {dag.py:4180} INFO - Setting next_dagrun for user_processing_dataset to 2026-01-20 00:00:00+00:00, run_after=2026-01-21 00:00:00+00:00
[2026-01-21T05:20:07.561+0000] {processor.py:208} INFO - Processing /opt/airflow/dags/dataset_user_processing.py took 1.002 seconds
[2026-01-21T05:20:37.831+0000] {processor.py:186} INFO - Started process (PID=915) to work on /opt/airflow/dags/dataset_user_processing.py
[2026-01-21T05:20:37.832+0000] {processor.py:914} INFO - Processing file /opt/airflow/dags/dataset_user_processing.py for tasks to queue
[2026-01-21T05:20:37.836+0000] {logging_mixin.py:190} INFO - [2026-01-21T05:20:37.835+0000] {dagbag.py:588} INFO - Filling up the DagBag from /opt/airflow/dags/dataset_user_processing.py
[2026-01-21T05:20:38.580+0000] {processor.py:925} INFO - DAG(s) 'user_processing_dataset' retrieved from /opt/airflow/dags/dataset_user_processing.py
[2026-01-21T05:20:38.614+0000] {logging_mixin.py:190} INFO - [2026-01-21T05:20:38.614+0000] {dag.py:3239} INFO - Sync 1 DAGs
[2026-01-21T05:20:38.650+0000] {logging_mixin.py:190} INFO - [2026-01-21T05:20:38.650+0000] {dag.py:4180} INFO - Setting next_dagrun for user_processing_dataset to 2026-01-20 00:00:00+00:00, run_after=2026-01-21 00:00:00+00:00
[2026-01-21T05:20:38.725+0000] {processor.py:208} INFO - Processing /opt/airflow/dags/dataset_user_processing.py took 0.905 seconds
[2026-01-21T05:21:09.260+0000] {processor.py:186} INFO - Started process (PID=939) to work on /opt/airflow/dags/dataset_user_processing.py
[2026-01-21T05:21:09.262+0000] {processor.py:914} INFO - Processing file /opt/airflow/dags/dataset_user_processing.py for tasks to queue
[2026-01-21T05:21:09.269+0000] {logging_mixin.py:190} INFO - [2026-01-21T05:21:09.267+0000] {dagbag.py:588} INFO - Filling up the DagBag from /opt/airflow/dags/dataset_user_processing.py
[2026-01-21T05:21:10.228+0000] {processor.py:925} INFO - DAG(s) 'user_processing_dataset' retrieved from /opt/airflow/dags/dataset_user_processing.py
[2026-01-21T05:21:10.278+0000] {logging_mixin.py:190} INFO - [2026-01-21T05:21:10.276+0000] {dag.py:3239} INFO - Sync 1 DAGs
[2026-01-21T05:21:10.331+0000] {logging_mixin.py:190} INFO - [2026-01-21T05:21:10.330+0000] {dag.py:4180} INFO - Setting next_dagrun for user_processing_dataset to 2026-01-20 00:00:00+00:00, run_after=2026-01-21 00:00:00+00:00
[2026-01-21T05:21:10.422+0000] {processor.py:208} INFO - Processing /opt/airflow/dags/dataset_user_processing.py took 1.178 seconds
[2026-01-21T05:21:40.614+0000] {processor.py:186} INFO - Started process (PID=963) to work on /opt/airflow/dags/dataset_user_processing.py
[2026-01-21T05:21:40.616+0000] {processor.py:914} INFO - Processing file /opt/airflow/dags/dataset_user_processing.py for tasks to queue
[2026-01-21T05:21:40.622+0000] {logging_mixin.py:190} INFO - [2026-01-21T05:21:40.621+0000] {dagbag.py:588} INFO - Filling up the DagBag from /opt/airflow/dags/dataset_user_processing.py
[2026-01-21T05:21:41.481+0000] {processor.py:925} INFO - DAG(s) 'user_processing_dataset' retrieved from /opt/airflow/dags/dataset_user_processing.py
[2026-01-21T05:21:41.519+0000] {logging_mixin.py:190} INFO - [2026-01-21T05:21:41.518+0000] {dag.py:3239} INFO - Sync 1 DAGs
[2026-01-21T05:21:41.560+0000] {logging_mixin.py:190} INFO - [2026-01-21T05:21:41.560+0000] {dag.py:4180} INFO - Setting next_dagrun for user_processing_dataset to 2026-01-20 00:00:00+00:00, run_after=2026-01-21 00:00:00+00:00
[2026-01-21T05:21:41.648+0000] {processor.py:208} INFO - Processing /opt/airflow/dags/dataset_user_processing.py took 1.047 seconds
[2026-01-21T05:22:12.260+0000] {processor.py:186} INFO - Started process (PID=987) to work on /opt/airflow/dags/dataset_user_processing.py
[2026-01-21T05:22:12.262+0000] {processor.py:914} INFO - Processing file /opt/airflow/dags/dataset_user_processing.py for tasks to queue
[2026-01-21T05:22:12.269+0000] {logging_mixin.py:190} INFO - [2026-01-21T05:22:12.267+0000] {dagbag.py:588} INFO - Filling up the DagBag from /opt/airflow/dags/dataset_user_processing.py
[2026-01-21T05:22:13.197+0000] {processor.py:925} INFO - DAG(s) 'user_processing_dataset' retrieved from /opt/airflow/dags/dataset_user_processing.py
[2026-01-21T05:22:13.244+0000] {logging_mixin.py:190} INFO - [2026-01-21T05:22:13.243+0000] {dag.py:3239} INFO - Sync 1 DAGs
[2026-01-21T05:22:13.294+0000] {logging_mixin.py:190} INFO - [2026-01-21T05:22:13.293+0000] {dag.py:4180} INFO - Setting next_dagrun for user_processing_dataset to 2026-01-20 00:00:00+00:00, run_after=2026-01-21 00:00:00+00:00
[2026-01-21T05:22:13.332+0000] {processor.py:208} INFO - Processing /opt/airflow/dags/dataset_user_processing.py took 1.089 seconds
[2026-01-21T05:22:43.616+0000] {processor.py:186} INFO - Started process (PID=1011) to work on /opt/airflow/dags/dataset_user_processing.py
[2026-01-21T05:22:43.619+0000] {processor.py:914} INFO - Processing file /opt/airflow/dags/dataset_user_processing.py for tasks to queue
[2026-01-21T05:22:43.625+0000] {logging_mixin.py:190} INFO - [2026-01-21T05:22:43.624+0000] {dagbag.py:588} INFO - Filling up the DagBag from /opt/airflow/dags/dataset_user_processing.py
[2026-01-21T05:22:44.632+0000] {processor.py:925} INFO - DAG(s) 'user_processing_dataset' retrieved from /opt/airflow/dags/dataset_user_processing.py
[2026-01-21T05:22:44.679+0000] {logging_mixin.py:190} INFO - [2026-01-21T05:22:44.678+0000] {dag.py:3239} INFO - Sync 1 DAGs
[2026-01-21T05:22:44.739+0000] {logging_mixin.py:190} INFO - [2026-01-21T05:22:44.738+0000] {dag.py:4180} INFO - Setting next_dagrun for user_processing_dataset to 2026-01-20 00:00:00+00:00, run_after=2026-01-21 00:00:00+00:00
[2026-01-21T05:22:44.836+0000] {processor.py:208} INFO - Processing /opt/airflow/dags/dataset_user_processing.py took 1.235 seconds
[2026-01-21T05:23:15.294+0000] {processor.py:186} INFO - Started process (PID=1035) to work on /opt/airflow/dags/dataset_user_processing.py
[2026-01-21T05:23:15.296+0000] {processor.py:914} INFO - Processing file /opt/airflow/dags/dataset_user_processing.py for tasks to queue
[2026-01-21T05:23:15.301+0000] {logging_mixin.py:190} INFO - [2026-01-21T05:23:15.300+0000] {dagbag.py:588} INFO - Filling up the DagBag from /opt/airflow/dags/dataset_user_processing.py
[2026-01-21T05:23:16.045+0000] {processor.py:925} INFO - DAG(s) 'user_processing_dataset' retrieved from /opt/airflow/dags/dataset_user_processing.py
[2026-01-21T05:23:16.077+0000] {logging_mixin.py:190} INFO - [2026-01-21T05:23:16.076+0000] {dag.py:3239} INFO - Sync 1 DAGs
[2026-01-21T05:23:16.110+0000] {logging_mixin.py:190} INFO - [2026-01-21T05:23:16.110+0000] {dag.py:4180} INFO - Setting next_dagrun for user_processing_dataset to 2026-01-20 00:00:00+00:00, run_after=2026-01-21 00:00:00+00:00
[2026-01-21T05:23:16.190+0000] {processor.py:208} INFO - Processing /opt/airflow/dags/dataset_user_processing.py took 0.908 seconds
[2026-01-21T05:23:46.911+0000] {processor.py:186} INFO - Started process (PID=1059) to work on /opt/airflow/dags/dataset_user_processing.py
[2026-01-21T05:23:46.914+0000] {processor.py:914} INFO - Processing file /opt/airflow/dags/dataset_user_processing.py for tasks to queue
[2026-01-21T05:23:46.921+0000] {logging_mixin.py:190} INFO - [2026-01-21T05:23:46.921+0000] {dagbag.py:588} INFO - Filling up the DagBag from /opt/airflow/dags/dataset_user_processing.py
[2026-01-21T05:23:47.802+0000] {processor.py:925} INFO - DAG(s) 'user_processing_dataset' retrieved from /opt/airflow/dags/dataset_user_processing.py
[2026-01-21T05:23:47.838+0000] {logging_mixin.py:190} INFO - [2026-01-21T05:23:47.837+0000] {dag.py:3239} INFO - Sync 1 DAGs
[2026-01-21T05:23:47.883+0000] {logging_mixin.py:190} INFO - [2026-01-21T05:23:47.882+0000] {dag.py:4180} INFO - Setting next_dagrun for user_processing_dataset to 2026-01-20 00:00:00+00:00, run_after=2026-01-21 00:00:00+00:00
[2026-01-21T05:23:47.920+0000] {processor.py:208} INFO - Processing /opt/airflow/dags/dataset_user_processing.py took 1.029 seconds
[2026-01-21T05:24:18.106+0000] {processor.py:186} INFO - Started process (PID=1083) to work on /opt/airflow/dags/dataset_user_processing.py
[2026-01-21T05:24:18.109+0000] {processor.py:914} INFO - Processing file /opt/airflow/dags/dataset_user_processing.py for tasks to queue
[2026-01-21T05:24:18.114+0000] {logging_mixin.py:190} INFO - [2026-01-21T05:24:18.114+0000] {dagbag.py:588} INFO - Filling up the DagBag from /opt/airflow/dags/dataset_user_processing.py
[2026-01-21T05:24:19.239+0000] {processor.py:925} INFO - DAG(s) 'user_processing_dataset' retrieved from /opt/airflow/dags/dataset_user_processing.py
[2026-01-21T05:24:19.328+0000] {logging_mixin.py:190} INFO - [2026-01-21T05:24:19.327+0000] {dag.py:3239} INFO - Sync 1 DAGs
[2026-01-21T05:24:19.400+0000] {logging_mixin.py:190} INFO - [2026-01-21T05:24:19.400+0000] {dag.py:4180} INFO - Setting next_dagrun for user_processing_dataset to 2026-01-20 00:00:00+00:00, run_after=2026-01-21 00:00:00+00:00
[2026-01-21T05:24:19.454+0000] {processor.py:208} INFO - Processing /opt/airflow/dags/dataset_user_processing.py took 1.362 seconds
[2026-01-21T05:24:50.387+0000] {processor.py:186} INFO - Started process (PID=1106) to work on /opt/airflow/dags/dataset_user_processing.py
[2026-01-21T05:24:50.390+0000] {processor.py:914} INFO - Processing file /opt/airflow/dags/dataset_user_processing.py for tasks to queue
[2026-01-21T05:24:50.396+0000] {logging_mixin.py:190} INFO - [2026-01-21T05:24:50.395+0000] {dagbag.py:588} INFO - Filling up the DagBag from /opt/airflow/dags/dataset_user_processing.py
[2026-01-21T05:24:51.380+0000] {processor.py:925} INFO - DAG(s) 'user_processing_dataset' retrieved from /opt/airflow/dags/dataset_user_processing.py
[2026-01-21T05:24:51.428+0000] {logging_mixin.py:190} INFO - [2026-01-21T05:24:51.426+0000] {dag.py:3239} INFO - Sync 1 DAGs
[2026-01-21T05:24:51.486+0000] {logging_mixin.py:190} INFO - [2026-01-21T05:24:51.486+0000] {dag.py:4180} INFO - Setting next_dagrun for user_processing_dataset to 2026-01-20 00:00:00+00:00, run_after=2026-01-21 00:00:00+00:00
[2026-01-21T05:24:51.528+0000] {processor.py:208} INFO - Processing /opt/airflow/dags/dataset_user_processing.py took 1.162 seconds
[2026-01-21T05:25:21.726+0000] {processor.py:186} INFO - Started process (PID=1131) to work on /opt/airflow/dags/dataset_user_processing.py
[2026-01-21T05:25:21.729+0000] {processor.py:914} INFO - Processing file /opt/airflow/dags/dataset_user_processing.py for tasks to queue
[2026-01-21T05:25:21.735+0000] {logging_mixin.py:190} INFO - [2026-01-21T05:25:21.734+0000] {dagbag.py:588} INFO - Filling up the DagBag from /opt/airflow/dags/dataset_user_processing.py
[2026-01-21T05:25:22.822+0000] {processor.py:925} INFO - DAG(s) 'user_processing_dataset' retrieved from /opt/airflow/dags/dataset_user_processing.py
[2026-01-21T05:25:22.869+0000] {logging_mixin.py:190} INFO - [2026-01-21T05:25:22.868+0000] {dag.py:3239} INFO - Sync 1 DAGs
[2026-01-21T05:25:22.922+0000] {logging_mixin.py:190} INFO - [2026-01-21T05:25:22.921+0000] {dag.py:4180} INFO - Setting next_dagrun for user_processing_dataset to 2026-01-20 00:00:00+00:00, run_after=2026-01-21 00:00:00+00:00
[2026-01-21T05:25:22.969+0000] {processor.py:208} INFO - Processing /opt/airflow/dags/dataset_user_processing.py took 1.260 seconds
[2026-01-21T05:25:53.295+0000] {processor.py:186} INFO - Started process (PID=1155) to work on /opt/airflow/dags/dataset_user_processing.py
[2026-01-21T05:25:53.297+0000] {processor.py:914} INFO - Processing file /opt/airflow/dags/dataset_user_processing.py for tasks to queue
[2026-01-21T05:25:53.303+0000] {logging_mixin.py:190} INFO - [2026-01-21T05:25:53.302+0000] {dagbag.py:588} INFO - Filling up the DagBag from /opt/airflow/dags/dataset_user_processing.py
[2026-01-21T05:25:54.132+0000] {processor.py:925} INFO - DAG(s) 'user_processing_dataset' retrieved from /opt/airflow/dags/dataset_user_processing.py
[2026-01-21T05:25:54.172+0000] {logging_mixin.py:190} INFO - [2026-01-21T05:25:54.171+0000] {dag.py:3239} INFO - Sync 1 DAGs
[2026-01-21T05:25:54.216+0000] {logging_mixin.py:190} INFO - [2026-01-21T05:25:54.216+0000] {dag.py:4180} INFO - Setting next_dagrun for user_processing_dataset to 2026-01-20 00:00:00+00:00, run_after=2026-01-21 00:00:00+00:00
[2026-01-21T05:25:54.299+0000] {processor.py:208} INFO - Processing /opt/airflow/dags/dataset_user_processing.py took 1.020 seconds
[2026-01-21T05:26:24.432+0000] {processor.py:186} INFO - Started process (PID=1179) to work on /opt/airflow/dags/dataset_user_processing.py
[2026-01-21T05:26:24.435+0000] {processor.py:914} INFO - Processing file /opt/airflow/dags/dataset_user_processing.py for tasks to queue
[2026-01-21T05:26:24.439+0000] {logging_mixin.py:190} INFO - [2026-01-21T05:26:24.439+0000] {dagbag.py:588} INFO - Filling up the DagBag from /opt/airflow/dags/dataset_user_processing.py
[2026-01-21T05:26:25.259+0000] {processor.py:925} INFO - DAG(s) 'user_processing_dataset' retrieved from /opt/airflow/dags/dataset_user_processing.py
[2026-01-21T05:26:25.300+0000] {logging_mixin.py:190} INFO - [2026-01-21T05:26:25.299+0000] {dag.py:3239} INFO - Sync 1 DAGs
[2026-01-21T05:26:25.349+0000] {logging_mixin.py:190} INFO - [2026-01-21T05:26:25.349+0000] {dag.py:4180} INFO - Setting next_dagrun for user_processing_dataset to 2026-01-20 00:00:00+00:00, run_after=2026-01-21 00:00:00+00:00
[2026-01-21T05:26:25.412+0000] {processor.py:208} INFO - Processing /opt/airflow/dags/dataset_user_processing.py took 0.994 seconds
[2026-01-21T05:26:55.776+0000] {processor.py:186} INFO - Started process (PID=1204) to work on /opt/airflow/dags/dataset_user_processing.py
[2026-01-21T05:26:55.778+0000] {processor.py:914} INFO - Processing file /opt/airflow/dags/dataset_user_processing.py for tasks to queue
[2026-01-21T05:26:55.782+0000] {logging_mixin.py:190} INFO - [2026-01-21T05:26:55.782+0000] {dagbag.py:588} INFO - Filling up the DagBag from /opt/airflow/dags/dataset_user_processing.py
[2026-01-21T05:26:56.605+0000] {processor.py:925} INFO - DAG(s) 'user_processing_dataset' retrieved from /opt/airflow/dags/dataset_user_processing.py
[2026-01-21T05:26:56.647+0000] {logging_mixin.py:190} INFO - [2026-01-21T05:26:56.646+0000] {dag.py:3239} INFO - Sync 1 DAGs
[2026-01-21T05:26:56.685+0000] {logging_mixin.py:190} INFO - [2026-01-21T05:26:56.684+0000] {dag.py:4180} INFO - Setting next_dagrun for user_processing_dataset to 2026-01-20 00:00:00+00:00, run_after=2026-01-21 00:00:00+00:00
[2026-01-21T05:26:56.726+0000] {processor.py:208} INFO - Processing /opt/airflow/dags/dataset_user_processing.py took 0.962 seconds
[2026-01-21T05:27:27.191+0000] {processor.py:186} INFO - Started process (PID=1227) to work on /opt/airflow/dags/dataset_user_processing.py
[2026-01-21T05:27:27.194+0000] {processor.py:914} INFO - Processing file /opt/airflow/dags/dataset_user_processing.py for tasks to queue
[2026-01-21T05:27:27.202+0000] {logging_mixin.py:190} INFO - [2026-01-21T05:27:27.201+0000] {dagbag.py:588} INFO - Filling up the DagBag from /opt/airflow/dags/dataset_user_processing.py
[2026-01-21T05:27:28.459+0000] {processor.py:925} INFO - DAG(s) 'user_processing_dataset' retrieved from /opt/airflow/dags/dataset_user_processing.py
[2026-01-21T05:27:28.522+0000] {logging_mixin.py:190} INFO - [2026-01-21T05:27:28.521+0000] {dag.py:3239} INFO - Sync 1 DAGs
[2026-01-21T05:27:28.581+0000] {logging_mixin.py:190} INFO - [2026-01-21T05:27:28.580+0000] {dag.py:4180} INFO - Setting next_dagrun for user_processing_dataset to 2026-01-20 00:00:00+00:00, run_after=2026-01-21 00:00:00+00:00
[2026-01-21T05:27:28.690+0000] {processor.py:208} INFO - Processing /opt/airflow/dags/dataset_user_processing.py took 1.523 seconds
[2026-01-21T05:27:59.215+0000] {processor.py:186} INFO - Started process (PID=1257) to work on /opt/airflow/dags/dataset_user_processing.py
[2026-01-21T05:27:59.246+0000] {processor.py:914} INFO - Processing file /opt/airflow/dags/dataset_user_processing.py for tasks to queue
[2026-01-21T05:27:59.254+0000] {logging_mixin.py:190} INFO - [2026-01-21T05:27:59.253+0000] {dagbag.py:588} INFO - Filling up the DagBag from /opt/airflow/dags/dataset_user_processing.py
[2026-01-21T05:28:00.460+0000] {processor.py:925} INFO - DAG(s) 'user_processing_dataset' retrieved from /opt/airflow/dags/dataset_user_processing.py
[2026-01-21T05:28:00.515+0000] {logging_mixin.py:190} INFO - [2026-01-21T05:28:00.514+0000] {dag.py:3239} INFO - Sync 1 DAGs
[2026-01-21T05:28:00.582+0000] {logging_mixin.py:190} INFO - [2026-01-21T05:28:00.581+0000] {dag.py:4180} INFO - Setting next_dagrun for user_processing_dataset to 2026-01-20 00:00:00+00:00, run_after=2026-01-21 00:00:00+00:00
[2026-01-21T05:28:00.659+0000] {processor.py:208} INFO - Processing /opt/airflow/dags/dataset_user_processing.py took 1.470 seconds
[2026-01-21T05:28:30.921+0000] {processor.py:186} INFO - Started process (PID=1280) to work on /opt/airflow/dags/dataset_user_processing.py
[2026-01-21T05:28:30.924+0000] {processor.py:914} INFO - Processing file /opt/airflow/dags/dataset_user_processing.py for tasks to queue
[2026-01-21T05:28:30.931+0000] {logging_mixin.py:190} INFO - [2026-01-21T05:28:30.930+0000] {dagbag.py:588} INFO - Filling up the DagBag from /opt/airflow/dags/dataset_user_processing.py
[2026-01-21T05:28:32.122+0000] {processor.py:925} INFO - DAG(s) 'user_processing_dataset' retrieved from /opt/airflow/dags/dataset_user_processing.py
[2026-01-21T05:28:32.180+0000] {logging_mixin.py:190} INFO - [2026-01-21T05:28:32.178+0000] {dag.py:3239} INFO - Sync 1 DAGs
[2026-01-21T05:28:32.239+0000] {logging_mixin.py:190} INFO - [2026-01-21T05:28:32.239+0000] {dag.py:4180} INFO - Setting next_dagrun for user_processing_dataset to 2026-01-20 00:00:00+00:00, run_after=2026-01-21 00:00:00+00:00
[2026-01-21T05:28:32.296+0000] {processor.py:208} INFO - Processing /opt/airflow/dags/dataset_user_processing.py took 1.395 seconds
[2026-01-21T05:29:03.060+0000] {processor.py:186} INFO - Started process (PID=1306) to work on /opt/airflow/dags/dataset_user_processing.py
[2026-01-21T05:29:03.062+0000] {processor.py:914} INFO - Processing file /opt/airflow/dags/dataset_user_processing.py for tasks to queue
[2026-01-21T05:29:03.069+0000] {logging_mixin.py:190} INFO - [2026-01-21T05:29:03.068+0000] {dagbag.py:588} INFO - Filling up the DagBag from /opt/airflow/dags/dataset_user_processing.py
[2026-01-21T05:29:04.216+0000] {processor.py:925} INFO - DAG(s) 'user_processing_dataset' retrieved from /opt/airflow/dags/dataset_user_processing.py
[2026-01-21T05:29:04.272+0000] {logging_mixin.py:190} INFO - [2026-01-21T05:29:04.270+0000] {dag.py:3239} INFO - Sync 1 DAGs
[2026-01-21T05:29:04.344+0000] {logging_mixin.py:190} INFO - [2026-01-21T05:29:04.343+0000] {dag.py:4180} INFO - Setting next_dagrun for user_processing_dataset to 2026-01-20 00:00:00+00:00, run_after=2026-01-21 00:00:00+00:00
[2026-01-21T05:29:04.444+0000] {processor.py:208} INFO - Processing /opt/airflow/dags/dataset_user_processing.py took 1.401 seconds
[2026-01-21T05:29:34.652+0000] {processor.py:186} INFO - Started process (PID=1330) to work on /opt/airflow/dags/dataset_user_processing.py
[2026-01-21T05:29:34.656+0000] {processor.py:914} INFO - Processing file /opt/airflow/dags/dataset_user_processing.py for tasks to queue
[2026-01-21T05:29:34.662+0000] {logging_mixin.py:190} INFO - [2026-01-21T05:29:34.661+0000] {dagbag.py:588} INFO - Filling up the DagBag from /opt/airflow/dags/dataset_user_processing.py
[2026-01-21T05:29:35.886+0000] {processor.py:925} INFO - DAG(s) 'user_processing_dataset' retrieved from /opt/airflow/dags/dataset_user_processing.py
[2026-01-21T05:29:35.942+0000] {logging_mixin.py:190} INFO - [2026-01-21T05:29:35.941+0000] {dag.py:3239} INFO - Sync 1 DAGs
[2026-01-21T05:29:36.004+0000] {logging_mixin.py:190} INFO - [2026-01-21T05:29:36.004+0000] {dag.py:4180} INFO - Setting next_dagrun for user_processing_dataset to 2026-01-20 00:00:00+00:00, run_after=2026-01-21 00:00:00+00:00
[2026-01-21T05:29:36.077+0000] {processor.py:208} INFO - Processing /opt/airflow/dags/dataset_user_processing.py took 1.442 seconds
[2026-01-21T05:30:06.273+0000] {processor.py:186} INFO - Started process (PID=1354) to work on /opt/airflow/dags/dataset_user_processing.py
[2026-01-21T05:30:06.275+0000] {processor.py:914} INFO - Processing file /opt/airflow/dags/dataset_user_processing.py for tasks to queue
[2026-01-21T05:30:06.282+0000] {logging_mixin.py:190} INFO - [2026-01-21T05:30:06.281+0000] {dagbag.py:588} INFO - Filling up the DagBag from /opt/airflow/dags/dataset_user_processing.py
[2026-01-21T05:30:07.512+0000] {processor.py:925} INFO - DAG(s) 'user_processing_dataset' retrieved from /opt/airflow/dags/dataset_user_processing.py
[2026-01-21T05:30:07.566+0000] {logging_mixin.py:190} INFO - [2026-01-21T05:30:07.565+0000] {dag.py:3239} INFO - Sync 1 DAGs
[2026-01-21T05:30:07.632+0000] {logging_mixin.py:190} INFO - [2026-01-21T05:30:07.631+0000] {dag.py:4180} INFO - Setting next_dagrun for user_processing_dataset to 2026-01-20 00:00:00+00:00, run_after=2026-01-21 00:00:00+00:00
[2026-01-21T05:30:07.685+0000] {processor.py:208} INFO - Processing /opt/airflow/dags/dataset_user_processing.py took 1.431 seconds
[2026-01-21T05:30:37.978+0000] {processor.py:186} INFO - Started process (PID=1378) to work on /opt/airflow/dags/dataset_user_processing.py
[2026-01-21T05:30:37.981+0000] {processor.py:914} INFO - Processing file /opt/airflow/dags/dataset_user_processing.py for tasks to queue
[2026-01-21T05:30:37.990+0000] {logging_mixin.py:190} INFO - [2026-01-21T05:30:37.989+0000] {dagbag.py:588} INFO - Filling up the DagBag from /opt/airflow/dags/dataset_user_processing.py
[2026-01-21T05:30:39.188+0000] {processor.py:925} INFO - DAG(s) 'user_processing_dataset' retrieved from /opt/airflow/dags/dataset_user_processing.py
[2026-01-21T05:30:39.244+0000] {logging_mixin.py:190} INFO - [2026-01-21T05:30:39.243+0000] {dag.py:3239} INFO - Sync 1 DAGs
[2026-01-21T05:30:39.307+0000] {logging_mixin.py:190} INFO - [2026-01-21T05:30:39.306+0000] {dag.py:4180} INFO - Setting next_dagrun for user_processing_dataset to 2026-01-20 00:00:00+00:00, run_after=2026-01-21 00:00:00+00:00
[2026-01-21T05:30:39.406+0000] {processor.py:208} INFO - Processing /opt/airflow/dags/dataset_user_processing.py took 1.448 seconds
[2026-01-21T05:31:09.526+0000] {processor.py:186} INFO - Started process (PID=1401) to work on /opt/airflow/dags/dataset_user_processing.py
[2026-01-21T05:31:09.530+0000] {processor.py:914} INFO - Processing file /opt/airflow/dags/dataset_user_processing.py for tasks to queue
[2026-01-21T05:31:09.540+0000] {logging_mixin.py:190} INFO - [2026-01-21T05:31:09.539+0000] {dagbag.py:588} INFO - Filling up the DagBag from /opt/airflow/dags/dataset_user_processing.py
[2026-01-21T05:31:10.921+0000] {processor.py:925} INFO - DAG(s) 'user_processing_dataset' retrieved from /opt/airflow/dags/dataset_user_processing.py
[2026-01-21T05:31:10.981+0000] {logging_mixin.py:190} INFO - [2026-01-21T05:31:10.979+0000] {dag.py:3239} INFO - Sync 1 DAGs
[2026-01-21T05:31:11.048+0000] {logging_mixin.py:190} INFO - [2026-01-21T05:31:11.048+0000] {dag.py:4180} INFO - Setting next_dagrun for user_processing_dataset to 2026-01-20 00:00:00+00:00, run_after=2026-01-21 00:00:00+00:00
[2026-01-21T05:31:11.136+0000] {processor.py:208} INFO - Processing /opt/airflow/dags/dataset_user_processing.py took 1.636 seconds
[2026-01-21T05:31:41.445+0000] {processor.py:186} INFO - Started process (PID=1425) to work on /opt/airflow/dags/dataset_user_processing.py
[2026-01-21T05:31:41.448+0000] {processor.py:914} INFO - Processing file /opt/airflow/dags/dataset_user_processing.py for tasks to queue
[2026-01-21T05:31:41.455+0000] {logging_mixin.py:190} INFO - [2026-01-21T05:31:41.454+0000] {dagbag.py:588} INFO - Filling up the DagBag from /opt/airflow/dags/dataset_user_processing.py
[2026-01-21T05:31:42.657+0000] {processor.py:925} INFO - DAG(s) 'user_processing_dataset' retrieved from /opt/airflow/dags/dataset_user_processing.py
[2026-01-21T05:31:42.723+0000] {logging_mixin.py:190} INFO - [2026-01-21T05:31:42.722+0000] {dag.py:3239} INFO - Sync 1 DAGs
[2026-01-21T05:31:42.795+0000] {logging_mixin.py:190} INFO - [2026-01-21T05:31:42.795+0000] {dag.py:4180} INFO - Setting next_dagrun for user_processing_dataset to 2026-01-20 00:00:00+00:00, run_after=2026-01-21 00:00:00+00:00
[2026-01-21T05:31:42.886+0000] {processor.py:208} INFO - Processing /opt/airflow/dags/dataset_user_processing.py took 1.461 seconds
[2026-01-21T05:32:13.307+0000] {processor.py:186} INFO - Started process (PID=1449) to work on /opt/airflow/dags/dataset_user_processing.py
[2026-01-21T05:32:13.310+0000] {processor.py:914} INFO - Processing file /opt/airflow/dags/dataset_user_processing.py for tasks to queue
[2026-01-21T05:32:13.316+0000] {logging_mixin.py:190} INFO - [2026-01-21T05:32:13.315+0000] {dagbag.py:588} INFO - Filling up the DagBag from /opt/airflow/dags/dataset_user_processing.py
[2026-01-21T05:32:14.593+0000] {processor.py:925} INFO - DAG(s) 'user_processing_dataset' retrieved from /opt/airflow/dags/dataset_user_processing.py
[2026-01-21T05:32:14.651+0000] {logging_mixin.py:190} INFO - [2026-01-21T05:32:14.649+0000] {dag.py:3239} INFO - Sync 1 DAGs
[2026-01-21T05:32:14.746+0000] {logging_mixin.py:190} INFO - [2026-01-21T05:32:14.745+0000] {dag.py:4180} INFO - Setting next_dagrun for user_processing_dataset to 2026-01-20 00:00:00+00:00, run_after=2026-01-21 00:00:00+00:00
[2026-01-21T05:32:14.815+0000] {processor.py:208} INFO - Processing /opt/airflow/dags/dataset_user_processing.py took 1.527 seconds
[2026-01-21T05:32:45.355+0000] {processor.py:186} INFO - Started process (PID=1472) to work on /opt/airflow/dags/dataset_user_processing.py
[2026-01-21T05:32:45.385+0000] {processor.py:914} INFO - Processing file /opt/airflow/dags/dataset_user_processing.py for tasks to queue
[2026-01-21T05:32:45.394+0000] {logging_mixin.py:190} INFO - [2026-01-21T05:32:45.393+0000] {dagbag.py:588} INFO - Filling up the DagBag from /opt/airflow/dags/dataset_user_processing.py
[2026-01-21T05:32:46.693+0000] {processor.py:925} INFO - DAG(s) 'user_processing_dataset' retrieved from /opt/airflow/dags/dataset_user_processing.py
[2026-01-21T05:32:46.756+0000] {logging_mixin.py:190} INFO - [2026-01-21T05:32:46.755+0000] {dag.py:3239} INFO - Sync 1 DAGs
[2026-01-21T05:32:46.823+0000] {logging_mixin.py:190} INFO - [2026-01-21T05:32:46.823+0000] {dag.py:4180} INFO - Setting next_dagrun for user_processing_dataset to 2026-01-20 00:00:00+00:00, run_after=2026-01-21 00:00:00+00:00
[2026-01-21T05:32:46.902+0000] {processor.py:208} INFO - Processing /opt/airflow/dags/dataset_user_processing.py took 1.569 seconds
[2026-01-21T05:33:17.416+0000] {processor.py:186} INFO - Started process (PID=1496) to work on /opt/airflow/dags/dataset_user_processing.py
[2026-01-21T05:33:17.420+0000] {processor.py:914} INFO - Processing file /opt/airflow/dags/dataset_user_processing.py for tasks to queue
[2026-01-21T05:33:17.427+0000] {logging_mixin.py:190} INFO - [2026-01-21T05:33:17.426+0000] {dagbag.py:588} INFO - Filling up the DagBag from /opt/airflow/dags/dataset_user_processing.py
[2026-01-21T05:33:18.689+0000] {processor.py:925} INFO - DAG(s) 'user_processing_dataset' retrieved from /opt/airflow/dags/dataset_user_processing.py
[2026-01-21T05:33:18.740+0000] {logging_mixin.py:190} INFO - [2026-01-21T05:33:18.739+0000] {dag.py:3239} INFO - Sync 1 DAGs
[2026-01-21T05:33:18.791+0000] {logging_mixin.py:190} INFO - [2026-01-21T05:33:18.790+0000] {dag.py:4180} INFO - Setting next_dagrun for user_processing_dataset to 2026-01-20 00:00:00+00:00, run_after=2026-01-21 00:00:00+00:00
[2026-01-21T05:33:18.890+0000] {processor.py:208} INFO - Processing /opt/airflow/dags/dataset_user_processing.py took 1.497 seconds
[2026-01-21T05:33:49.232+0000] {processor.py:186} INFO - Started process (PID=1520) to work on /opt/airflow/dags/dataset_user_processing.py
[2026-01-21T05:33:49.257+0000] {processor.py:914} INFO - Processing file /opt/airflow/dags/dataset_user_processing.py for tasks to queue
[2026-01-21T05:33:49.270+0000] {logging_mixin.py:190} INFO - [2026-01-21T05:33:49.268+0000] {dagbag.py:588} INFO - Filling up the DagBag from /opt/airflow/dags/dataset_user_processing.py
[2026-01-21T05:33:50.588+0000] {processor.py:925} INFO - DAG(s) 'user_processing_dataset' retrieved from /opt/airflow/dags/dataset_user_processing.py
[2026-01-21T05:33:50.650+0000] {logging_mixin.py:190} INFO - [2026-01-21T05:33:50.648+0000] {dag.py:3239} INFO - Sync 1 DAGs
[2026-01-21T05:33:50.720+0000] {logging_mixin.py:190} INFO - [2026-01-21T05:33:50.719+0000] {dag.py:4180} INFO - Setting next_dagrun for user_processing_dataset to 2026-01-20 00:00:00+00:00, run_after=2026-01-21 00:00:00+00:00
[2026-01-21T05:33:50.822+0000] {processor.py:208} INFO - Processing /opt/airflow/dags/dataset_user_processing.py took 1.617 seconds
[2026-01-21T05:34:21.290+0000] {processor.py:186} INFO - Started process (PID=1543) to work on /opt/airflow/dags/dataset_user_processing.py
[2026-01-21T05:34:21.293+0000] {processor.py:914} INFO - Processing file /opt/airflow/dags/dataset_user_processing.py for tasks to queue
[2026-01-21T05:34:21.301+0000] {logging_mixin.py:190} INFO - [2026-01-21T05:34:21.300+0000] {dagbag.py:588} INFO - Filling up the DagBag from /opt/airflow/dags/dataset_user_processing.py
[2026-01-21T05:34:22.038+0000] {processor.py:925} INFO - DAG(s) 'user_processing_dataset' retrieved from /opt/airflow/dags/dataset_user_processing.py
[2026-01-21T05:34:22.076+0000] {logging_mixin.py:190} INFO - [2026-01-21T05:34:22.075+0000] {dag.py:3239} INFO - Sync 1 DAGs
[2026-01-21T05:34:22.128+0000] {logging_mixin.py:190} INFO - [2026-01-21T05:34:22.127+0000] {dag.py:4180} INFO - Setting next_dagrun for user_processing_dataset to 2026-01-20 00:00:00+00:00, run_after=2026-01-21 00:00:00+00:00
[2026-01-21T05:34:22.197+0000] {processor.py:208} INFO - Processing /opt/airflow/dags/dataset_user_processing.py took 0.924 seconds
[2026-01-21T05:34:52.350+0000] {processor.py:186} INFO - Started process (PID=1567) to work on /opt/airflow/dags/dataset_user_processing.py
[2026-01-21T05:34:52.353+0000] {processor.py:914} INFO - Processing file /opt/airflow/dags/dataset_user_processing.py for tasks to queue
[2026-01-21T05:34:52.357+0000] {logging_mixin.py:190} INFO - [2026-01-21T05:34:52.357+0000] {dagbag.py:588} INFO - Filling up the DagBag from /opt/airflow/dags/dataset_user_processing.py
[2026-01-21T05:34:53.136+0000] {processor.py:925} INFO - DAG(s) 'user_processing_dataset' retrieved from /opt/airflow/dags/dataset_user_processing.py
[2026-01-21T05:34:53.179+0000] {logging_mixin.py:190} INFO - [2026-01-21T05:34:53.178+0000] {dag.py:3239} INFO - Sync 1 DAGs
[2026-01-21T05:34:53.212+0000] {logging_mixin.py:190} INFO - [2026-01-21T05:34:53.212+0000] {dag.py:4180} INFO - Setting next_dagrun for user_processing_dataset to 2026-01-20 00:00:00+00:00, run_after=2026-01-21 00:00:00+00:00
[2026-01-21T05:34:53.300+0000] {processor.py:208} INFO - Processing /opt/airflow/dags/dataset_user_processing.py took 0.962 seconds
[2026-01-21T05:35:23.480+0000] {processor.py:186} INFO - Started process (PID=1591) to work on /opt/airflow/dags/dataset_user_processing.py
[2026-01-21T05:35:23.482+0000] {processor.py:914} INFO - Processing file /opt/airflow/dags/dataset_user_processing.py for tasks to queue
[2026-01-21T05:35:23.487+0000] {logging_mixin.py:190} INFO - [2026-01-21T05:35:23.486+0000] {dagbag.py:588} INFO - Filling up the DagBag from /opt/airflow/dags/dataset_user_processing.py
[2026-01-21T05:35:24.332+0000] {processor.py:925} INFO - DAG(s) 'user_processing_dataset' retrieved from /opt/airflow/dags/dataset_user_processing.py
[2026-01-21T05:35:24.366+0000] {logging_mixin.py:190} INFO - [2026-01-21T05:35:24.366+0000] {dag.py:3239} INFO - Sync 1 DAGs
[2026-01-21T05:35:24.403+0000] {logging_mixin.py:190} INFO - [2026-01-21T05:35:24.402+0000] {dag.py:4180} INFO - Setting next_dagrun for user_processing_dataset to 2026-01-20 00:00:00+00:00, run_after=2026-01-21 00:00:00+00:00
[2026-01-21T05:35:24.476+0000] {processor.py:208} INFO - Processing /opt/airflow/dags/dataset_user_processing.py took 1.013 seconds
[2026-01-21T05:35:54.655+0000] {processor.py:186} INFO - Started process (PID=1615) to work on /opt/airflow/dags/dataset_user_processing.py
[2026-01-21T05:35:54.657+0000] {processor.py:914} INFO - Processing file /opt/airflow/dags/dataset_user_processing.py for tasks to queue
[2026-01-21T05:35:54.662+0000] {logging_mixin.py:190} INFO - [2026-01-21T05:35:54.661+0000] {dagbag.py:588} INFO - Filling up the DagBag from /opt/airflow/dags/dataset_user_processing.py
[2026-01-21T05:35:55.434+0000] {processor.py:925} INFO - DAG(s) 'user_processing_dataset' retrieved from /opt/airflow/dags/dataset_user_processing.py
[2026-01-21T05:35:55.479+0000] {logging_mixin.py:190} INFO - [2026-01-21T05:35:55.478+0000] {dag.py:3239} INFO - Sync 1 DAGs
[2026-01-21T05:35:55.518+0000] {logging_mixin.py:190} INFO - [2026-01-21T05:35:55.517+0000] {dag.py:4180} INFO - Setting next_dagrun for user_processing_dataset to 2026-01-20 00:00:00+00:00, run_after=2026-01-21 00:00:00+00:00
[2026-01-21T05:35:55.568+0000] {processor.py:208} INFO - Processing /opt/airflow/dags/dataset_user_processing.py took 0.931 seconds
[2026-01-21T05:36:26.072+0000] {processor.py:186} INFO - Started process (PID=1639) to work on /opt/airflow/dags/dataset_user_processing.py
[2026-01-21T05:36:26.073+0000] {processor.py:914} INFO - Processing file /opt/airflow/dags/dataset_user_processing.py for tasks to queue
[2026-01-21T05:36:26.077+0000] {logging_mixin.py:190} INFO - [2026-01-21T05:36:26.077+0000] {dagbag.py:588} INFO - Filling up the DagBag from /opt/airflow/dags/dataset_user_processing.py
[2026-01-21T05:36:26.803+0000] {processor.py:925} INFO - DAG(s) 'user_processing_dataset' retrieved from /opt/airflow/dags/dataset_user_processing.py
[2026-01-21T05:36:26.846+0000] {logging_mixin.py:190} INFO - [2026-01-21T05:36:26.845+0000] {dag.py:3239} INFO - Sync 1 DAGs
[2026-01-21T05:36:26.884+0000] {logging_mixin.py:190} INFO - [2026-01-21T05:36:26.884+0000] {dag.py:4180} INFO - Setting next_dagrun for user_processing_dataset to 2026-01-20 00:00:00+00:00, run_after=2026-01-21 00:00:00+00:00
[2026-01-21T05:36:26.964+0000] {processor.py:208} INFO - Processing /opt/airflow/dags/dataset_user_processing.py took 0.905 seconds
[2026-01-21T05:36:57.470+0000] {processor.py:186} INFO - Started process (PID=1663) to work on /opt/airflow/dags/dataset_user_processing.py
[2026-01-21T05:36:57.472+0000] {processor.py:914} INFO - Processing file /opt/airflow/dags/dataset_user_processing.py for tasks to queue
[2026-01-21T05:36:57.477+0000] {logging_mixin.py:190} INFO - [2026-01-21T05:36:57.476+0000] {dagbag.py:588} INFO - Filling up the DagBag from /opt/airflow/dags/dataset_user_processing.py
[2026-01-21T05:36:58.331+0000] {processor.py:925} INFO - DAG(s) 'user_processing_dataset' retrieved from /opt/airflow/dags/dataset_user_processing.py
[2026-01-21T05:36:58.367+0000] {logging_mixin.py:190} INFO - [2026-01-21T05:36:58.366+0000] {dag.py:3239} INFO - Sync 1 DAGs
[2026-01-21T05:36:58.401+0000] {logging_mixin.py:190} INFO - [2026-01-21T05:36:58.400+0000] {dag.py:4180} INFO - Setting next_dagrun for user_processing_dataset to 2026-01-20 00:00:00+00:00, run_after=2026-01-21 00:00:00+00:00
[2026-01-21T05:36:58.448+0000] {processor.py:208} INFO - Processing /opt/airflow/dags/dataset_user_processing.py took 0.993 seconds
[2026-01-21T05:37:28.588+0000] {processor.py:186} INFO - Started process (PID=1688) to work on /opt/airflow/dags/dataset_user_processing.py
[2026-01-21T05:37:28.592+0000] {processor.py:914} INFO - Processing file /opt/airflow/dags/dataset_user_processing.py for tasks to queue
[2026-01-21T05:37:28.602+0000] {logging_mixin.py:190} INFO - [2026-01-21T05:37:28.598+0000] {dagbag.py:588} INFO - Filling up the DagBag from /opt/airflow/dags/dataset_user_processing.py
[2026-01-21T05:37:29.294+0000] {processor.py:925} INFO - DAG(s) 'user_processing_dataset' retrieved from /opt/airflow/dags/dataset_user_processing.py
[2026-01-21T05:37:29.327+0000] {logging_mixin.py:190} INFO - [2026-01-21T05:37:29.326+0000] {dag.py:3239} INFO - Sync 1 DAGs
[2026-01-21T05:37:29.366+0000] {logging_mixin.py:190} INFO - [2026-01-21T05:37:29.365+0000] {dag.py:4180} INFO - Setting next_dagrun for user_processing_dataset to 2026-01-20 00:00:00+00:00, run_after=2026-01-21 00:00:00+00:00
[2026-01-21T05:37:29.412+0000] {processor.py:208} INFO - Processing /opt/airflow/dags/dataset_user_processing.py took 0.853 seconds
[2026-01-21T05:37:59.624+0000] {processor.py:186} INFO - Started process (PID=1712) to work on /opt/airflow/dags/dataset_user_processing.py
[2026-01-21T05:37:59.626+0000] {processor.py:914} INFO - Processing file /opt/airflow/dags/dataset_user_processing.py for tasks to queue
[2026-01-21T05:37:59.632+0000] {logging_mixin.py:190} INFO - [2026-01-21T05:37:59.631+0000] {dagbag.py:588} INFO - Filling up the DagBag from /opt/airflow/dags/dataset_user_processing.py
[2026-01-21T05:38:00.356+0000] {processor.py:925} INFO - DAG(s) 'user_processing_dataset' retrieved from /opt/airflow/dags/dataset_user_processing.py
[2026-01-21T05:38:00.393+0000] {logging_mixin.py:190} INFO - [2026-01-21T05:38:00.393+0000] {dag.py:3239} INFO - Sync 1 DAGs
[2026-01-21T05:38:00.430+0000] {logging_mixin.py:190} INFO - [2026-01-21T05:38:00.430+0000] {dag.py:4180} INFO - Setting next_dagrun for user_processing_dataset to 2026-01-20 00:00:00+00:00, run_after=2026-01-21 00:00:00+00:00
[2026-01-21T05:38:00.475+0000] {processor.py:208} INFO - Processing /opt/airflow/dags/dataset_user_processing.py took 0.867 seconds
[2026-01-21T05:38:31.048+0000] {processor.py:186} INFO - Started process (PID=1735) to work on /opt/airflow/dags/dataset_user_processing.py
[2026-01-21T05:38:31.051+0000] {processor.py:914} INFO - Processing file /opt/airflow/dags/dataset_user_processing.py for tasks to queue
[2026-01-21T05:38:31.058+0000] {logging_mixin.py:190} INFO - [2026-01-21T05:38:31.057+0000] {dagbag.py:588} INFO - Filling up the DagBag from /opt/airflow/dags/dataset_user_processing.py
[2026-01-21T05:38:32.213+0000] {processor.py:925} INFO - DAG(s) 'user_processing_dataset' retrieved from /opt/airflow/dags/dataset_user_processing.py
[2026-01-21T05:38:32.273+0000] {logging_mixin.py:190} INFO - [2026-01-21T05:38:32.271+0000] {dag.py:3239} INFO - Sync 1 DAGs
[2026-01-21T05:38:32.383+0000] {logging_mixin.py:190} INFO - [2026-01-21T05:38:32.382+0000] {dag.py:4180} INFO - Setting next_dagrun for user_processing_dataset to 2026-01-20 00:00:00+00:00, run_after=2026-01-21 00:00:00+00:00
[2026-01-21T05:38:32.448+0000] {processor.py:208} INFO - Processing /opt/airflow/dags/dataset_user_processing.py took 1.417 seconds
[2026-01-21T05:39:02.917+0000] {processor.py:186} INFO - Started process (PID=1765) to work on /opt/airflow/dags/dataset_user_processing.py
[2026-01-21T05:39:02.919+0000] {processor.py:914} INFO - Processing file /opt/airflow/dags/dataset_user_processing.py for tasks to queue
[2026-01-21T05:39:02.926+0000] {logging_mixin.py:190} INFO - [2026-01-21T05:39:02.925+0000] {dagbag.py:588} INFO - Filling up the DagBag from /opt/airflow/dags/dataset_user_processing.py
[2026-01-21T05:39:04.114+0000] {processor.py:925} INFO - DAG(s) 'user_processing_dataset' retrieved from /opt/airflow/dags/dataset_user_processing.py
[2026-01-21T05:39:04.176+0000] {logging_mixin.py:190} INFO - [2026-01-21T05:39:04.175+0000] {dag.py:3239} INFO - Sync 1 DAGs
[2026-01-21T05:39:04.240+0000] {logging_mixin.py:190} INFO - [2026-01-21T05:39:04.239+0000] {dag.py:4180} INFO - Setting next_dagrun for user_processing_dataset to 2026-01-20 00:00:00+00:00, run_after=2026-01-21 00:00:00+00:00
[2026-01-21T05:39:04.298+0000] {processor.py:208} INFO - Processing /opt/airflow/dags/dataset_user_processing.py took 1.403 seconds
[2026-01-21T05:39:34.826+0000] {processor.py:186} INFO - Started process (PID=1790) to work on /opt/airflow/dags/dataset_user_processing.py
[2026-01-21T05:39:34.830+0000] {processor.py:914} INFO - Processing file /opt/airflow/dags/dataset_user_processing.py for tasks to queue
[2026-01-21T05:39:34.839+0000] {logging_mixin.py:190} INFO - [2026-01-21T05:39:34.838+0000] {dagbag.py:588} INFO - Filling up the DagBag from /opt/airflow/dags/dataset_user_processing.py
[2026-01-21T05:39:36.102+0000] {processor.py:925} INFO - DAG(s) 'user_processing_dataset' retrieved from /opt/airflow/dags/dataset_user_processing.py
[2026-01-21T05:39:36.159+0000] {logging_mixin.py:190} INFO - [2026-01-21T05:39:36.157+0000] {dag.py:3239} INFO - Sync 1 DAGs
[2026-01-21T05:39:36.219+0000] {logging_mixin.py:190} INFO - [2026-01-21T05:39:36.218+0000] {dag.py:4180} INFO - Setting next_dagrun for user_processing_dataset to 2026-01-20 00:00:00+00:00, run_after=2026-01-21 00:00:00+00:00
[2026-01-21T05:39:36.281+0000] {processor.py:208} INFO - Processing /opt/airflow/dags/dataset_user_processing.py took 1.477 seconds
[2026-01-21T05:40:07.225+0000] {processor.py:186} INFO - Started process (PID=1816) to work on /opt/airflow/dags/dataset_user_processing.py
[2026-01-21T05:40:07.228+0000] {processor.py:914} INFO - Processing file /opt/airflow/dags/dataset_user_processing.py for tasks to queue
[2026-01-21T05:40:07.236+0000] {logging_mixin.py:190} INFO - [2026-01-21T05:40:07.234+0000] {dagbag.py:588} INFO - Filling up the DagBag from /opt/airflow/dags/dataset_user_processing.py
[2026-01-21T05:40:08.541+0000] {processor.py:925} INFO - DAG(s) 'user_processing_dataset' retrieved from /opt/airflow/dags/dataset_user_processing.py
[2026-01-21T05:40:08.599+0000] {logging_mixin.py:190} INFO - [2026-01-21T05:40:08.598+0000] {dag.py:3239} INFO - Sync 1 DAGs
[2026-01-21T05:40:08.661+0000] {logging_mixin.py:190} INFO - [2026-01-21T05:40:08.660+0000] {dag.py:4180} INFO - Setting next_dagrun for user_processing_dataset to 2026-01-20 00:00:00+00:00, run_after=2026-01-21 00:00:00+00:00
[2026-01-21T05:40:08.765+0000] {processor.py:208} INFO - Processing /opt/airflow/dags/dataset_user_processing.py took 1.562 seconds
[2026-01-21T05:40:39.543+0000] {processor.py:186} INFO - Started process (PID=1840) to work on /opt/airflow/dags/dataset_user_processing.py
[2026-01-21T05:40:39.545+0000] {processor.py:914} INFO - Processing file /opt/airflow/dags/dataset_user_processing.py for tasks to queue
[2026-01-21T05:40:39.552+0000] {logging_mixin.py:190} INFO - [2026-01-21T05:40:39.552+0000] {dagbag.py:588} INFO - Filling up the DagBag from /opt/airflow/dags/dataset_user_processing.py
[2026-01-21T05:40:40.770+0000] {processor.py:925} INFO - DAG(s) 'user_processing_dataset' retrieved from /opt/airflow/dags/dataset_user_processing.py
[2026-01-21T05:40:40.832+0000] {logging_mixin.py:190} INFO - [2026-01-21T05:40:40.831+0000] {dag.py:3239} INFO - Sync 1 DAGs
[2026-01-21T05:40:40.896+0000] {logging_mixin.py:190} INFO - [2026-01-21T05:40:40.896+0000] {dag.py:4180} INFO - Setting next_dagrun for user_processing_dataset to 2026-01-20 00:00:00+00:00, run_after=2026-01-21 00:00:00+00:00
[2026-01-21T05:40:40.953+0000] {processor.py:208} INFO - Processing /opt/airflow/dags/dataset_user_processing.py took 1.429 seconds
[2026-01-21T05:41:11.062+0000] {processor.py:186} INFO - Started process (PID=1863) to work on /opt/airflow/dags/dataset_user_processing.py
[2026-01-21T05:41:11.064+0000] {processor.py:914} INFO - Processing file /opt/airflow/dags/dataset_user_processing.py for tasks to queue
[2026-01-21T05:41:11.070+0000] {logging_mixin.py:190} INFO - [2026-01-21T05:41:11.070+0000] {dagbag.py:588} INFO - Filling up the DagBag from /opt/airflow/dags/dataset_user_processing.py
[2026-01-21T05:41:12.270+0000] {processor.py:925} INFO - DAG(s) 'user_processing_dataset' retrieved from /opt/airflow/dags/dataset_user_processing.py
[2026-01-21T05:41:12.337+0000] {logging_mixin.py:190} INFO - [2026-01-21T05:41:12.336+0000] {dag.py:3239} INFO - Sync 1 DAGs
[2026-01-21T05:41:12.405+0000] {logging_mixin.py:190} INFO - [2026-01-21T05:41:12.404+0000] {dag.py:4180} INFO - Setting next_dagrun for user_processing_dataset to 2026-01-20 00:00:00+00:00, run_after=2026-01-21 00:00:00+00:00
[2026-01-21T05:41:12.509+0000] {processor.py:208} INFO - Processing /opt/airflow/dags/dataset_user_processing.py took 1.465 seconds
[2026-01-21T05:41:42.848+0000] {processor.py:186} INFO - Started process (PID=1887) to work on /opt/airflow/dags/dataset_user_processing.py
[2026-01-21T05:41:42.850+0000] {processor.py:914} INFO - Processing file /opt/airflow/dags/dataset_user_processing.py for tasks to queue
[2026-01-21T05:41:42.857+0000] {logging_mixin.py:190} INFO - [2026-01-21T05:41:42.856+0000] {dagbag.py:588} INFO - Filling up the DagBag from /opt/airflow/dags/dataset_user_processing.py
[2026-01-21T05:41:44.037+0000] {processor.py:925} INFO - DAG(s) 'user_processing_dataset' retrieved from /opt/airflow/dags/dataset_user_processing.py
[2026-01-21T05:41:44.092+0000] {logging_mixin.py:190} INFO - [2026-01-21T05:41:44.090+0000] {dag.py:3239} INFO - Sync 1 DAGs
[2026-01-21T05:41:44.154+0000] {logging_mixin.py:190} INFO - [2026-01-21T05:41:44.154+0000] {dag.py:4180} INFO - Setting next_dagrun for user_processing_dataset to 2026-01-20 00:00:00+00:00, run_after=2026-01-21 00:00:00+00:00
[2026-01-21T05:41:44.264+0000] {processor.py:208} INFO - Processing /opt/airflow/dags/dataset_user_processing.py took 1.435 seconds
[2026-01-21T05:42:15.151+0000] {processor.py:186} INFO - Started process (PID=1911) to work on /opt/airflow/dags/dataset_user_processing.py
[2026-01-21T05:42:15.154+0000] {processor.py:914} INFO - Processing file /opt/airflow/dags/dataset_user_processing.py for tasks to queue
[2026-01-21T05:42:15.161+0000] {logging_mixin.py:190} INFO - [2026-01-21T05:42:15.160+0000] {dagbag.py:588} INFO - Filling up the DagBag from /opt/airflow/dags/dataset_user_processing.py
[2026-01-21T05:42:16.384+0000] {processor.py:925} INFO - DAG(s) 'user_processing_dataset' retrieved from /opt/airflow/dags/dataset_user_processing.py
[2026-01-21T05:42:16.439+0000] {logging_mixin.py:190} INFO - [2026-01-21T05:42:16.437+0000] {dag.py:3239} INFO - Sync 1 DAGs
[2026-01-21T05:42:16.505+0000] {logging_mixin.py:190} INFO - [2026-01-21T05:42:16.504+0000] {dag.py:4180} INFO - Setting next_dagrun for user_processing_dataset to 2026-01-20 00:00:00+00:00, run_after=2026-01-21 00:00:00+00:00
[2026-01-21T05:42:16.610+0000] {processor.py:208} INFO - Processing /opt/airflow/dags/dataset_user_processing.py took 1.479 seconds
[2026-01-21T05:42:47.513+0000] {processor.py:186} INFO - Started process (PID=1935) to work on /opt/airflow/dags/dataset_user_processing.py
[2026-01-21T05:42:47.516+0000] {processor.py:914} INFO - Processing file /opt/airflow/dags/dataset_user_processing.py for tasks to queue
[2026-01-21T05:42:47.524+0000] {logging_mixin.py:190} INFO - [2026-01-21T05:42:47.523+0000] {dagbag.py:588} INFO - Filling up the DagBag from /opt/airflow/dags/dataset_user_processing.py
[2026-01-21T05:42:48.698+0000] {processor.py:925} INFO - DAG(s) 'user_processing_dataset' retrieved from /opt/airflow/dags/dataset_user_processing.py
[2026-01-21T05:42:48.780+0000] {logging_mixin.py:190} INFO - [2026-01-21T05:42:48.778+0000] {dag.py:3239} INFO - Sync 1 DAGs
[2026-01-21T05:42:48.863+0000] {logging_mixin.py:190} INFO - [2026-01-21T05:42:48.863+0000] {dag.py:4180} INFO - Setting next_dagrun for user_processing_dataset to 2026-01-20 00:00:00+00:00, run_after=2026-01-21 00:00:00+00:00
[2026-01-21T05:42:48.915+0000] {processor.py:208} INFO - Processing /opt/airflow/dags/dataset_user_processing.py took 1.422 seconds
[2026-01-21T05:43:19.663+0000] {processor.py:186} INFO - Started process (PID=1959) to work on /opt/airflow/dags/dataset_user_processing.py
[2026-01-21T05:43:19.666+0000] {processor.py:914} INFO - Processing file /opt/airflow/dags/dataset_user_processing.py for tasks to queue
[2026-01-21T05:43:19.672+0000] {logging_mixin.py:190} INFO - [2026-01-21T05:43:19.672+0000] {dagbag.py:588} INFO - Filling up the DagBag from /opt/airflow/dags/dataset_user_processing.py
[2026-01-21T05:43:20.889+0000] {processor.py:925} INFO - DAG(s) 'user_processing_dataset' retrieved from /opt/airflow/dags/dataset_user_processing.py
[2026-01-21T05:43:20.948+0000] {logging_mixin.py:190} INFO - [2026-01-21T05:43:20.947+0000] {dag.py:3239} INFO - Sync 1 DAGs
[2026-01-21T05:43:21.007+0000] {logging_mixin.py:190} INFO - [2026-01-21T05:43:21.007+0000] {dag.py:4180} INFO - Setting next_dagrun for user_processing_dataset to 2026-01-20 00:00:00+00:00, run_after=2026-01-21 00:00:00+00:00
[2026-01-21T05:43:21.062+0000] {processor.py:208} INFO - Processing /opt/airflow/dags/dataset_user_processing.py took 1.417 seconds
[2026-01-21T05:43:51.517+0000] {processor.py:186} INFO - Started process (PID=1983) to work on /opt/airflow/dags/dataset_user_processing.py
[2026-01-21T05:43:51.520+0000] {processor.py:914} INFO - Processing file /opt/airflow/dags/dataset_user_processing.py for tasks to queue
[2026-01-21T05:43:51.526+0000] {logging_mixin.py:190} INFO - [2026-01-21T05:43:51.525+0000] {dagbag.py:588} INFO - Filling up the DagBag from /opt/airflow/dags/dataset_user_processing.py
[2026-01-21T05:43:52.763+0000] {processor.py:925} INFO - DAG(s) 'user_processing_dataset' retrieved from /opt/airflow/dags/dataset_user_processing.py
[2026-01-21T05:43:52.829+0000] {logging_mixin.py:190} INFO - [2026-01-21T05:43:52.827+0000] {dag.py:3239} INFO - Sync 1 DAGs
[2026-01-21T05:43:52.911+0000] {logging_mixin.py:190} INFO - [2026-01-21T05:43:52.910+0000] {dag.py:4180} INFO - Setting next_dagrun for user_processing_dataset to 2026-01-20 00:00:00+00:00, run_after=2026-01-21 00:00:00+00:00
[2026-01-21T05:43:53.005+0000] {processor.py:208} INFO - Processing /opt/airflow/dags/dataset_user_processing.py took 1.507 seconds
[2026-01-21T05:44:23.116+0000] {processor.py:186} INFO - Started process (PID=2007) to work on /opt/airflow/dags/dataset_user_processing.py
[2026-01-21T05:44:23.119+0000] {processor.py:914} INFO - Processing file /opt/airflow/dags/dataset_user_processing.py for tasks to queue
[2026-01-21T05:44:23.125+0000] {logging_mixin.py:190} INFO - [2026-01-21T05:44:23.124+0000] {dagbag.py:588} INFO - Filling up the DagBag from /opt/airflow/dags/dataset_user_processing.py
[2026-01-21T05:44:24.305+0000] {processor.py:925} INFO - DAG(s) 'user_processing_dataset' retrieved from /opt/airflow/dags/dataset_user_processing.py
[2026-01-21T05:44:24.367+0000] {logging_mixin.py:190} INFO - [2026-01-21T05:44:24.366+0000] {dag.py:3239} INFO - Sync 1 DAGs
[2026-01-21T05:44:24.445+0000] {logging_mixin.py:190} INFO - [2026-01-21T05:44:24.444+0000] {dag.py:4180} INFO - Setting next_dagrun for user_processing_dataset to 2026-01-20 00:00:00+00:00, run_after=2026-01-21 00:00:00+00:00
[2026-01-21T05:44:24.506+0000] {processor.py:208} INFO - Processing /opt/airflow/dags/dataset_user_processing.py took 1.407 seconds
[2026-01-21T05:44:54.717+0000] {processor.py:186} INFO - Started process (PID=2031) to work on /opt/airflow/dags/dataset_user_processing.py
[2026-01-21T05:44:54.720+0000] {processor.py:914} INFO - Processing file /opt/airflow/dags/dataset_user_processing.py for tasks to queue
[2026-01-21T05:44:54.727+0000] {logging_mixin.py:190} INFO - [2026-01-21T05:44:54.726+0000] {dagbag.py:588} INFO - Filling up the DagBag from /opt/airflow/dags/dataset_user_processing.py
[2026-01-21T05:44:55.864+0000] {processor.py:925} INFO - DAG(s) 'user_processing_dataset' retrieved from /opt/airflow/dags/dataset_user_processing.py
[2026-01-21T05:44:55.925+0000] {logging_mixin.py:190} INFO - [2026-01-21T05:44:55.924+0000] {dag.py:3239} INFO - Sync 1 DAGs
[2026-01-21T05:44:55.983+0000] {logging_mixin.py:190} INFO - [2026-01-21T05:44:55.983+0000] {dag.py:4180} INFO - Setting next_dagrun for user_processing_dataset to 2026-01-20 00:00:00+00:00, run_after=2026-01-21 00:00:00+00:00
[2026-01-21T05:44:56.075+0000] {processor.py:208} INFO - Processing /opt/airflow/dags/dataset_user_processing.py took 1.379 seconds
[2026-01-21T05:45:26.282+0000] {processor.py:186} INFO - Started process (PID=2056) to work on /opt/airflow/dags/dataset_user_processing.py
[2026-01-21T05:45:26.285+0000] {processor.py:914} INFO - Processing file /opt/airflow/dags/dataset_user_processing.py for tasks to queue
[2026-01-21T05:45:26.292+0000] {logging_mixin.py:190} INFO - [2026-01-21T05:45:26.291+0000] {dagbag.py:588} INFO - Filling up the DagBag from /opt/airflow/dags/dataset_user_processing.py
[2026-01-21T05:45:27.549+0000] {processor.py:925} INFO - DAG(s) 'user_processing_dataset' retrieved from /opt/airflow/dags/dataset_user_processing.py
[2026-01-21T05:45:27.616+0000] {logging_mixin.py:190} INFO - [2026-01-21T05:45:27.615+0000] {dag.py:3239} INFO - Sync 1 DAGs
[2026-01-21T05:45:27.675+0000] {logging_mixin.py:190} INFO - [2026-01-21T05:45:27.675+0000] {dag.py:4180} INFO - Setting next_dagrun for user_processing_dataset to 2026-01-20 00:00:00+00:00, run_after=2026-01-21 00:00:00+00:00
[2026-01-21T05:45:27.749+0000] {processor.py:208} INFO - Processing /opt/airflow/dags/dataset_user_processing.py took 1.486 seconds
[2026-01-21T05:45:58.225+0000] {processor.py:186} INFO - Started process (PID=2080) to work on /opt/airflow/dags/dataset_user_processing.py
[2026-01-21T05:45:58.228+0000] {processor.py:914} INFO - Processing file /opt/airflow/dags/dataset_user_processing.py for tasks to queue
[2026-01-21T05:45:58.235+0000] {logging_mixin.py:190} INFO - [2026-01-21T05:45:58.234+0000] {dagbag.py:588} INFO - Filling up the DagBag from /opt/airflow/dags/dataset_user_processing.py
[2026-01-21T05:45:59.495+0000] {processor.py:925} INFO - DAG(s) 'user_processing_dataset' retrieved from /opt/airflow/dags/dataset_user_processing.py
[2026-01-21T05:45:59.558+0000] {logging_mixin.py:190} INFO - [2026-01-21T05:45:59.557+0000] {dag.py:3239} INFO - Sync 1 DAGs
[2026-01-21T05:45:59.625+0000] {logging_mixin.py:190} INFO - [2026-01-21T05:45:59.624+0000] {dag.py:4180} INFO - Setting next_dagrun for user_processing_dataset to 2026-01-20 00:00:00+00:00, run_after=2026-01-21 00:00:00+00:00
[2026-01-21T05:45:59.709+0000] {processor.py:208} INFO - Processing /opt/airflow/dags/dataset_user_processing.py took 1.503 seconds
[2026-01-21T05:46:29.929+0000] {processor.py:186} INFO - Started process (PID=2104) to work on /opt/airflow/dags/dataset_user_processing.py
[2026-01-21T05:46:29.932+0000] {processor.py:914} INFO - Processing file /opt/airflow/dags/dataset_user_processing.py for tasks to queue
[2026-01-21T05:46:29.939+0000] {logging_mixin.py:190} INFO - [2026-01-21T05:46:29.938+0000] {dagbag.py:588} INFO - Filling up the DagBag from /opt/airflow/dags/dataset_user_processing.py
[2026-01-21T05:46:31.107+0000] {processor.py:925} INFO - DAG(s) 'user_processing_dataset' retrieved from /opt/airflow/dags/dataset_user_processing.py
[2026-01-21T05:46:31.160+0000] {logging_mixin.py:190} INFO - [2026-01-21T05:46:31.159+0000] {dag.py:3239} INFO - Sync 1 DAGs
[2026-01-21T05:46:31.221+0000] {logging_mixin.py:190} INFO - [2026-01-21T05:46:31.220+0000] {dag.py:4180} INFO - Setting next_dagrun for user_processing_dataset to 2026-01-20 00:00:00+00:00, run_after=2026-01-21 00:00:00+00:00
[2026-01-21T05:46:31.318+0000] {processor.py:208} INFO - Processing /opt/airflow/dags/dataset_user_processing.py took 1.410 seconds
[2026-01-21T05:47:01.622+0000] {processor.py:186} INFO - Started process (PID=2128) to work on /opt/airflow/dags/dataset_user_processing.py
[2026-01-21T05:47:01.625+0000] {processor.py:914} INFO - Processing file /opt/airflow/dags/dataset_user_processing.py for tasks to queue
[2026-01-21T05:47:01.632+0000] {logging_mixin.py:190} INFO - [2026-01-21T05:47:01.631+0000] {dagbag.py:588} INFO - Filling up the DagBag from /opt/airflow/dags/dataset_user_processing.py
[2026-01-21T05:47:02.846+0000] {processor.py:925} INFO - DAG(s) 'user_processing_dataset' retrieved from /opt/airflow/dags/dataset_user_processing.py
[2026-01-21T05:47:02.904+0000] {logging_mixin.py:190} INFO - [2026-01-21T05:47:02.903+0000] {dag.py:3239} INFO - Sync 1 DAGs
[2026-01-21T05:47:02.969+0000] {logging_mixin.py:190} INFO - [2026-01-21T05:47:02.969+0000] {dag.py:4180} INFO - Setting next_dagrun for user_processing_dataset to 2026-01-20 00:00:00+00:00, run_after=2026-01-21 00:00:00+00:00
[2026-01-21T05:47:03.067+0000] {processor.py:208} INFO - Processing /opt/airflow/dags/dataset_user_processing.py took 1.463 seconds
[2026-01-21T05:47:33.837+0000] {processor.py:186} INFO - Started process (PID=2153) to work on /opt/airflow/dags/dataset_user_processing.py
[2026-01-21T05:47:33.840+0000] {processor.py:914} INFO - Processing file /opt/airflow/dags/dataset_user_processing.py for tasks to queue
[2026-01-21T05:47:33.848+0000] {logging_mixin.py:190} INFO - [2026-01-21T05:47:33.847+0000] {dagbag.py:588} INFO - Filling up the DagBag from /opt/airflow/dags/dataset_user_processing.py
[2026-01-21T05:47:35.013+0000] {processor.py:925} INFO - DAG(s) 'user_processing_dataset' retrieved from /opt/airflow/dags/dataset_user_processing.py
[2026-01-21T05:47:35.109+0000] {logging_mixin.py:190} INFO - [2026-01-21T05:47:35.108+0000] {dag.py:3239} INFO - Sync 1 DAGs
[2026-01-21T05:47:35.200+0000] {logging_mixin.py:190} INFO - [2026-01-21T05:47:35.197+0000] {dag.py:4180} INFO - Setting next_dagrun for user_processing_dataset to 2026-01-20 00:00:00+00:00, run_after=2026-01-21 00:00:00+00:00
[2026-01-21T05:47:35.289+0000] {processor.py:208} INFO - Processing /opt/airflow/dags/dataset_user_processing.py took 1.472 seconds
[2026-01-21T05:48:05.698+0000] {processor.py:186} INFO - Started process (PID=2182) to work on /opt/airflow/dags/dataset_user_processing.py
[2026-01-21T05:48:05.700+0000] {processor.py:914} INFO - Processing file /opt/airflow/dags/dataset_user_processing.py for tasks to queue
[2026-01-21T05:48:05.706+0000] {logging_mixin.py:190} INFO - [2026-01-21T05:48:05.705+0000] {dagbag.py:588} INFO - Filling up the DagBag from /opt/airflow/dags/dataset_user_processing.py
[2026-01-21T05:48:06.879+0000] {processor.py:925} INFO - DAG(s) 'user_processing_dataset' retrieved from /opt/airflow/dags/dataset_user_processing.py
[2026-01-21T05:48:06.931+0000] {logging_mixin.py:190} INFO - [2026-01-21T05:48:06.930+0000] {dag.py:3239} INFO - Sync 1 DAGs
[2026-01-21T05:48:07.003+0000] {logging_mixin.py:190} INFO - [2026-01-21T05:48:07.002+0000] {dag.py:4180} INFO - Setting next_dagrun for user_processing_dataset to 2026-01-20 00:00:00+00:00, run_after=2026-01-21 00:00:00+00:00
[2026-01-21T05:48:07.074+0000] {processor.py:208} INFO - Processing /opt/airflow/dags/dataset_user_processing.py took 1.396 seconds
[2026-01-21T05:48:37.358+0000] {processor.py:186} INFO - Started process (PID=2207) to work on /opt/airflow/dags/dataset_user_processing.py
[2026-01-21T05:48:37.363+0000] {processor.py:914} INFO - Processing file /opt/airflow/dags/dataset_user_processing.py for tasks to queue
[2026-01-21T05:48:37.371+0000] {logging_mixin.py:190} INFO - [2026-01-21T05:48:37.370+0000] {dagbag.py:588} INFO - Filling up the DagBag from /opt/airflow/dags/dataset_user_processing.py
[2026-01-21T05:48:38.646+0000] {processor.py:925} INFO - DAG(s) 'user_processing_dataset' retrieved from /opt/airflow/dags/dataset_user_processing.py
[2026-01-21T05:48:38.704+0000] {logging_mixin.py:190} INFO - [2026-01-21T05:48:38.702+0000] {dag.py:3239} INFO - Sync 1 DAGs
[2026-01-21T05:48:38.767+0000] {logging_mixin.py:190} INFO - [2026-01-21T05:48:38.766+0000] {dag.py:4180} INFO - Setting next_dagrun for user_processing_dataset to 2026-01-20 00:00:00+00:00, run_after=2026-01-21 00:00:00+00:00
[2026-01-21T05:48:38.821+0000] {processor.py:208} INFO - Processing /opt/airflow/dags/dataset_user_processing.py took 1.483 seconds
[2026-01-21T05:49:09.379+0000] {processor.py:186} INFO - Started process (PID=2232) to work on /opt/airflow/dags/dataset_user_processing.py
[2026-01-21T05:49:09.382+0000] {processor.py:914} INFO - Processing file /opt/airflow/dags/dataset_user_processing.py for tasks to queue
[2026-01-21T05:49:09.390+0000] {logging_mixin.py:190} INFO - [2026-01-21T05:49:09.389+0000] {dagbag.py:588} INFO - Filling up the DagBag from /opt/airflow/dags/dataset_user_processing.py
[2026-01-21T05:49:10.541+0000] {processor.py:925} INFO - DAG(s) 'user_processing_dataset' retrieved from /opt/airflow/dags/dataset_user_processing.py
[2026-01-21T05:49:10.593+0000] {logging_mixin.py:190} INFO - [2026-01-21T05:49:10.593+0000] {dag.py:3239} INFO - Sync 1 DAGs
[2026-01-21T05:49:10.648+0000] {logging_mixin.py:190} INFO - [2026-01-21T05:49:10.648+0000] {dag.py:4180} INFO - Setting next_dagrun for user_processing_dataset to 2026-01-20 00:00:00+00:00, run_after=2026-01-21 00:00:00+00:00
[2026-01-21T05:49:10.702+0000] {processor.py:208} INFO - Processing /opt/airflow/dags/dataset_user_processing.py took 1.346 seconds
[2026-01-21T05:49:40.975+0000] {processor.py:186} INFO - Started process (PID=2255) to work on /opt/airflow/dags/dataset_user_processing.py
[2026-01-21T05:49:40.977+0000] {processor.py:914} INFO - Processing file /opt/airflow/dags/dataset_user_processing.py for tasks to queue
[2026-01-21T05:49:40.984+0000] {logging_mixin.py:190} INFO - [2026-01-21T05:49:40.983+0000] {dagbag.py:588} INFO - Filling up the DagBag from /opt/airflow/dags/dataset_user_processing.py
[2026-01-21T05:49:42.171+0000] {processor.py:925} INFO - DAG(s) 'user_processing_dataset' retrieved from /opt/airflow/dags/dataset_user_processing.py
[2026-01-21T05:49:42.224+0000] {logging_mixin.py:190} INFO - [2026-01-21T05:49:42.223+0000] {dag.py:3239} INFO - Sync 1 DAGs
[2026-01-21T05:49:42.283+0000] {logging_mixin.py:190} INFO - [2026-01-21T05:49:42.282+0000] {dag.py:4180} INFO - Setting next_dagrun for user_processing_dataset to 2026-01-20 00:00:00+00:00, run_after=2026-01-21 00:00:00+00:00
[2026-01-21T05:49:42.401+0000] {processor.py:208} INFO - Processing /opt/airflow/dags/dataset_user_processing.py took 1.446 seconds
[2026-01-21T05:50:13.109+0000] {processor.py:186} INFO - Started process (PID=2279) to work on /opt/airflow/dags/dataset_user_processing.py
[2026-01-21T05:50:13.112+0000] {processor.py:914} INFO - Processing file /opt/airflow/dags/dataset_user_processing.py for tasks to queue
[2026-01-21T05:50:13.119+0000] {logging_mixin.py:190} INFO - [2026-01-21T05:50:13.118+0000] {dagbag.py:588} INFO - Filling up the DagBag from /opt/airflow/dags/dataset_user_processing.py
[2026-01-21T05:50:14.351+0000] {processor.py:925} INFO - DAG(s) 'user_processing_dataset' retrieved from /opt/airflow/dags/dataset_user_processing.py
[2026-01-21T05:50:14.408+0000] {logging_mixin.py:190} INFO - [2026-01-21T05:50:14.407+0000] {dag.py:3239} INFO - Sync 1 DAGs
[2026-01-21T05:50:14.477+0000] {logging_mixin.py:190} INFO - [2026-01-21T05:50:14.476+0000] {dag.py:4180} INFO - Setting next_dagrun for user_processing_dataset to 2026-01-20 00:00:00+00:00, run_after=2026-01-21 00:00:00+00:00
[2026-01-21T05:50:14.580+0000] {processor.py:208} INFO - Processing /opt/airflow/dags/dataset_user_processing.py took 1.494 seconds
[2026-01-21T05:50:44.714+0000] {processor.py:186} INFO - Started process (PID=2303) to work on /opt/airflow/dags/dataset_user_processing.py
[2026-01-21T05:50:44.717+0000] {processor.py:914} INFO - Processing file /opt/airflow/dags/dataset_user_processing.py for tasks to queue
[2026-01-21T05:50:44.722+0000] {logging_mixin.py:190} INFO - [2026-01-21T05:50:44.721+0000] {dagbag.py:588} INFO - Filling up the DagBag from /opt/airflow/dags/dataset_user_processing.py
[2026-01-21T05:50:45.781+0000] {processor.py:925} INFO - DAG(s) 'user_processing_dataset' retrieved from /opt/airflow/dags/dataset_user_processing.py
[2026-01-21T05:50:45.843+0000] {logging_mixin.py:190} INFO - [2026-01-21T05:50:45.840+0000] {dag.py:3239} INFO - Sync 1 DAGs
[2026-01-21T05:50:45.941+0000] {logging_mixin.py:190} INFO - [2026-01-21T05:50:45.940+0000] {dag.py:4180} INFO - Setting next_dagrun for user_processing_dataset to 2026-01-20 00:00:00+00:00, run_after=2026-01-21 00:00:00+00:00
[2026-01-21T05:50:46.003+0000] {processor.py:208} INFO - Processing /opt/airflow/dags/dataset_user_processing.py took 1.309 seconds
[2026-01-21T05:51:16.455+0000] {processor.py:186} INFO - Started process (PID=2327) to work on /opt/airflow/dags/dataset_user_processing.py
[2026-01-21T05:51:16.458+0000] {processor.py:914} INFO - Processing file /opt/airflow/dags/dataset_user_processing.py for tasks to queue
[2026-01-21T05:51:16.465+0000] {logging_mixin.py:190} INFO - [2026-01-21T05:51:16.464+0000] {dagbag.py:588} INFO - Filling up the DagBag from /opt/airflow/dags/dataset_user_processing.py
[2026-01-21T05:51:17.730+0000] {processor.py:925} INFO - DAG(s) 'user_processing_dataset' retrieved from /opt/airflow/dags/dataset_user_processing.py
[2026-01-21T05:51:17.789+0000] {logging_mixin.py:190} INFO - [2026-01-21T05:51:17.788+0000] {dag.py:3239} INFO - Sync 1 DAGs
[2026-01-21T05:51:17.856+0000] {logging_mixin.py:190} INFO - [2026-01-21T05:51:17.855+0000] {dag.py:4180} INFO - Setting next_dagrun for user_processing_dataset to 2026-01-20 00:00:00+00:00, run_after=2026-01-21 00:00:00+00:00
[2026-01-21T05:51:17.939+0000] {processor.py:208} INFO - Processing /opt/airflow/dags/dataset_user_processing.py took 1.502 seconds
[2026-01-21T05:51:48.294+0000] {processor.py:186} INFO - Started process (PID=2351) to work on /opt/airflow/dags/dataset_user_processing.py
[2026-01-21T05:51:48.296+0000] {processor.py:914} INFO - Processing file /opt/airflow/dags/dataset_user_processing.py for tasks to queue
[2026-01-21T05:51:48.303+0000] {logging_mixin.py:190} INFO - [2026-01-21T05:51:48.302+0000] {dagbag.py:588} INFO - Filling up the DagBag from /opt/airflow/dags/dataset_user_processing.py
[2026-01-21T05:51:49.409+0000] {processor.py:925} INFO - DAG(s) 'user_processing_dataset' retrieved from /opt/airflow/dags/dataset_user_processing.py
[2026-01-21T05:51:49.465+0000] {logging_mixin.py:190} INFO - [2026-01-21T05:51:49.464+0000] {dag.py:3239} INFO - Sync 1 DAGs
[2026-01-21T05:51:49.527+0000] {logging_mixin.py:190} INFO - [2026-01-21T05:51:49.526+0000] {dag.py:4180} INFO - Setting next_dagrun for user_processing_dataset to 2026-01-20 00:00:00+00:00, run_after=2026-01-21 00:00:00+00:00
[2026-01-21T05:51:49.631+0000] {processor.py:208} INFO - Processing /opt/airflow/dags/dataset_user_processing.py took 1.358 seconds
[2026-01-21T05:52:20.093+0000] {processor.py:186} INFO - Started process (PID=2375) to work on /opt/airflow/dags/dataset_user_processing.py
[2026-01-21T05:52:20.095+0000] {processor.py:914} INFO - Processing file /opt/airflow/dags/dataset_user_processing.py for tasks to queue
[2026-01-21T05:52:20.101+0000] {logging_mixin.py:190} INFO - [2026-01-21T05:52:20.100+0000] {dagbag.py:588} INFO - Filling up the DagBag from /opt/airflow/dags/dataset_user_processing.py
[2026-01-21T05:52:21.260+0000] {processor.py:925} INFO - DAG(s) 'user_processing_dataset' retrieved from /opt/airflow/dags/dataset_user_processing.py
[2026-01-21T05:52:21.317+0000] {logging_mixin.py:190} INFO - [2026-01-21T05:52:21.316+0000] {dag.py:3239} INFO - Sync 1 DAGs
[2026-01-21T05:52:21.390+0000] {logging_mixin.py:190} INFO - [2026-01-21T05:52:21.389+0000] {dag.py:4180} INFO - Setting next_dagrun for user_processing_dataset to 2026-01-20 00:00:00+00:00, run_after=2026-01-21 00:00:00+00:00
[2026-01-21T05:52:21.511+0000] {processor.py:208} INFO - Processing /opt/airflow/dags/dataset_user_processing.py took 1.440 seconds
[2026-01-21T05:52:52.110+0000] {processor.py:186} INFO - Started process (PID=2399) to work on /opt/airflow/dags/dataset_user_processing.py
[2026-01-21T05:52:52.113+0000] {processor.py:914} INFO - Processing file /opt/airflow/dags/dataset_user_processing.py for tasks to queue
[2026-01-21T05:52:52.120+0000] {logging_mixin.py:190} INFO - [2026-01-21T05:52:52.119+0000] {dagbag.py:588} INFO - Filling up the DagBag from /opt/airflow/dags/dataset_user_processing.py
[2026-01-21T05:52:53.344+0000] {processor.py:925} INFO - DAG(s) 'user_processing_dataset' retrieved from /opt/airflow/dags/dataset_user_processing.py
[2026-01-21T05:52:53.401+0000] {logging_mixin.py:190} INFO - [2026-01-21T05:52:53.400+0000] {dag.py:3239} INFO - Sync 1 DAGs
[2026-01-21T05:52:53.472+0000] {logging_mixin.py:190} INFO - [2026-01-21T05:52:53.471+0000] {dag.py:4180} INFO - Setting next_dagrun for user_processing_dataset to 2026-01-20 00:00:00+00:00, run_after=2026-01-21 00:00:00+00:00
[2026-01-21T05:52:53.548+0000] {processor.py:208} INFO - Processing /opt/airflow/dags/dataset_user_processing.py took 1.457 seconds
[2026-01-21T05:53:23.960+0000] {processor.py:186} INFO - Started process (PID=2423) to work on /opt/airflow/dags/dataset_user_processing.py
[2026-01-21T05:53:23.962+0000] {processor.py:914} INFO - Processing file /opt/airflow/dags/dataset_user_processing.py for tasks to queue
[2026-01-21T05:53:23.968+0000] {logging_mixin.py:190} INFO - [2026-01-21T05:53:23.967+0000] {dagbag.py:588} INFO - Filling up the DagBag from /opt/airflow/dags/dataset_user_processing.py
[2026-01-21T05:53:25.188+0000] {processor.py:925} INFO - DAG(s) 'user_processing_dataset' retrieved from /opt/airflow/dags/dataset_user_processing.py
[2026-01-21T05:53:25.241+0000] {logging_mixin.py:190} INFO - [2026-01-21T05:53:25.240+0000] {dag.py:3239} INFO - Sync 1 DAGs
[2026-01-21T05:53:25.300+0000] {logging_mixin.py:190} INFO - [2026-01-21T05:53:25.299+0000] {dag.py:4180} INFO - Setting next_dagrun for user_processing_dataset to 2026-01-20 00:00:00+00:00, run_after=2026-01-21 00:00:00+00:00
[2026-01-21T05:53:25.364+0000] {processor.py:208} INFO - Processing /opt/airflow/dags/dataset_user_processing.py took 1.426 seconds
[2026-01-21T05:53:56.116+0000] {processor.py:186} INFO - Started process (PID=2449) to work on /opt/airflow/dags/dataset_user_processing.py
[2026-01-21T05:53:56.119+0000] {processor.py:914} INFO - Processing file /opt/airflow/dags/dataset_user_processing.py for tasks to queue
[2026-01-21T05:53:56.125+0000] {logging_mixin.py:190} INFO - [2026-01-21T05:53:56.124+0000] {dagbag.py:588} INFO - Filling up the DagBag from /opt/airflow/dags/dataset_user_processing.py
[2026-01-21T05:53:57.304+0000] {processor.py:925} INFO - DAG(s) 'user_processing_dataset' retrieved from /opt/airflow/dags/dataset_user_processing.py
[2026-01-21T05:53:57.364+0000] {logging_mixin.py:190} INFO - [2026-01-21T05:53:57.363+0000] {dag.py:3239} INFO - Sync 1 DAGs
[2026-01-21T05:53:57.443+0000] {logging_mixin.py:190} INFO - [2026-01-21T05:53:57.442+0000] {dag.py:4180} INFO - Setting next_dagrun for user_processing_dataset to 2026-01-20 00:00:00+00:00, run_after=2026-01-21 00:00:00+00:00
[2026-01-21T05:53:57.501+0000] {processor.py:208} INFO - Processing /opt/airflow/dags/dataset_user_processing.py took 1.405 seconds
[2026-01-21T05:54:27.768+0000] {processor.py:186} INFO - Started process (PID=2473) to work on /opt/airflow/dags/dataset_user_processing.py
[2026-01-21T05:54:27.770+0000] {processor.py:914} INFO - Processing file /opt/airflow/dags/dataset_user_processing.py for tasks to queue
[2026-01-21T05:54:27.774+0000] {logging_mixin.py:190} INFO - [2026-01-21T05:54:27.774+0000] {dagbag.py:588} INFO - Filling up the DagBag from /opt/airflow/dags/dataset_user_processing.py
[2026-01-21T05:54:29.222+0000] {processor.py:925} INFO - DAG(s) 'user_processing_dataset' retrieved from /opt/airflow/dags/dataset_user_processing.py
[2026-01-21T05:54:29.280+0000] {logging_mixin.py:190} INFO - [2026-01-21T05:54:29.279+0000] {dag.py:3239} INFO - Sync 1 DAGs
[2026-01-21T05:54:29.403+0000] {logging_mixin.py:190} INFO - [2026-01-21T05:54:29.402+0000] {dag.py:4180} INFO - Setting next_dagrun for user_processing_dataset to 2026-01-20 00:00:00+00:00, run_after=2026-01-21 00:00:00+00:00
[2026-01-21T05:54:29.505+0000] {processor.py:208} INFO - Processing /opt/airflow/dags/dataset_user_processing.py took 1.757 seconds
[2026-01-21T05:55:00.054+0000] {processor.py:186} INFO - Started process (PID=2497) to work on /opt/airflow/dags/dataset_user_processing.py
[2026-01-21T05:55:00.056+0000] {processor.py:914} INFO - Processing file /opt/airflow/dags/dataset_user_processing.py for tasks to queue
[2026-01-21T05:55:00.063+0000] {logging_mixin.py:190} INFO - [2026-01-21T05:55:00.062+0000] {dagbag.py:588} INFO - Filling up the DagBag from /opt/airflow/dags/dataset_user_processing.py
[2026-01-21T05:55:01.256+0000] {processor.py:925} INFO - DAG(s) 'user_processing_dataset' retrieved from /opt/airflow/dags/dataset_user_processing.py
[2026-01-21T05:55:01.317+0000] {logging_mixin.py:190} INFO - [2026-01-21T05:55:01.316+0000] {dag.py:3239} INFO - Sync 1 DAGs
[2026-01-21T05:55:01.389+0000] {logging_mixin.py:190} INFO - [2026-01-21T05:55:01.388+0000] {dag.py:4180} INFO - Setting next_dagrun for user_processing_dataset to 2026-01-20 00:00:00+00:00, run_after=2026-01-21 00:00:00+00:00
[2026-01-21T05:55:01.493+0000] {processor.py:208} INFO - Processing /opt/airflow/dags/dataset_user_processing.py took 1.455 seconds
[2026-01-21T05:55:31.787+0000] {processor.py:186} INFO - Started process (PID=2523) to work on /opt/airflow/dags/dataset_user_processing.py
[2026-01-21T05:55:31.790+0000] {processor.py:914} INFO - Processing file /opt/airflow/dags/dataset_user_processing.py for tasks to queue
[2026-01-21T05:55:31.796+0000] {logging_mixin.py:190} INFO - [2026-01-21T05:55:31.795+0000] {dagbag.py:588} INFO - Filling up the DagBag from /opt/airflow/dags/dataset_user_processing.py
[2026-01-21T05:55:32.928+0000] {processor.py:925} INFO - DAG(s) 'user_processing_dataset' retrieved from /opt/airflow/dags/dataset_user_processing.py
[2026-01-21T05:55:32.983+0000] {logging_mixin.py:190} INFO - [2026-01-21T05:55:32.982+0000] {dag.py:3239} INFO - Sync 1 DAGs
[2026-01-21T05:55:33.043+0000] {logging_mixin.py:190} INFO - [2026-01-21T05:55:33.043+0000] {dag.py:4180} INFO - Setting next_dagrun for user_processing_dataset to 2026-01-20 00:00:00+00:00, run_after=2026-01-21 00:00:00+00:00
[2026-01-21T05:55:33.140+0000] {processor.py:208} INFO - Processing /opt/airflow/dags/dataset_user_processing.py took 1.372 seconds
[2026-01-21T05:56:03.365+0000] {processor.py:186} INFO - Started process (PID=2546) to work on /opt/airflow/dags/dataset_user_processing.py
[2026-01-21T05:56:03.367+0000] {processor.py:914} INFO - Processing file /opt/airflow/dags/dataset_user_processing.py for tasks to queue
[2026-01-21T05:56:03.374+0000] {logging_mixin.py:190} INFO - [2026-01-21T05:56:03.373+0000] {dagbag.py:588} INFO - Filling up the DagBag from /opt/airflow/dags/dataset_user_processing.py
[2026-01-21T05:56:04.604+0000] {processor.py:925} INFO - DAG(s) 'user_processing_dataset' retrieved from /opt/airflow/dags/dataset_user_processing.py
[2026-01-21T05:56:04.659+0000] {logging_mixin.py:190} INFO - [2026-01-21T05:56:04.658+0000] {dag.py:3239} INFO - Sync 1 DAGs
[2026-01-21T05:56:04.722+0000] {logging_mixin.py:190} INFO - [2026-01-21T05:56:04.722+0000] {dag.py:4180} INFO - Setting next_dagrun for user_processing_dataset to 2026-01-20 00:00:00+00:00, run_after=2026-01-21 00:00:00+00:00
[2026-01-21T05:56:04.810+0000] {processor.py:208} INFO - Processing /opt/airflow/dags/dataset_user_processing.py took 1.464 seconds
[2026-01-21T05:56:35.107+0000] {processor.py:186} INFO - Started process (PID=2570) to work on /opt/airflow/dags/dataset_user_processing.py
[2026-01-21T05:56:35.110+0000] {processor.py:914} INFO - Processing file /opt/airflow/dags/dataset_user_processing.py for tasks to queue
[2026-01-21T05:56:35.117+0000] {logging_mixin.py:190} INFO - [2026-01-21T05:56:35.116+0000] {dagbag.py:588} INFO - Filling up the DagBag from /opt/airflow/dags/dataset_user_processing.py
[2026-01-21T05:56:36.286+0000] {processor.py:925} INFO - DAG(s) 'user_processing_dataset' retrieved from /opt/airflow/dags/dataset_user_processing.py
[2026-01-21T05:56:36.333+0000] {logging_mixin.py:190} INFO - [2026-01-21T05:56:36.332+0000] {dag.py:3239} INFO - Sync 1 DAGs
[2026-01-21T05:56:36.396+0000] {logging_mixin.py:190} INFO - [2026-01-21T05:56:36.395+0000] {dag.py:4180} INFO - Setting next_dagrun for user_processing_dataset to 2026-01-20 00:00:00+00:00, run_after=2026-01-21 00:00:00+00:00
[2026-01-21T05:56:36.468+0000] {processor.py:208} INFO - Processing /opt/airflow/dags/dataset_user_processing.py took 1.382 seconds
[2026-01-21T05:57:06.694+0000] {processor.py:186} INFO - Started process (PID=2595) to work on /opt/airflow/dags/dataset_user_processing.py
[2026-01-21T05:57:06.697+0000] {processor.py:914} INFO - Processing file /opt/airflow/dags/dataset_user_processing.py for tasks to queue
[2026-01-21T05:57:06.705+0000] {logging_mixin.py:190} INFO - [2026-01-21T05:57:06.704+0000] {dagbag.py:588} INFO - Filling up the DagBag from /opt/airflow/dags/dataset_user_processing.py
[2026-01-21T05:57:07.985+0000] {processor.py:925} INFO - DAG(s) 'user_processing_dataset' retrieved from /opt/airflow/dags/dataset_user_processing.py
[2026-01-21T05:57:08.047+0000] {logging_mixin.py:190} INFO - [2026-01-21T05:57:08.046+0000] {dag.py:3239} INFO - Sync 1 DAGs
[2026-01-21T05:57:08.109+0000] {logging_mixin.py:190} INFO - [2026-01-21T05:57:08.109+0000] {dag.py:4180} INFO - Setting next_dagrun for user_processing_dataset to 2026-01-20 00:00:00+00:00, run_after=2026-01-21 00:00:00+00:00
[2026-01-21T05:57:08.161+0000] {processor.py:208} INFO - Processing /opt/airflow/dags/dataset_user_processing.py took 1.489 seconds
[2026-01-21T05:57:39.079+0000] {processor.py:186} INFO - Started process (PID=2626) to work on /opt/airflow/dags/dataset_user_processing.py
[2026-01-21T05:57:39.082+0000] {processor.py:914} INFO - Processing file /opt/airflow/dags/dataset_user_processing.py for tasks to queue
[2026-01-21T05:57:39.089+0000] {logging_mixin.py:190} INFO - [2026-01-21T05:57:39.088+0000] {dagbag.py:588} INFO - Filling up the DagBag from /opt/airflow/dags/dataset_user_processing.py
[2026-01-21T05:57:40.583+0000] {processor.py:925} INFO - DAG(s) 'user_processing_dataset' retrieved from /opt/airflow/dags/dataset_user_processing.py
[2026-01-21T05:57:40.636+0000] {logging_mixin.py:190} INFO - [2026-01-21T05:57:40.635+0000] {dag.py:3239} INFO - Sync 1 DAGs
[2026-01-21T05:57:40.693+0000] {logging_mixin.py:190} INFO - [2026-01-21T05:57:40.692+0000] {dag.py:4180} INFO - Setting next_dagrun for user_processing_dataset to 2026-01-20 00:00:00+00:00, run_after=2026-01-21 00:00:00+00:00
[2026-01-21T05:57:40.765+0000] {processor.py:208} INFO - Processing /opt/airflow/dags/dataset_user_processing.py took 1.704 seconds
[2026-01-21T05:58:10.883+0000] {processor.py:186} INFO - Started process (PID=2650) to work on /opt/airflow/dags/dataset_user_processing.py
[2026-01-21T05:58:10.885+0000] {processor.py:914} INFO - Processing file /opt/airflow/dags/dataset_user_processing.py for tasks to queue
[2026-01-21T05:58:10.892+0000] {logging_mixin.py:190} INFO - [2026-01-21T05:58:10.891+0000] {dagbag.py:588} INFO - Filling up the DagBag from /opt/airflow/dags/dataset_user_processing.py
[2026-01-21T05:58:12.110+0000] {processor.py:925} INFO - DAG(s) 'user_processing_dataset' retrieved from /opt/airflow/dags/dataset_user_processing.py
[2026-01-21T05:58:12.165+0000] {logging_mixin.py:190} INFO - [2026-01-21T05:58:12.164+0000] {dag.py:3239} INFO - Sync 1 DAGs
[2026-01-21T05:58:12.226+0000] {logging_mixin.py:190} INFO - [2026-01-21T05:58:12.225+0000] {dag.py:4180} INFO - Setting next_dagrun for user_processing_dataset to 2026-01-20 00:00:00+00:00, run_after=2026-01-21 00:00:00+00:00
[2026-01-21T05:58:12.337+0000] {processor.py:208} INFO - Processing /opt/airflow/dags/dataset_user_processing.py took 1.472 seconds
[2026-01-21T05:58:42.511+0000] {processor.py:186} INFO - Started process (PID=2674) to work on /opt/airflow/dags/dataset_user_processing.py
[2026-01-21T05:58:42.514+0000] {processor.py:914} INFO - Processing file /opt/airflow/dags/dataset_user_processing.py for tasks to queue
[2026-01-21T05:58:42.520+0000] {logging_mixin.py:190} INFO - [2026-01-21T05:58:42.519+0000] {dagbag.py:588} INFO - Filling up the DagBag from /opt/airflow/dags/dataset_user_processing.py
[2026-01-21T05:58:43.694+0000] {processor.py:925} INFO - DAG(s) 'user_processing_dataset' retrieved from /opt/airflow/dags/dataset_user_processing.py
[2026-01-21T05:58:43.750+0000] {logging_mixin.py:190} INFO - [2026-01-21T05:58:43.748+0000] {dag.py:3239} INFO - Sync 1 DAGs
[2026-01-21T05:58:43.810+0000] {logging_mixin.py:190} INFO - [2026-01-21T05:58:43.809+0000] {dag.py:4180} INFO - Setting next_dagrun for user_processing_dataset to 2026-01-20 00:00:00+00:00, run_after=2026-01-21 00:00:00+00:00
[2026-01-21T05:58:43.909+0000] {processor.py:208} INFO - Processing /opt/airflow/dags/dataset_user_processing.py took 1.413 seconds
[2026-01-21T05:59:14.764+0000] {processor.py:186} INFO - Started process (PID=2698) to work on /opt/airflow/dags/dataset_user_processing.py
[2026-01-21T05:59:14.767+0000] {processor.py:914} INFO - Processing file /opt/airflow/dags/dataset_user_processing.py for tasks to queue
[2026-01-21T05:59:14.775+0000] {logging_mixin.py:190} INFO - [2026-01-21T05:59:14.774+0000] {dagbag.py:588} INFO - Filling up the DagBag from /opt/airflow/dags/dataset_user_processing.py
[2026-01-21T05:59:15.917+0000] {processor.py:925} INFO - DAG(s) 'user_processing_dataset' retrieved from /opt/airflow/dags/dataset_user_processing.py
[2026-01-21T05:59:15.981+0000] {logging_mixin.py:190} INFO - [2026-01-21T05:59:15.980+0000] {dag.py:3239} INFO - Sync 1 DAGs
[2026-01-21T05:59:16.046+0000] {logging_mixin.py:190} INFO - [2026-01-21T05:59:16.045+0000] {dag.py:4180} INFO - Setting next_dagrun for user_processing_dataset to 2026-01-20 00:00:00+00:00, run_after=2026-01-21 00:00:00+00:00
[2026-01-21T05:59:16.109+0000] {processor.py:208} INFO - Processing /opt/airflow/dags/dataset_user_processing.py took 1.366 seconds
[2026-01-21T05:59:47.198+0000] {processor.py:186} INFO - Started process (PID=2724) to work on /opt/airflow/dags/dataset_user_processing.py
[2026-01-21T05:59:47.201+0000] {processor.py:914} INFO - Processing file /opt/airflow/dags/dataset_user_processing.py for tasks to queue
[2026-01-21T05:59:47.209+0000] {logging_mixin.py:190} INFO - [2026-01-21T05:59:47.208+0000] {dagbag.py:588} INFO - Filling up the DagBag from /opt/airflow/dags/dataset_user_processing.py
[2026-01-21T05:59:48.360+0000] {processor.py:925} INFO - DAG(s) 'user_processing_dataset' retrieved from /opt/airflow/dags/dataset_user_processing.py
[2026-01-21T05:59:48.420+0000] {logging_mixin.py:190} INFO - [2026-01-21T05:59:48.419+0000] {dag.py:3239} INFO - Sync 1 DAGs
[2026-01-21T05:59:48.484+0000] {logging_mixin.py:190} INFO - [2026-01-21T05:59:48.483+0000] {dag.py:4180} INFO - Setting next_dagrun for user_processing_dataset to 2026-01-20 00:00:00+00:00, run_after=2026-01-21 00:00:00+00:00
[2026-01-21T05:59:48.598+0000] {processor.py:208} INFO - Processing /opt/airflow/dags/dataset_user_processing.py took 1.421 seconds
[2026-01-21T06:00:19.434+0000] {processor.py:186} INFO - Started process (PID=2748) to work on /opt/airflow/dags/dataset_user_processing.py
[2026-01-21T06:00:19.437+0000] {processor.py:914} INFO - Processing file /opt/airflow/dags/dataset_user_processing.py for tasks to queue
[2026-01-21T06:00:19.445+0000] {logging_mixin.py:190} INFO - [2026-01-21T06:00:19.444+0000] {dagbag.py:588} INFO - Filling up the DagBag from /opt/airflow/dags/dataset_user_processing.py
[2026-01-21T06:00:20.666+0000] {processor.py:925} INFO - DAG(s) 'user_processing_dataset' retrieved from /opt/airflow/dags/dataset_user_processing.py
[2026-01-21T06:00:20.717+0000] {logging_mixin.py:190} INFO - [2026-01-21T06:00:20.716+0000] {dag.py:3239} INFO - Sync 1 DAGs
[2026-01-21T06:00:20.784+0000] {logging_mixin.py:190} INFO - [2026-01-21T06:00:20.783+0000] {dag.py:4180} INFO - Setting next_dagrun for user_processing_dataset to 2026-01-20 00:00:00+00:00, run_after=2026-01-21 00:00:00+00:00
[2026-01-21T06:00:20.898+0000] {processor.py:208} INFO - Processing /opt/airflow/dags/dataset_user_processing.py took 1.484 seconds
[2026-01-21T06:00:51.201+0000] {processor.py:186} INFO - Started process (PID=2772) to work on /opt/airflow/dags/dataset_user_processing.py
[2026-01-21T06:00:51.203+0000] {processor.py:914} INFO - Processing file /opt/airflow/dags/dataset_user_processing.py for tasks to queue
[2026-01-21T06:00:51.210+0000] {logging_mixin.py:190} INFO - [2026-01-21T06:00:51.210+0000] {dagbag.py:588} INFO - Filling up the DagBag from /opt/airflow/dags/dataset_user_processing.py
[2026-01-21T06:00:52.516+0000] {processor.py:925} INFO - DAG(s) 'user_processing_dataset' retrieved from /opt/airflow/dags/dataset_user_processing.py
[2026-01-21T06:00:52.580+0000] {logging_mixin.py:190} INFO - [2026-01-21T06:00:52.579+0000] {dag.py:3239} INFO - Sync 1 DAGs
[2026-01-21T06:00:52.668+0000] {logging_mixin.py:190} INFO - [2026-01-21T06:00:52.668+0000] {dag.py:4180} INFO - Setting next_dagrun for user_processing_dataset to 2026-01-20 00:00:00+00:00, run_after=2026-01-21 00:00:00+00:00
[2026-01-21T06:00:52.731+0000] {processor.py:208} INFO - Processing /opt/airflow/dags/dataset_user_processing.py took 1.551 seconds
[2026-01-21T06:01:23.314+0000] {processor.py:186} INFO - Started process (PID=2797) to work on /opt/airflow/dags/dataset_user_processing.py
[2026-01-21T06:01:23.317+0000] {processor.py:914} INFO - Processing file /opt/airflow/dags/dataset_user_processing.py for tasks to queue
[2026-01-21T06:01:23.325+0000] {logging_mixin.py:190} INFO - [2026-01-21T06:01:23.324+0000] {dagbag.py:588} INFO - Filling up the DagBag from /opt/airflow/dags/dataset_user_processing.py
[2026-01-21T06:01:24.588+0000] {processor.py:925} INFO - DAG(s) 'user_processing_dataset' retrieved from /opt/airflow/dags/dataset_user_processing.py
[2026-01-21T06:01:24.641+0000] {logging_mixin.py:190} INFO - [2026-01-21T06:01:24.640+0000] {dag.py:3239} INFO - Sync 1 DAGs
[2026-01-21T06:01:24.699+0000] {logging_mixin.py:190} INFO - [2026-01-21T06:01:24.699+0000] {dag.py:4180} INFO - Setting next_dagrun for user_processing_dataset to 2026-01-20 00:00:00+00:00, run_after=2026-01-21 00:00:00+00:00
[2026-01-21T06:01:24.805+0000] {processor.py:208} INFO - Processing /opt/airflow/dags/dataset_user_processing.py took 1.510 seconds
[2026-01-21T06:01:55.027+0000] {processor.py:186} INFO - Started process (PID=2822) to work on /opt/airflow/dags/dataset_user_processing.py
[2026-01-21T06:01:55.030+0000] {processor.py:914} INFO - Processing file /opt/airflow/dags/dataset_user_processing.py for tasks to queue
[2026-01-21T06:01:55.036+0000] {logging_mixin.py:190} INFO - [2026-01-21T06:01:55.035+0000] {dagbag.py:588} INFO - Filling up the DagBag from /opt/airflow/dags/dataset_user_processing.py
[2026-01-21T06:01:56.261+0000] {processor.py:925} INFO - DAG(s) 'user_processing_dataset' retrieved from /opt/airflow/dags/dataset_user_processing.py
[2026-01-21T06:01:56.320+0000] {logging_mixin.py:190} INFO - [2026-01-21T06:01:56.318+0000] {dag.py:3239} INFO - Sync 1 DAGs
[2026-01-21T06:01:56.394+0000] {logging_mixin.py:190} INFO - [2026-01-21T06:01:56.393+0000] {dag.py:4180} INFO - Setting next_dagrun for user_processing_dataset to 2026-01-20 00:00:00+00:00, run_after=2026-01-21 00:00:00+00:00
[2026-01-21T06:01:56.503+0000] {processor.py:208} INFO - Processing /opt/airflow/dags/dataset_user_processing.py took 1.494 seconds
[2026-01-21T06:02:26.720+0000] {processor.py:186} INFO - Started process (PID=2845) to work on /opt/airflow/dags/dataset_user_processing.py
[2026-01-21T06:02:26.722+0000] {processor.py:914} INFO - Processing file /opt/airflow/dags/dataset_user_processing.py for tasks to queue
[2026-01-21T06:02:26.729+0000] {logging_mixin.py:190} INFO - [2026-01-21T06:02:26.728+0000] {dagbag.py:588} INFO - Filling up the DagBag from /opt/airflow/dags/dataset_user_processing.py
[2026-01-21T06:02:27.934+0000] {processor.py:925} INFO - DAG(s) 'user_processing_dataset' retrieved from /opt/airflow/dags/dataset_user_processing.py
[2026-01-21T06:02:27.979+0000] {logging_mixin.py:190} INFO - [2026-01-21T06:02:27.978+0000] {dag.py:3239} INFO - Sync 1 DAGs
[2026-01-21T06:02:28.044+0000] {logging_mixin.py:190} INFO - [2026-01-21T06:02:28.044+0000] {dag.py:4180} INFO - Setting next_dagrun for user_processing_dataset to 2026-01-20 00:00:00+00:00, run_after=2026-01-21 00:00:00+00:00
[2026-01-21T06:02:28.099+0000] {processor.py:208} INFO - Processing /opt/airflow/dags/dataset_user_processing.py took 1.400 seconds
[2026-01-21T06:02:58.826+0000] {processor.py:186} INFO - Started process (PID=2870) to work on /opt/airflow/dags/dataset_user_processing.py
[2026-01-21T06:02:58.829+0000] {processor.py:914} INFO - Processing file /opt/airflow/dags/dataset_user_processing.py for tasks to queue
[2026-01-21T06:02:58.837+0000] {logging_mixin.py:190} INFO - [2026-01-21T06:02:58.836+0000] {dagbag.py:588} INFO - Filling up the DagBag from /opt/airflow/dags/dataset_user_processing.py
[2026-01-21T06:02:59.989+0000] {processor.py:925} INFO - DAG(s) 'user_processing_dataset' retrieved from /opt/airflow/dags/dataset_user_processing.py
[2026-01-21T06:03:00.051+0000] {logging_mixin.py:190} INFO - [2026-01-21T06:03:00.050+0000] {dag.py:3239} INFO - Sync 1 DAGs
[2026-01-21T06:03:00.115+0000] {logging_mixin.py:190} INFO - [2026-01-21T06:03:00.114+0000] {dag.py:4180} INFO - Setting next_dagrun for user_processing_dataset to 2026-01-20 00:00:00+00:00, run_after=2026-01-21 00:00:00+00:00
[2026-01-21T06:03:00.205+0000] {processor.py:208} INFO - Processing /opt/airflow/dags/dataset_user_processing.py took 1.398 seconds
[2026-01-21T06:03:30.501+0000] {processor.py:186} INFO - Started process (PID=2894) to work on /opt/airflow/dags/dataset_user_processing.py
[2026-01-21T06:03:30.504+0000] {processor.py:914} INFO - Processing file /opt/airflow/dags/dataset_user_processing.py for tasks to queue
[2026-01-21T06:03:30.511+0000] {logging_mixin.py:190} INFO - [2026-01-21T06:03:30.510+0000] {dagbag.py:588} INFO - Filling up the DagBag from /opt/airflow/dags/dataset_user_processing.py
[2026-01-21T06:03:31.747+0000] {processor.py:925} INFO - DAG(s) 'user_processing_dataset' retrieved from /opt/airflow/dags/dataset_user_processing.py
[2026-01-21T06:03:31.806+0000] {logging_mixin.py:190} INFO - [2026-01-21T06:03:31.805+0000] {dag.py:3239} INFO - Sync 1 DAGs
[2026-01-21T06:03:31.878+0000] {logging_mixin.py:190} INFO - [2026-01-21T06:03:31.877+0000] {dag.py:4180} INFO - Setting next_dagrun for user_processing_dataset to 2026-01-20 00:00:00+00:00, run_after=2026-01-21 00:00:00+00:00
[2026-01-21T06:03:31.975+0000] {processor.py:208} INFO - Processing /opt/airflow/dags/dataset_user_processing.py took 1.494 seconds
[2026-01-21T06:04:02.220+0000] {processor.py:186} INFO - Started process (PID=2918) to work on /opt/airflow/dags/dataset_user_processing.py
[2026-01-21T06:04:02.223+0000] {processor.py:914} INFO - Processing file /opt/airflow/dags/dataset_user_processing.py for tasks to queue
[2026-01-21T06:04:02.230+0000] {logging_mixin.py:190} INFO - [2026-01-21T06:04:02.229+0000] {dagbag.py:588} INFO - Filling up the DagBag from /opt/airflow/dags/dataset_user_processing.py
[2026-01-21T06:04:03.453+0000] {processor.py:925} INFO - DAG(s) 'user_processing_dataset' retrieved from /opt/airflow/dags/dataset_user_processing.py
[2026-01-21T06:04:03.510+0000] {logging_mixin.py:190} INFO - [2026-01-21T06:04:03.509+0000] {dag.py:3239} INFO - Sync 1 DAGs
[2026-01-21T06:04:03.572+0000] {logging_mixin.py:190} INFO - [2026-01-21T06:04:03.571+0000] {dag.py:4180} INFO - Setting next_dagrun for user_processing_dataset to 2026-01-20 00:00:00+00:00, run_after=2026-01-21 00:00:00+00:00
[2026-01-21T06:04:03.678+0000] {processor.py:208} INFO - Processing /opt/airflow/dags/dataset_user_processing.py took 1.478 seconds
[2026-01-21T06:04:34.415+0000] {processor.py:186} INFO - Started process (PID=2942) to work on /opt/airflow/dags/dataset_user_processing.py
[2026-01-21T06:04:34.417+0000] {processor.py:914} INFO - Processing file /opt/airflow/dags/dataset_user_processing.py for tasks to queue
[2026-01-21T06:04:34.424+0000] {logging_mixin.py:190} INFO - [2026-01-21T06:04:34.423+0000] {dagbag.py:588} INFO - Filling up the DagBag from /opt/airflow/dags/dataset_user_processing.py
[2026-01-21T06:04:35.669+0000] {processor.py:925} INFO - DAG(s) 'user_processing_dataset' retrieved from /opt/airflow/dags/dataset_user_processing.py
[2026-01-21T06:04:35.733+0000] {logging_mixin.py:190} INFO - [2026-01-21T06:04:35.732+0000] {dag.py:3239} INFO - Sync 1 DAGs
[2026-01-21T06:04:35.797+0000] {logging_mixin.py:190} INFO - [2026-01-21T06:04:35.797+0000] {dag.py:4180} INFO - Setting next_dagrun for user_processing_dataset to 2026-01-20 00:00:00+00:00, run_after=2026-01-21 00:00:00+00:00
[2026-01-21T06:04:35.852+0000] {processor.py:208} INFO - Processing /opt/airflow/dags/dataset_user_processing.py took 1.454 seconds
[2026-01-21T06:05:06.136+0000] {processor.py:186} INFO - Started process (PID=2966) to work on /opt/airflow/dags/dataset_user_processing.py
[2026-01-21T06:05:06.138+0000] {processor.py:914} INFO - Processing file /opt/airflow/dags/dataset_user_processing.py for tasks to queue
[2026-01-21T06:05:06.145+0000] {logging_mixin.py:190} INFO - [2026-01-21T06:05:06.144+0000] {dagbag.py:588} INFO - Filling up the DagBag from /opt/airflow/dags/dataset_user_processing.py
[2026-01-21T06:05:07.309+0000] {processor.py:925} INFO - DAG(s) 'user_processing_dataset' retrieved from /opt/airflow/dags/dataset_user_processing.py
[2026-01-21T06:05:07.359+0000] {logging_mixin.py:190} INFO - [2026-01-21T06:05:07.358+0000] {dag.py:3239} INFO - Sync 1 DAGs
[2026-01-21T06:05:07.422+0000] {logging_mixin.py:190} INFO - [2026-01-21T06:05:07.422+0000] {dag.py:4180} INFO - Setting next_dagrun for user_processing_dataset to 2026-01-20 00:00:00+00:00, run_after=2026-01-21 00:00:00+00:00
[2026-01-21T06:05:07.530+0000] {processor.py:208} INFO - Processing /opt/airflow/dags/dataset_user_processing.py took 1.412 seconds
[2026-01-21T06:05:37.984+0000] {processor.py:186} INFO - Started process (PID=2990) to work on /opt/airflow/dags/dataset_user_processing.py
[2026-01-21T06:05:37.986+0000] {processor.py:914} INFO - Processing file /opt/airflow/dags/dataset_user_processing.py for tasks to queue
[2026-01-21T06:05:37.995+0000] {logging_mixin.py:190} INFO - [2026-01-21T06:05:37.994+0000] {dagbag.py:588} INFO - Filling up the DagBag from /opt/airflow/dags/dataset_user_processing.py
[2026-01-21T06:05:39.137+0000] {processor.py:925} INFO - DAG(s) 'user_processing_dataset' retrieved from /opt/airflow/dags/dataset_user_processing.py
[2026-01-21T06:05:39.205+0000] {logging_mixin.py:190} INFO - [2026-01-21T06:05:39.204+0000] {dag.py:3239} INFO - Sync 1 DAGs
[2026-01-21T06:05:39.275+0000] {logging_mixin.py:190} INFO - [2026-01-21T06:05:39.274+0000] {dag.py:4180} INFO - Setting next_dagrun for user_processing_dataset to 2026-01-20 00:00:00+00:00, run_after=2026-01-21 00:00:00+00:00
[2026-01-21T06:05:39.331+0000] {processor.py:208} INFO - Processing /opt/airflow/dags/dataset_user_processing.py took 1.369 seconds
[2026-01-21T06:06:09.951+0000] {processor.py:186} INFO - Started process (PID=3014) to work on /opt/airflow/dags/dataset_user_processing.py
[2026-01-21T06:06:09.954+0000] {processor.py:914} INFO - Processing file /opt/airflow/dags/dataset_user_processing.py for tasks to queue
[2026-01-21T06:06:09.964+0000] {logging_mixin.py:190} INFO - [2026-01-21T06:06:09.962+0000] {dagbag.py:588} INFO - Filling up the DagBag from /opt/airflow/dags/dataset_user_processing.py
[2026-01-21T06:06:11.159+0000] {processor.py:925} INFO - DAG(s) 'user_processing_dataset' retrieved from /opt/airflow/dags/dataset_user_processing.py
[2026-01-21T06:06:11.212+0000] {logging_mixin.py:190} INFO - [2026-01-21T06:06:11.211+0000] {dag.py:3239} INFO - Sync 1 DAGs
[2026-01-21T06:06:11.280+0000] {logging_mixin.py:190} INFO - [2026-01-21T06:06:11.279+0000] {dag.py:4180} INFO - Setting next_dagrun for user_processing_dataset to 2026-01-20 00:00:00+00:00, run_after=2026-01-21 00:00:00+00:00
[2026-01-21T06:06:11.363+0000] {processor.py:208} INFO - Processing /opt/airflow/dags/dataset_user_processing.py took 1.434 seconds
[2026-01-21T06:06:41.599+0000] {processor.py:186} INFO - Started process (PID=3037) to work on /opt/airflow/dags/dataset_user_processing.py
[2026-01-21T06:06:41.602+0000] {processor.py:914} INFO - Processing file /opt/airflow/dags/dataset_user_processing.py for tasks to queue
[2026-01-21T06:06:41.609+0000] {logging_mixin.py:190} INFO - [2026-01-21T06:06:41.608+0000] {dagbag.py:588} INFO - Filling up the DagBag from /opt/airflow/dags/dataset_user_processing.py
[2026-01-21T06:06:42.929+0000] {processor.py:925} INFO - DAG(s) 'user_processing_dataset' retrieved from /opt/airflow/dags/dataset_user_processing.py
[2026-01-21T06:06:42.999+0000] {logging_mixin.py:190} INFO - [2026-01-21T06:06:42.998+0000] {dag.py:3239} INFO - Sync 1 DAGs
[2026-01-21T06:06:43.068+0000] {logging_mixin.py:190} INFO - [2026-01-21T06:06:43.068+0000] {dag.py:4180} INFO - Setting next_dagrun for user_processing_dataset to 2026-01-20 00:00:00+00:00, run_after=2026-01-21 00:00:00+00:00
[2026-01-21T06:06:43.139+0000] {processor.py:208} INFO - Processing /opt/airflow/dags/dataset_user_processing.py took 1.558 seconds
[2026-01-21T06:07:13.309+0000] {processor.py:186} INFO - Started process (PID=3068) to work on /opt/airflow/dags/dataset_user_processing.py
[2026-01-21T06:07:13.311+0000] {processor.py:914} INFO - Processing file /opt/airflow/dags/dataset_user_processing.py for tasks to queue
[2026-01-21T06:07:13.317+0000] {logging_mixin.py:190} INFO - [2026-01-21T06:07:13.317+0000] {dagbag.py:588} INFO - Filling up the DagBag from /opt/airflow/dags/dataset_user_processing.py
[2026-01-21T06:07:14.464+0000] {processor.py:925} INFO - DAG(s) 'user_processing_dataset' retrieved from /opt/airflow/dags/dataset_user_processing.py
[2026-01-21T06:07:14.525+0000] {logging_mixin.py:190} INFO - [2026-01-21T06:07:14.524+0000] {dag.py:3239} INFO - Sync 1 DAGs
[2026-01-21T06:07:14.592+0000] {logging_mixin.py:190} INFO - [2026-01-21T06:07:14.592+0000] {dag.py:4180} INFO - Setting next_dagrun for user_processing_dataset to 2026-01-20 00:00:00+00:00, run_after=2026-01-21 00:00:00+00:00
[2026-01-21T06:07:14.648+0000] {processor.py:208} INFO - Processing /opt/airflow/dags/dataset_user_processing.py took 1.356 seconds
[2026-01-21T06:07:45.016+0000] {processor.py:186} INFO - Started process (PID=3092) to work on /opt/airflow/dags/dataset_user_processing.py
[2026-01-21T06:07:45.045+0000] {processor.py:914} INFO - Processing file /opt/airflow/dags/dataset_user_processing.py for tasks to queue
[2026-01-21T06:07:45.052+0000] {logging_mixin.py:190} INFO - [2026-01-21T06:07:45.051+0000] {dagbag.py:588} INFO - Filling up the DagBag from /opt/airflow/dags/dataset_user_processing.py
[2026-01-21T06:07:46.194+0000] {processor.py:925} INFO - DAG(s) 'user_processing_dataset' retrieved from /opt/airflow/dags/dataset_user_processing.py
[2026-01-21T06:07:46.251+0000] {logging_mixin.py:190} INFO - [2026-01-21T06:07:46.250+0000] {dag.py:3239} INFO - Sync 1 DAGs
[2026-01-21T06:07:46.308+0000] {logging_mixin.py:190} INFO - [2026-01-21T06:07:46.307+0000] {dag.py:4180} INFO - Setting next_dagrun for user_processing_dataset to 2026-01-20 00:00:00+00:00, run_after=2026-01-21 00:00:00+00:00
[2026-01-21T06:07:46.371+0000] {processor.py:208} INFO - Processing /opt/airflow/dags/dataset_user_processing.py took 1.378 seconds
[2026-01-21T06:08:16.705+0000] {processor.py:186} INFO - Started process (PID=3116) to work on /opt/airflow/dags/dataset_user_processing.py
[2026-01-21T06:08:16.707+0000] {processor.py:914} INFO - Processing file /opt/airflow/dags/dataset_user_processing.py for tasks to queue
[2026-01-21T06:08:16.716+0000] {logging_mixin.py:190} INFO - [2026-01-21T06:08:16.715+0000] {dagbag.py:588} INFO - Filling up the DagBag from /opt/airflow/dags/dataset_user_processing.py
[2026-01-21T06:08:17.918+0000] {processor.py:925} INFO - DAG(s) 'user_processing_dataset' retrieved from /opt/airflow/dags/dataset_user_processing.py
[2026-01-21T06:08:17.982+0000] {logging_mixin.py:190} INFO - [2026-01-21T06:08:17.981+0000] {dag.py:3239} INFO - Sync 1 DAGs
[2026-01-21T06:08:18.065+0000] {logging_mixin.py:190} INFO - [2026-01-21T06:08:18.065+0000] {dag.py:4180} INFO - Setting next_dagrun for user_processing_dataset to 2026-01-20 00:00:00+00:00, run_after=2026-01-21 00:00:00+00:00
[2026-01-21T06:08:18.135+0000] {processor.py:208} INFO - Processing /opt/airflow/dags/dataset_user_processing.py took 1.449 seconds
[2026-01-21T06:08:48.591+0000] {processor.py:186} INFO - Started process (PID=3140) to work on /opt/airflow/dags/dataset_user_processing.py
[2026-01-21T06:08:48.593+0000] {processor.py:914} INFO - Processing file /opt/airflow/dags/dataset_user_processing.py for tasks to queue
[2026-01-21T06:08:48.601+0000] {logging_mixin.py:190} INFO - [2026-01-21T06:08:48.600+0000] {dagbag.py:588} INFO - Filling up the DagBag from /opt/airflow/dags/dataset_user_processing.py
[2026-01-21T06:08:49.792+0000] {processor.py:925} INFO - DAG(s) 'user_processing_dataset' retrieved from /opt/airflow/dags/dataset_user_processing.py
[2026-01-21T06:08:49.847+0000] {logging_mixin.py:190} INFO - [2026-01-21T06:08:49.846+0000] {dag.py:3239} INFO - Sync 1 DAGs
[2026-01-21T06:08:49.932+0000] {logging_mixin.py:190} INFO - [2026-01-21T06:08:49.931+0000] {dag.py:4180} INFO - Setting next_dagrun for user_processing_dataset to 2026-01-20 00:00:00+00:00, run_after=2026-01-21 00:00:00+00:00
[2026-01-21T06:08:50.032+0000] {processor.py:208} INFO - Processing /opt/airflow/dags/dataset_user_processing.py took 1.463 seconds
[2026-01-21T06:09:20.427+0000] {processor.py:186} INFO - Started process (PID=3164) to work on /opt/airflow/dags/dataset_user_processing.py
[2026-01-21T06:09:20.429+0000] {processor.py:914} INFO - Processing file /opt/airflow/dags/dataset_user_processing.py for tasks to queue
[2026-01-21T06:09:20.435+0000] {logging_mixin.py:190} INFO - [2026-01-21T06:09:20.434+0000] {dagbag.py:588} INFO - Filling up the DagBag from /opt/airflow/dags/dataset_user_processing.py
[2026-01-21T06:09:21.666+0000] {processor.py:925} INFO - DAG(s) 'user_processing_dataset' retrieved from /opt/airflow/dags/dataset_user_processing.py
[2026-01-21T06:09:21.725+0000] {logging_mixin.py:190} INFO - [2026-01-21T06:09:21.724+0000] {dag.py:3239} INFO - Sync 1 DAGs
[2026-01-21T06:09:21.799+0000] {logging_mixin.py:190} INFO - [2026-01-21T06:09:21.799+0000] {dag.py:4180} INFO - Setting next_dagrun for user_processing_dataset to 2026-01-20 00:00:00+00:00, run_after=2026-01-21 00:00:00+00:00
[2026-01-21T06:09:21.902+0000] {processor.py:208} INFO - Processing /opt/airflow/dags/dataset_user_processing.py took 1.496 seconds
[2026-01-21T06:09:52.487+0000] {processor.py:186} INFO - Started process (PID=3188) to work on /opt/airflow/dags/dataset_user_processing.py
[2026-01-21T06:09:52.490+0000] {processor.py:914} INFO - Processing file /opt/airflow/dags/dataset_user_processing.py for tasks to queue
[2026-01-21T06:09:52.496+0000] {logging_mixin.py:190} INFO - [2026-01-21T06:09:52.495+0000] {dagbag.py:588} INFO - Filling up the DagBag from /opt/airflow/dags/dataset_user_processing.py
[2026-01-21T06:09:53.721+0000] {processor.py:925} INFO - DAG(s) 'user_processing_dataset' retrieved from /opt/airflow/dags/dataset_user_processing.py
[2026-01-21T06:09:53.776+0000] {logging_mixin.py:190} INFO - [2026-01-21T06:09:53.774+0000] {dag.py:3239} INFO - Sync 1 DAGs
[2026-01-21T06:09:53.850+0000] {logging_mixin.py:190} INFO - [2026-01-21T06:09:53.850+0000] {dag.py:4180} INFO - Setting next_dagrun for user_processing_dataset to 2026-01-20 00:00:00+00:00, run_after=2026-01-21 00:00:00+00:00
[2026-01-21T06:09:53.914+0000] {processor.py:208} INFO - Processing /opt/airflow/dags/dataset_user_processing.py took 1.445 seconds
[2026-01-21T06:10:24.457+0000] {processor.py:186} INFO - Started process (PID=3212) to work on /opt/airflow/dags/dataset_user_processing.py
[2026-01-21T06:10:24.460+0000] {processor.py:914} INFO - Processing file /opt/airflow/dags/dataset_user_processing.py for tasks to queue
[2026-01-21T06:10:24.467+0000] {logging_mixin.py:190} INFO - [2026-01-21T06:10:24.466+0000] {dagbag.py:588} INFO - Filling up the DagBag from /opt/airflow/dags/dataset_user_processing.py
[2026-01-21T06:10:25.687+0000] {processor.py:925} INFO - DAG(s) 'user_processing_dataset' retrieved from /opt/airflow/dags/dataset_user_processing.py
[2026-01-21T06:10:25.741+0000] {logging_mixin.py:190} INFO - [2026-01-21T06:10:25.740+0000] {dag.py:3239} INFO - Sync 1 DAGs
[2026-01-21T06:10:25.804+0000] {logging_mixin.py:190} INFO - [2026-01-21T06:10:25.804+0000] {dag.py:4180} INFO - Setting next_dagrun for user_processing_dataset to 2026-01-20 00:00:00+00:00, run_after=2026-01-21 00:00:00+00:00
[2026-01-21T06:10:25.872+0000] {processor.py:208} INFO - Processing /opt/airflow/dags/dataset_user_processing.py took 1.432 seconds
[2026-01-21T06:10:56.555+0000] {processor.py:186} INFO - Started process (PID=3236) to work on /opt/airflow/dags/dataset_user_processing.py
[2026-01-21T06:10:56.558+0000] {processor.py:914} INFO - Processing file /opt/airflow/dags/dataset_user_processing.py for tasks to queue
[2026-01-21T06:10:56.566+0000] {logging_mixin.py:190} INFO - [2026-01-21T06:10:56.565+0000] {dagbag.py:588} INFO - Filling up the DagBag from /opt/airflow/dags/dataset_user_processing.py
[2026-01-21T06:10:57.875+0000] {processor.py:925} INFO - DAG(s) 'user_processing_dataset' retrieved from /opt/airflow/dags/dataset_user_processing.py
[2026-01-21T06:10:57.940+0000] {logging_mixin.py:190} INFO - [2026-01-21T06:10:57.938+0000] {dag.py:3239} INFO - Sync 1 DAGs
[2026-01-21T06:10:58.023+0000] {logging_mixin.py:190} INFO - [2026-01-21T06:10:58.022+0000] {dag.py:4180} INFO - Setting next_dagrun for user_processing_dataset to 2026-01-20 00:00:00+00:00, run_after=2026-01-21 00:00:00+00:00
[2026-01-21T06:10:58.096+0000] {processor.py:208} INFO - Processing /opt/airflow/dags/dataset_user_processing.py took 1.563 seconds
[2026-01-21T06:11:28.489+0000] {processor.py:186} INFO - Started process (PID=3260) to work on /opt/airflow/dags/dataset_user_processing.py
[2026-01-21T06:11:28.528+0000] {processor.py:914} INFO - Processing file /opt/airflow/dags/dataset_user_processing.py for tasks to queue
[2026-01-21T06:11:28.535+0000] {logging_mixin.py:190} INFO - [2026-01-21T06:11:28.534+0000] {dagbag.py:588} INFO - Filling up the DagBag from /opt/airflow/dags/dataset_user_processing.py
[2026-01-21T06:11:29.740+0000] {processor.py:925} INFO - DAG(s) 'user_processing_dataset' retrieved from /opt/airflow/dags/dataset_user_processing.py
[2026-01-21T06:11:29.803+0000] {logging_mixin.py:190} INFO - [2026-01-21T06:11:29.801+0000] {dag.py:3239} INFO - Sync 1 DAGs
[2026-01-21T06:11:29.869+0000] {logging_mixin.py:190} INFO - [2026-01-21T06:11:29.868+0000] {dag.py:4180} INFO - Setting next_dagrun for user_processing_dataset to 2026-01-20 00:00:00+00:00, run_after=2026-01-21 00:00:00+00:00
[2026-01-21T06:11:29.930+0000] {processor.py:208} INFO - Processing /opt/airflow/dags/dataset_user_processing.py took 1.467 seconds
[2026-01-21T06:12:00.903+0000] {processor.py:186} INFO - Started process (PID=3286) to work on /opt/airflow/dags/dataset_user_processing.py
[2026-01-21T06:12:00.906+0000] {processor.py:914} INFO - Processing file /opt/airflow/dags/dataset_user_processing.py for tasks to queue
[2026-01-21T06:12:00.914+0000] {logging_mixin.py:190} INFO - [2026-01-21T06:12:00.913+0000] {dagbag.py:588} INFO - Filling up the DagBag from /opt/airflow/dags/dataset_user_processing.py
[2026-01-21T06:12:02.114+0000] {processor.py:925} INFO - DAG(s) 'user_processing_dataset' retrieved from /opt/airflow/dags/dataset_user_processing.py
[2026-01-21T06:12:02.173+0000] {logging_mixin.py:190} INFO - [2026-01-21T06:12:02.172+0000] {dag.py:3239} INFO - Sync 1 DAGs
[2026-01-21T06:12:02.235+0000] {logging_mixin.py:190} INFO - [2026-01-21T06:12:02.234+0000] {dag.py:4180} INFO - Setting next_dagrun for user_processing_dataset to 2026-01-20 00:00:00+00:00, run_after=2026-01-21 00:00:00+00:00
[2026-01-21T06:12:02.297+0000] {processor.py:208} INFO - Processing /opt/airflow/dags/dataset_user_processing.py took 1.412 seconds
[2026-01-21T06:12:32.754+0000] {processor.py:186} INFO - Started process (PID=3311) to work on /opt/airflow/dags/dataset_user_processing.py
[2026-01-21T06:12:32.757+0000] {processor.py:914} INFO - Processing file /opt/airflow/dags/dataset_user_processing.py for tasks to queue
[2026-01-21T06:12:32.764+0000] {logging_mixin.py:190} INFO - [2026-01-21T06:12:32.764+0000] {dagbag.py:588} INFO - Filling up the DagBag from /opt/airflow/dags/dataset_user_processing.py
[2026-01-21T06:12:34.011+0000] {processor.py:925} INFO - DAG(s) 'user_processing_dataset' retrieved from /opt/airflow/dags/dataset_user_processing.py
[2026-01-21T06:12:34.069+0000] {logging_mixin.py:190} INFO - [2026-01-21T06:12:34.068+0000] {dag.py:3239} INFO - Sync 1 DAGs
[2026-01-21T06:12:34.132+0000] {logging_mixin.py:190} INFO - [2026-01-21T06:12:34.131+0000] {dag.py:4180} INFO - Setting next_dagrun for user_processing_dataset to 2026-01-20 00:00:00+00:00, run_after=2026-01-21 00:00:00+00:00
[2026-01-21T06:12:34.233+0000] {processor.py:208} INFO - Processing /opt/airflow/dags/dataset_user_processing.py took 1.499 seconds
[2026-01-21T06:13:04.866+0000] {processor.py:186} INFO - Started process (PID=3336) to work on /opt/airflow/dags/dataset_user_processing.py
[2026-01-21T06:13:04.869+0000] {processor.py:914} INFO - Processing file /opt/airflow/dags/dataset_user_processing.py for tasks to queue
[2026-01-21T06:13:04.878+0000] {logging_mixin.py:190} INFO - [2026-01-21T06:13:04.878+0000] {dagbag.py:588} INFO - Filling up the DagBag from /opt/airflow/dags/dataset_user_processing.py
[2026-01-21T06:13:06.061+0000] {processor.py:925} INFO - DAG(s) 'user_processing_dataset' retrieved from /opt/airflow/dags/dataset_user_processing.py
[2026-01-21T06:13:06.113+0000] {logging_mixin.py:190} INFO - [2026-01-21T06:13:06.112+0000] {dag.py:3239} INFO - Sync 1 DAGs
[2026-01-21T06:13:06.183+0000] {logging_mixin.py:190} INFO - [2026-01-21T06:13:06.182+0000] {dag.py:4180} INFO - Setting next_dagrun for user_processing_dataset to 2026-01-20 00:00:00+00:00, run_after=2026-01-21 00:00:00+00:00
[2026-01-21T06:13:06.286+0000] {processor.py:208} INFO - Processing /opt/airflow/dags/dataset_user_processing.py took 1.439 seconds
[2026-01-21T06:13:36.638+0000] {processor.py:186} INFO - Started process (PID=3360) to work on /opt/airflow/dags/dataset_user_processing.py
[2026-01-21T06:13:36.641+0000] {processor.py:914} INFO - Processing file /opt/airflow/dags/dataset_user_processing.py for tasks to queue
[2026-01-21T06:13:36.649+0000] {logging_mixin.py:190} INFO - [2026-01-21T06:13:36.649+0000] {dagbag.py:588} INFO - Filling up the DagBag from /opt/airflow/dags/dataset_user_processing.py
[2026-01-21T06:13:37.788+0000] {processor.py:925} INFO - DAG(s) 'user_processing_dataset' retrieved from /opt/airflow/dags/dataset_user_processing.py
[2026-01-21T06:13:37.839+0000] {logging_mixin.py:190} INFO - [2026-01-21T06:13:37.838+0000] {dag.py:3239} INFO - Sync 1 DAGs
[2026-01-21T06:13:37.899+0000] {logging_mixin.py:190} INFO - [2026-01-21T06:13:37.899+0000] {dag.py:4180} INFO - Setting next_dagrun for user_processing_dataset to 2026-01-20 00:00:00+00:00, run_after=2026-01-21 00:00:00+00:00
[2026-01-21T06:13:37.998+0000] {processor.py:208} INFO - Processing /opt/airflow/dags/dataset_user_processing.py took 1.379 seconds
[2026-01-21T06:14:08.366+0000] {processor.py:186} INFO - Started process (PID=3384) to work on /opt/airflow/dags/dataset_user_processing.py
[2026-01-21T06:14:08.369+0000] {processor.py:914} INFO - Processing file /opt/airflow/dags/dataset_user_processing.py for tasks to queue
[2026-01-21T06:14:08.376+0000] {logging_mixin.py:190} INFO - [2026-01-21T06:14:08.375+0000] {dagbag.py:588} INFO - Filling up the DagBag from /opt/airflow/dags/dataset_user_processing.py
[2026-01-21T06:14:09.479+0000] {processor.py:925} INFO - DAG(s) 'user_processing_dataset' retrieved from /opt/airflow/dags/dataset_user_processing.py
[2026-01-21T06:14:09.532+0000] {logging_mixin.py:190} INFO - [2026-01-21T06:14:09.530+0000] {dag.py:3239} INFO - Sync 1 DAGs
[2026-01-21T06:14:09.588+0000] {logging_mixin.py:190} INFO - [2026-01-21T06:14:09.587+0000] {dag.py:4180} INFO - Setting next_dagrun for user_processing_dataset to 2026-01-20 00:00:00+00:00, run_after=2026-01-21 00:00:00+00:00
[2026-01-21T06:14:09.636+0000] {processor.py:208} INFO - Processing /opt/airflow/dags/dataset_user_processing.py took 1.294 seconds
[2026-01-21T06:14:40.107+0000] {processor.py:186} INFO - Started process (PID=3408) to work on /opt/airflow/dags/dataset_user_processing.py
[2026-01-21T06:14:40.110+0000] {processor.py:914} INFO - Processing file /opt/airflow/dags/dataset_user_processing.py for tasks to queue
[2026-01-21T06:14:40.116+0000] {logging_mixin.py:190} INFO - [2026-01-21T06:14:40.116+0000] {dagbag.py:588} INFO - Filling up the DagBag from /opt/airflow/dags/dataset_user_processing.py
[2026-01-21T06:14:41.283+0000] {processor.py:925} INFO - DAG(s) 'user_processing_dataset' retrieved from /opt/airflow/dags/dataset_user_processing.py
[2026-01-21T06:14:41.333+0000] {logging_mixin.py:190} INFO - [2026-01-21T06:14:41.332+0000] {dag.py:3239} INFO - Sync 1 DAGs
[2026-01-21T06:14:41.392+0000] {logging_mixin.py:190} INFO - [2026-01-21T06:14:41.391+0000] {dag.py:4180} INFO - Setting next_dagrun for user_processing_dataset to 2026-01-20 00:00:00+00:00, run_after=2026-01-21 00:00:00+00:00
[2026-01-21T06:14:41.490+0000] {processor.py:208} INFO - Processing /opt/airflow/dags/dataset_user_processing.py took 1.401 seconds
[2026-01-21T06:15:12.201+0000] {processor.py:186} INFO - Started process (PID=3432) to work on /opt/airflow/dags/dataset_user_processing.py
[2026-01-21T06:15:12.221+0000] {processor.py:914} INFO - Processing file /opt/airflow/dags/dataset_user_processing.py for tasks to queue
[2026-01-21T06:15:12.228+0000] {logging_mixin.py:190} INFO - [2026-01-21T06:15:12.227+0000] {dagbag.py:588} INFO - Filling up the DagBag from /opt/airflow/dags/dataset_user_processing.py
[2026-01-21T06:15:13.353+0000] {processor.py:925} INFO - DAG(s) 'user_processing_dataset' retrieved from /opt/airflow/dags/dataset_user_processing.py
[2026-01-21T06:15:13.402+0000] {logging_mixin.py:190} INFO - [2026-01-21T06:15:13.401+0000] {dag.py:3239} INFO - Sync 1 DAGs
[2026-01-21T06:15:13.465+0000] {logging_mixin.py:190} INFO - [2026-01-21T06:15:13.465+0000] {dag.py:4180} INFO - Setting next_dagrun for user_processing_dataset to 2026-01-20 00:00:00+00:00, run_after=2026-01-21 00:00:00+00:00
[2026-01-21T06:15:13.566+0000] {processor.py:208} INFO - Processing /opt/airflow/dags/dataset_user_processing.py took 1.380 seconds
[2026-01-21T06:15:43.778+0000] {processor.py:186} INFO - Started process (PID=3456) to work on /opt/airflow/dags/dataset_user_processing.py
[2026-01-21T06:15:43.781+0000] {processor.py:914} INFO - Processing file /opt/airflow/dags/dataset_user_processing.py for tasks to queue
[2026-01-21T06:15:43.789+0000] {logging_mixin.py:190} INFO - [2026-01-21T06:15:43.787+0000] {dagbag.py:588} INFO - Filling up the DagBag from /opt/airflow/dags/dataset_user_processing.py
[2026-01-21T06:15:45.017+0000] {processor.py:925} INFO - DAG(s) 'user_processing_dataset' retrieved from /opt/airflow/dags/dataset_user_processing.py
[2026-01-21T06:15:45.079+0000] {logging_mixin.py:190} INFO - [2026-01-21T06:15:45.078+0000] {dag.py:3239} INFO - Sync 1 DAGs
[2026-01-21T06:15:45.168+0000] {logging_mixin.py:190} INFO - [2026-01-21T06:15:45.167+0000] {dag.py:4180} INFO - Setting next_dagrun for user_processing_dataset to 2026-01-20 00:00:00+00:00, run_after=2026-01-21 00:00:00+00:00
[2026-01-21T06:15:45.233+0000] {processor.py:208} INFO - Processing /opt/airflow/dags/dataset_user_processing.py took 1.481 seconds
[2026-01-21T06:16:15.633+0000] {processor.py:186} INFO - Started process (PID=3485) to work on /opt/airflow/dags/dataset_user_processing.py
[2026-01-21T06:16:15.636+0000] {processor.py:914} INFO - Processing file /opt/airflow/dags/dataset_user_processing.py for tasks to queue
[2026-01-21T06:16:15.642+0000] {logging_mixin.py:190} INFO - [2026-01-21T06:16:15.641+0000] {dagbag.py:588} INFO - Filling up the DagBag from /opt/airflow/dags/dataset_user_processing.py
[2026-01-21T06:16:16.838+0000] {processor.py:925} INFO - DAG(s) 'user_processing_dataset' retrieved from /opt/airflow/dags/dataset_user_processing.py
[2026-01-21T06:16:16.888+0000] {logging_mixin.py:190} INFO - [2026-01-21T06:16:16.887+0000] {dag.py:3239} INFO - Sync 1 DAGs
[2026-01-21T06:16:16.949+0000] {logging_mixin.py:190} INFO - [2026-01-21T06:16:16.949+0000] {dag.py:4180} INFO - Setting next_dagrun for user_processing_dataset to 2026-01-20 00:00:00+00:00, run_after=2026-01-21 00:00:00+00:00
[2026-01-21T06:16:17.058+0000] {processor.py:208} INFO - Processing /opt/airflow/dags/dataset_user_processing.py took 1.447 seconds
[2026-01-21T06:16:47.593+0000] {processor.py:186} INFO - Started process (PID=3509) to work on /opt/airflow/dags/dataset_user_processing.py
[2026-01-21T06:16:47.594+0000] {processor.py:914} INFO - Processing file /opt/airflow/dags/dataset_user_processing.py for tasks to queue
[2026-01-21T06:16:47.602+0000] {logging_mixin.py:190} INFO - [2026-01-21T06:16:47.601+0000] {dagbag.py:588} INFO - Filling up the DagBag from /opt/airflow/dags/dataset_user_processing.py
[2026-01-21T06:16:48.750+0000] {processor.py:925} INFO - DAG(s) 'user_processing_dataset' retrieved from /opt/airflow/dags/dataset_user_processing.py
[2026-01-21T06:16:48.820+0000] {logging_mixin.py:190} INFO - [2026-01-21T06:16:48.819+0000] {dag.py:3239} INFO - Sync 1 DAGs
[2026-01-21T06:16:48.886+0000] {logging_mixin.py:190} INFO - [2026-01-21T06:16:48.885+0000] {dag.py:4180} INFO - Setting next_dagrun for user_processing_dataset to 2026-01-20 00:00:00+00:00, run_after=2026-01-21 00:00:00+00:00
[2026-01-21T06:16:48.947+0000] {processor.py:208} INFO - Processing /opt/airflow/dags/dataset_user_processing.py took 1.371 seconds
[2026-01-21T06:17:19.287+0000] {processor.py:186} INFO - Started process (PID=3533) to work on /opt/airflow/dags/dataset_user_processing.py
[2026-01-21T06:17:19.289+0000] {processor.py:914} INFO - Processing file /opt/airflow/dags/dataset_user_processing.py for tasks to queue
[2026-01-21T06:17:19.298+0000] {logging_mixin.py:190} INFO - [2026-01-21T06:17:19.296+0000] {dagbag.py:588} INFO - Filling up the DagBag from /opt/airflow/dags/dataset_user_processing.py
[2026-01-21T06:17:20.491+0000] {processor.py:925} INFO - DAG(s) 'user_processing_dataset' retrieved from /opt/airflow/dags/dataset_user_processing.py
[2026-01-21T06:17:20.543+0000] {logging_mixin.py:190} INFO - [2026-01-21T06:17:20.542+0000] {dag.py:3239} INFO - Sync 1 DAGs
[2026-01-21T06:17:20.602+0000] {logging_mixin.py:190} INFO - [2026-01-21T06:17:20.601+0000] {dag.py:4180} INFO - Setting next_dagrun for user_processing_dataset to 2026-01-20 00:00:00+00:00, run_after=2026-01-21 00:00:00+00:00
[2026-01-21T06:17:20.700+0000] {processor.py:208} INFO - Processing /opt/airflow/dags/dataset_user_processing.py took 1.428 seconds
[2026-01-21T06:17:50.974+0000] {processor.py:186} INFO - Started process (PID=3557) to work on /opt/airflow/dags/dataset_user_processing.py
[2026-01-21T06:17:50.977+0000] {processor.py:914} INFO - Processing file /opt/airflow/dags/dataset_user_processing.py for tasks to queue
[2026-01-21T06:17:50.985+0000] {logging_mixin.py:190} INFO - [2026-01-21T06:17:50.984+0000] {dagbag.py:588} INFO - Filling up the DagBag from /opt/airflow/dags/dataset_user_processing.py
[2026-01-21T06:17:52.136+0000] {processor.py:925} INFO - DAG(s) 'user_processing_dataset' retrieved from /opt/airflow/dags/dataset_user_processing.py
[2026-01-21T06:17:52.188+0000] {logging_mixin.py:190} INFO - [2026-01-21T06:17:52.187+0000] {dag.py:3239} INFO - Sync 1 DAGs
[2026-01-21T06:17:52.247+0000] {logging_mixin.py:190} INFO - [2026-01-21T06:17:52.247+0000] {dag.py:4180} INFO - Setting next_dagrun for user_processing_dataset to 2026-01-20 00:00:00+00:00, run_after=2026-01-21 00:00:00+00:00
[2026-01-21T06:17:52.344+0000] {processor.py:208} INFO - Processing /opt/airflow/dags/dataset_user_processing.py took 1.391 seconds
[2026-01-21T06:18:22.793+0000] {processor.py:186} INFO - Started process (PID=3582) to work on /opt/airflow/dags/dataset_user_processing.py
[2026-01-21T06:18:22.796+0000] {processor.py:914} INFO - Processing file /opt/airflow/dags/dataset_user_processing.py for tasks to queue
[2026-01-21T06:18:22.806+0000] {logging_mixin.py:190} INFO - [2026-01-21T06:18:22.803+0000] {dagbag.py:588} INFO - Filling up the DagBag from /opt/airflow/dags/dataset_user_processing.py
[2026-01-21T06:18:24.005+0000] {processor.py:925} INFO - DAG(s) 'user_processing_dataset' retrieved from /opt/airflow/dags/dataset_user_processing.py
[2026-01-21T06:18:24.056+0000] {logging_mixin.py:190} INFO - [2026-01-21T06:18:24.055+0000] {dag.py:3239} INFO - Sync 1 DAGs
[2026-01-21T06:18:24.116+0000] {logging_mixin.py:190} INFO - [2026-01-21T06:18:24.116+0000] {dag.py:4180} INFO - Setting next_dagrun for user_processing_dataset to 2026-01-20 00:00:00+00:00, run_after=2026-01-21 00:00:00+00:00
[2026-01-21T06:18:24.215+0000] {processor.py:208} INFO - Processing /opt/airflow/dags/dataset_user_processing.py took 1.442 seconds
[2026-01-21T06:18:54.695+0000] {processor.py:186} INFO - Started process (PID=3607) to work on /opt/airflow/dags/dataset_user_processing.py
[2026-01-21T06:18:54.697+0000] {processor.py:914} INFO - Processing file /opt/airflow/dags/dataset_user_processing.py for tasks to queue
[2026-01-21T06:18:54.704+0000] {logging_mixin.py:190} INFO - [2026-01-21T06:18:54.703+0000] {dagbag.py:588} INFO - Filling up the DagBag from /opt/airflow/dags/dataset_user_processing.py
[2026-01-21T06:18:55.925+0000] {processor.py:925} INFO - DAG(s) 'user_processing_dataset' retrieved from /opt/airflow/dags/dataset_user_processing.py
[2026-01-21T06:18:55.979+0000] {logging_mixin.py:190} INFO - [2026-01-21T06:18:55.978+0000] {dag.py:3239} INFO - Sync 1 DAGs
[2026-01-21T06:18:56.031+0000] {logging_mixin.py:190} INFO - [2026-01-21T06:18:56.030+0000] {dag.py:4180} INFO - Setting next_dagrun for user_processing_dataset to 2026-01-20 00:00:00+00:00, run_after=2026-01-21 00:00:00+00:00
[2026-01-21T06:18:56.142+0000] {processor.py:208} INFO - Processing /opt/airflow/dags/dataset_user_processing.py took 1.467 seconds
[2026-01-21T06:19:26.425+0000] {processor.py:186} INFO - Started process (PID=3631) to work on /opt/airflow/dags/dataset_user_processing.py
[2026-01-21T06:19:26.427+0000] {processor.py:914} INFO - Processing file /opt/airflow/dags/dataset_user_processing.py for tasks to queue
[2026-01-21T06:19:26.436+0000] {logging_mixin.py:190} INFO - [2026-01-21T06:19:26.434+0000] {dagbag.py:588} INFO - Filling up the DagBag from /opt/airflow/dags/dataset_user_processing.py
[2026-01-21T06:19:27.611+0000] {processor.py:925} INFO - DAG(s) 'user_processing_dataset' retrieved from /opt/airflow/dags/dataset_user_processing.py
[2026-01-21T06:19:27.661+0000] {logging_mixin.py:190} INFO - [2026-01-21T06:19:27.660+0000] {dag.py:3239} INFO - Sync 1 DAGs
[2026-01-21T06:19:27.718+0000] {logging_mixin.py:190} INFO - [2026-01-21T06:19:27.718+0000] {dag.py:4180} INFO - Setting next_dagrun for user_processing_dataset to 2026-01-20 00:00:00+00:00, run_after=2026-01-21 00:00:00+00:00
[2026-01-21T06:19:27.816+0000] {processor.py:208} INFO - Processing /opt/airflow/dags/dataset_user_processing.py took 1.411 seconds
[2026-01-21T06:19:57.953+0000] {processor.py:186} INFO - Started process (PID=3655) to work on /opt/airflow/dags/dataset_user_processing.py
[2026-01-21T06:19:57.956+0000] {processor.py:914} INFO - Processing file /opt/airflow/dags/dataset_user_processing.py for tasks to queue
[2026-01-21T06:19:57.964+0000] {logging_mixin.py:190} INFO - [2026-01-21T06:19:57.962+0000] {dagbag.py:588} INFO - Filling up the DagBag from /opt/airflow/dags/dataset_user_processing.py
[2026-01-21T06:19:59.130+0000] {processor.py:925} INFO - DAG(s) 'user_processing_dataset' retrieved from /opt/airflow/dags/dataset_user_processing.py
[2026-01-21T06:19:59.186+0000] {logging_mixin.py:190} INFO - [2026-01-21T06:19:59.185+0000] {dag.py:3239} INFO - Sync 1 DAGs
[2026-01-21T06:19:59.245+0000] {logging_mixin.py:190} INFO - [2026-01-21T06:19:59.245+0000] {dag.py:4180} INFO - Setting next_dagrun for user_processing_dataset to 2026-01-20 00:00:00+00:00, run_after=2026-01-21 00:00:00+00:00
[2026-01-21T06:19:59.302+0000] {processor.py:208} INFO - Processing /opt/airflow/dags/dataset_user_processing.py took 1.367 seconds
[2026-01-21T06:20:29.425+0000] {processor.py:186} INFO - Started process (PID=3679) to work on /opt/airflow/dags/dataset_user_processing.py
[2026-01-21T06:20:29.428+0000] {processor.py:914} INFO - Processing file /opt/airflow/dags/dataset_user_processing.py for tasks to queue
[2026-01-21T06:20:29.434+0000] {logging_mixin.py:190} INFO - [2026-01-21T06:20:29.434+0000] {dagbag.py:588} INFO - Filling up the DagBag from /opt/airflow/dags/dataset_user_processing.py
[2026-01-21T06:20:30.557+0000] {processor.py:925} INFO - DAG(s) 'user_processing_dataset' retrieved from /opt/airflow/dags/dataset_user_processing.py
[2026-01-21T06:20:30.609+0000] {logging_mixin.py:190} INFO - [2026-01-21T06:20:30.608+0000] {dag.py:3239} INFO - Sync 1 DAGs
[2026-01-21T06:20:30.667+0000] {logging_mixin.py:190} INFO - [2026-01-21T06:20:30.667+0000] {dag.py:4180} INFO - Setting next_dagrun for user_processing_dataset to 2026-01-20 00:00:00+00:00, run_after=2026-01-21 00:00:00+00:00
[2026-01-21T06:20:30.760+0000] {processor.py:208} INFO - Processing /opt/airflow/dags/dataset_user_processing.py took 1.351 seconds
[2026-01-21T06:21:00.983+0000] {processor.py:186} INFO - Started process (PID=3702) to work on /opt/airflow/dags/dataset_user_processing.py
[2026-01-21T06:21:00.986+0000] {processor.py:914} INFO - Processing file /opt/airflow/dags/dataset_user_processing.py for tasks to queue
[2026-01-21T06:21:00.992+0000] {logging_mixin.py:190} INFO - [2026-01-21T06:21:00.991+0000] {dagbag.py:588} INFO - Filling up the DagBag from /opt/airflow/dags/dataset_user_processing.py
[2026-01-21T06:21:02.277+0000] {processor.py:925} INFO - DAG(s) 'user_processing_dataset' retrieved from /opt/airflow/dags/dataset_user_processing.py
[2026-01-21T06:21:02.353+0000] {logging_mixin.py:190} INFO - [2026-01-21T06:21:02.352+0000] {dag.py:3239} INFO - Sync 1 DAGs
[2026-01-21T06:21:02.434+0000] {logging_mixin.py:190} INFO - [2026-01-21T06:21:02.433+0000] {dag.py:4180} INFO - Setting next_dagrun for user_processing_dataset to 2026-01-20 00:00:00+00:00, run_after=2026-01-21 00:00:00+00:00
[2026-01-21T06:21:02.501+0000] {processor.py:208} INFO - Processing /opt/airflow/dags/dataset_user_processing.py took 1.537 seconds
[2026-01-21T06:56:01.507+0000] {processor.py:186} INFO - Started process (PID=68) to work on /opt/airflow/dags/dataset_user_processing.py
[2026-01-21T06:56:01.509+0000] {processor.py:914} INFO - Processing file /opt/airflow/dags/dataset_user_processing.py for tasks to queue
[2026-01-21T06:56:01.517+0000] {logging_mixin.py:190} INFO - [2026-01-21T06:56:01.517+0000] {dagbag.py:588} INFO - Filling up the DagBag from /opt/airflow/dags/dataset_user_processing.py
[2026-01-21T06:56:04.619+0000] {processor.py:925} INFO - DAG(s) 'user_processing_dataset' retrieved from /opt/airflow/dags/dataset_user_processing.py
[2026-01-21T06:56:04.700+0000] {logging_mixin.py:190} INFO - [2026-01-21T06:56:04.699+0000] {dag.py:3239} INFO - Sync 1 DAGs
[2026-01-21T06:56:04.877+0000] {logging_mixin.py:190} INFO - [2026-01-21T06:56:04.876+0000] {dag.py:4180} INFO - Setting next_dagrun for user_processing_dataset to 2026-01-20 00:00:00+00:00, run_after=2026-01-21 00:00:00+00:00
[2026-01-21T06:56:05.020+0000] {processor.py:208} INFO - Processing /opt/airflow/dags/dataset_user_processing.py took 3.524 seconds
[2026-01-21T06:56:35.206+0000] {processor.py:186} INFO - Started process (PID=90) to work on /opt/airflow/dags/dataset_user_processing.py
[2026-01-21T06:56:35.207+0000] {processor.py:914} INFO - Processing file /opt/airflow/dags/dataset_user_processing.py for tasks to queue
[2026-01-21T06:56:35.209+0000] {logging_mixin.py:190} INFO - [2026-01-21T06:56:35.209+0000] {dagbag.py:588} INFO - Filling up the DagBag from /opt/airflow/dags/dataset_user_processing.py
[2026-01-21T06:56:35.709+0000] {processor.py:925} INFO - DAG(s) 'user_processing_dataset' retrieved from /opt/airflow/dags/dataset_user_processing.py
[2026-01-21T06:56:35.727+0000] {logging_mixin.py:190} INFO - [2026-01-21T06:56:35.726+0000] {dag.py:3239} INFO - Sync 1 DAGs
[2026-01-21T06:56:35.744+0000] {logging_mixin.py:190} INFO - [2026-01-21T06:56:35.744+0000] {dag.py:4180} INFO - Setting next_dagrun for user_processing_dataset to 2026-01-20 00:00:00+00:00, run_after=2026-01-21 00:00:00+00:00
[2026-01-21T06:56:35.758+0000] {processor.py:208} INFO - Processing /opt/airflow/dags/dataset_user_processing.py took 0.559 seconds
[2026-01-21T06:57:06.000+0000] {processor.py:186} INFO - Started process (PID=114) to work on /opt/airflow/dags/dataset_user_processing.py
[2026-01-21T06:57:06.002+0000] {processor.py:914} INFO - Processing file /opt/airflow/dags/dataset_user_processing.py for tasks to queue
[2026-01-21T06:57:06.004+0000] {logging_mixin.py:190} INFO - [2026-01-21T06:57:06.004+0000] {dagbag.py:588} INFO - Filling up the DagBag from /opt/airflow/dags/dataset_user_processing.py
[2026-01-21T06:57:06.421+0000] {processor.py:925} INFO - DAG(s) 'user_processing_dataset' retrieved from /opt/airflow/dags/dataset_user_processing.py
[2026-01-21T06:57:06.438+0000] {logging_mixin.py:190} INFO - [2026-01-21T06:57:06.437+0000] {dag.py:3239} INFO - Sync 1 DAGs
[2026-01-21T06:57:06.456+0000] {logging_mixin.py:190} INFO - [2026-01-21T06:57:06.456+0000] {dag.py:4180} INFO - Setting next_dagrun for user_processing_dataset to 2026-01-20 00:00:00+00:00, run_after=2026-01-21 00:00:00+00:00
[2026-01-21T06:57:06.482+0000] {processor.py:208} INFO - Processing /opt/airflow/dags/dataset_user_processing.py took 0.490 seconds
[2026-01-21T06:57:37.423+0000] {processor.py:186} INFO - Started process (PID=138) to work on /opt/airflow/dags/dataset_user_processing.py
[2026-01-21T06:57:37.423+0000] {processor.py:914} INFO - Processing file /opt/airflow/dags/dataset_user_processing.py for tasks to queue
[2026-01-21T06:57:37.425+0000] {logging_mixin.py:190} INFO - [2026-01-21T06:57:37.425+0000] {dagbag.py:588} INFO - Filling up the DagBag from /opt/airflow/dags/dataset_user_processing.py
[2026-01-21T06:57:37.921+0000] {processor.py:925} INFO - DAG(s) 'user_processing_dataset' retrieved from /opt/airflow/dags/dataset_user_processing.py
[2026-01-21T06:57:37.940+0000] {logging_mixin.py:190} INFO - [2026-01-21T06:57:37.940+0000] {dag.py:3239} INFO - Sync 1 DAGs
[2026-01-21T06:57:37.961+0000] {logging_mixin.py:190} INFO - [2026-01-21T06:57:37.961+0000] {dag.py:4180} INFO - Setting next_dagrun for user_processing_dataset to 2026-01-20 00:00:00+00:00, run_after=2026-01-21 00:00:00+00:00
[2026-01-21T06:57:37.981+0000] {processor.py:208} INFO - Processing /opt/airflow/dags/dataset_user_processing.py took 0.565 seconds
[2026-01-21T06:58:08.708+0000] {processor.py:186} INFO - Started process (PID=162) to work on /opt/airflow/dags/dataset_user_processing.py
[2026-01-21T06:58:08.710+0000] {processor.py:914} INFO - Processing file /opt/airflow/dags/dataset_user_processing.py for tasks to queue
[2026-01-21T06:58:08.713+0000] {logging_mixin.py:190} INFO - [2026-01-21T06:58:08.712+0000] {dagbag.py:588} INFO - Filling up the DagBag from /opt/airflow/dags/dataset_user_processing.py
[2026-01-21T06:58:09.099+0000] {processor.py:925} INFO - DAG(s) 'user_processing_dataset' retrieved from /opt/airflow/dags/dataset_user_processing.py
[2026-01-21T06:58:09.115+0000] {logging_mixin.py:190} INFO - [2026-01-21T06:58:09.114+0000] {dag.py:3239} INFO - Sync 1 DAGs
[2026-01-21T06:58:09.132+0000] {logging_mixin.py:190} INFO - [2026-01-21T06:58:09.132+0000] {dag.py:4180} INFO - Setting next_dagrun for user_processing_dataset to 2026-01-20 00:00:00+00:00, run_after=2026-01-21 00:00:00+00:00
[2026-01-21T06:58:09.148+0000] {processor.py:208} INFO - Processing /opt/airflow/dags/dataset_user_processing.py took 0.450 seconds
[2026-01-21T06:58:39.206+0000] {processor.py:186} INFO - Started process (PID=186) to work on /opt/airflow/dags/dataset_user_processing.py
[2026-01-21T06:58:39.207+0000] {processor.py:914} INFO - Processing file /opt/airflow/dags/dataset_user_processing.py for tasks to queue
[2026-01-21T06:58:39.212+0000] {logging_mixin.py:190} INFO - [2026-01-21T06:58:39.211+0000] {dagbag.py:588} INFO - Filling up the DagBag from /opt/airflow/dags/dataset_user_processing.py
[2026-01-21T06:58:39.623+0000] {processor.py:925} INFO - DAG(s) 'user_processing_dataset' retrieved from /opt/airflow/dags/dataset_user_processing.py
[2026-01-21T06:58:39.638+0000] {logging_mixin.py:190} INFO - [2026-01-21T06:58:39.638+0000] {dag.py:3239} INFO - Sync 1 DAGs
[2026-01-21T06:58:39.655+0000] {logging_mixin.py:190} INFO - [2026-01-21T06:58:39.655+0000] {dag.py:4180} INFO - Setting next_dagrun for user_processing_dataset to 2026-01-20 00:00:00+00:00, run_after=2026-01-21 00:00:00+00:00
[2026-01-21T06:58:39.692+0000] {processor.py:208} INFO - Processing /opt/airflow/dags/dataset_user_processing.py took 0.496 seconds
[2026-01-21T06:59:10.580+0000] {processor.py:186} INFO - Started process (PID=216) to work on /opt/airflow/dags/dataset_user_processing.py
[2026-01-21T06:59:10.581+0000] {processor.py:914} INFO - Processing file /opt/airflow/dags/dataset_user_processing.py for tasks to queue
[2026-01-21T06:59:10.583+0000] {logging_mixin.py:190} INFO - [2026-01-21T06:59:10.583+0000] {dagbag.py:588} INFO - Filling up the DagBag from /opt/airflow/dags/dataset_user_processing.py
[2026-01-21T06:59:11.288+0000] {processor.py:925} INFO - DAG(s) 'user_processing_dataset' retrieved from /opt/airflow/dags/dataset_user_processing.py
[2026-01-21T06:59:11.321+0000] {logging_mixin.py:190} INFO - [2026-01-21T06:59:11.320+0000] {dag.py:3239} INFO - Sync 1 DAGs
[2026-01-21T06:59:11.357+0000] {logging_mixin.py:190} INFO - [2026-01-21T06:59:11.357+0000] {dag.py:4180} INFO - Setting next_dagrun for user_processing_dataset to 2026-01-20 00:00:00+00:00, run_after=2026-01-21 00:00:00+00:00
[2026-01-21T06:59:11.376+0000] {processor.py:208} INFO - Processing /opt/airflow/dags/dataset_user_processing.py took 0.801 seconds
[2026-01-21T06:59:42.303+0000] {processor.py:186} INFO - Started process (PID=240) to work on /opt/airflow/dags/dataset_user_processing.py
[2026-01-21T06:59:42.304+0000] {processor.py:914} INFO - Processing file /opt/airflow/dags/dataset_user_processing.py for tasks to queue
[2026-01-21T06:59:42.307+0000] {logging_mixin.py:190} INFO - [2026-01-21T06:59:42.306+0000] {dagbag.py:588} INFO - Filling up the DagBag from /opt/airflow/dags/dataset_user_processing.py
[2026-01-21T06:59:42.872+0000] {processor.py:925} INFO - DAG(s) 'user_processing_dataset' retrieved from /opt/airflow/dags/dataset_user_processing.py
[2026-01-21T06:59:42.887+0000] {logging_mixin.py:190} INFO - [2026-01-21T06:59:42.886+0000] {dag.py:3239} INFO - Sync 1 DAGs
[2026-01-21T06:59:42.903+0000] {logging_mixin.py:190} INFO - [2026-01-21T06:59:42.903+0000] {dag.py:4180} INFO - Setting next_dagrun for user_processing_dataset to 2026-01-20 00:00:00+00:00, run_after=2026-01-21 00:00:00+00:00
[2026-01-21T06:59:42.920+0000] {processor.py:208} INFO - Processing /opt/airflow/dags/dataset_user_processing.py took 0.625 seconds
[2026-01-21T07:00:13.977+0000] {processor.py:186} INFO - Started process (PID=265) to work on /opt/airflow/dags/dataset_user_processing.py
[2026-01-21T07:00:13.978+0000] {processor.py:914} INFO - Processing file /opt/airflow/dags/dataset_user_processing.py for tasks to queue
[2026-01-21T07:00:13.980+0000] {logging_mixin.py:190} INFO - [2026-01-21T07:00:13.980+0000] {dagbag.py:588} INFO - Filling up the DagBag from /opt/airflow/dags/dataset_user_processing.py
[2026-01-21T07:00:14.459+0000] {processor.py:925} INFO - DAG(s) 'user_processing_dataset' retrieved from /opt/airflow/dags/dataset_user_processing.py
[2026-01-21T07:00:14.491+0000] {logging_mixin.py:190} INFO - [2026-01-21T07:00:14.490+0000] {dag.py:3239} INFO - Sync 1 DAGs
[2026-01-21T07:00:14.509+0000] {logging_mixin.py:190} INFO - [2026-01-21T07:00:14.509+0000] {dag.py:4180} INFO - Setting next_dagrun for user_processing_dataset to 2026-01-20 00:00:00+00:00, run_after=2026-01-21 00:00:00+00:00
[2026-01-21T07:00:14.528+0000] {processor.py:208} INFO - Processing /opt/airflow/dags/dataset_user_processing.py took 0.562 seconds
[2026-01-21T07:00:44.588+0000] {processor.py:186} INFO - Started process (PID=289) to work on /opt/airflow/dags/dataset_user_processing.py
[2026-01-21T07:00:44.590+0000] {processor.py:914} INFO - Processing file /opt/airflow/dags/dataset_user_processing.py for tasks to queue
[2026-01-21T07:00:44.592+0000] {logging_mixin.py:190} INFO - [2026-01-21T07:00:44.592+0000] {dagbag.py:588} INFO - Filling up the DagBag from /opt/airflow/dags/dataset_user_processing.py
[2026-01-21T07:00:45.093+0000] {processor.py:925} INFO - DAG(s) 'user_processing_dataset' retrieved from /opt/airflow/dags/dataset_user_processing.py
[2026-01-21T07:00:45.109+0000] {logging_mixin.py:190} INFO - [2026-01-21T07:00:45.109+0000] {dag.py:3239} INFO - Sync 1 DAGs
[2026-01-21T07:00:45.130+0000] {logging_mixin.py:190} INFO - [2026-01-21T07:00:45.130+0000] {dag.py:4180} INFO - Setting next_dagrun for user_processing_dataset to 2026-01-20 00:00:00+00:00, run_after=2026-01-21 00:00:00+00:00
[2026-01-21T07:00:45.155+0000] {processor.py:208} INFO - Processing /opt/airflow/dags/dataset_user_processing.py took 0.575 seconds
[2026-01-21T07:01:15.637+0000] {processor.py:186} INFO - Started process (PID=313) to work on /opt/airflow/dags/dataset_user_processing.py
[2026-01-21T07:01:15.638+0000] {processor.py:914} INFO - Processing file /opt/airflow/dags/dataset_user_processing.py for tasks to queue
[2026-01-21T07:01:15.640+0000] {logging_mixin.py:190} INFO - [2026-01-21T07:01:15.640+0000] {dagbag.py:588} INFO - Filling up the DagBag from /opt/airflow/dags/dataset_user_processing.py
[2026-01-21T07:01:16.265+0000] {processor.py:925} INFO - DAG(s) 'user_processing_dataset' retrieved from /opt/airflow/dags/dataset_user_processing.py
[2026-01-21T07:01:16.291+0000] {logging_mixin.py:190} INFO - [2026-01-21T07:01:16.290+0000] {dag.py:3239} INFO - Sync 1 DAGs
[2026-01-21T07:01:16.316+0000] {logging_mixin.py:190} INFO - [2026-01-21T07:01:16.315+0000] {dag.py:4180} INFO - Setting next_dagrun for user_processing_dataset to 2026-01-20 00:00:00+00:00, run_after=2026-01-21 00:00:00+00:00
[2026-01-21T07:01:16.341+0000] {processor.py:208} INFO - Processing /opt/airflow/dags/dataset_user_processing.py took 0.712 seconds
[2026-01-21T07:01:46.748+0000] {processor.py:186} INFO - Started process (PID=337) to work on /opt/airflow/dags/dataset_user_processing.py
[2026-01-21T07:01:46.753+0000] {processor.py:914} INFO - Processing file /opt/airflow/dags/dataset_user_processing.py for tasks to queue
[2026-01-21T07:01:46.760+0000] {logging_mixin.py:190} INFO - [2026-01-21T07:01:46.759+0000] {dagbag.py:588} INFO - Filling up the DagBag from /opt/airflow/dags/dataset_user_processing.py
[2026-01-21T07:01:48.287+0000] {processor.py:925} INFO - DAG(s) 'user_processing_dataset' retrieved from /opt/airflow/dags/dataset_user_processing.py
[2026-01-21T07:01:48.347+0000] {logging_mixin.py:190} INFO - [2026-01-21T07:01:48.346+0000] {dag.py:3239} INFO - Sync 1 DAGs
[2026-01-21T07:01:48.423+0000] {logging_mixin.py:190} INFO - [2026-01-21T07:01:48.423+0000] {dag.py:4180} INFO - Setting next_dagrun for user_processing_dataset to 2026-01-20 00:00:00+00:00, run_after=2026-01-21 00:00:00+00:00
[2026-01-21T07:01:48.515+0000] {processor.py:208} INFO - Processing /opt/airflow/dags/dataset_user_processing.py took 1.779 seconds
[2026-01-21T07:02:18.824+0000] {processor.py:186} INFO - Started process (PID=361) to work on /opt/airflow/dags/dataset_user_processing.py
[2026-01-21T07:02:18.825+0000] {processor.py:914} INFO - Processing file /opt/airflow/dags/dataset_user_processing.py for tasks to queue
[2026-01-21T07:02:18.829+0000] {logging_mixin.py:190} INFO - [2026-01-21T07:02:18.828+0000] {dagbag.py:588} INFO - Filling up the DagBag from /opt/airflow/dags/dataset_user_processing.py
[2026-01-21T07:02:19.462+0000] {processor.py:925} INFO - DAG(s) 'user_processing_dataset' retrieved from /opt/airflow/dags/dataset_user_processing.py
[2026-01-21T07:02:19.490+0000] {logging_mixin.py:190} INFO - [2026-01-21T07:02:19.489+0000] {dag.py:3239} INFO - Sync 1 DAGs
[2026-01-21T07:02:19.527+0000] {logging_mixin.py:190} INFO - [2026-01-21T07:02:19.527+0000] {dag.py:4180} INFO - Setting next_dagrun for user_processing_dataset to 2026-01-20 00:00:00+00:00, run_after=2026-01-21 00:00:00+00:00
[2026-01-21T07:02:19.559+0000] {processor.py:208} INFO - Processing /opt/airflow/dags/dataset_user_processing.py took 0.745 seconds
[2026-01-21T07:02:49.744+0000] {processor.py:186} INFO - Started process (PID=385) to work on /opt/airflow/dags/dataset_user_processing.py
[2026-01-21T07:02:49.745+0000] {processor.py:914} INFO - Processing file /opt/airflow/dags/dataset_user_processing.py for tasks to queue
[2026-01-21T07:02:49.750+0000] {logging_mixin.py:190} INFO - [2026-01-21T07:02:49.749+0000] {dagbag.py:588} INFO - Filling up the DagBag from /opt/airflow/dags/dataset_user_processing.py
[2026-01-21T07:02:50.668+0000] {processor.py:925} INFO - DAG(s) 'user_processing_dataset' retrieved from /opt/airflow/dags/dataset_user_processing.py
[2026-01-21T07:02:50.704+0000] {logging_mixin.py:190} INFO - [2026-01-21T07:02:50.703+0000] {dag.py:3239} INFO - Sync 1 DAGs
[2026-01-21T07:02:50.748+0000] {logging_mixin.py:190} INFO - [2026-01-21T07:02:50.747+0000] {dag.py:4180} INFO - Setting next_dagrun for user_processing_dataset to 2026-01-20 00:00:00+00:00, run_after=2026-01-21 00:00:00+00:00
[2026-01-21T07:02:50.781+0000] {processor.py:208} INFO - Processing /opt/airflow/dags/dataset_user_processing.py took 1.050 seconds
[2026-01-21T07:03:21.715+0000] {processor.py:186} INFO - Started process (PID=409) to work on /opt/airflow/dags/dataset_user_processing.py
[2026-01-21T07:03:21.716+0000] {processor.py:914} INFO - Processing file /opt/airflow/dags/dataset_user_processing.py for tasks to queue
[2026-01-21T07:03:21.719+0000] {logging_mixin.py:190} INFO - [2026-01-21T07:03:21.719+0000] {dagbag.py:588} INFO - Filling up the DagBag from /opt/airflow/dags/dataset_user_processing.py
[2026-01-21T07:03:22.261+0000] {processor.py:925} INFO - DAG(s) 'user_processing_dataset' retrieved from /opt/airflow/dags/dataset_user_processing.py
[2026-01-21T07:03:22.289+0000] {logging_mixin.py:190} INFO - [2026-01-21T07:03:22.289+0000] {dag.py:3239} INFO - Sync 1 DAGs
[2026-01-21T07:03:22.319+0000] {logging_mixin.py:190} INFO - [2026-01-21T07:03:22.319+0000] {dag.py:4180} INFO - Setting next_dagrun for user_processing_dataset to 2026-01-20 00:00:00+00:00, run_after=2026-01-21 00:00:00+00:00
[2026-01-21T07:03:22.343+0000] {processor.py:208} INFO - Processing /opt/airflow/dags/dataset_user_processing.py took 0.635 seconds
[2026-01-21T07:03:52.663+0000] {processor.py:186} INFO - Started process (PID=432) to work on /opt/airflow/dags/dataset_user_processing.py
[2026-01-21T07:03:52.664+0000] {processor.py:914} INFO - Processing file /opt/airflow/dags/dataset_user_processing.py for tasks to queue
[2026-01-21T07:03:52.666+0000] {logging_mixin.py:190} INFO - [2026-01-21T07:03:52.666+0000] {dagbag.py:588} INFO - Filling up the DagBag from /opt/airflow/dags/dataset_user_processing.py
[2026-01-21T07:03:53.135+0000] {processor.py:925} INFO - DAG(s) 'user_processing_dataset' retrieved from /opt/airflow/dags/dataset_user_processing.py
[2026-01-21T07:03:53.157+0000] {logging_mixin.py:190} INFO - [2026-01-21T07:03:53.157+0000] {dag.py:3239} INFO - Sync 1 DAGs
[2026-01-21T07:03:53.180+0000] {logging_mixin.py:190} INFO - [2026-01-21T07:03:53.179+0000] {dag.py:4180} INFO - Setting next_dagrun for user_processing_dataset to 2026-01-20 00:00:00+00:00, run_after=2026-01-21 00:00:00+00:00
[2026-01-21T07:03:53.203+0000] {processor.py:208} INFO - Processing /opt/airflow/dags/dataset_user_processing.py took 0.548 seconds
[2026-01-21T07:04:23.885+0000] {processor.py:186} INFO - Started process (PID=456) to work on /opt/airflow/dags/dataset_user_processing.py
[2026-01-21T07:04:23.886+0000] {processor.py:914} INFO - Processing file /opt/airflow/dags/dataset_user_processing.py for tasks to queue
[2026-01-21T07:04:23.889+0000] {logging_mixin.py:190} INFO - [2026-01-21T07:04:23.888+0000] {dagbag.py:588} INFO - Filling up the DagBag from /opt/airflow/dags/dataset_user_processing.py
[2026-01-21T07:04:24.489+0000] {processor.py:925} INFO - DAG(s) 'user_processing_dataset' retrieved from /opt/airflow/dags/dataset_user_processing.py
[2026-01-21T07:04:24.510+0000] {logging_mixin.py:190} INFO - [2026-01-21T07:04:24.509+0000] {dag.py:3239} INFO - Sync 1 DAGs
[2026-01-21T07:04:24.541+0000] {logging_mixin.py:190} INFO - [2026-01-21T07:04:24.541+0000] {dag.py:4180} INFO - Setting next_dagrun for user_processing_dataset to 2026-01-20 00:00:00+00:00, run_after=2026-01-21 00:00:00+00:00
[2026-01-21T07:04:24.573+0000] {processor.py:208} INFO - Processing /opt/airflow/dags/dataset_user_processing.py took 0.698 seconds
[2026-01-21T07:04:54.715+0000] {processor.py:186} INFO - Started process (PID=480) to work on /opt/airflow/dags/dataset_user_processing.py
[2026-01-21T07:04:54.716+0000] {processor.py:914} INFO - Processing file /opt/airflow/dags/dataset_user_processing.py for tasks to queue
[2026-01-21T07:04:54.720+0000] {logging_mixin.py:190} INFO - [2026-01-21T07:04:54.719+0000] {dagbag.py:588} INFO - Filling up the DagBag from /opt/airflow/dags/dataset_user_processing.py
[2026-01-21T07:04:55.383+0000] {processor.py:925} INFO - DAG(s) 'user_processing_dataset' retrieved from /opt/airflow/dags/dataset_user_processing.py
[2026-01-21T07:04:55.403+0000] {logging_mixin.py:190} INFO - [2026-01-21T07:04:55.402+0000] {dag.py:3239} INFO - Sync 1 DAGs
[2026-01-21T07:04:55.427+0000] {logging_mixin.py:190} INFO - [2026-01-21T07:04:55.427+0000] {dag.py:4180} INFO - Setting next_dagrun for user_processing_dataset to 2026-01-20 00:00:00+00:00, run_after=2026-01-21 00:00:00+00:00
[2026-01-21T07:04:55.455+0000] {processor.py:208} INFO - Processing /opt/airflow/dags/dataset_user_processing.py took 0.746 seconds
[2026-01-21T07:05:25.652+0000] {processor.py:186} INFO - Started process (PID=504) to work on /opt/airflow/dags/dataset_user_processing.py
[2026-01-21T07:05:25.653+0000] {processor.py:914} INFO - Processing file /opt/airflow/dags/dataset_user_processing.py for tasks to queue
[2026-01-21T07:05:25.657+0000] {logging_mixin.py:190} INFO - [2026-01-21T07:05:25.656+0000] {dagbag.py:588} INFO - Filling up the DagBag from /opt/airflow/dags/dataset_user_processing.py
[2026-01-21T07:05:26.281+0000] {processor.py:925} INFO - DAG(s) 'user_processing_dataset' retrieved from /opt/airflow/dags/dataset_user_processing.py
[2026-01-21T07:05:26.308+0000] {logging_mixin.py:190} INFO - [2026-01-21T07:05:26.307+0000] {dag.py:3239} INFO - Sync 1 DAGs
[2026-01-21T07:05:26.338+0000] {logging_mixin.py:190} INFO - [2026-01-21T07:05:26.337+0000] {dag.py:4180} INFO - Setting next_dagrun for user_processing_dataset to 2026-01-20 00:00:00+00:00, run_after=2026-01-21 00:00:00+00:00
[2026-01-21T07:05:26.361+0000] {processor.py:208} INFO - Processing /opt/airflow/dags/dataset_user_processing.py took 0.718 seconds
[2026-01-21T07:05:57.117+0000] {processor.py:186} INFO - Started process (PID=528) to work on /opt/airflow/dags/dataset_user_processing.py
[2026-01-21T07:05:57.119+0000] {processor.py:914} INFO - Processing file /opt/airflow/dags/dataset_user_processing.py for tasks to queue
[2026-01-21T07:05:57.124+0000] {logging_mixin.py:190} INFO - [2026-01-21T07:05:57.124+0000] {dagbag.py:588} INFO - Filling up the DagBag from /opt/airflow/dags/dataset_user_processing.py
[2026-01-21T07:05:57.793+0000] {processor.py:925} INFO - DAG(s) 'user_processing_dataset' retrieved from /opt/airflow/dags/dataset_user_processing.py
[2026-01-21T07:05:57.816+0000] {logging_mixin.py:190} INFO - [2026-01-21T07:05:57.816+0000] {dag.py:3239} INFO - Sync 1 DAGs
[2026-01-21T07:05:57.840+0000] {logging_mixin.py:190} INFO - [2026-01-21T07:05:57.840+0000] {dag.py:4180} INFO - Setting next_dagrun for user_processing_dataset to 2026-01-20 00:00:00+00:00, run_after=2026-01-21 00:00:00+00:00
[2026-01-21T07:05:57.859+0000] {processor.py:208} INFO - Processing /opt/airflow/dags/dataset_user_processing.py took 0.754 seconds
[2026-01-21T07:06:28.004+0000] {processor.py:186} INFO - Started process (PID=552) to work on /opt/airflow/dags/dataset_user_processing.py
[2026-01-21T07:06:28.006+0000] {processor.py:914} INFO - Processing file /opt/airflow/dags/dataset_user_processing.py for tasks to queue
[2026-01-21T07:06:28.012+0000] {logging_mixin.py:190} INFO - [2026-01-21T07:06:28.011+0000] {dagbag.py:588} INFO - Filling up the DagBag from /opt/airflow/dags/dataset_user_processing.py
[2026-01-21T07:06:28.712+0000] {processor.py:925} INFO - DAG(s) 'user_processing_dataset' retrieved from /opt/airflow/dags/dataset_user_processing.py
[2026-01-21T07:06:28.744+0000] {logging_mixin.py:190} INFO - [2026-01-21T07:06:28.744+0000] {dag.py:3239} INFO - Sync 1 DAGs
[2026-01-21T07:06:28.772+0000] {logging_mixin.py:190} INFO - [2026-01-21T07:06:28.771+0000] {dag.py:4180} INFO - Setting next_dagrun for user_processing_dataset to 2026-01-20 00:00:00+00:00, run_after=2026-01-21 00:00:00+00:00
[2026-01-21T07:06:28.796+0000] {processor.py:208} INFO - Processing /opt/airflow/dags/dataset_user_processing.py took 0.799 seconds
[2026-01-21T07:06:58.952+0000] {processor.py:186} INFO - Started process (PID=576) to work on /opt/airflow/dags/dataset_user_processing.py
[2026-01-21T07:06:58.953+0000] {processor.py:914} INFO - Processing file /opt/airflow/dags/dataset_user_processing.py for tasks to queue
[2026-01-21T07:06:58.957+0000] {logging_mixin.py:190} INFO - [2026-01-21T07:06:58.956+0000] {dagbag.py:588} INFO - Filling up the DagBag from /opt/airflow/dags/dataset_user_processing.py
[2026-01-21T07:06:59.890+0000] {processor.py:925} INFO - DAG(s) 'user_processing_dataset' retrieved from /opt/airflow/dags/dataset_user_processing.py
[2026-01-21T07:06:59.935+0000] {logging_mixin.py:190} INFO - [2026-01-21T07:06:59.934+0000] {dag.py:3239} INFO - Sync 1 DAGs
[2026-01-21T07:06:59.982+0000] {logging_mixin.py:190} INFO - [2026-01-21T07:06:59.982+0000] {dag.py:4180} INFO - Setting next_dagrun for user_processing_dataset to 2026-01-20 00:00:00+00:00, run_after=2026-01-21 00:00:00+00:00
[2026-01-21T07:07:00.044+0000] {processor.py:208} INFO - Processing /opt/airflow/dags/dataset_user_processing.py took 1.107 seconds
[2026-01-21T07:07:30.557+0000] {processor.py:186} INFO - Started process (PID=600) to work on /opt/airflow/dags/dataset_user_processing.py
[2026-01-21T07:07:30.558+0000] {processor.py:914} INFO - Processing file /opt/airflow/dags/dataset_user_processing.py for tasks to queue
[2026-01-21T07:07:30.563+0000] {logging_mixin.py:190} INFO - [2026-01-21T07:07:30.562+0000] {dagbag.py:588} INFO - Filling up the DagBag from /opt/airflow/dags/dataset_user_processing.py
[2026-01-21T07:07:31.428+0000] {processor.py:925} INFO - DAG(s) 'user_processing_dataset' retrieved from /opt/airflow/dags/dataset_user_processing.py
[2026-01-21T07:07:31.461+0000] {logging_mixin.py:190} INFO - [2026-01-21T07:07:31.460+0000] {dag.py:3239} INFO - Sync 1 DAGs
[2026-01-21T07:07:31.497+0000] {logging_mixin.py:190} INFO - [2026-01-21T07:07:31.497+0000] {dag.py:4180} INFO - Setting next_dagrun for user_processing_dataset to 2026-01-20 00:00:00+00:00, run_after=2026-01-21 00:00:00+00:00
[2026-01-21T07:07:31.534+0000] {processor.py:208} INFO - Processing /opt/airflow/dags/dataset_user_processing.py took 0.987 seconds
[2026-01-21T07:08:02.254+0000] {processor.py:186} INFO - Started process (PID=625) to work on /opt/airflow/dags/dataset_user_processing.py
[2026-01-21T07:08:02.256+0000] {processor.py:914} INFO - Processing file /opt/airflow/dags/dataset_user_processing.py for tasks to queue
[2026-01-21T07:08:02.260+0000] {logging_mixin.py:190} INFO - [2026-01-21T07:08:02.259+0000] {dagbag.py:588} INFO - Filling up the DagBag from /opt/airflow/dags/dataset_user_processing.py
[2026-01-21T07:08:03.117+0000] {processor.py:925} INFO - DAG(s) 'user_processing_dataset' retrieved from /opt/airflow/dags/dataset_user_processing.py
[2026-01-21T07:08:03.152+0000] {logging_mixin.py:190} INFO - [2026-01-21T07:08:03.151+0000] {dag.py:3239} INFO - Sync 1 DAGs
[2026-01-21T07:08:03.192+0000] {logging_mixin.py:190} INFO - [2026-01-21T07:08:03.192+0000] {dag.py:4180} INFO - Setting next_dagrun for user_processing_dataset to 2026-01-20 00:00:00+00:00, run_after=2026-01-21 00:00:00+00:00
[2026-01-21T07:08:03.235+0000] {processor.py:208} INFO - Processing /opt/airflow/dags/dataset_user_processing.py took 0.994 seconds
[2026-01-21T07:08:33.563+0000] {processor.py:186} INFO - Started process (PID=649) to work on /opt/airflow/dags/dataset_user_processing.py
[2026-01-21T07:08:33.564+0000] {processor.py:914} INFO - Processing file /opt/airflow/dags/dataset_user_processing.py for tasks to queue
[2026-01-21T07:08:33.567+0000] {logging_mixin.py:190} INFO - [2026-01-21T07:08:33.566+0000] {dagbag.py:588} INFO - Filling up the DagBag from /opt/airflow/dags/dataset_user_processing.py
[2026-01-21T07:08:34.230+0000] {processor.py:925} INFO - DAG(s) 'user_processing_dataset' retrieved from /opt/airflow/dags/dataset_user_processing.py
[2026-01-21T07:08:34.264+0000] {logging_mixin.py:190} INFO - [2026-01-21T07:08:34.263+0000] {dag.py:3239} INFO - Sync 1 DAGs
[2026-01-21T07:08:34.306+0000] {logging_mixin.py:190} INFO - [2026-01-21T07:08:34.305+0000] {dag.py:4180} INFO - Setting next_dagrun for user_processing_dataset to 2026-01-20 00:00:00+00:00, run_after=2026-01-21 00:00:00+00:00
[2026-01-21T07:08:34.339+0000] {processor.py:208} INFO - Processing /opt/airflow/dags/dataset_user_processing.py took 0.785 seconds
[2026-01-21T07:09:04.905+0000] {processor.py:186} INFO - Started process (PID=673) to work on /opt/airflow/dags/dataset_user_processing.py
[2026-01-21T07:09:04.906+0000] {processor.py:914} INFO - Processing file /opt/airflow/dags/dataset_user_processing.py for tasks to queue
[2026-01-21T07:09:04.909+0000] {logging_mixin.py:190} INFO - [2026-01-21T07:09:04.908+0000] {dagbag.py:588} INFO - Filling up the DagBag from /opt/airflow/dags/dataset_user_processing.py
[2026-01-21T07:09:05.584+0000] {processor.py:925} INFO - DAG(s) 'user_processing_dataset' retrieved from /opt/airflow/dags/dataset_user_processing.py
[2026-01-21T07:09:05.612+0000] {logging_mixin.py:190} INFO - [2026-01-21T07:09:05.611+0000] {dag.py:3239} INFO - Sync 1 DAGs
[2026-01-21T07:09:05.646+0000] {logging_mixin.py:190} INFO - [2026-01-21T07:09:05.645+0000] {dag.py:4180} INFO - Setting next_dagrun for user_processing_dataset to 2026-01-20 00:00:00+00:00, run_after=2026-01-21 00:00:00+00:00
[2026-01-21T07:09:05.682+0000] {processor.py:208} INFO - Processing /opt/airflow/dags/dataset_user_processing.py took 0.785 seconds
[2026-01-21T07:09:36.387+0000] {processor.py:186} INFO - Started process (PID=698) to work on /opt/airflow/dags/dataset_user_processing.py
[2026-01-21T07:09:36.388+0000] {processor.py:914} INFO - Processing file /opt/airflow/dags/dataset_user_processing.py for tasks to queue
[2026-01-21T07:09:36.396+0000] {logging_mixin.py:190} INFO - [2026-01-21T07:09:36.393+0000] {dagbag.py:588} INFO - Filling up the DagBag from /opt/airflow/dags/dataset_user_processing.py
[2026-01-21T07:09:37.183+0000] {processor.py:925} INFO - DAG(s) 'user_processing_dataset' retrieved from /opt/airflow/dags/dataset_user_processing.py
[2026-01-21T07:09:37.219+0000] {logging_mixin.py:190} INFO - [2026-01-21T07:09:37.218+0000] {dag.py:3239} INFO - Sync 1 DAGs
[2026-01-21T07:09:37.259+0000] {logging_mixin.py:190} INFO - [2026-01-21T07:09:37.259+0000] {dag.py:4180} INFO - Setting next_dagrun for user_processing_dataset to 2026-01-20 00:00:00+00:00, run_after=2026-01-21 00:00:00+00:00
[2026-01-21T07:09:37.304+0000] {processor.py:208} INFO - Processing /opt/airflow/dags/dataset_user_processing.py took 0.927 seconds
[2026-01-21T07:10:07.835+0000] {processor.py:186} INFO - Started process (PID=722) to work on /opt/airflow/dags/dataset_user_processing.py
[2026-01-21T07:10:07.836+0000] {processor.py:914} INFO - Processing file /opt/airflow/dags/dataset_user_processing.py for tasks to queue
[2026-01-21T07:10:07.839+0000] {logging_mixin.py:190} INFO - [2026-01-21T07:10:07.838+0000] {dagbag.py:588} INFO - Filling up the DagBag from /opt/airflow/dags/dataset_user_processing.py
[2026-01-21T07:10:08.599+0000] {processor.py:925} INFO - DAG(s) 'user_processing_dataset' retrieved from /opt/airflow/dags/dataset_user_processing.py
[2026-01-21T07:10:08.630+0000] {logging_mixin.py:190} INFO - [2026-01-21T07:10:08.629+0000] {dag.py:3239} INFO - Sync 1 DAGs
[2026-01-21T07:10:08.666+0000] {logging_mixin.py:190} INFO - [2026-01-21T07:10:08.665+0000] {dag.py:4180} INFO - Setting next_dagrun for user_processing_dataset to 2026-01-20 00:00:00+00:00, run_after=2026-01-21 00:00:00+00:00
[2026-01-21T07:10:08.705+0000] {processor.py:208} INFO - Processing /opt/airflow/dags/dataset_user_processing.py took 0.877 seconds
[2026-01-21T07:10:39.326+0000] {processor.py:186} INFO - Started process (PID=746) to work on /opt/airflow/dags/dataset_user_processing.py
[2026-01-21T07:10:39.327+0000] {processor.py:914} INFO - Processing file /opt/airflow/dags/dataset_user_processing.py for tasks to queue
[2026-01-21T07:10:39.330+0000] {logging_mixin.py:190} INFO - [2026-01-21T07:10:39.330+0000] {dagbag.py:588} INFO - Filling up the DagBag from /opt/airflow/dags/dataset_user_processing.py
[2026-01-21T07:10:40.250+0000] {processor.py:925} INFO - DAG(s) 'user_processing_dataset' retrieved from /opt/airflow/dags/dataset_user_processing.py
[2026-01-21T07:10:40.317+0000] {logging_mixin.py:190} INFO - [2026-01-21T07:10:40.317+0000] {dag.py:3239} INFO - Sync 1 DAGs
[2026-01-21T07:10:40.386+0000] {logging_mixin.py:190} INFO - [2026-01-21T07:10:40.385+0000] {dag.py:4180} INFO - Setting next_dagrun for user_processing_dataset to 2026-01-20 00:00:00+00:00, run_after=2026-01-21 00:00:00+00:00
[2026-01-21T07:10:40.447+0000] {processor.py:208} INFO - Processing /opt/airflow/dags/dataset_user_processing.py took 1.131 seconds
[2026-01-21T07:11:10.635+0000] {processor.py:186} INFO - Started process (PID=770) to work on /opt/airflow/dags/dataset_user_processing.py
[2026-01-21T07:11:10.636+0000] {processor.py:914} INFO - Processing file /opt/airflow/dags/dataset_user_processing.py for tasks to queue
[2026-01-21T07:11:10.640+0000] {logging_mixin.py:190} INFO - [2026-01-21T07:11:10.639+0000] {dagbag.py:588} INFO - Filling up the DagBag from /opt/airflow/dags/dataset_user_processing.py
[2026-01-21T07:11:11.238+0000] {processor.py:925} INFO - DAG(s) 'user_processing_dataset' retrieved from /opt/airflow/dags/dataset_user_processing.py
[2026-01-21T07:11:11.285+0000] {logging_mixin.py:190} INFO - [2026-01-21T07:11:11.284+0000] {dag.py:3239} INFO - Sync 1 DAGs
[2026-01-21T07:11:11.320+0000] {logging_mixin.py:190} INFO - [2026-01-21T07:11:11.320+0000] {dag.py:4180} INFO - Setting next_dagrun for user_processing_dataset to 2026-01-20 00:00:00+00:00, run_after=2026-01-21 00:00:00+00:00
[2026-01-21T07:11:11.350+0000] {processor.py:208} INFO - Processing /opt/airflow/dags/dataset_user_processing.py took 0.723 seconds
[2026-01-21T07:11:41.614+0000] {processor.py:186} INFO - Started process (PID=794) to work on /opt/airflow/dags/dataset_user_processing.py
[2026-01-21T07:11:41.615+0000] {processor.py:914} INFO - Processing file /opt/airflow/dags/dataset_user_processing.py for tasks to queue
[2026-01-21T07:11:41.619+0000] {logging_mixin.py:190} INFO - [2026-01-21T07:11:41.618+0000] {dagbag.py:588} INFO - Filling up the DagBag from /opt/airflow/dags/dataset_user_processing.py
[2026-01-21T07:11:42.168+0000] {processor.py:925} INFO - DAG(s) 'user_processing_dataset' retrieved from /opt/airflow/dags/dataset_user_processing.py
[2026-01-21T07:11:42.197+0000] {logging_mixin.py:190} INFO - [2026-01-21T07:11:42.196+0000] {dag.py:3239} INFO - Sync 1 DAGs
[2026-01-21T07:11:42.235+0000] {logging_mixin.py:190} INFO - [2026-01-21T07:11:42.234+0000] {dag.py:4180} INFO - Setting next_dagrun for user_processing_dataset to 2026-01-20 00:00:00+00:00, run_after=2026-01-21 00:00:00+00:00
[2026-01-21T07:11:42.274+0000] {processor.py:208} INFO - Processing /opt/airflow/dags/dataset_user_processing.py took 0.668 seconds
[2026-01-21T07:12:12.597+0000] {processor.py:186} INFO - Started process (PID=818) to work on /opt/airflow/dags/dataset_user_processing.py
[2026-01-21T07:12:12.598+0000] {processor.py:914} INFO - Processing file /opt/airflow/dags/dataset_user_processing.py for tasks to queue
[2026-01-21T07:12:12.602+0000] {logging_mixin.py:190} INFO - [2026-01-21T07:12:12.601+0000] {dagbag.py:588} INFO - Filling up the DagBag from /opt/airflow/dags/dataset_user_processing.py
[2026-01-21T07:12:13.188+0000] {processor.py:925} INFO - DAG(s) 'user_processing_dataset' retrieved from /opt/airflow/dags/dataset_user_processing.py
[2026-01-21T07:12:13.210+0000] {logging_mixin.py:190} INFO - [2026-01-21T07:12:13.210+0000] {dag.py:3239} INFO - Sync 1 DAGs
[2026-01-21T07:12:13.236+0000] {logging_mixin.py:190} INFO - [2026-01-21T07:12:13.235+0000] {dag.py:4180} INFO - Setting next_dagrun for user_processing_dataset to 2026-01-20 00:00:00+00:00, run_after=2026-01-21 00:00:00+00:00
[2026-01-21T07:12:13.260+0000] {processor.py:208} INFO - Processing /opt/airflow/dags/dataset_user_processing.py took 0.671 seconds
[2026-01-21T07:12:43.452+0000] {processor.py:186} INFO - Started process (PID=848) to work on /opt/airflow/dags/dataset_user_processing.py
[2026-01-21T07:12:43.453+0000] {processor.py:914} INFO - Processing file /opt/airflow/dags/dataset_user_processing.py for tasks to queue
[2026-01-21T07:12:43.455+0000] {logging_mixin.py:190} INFO - [2026-01-21T07:12:43.455+0000] {dagbag.py:588} INFO - Filling up the DagBag from /opt/airflow/dags/dataset_user_processing.py
[2026-01-21T07:12:43.966+0000] {processor.py:925} INFO - DAG(s) 'user_processing_dataset' retrieved from /opt/airflow/dags/dataset_user_processing.py
[2026-01-21T07:12:43.986+0000] {logging_mixin.py:190} INFO - [2026-01-21T07:12:43.986+0000] {dag.py:3239} INFO - Sync 1 DAGs
[2026-01-21T07:12:44.008+0000] {logging_mixin.py:190} INFO - [2026-01-21T07:12:44.008+0000] {dag.py:4180} INFO - Setting next_dagrun for user_processing_dataset to 2026-01-20 00:00:00+00:00, run_after=2026-01-21 00:00:00+00:00
[2026-01-21T07:12:44.031+0000] {processor.py:208} INFO - Processing /opt/airflow/dags/dataset_user_processing.py took 0.587 seconds
[2026-01-21T07:13:14.501+0000] {processor.py:186} INFO - Started process (PID=872) to work on /opt/airflow/dags/dataset_user_processing.py
[2026-01-21T07:13:14.501+0000] {processor.py:914} INFO - Processing file /opt/airflow/dags/dataset_user_processing.py for tasks to queue
[2026-01-21T07:13:14.503+0000] {logging_mixin.py:190} INFO - [2026-01-21T07:13:14.503+0000] {dagbag.py:588} INFO - Filling up the DagBag from /opt/airflow/dags/dataset_user_processing.py
[2026-01-21T07:13:15.068+0000] {processor.py:925} INFO - DAG(s) 'user_processing_dataset' retrieved from /opt/airflow/dags/dataset_user_processing.py
[2026-01-21T07:13:15.091+0000] {logging_mixin.py:190} INFO - [2026-01-21T07:13:15.090+0000] {dag.py:3239} INFO - Sync 1 DAGs
[2026-01-21T07:13:15.118+0000] {logging_mixin.py:190} INFO - [2026-01-21T07:13:15.117+0000] {dag.py:4180} INFO - Setting next_dagrun for user_processing_dataset to 2026-01-20 00:00:00+00:00, run_after=2026-01-21 00:00:00+00:00
[2026-01-21T07:13:15.138+0000] {processor.py:208} INFO - Processing /opt/airflow/dags/dataset_user_processing.py took 0.643 seconds
[2026-01-21T07:13:45.443+0000] {processor.py:186} INFO - Started process (PID=896) to work on /opt/airflow/dags/dataset_user_processing.py
[2026-01-21T07:13:45.444+0000] {processor.py:914} INFO - Processing file /opt/airflow/dags/dataset_user_processing.py for tasks to queue
[2026-01-21T07:13:45.447+0000] {logging_mixin.py:190} INFO - [2026-01-21T07:13:45.446+0000] {dagbag.py:588} INFO - Filling up the DagBag from /opt/airflow/dags/dataset_user_processing.py
[2026-01-21T07:13:45.997+0000] {processor.py:925} INFO - DAG(s) 'user_processing_dataset' retrieved from /opt/airflow/dags/dataset_user_processing.py
[2026-01-21T07:13:46.020+0000] {logging_mixin.py:190} INFO - [2026-01-21T07:13:46.020+0000] {dag.py:3239} INFO - Sync 1 DAGs
[2026-01-21T07:13:46.049+0000] {logging_mixin.py:190} INFO - [2026-01-21T07:13:46.049+0000] {dag.py:4180} INFO - Setting next_dagrun for user_processing_dataset to 2026-01-20 00:00:00+00:00, run_after=2026-01-21 00:00:00+00:00
[2026-01-21T07:13:46.076+0000] {processor.py:208} INFO - Processing /opt/airflow/dags/dataset_user_processing.py took 0.642 seconds
[2026-01-21T07:14:16.526+0000] {processor.py:186} INFO - Started process (PID=920) to work on /opt/airflow/dags/dataset_user_processing.py
[2026-01-21T07:14:16.527+0000] {processor.py:914} INFO - Processing file /opt/airflow/dags/dataset_user_processing.py for tasks to queue
[2026-01-21T07:14:16.529+0000] {logging_mixin.py:190} INFO - [2026-01-21T07:14:16.528+0000] {dagbag.py:588} INFO - Filling up the DagBag from /opt/airflow/dags/dataset_user_processing.py
[2026-01-21T07:14:17.037+0000] {processor.py:925} INFO - DAG(s) 'user_processing_dataset' retrieved from /opt/airflow/dags/dataset_user_processing.py
[2026-01-21T07:14:17.060+0000] {logging_mixin.py:190} INFO - [2026-01-21T07:14:17.060+0000] {dag.py:3239} INFO - Sync 1 DAGs
[2026-01-21T07:14:17.082+0000] {logging_mixin.py:190} INFO - [2026-01-21T07:14:17.082+0000] {dag.py:4180} INFO - Setting next_dagrun for user_processing_dataset to 2026-01-20 00:00:00+00:00, run_after=2026-01-21 00:00:00+00:00
[2026-01-21T07:14:17.112+0000] {processor.py:208} INFO - Processing /opt/airflow/dags/dataset_user_processing.py took 0.595 seconds
[2026-01-21T07:14:47.320+0000] {processor.py:186} INFO - Started process (PID=945) to work on /opt/airflow/dags/dataset_user_processing.py
[2026-01-21T07:14:47.321+0000] {processor.py:914} INFO - Processing file /opt/airflow/dags/dataset_user_processing.py for tasks to queue
[2026-01-21T07:14:47.324+0000] {logging_mixin.py:190} INFO - [2026-01-21T07:14:47.323+0000] {dagbag.py:588} INFO - Filling up the DagBag from /opt/airflow/dags/dataset_user_processing.py
[2026-01-21T07:14:48.012+0000] {processor.py:925} INFO - DAG(s) 'user_processing_dataset' retrieved from /opt/airflow/dags/dataset_user_processing.py
[2026-01-21T07:14:48.037+0000] {logging_mixin.py:190} INFO - [2026-01-21T07:14:48.036+0000] {dag.py:3239} INFO - Sync 1 DAGs
[2026-01-21T07:14:48.070+0000] {logging_mixin.py:190} INFO - [2026-01-21T07:14:48.069+0000] {dag.py:4180} INFO - Setting next_dagrun for user_processing_dataset to 2026-01-20 00:00:00+00:00, run_after=2026-01-21 00:00:00+00:00
[2026-01-21T07:14:48.103+0000] {processor.py:208} INFO - Processing /opt/airflow/dags/dataset_user_processing.py took 0.790 seconds
[2026-01-21T07:15:18.465+0000] {processor.py:186} INFO - Started process (PID=969) to work on /opt/airflow/dags/dataset_user_processing.py
[2026-01-21T07:15:18.466+0000] {processor.py:914} INFO - Processing file /opt/airflow/dags/dataset_user_processing.py for tasks to queue
[2026-01-21T07:15:18.468+0000] {logging_mixin.py:190} INFO - [2026-01-21T07:15:18.468+0000] {dagbag.py:588} INFO - Filling up the DagBag from /opt/airflow/dags/dataset_user_processing.py
[2026-01-21T07:15:19.110+0000] {processor.py:925} INFO - DAG(s) 'user_processing_dataset' retrieved from /opt/airflow/dags/dataset_user_processing.py
[2026-01-21T07:15:19.132+0000] {logging_mixin.py:190} INFO - [2026-01-21T07:15:19.132+0000] {dag.py:3239} INFO - Sync 1 DAGs
[2026-01-21T07:15:19.166+0000] {logging_mixin.py:190} INFO - [2026-01-21T07:15:19.166+0000] {dag.py:4180} INFO - Setting next_dagrun for user_processing_dataset to 2026-01-20 00:00:00+00:00, run_after=2026-01-21 00:00:00+00:00
[2026-01-21T07:15:19.200+0000] {processor.py:208} INFO - Processing /opt/airflow/dags/dataset_user_processing.py took 0.743 seconds
[2026-01-21T07:15:49.261+0000] {processor.py:186} INFO - Started process (PID=993) to work on /opt/airflow/dags/dataset_user_processing.py
[2026-01-21T07:15:49.262+0000] {processor.py:914} INFO - Processing file /opt/airflow/dags/dataset_user_processing.py for tasks to queue
[2026-01-21T07:15:49.266+0000] {logging_mixin.py:190} INFO - [2026-01-21T07:15:49.265+0000] {dagbag.py:588} INFO - Filling up the DagBag from /opt/airflow/dags/dataset_user_processing.py
[2026-01-21T07:15:49.806+0000] {processor.py:925} INFO - DAG(s) 'user_processing_dataset' retrieved from /opt/airflow/dags/dataset_user_processing.py
[2026-01-21T07:15:49.827+0000] {logging_mixin.py:190} INFO - [2026-01-21T07:15:49.826+0000] {dag.py:3239} INFO - Sync 1 DAGs
[2026-01-21T07:15:49.854+0000] {logging_mixin.py:190} INFO - [2026-01-21T07:15:49.854+0000] {dag.py:4180} INFO - Setting next_dagrun for user_processing_dataset to 2026-01-20 00:00:00+00:00, run_after=2026-01-21 00:00:00+00:00
[2026-01-21T07:15:49.875+0000] {processor.py:208} INFO - Processing /opt/airflow/dags/dataset_user_processing.py took 0.638 seconds
[2026-01-21T07:16:20.384+0000] {processor.py:186} INFO - Started process (PID=1018) to work on /opt/airflow/dags/dataset_user_processing.py
[2026-01-21T07:16:20.386+0000] {processor.py:914} INFO - Processing file /opt/airflow/dags/dataset_user_processing.py for tasks to queue
[2026-01-21T07:16:20.389+0000] {logging_mixin.py:190} INFO - [2026-01-21T07:16:20.388+0000] {dagbag.py:588} INFO - Filling up the DagBag from /opt/airflow/dags/dataset_user_processing.py
[2026-01-21T07:16:20.974+0000] {processor.py:925} INFO - DAG(s) 'user_processing_dataset' retrieved from /opt/airflow/dags/dataset_user_processing.py
[2026-01-21T07:16:21.000+0000] {logging_mixin.py:190} INFO - [2026-01-21T07:16:20.999+0000] {dag.py:3239} INFO - Sync 1 DAGs
[2026-01-21T07:16:21.025+0000] {logging_mixin.py:190} INFO - [2026-01-21T07:16:21.024+0000] {dag.py:4180} INFO - Setting next_dagrun for user_processing_dataset to 2026-01-20 00:00:00+00:00, run_after=2026-01-21 00:00:00+00:00
[2026-01-21T07:16:21.051+0000] {processor.py:208} INFO - Processing /opt/airflow/dags/dataset_user_processing.py took 0.678 seconds
[2026-01-21T07:16:51.348+0000] {processor.py:186} INFO - Started process (PID=1042) to work on /opt/airflow/dags/dataset_user_processing.py
[2026-01-21T07:16:51.349+0000] {processor.py:914} INFO - Processing file /opt/airflow/dags/dataset_user_processing.py for tasks to queue
[2026-01-21T07:16:51.355+0000] {logging_mixin.py:190} INFO - [2026-01-21T07:16:51.354+0000] {dagbag.py:588} INFO - Filling up the DagBag from /opt/airflow/dags/dataset_user_processing.py
[2026-01-21T07:16:52.022+0000] {processor.py:925} INFO - DAG(s) 'user_processing_dataset' retrieved from /opt/airflow/dags/dataset_user_processing.py
[2026-01-21T07:16:52.050+0000] {logging_mixin.py:190} INFO - [2026-01-21T07:16:52.050+0000] {dag.py:3239} INFO - Sync 1 DAGs
[2026-01-21T07:16:52.073+0000] {logging_mixin.py:190} INFO - [2026-01-21T07:16:52.072+0000] {dag.py:4180} INFO - Setting next_dagrun for user_processing_dataset to 2026-01-20 00:00:00+00:00, run_after=2026-01-21 00:00:00+00:00
[2026-01-21T07:16:52.099+0000] {processor.py:208} INFO - Processing /opt/airflow/dags/dataset_user_processing.py took 0.761 seconds
[2026-01-21T07:17:23.055+0000] {processor.py:186} INFO - Started process (PID=1067) to work on /opt/airflow/dags/dataset_user_processing.py
[2026-01-21T07:17:23.056+0000] {processor.py:914} INFO - Processing file /opt/airflow/dags/dataset_user_processing.py for tasks to queue
[2026-01-21T07:17:23.059+0000] {logging_mixin.py:190} INFO - [2026-01-21T07:17:23.059+0000] {dagbag.py:588} INFO - Filling up the DagBag from /opt/airflow/dags/dataset_user_processing.py
[2026-01-21T07:17:23.681+0000] {processor.py:925} INFO - DAG(s) 'user_processing_dataset' retrieved from /opt/airflow/dags/dataset_user_processing.py
[2026-01-21T07:17:23.703+0000] {logging_mixin.py:190} INFO - [2026-01-21T07:17:23.702+0000] {dag.py:3239} INFO - Sync 1 DAGs
[2026-01-21T07:17:23.741+0000] {logging_mixin.py:190} INFO - [2026-01-21T07:17:23.740+0000] {dag.py:4180} INFO - Setting next_dagrun for user_processing_dataset to 2026-01-20 00:00:00+00:00, run_after=2026-01-21 00:00:00+00:00
[2026-01-21T07:17:23.778+0000] {processor.py:208} INFO - Processing /opt/airflow/dags/dataset_user_processing.py took 0.731 seconds
[2026-01-21T07:17:53.891+0000] {processor.py:186} INFO - Started process (PID=1091) to work on /opt/airflow/dags/dataset_user_processing.py
[2026-01-21T07:17:53.892+0000] {processor.py:914} INFO - Processing file /opt/airflow/dags/dataset_user_processing.py for tasks to queue
[2026-01-21T07:17:53.895+0000] {logging_mixin.py:190} INFO - [2026-01-21T07:17:53.895+0000] {dagbag.py:588} INFO - Filling up the DagBag from /opt/airflow/dags/dataset_user_processing.py
[2026-01-21T07:17:54.466+0000] {processor.py:925} INFO - DAG(s) 'user_processing_dataset' retrieved from /opt/airflow/dags/dataset_user_processing.py
[2026-01-21T07:17:54.484+0000] {logging_mixin.py:190} INFO - [2026-01-21T07:17:54.484+0000] {dag.py:3239} INFO - Sync 1 DAGs
[2026-01-21T07:17:54.513+0000] {logging_mixin.py:190} INFO - [2026-01-21T07:17:54.513+0000] {dag.py:4180} INFO - Setting next_dagrun for user_processing_dataset to 2026-01-20 00:00:00+00:00, run_after=2026-01-21 00:00:00+00:00
[2026-01-21T07:17:54.533+0000] {processor.py:208} INFO - Processing /opt/airflow/dags/dataset_user_processing.py took 0.652 seconds
[2026-01-21T07:18:24.747+0000] {processor.py:186} INFO - Started process (PID=1115) to work on /opt/airflow/dags/dataset_user_processing.py
[2026-01-21T07:18:24.748+0000] {processor.py:914} INFO - Processing file /opt/airflow/dags/dataset_user_processing.py for tasks to queue
[2026-01-21T07:18:24.750+0000] {logging_mixin.py:190} INFO - [2026-01-21T07:18:24.750+0000] {dagbag.py:588} INFO - Filling up the DagBag from /opt/airflow/dags/dataset_user_processing.py
[2026-01-21T07:18:25.309+0000] {processor.py:925} INFO - DAG(s) 'user_processing_dataset' retrieved from /opt/airflow/dags/dataset_user_processing.py
[2026-01-21T07:18:25.328+0000] {logging_mixin.py:190} INFO - [2026-01-21T07:18:25.328+0000] {dag.py:3239} INFO - Sync 1 DAGs
[2026-01-21T07:18:25.351+0000] {logging_mixin.py:190} INFO - [2026-01-21T07:18:25.351+0000] {dag.py:4180} INFO - Setting next_dagrun for user_processing_dataset to 2026-01-20 00:00:00+00:00, run_after=2026-01-21 00:00:00+00:00
[2026-01-21T07:18:25.378+0000] {processor.py:208} INFO - Processing /opt/airflow/dags/dataset_user_processing.py took 0.640 seconds
[2026-01-21T07:18:55.754+0000] {processor.py:186} INFO - Started process (PID=1139) to work on /opt/airflow/dags/dataset_user_processing.py
[2026-01-21T07:18:55.755+0000] {processor.py:914} INFO - Processing file /opt/airflow/dags/dataset_user_processing.py for tasks to queue
[2026-01-21T07:18:55.759+0000] {logging_mixin.py:190} INFO - [2026-01-21T07:18:55.759+0000] {dagbag.py:588} INFO - Filling up the DagBag from /opt/airflow/dags/dataset_user_processing.py
[2026-01-21T07:18:56.308+0000] {processor.py:925} INFO - DAG(s) 'user_processing_dataset' retrieved from /opt/airflow/dags/dataset_user_processing.py
[2026-01-21T07:18:56.332+0000] {logging_mixin.py:190} INFO - [2026-01-21T07:18:56.331+0000] {dag.py:3239} INFO - Sync 1 DAGs
[2026-01-21T07:18:56.359+0000] {logging_mixin.py:190} INFO - [2026-01-21T07:18:56.359+0000] {dag.py:4180} INFO - Setting next_dagrun for user_processing_dataset to 2026-01-20 00:00:00+00:00, run_after=2026-01-21 00:00:00+00:00
[2026-01-21T07:18:56.390+0000] {processor.py:208} INFO - Processing /opt/airflow/dags/dataset_user_processing.py took 0.647 seconds
[2026-01-21T07:19:26.587+0000] {processor.py:186} INFO - Started process (PID=1164) to work on /opt/airflow/dags/dataset_user_processing.py
[2026-01-21T07:19:26.588+0000] {processor.py:914} INFO - Processing file /opt/airflow/dags/dataset_user_processing.py for tasks to queue
[2026-01-21T07:19:26.590+0000] {logging_mixin.py:190} INFO - [2026-01-21T07:19:26.590+0000] {dagbag.py:588} INFO - Filling up the DagBag from /opt/airflow/dags/dataset_user_processing.py
[2026-01-21T07:19:27.084+0000] {processor.py:925} INFO - DAG(s) 'user_processing_dataset' retrieved from /opt/airflow/dags/dataset_user_processing.py
[2026-01-21T07:19:27.108+0000] {logging_mixin.py:190} INFO - [2026-01-21T07:19:27.107+0000] {dag.py:3239} INFO - Sync 1 DAGs
[2026-01-21T07:19:27.131+0000] {logging_mixin.py:190} INFO - [2026-01-21T07:19:27.130+0000] {dag.py:4180} INFO - Setting next_dagrun for user_processing_dataset to 2026-01-20 00:00:00+00:00, run_after=2026-01-21 00:00:00+00:00
[2026-01-21T07:19:27.164+0000] {processor.py:208} INFO - Processing /opt/airflow/dags/dataset_user_processing.py took 0.586 seconds
[2026-01-21T07:19:57.345+0000] {processor.py:186} INFO - Started process (PID=1189) to work on /opt/airflow/dags/dataset_user_processing.py
[2026-01-21T07:19:57.346+0000] {processor.py:914} INFO - Processing file /opt/airflow/dags/dataset_user_processing.py for tasks to queue
[2026-01-21T07:19:57.348+0000] {logging_mixin.py:190} INFO - [2026-01-21T07:19:57.348+0000] {dagbag.py:588} INFO - Filling up the DagBag from /opt/airflow/dags/dataset_user_processing.py
[2026-01-21T07:19:57.904+0000] {processor.py:925} INFO - DAG(s) 'user_processing_dataset' retrieved from /opt/airflow/dags/dataset_user_processing.py
[2026-01-21T07:19:57.927+0000] {logging_mixin.py:190} INFO - [2026-01-21T07:19:57.926+0000] {dag.py:3239} INFO - Sync 1 DAGs
[2026-01-21T07:19:57.949+0000] {logging_mixin.py:190} INFO - [2026-01-21T07:19:57.949+0000] {dag.py:4180} INFO - Setting next_dagrun for user_processing_dataset to 2026-01-20 00:00:00+00:00, run_after=2026-01-21 00:00:00+00:00
[2026-01-21T07:19:57.974+0000] {processor.py:208} INFO - Processing /opt/airflow/dags/dataset_user_processing.py took 0.637 seconds
[2026-01-21T07:20:28.141+0000] {processor.py:186} INFO - Started process (PID=1213) to work on /opt/airflow/dags/dataset_user_processing.py
[2026-01-21T07:20:28.142+0000] {processor.py:914} INFO - Processing file /opt/airflow/dags/dataset_user_processing.py for tasks to queue
[2026-01-21T07:20:28.145+0000] {logging_mixin.py:190} INFO - [2026-01-21T07:20:28.144+0000] {dagbag.py:588} INFO - Filling up the DagBag from /opt/airflow/dags/dataset_user_processing.py
[2026-01-21T07:20:28.765+0000] {processor.py:925} INFO - DAG(s) 'user_processing_dataset' retrieved from /opt/airflow/dags/dataset_user_processing.py
[2026-01-21T07:20:28.792+0000] {logging_mixin.py:190} INFO - [2026-01-21T07:20:28.792+0000] {dag.py:3239} INFO - Sync 1 DAGs
[2026-01-21T07:20:28.815+0000] {logging_mixin.py:190} INFO - [2026-01-21T07:20:28.815+0000] {dag.py:4180} INFO - Setting next_dagrun for user_processing_dataset to 2026-01-20 00:00:00+00:00, run_after=2026-01-21 00:00:00+00:00
[2026-01-21T07:20:28.840+0000] {processor.py:208} INFO - Processing /opt/airflow/dags/dataset_user_processing.py took 0.709 seconds
[2026-01-21T07:20:58.883+0000] {processor.py:186} INFO - Started process (PID=1238) to work on /opt/airflow/dags/dataset_user_processing.py
[2026-01-21T07:20:58.884+0000] {processor.py:914} INFO - Processing file /opt/airflow/dags/dataset_user_processing.py for tasks to queue
[2026-01-21T07:20:58.887+0000] {logging_mixin.py:190} INFO - [2026-01-21T07:20:58.887+0000] {dagbag.py:588} INFO - Filling up the DagBag from /opt/airflow/dags/dataset_user_processing.py
[2026-01-21T07:20:59.440+0000] {processor.py:925} INFO - DAG(s) 'user_processing_dataset' retrieved from /opt/airflow/dags/dataset_user_processing.py
[2026-01-21T07:20:59.465+0000] {logging_mixin.py:190} INFO - [2026-01-21T07:20:59.465+0000] {dag.py:3239} INFO - Sync 1 DAGs
[2026-01-21T07:20:59.496+0000] {logging_mixin.py:190} INFO - [2026-01-21T07:20:59.496+0000] {dag.py:4180} INFO - Setting next_dagrun for user_processing_dataset to 2026-01-20 00:00:00+00:00, run_after=2026-01-21 00:00:00+00:00
[2026-01-21T07:20:59.527+0000] {processor.py:208} INFO - Processing /opt/airflow/dags/dataset_user_processing.py took 0.650 seconds
[2026-01-21T07:21:29.723+0000] {processor.py:186} INFO - Started process (PID=1262) to work on /opt/airflow/dags/dataset_user_processing.py
[2026-01-21T07:21:29.724+0000] {processor.py:914} INFO - Processing file /opt/airflow/dags/dataset_user_processing.py for tasks to queue
[2026-01-21T07:21:29.728+0000] {logging_mixin.py:190} INFO - [2026-01-21T07:21:29.727+0000] {dagbag.py:588} INFO - Filling up the DagBag from /opt/airflow/dags/dataset_user_processing.py
[2026-01-21T07:21:30.351+0000] {processor.py:925} INFO - DAG(s) 'user_processing_dataset' retrieved from /opt/airflow/dags/dataset_user_processing.py
[2026-01-21T07:21:30.379+0000] {logging_mixin.py:190} INFO - [2026-01-21T07:21:30.378+0000] {dag.py:3239} INFO - Sync 1 DAGs
[2026-01-21T07:21:30.406+0000] {logging_mixin.py:190} INFO - [2026-01-21T07:21:30.405+0000] {dag.py:4180} INFO - Setting next_dagrun for user_processing_dataset to 2026-01-20 00:00:00+00:00, run_after=2026-01-21 00:00:00+00:00
[2026-01-21T07:21:30.438+0000] {processor.py:208} INFO - Processing /opt/airflow/dags/dataset_user_processing.py took 0.724 seconds
[2026-01-21T07:22:00.483+0000] {processor.py:186} INFO - Started process (PID=1286) to work on /opt/airflow/dags/dataset_user_processing.py
[2026-01-21T07:22:00.486+0000] {processor.py:914} INFO - Processing file /opt/airflow/dags/dataset_user_processing.py for tasks to queue
[2026-01-21T07:22:00.490+0000] {logging_mixin.py:190} INFO - [2026-01-21T07:22:00.490+0000] {dagbag.py:588} INFO - Filling up the DagBag from /opt/airflow/dags/dataset_user_processing.py
[2026-01-21T07:22:01.072+0000] {processor.py:925} INFO - DAG(s) 'user_processing_dataset' retrieved from /opt/airflow/dags/dataset_user_processing.py
[2026-01-21T07:22:01.102+0000] {logging_mixin.py:190} INFO - [2026-01-21T07:22:01.102+0000] {dag.py:3239} INFO - Sync 1 DAGs
[2026-01-21T07:22:01.121+0000] {logging_mixin.py:190} INFO - [2026-01-21T07:22:01.121+0000] {dag.py:4180} INFO - Setting next_dagrun for user_processing_dataset to 2026-01-20 00:00:00+00:00, run_after=2026-01-21 00:00:00+00:00
[2026-01-21T07:22:01.156+0000] {processor.py:208} INFO - Processing /opt/airflow/dags/dataset_user_processing.py took 0.679 seconds
[2026-01-21T07:22:31.279+0000] {processor.py:186} INFO - Started process (PID=1310) to work on /opt/airflow/dags/dataset_user_processing.py
[2026-01-21T07:22:31.279+0000] {processor.py:914} INFO - Processing file /opt/airflow/dags/dataset_user_processing.py for tasks to queue
[2026-01-21T07:22:31.284+0000] {logging_mixin.py:190} INFO - [2026-01-21T07:22:31.283+0000] {dagbag.py:588} INFO - Filling up the DagBag from /opt/airflow/dags/dataset_user_processing.py
[2026-01-21T07:22:31.963+0000] {processor.py:925} INFO - DAG(s) 'user_processing_dataset' retrieved from /opt/airflow/dags/dataset_user_processing.py
[2026-01-21T07:22:31.996+0000] {logging_mixin.py:190} INFO - [2026-01-21T07:22:31.995+0000] {dag.py:3239} INFO - Sync 1 DAGs
[2026-01-21T07:22:32.026+0000] {logging_mixin.py:190} INFO - [2026-01-21T07:22:32.026+0000] {dag.py:4180} INFO - Setting next_dagrun for user_processing_dataset to 2026-01-20 00:00:00+00:00, run_after=2026-01-21 00:00:00+00:00
[2026-01-21T07:22:32.060+0000] {processor.py:208} INFO - Processing /opt/airflow/dags/dataset_user_processing.py took 0.790 seconds
[2026-01-21T07:23:02.260+0000] {processor.py:186} INFO - Started process (PID=1334) to work on /opt/airflow/dags/dataset_user_processing.py
[2026-01-21T07:23:02.261+0000] {processor.py:914} INFO - Processing file /opt/airflow/dags/dataset_user_processing.py for tasks to queue
[2026-01-21T07:23:02.265+0000] {logging_mixin.py:190} INFO - [2026-01-21T07:23:02.265+0000] {dagbag.py:588} INFO - Filling up the DagBag from /opt/airflow/dags/dataset_user_processing.py
[2026-01-21T07:23:02.904+0000] {processor.py:925} INFO - DAG(s) 'user_processing_dataset' retrieved from /opt/airflow/dags/dataset_user_processing.py
[2026-01-21T07:23:02.936+0000] {logging_mixin.py:190} INFO - [2026-01-21T07:23:02.936+0000] {dag.py:3239} INFO - Sync 1 DAGs
[2026-01-21T07:23:02.973+0000] {logging_mixin.py:190} INFO - [2026-01-21T07:23:02.973+0000] {dag.py:4180} INFO - Setting next_dagrun for user_processing_dataset to 2026-01-20 00:00:00+00:00, run_after=2026-01-21 00:00:00+00:00
[2026-01-21T07:23:03.068+0000] {processor.py:208} INFO - Processing /opt/airflow/dags/dataset_user_processing.py took 0.817 seconds
[2026-01-21T07:23:33.632+0000] {processor.py:186} INFO - Started process (PID=1359) to work on /opt/airflow/dags/dataset_user_processing.py
[2026-01-21T07:23:33.634+0000] {processor.py:914} INFO - Processing file /opt/airflow/dags/dataset_user_processing.py for tasks to queue
[2026-01-21T07:23:33.637+0000] {logging_mixin.py:190} INFO - [2026-01-21T07:23:33.636+0000] {dagbag.py:588} INFO - Filling up the DagBag from /opt/airflow/dags/dataset_user_processing.py
[2026-01-21T07:23:34.318+0000] {processor.py:925} INFO - DAG(s) 'user_processing_dataset' retrieved from /opt/airflow/dags/dataset_user_processing.py
[2026-01-21T07:23:34.352+0000] {logging_mixin.py:190} INFO - [2026-01-21T07:23:34.351+0000] {dag.py:3239} INFO - Sync 1 DAGs
[2026-01-21T07:23:34.385+0000] {logging_mixin.py:190} INFO - [2026-01-21T07:23:34.384+0000] {dag.py:4180} INFO - Setting next_dagrun for user_processing_dataset to 2026-01-20 00:00:00+00:00, run_after=2026-01-21 00:00:00+00:00
[2026-01-21T07:23:34.417+0000] {processor.py:208} INFO - Processing /opt/airflow/dags/dataset_user_processing.py took 0.794 seconds
[2026-01-21T07:24:04.747+0000] {processor.py:186} INFO - Started process (PID=1382) to work on /opt/airflow/dags/dataset_user_processing.py
[2026-01-21T07:24:04.748+0000] {processor.py:914} INFO - Processing file /opt/airflow/dags/dataset_user_processing.py for tasks to queue
[2026-01-21T07:24:04.752+0000] {logging_mixin.py:190} INFO - [2026-01-21T07:24:04.751+0000] {dagbag.py:588} INFO - Filling up the DagBag from /opt/airflow/dags/dataset_user_processing.py
[2026-01-21T07:24:05.330+0000] {processor.py:925} INFO - DAG(s) 'user_processing_dataset' retrieved from /opt/airflow/dags/dataset_user_processing.py
[2026-01-21T07:24:05.350+0000] {logging_mixin.py:190} INFO - [2026-01-21T07:24:05.350+0000] {dag.py:3239} INFO - Sync 1 DAGs
[2026-01-21T07:24:05.370+0000] {logging_mixin.py:190} INFO - [2026-01-21T07:24:05.370+0000] {dag.py:4180} INFO - Setting next_dagrun for user_processing_dataset to 2026-01-20 00:00:00+00:00, run_after=2026-01-21 00:00:00+00:00
[2026-01-21T07:24:05.403+0000] {processor.py:208} INFO - Processing /opt/airflow/dags/dataset_user_processing.py took 0.666 seconds
[2026-01-21T07:24:35.961+0000] {processor.py:186} INFO - Started process (PID=1406) to work on /opt/airflow/dags/dataset_user_processing.py
[2026-01-21T07:24:35.963+0000] {processor.py:914} INFO - Processing file /opt/airflow/dags/dataset_user_processing.py for tasks to queue
[2026-01-21T07:24:35.966+0000] {logging_mixin.py:190} INFO - [2026-01-21T07:24:35.966+0000] {dagbag.py:588} INFO - Filling up the DagBag from /opt/airflow/dags/dataset_user_processing.py
[2026-01-21T07:24:36.515+0000] {processor.py:925} INFO - DAG(s) 'user_processing_dataset' retrieved from /opt/airflow/dags/dataset_user_processing.py
[2026-01-21T07:24:36.534+0000] {logging_mixin.py:190} INFO - [2026-01-21T07:24:36.533+0000] {dag.py:3239} INFO - Sync 1 DAGs
[2026-01-21T07:24:36.555+0000] {logging_mixin.py:190} INFO - [2026-01-21T07:24:36.555+0000] {dag.py:4180} INFO - Setting next_dagrun for user_processing_dataset to 2026-01-20 00:00:00+00:00, run_after=2026-01-21 00:00:00+00:00
[2026-01-21T07:24:36.575+0000] {processor.py:208} INFO - Processing /opt/airflow/dags/dataset_user_processing.py took 0.624 seconds
[2026-01-21T07:25:07.159+0000] {processor.py:186} INFO - Started process (PID=1430) to work on /opt/airflow/dags/dataset_user_processing.py
[2026-01-21T07:25:07.160+0000] {processor.py:914} INFO - Processing file /opt/airflow/dags/dataset_user_processing.py for tasks to queue
[2026-01-21T07:25:07.164+0000] {logging_mixin.py:190} INFO - [2026-01-21T07:25:07.163+0000] {dagbag.py:588} INFO - Filling up the DagBag from /opt/airflow/dags/dataset_user_processing.py
[2026-01-21T07:25:07.741+0000] {processor.py:925} INFO - DAG(s) 'user_processing_dataset' retrieved from /opt/airflow/dags/dataset_user_processing.py
[2026-01-21T07:25:07.760+0000] {logging_mixin.py:190} INFO - [2026-01-21T07:25:07.760+0000] {dag.py:3239} INFO - Sync 1 DAGs
[2026-01-21T07:25:07.787+0000] {logging_mixin.py:190} INFO - [2026-01-21T07:25:07.787+0000] {dag.py:4180} INFO - Setting next_dagrun for user_processing_dataset to 2026-01-20 00:00:00+00:00, run_after=2026-01-21 00:00:00+00:00
[2026-01-21T07:25:07.819+0000] {processor.py:208} INFO - Processing /opt/airflow/dags/dataset_user_processing.py took 0.667 seconds
[2026-01-21T07:25:37.954+0000] {processor.py:186} INFO - Started process (PID=1454) to work on /opt/airflow/dags/dataset_user_processing.py
[2026-01-21T07:25:37.955+0000] {processor.py:914} INFO - Processing file /opt/airflow/dags/dataset_user_processing.py for tasks to queue
[2026-01-21T07:25:37.960+0000] {logging_mixin.py:190} INFO - [2026-01-21T07:25:37.960+0000] {dagbag.py:588} INFO - Filling up the DagBag from /opt/airflow/dags/dataset_user_processing.py
[2026-01-21T07:25:38.488+0000] {processor.py:925} INFO - DAG(s) 'user_processing_dataset' retrieved from /opt/airflow/dags/dataset_user_processing.py
[2026-01-21T07:25:38.514+0000] {logging_mixin.py:190} INFO - [2026-01-21T07:25:38.514+0000] {dag.py:3239} INFO - Sync 1 DAGs
[2026-01-21T07:25:38.546+0000] {logging_mixin.py:190} INFO - [2026-01-21T07:25:38.545+0000] {dag.py:4180} INFO - Setting next_dagrun for user_processing_dataset to 2026-01-20 00:00:00+00:00, run_after=2026-01-21 00:00:00+00:00
[2026-01-21T07:25:38.573+0000] {processor.py:208} INFO - Processing /opt/airflow/dags/dataset_user_processing.py took 0.626 seconds
[2026-01-21T07:26:08.659+0000] {processor.py:186} INFO - Started process (PID=1478) to work on /opt/airflow/dags/dataset_user_processing.py
[2026-01-21T07:26:08.660+0000] {processor.py:914} INFO - Processing file /opt/airflow/dags/dataset_user_processing.py for tasks to queue
[2026-01-21T07:26:08.663+0000] {logging_mixin.py:190} INFO - [2026-01-21T07:26:08.662+0000] {dagbag.py:588} INFO - Filling up the DagBag from /opt/airflow/dags/dataset_user_processing.py
[2026-01-21T07:26:09.229+0000] {processor.py:925} INFO - DAG(s) 'user_processing_dataset' retrieved from /opt/airflow/dags/dataset_user_processing.py
[2026-01-21T07:26:09.258+0000] {logging_mixin.py:190} INFO - [2026-01-21T07:26:09.257+0000] {dag.py:3239} INFO - Sync 1 DAGs
[2026-01-21T07:26:09.287+0000] {logging_mixin.py:190} INFO - [2026-01-21T07:26:09.286+0000] {dag.py:4180} INFO - Setting next_dagrun for user_processing_dataset to 2026-01-20 00:00:00+00:00, run_after=2026-01-21 00:00:00+00:00
[2026-01-21T07:26:09.320+0000] {processor.py:208} INFO - Processing /opt/airflow/dags/dataset_user_processing.py took 0.670 seconds
[2026-01-21T07:26:39.811+0000] {processor.py:186} INFO - Started process (PID=1502) to work on /opt/airflow/dags/dataset_user_processing.py
[2026-01-21T07:26:39.812+0000] {processor.py:914} INFO - Processing file /opt/airflow/dags/dataset_user_processing.py for tasks to queue
[2026-01-21T07:26:39.815+0000] {logging_mixin.py:190} INFO - [2026-01-21T07:26:39.815+0000] {dagbag.py:588} INFO - Filling up the DagBag from /opt/airflow/dags/dataset_user_processing.py
[2026-01-21T07:26:40.464+0000] {processor.py:925} INFO - DAG(s) 'user_processing_dataset' retrieved from /opt/airflow/dags/dataset_user_processing.py
[2026-01-21T07:26:40.490+0000] {logging_mixin.py:190} INFO - [2026-01-21T07:26:40.489+0000] {dag.py:3239} INFO - Sync 1 DAGs
[2026-01-21T07:26:40.521+0000] {logging_mixin.py:190} INFO - [2026-01-21T07:26:40.521+0000] {dag.py:4180} INFO - Setting next_dagrun for user_processing_dataset to 2026-01-20 00:00:00+00:00, run_after=2026-01-21 00:00:00+00:00
[2026-01-21T07:26:40.560+0000] {processor.py:208} INFO - Processing /opt/airflow/dags/dataset_user_processing.py took 0.758 seconds
[2026-01-21T07:27:10.694+0000] {processor.py:186} INFO - Started process (PID=1526) to work on /opt/airflow/dags/dataset_user_processing.py
[2026-01-21T07:27:10.695+0000] {processor.py:914} INFO - Processing file /opt/airflow/dags/dataset_user_processing.py for tasks to queue
[2026-01-21T07:27:10.698+0000] {logging_mixin.py:190} INFO - [2026-01-21T07:27:10.698+0000] {dagbag.py:588} INFO - Filling up the DagBag from /opt/airflow/dags/dataset_user_processing.py
[2026-01-21T07:27:11.272+0000] {processor.py:925} INFO - DAG(s) 'user_processing_dataset' retrieved from /opt/airflow/dags/dataset_user_processing.py
[2026-01-21T07:27:11.298+0000] {logging_mixin.py:190} INFO - [2026-01-21T07:27:11.298+0000] {dag.py:3239} INFO - Sync 1 DAGs
[2026-01-21T07:27:11.327+0000] {logging_mixin.py:190} INFO - [2026-01-21T07:27:11.327+0000] {dag.py:4180} INFO - Setting next_dagrun for user_processing_dataset to 2026-01-20 00:00:00+00:00, run_after=2026-01-21 00:00:00+00:00
[2026-01-21T07:27:11.348+0000] {processor.py:208} INFO - Processing /opt/airflow/dags/dataset_user_processing.py took 0.663 seconds
[2026-01-21T07:27:41.521+0000] {processor.py:186} INFO - Started process (PID=1550) to work on /opt/airflow/dags/dataset_user_processing.py
[2026-01-21T07:27:41.522+0000] {processor.py:914} INFO - Processing file /opt/airflow/dags/dataset_user_processing.py for tasks to queue
[2026-01-21T07:27:41.525+0000] {logging_mixin.py:190} INFO - [2026-01-21T07:27:41.525+0000] {dagbag.py:588} INFO - Filling up the DagBag from /opt/airflow/dags/dataset_user_processing.py
[2026-01-21T07:27:42.095+0000] {processor.py:925} INFO - DAG(s) 'user_processing_dataset' retrieved from /opt/airflow/dags/dataset_user_processing.py
[2026-01-21T07:27:42.123+0000] {logging_mixin.py:190} INFO - [2026-01-21T07:27:42.123+0000] {dag.py:3239} INFO - Sync 1 DAGs
[2026-01-21T07:27:42.153+0000] {logging_mixin.py:190} INFO - [2026-01-21T07:27:42.152+0000] {dag.py:4180} INFO - Setting next_dagrun for user_processing_dataset to 2026-01-20 00:00:00+00:00, run_after=2026-01-21 00:00:00+00:00
[2026-01-21T07:27:42.201+0000] {processor.py:208} INFO - Processing /opt/airflow/dags/dataset_user_processing.py took 0.691 seconds
[2026-01-21T07:28:12.941+0000] {processor.py:186} INFO - Started process (PID=1576) to work on /opt/airflow/dags/dataset_user_processing.py
[2026-01-21T07:28:12.942+0000] {processor.py:914} INFO - Processing file /opt/airflow/dags/dataset_user_processing.py for tasks to queue
[2026-01-21T07:28:12.944+0000] {logging_mixin.py:190} INFO - [2026-01-21T07:28:12.944+0000] {dagbag.py:588} INFO - Filling up the DagBag from /opt/airflow/dags/dataset_user_processing.py
[2026-01-21T07:28:13.461+0000] {processor.py:925} INFO - DAG(s) 'user_processing_dataset' retrieved from /opt/airflow/dags/dataset_user_processing.py
[2026-01-21T07:28:13.482+0000] {logging_mixin.py:190} INFO - [2026-01-21T07:28:13.481+0000] {dag.py:3239} INFO - Sync 1 DAGs
[2026-01-21T07:28:13.507+0000] {logging_mixin.py:190} INFO - [2026-01-21T07:28:13.507+0000] {dag.py:4180} INFO - Setting next_dagrun for user_processing_dataset to 2026-01-20 00:00:00+00:00, run_after=2026-01-21 00:00:00+00:00
[2026-01-21T07:28:13.531+0000] {processor.py:208} INFO - Processing /opt/airflow/dags/dataset_user_processing.py took 0.595 seconds
[2026-01-21T07:28:43.994+0000] {processor.py:186} INFO - Started process (PID=1599) to work on /opt/airflow/dags/dataset_user_processing.py
[2026-01-21T07:28:43.995+0000] {processor.py:914} INFO - Processing file /opt/airflow/dags/dataset_user_processing.py for tasks to queue
[2026-01-21T07:28:44.000+0000] {logging_mixin.py:190} INFO - [2026-01-21T07:28:43.999+0000] {dagbag.py:588} INFO - Filling up the DagBag from /opt/airflow/dags/dataset_user_processing.py
[2026-01-21T07:28:44.550+0000] {processor.py:925} INFO - DAG(s) 'user_processing_dataset' retrieved from /opt/airflow/dags/dataset_user_processing.py
[2026-01-21T07:28:44.571+0000] {logging_mixin.py:190} INFO - [2026-01-21T07:28:44.570+0000] {dag.py:3239} INFO - Sync 1 DAGs
[2026-01-21T07:28:44.591+0000] {logging_mixin.py:190} INFO - [2026-01-21T07:28:44.591+0000] {dag.py:4180} INFO - Setting next_dagrun for user_processing_dataset to 2026-01-20 00:00:00+00:00, run_after=2026-01-21 00:00:00+00:00
[2026-01-21T07:28:44.612+0000] {processor.py:208} INFO - Processing /opt/airflow/dags/dataset_user_processing.py took 0.627 seconds
[2026-01-21T07:29:14.732+0000] {processor.py:186} INFO - Started process (PID=1623) to work on /opt/airflow/dags/dataset_user_processing.py
[2026-01-21T07:29:14.733+0000] {processor.py:914} INFO - Processing file /opt/airflow/dags/dataset_user_processing.py for tasks to queue
[2026-01-21T07:29:14.738+0000] {logging_mixin.py:190} INFO - [2026-01-21T07:29:14.737+0000] {dagbag.py:588} INFO - Filling up the DagBag from /opt/airflow/dags/dataset_user_processing.py
[2026-01-21T07:29:15.319+0000] {processor.py:925} INFO - DAG(s) 'user_processing_dataset' retrieved from /opt/airflow/dags/dataset_user_processing.py
[2026-01-21T07:29:15.338+0000] {logging_mixin.py:190} INFO - [2026-01-21T07:29:15.337+0000] {dag.py:3239} INFO - Sync 1 DAGs
[2026-01-21T07:29:15.367+0000] {logging_mixin.py:190} INFO - [2026-01-21T07:29:15.367+0000] {dag.py:4180} INFO - Setting next_dagrun for user_processing_dataset to 2026-01-20 00:00:00+00:00, run_after=2026-01-21 00:00:00+00:00
[2026-01-21T07:29:15.389+0000] {processor.py:208} INFO - Processing /opt/airflow/dags/dataset_user_processing.py took 0.669 seconds
[2026-01-21T07:29:45.515+0000] {processor.py:186} INFO - Started process (PID=1647) to work on /opt/airflow/dags/dataset_user_processing.py
[2026-01-21T07:29:45.516+0000] {processor.py:914} INFO - Processing file /opt/airflow/dags/dataset_user_processing.py for tasks to queue
[2026-01-21T07:29:45.519+0000] {logging_mixin.py:190} INFO - [2026-01-21T07:29:45.519+0000] {dagbag.py:588} INFO - Filling up the DagBag from /opt/airflow/dags/dataset_user_processing.py
[2026-01-21T07:29:46.339+0000] {processor.py:925} INFO - DAG(s) 'user_processing_dataset' retrieved from /opt/airflow/dags/dataset_user_processing.py
[2026-01-21T07:29:46.384+0000] {logging_mixin.py:190} INFO - [2026-01-21T07:29:46.383+0000] {dag.py:3239} INFO - Sync 1 DAGs
[2026-01-21T07:29:46.444+0000] {logging_mixin.py:190} INFO - [2026-01-21T07:29:46.444+0000] {dag.py:4180} INFO - Setting next_dagrun for user_processing_dataset to 2026-01-20 00:00:00+00:00, run_after=2026-01-21 00:00:00+00:00
[2026-01-21T07:29:46.474+0000] {processor.py:208} INFO - Processing /opt/airflow/dags/dataset_user_processing.py took 0.976 seconds
[2026-01-21T07:30:16.541+0000] {processor.py:186} INFO - Started process (PID=1676) to work on /opt/airflow/dags/dataset_user_processing.py
[2026-01-21T07:30:16.544+0000] {processor.py:914} INFO - Processing file /opt/airflow/dags/dataset_user_processing.py for tasks to queue
[2026-01-21T07:30:16.548+0000] {logging_mixin.py:190} INFO - [2026-01-21T07:30:16.547+0000] {dagbag.py:588} INFO - Filling up the DagBag from /opt/airflow/dags/dataset_user_processing.py
[2026-01-21T07:30:17.126+0000] {processor.py:925} INFO - DAG(s) 'user_processing_dataset' retrieved from /opt/airflow/dags/dataset_user_processing.py
[2026-01-21T07:30:17.151+0000] {logging_mixin.py:190} INFO - [2026-01-21T07:30:17.151+0000] {dag.py:3239} INFO - Sync 1 DAGs
[2026-01-21T07:30:17.186+0000] {logging_mixin.py:190} INFO - [2026-01-21T07:30:17.185+0000] {dag.py:4180} INFO - Setting next_dagrun for user_processing_dataset to 2026-01-20 00:00:00+00:00, run_after=2026-01-21 00:00:00+00:00
[2026-01-21T07:30:17.220+0000] {processor.py:208} INFO - Processing /opt/airflow/dags/dataset_user_processing.py took 0.687 seconds
[2026-01-21T07:30:47.296+0000] {processor.py:186} INFO - Started process (PID=1700) to work on /opt/airflow/dags/dataset_user_processing.py
[2026-01-21T07:30:47.297+0000] {processor.py:914} INFO - Processing file /opt/airflow/dags/dataset_user_processing.py for tasks to queue
[2026-01-21T07:30:47.300+0000] {logging_mixin.py:190} INFO - [2026-01-21T07:30:47.300+0000] {dagbag.py:588} INFO - Filling up the DagBag from /opt/airflow/dags/dataset_user_processing.py
[2026-01-21T07:30:47.875+0000] {processor.py:925} INFO - DAG(s) 'user_processing_dataset' retrieved from /opt/airflow/dags/dataset_user_processing.py
[2026-01-21T07:30:47.897+0000] {logging_mixin.py:190} INFO - [2026-01-21T07:30:47.896+0000] {dag.py:3239} INFO - Sync 1 DAGs
[2026-01-21T07:30:47.922+0000] {logging_mixin.py:190} INFO - [2026-01-21T07:30:47.922+0000] {dag.py:4180} INFO - Setting next_dagrun for user_processing_dataset to 2026-01-20 00:00:00+00:00, run_after=2026-01-21 00:00:00+00:00
[2026-01-21T07:30:47.950+0000] {processor.py:208} INFO - Processing /opt/airflow/dags/dataset_user_processing.py took 0.662 seconds
[2026-01-21T07:31:18.114+0000] {processor.py:186} INFO - Started process (PID=1724) to work on /opt/airflow/dags/dataset_user_processing.py
[2026-01-21T07:31:18.115+0000] {processor.py:914} INFO - Processing file /opt/airflow/dags/dataset_user_processing.py for tasks to queue
[2026-01-21T07:31:18.118+0000] {logging_mixin.py:190} INFO - [2026-01-21T07:31:18.118+0000] {dagbag.py:588} INFO - Filling up the DagBag from /opt/airflow/dags/dataset_user_processing.py
[2026-01-21T07:31:18.768+0000] {processor.py:925} INFO - DAG(s) 'user_processing_dataset' retrieved from /opt/airflow/dags/dataset_user_processing.py
[2026-01-21T07:31:18.793+0000] {logging_mixin.py:190} INFO - [2026-01-21T07:31:18.792+0000] {dag.py:3239} INFO - Sync 1 DAGs
[2026-01-21T07:31:18.817+0000] {logging_mixin.py:190} INFO - [2026-01-21T07:31:18.817+0000] {dag.py:4180} INFO - Setting next_dagrun for user_processing_dataset to 2026-01-20 00:00:00+00:00, run_after=2026-01-21 00:00:00+00:00
[2026-01-21T07:31:18.847+0000] {processor.py:208} INFO - Processing /opt/airflow/dags/dataset_user_processing.py took 0.743 seconds
[2026-01-21T07:31:49.072+0000] {processor.py:186} INFO - Started process (PID=1748) to work on /opt/airflow/dags/dataset_user_processing.py
[2026-01-21T07:31:49.073+0000] {processor.py:914} INFO - Processing file /opt/airflow/dags/dataset_user_processing.py for tasks to queue
[2026-01-21T07:31:49.076+0000] {logging_mixin.py:190} INFO - [2026-01-21T07:31:49.075+0000] {dagbag.py:588} INFO - Filling up the DagBag from /opt/airflow/dags/dataset_user_processing.py
[2026-01-21T07:31:49.671+0000] {processor.py:925} INFO - DAG(s) 'user_processing_dataset' retrieved from /opt/airflow/dags/dataset_user_processing.py
[2026-01-21T07:31:49.692+0000] {logging_mixin.py:190} INFO - [2026-01-21T07:31:49.692+0000] {dag.py:3239} INFO - Sync 1 DAGs
[2026-01-21T07:31:49.722+0000] {logging_mixin.py:190} INFO - [2026-01-21T07:31:49.722+0000] {dag.py:4180} INFO - Setting next_dagrun for user_processing_dataset to 2026-01-20 00:00:00+00:00, run_after=2026-01-21 00:00:00+00:00
[2026-01-21T07:31:49.755+0000] {processor.py:208} INFO - Processing /opt/airflow/dags/dataset_user_processing.py took 0.690 seconds
[2026-01-21T07:32:19.835+0000] {processor.py:186} INFO - Started process (PID=1772) to work on /opt/airflow/dags/dataset_user_processing.py
[2026-01-21T07:32:19.836+0000] {processor.py:914} INFO - Processing file /opt/airflow/dags/dataset_user_processing.py for tasks to queue
[2026-01-21T07:32:19.839+0000] {logging_mixin.py:190} INFO - [2026-01-21T07:32:19.839+0000] {dagbag.py:588} INFO - Filling up the DagBag from /opt/airflow/dags/dataset_user_processing.py
[2026-01-21T07:32:20.408+0000] {processor.py:925} INFO - DAG(s) 'user_processing_dataset' retrieved from /opt/airflow/dags/dataset_user_processing.py
[2026-01-21T07:32:20.431+0000] {logging_mixin.py:190} INFO - [2026-01-21T07:32:20.430+0000] {dag.py:3239} INFO - Sync 1 DAGs
[2026-01-21T07:32:20.458+0000] {logging_mixin.py:190} INFO - [2026-01-21T07:32:20.457+0000] {dag.py:4180} INFO - Setting next_dagrun for user_processing_dataset to 2026-01-20 00:00:00+00:00, run_after=2026-01-21 00:00:00+00:00
[2026-01-21T07:32:20.487+0000] {processor.py:208} INFO - Processing /opt/airflow/dags/dataset_user_processing.py took 0.662 seconds
[2026-01-21T07:32:51.159+0000] {processor.py:186} INFO - Started process (PID=1797) to work on /opt/airflow/dags/dataset_user_processing.py
[2026-01-21T07:32:51.161+0000] {processor.py:914} INFO - Processing file /opt/airflow/dags/dataset_user_processing.py for tasks to queue
[2026-01-21T07:32:51.164+0000] {logging_mixin.py:190} INFO - [2026-01-21T07:32:51.164+0000] {dagbag.py:588} INFO - Filling up the DagBag from /opt/airflow/dags/dataset_user_processing.py
[2026-01-21T07:32:51.685+0000] {processor.py:925} INFO - DAG(s) 'user_processing_dataset' retrieved from /opt/airflow/dags/dataset_user_processing.py
[2026-01-21T07:32:51.704+0000] {logging_mixin.py:190} INFO - [2026-01-21T07:32:51.704+0000] {dag.py:3239} INFO - Sync 1 DAGs
[2026-01-21T07:32:51.724+0000] {logging_mixin.py:190} INFO - [2026-01-21T07:32:51.724+0000] {dag.py:4180} INFO - Setting next_dagrun for user_processing_dataset to 2026-01-20 00:00:00+00:00, run_after=2026-01-21 00:00:00+00:00
[2026-01-21T07:32:51.746+0000] {processor.py:208} INFO - Processing /opt/airflow/dags/dataset_user_processing.py took 0.598 seconds
[2026-01-21T07:33:21.889+0000] {processor.py:186} INFO - Started process (PID=1822) to work on /opt/airflow/dags/dataset_user_processing.py
[2026-01-21T07:33:21.890+0000] {processor.py:914} INFO - Processing file /opt/airflow/dags/dataset_user_processing.py for tasks to queue
[2026-01-21T07:33:21.893+0000] {logging_mixin.py:190} INFO - [2026-01-21T07:33:21.893+0000] {dagbag.py:588} INFO - Filling up the DagBag from /opt/airflow/dags/dataset_user_processing.py
[2026-01-21T07:33:22.410+0000] {processor.py:925} INFO - DAG(s) 'user_processing_dataset' retrieved from /opt/airflow/dags/dataset_user_processing.py
[2026-01-21T07:33:22.429+0000] {logging_mixin.py:190} INFO - [2026-01-21T07:33:22.428+0000] {dag.py:3239} INFO - Sync 1 DAGs
[2026-01-21T07:33:22.453+0000] {logging_mixin.py:190} INFO - [2026-01-21T07:33:22.453+0000] {dag.py:4180} INFO - Setting next_dagrun for user_processing_dataset to 2026-01-20 00:00:00+00:00, run_after=2026-01-21 00:00:00+00:00
[2026-01-21T07:33:22.487+0000] {processor.py:208} INFO - Processing /opt/airflow/dags/dataset_user_processing.py took 0.605 seconds
[2026-01-21T07:33:52.672+0000] {processor.py:186} INFO - Started process (PID=1845) to work on /opt/airflow/dags/dataset_user_processing.py
[2026-01-21T07:33:52.674+0000] {processor.py:914} INFO - Processing file /opt/airflow/dags/dataset_user_processing.py for tasks to queue
[2026-01-21T07:33:52.676+0000] {logging_mixin.py:190} INFO - [2026-01-21T07:33:52.676+0000] {dagbag.py:588} INFO - Filling up the DagBag from /opt/airflow/dags/dataset_user_processing.py
[2026-01-21T07:33:53.197+0000] {processor.py:925} INFO - DAG(s) 'user_processing_dataset' retrieved from /opt/airflow/dags/dataset_user_processing.py
[2026-01-21T07:33:53.219+0000] {logging_mixin.py:190} INFO - [2026-01-21T07:33:53.219+0000] {dag.py:3239} INFO - Sync 1 DAGs
[2026-01-21T07:33:53.245+0000] {logging_mixin.py:190} INFO - [2026-01-21T07:33:53.245+0000] {dag.py:4180} INFO - Setting next_dagrun for user_processing_dataset to 2026-01-20 00:00:00+00:00, run_after=2026-01-21 00:00:00+00:00
[2026-01-21T07:33:53.272+0000] {processor.py:208} INFO - Processing /opt/airflow/dags/dataset_user_processing.py took 0.608 seconds
[2026-01-21T07:34:23.527+0000] {processor.py:186} INFO - Started process (PID=1869) to work on /opt/airflow/dags/dataset_user_processing.py
[2026-01-21T07:34:23.528+0000] {processor.py:914} INFO - Processing file /opt/airflow/dags/dataset_user_processing.py for tasks to queue
[2026-01-21T07:34:23.531+0000] {logging_mixin.py:190} INFO - [2026-01-21T07:34:23.530+0000] {dagbag.py:588} INFO - Filling up the DagBag from /opt/airflow/dags/dataset_user_processing.py
[2026-01-21T07:34:24.077+0000] {processor.py:925} INFO - DAG(s) 'user_processing_dataset' retrieved from /opt/airflow/dags/dataset_user_processing.py
[2026-01-21T07:34:24.100+0000] {logging_mixin.py:190} INFO - [2026-01-21T07:34:24.100+0000] {dag.py:3239} INFO - Sync 1 DAGs
[2026-01-21T07:34:24.123+0000] {logging_mixin.py:190} INFO - [2026-01-21T07:34:24.123+0000] {dag.py:4180} INFO - Setting next_dagrun for user_processing_dataset to 2026-01-20 00:00:00+00:00, run_after=2026-01-21 00:00:00+00:00
[2026-01-21T07:34:24.146+0000] {processor.py:208} INFO - Processing /opt/airflow/dags/dataset_user_processing.py took 0.627 seconds
[2026-01-21T07:34:54.480+0000] {processor.py:186} INFO - Started process (PID=1893) to work on /opt/airflow/dags/dataset_user_processing.py
[2026-01-21T07:34:54.481+0000] {processor.py:914} INFO - Processing file /opt/airflow/dags/dataset_user_processing.py for tasks to queue
[2026-01-21T07:34:54.483+0000] {logging_mixin.py:190} INFO - [2026-01-21T07:34:54.483+0000] {dagbag.py:588} INFO - Filling up the DagBag from /opt/airflow/dags/dataset_user_processing.py
[2026-01-21T07:34:55.013+0000] {processor.py:925} INFO - DAG(s) 'user_processing_dataset' retrieved from /opt/airflow/dags/dataset_user_processing.py
[2026-01-21T07:34:55.033+0000] {logging_mixin.py:190} INFO - [2026-01-21T07:34:55.032+0000] {dag.py:3239} INFO - Sync 1 DAGs
[2026-01-21T07:34:55.058+0000] {logging_mixin.py:190} INFO - [2026-01-21T07:34:55.056+0000] {dag.py:4180} INFO - Setting next_dagrun for user_processing_dataset to 2026-01-20 00:00:00+00:00, run_after=2026-01-21 00:00:00+00:00
[2026-01-21T07:34:55.080+0000] {processor.py:208} INFO - Processing /opt/airflow/dags/dataset_user_processing.py took 0.610 seconds
[2026-01-21T07:35:25.282+0000] {processor.py:186} INFO - Started process (PID=1917) to work on /opt/airflow/dags/dataset_user_processing.py
[2026-01-21T07:35:25.282+0000] {processor.py:914} INFO - Processing file /opt/airflow/dags/dataset_user_processing.py for tasks to queue
[2026-01-21T07:35:25.285+0000] {logging_mixin.py:190} INFO - [2026-01-21T07:35:25.284+0000] {dagbag.py:588} INFO - Filling up the DagBag from /opt/airflow/dags/dataset_user_processing.py
[2026-01-21T07:35:25.886+0000] {processor.py:925} INFO - DAG(s) 'user_processing_dataset' retrieved from /opt/airflow/dags/dataset_user_processing.py
[2026-01-21T07:35:25.911+0000] {logging_mixin.py:190} INFO - [2026-01-21T07:35:25.911+0000] {dag.py:3239} INFO - Sync 1 DAGs
[2026-01-21T07:35:25.938+0000] {logging_mixin.py:190} INFO - [2026-01-21T07:35:25.937+0000] {dag.py:4180} INFO - Setting next_dagrun for user_processing_dataset to 2026-01-20 00:00:00+00:00, run_after=2026-01-21 00:00:00+00:00
[2026-01-21T07:35:25.971+0000] {processor.py:208} INFO - Processing /opt/airflow/dags/dataset_user_processing.py took 0.697 seconds
[2026-01-21T07:35:56.411+0000] {processor.py:186} INFO - Started process (PID=1941) to work on /opt/airflow/dags/dataset_user_processing.py
[2026-01-21T07:35:56.412+0000] {processor.py:914} INFO - Processing file /opt/airflow/dags/dataset_user_processing.py for tasks to queue
[2026-01-21T07:35:56.416+0000] {logging_mixin.py:190} INFO - [2026-01-21T07:35:56.415+0000] {dagbag.py:588} INFO - Filling up the DagBag from /opt/airflow/dags/dataset_user_processing.py
[2026-01-21T07:35:56.926+0000] {processor.py:925} INFO - DAG(s) 'user_processing_dataset' retrieved from /opt/airflow/dags/dataset_user_processing.py
[2026-01-21T07:35:56.947+0000] {logging_mixin.py:190} INFO - [2026-01-21T07:35:56.947+0000] {dag.py:3239} INFO - Sync 1 DAGs
[2026-01-21T07:35:56.981+0000] {logging_mixin.py:190} INFO - [2026-01-21T07:35:56.980+0000] {dag.py:4180} INFO - Setting next_dagrun for user_processing_dataset to 2026-01-20 00:00:00+00:00, run_after=2026-01-21 00:00:00+00:00
[2026-01-21T07:35:57.010+0000] {processor.py:208} INFO - Processing /opt/airflow/dags/dataset_user_processing.py took 0.605 seconds
[2026-01-21T07:36:27.172+0000] {processor.py:186} INFO - Started process (PID=1965) to work on /opt/airflow/dags/dataset_user_processing.py
[2026-01-21T07:36:27.175+0000] {processor.py:914} INFO - Processing file /opt/airflow/dags/dataset_user_processing.py for tasks to queue
[2026-01-21T07:36:27.180+0000] {logging_mixin.py:190} INFO - [2026-01-21T07:36:27.179+0000] {dagbag.py:588} INFO - Filling up the DagBag from /opt/airflow/dags/dataset_user_processing.py
[2026-01-21T07:36:27.733+0000] {processor.py:925} INFO - DAG(s) 'user_processing_dataset' retrieved from /opt/airflow/dags/dataset_user_processing.py
[2026-01-21T07:36:27.756+0000] {logging_mixin.py:190} INFO - [2026-01-21T07:36:27.755+0000] {dag.py:3239} INFO - Sync 1 DAGs
[2026-01-21T07:36:27.795+0000] {logging_mixin.py:190} INFO - [2026-01-21T07:36:27.794+0000] {dag.py:4180} INFO - Setting next_dagrun for user_processing_dataset to 2026-01-20 00:00:00+00:00, run_after=2026-01-21 00:00:00+00:00
[2026-01-21T07:36:27.823+0000] {processor.py:208} INFO - Processing /opt/airflow/dags/dataset_user_processing.py took 0.661 seconds
[2026-01-21T07:36:58.065+0000] {processor.py:186} INFO - Started process (PID=1989) to work on /opt/airflow/dags/dataset_user_processing.py
[2026-01-21T07:36:58.066+0000] {processor.py:914} INFO - Processing file /opt/airflow/dags/dataset_user_processing.py for tasks to queue
[2026-01-21T07:36:58.070+0000] {logging_mixin.py:190} INFO - [2026-01-21T07:36:58.070+0000] {dagbag.py:588} INFO - Filling up the DagBag from /opt/airflow/dags/dataset_user_processing.py
[2026-01-21T07:36:58.758+0000] {processor.py:925} INFO - DAG(s) 'user_processing_dataset' retrieved from /opt/airflow/dags/dataset_user_processing.py
[2026-01-21T07:36:58.803+0000] {logging_mixin.py:190} INFO - [2026-01-21T07:36:58.803+0000] {dag.py:3239} INFO - Sync 1 DAGs
[2026-01-21T07:36:58.840+0000] {logging_mixin.py:190} INFO - [2026-01-21T07:36:58.840+0000] {dag.py:4180} INFO - Setting next_dagrun for user_processing_dataset to 2026-01-20 00:00:00+00:00, run_after=2026-01-21 00:00:00+00:00
[2026-01-21T07:36:58.871+0000] {processor.py:208} INFO - Processing /opt/airflow/dags/dataset_user_processing.py took 0.813 seconds
[2026-01-21T07:37:28.942+0000] {processor.py:186} INFO - Started process (PID=2013) to work on /opt/airflow/dags/dataset_user_processing.py
[2026-01-21T07:37:28.943+0000] {processor.py:914} INFO - Processing file /opt/airflow/dags/dataset_user_processing.py for tasks to queue
[2026-01-21T07:37:28.946+0000] {logging_mixin.py:190} INFO - [2026-01-21T07:37:28.945+0000] {dagbag.py:588} INFO - Filling up the DagBag from /opt/airflow/dags/dataset_user_processing.py
[2026-01-21T07:37:29.515+0000] {processor.py:925} INFO - DAG(s) 'user_processing_dataset' retrieved from /opt/airflow/dags/dataset_user_processing.py
[2026-01-21T07:37:29.536+0000] {logging_mixin.py:190} INFO - [2026-01-21T07:37:29.536+0000] {dag.py:3239} INFO - Sync 1 DAGs
[2026-01-21T07:37:29.561+0000] {logging_mixin.py:190} INFO - [2026-01-21T07:37:29.560+0000] {dag.py:4180} INFO - Setting next_dagrun for user_processing_dataset to 2026-01-20 00:00:00+00:00, run_after=2026-01-21 00:00:00+00:00
[2026-01-21T07:37:29.594+0000] {processor.py:208} INFO - Processing /opt/airflow/dags/dataset_user_processing.py took 0.663 seconds
[2026-01-21T07:37:59.724+0000] {processor.py:186} INFO - Started process (PID=2037) to work on /opt/airflow/dags/dataset_user_processing.py
[2026-01-21T07:37:59.724+0000] {processor.py:914} INFO - Processing file /opt/airflow/dags/dataset_user_processing.py for tasks to queue
[2026-01-21T07:37:59.727+0000] {logging_mixin.py:190} INFO - [2026-01-21T07:37:59.727+0000] {dagbag.py:588} INFO - Filling up the DagBag from /opt/airflow/dags/dataset_user_processing.py
[2026-01-21T07:38:00.345+0000] {processor.py:925} INFO - DAG(s) 'user_processing_dataset' retrieved from /opt/airflow/dags/dataset_user_processing.py
[2026-01-21T07:38:00.374+0000] {logging_mixin.py:190} INFO - [2026-01-21T07:38:00.373+0000] {dag.py:3239} INFO - Sync 1 DAGs
[2026-01-21T07:38:00.407+0000] {logging_mixin.py:190} INFO - [2026-01-21T07:38:00.407+0000] {dag.py:4180} INFO - Setting next_dagrun for user_processing_dataset to 2026-01-20 00:00:00+00:00, run_after=2026-01-21 00:00:00+00:00
[2026-01-21T07:38:00.451+0000] {processor.py:208} INFO - Processing /opt/airflow/dags/dataset_user_processing.py took 0.735 seconds
[2026-01-21T07:38:30.631+0000] {processor.py:186} INFO - Started process (PID=2061) to work on /opt/airflow/dags/dataset_user_processing.py
[2026-01-21T07:38:30.632+0000] {processor.py:914} INFO - Processing file /opt/airflow/dags/dataset_user_processing.py for tasks to queue
[2026-01-21T07:38:30.635+0000] {logging_mixin.py:190} INFO - [2026-01-21T07:38:30.635+0000] {dagbag.py:588} INFO - Filling up the DagBag from /opt/airflow/dags/dataset_user_processing.py
[2026-01-21T07:38:31.243+0000] {processor.py:925} INFO - DAG(s) 'user_processing_dataset' retrieved from /opt/airflow/dags/dataset_user_processing.py
[2026-01-21T07:38:31.267+0000] {logging_mixin.py:190} INFO - [2026-01-21T07:38:31.266+0000] {dag.py:3239} INFO - Sync 1 DAGs
[2026-01-21T07:38:31.291+0000] {logging_mixin.py:190} INFO - [2026-01-21T07:38:31.291+0000] {dag.py:4180} INFO - Setting next_dagrun for user_processing_dataset to 2026-01-20 00:00:00+00:00, run_after=2026-01-21 00:00:00+00:00
[2026-01-21T07:38:31.322+0000] {processor.py:208} INFO - Processing /opt/airflow/dags/dataset_user_processing.py took 0.700 seconds
[2026-01-21T07:39:01.482+0000] {processor.py:186} INFO - Started process (PID=2085) to work on /opt/airflow/dags/dataset_user_processing.py
[2026-01-21T07:39:01.483+0000] {processor.py:914} INFO - Processing file /opt/airflow/dags/dataset_user_processing.py for tasks to queue
[2026-01-21T07:39:01.485+0000] {logging_mixin.py:190} INFO - [2026-01-21T07:39:01.485+0000] {dagbag.py:588} INFO - Filling up the DagBag from /opt/airflow/dags/dataset_user_processing.py
[2026-01-21T07:39:02.064+0000] {processor.py:925} INFO - DAG(s) 'user_processing_dataset' retrieved from /opt/airflow/dags/dataset_user_processing.py
[2026-01-21T07:39:02.090+0000] {logging_mixin.py:190} INFO - [2026-01-21T07:39:02.090+0000] {dag.py:3239} INFO - Sync 1 DAGs
[2026-01-21T07:39:02.112+0000] {logging_mixin.py:190} INFO - [2026-01-21T07:39:02.111+0000] {dag.py:4180} INFO - Setting next_dagrun for user_processing_dataset to 2026-01-20 00:00:00+00:00, run_after=2026-01-21 00:00:00+00:00
[2026-01-21T07:39:02.133+0000] {processor.py:208} INFO - Processing /opt/airflow/dags/dataset_user_processing.py took 0.659 seconds
[2026-01-21T07:39:32.352+0000] {processor.py:186} INFO - Started process (PID=2108) to work on /opt/airflow/dags/dataset_user_processing.py
[2026-01-21T07:39:32.354+0000] {processor.py:914} INFO - Processing file /opt/airflow/dags/dataset_user_processing.py for tasks to queue
[2026-01-21T07:39:32.357+0000] {logging_mixin.py:190} INFO - [2026-01-21T07:39:32.357+0000] {dagbag.py:588} INFO - Filling up the DagBag from /opt/airflow/dags/dataset_user_processing.py
[2026-01-21T07:39:32.853+0000] {processor.py:925} INFO - DAG(s) 'user_processing_dataset' retrieved from /opt/airflow/dags/dataset_user_processing.py
[2026-01-21T07:39:32.876+0000] {logging_mixin.py:190} INFO - [2026-01-21T07:39:32.876+0000] {dag.py:3239} INFO - Sync 1 DAGs
[2026-01-21T07:39:32.901+0000] {logging_mixin.py:190} INFO - [2026-01-21T07:39:32.901+0000] {dag.py:4180} INFO - Setting next_dagrun for user_processing_dataset to 2026-01-20 00:00:00+00:00, run_after=2026-01-21 00:00:00+00:00
[2026-01-21T07:39:32.924+0000] {processor.py:208} INFO - Processing /opt/airflow/dags/dataset_user_processing.py took 0.579 seconds
[2026-01-21T07:40:03.429+0000] {processor.py:186} INFO - Started process (PID=2131) to work on /opt/airflow/dags/dataset_user_processing.py
[2026-01-21T07:40:03.430+0000] {processor.py:914} INFO - Processing file /opt/airflow/dags/dataset_user_processing.py for tasks to queue
[2026-01-21T07:40:03.433+0000] {logging_mixin.py:190} INFO - [2026-01-21T07:40:03.433+0000] {dagbag.py:588} INFO - Filling up the DagBag from /opt/airflow/dags/dataset_user_processing.py
[2026-01-21T07:40:03.978+0000] {processor.py:925} INFO - DAG(s) 'user_processing_dataset' retrieved from /opt/airflow/dags/dataset_user_processing.py
[2026-01-21T07:40:04.015+0000] {logging_mixin.py:190} INFO - [2026-01-21T07:40:04.014+0000] {dag.py:3239} INFO - Sync 1 DAGs
[2026-01-21T07:40:04.039+0000] {logging_mixin.py:190} INFO - [2026-01-21T07:40:04.039+0000] {dag.py:4180} INFO - Setting next_dagrun for user_processing_dataset to 2026-01-20 00:00:00+00:00, run_after=2026-01-21 00:00:00+00:00
[2026-01-21T07:40:04.068+0000] {processor.py:208} INFO - Processing /opt/airflow/dags/dataset_user_processing.py took 0.647 seconds
[2026-01-21T07:40:34.511+0000] {processor.py:186} INFO - Started process (PID=2156) to work on /opt/airflow/dags/dataset_user_processing.py
[2026-01-21T07:40:34.512+0000] {processor.py:914} INFO - Processing file /opt/airflow/dags/dataset_user_processing.py for tasks to queue
[2026-01-21T07:40:34.514+0000] {logging_mixin.py:190} INFO - [2026-01-21T07:40:34.514+0000] {dagbag.py:588} INFO - Filling up the DagBag from /opt/airflow/dags/dataset_user_processing.py
[2026-01-21T07:40:35.024+0000] {processor.py:925} INFO - DAG(s) 'user_processing_dataset' retrieved from /opt/airflow/dags/dataset_user_processing.py
[2026-01-21T07:40:35.047+0000] {logging_mixin.py:190} INFO - [2026-01-21T07:40:35.047+0000] {dag.py:3239} INFO - Sync 1 DAGs
[2026-01-21T07:40:35.068+0000] {logging_mixin.py:190} INFO - [2026-01-21T07:40:35.067+0000] {dag.py:4180} INFO - Setting next_dagrun for user_processing_dataset to 2026-01-20 00:00:00+00:00, run_after=2026-01-21 00:00:00+00:00
[2026-01-21T07:40:35.095+0000] {processor.py:208} INFO - Processing /opt/airflow/dags/dataset_user_processing.py took 0.590 seconds
[2026-01-21T07:41:05.449+0000] {processor.py:186} INFO - Started process (PID=2180) to work on /opt/airflow/dags/dataset_user_processing.py
[2026-01-21T07:41:05.450+0000] {processor.py:914} INFO - Processing file /opt/airflow/dags/dataset_user_processing.py for tasks to queue
[2026-01-21T07:41:05.452+0000] {logging_mixin.py:190} INFO - [2026-01-21T07:41:05.452+0000] {dagbag.py:588} INFO - Filling up the DagBag from /opt/airflow/dags/dataset_user_processing.py
[2026-01-21T07:41:05.981+0000] {processor.py:925} INFO - DAG(s) 'user_processing_dataset' retrieved from /opt/airflow/dags/dataset_user_processing.py
[2026-01-21T07:41:06.001+0000] {logging_mixin.py:190} INFO - [2026-01-21T07:41:06.000+0000] {dag.py:3239} INFO - Sync 1 DAGs
[2026-01-21T07:41:06.024+0000] {logging_mixin.py:190} INFO - [2026-01-21T07:41:06.023+0000] {dag.py:4180} INFO - Setting next_dagrun for user_processing_dataset to 2026-01-20 00:00:00+00:00, run_after=2026-01-21 00:00:00+00:00
[2026-01-21T07:41:06.068+0000] {processor.py:208} INFO - Processing /opt/airflow/dags/dataset_user_processing.py took 0.627 seconds
[2026-01-21T07:41:36.213+0000] {processor.py:186} INFO - Started process (PID=2204) to work on /opt/airflow/dags/dataset_user_processing.py
[2026-01-21T07:41:36.215+0000] {processor.py:914} INFO - Processing file /opt/airflow/dags/dataset_user_processing.py for tasks to queue
[2026-01-21T07:41:36.218+0000] {logging_mixin.py:190} INFO - [2026-01-21T07:41:36.218+0000] {dagbag.py:588} INFO - Filling up the DagBag from /opt/airflow/dags/dataset_user_processing.py
[2026-01-21T07:41:36.859+0000] {processor.py:925} INFO - DAG(s) 'user_processing_dataset' retrieved from /opt/airflow/dags/dataset_user_processing.py
[2026-01-21T07:41:36.879+0000] {logging_mixin.py:190} INFO - [2026-01-21T07:41:36.879+0000] {dag.py:3239} INFO - Sync 1 DAGs
[2026-01-21T07:41:36.901+0000] {logging_mixin.py:190} INFO - [2026-01-21T07:41:36.901+0000] {dag.py:4180} INFO - Setting next_dagrun for user_processing_dataset to 2026-01-20 00:00:00+00:00, run_after=2026-01-21 00:00:00+00:00
[2026-01-21T07:41:36.926+0000] {processor.py:208} INFO - Processing /opt/airflow/dags/dataset_user_processing.py took 0.722 seconds
[2026-01-21T07:42:07.051+0000] {processor.py:186} INFO - Started process (PID=2229) to work on /opt/airflow/dags/dataset_user_processing.py
[2026-01-21T07:42:07.052+0000] {processor.py:914} INFO - Processing file /opt/airflow/dags/dataset_user_processing.py for tasks to queue
[2026-01-21T07:42:07.055+0000] {logging_mixin.py:190} INFO - [2026-01-21T07:42:07.055+0000] {dagbag.py:588} INFO - Filling up the DagBag from /opt/airflow/dags/dataset_user_processing.py
[2026-01-21T07:42:07.658+0000] {processor.py:925} INFO - DAG(s) 'user_processing_dataset' retrieved from /opt/airflow/dags/dataset_user_processing.py
[2026-01-21T07:42:07.679+0000] {logging_mixin.py:190} INFO - [2026-01-21T07:42:07.678+0000] {dag.py:3239} INFO - Sync 1 DAGs
[2026-01-21T07:42:07.708+0000] {logging_mixin.py:190} INFO - [2026-01-21T07:42:07.708+0000] {dag.py:4180} INFO - Setting next_dagrun for user_processing_dataset to 2026-01-20 00:00:00+00:00, run_after=2026-01-21 00:00:00+00:00
[2026-01-21T07:42:07.753+0000] {processor.py:208} INFO - Processing /opt/airflow/dags/dataset_user_processing.py took 0.709 seconds
[2026-01-21T07:42:37.868+0000] {processor.py:186} INFO - Started process (PID=2253) to work on /opt/airflow/dags/dataset_user_processing.py
[2026-01-21T07:42:37.869+0000] {processor.py:914} INFO - Processing file /opt/airflow/dags/dataset_user_processing.py for tasks to queue
[2026-01-21T07:42:37.874+0000] {logging_mixin.py:190} INFO - [2026-01-21T07:42:37.873+0000] {dagbag.py:588} INFO - Filling up the DagBag from /opt/airflow/dags/dataset_user_processing.py
[2026-01-21T07:42:38.423+0000] {processor.py:925} INFO - DAG(s) 'user_processing_dataset' retrieved from /opt/airflow/dags/dataset_user_processing.py
[2026-01-21T07:42:38.460+0000] {logging_mixin.py:190} INFO - [2026-01-21T07:42:38.460+0000] {dag.py:3239} INFO - Sync 1 DAGs
[2026-01-21T07:42:38.485+0000] {logging_mixin.py:190} INFO - [2026-01-21T07:42:38.485+0000] {dag.py:4180} INFO - Setting next_dagrun for user_processing_dataset to 2026-01-20 00:00:00+00:00, run_after=2026-01-21 00:00:00+00:00
[2026-01-21T07:42:38.510+0000] {processor.py:208} INFO - Processing /opt/airflow/dags/dataset_user_processing.py took 0.650 seconds
[2026-01-21T07:43:08.717+0000] {processor.py:186} INFO - Started process (PID=2277) to work on /opt/airflow/dags/dataset_user_processing.py
[2026-01-21T07:43:08.718+0000] {processor.py:914} INFO - Processing file /opt/airflow/dags/dataset_user_processing.py for tasks to queue
[2026-01-21T07:43:08.721+0000] {logging_mixin.py:190} INFO - [2026-01-21T07:43:08.721+0000] {dagbag.py:588} INFO - Filling up the DagBag from /opt/airflow/dags/dataset_user_processing.py
[2026-01-21T07:43:09.296+0000] {processor.py:925} INFO - DAG(s) 'user_processing_dataset' retrieved from /opt/airflow/dags/dataset_user_processing.py
[2026-01-21T07:43:09.321+0000] {logging_mixin.py:190} INFO - [2026-01-21T07:43:09.321+0000] {dag.py:3239} INFO - Sync 1 DAGs
[2026-01-21T07:43:09.347+0000] {logging_mixin.py:190} INFO - [2026-01-21T07:43:09.347+0000] {dag.py:4180} INFO - Setting next_dagrun for user_processing_dataset to 2026-01-20 00:00:00+00:00, run_after=2026-01-21 00:00:00+00:00
[2026-01-21T07:43:09.375+0000] {processor.py:208} INFO - Processing /opt/airflow/dags/dataset_user_processing.py took 0.665 seconds
[2026-01-21T07:43:39.617+0000] {processor.py:186} INFO - Started process (PID=2301) to work on /opt/airflow/dags/dataset_user_processing.py
[2026-01-21T07:43:39.618+0000] {processor.py:914} INFO - Processing file /opt/airflow/dags/dataset_user_processing.py for tasks to queue
[2026-01-21T07:43:39.621+0000] {logging_mixin.py:190} INFO - [2026-01-21T07:43:39.621+0000] {dagbag.py:588} INFO - Filling up the DagBag from /opt/airflow/dags/dataset_user_processing.py
[2026-01-21T07:43:40.203+0000] {processor.py:925} INFO - DAG(s) 'user_processing_dataset' retrieved from /opt/airflow/dags/dataset_user_processing.py
[2026-01-21T07:43:40.236+0000] {logging_mixin.py:190} INFO - [2026-01-21T07:43:40.235+0000] {dag.py:3239} INFO - Sync 1 DAGs
[2026-01-21T07:43:40.276+0000] {logging_mixin.py:190} INFO - [2026-01-21T07:43:40.276+0000] {dag.py:4180} INFO - Setting next_dagrun for user_processing_dataset to 2026-01-20 00:00:00+00:00, run_after=2026-01-21 00:00:00+00:00
[2026-01-21T07:43:40.315+0000] {processor.py:208} INFO - Processing /opt/airflow/dags/dataset_user_processing.py took 0.708 seconds
[2026-01-21T07:44:10.534+0000] {processor.py:186} INFO - Started process (PID=2325) to work on /opt/airflow/dags/dataset_user_processing.py
[2026-01-21T07:44:10.535+0000] {processor.py:914} INFO - Processing file /opt/airflow/dags/dataset_user_processing.py for tasks to queue
[2026-01-21T07:44:10.540+0000] {logging_mixin.py:190} INFO - [2026-01-21T07:44:10.539+0000] {dagbag.py:588} INFO - Filling up the DagBag from /opt/airflow/dags/dataset_user_processing.py
[2026-01-21T07:44:11.139+0000] {processor.py:925} INFO - DAG(s) 'user_processing_dataset' retrieved from /opt/airflow/dags/dataset_user_processing.py
[2026-01-21T07:44:11.159+0000] {logging_mixin.py:190} INFO - [2026-01-21T07:44:11.158+0000] {dag.py:3239} INFO - Sync 1 DAGs
[2026-01-21T07:44:11.183+0000] {logging_mixin.py:190} INFO - [2026-01-21T07:44:11.182+0000] {dag.py:4180} INFO - Setting next_dagrun for user_processing_dataset to 2026-01-20 00:00:00+00:00, run_after=2026-01-21 00:00:00+00:00
[2026-01-21T07:44:11.206+0000] {processor.py:208} INFO - Processing /opt/airflow/dags/dataset_user_processing.py took 0.680 seconds
[2026-01-21T07:44:42.207+0000] {processor.py:186} INFO - Started process (PID=2349) to work on /opt/airflow/dags/dataset_user_processing.py
[2026-01-21T07:44:42.208+0000] {processor.py:914} INFO - Processing file /opt/airflow/dags/dataset_user_processing.py for tasks to queue
[2026-01-21T07:44:42.211+0000] {logging_mixin.py:190} INFO - [2026-01-21T07:44:42.211+0000] {dagbag.py:588} INFO - Filling up the DagBag from /opt/airflow/dags/dataset_user_processing.py
[2026-01-21T07:44:42.796+0000] {processor.py:925} INFO - DAG(s) 'user_processing_dataset' retrieved from /opt/airflow/dags/dataset_user_processing.py
[2026-01-21T07:44:42.822+0000] {logging_mixin.py:190} INFO - [2026-01-21T07:44:42.822+0000] {dag.py:3239} INFO - Sync 1 DAGs
[2026-01-21T07:44:42.849+0000] {logging_mixin.py:190} INFO - [2026-01-21T07:44:42.848+0000] {dag.py:4180} INFO - Setting next_dagrun for user_processing_dataset to 2026-01-20 00:00:00+00:00, run_after=2026-01-21 00:00:00+00:00
[2026-01-21T07:44:42.872+0000] {processor.py:208} INFO - Processing /opt/airflow/dags/dataset_user_processing.py took 0.674 seconds
[2026-01-21T07:45:12.984+0000] {processor.py:186} INFO - Started process (PID=2373) to work on /opt/airflow/dags/dataset_user_processing.py
[2026-01-21T07:45:12.986+0000] {processor.py:914} INFO - Processing file /opt/airflow/dags/dataset_user_processing.py for tasks to queue
[2026-01-21T07:45:12.990+0000] {logging_mixin.py:190} INFO - [2026-01-21T07:45:12.989+0000] {dagbag.py:588} INFO - Filling up the DagBag from /opt/airflow/dags/dataset_user_processing.py
[2026-01-21T07:45:13.599+0000] {processor.py:925} INFO - DAG(s) 'user_processing_dataset' retrieved from /opt/airflow/dags/dataset_user_processing.py
[2026-01-21T07:45:13.624+0000] {logging_mixin.py:190} INFO - [2026-01-21T07:45:13.624+0000] {dag.py:3239} INFO - Sync 1 DAGs
[2026-01-21T07:45:13.655+0000] {logging_mixin.py:190} INFO - [2026-01-21T07:45:13.655+0000] {dag.py:4180} INFO - Setting next_dagrun for user_processing_dataset to 2026-01-20 00:00:00+00:00, run_after=2026-01-21 00:00:00+00:00
[2026-01-21T07:45:13.693+0000] {processor.py:208} INFO - Processing /opt/airflow/dags/dataset_user_processing.py took 0.716 seconds
[2026-01-21T07:45:44.016+0000] {processor.py:186} INFO - Started process (PID=2397) to work on /opt/airflow/dags/dataset_user_processing.py
[2026-01-21T07:45:44.017+0000] {processor.py:914} INFO - Processing file /opt/airflow/dags/dataset_user_processing.py for tasks to queue
[2026-01-21T07:45:44.021+0000] {logging_mixin.py:190} INFO - [2026-01-21T07:45:44.021+0000] {dagbag.py:588} INFO - Filling up the DagBag from /opt/airflow/dags/dataset_user_processing.py
[2026-01-21T07:45:44.603+0000] {processor.py:925} INFO - DAG(s) 'user_processing_dataset' retrieved from /opt/airflow/dags/dataset_user_processing.py
[2026-01-21T07:45:44.624+0000] {logging_mixin.py:190} INFO - [2026-01-21T07:45:44.624+0000] {dag.py:3239} INFO - Sync 1 DAGs
[2026-01-21T07:45:44.647+0000] {logging_mixin.py:190} INFO - [2026-01-21T07:45:44.647+0000] {dag.py:4180} INFO - Setting next_dagrun for user_processing_dataset to 2026-01-20 00:00:00+00:00, run_after=2026-01-21 00:00:00+00:00
[2026-01-21T07:45:44.678+0000] {processor.py:208} INFO - Processing /opt/airflow/dags/dataset_user_processing.py took 0.670 seconds
[2026-01-21T07:46:15.188+0000] {processor.py:186} INFO - Started process (PID=2421) to work on /opt/airflow/dags/dataset_user_processing.py
[2026-01-21T07:46:15.189+0000] {processor.py:914} INFO - Processing file /opt/airflow/dags/dataset_user_processing.py for tasks to queue
[2026-01-21T07:46:15.191+0000] {logging_mixin.py:190} INFO - [2026-01-21T07:46:15.191+0000] {dagbag.py:588} INFO - Filling up the DagBag from /opt/airflow/dags/dataset_user_processing.py
[2026-01-21T07:46:15.729+0000] {processor.py:925} INFO - DAG(s) 'user_processing_dataset' retrieved from /opt/airflow/dags/dataset_user_processing.py
[2026-01-21T07:46:15.750+0000] {logging_mixin.py:190} INFO - [2026-01-21T07:46:15.749+0000] {dag.py:3239} INFO - Sync 1 DAGs
[2026-01-21T07:46:15.772+0000] {logging_mixin.py:190} INFO - [2026-01-21T07:46:15.772+0000] {dag.py:4180} INFO - Setting next_dagrun for user_processing_dataset to 2026-01-20 00:00:00+00:00, run_after=2026-01-21 00:00:00+00:00
[2026-01-21T07:46:15.796+0000] {processor.py:208} INFO - Processing /opt/airflow/dags/dataset_user_processing.py took 0.617 seconds
[2026-01-21T07:46:46.063+0000] {processor.py:186} INFO - Started process (PID=2445) to work on /opt/airflow/dags/dataset_user_processing.py
[2026-01-21T07:46:46.064+0000] {processor.py:914} INFO - Processing file /opt/airflow/dags/dataset_user_processing.py for tasks to queue
[2026-01-21T07:46:46.067+0000] {logging_mixin.py:190} INFO - [2026-01-21T07:46:46.067+0000] {dagbag.py:588} INFO - Filling up the DagBag from /opt/airflow/dags/dataset_user_processing.py
[2026-01-21T07:46:46.617+0000] {processor.py:925} INFO - DAG(s) 'user_processing_dataset' retrieved from /opt/airflow/dags/dataset_user_processing.py
[2026-01-21T07:46:46.638+0000] {logging_mixin.py:190} INFO - [2026-01-21T07:46:46.638+0000] {dag.py:3239} INFO - Sync 1 DAGs
[2026-01-21T07:46:46.663+0000] {logging_mixin.py:190} INFO - [2026-01-21T07:46:46.663+0000] {dag.py:4180} INFO - Setting next_dagrun for user_processing_dataset to 2026-01-20 00:00:00+00:00, run_after=2026-01-21 00:00:00+00:00
[2026-01-21T07:46:46.689+0000] {processor.py:208} INFO - Processing /opt/airflow/dags/dataset_user_processing.py took 0.633 seconds
[2026-01-21T07:47:17.046+0000] {processor.py:186} INFO - Started process (PID=2469) to work on /opt/airflow/dags/dataset_user_processing.py
[2026-01-21T07:47:17.046+0000] {processor.py:914} INFO - Processing file /opt/airflow/dags/dataset_user_processing.py for tasks to queue
[2026-01-21T07:47:17.049+0000] {logging_mixin.py:190} INFO - [2026-01-21T07:47:17.048+0000] {dagbag.py:588} INFO - Filling up the DagBag from /opt/airflow/dags/dataset_user_processing.py
[2026-01-21T07:47:17.565+0000] {processor.py:925} INFO - DAG(s) 'user_processing_dataset' retrieved from /opt/airflow/dags/dataset_user_processing.py
[2026-01-21T07:47:17.591+0000] {logging_mixin.py:190} INFO - [2026-01-21T07:47:17.590+0000] {dag.py:3239} INFO - Sync 1 DAGs
[2026-01-21T07:47:17.621+0000] {logging_mixin.py:190} INFO - [2026-01-21T07:47:17.620+0000] {dag.py:4180} INFO - Setting next_dagrun for user_processing_dataset to 2026-01-20 00:00:00+00:00, run_after=2026-01-21 00:00:00+00:00
[2026-01-21T07:47:17.647+0000] {processor.py:208} INFO - Processing /opt/airflow/dags/dataset_user_processing.py took 0.609 seconds
[2026-01-21T07:47:47.786+0000] {processor.py:186} INFO - Started process (PID=2494) to work on /opt/airflow/dags/dataset_user_processing.py
[2026-01-21T07:47:47.787+0000] {processor.py:914} INFO - Processing file /opt/airflow/dags/dataset_user_processing.py for tasks to queue
[2026-01-21T07:47:47.791+0000] {logging_mixin.py:190} INFO - [2026-01-21T07:47:47.790+0000] {dagbag.py:588} INFO - Filling up the DagBag from /opt/airflow/dags/dataset_user_processing.py
[2026-01-21T07:47:48.314+0000] {processor.py:925} INFO - DAG(s) 'user_processing_dataset' retrieved from /opt/airflow/dags/dataset_user_processing.py
[2026-01-21T07:47:48.336+0000] {logging_mixin.py:190} INFO - [2026-01-21T07:47:48.335+0000] {dag.py:3239} INFO - Sync 1 DAGs
[2026-01-21T07:47:48.359+0000] {logging_mixin.py:190} INFO - [2026-01-21T07:47:48.359+0000] {dag.py:4180} INFO - Setting next_dagrun for user_processing_dataset to 2026-01-20 00:00:00+00:00, run_after=2026-01-21 00:00:00+00:00
[2026-01-21T07:47:48.388+0000] {processor.py:208} INFO - Processing /opt/airflow/dags/dataset_user_processing.py took 0.609 seconds
[2026-01-21T07:48:19.064+0000] {processor.py:186} INFO - Started process (PID=2522) to work on /opt/airflow/dags/dataset_user_processing.py
[2026-01-21T07:48:19.066+0000] {processor.py:914} INFO - Processing file /opt/airflow/dags/dataset_user_processing.py for tasks to queue
[2026-01-21T07:48:19.068+0000] {logging_mixin.py:190} INFO - [2026-01-21T07:48:19.068+0000] {dagbag.py:588} INFO - Filling up the DagBag from /opt/airflow/dags/dataset_user_processing.py
[2026-01-21T07:48:19.644+0000] {processor.py:925} INFO - DAG(s) 'user_processing_dataset' retrieved from /opt/airflow/dags/dataset_user_processing.py
[2026-01-21T07:48:19.669+0000] {logging_mixin.py:190} INFO - [2026-01-21T07:48:19.668+0000] {dag.py:3239} INFO - Sync 1 DAGs
[2026-01-21T07:48:19.704+0000] {logging_mixin.py:190} INFO - [2026-01-21T07:48:19.704+0000] {dag.py:4180} INFO - Setting next_dagrun for user_processing_dataset to 2026-01-20 00:00:00+00:00, run_after=2026-01-21 00:00:00+00:00
[2026-01-21T07:48:19.727+0000] {processor.py:208} INFO - Processing /opt/airflow/dags/dataset_user_processing.py took 0.668 seconds
[2026-01-21T07:48:49.791+0000] {processor.py:186} INFO - Started process (PID=2545) to work on /opt/airflow/dags/dataset_user_processing.py
[2026-01-21T07:48:49.792+0000] {processor.py:914} INFO - Processing file /opt/airflow/dags/dataset_user_processing.py for tasks to queue
[2026-01-21T07:48:49.795+0000] {logging_mixin.py:190} INFO - [2026-01-21T07:48:49.795+0000] {dagbag.py:588} INFO - Filling up the DagBag from /opt/airflow/dags/dataset_user_processing.py
[2026-01-21T07:48:50.484+0000] {processor.py:925} INFO - DAG(s) 'user_processing_dataset' retrieved from /opt/airflow/dags/dataset_user_processing.py
[2026-01-21T07:48:50.513+0000] {logging_mixin.py:190} INFO - [2026-01-21T07:48:50.512+0000] {dag.py:3239} INFO - Sync 1 DAGs
[2026-01-21T07:48:50.543+0000] {logging_mixin.py:190} INFO - [2026-01-21T07:48:50.542+0000] {dag.py:4180} INFO - Setting next_dagrun for user_processing_dataset to 2026-01-20 00:00:00+00:00, run_after=2026-01-21 00:00:00+00:00
[2026-01-21T07:48:50.580+0000] {processor.py:208} INFO - Processing /opt/airflow/dags/dataset_user_processing.py took 0.806 seconds
[2026-01-21T07:49:20.662+0000] {processor.py:186} INFO - Started process (PID=2569) to work on /opt/airflow/dags/dataset_user_processing.py
[2026-01-21T07:49:20.663+0000] {processor.py:914} INFO - Processing file /opt/airflow/dags/dataset_user_processing.py for tasks to queue
[2026-01-21T07:49:20.668+0000] {logging_mixin.py:190} INFO - [2026-01-21T07:49:20.667+0000] {dagbag.py:588} INFO - Filling up the DagBag from /opt/airflow/dags/dataset_user_processing.py
[2026-01-21T07:49:21.214+0000] {processor.py:925} INFO - DAG(s) 'user_processing_dataset' retrieved from /opt/airflow/dags/dataset_user_processing.py
[2026-01-21T07:49:21.239+0000] {logging_mixin.py:190} INFO - [2026-01-21T07:49:21.238+0000] {dag.py:3239} INFO - Sync 1 DAGs
[2026-01-21T07:49:21.264+0000] {logging_mixin.py:190} INFO - [2026-01-21T07:49:21.263+0000] {dag.py:4180} INFO - Setting next_dagrun for user_processing_dataset to 2026-01-20 00:00:00+00:00, run_after=2026-01-21 00:00:00+00:00
[2026-01-21T07:49:21.298+0000] {processor.py:208} INFO - Processing /opt/airflow/dags/dataset_user_processing.py took 0.645 seconds
[2026-01-21T07:49:51.455+0000] {processor.py:186} INFO - Started process (PID=2593) to work on /opt/airflow/dags/dataset_user_processing.py
[2026-01-21T07:49:51.457+0000] {processor.py:914} INFO - Processing file /opt/airflow/dags/dataset_user_processing.py for tasks to queue
[2026-01-21T07:49:51.460+0000] {logging_mixin.py:190} INFO - [2026-01-21T07:49:51.459+0000] {dagbag.py:588} INFO - Filling up the DagBag from /opt/airflow/dags/dataset_user_processing.py
[2026-01-21T07:49:52.029+0000] {processor.py:925} INFO - DAG(s) 'user_processing_dataset' retrieved from /opt/airflow/dags/dataset_user_processing.py
[2026-01-21T07:49:52.055+0000] {logging_mixin.py:190} INFO - [2026-01-21T07:49:52.054+0000] {dag.py:3239} INFO - Sync 1 DAGs
[2026-01-21T07:49:52.088+0000] {logging_mixin.py:190} INFO - [2026-01-21T07:49:52.088+0000] {dag.py:4180} INFO - Setting next_dagrun for user_processing_dataset to 2026-01-20 00:00:00+00:00, run_after=2026-01-21 00:00:00+00:00
[2026-01-21T07:49:52.111+0000] {processor.py:208} INFO - Processing /opt/airflow/dags/dataset_user_processing.py took 0.667 seconds
[2026-01-21T07:50:22.253+0000] {processor.py:186} INFO - Started process (PID=2617) to work on /opt/airflow/dags/dataset_user_processing.py
[2026-01-21T07:50:22.254+0000] {processor.py:914} INFO - Processing file /opt/airflow/dags/dataset_user_processing.py for tasks to queue
[2026-01-21T07:50:22.258+0000] {logging_mixin.py:190} INFO - [2026-01-21T07:50:22.258+0000] {dagbag.py:588} INFO - Filling up the DagBag from /opt/airflow/dags/dataset_user_processing.py
[2026-01-21T07:50:22.814+0000] {processor.py:925} INFO - DAG(s) 'user_processing_dataset' retrieved from /opt/airflow/dags/dataset_user_processing.py
[2026-01-21T07:50:22.838+0000] {logging_mixin.py:190} INFO - [2026-01-21T07:50:22.837+0000] {dag.py:3239} INFO - Sync 1 DAGs
[2026-01-21T07:50:22.865+0000] {logging_mixin.py:190} INFO - [2026-01-21T07:50:22.864+0000] {dag.py:4180} INFO - Setting next_dagrun for user_processing_dataset to 2026-01-20 00:00:00+00:00, run_after=2026-01-21 00:00:00+00:00
[2026-01-21T07:50:22.890+0000] {processor.py:208} INFO - Processing /opt/airflow/dags/dataset_user_processing.py took 0.648 seconds
[2026-01-21T07:50:53.173+0000] {processor.py:186} INFO - Started process (PID=2641) to work on /opt/airflow/dags/dataset_user_processing.py
[2026-01-21T07:50:53.174+0000] {processor.py:914} INFO - Processing file /opt/airflow/dags/dataset_user_processing.py for tasks to queue
[2026-01-21T07:50:53.176+0000] {logging_mixin.py:190} INFO - [2026-01-21T07:50:53.176+0000] {dagbag.py:588} INFO - Filling up the DagBag from /opt/airflow/dags/dataset_user_processing.py
[2026-01-21T07:50:53.726+0000] {processor.py:925} INFO - DAG(s) 'user_processing_dataset' retrieved from /opt/airflow/dags/dataset_user_processing.py
[2026-01-21T07:50:53.748+0000] {logging_mixin.py:190} INFO - [2026-01-21T07:50:53.747+0000] {dag.py:3239} INFO - Sync 1 DAGs
[2026-01-21T07:50:53.768+0000] {logging_mixin.py:190} INFO - [2026-01-21T07:50:53.768+0000] {dag.py:4180} INFO - Setting next_dagrun for user_processing_dataset to 2026-01-20 00:00:00+00:00, run_after=2026-01-21 00:00:00+00:00
[2026-01-21T07:50:53.791+0000] {processor.py:208} INFO - Processing /opt/airflow/dags/dataset_user_processing.py took 0.627 seconds
[2026-01-21T07:51:24.098+0000] {processor.py:186} INFO - Started process (PID=2665) to work on /opt/airflow/dags/dataset_user_processing.py
[2026-01-21T07:51:24.099+0000] {processor.py:914} INFO - Processing file /opt/airflow/dags/dataset_user_processing.py for tasks to queue
[2026-01-21T07:51:24.101+0000] {logging_mixin.py:190} INFO - [2026-01-21T07:51:24.101+0000] {dagbag.py:588} INFO - Filling up the DagBag from /opt/airflow/dags/dataset_user_processing.py
[2026-01-21T07:51:24.646+0000] {processor.py:925} INFO - DAG(s) 'user_processing_dataset' retrieved from /opt/airflow/dags/dataset_user_processing.py
[2026-01-21T07:51:24.666+0000] {logging_mixin.py:190} INFO - [2026-01-21T07:51:24.666+0000] {dag.py:3239} INFO - Sync 1 DAGs
[2026-01-21T07:51:24.690+0000] {logging_mixin.py:190} INFO - [2026-01-21T07:51:24.689+0000] {dag.py:4180} INFO - Setting next_dagrun for user_processing_dataset to 2026-01-20 00:00:00+00:00, run_after=2026-01-21 00:00:00+00:00
[2026-01-21T07:51:24.718+0000] {processor.py:208} INFO - Processing /opt/airflow/dags/dataset_user_processing.py took 0.627 seconds
[2026-01-21T07:51:55.136+0000] {processor.py:186} INFO - Started process (PID=2689) to work on /opt/airflow/dags/dataset_user_processing.py
[2026-01-21T07:51:55.139+0000] {processor.py:914} INFO - Processing file /opt/airflow/dags/dataset_user_processing.py for tasks to queue
[2026-01-21T07:51:55.143+0000] {logging_mixin.py:190} INFO - [2026-01-21T07:51:55.143+0000] {dagbag.py:588} INFO - Filling up the DagBag from /opt/airflow/dags/dataset_user_processing.py
[2026-01-21T07:51:55.684+0000] {processor.py:925} INFO - DAG(s) 'user_processing_dataset' retrieved from /opt/airflow/dags/dataset_user_processing.py
[2026-01-21T07:51:55.708+0000] {logging_mixin.py:190} INFO - [2026-01-21T07:51:55.708+0000] {dag.py:3239} INFO - Sync 1 DAGs
[2026-01-21T07:51:55.733+0000] {logging_mixin.py:190} INFO - [2026-01-21T07:51:55.733+0000] {dag.py:4180} INFO - Setting next_dagrun for user_processing_dataset to 2026-01-20 00:00:00+00:00, run_after=2026-01-21 00:00:00+00:00
[2026-01-21T07:51:55.758+0000] {processor.py:208} INFO - Processing /opt/airflow/dags/dataset_user_processing.py took 0.630 seconds
[2026-01-21T07:52:26.203+0000] {processor.py:186} INFO - Started process (PID=2713) to work on /opt/airflow/dags/dataset_user_processing.py
[2026-01-21T07:52:26.204+0000] {processor.py:914} INFO - Processing file /opt/airflow/dags/dataset_user_processing.py for tasks to queue
[2026-01-21T07:52:26.208+0000] {logging_mixin.py:190} INFO - [2026-01-21T07:52:26.207+0000] {dagbag.py:588} INFO - Filling up the DagBag from /opt/airflow/dags/dataset_user_processing.py
[2026-01-21T07:52:26.728+0000] {processor.py:925} INFO - DAG(s) 'user_processing_dataset' retrieved from /opt/airflow/dags/dataset_user_processing.py
[2026-01-21T07:52:26.750+0000] {logging_mixin.py:190} INFO - [2026-01-21T07:52:26.750+0000] {dag.py:3239} INFO - Sync 1 DAGs
[2026-01-21T07:52:26.776+0000] {logging_mixin.py:190} INFO - [2026-01-21T07:52:26.776+0000] {dag.py:4180} INFO - Setting next_dagrun for user_processing_dataset to 2026-01-20 00:00:00+00:00, run_after=2026-01-21 00:00:00+00:00
[2026-01-21T07:52:26.799+0000] {processor.py:208} INFO - Processing /opt/airflow/dags/dataset_user_processing.py took 0.604 seconds
[2026-01-21T07:52:57.477+0000] {processor.py:186} INFO - Started process (PID=2737) to work on /opt/airflow/dags/dataset_user_processing.py
[2026-01-21T07:52:57.478+0000] {processor.py:914} INFO - Processing file /opt/airflow/dags/dataset_user_processing.py for tasks to queue
[2026-01-21T07:52:57.485+0000] {logging_mixin.py:190} INFO - [2026-01-21T07:52:57.484+0000] {dagbag.py:588} INFO - Filling up the DagBag from /opt/airflow/dags/dataset_user_processing.py
[2026-01-21T07:52:58.720+0000] {processor.py:925} INFO - DAG(s) 'user_processing_dataset' retrieved from /opt/airflow/dags/dataset_user_processing.py
[2026-01-21T07:52:58.769+0000] {logging_mixin.py:190} INFO - [2026-01-21T07:52:58.768+0000] {dag.py:3239} INFO - Sync 1 DAGs
[2026-01-21T07:52:58.833+0000] {logging_mixin.py:190} INFO - [2026-01-21T07:52:58.832+0000] {dag.py:4180} INFO - Setting next_dagrun for user_processing_dataset to 2026-01-20 00:00:00+00:00, run_after=2026-01-21 00:00:00+00:00
[2026-01-21T07:52:58.899+0000] {processor.py:208} INFO - Processing /opt/airflow/dags/dataset_user_processing.py took 1.445 seconds
[2026-01-21T07:53:28.970+0000] {processor.py:186} INFO - Started process (PID=2761) to work on /opt/airflow/dags/dataset_user_processing.py
[2026-01-21T07:53:28.971+0000] {processor.py:914} INFO - Processing file /opt/airflow/dags/dataset_user_processing.py for tasks to queue
[2026-01-21T07:53:28.974+0000] {logging_mixin.py:190} INFO - [2026-01-21T07:53:28.974+0000] {dagbag.py:588} INFO - Filling up the DagBag from /opt/airflow/dags/dataset_user_processing.py
[2026-01-21T07:53:29.554+0000] {processor.py:925} INFO - DAG(s) 'user_processing_dataset' retrieved from /opt/airflow/dags/dataset_user_processing.py
[2026-01-21T07:53:29.576+0000] {logging_mixin.py:190} INFO - [2026-01-21T07:53:29.575+0000] {dag.py:3239} INFO - Sync 1 DAGs
[2026-01-21T07:53:29.604+0000] {logging_mixin.py:190} INFO - [2026-01-21T07:53:29.604+0000] {dag.py:4180} INFO - Setting next_dagrun for user_processing_dataset to 2026-01-20 00:00:00+00:00, run_after=2026-01-21 00:00:00+00:00
[2026-01-21T07:53:29.643+0000] {processor.py:208} INFO - Processing /opt/airflow/dags/dataset_user_processing.py took 0.679 seconds
[2026-01-21T07:53:59.833+0000] {processor.py:186} INFO - Started process (PID=2785) to work on /opt/airflow/dags/dataset_user_processing.py
[2026-01-21T07:53:59.833+0000] {processor.py:914} INFO - Processing file /opt/airflow/dags/dataset_user_processing.py for tasks to queue
[2026-01-21T07:53:59.850+0000] {logging_mixin.py:190} INFO - [2026-01-21T07:53:59.849+0000] {dagbag.py:588} INFO - Filling up the DagBag from /opt/airflow/dags/dataset_user_processing.py
[2026-01-21T07:54:00.477+0000] {processor.py:925} INFO - DAG(s) 'user_processing_dataset' retrieved from /opt/airflow/dags/dataset_user_processing.py
[2026-01-21T07:54:00.498+0000] {logging_mixin.py:190} INFO - [2026-01-21T07:54:00.498+0000] {dag.py:3239} INFO - Sync 1 DAGs
[2026-01-21T07:54:00.524+0000] {logging_mixin.py:190} INFO - [2026-01-21T07:54:00.524+0000] {dag.py:4180} INFO - Setting next_dagrun for user_processing_dataset to 2026-01-20 00:00:00+00:00, run_after=2026-01-21 00:00:00+00:00
[2026-01-21T07:54:00.543+0000] {processor.py:208} INFO - Processing /opt/airflow/dags/dataset_user_processing.py took 0.718 seconds
[2026-01-21T07:54:30.758+0000] {processor.py:186} INFO - Started process (PID=2809) to work on /opt/airflow/dags/dataset_user_processing.py
[2026-01-21T07:54:30.760+0000] {processor.py:914} INFO - Processing file /opt/airflow/dags/dataset_user_processing.py for tasks to queue
[2026-01-21T07:54:30.764+0000] {logging_mixin.py:190} INFO - [2026-01-21T07:54:30.763+0000] {dagbag.py:588} INFO - Filling up the DagBag from /opt/airflow/dags/dataset_user_processing.py
[2026-01-21T07:54:31.533+0000] {processor.py:925} INFO - DAG(s) 'user_processing_dataset' retrieved from /opt/airflow/dags/dataset_user_processing.py
[2026-01-21T07:54:31.568+0000] {logging_mixin.py:190} INFO - [2026-01-21T07:54:31.567+0000] {dag.py:3239} INFO - Sync 1 DAGs
[2026-01-21T07:54:31.609+0000] {logging_mixin.py:190} INFO - [2026-01-21T07:54:31.609+0000] {dag.py:4180} INFO - Setting next_dagrun for user_processing_dataset to 2026-01-20 00:00:00+00:00, run_after=2026-01-21 00:00:00+00:00
[2026-01-21T07:54:31.655+0000] {processor.py:208} INFO - Processing /opt/airflow/dags/dataset_user_processing.py took 0.905 seconds
[2026-01-21T07:55:01.977+0000] {processor.py:186} INFO - Started process (PID=2832) to work on /opt/airflow/dags/dataset_user_processing.py
[2026-01-21T07:55:01.979+0000] {processor.py:914} INFO - Processing file /opt/airflow/dags/dataset_user_processing.py for tasks to queue
[2026-01-21T07:55:01.982+0000] {logging_mixin.py:190} INFO - [2026-01-21T07:55:01.982+0000] {dagbag.py:588} INFO - Filling up the DagBag from /opt/airflow/dags/dataset_user_processing.py
[2026-01-21T07:55:02.603+0000] {processor.py:925} INFO - DAG(s) 'user_processing_dataset' retrieved from /opt/airflow/dags/dataset_user_processing.py
[2026-01-21T07:55:02.644+0000] {logging_mixin.py:190} INFO - [2026-01-21T07:55:02.644+0000] {dag.py:3239} INFO - Sync 1 DAGs
[2026-01-21T07:55:02.680+0000] {logging_mixin.py:190} INFO - [2026-01-21T07:55:02.680+0000] {dag.py:4180} INFO - Setting next_dagrun for user_processing_dataset to 2026-01-20 00:00:00+00:00, run_after=2026-01-21 00:00:00+00:00
[2026-01-21T07:55:02.707+0000] {processor.py:208} INFO - Processing /opt/airflow/dags/dataset_user_processing.py took 0.737 seconds
[2026-01-21T07:55:32.820+0000] {processor.py:186} INFO - Started process (PID=2856) to work on /opt/airflow/dags/dataset_user_processing.py
[2026-01-21T07:55:32.821+0000] {processor.py:914} INFO - Processing file /opt/airflow/dags/dataset_user_processing.py for tasks to queue
[2026-01-21T07:55:32.823+0000] {logging_mixin.py:190} INFO - [2026-01-21T07:55:32.823+0000] {dagbag.py:588} INFO - Filling up the DagBag from /opt/airflow/dags/dataset_user_processing.py
[2026-01-21T07:55:33.356+0000] {processor.py:925} INFO - DAG(s) 'user_processing_dataset' retrieved from /opt/airflow/dags/dataset_user_processing.py
[2026-01-21T07:55:33.374+0000] {logging_mixin.py:190} INFO - [2026-01-21T07:55:33.374+0000] {dag.py:3239} INFO - Sync 1 DAGs
[2026-01-21T07:55:33.392+0000] {logging_mixin.py:190} INFO - [2026-01-21T07:55:33.392+0000] {dag.py:4180} INFO - Setting next_dagrun for user_processing_dataset to 2026-01-20 00:00:00+00:00, run_after=2026-01-21 00:00:00+00:00
[2026-01-21T07:55:33.411+0000] {processor.py:208} INFO - Processing /opt/airflow/dags/dataset_user_processing.py took 0.596 seconds
[2026-01-21T07:56:03.617+0000] {processor.py:186} INFO - Started process (PID=2880) to work on /opt/airflow/dags/dataset_user_processing.py
[2026-01-21T07:56:03.619+0000] {processor.py:914} INFO - Processing file /opt/airflow/dags/dataset_user_processing.py for tasks to queue
[2026-01-21T07:56:03.622+0000] {logging_mixin.py:190} INFO - [2026-01-21T07:56:03.621+0000] {dagbag.py:588} INFO - Filling up the DagBag from /opt/airflow/dags/dataset_user_processing.py
[2026-01-21T07:56:04.087+0000] {processor.py:925} INFO - DAG(s) 'user_processing_dataset' retrieved from /opt/airflow/dags/dataset_user_processing.py
[2026-01-21T07:56:04.117+0000] {logging_mixin.py:190} INFO - [2026-01-21T07:56:04.117+0000] {dag.py:3239} INFO - Sync 1 DAGs
[2026-01-21T07:56:04.143+0000] {logging_mixin.py:190} INFO - [2026-01-21T07:56:04.142+0000] {dag.py:4180} INFO - Setting next_dagrun for user_processing_dataset to 2026-01-20 00:00:00+00:00, run_after=2026-01-21 00:00:00+00:00
[2026-01-21T07:56:04.174+0000] {processor.py:208} INFO - Processing /opt/airflow/dags/dataset_user_processing.py took 0.570 seconds
[2026-01-21T07:56:34.245+0000] {processor.py:186} INFO - Started process (PID=2904) to work on /opt/airflow/dags/dataset_user_processing.py
[2026-01-21T07:56:34.246+0000] {processor.py:914} INFO - Processing file /opt/airflow/dags/dataset_user_processing.py for tasks to queue
[2026-01-21T07:56:34.249+0000] {logging_mixin.py:190} INFO - [2026-01-21T07:56:34.249+0000] {dagbag.py:588} INFO - Filling up the DagBag from /opt/airflow/dags/dataset_user_processing.py
[2026-01-21T07:56:34.815+0000] {processor.py:925} INFO - DAG(s) 'user_processing_dataset' retrieved from /opt/airflow/dags/dataset_user_processing.py
[2026-01-21T07:56:34.836+0000] {logging_mixin.py:190} INFO - [2026-01-21T07:56:34.835+0000] {dag.py:3239} INFO - Sync 1 DAGs
[2026-01-21T07:56:34.854+0000] {logging_mixin.py:190} INFO - [2026-01-21T07:56:34.853+0000] {dag.py:4180} INFO - Setting next_dagrun for user_processing_dataset to 2026-01-20 00:00:00+00:00, run_after=2026-01-21 00:00:00+00:00
[2026-01-21T07:56:34.875+0000] {processor.py:208} INFO - Processing /opt/airflow/dags/dataset_user_processing.py took 0.640 seconds
[2026-01-21T07:57:05.724+0000] {processor.py:186} INFO - Started process (PID=2928) to work on /opt/airflow/dags/dataset_user_processing.py
[2026-01-21T07:57:05.725+0000] {processor.py:914} INFO - Processing file /opt/airflow/dags/dataset_user_processing.py for tasks to queue
[2026-01-21T07:57:05.727+0000] {logging_mixin.py:190} INFO - [2026-01-21T07:57:05.727+0000] {dagbag.py:588} INFO - Filling up the DagBag from /opt/airflow/dags/dataset_user_processing.py
[2026-01-21T07:57:06.245+0000] {processor.py:925} INFO - DAG(s) 'user_processing_dataset' retrieved from /opt/airflow/dags/dataset_user_processing.py
[2026-01-21T07:57:06.264+0000] {logging_mixin.py:190} INFO - [2026-01-21T07:57:06.263+0000] {dag.py:3239} INFO - Sync 1 DAGs
[2026-01-21T07:57:06.297+0000] {logging_mixin.py:190} INFO - [2026-01-21T07:57:06.296+0000] {dag.py:4180} INFO - Setting next_dagrun for user_processing_dataset to 2026-01-20 00:00:00+00:00, run_after=2026-01-21 00:00:00+00:00
[2026-01-21T07:57:06.320+0000] {processor.py:208} INFO - Processing /opt/airflow/dags/dataset_user_processing.py took 0.602 seconds
[2026-01-21T07:57:37.268+0000] {processor.py:186} INFO - Started process (PID=2952) to work on /opt/airflow/dags/dataset_user_processing.py
[2026-01-21T07:57:37.269+0000] {processor.py:914} INFO - Processing file /opt/airflow/dags/dataset_user_processing.py for tasks to queue
[2026-01-21T07:57:37.272+0000] {logging_mixin.py:190} INFO - [2026-01-21T07:57:37.272+0000] {dagbag.py:588} INFO - Filling up the DagBag from /opt/airflow/dags/dataset_user_processing.py
[2026-01-21T07:57:37.783+0000] {processor.py:925} INFO - DAG(s) 'user_processing_dataset' retrieved from /opt/airflow/dags/dataset_user_processing.py
[2026-01-21T07:57:37.800+0000] {logging_mixin.py:190} INFO - [2026-01-21T07:57:37.800+0000] {dag.py:3239} INFO - Sync 1 DAGs
[2026-01-21T07:57:37.820+0000] {logging_mixin.py:190} INFO - [2026-01-21T07:57:37.820+0000] {dag.py:4180} INFO - Setting next_dagrun for user_processing_dataset to 2026-01-20 00:00:00+00:00, run_after=2026-01-21 00:00:00+00:00
[2026-01-21T07:57:37.839+0000] {processor.py:208} INFO - Processing /opt/airflow/dags/dataset_user_processing.py took 0.580 seconds
[2026-01-21T07:58:07.905+0000] {processor.py:186} INFO - Started process (PID=2976) to work on /opt/airflow/dags/dataset_user_processing.py
[2026-01-21T07:58:07.906+0000] {processor.py:914} INFO - Processing file /opt/airflow/dags/dataset_user_processing.py for tasks to queue
[2026-01-21T07:58:07.910+0000] {logging_mixin.py:190} INFO - [2026-01-21T07:58:07.909+0000] {dagbag.py:588} INFO - Filling up the DagBag from /opt/airflow/dags/dataset_user_processing.py
[2026-01-21T07:58:08.390+0000] {processor.py:925} INFO - DAG(s) 'user_processing_dataset' retrieved from /opt/airflow/dags/dataset_user_processing.py
[2026-01-21T07:58:08.412+0000] {logging_mixin.py:190} INFO - [2026-01-21T07:58:08.411+0000] {dag.py:3239} INFO - Sync 1 DAGs
[2026-01-21T07:58:08.437+0000] {logging_mixin.py:190} INFO - [2026-01-21T07:58:08.437+0000] {dag.py:4180} INFO - Setting next_dagrun for user_processing_dataset to 2026-01-20 00:00:00+00:00, run_after=2026-01-21 00:00:00+00:00
[2026-01-21T07:58:08.469+0000] {processor.py:208} INFO - Processing /opt/airflow/dags/dataset_user_processing.py took 0.571 seconds
[2026-01-21T07:58:38.621+0000] {processor.py:186} INFO - Started process (PID=3000) to work on /opt/airflow/dags/dataset_user_processing.py
[2026-01-21T07:58:38.623+0000] {processor.py:914} INFO - Processing file /opt/airflow/dags/dataset_user_processing.py for tasks to queue
[2026-01-21T07:58:38.626+0000] {logging_mixin.py:190} INFO - [2026-01-21T07:58:38.626+0000] {dagbag.py:588} INFO - Filling up the DagBag from /opt/airflow/dags/dataset_user_processing.py
[2026-01-21T07:58:39.160+0000] {processor.py:925} INFO - DAG(s) 'user_processing_dataset' retrieved from /opt/airflow/dags/dataset_user_processing.py
[2026-01-21T07:58:39.179+0000] {logging_mixin.py:190} INFO - [2026-01-21T07:58:39.179+0000] {dag.py:3239} INFO - Sync 1 DAGs
[2026-01-21T07:58:39.203+0000] {logging_mixin.py:190} INFO - [2026-01-21T07:58:39.203+0000] {dag.py:4180} INFO - Setting next_dagrun for user_processing_dataset to 2026-01-20 00:00:00+00:00, run_after=2026-01-21 00:00:00+00:00
[2026-01-21T07:58:39.221+0000] {processor.py:208} INFO - Processing /opt/airflow/dags/dataset_user_processing.py took 0.609 seconds
[2026-01-21T07:59:09.409+0000] {processor.py:186} INFO - Started process (PID=3024) to work on /opt/airflow/dags/dataset_user_processing.py
[2026-01-21T07:59:09.410+0000] {processor.py:914} INFO - Processing file /opt/airflow/dags/dataset_user_processing.py for tasks to queue
[2026-01-21T07:59:09.413+0000] {logging_mixin.py:190} INFO - [2026-01-21T07:59:09.412+0000] {dagbag.py:588} INFO - Filling up the DagBag from /opt/airflow/dags/dataset_user_processing.py
[2026-01-21T07:59:10.239+0000] {processor.py:925} INFO - DAG(s) 'user_processing_dataset' retrieved from /opt/airflow/dags/dataset_user_processing.py
[2026-01-21T07:59:10.277+0000] {logging_mixin.py:190} INFO - [2026-01-21T07:59:10.276+0000] {dag.py:3239} INFO - Sync 1 DAGs
[2026-01-21T07:59:10.320+0000] {logging_mixin.py:190} INFO - [2026-01-21T07:59:10.319+0000] {dag.py:4180} INFO - Setting next_dagrun for user_processing_dataset to 2026-01-20 00:00:00+00:00, run_after=2026-01-21 00:00:00+00:00
[2026-01-21T07:59:10.354+0000] {processor.py:208} INFO - Processing /opt/airflow/dags/dataset_user_processing.py took 0.952 seconds
[2026-01-21T07:59:40.731+0000] {processor.py:186} INFO - Started process (PID=3048) to work on /opt/airflow/dags/dataset_user_processing.py
[2026-01-21T07:59:40.732+0000] {processor.py:914} INFO - Processing file /opt/airflow/dags/dataset_user_processing.py for tasks to queue
[2026-01-21T07:59:40.736+0000] {logging_mixin.py:190} INFO - [2026-01-21T07:59:40.736+0000] {dagbag.py:588} INFO - Filling up the DagBag from /opt/airflow/dags/dataset_user_processing.py
[2026-01-21T07:59:41.163+0000] {processor.py:925} INFO - DAG(s) 'user_processing_dataset' retrieved from /opt/airflow/dags/dataset_user_processing.py
[2026-01-21T07:59:41.192+0000] {logging_mixin.py:190} INFO - [2026-01-21T07:59:41.192+0000] {dag.py:3239} INFO - Sync 1 DAGs
[2026-01-21T07:59:41.236+0000] {logging_mixin.py:190} INFO - [2026-01-21T07:59:41.235+0000] {dag.py:4180} INFO - Setting next_dagrun for user_processing_dataset to 2026-01-20 00:00:00+00:00, run_after=2026-01-21 00:00:00+00:00
[2026-01-21T07:59:41.262+0000] {processor.py:208} INFO - Processing /opt/airflow/dags/dataset_user_processing.py took 0.540 seconds
[2026-01-21T08:00:12.065+0000] {processor.py:186} INFO - Started process (PID=3071) to work on /opt/airflow/dags/dataset_user_processing.py
[2026-01-21T08:00:12.068+0000] {processor.py:914} INFO - Processing file /opt/airflow/dags/dataset_user_processing.py for tasks to queue
[2026-01-21T08:00:12.071+0000] {logging_mixin.py:190} INFO - [2026-01-21T08:00:12.071+0000] {dagbag.py:588} INFO - Filling up the DagBag from /opt/airflow/dags/dataset_user_processing.py
[2026-01-21T08:00:12.749+0000] {processor.py:925} INFO - DAG(s) 'user_processing_dataset' retrieved from /opt/airflow/dags/dataset_user_processing.py
[2026-01-21T08:00:12.777+0000] {logging_mixin.py:190} INFO - [2026-01-21T08:00:12.776+0000] {dag.py:3239} INFO - Sync 1 DAGs
[2026-01-21T08:00:12.820+0000] {logging_mixin.py:190} INFO - [2026-01-21T08:00:12.820+0000] {dag.py:4180} INFO - Setting next_dagrun for user_processing_dataset to 2026-01-20 00:00:00+00:00, run_after=2026-01-21 00:00:00+00:00
[2026-01-21T08:00:12.854+0000] {processor.py:208} INFO - Processing /opt/airflow/dags/dataset_user_processing.py took 0.797 seconds
[2026-01-21T08:00:42.917+0000] {processor.py:186} INFO - Started process (PID=3094) to work on /opt/airflow/dags/dataset_user_processing.py
[2026-01-21T08:00:42.918+0000] {processor.py:914} INFO - Processing file /opt/airflow/dags/dataset_user_processing.py for tasks to queue
[2026-01-21T08:00:42.921+0000] {logging_mixin.py:190} INFO - [2026-01-21T08:00:42.921+0000] {dagbag.py:588} INFO - Filling up the DagBag from /opt/airflow/dags/dataset_user_processing.py
[2026-01-21T08:00:43.580+0000] {processor.py:925} INFO - DAG(s) 'user_processing_dataset' retrieved from /opt/airflow/dags/dataset_user_processing.py
[2026-01-21T08:00:43.606+0000] {logging_mixin.py:190} INFO - [2026-01-21T08:00:43.606+0000] {dag.py:3239} INFO - Sync 1 DAGs
[2026-01-21T08:00:43.647+0000] {logging_mixin.py:190} INFO - [2026-01-21T08:00:43.646+0000] {dag.py:4180} INFO - Setting next_dagrun for user_processing_dataset to 2026-01-20 00:00:00+00:00, run_after=2026-01-21 00:00:00+00:00
[2026-01-21T08:00:43.677+0000] {processor.py:208} INFO - Processing /opt/airflow/dags/dataset_user_processing.py took 0.769 seconds
[2026-01-21T08:01:14.224+0000] {processor.py:186} INFO - Started process (PID=3118) to work on /opt/airflow/dags/dataset_user_processing.py
[2026-01-21T08:01:14.225+0000] {processor.py:914} INFO - Processing file /opt/airflow/dags/dataset_user_processing.py for tasks to queue
[2026-01-21T08:01:14.228+0000] {logging_mixin.py:190} INFO - [2026-01-21T08:01:14.228+0000] {dagbag.py:588} INFO - Filling up the DagBag from /opt/airflow/dags/dataset_user_processing.py
[2026-01-21T08:01:14.681+0000] {processor.py:925} INFO - DAG(s) 'user_processing_dataset' retrieved from /opt/airflow/dags/dataset_user_processing.py
[2026-01-21T08:01:14.702+0000] {logging_mixin.py:190} INFO - [2026-01-21T08:01:14.702+0000] {dag.py:3239} INFO - Sync 1 DAGs
[2026-01-21T08:01:14.720+0000] {logging_mixin.py:190} INFO - [2026-01-21T08:01:14.720+0000] {dag.py:4180} INFO - Setting next_dagrun for user_processing_dataset to 2026-01-20 00:00:00+00:00, run_after=2026-01-21 00:00:00+00:00
[2026-01-21T08:01:14.736+0000] {processor.py:208} INFO - Processing /opt/airflow/dags/dataset_user_processing.py took 0.518 seconds
[2026-01-21T08:01:45.485+0000] {processor.py:186} INFO - Started process (PID=3143) to work on /opt/airflow/dags/dataset_user_processing.py
[2026-01-21T08:01:45.486+0000] {processor.py:914} INFO - Processing file /opt/airflow/dags/dataset_user_processing.py for tasks to queue
[2026-01-21T08:01:45.489+0000] {logging_mixin.py:190} INFO - [2026-01-21T08:01:45.488+0000] {dagbag.py:588} INFO - Filling up the DagBag from /opt/airflow/dags/dataset_user_processing.py
[2026-01-21T08:01:46.095+0000] {processor.py:925} INFO - DAG(s) 'user_processing_dataset' retrieved from /opt/airflow/dags/dataset_user_processing.py
[2026-01-21T08:01:46.129+0000] {logging_mixin.py:190} INFO - [2026-01-21T08:01:46.128+0000] {dag.py:3239} INFO - Sync 1 DAGs
[2026-01-21T08:01:46.161+0000] {logging_mixin.py:190} INFO - [2026-01-21T08:01:46.160+0000] {dag.py:4180} INFO - Setting next_dagrun for user_processing_dataset to 2026-01-20 00:00:00+00:00, run_after=2026-01-21 00:00:00+00:00
[2026-01-21T08:01:46.188+0000] {processor.py:208} INFO - Processing /opt/airflow/dags/dataset_user_processing.py took 0.708 seconds
[2026-01-21T08:02:16.915+0000] {processor.py:186} INFO - Started process (PID=3167) to work on /opt/airflow/dags/dataset_user_processing.py
[2026-01-21T08:02:16.916+0000] {processor.py:914} INFO - Processing file /opt/airflow/dags/dataset_user_processing.py for tasks to queue
[2026-01-21T08:02:16.919+0000] {logging_mixin.py:190} INFO - [2026-01-21T08:02:16.918+0000] {dagbag.py:588} INFO - Filling up the DagBag from /opt/airflow/dags/dataset_user_processing.py
[2026-01-21T08:02:17.387+0000] {processor.py:925} INFO - DAG(s) 'user_processing_dataset' retrieved from /opt/airflow/dags/dataset_user_processing.py
[2026-01-21T08:02:17.411+0000] {logging_mixin.py:190} INFO - [2026-01-21T08:02:17.410+0000] {dag.py:3239} INFO - Sync 1 DAGs
[2026-01-21T08:02:17.433+0000] {logging_mixin.py:190} INFO - [2026-01-21T08:02:17.432+0000] {dag.py:4180} INFO - Setting next_dagrun for user_processing_dataset to 2026-01-20 00:00:00+00:00, run_after=2026-01-21 00:00:00+00:00
[2026-01-21T08:02:17.473+0000] {processor.py:208} INFO - Processing /opt/airflow/dags/dataset_user_processing.py took 0.566 seconds
[2026-01-21T08:02:48.363+0000] {processor.py:186} INFO - Started process (PID=3191) to work on /opt/airflow/dags/dataset_user_processing.py
[2026-01-21T08:02:48.364+0000] {processor.py:914} INFO - Processing file /opt/airflow/dags/dataset_user_processing.py for tasks to queue
[2026-01-21T08:02:48.366+0000] {logging_mixin.py:190} INFO - [2026-01-21T08:02:48.366+0000] {dagbag.py:588} INFO - Filling up the DagBag from /opt/airflow/dags/dataset_user_processing.py
[2026-01-21T08:02:48.807+0000] {processor.py:925} INFO - DAG(s) 'user_processing_dataset' retrieved from /opt/airflow/dags/dataset_user_processing.py
[2026-01-21T08:02:48.825+0000] {logging_mixin.py:190} INFO - [2026-01-21T08:02:48.824+0000] {dag.py:3239} INFO - Sync 1 DAGs
[2026-01-21T08:02:48.843+0000] {logging_mixin.py:190} INFO - [2026-01-21T08:02:48.843+0000] {dag.py:4180} INFO - Setting next_dagrun for user_processing_dataset to 2026-01-20 00:00:00+00:00, run_after=2026-01-21 00:00:00+00:00
[2026-01-21T08:02:48.861+0000] {processor.py:208} INFO - Processing /opt/airflow/dags/dataset_user_processing.py took 0.505 seconds
[2026-01-21T08:03:19.524+0000] {processor.py:186} INFO - Started process (PID=3215) to work on /opt/airflow/dags/dataset_user_processing.py
[2026-01-21T08:03:19.525+0000] {processor.py:914} INFO - Processing file /opt/airflow/dags/dataset_user_processing.py for tasks to queue
[2026-01-21T08:03:19.527+0000] {logging_mixin.py:190} INFO - [2026-01-21T08:03:19.527+0000] {dagbag.py:588} INFO - Filling up the DagBag from /opt/airflow/dags/dataset_user_processing.py
[2026-01-21T08:03:19.961+0000] {processor.py:925} INFO - DAG(s) 'user_processing_dataset' retrieved from /opt/airflow/dags/dataset_user_processing.py
[2026-01-21T08:03:19.979+0000] {logging_mixin.py:190} INFO - [2026-01-21T08:03:19.979+0000] {dag.py:3239} INFO - Sync 1 DAGs
[2026-01-21T08:03:19.998+0000] {logging_mixin.py:190} INFO - [2026-01-21T08:03:19.998+0000] {dag.py:4180} INFO - Setting next_dagrun for user_processing_dataset to 2026-01-20 00:00:00+00:00, run_after=2026-01-21 00:00:00+00:00
[2026-01-21T08:03:20.022+0000] {processor.py:208} INFO - Processing /opt/airflow/dags/dataset_user_processing.py took 0.505 seconds
[2026-01-21T08:03:50.124+0000] {processor.py:186} INFO - Started process (PID=3239) to work on /opt/airflow/dags/dataset_user_processing.py
[2026-01-21T08:03:50.129+0000] {processor.py:914} INFO - Processing file /opt/airflow/dags/dataset_user_processing.py for tasks to queue
[2026-01-21T08:03:50.138+0000] {logging_mixin.py:190} INFO - [2026-01-21T08:03:50.136+0000] {dagbag.py:588} INFO - Filling up the DagBag from /opt/airflow/dags/dataset_user_processing.py
[2026-01-21T08:03:50.604+0000] {processor.py:925} INFO - DAG(s) 'user_processing_dataset' retrieved from /opt/airflow/dags/dataset_user_processing.py
[2026-01-21T08:03:50.622+0000] {logging_mixin.py:190} INFO - [2026-01-21T08:03:50.622+0000] {dag.py:3239} INFO - Sync 1 DAGs
[2026-01-21T08:03:50.659+0000] {logging_mixin.py:190} INFO - [2026-01-21T08:03:50.658+0000] {dag.py:4180} INFO - Setting next_dagrun for user_processing_dataset to 2026-01-20 00:00:00+00:00, run_after=2026-01-21 00:00:00+00:00
[2026-01-21T08:03:50.703+0000] {processor.py:208} INFO - Processing /opt/airflow/dags/dataset_user_processing.py took 0.587 seconds
[2026-01-21T08:04:20.761+0000] {processor.py:186} INFO - Started process (PID=3263) to work on /opt/airflow/dags/dataset_user_processing.py
[2026-01-21T08:04:20.762+0000] {processor.py:914} INFO - Processing file /opt/airflow/dags/dataset_user_processing.py for tasks to queue
[2026-01-21T08:04:20.766+0000] {logging_mixin.py:190} INFO - [2026-01-21T08:04:20.765+0000] {dagbag.py:588} INFO - Filling up the DagBag from /opt/airflow/dags/dataset_user_processing.py
[2026-01-21T08:04:21.416+0000] {processor.py:925} INFO - DAG(s) 'user_processing_dataset' retrieved from /opt/airflow/dags/dataset_user_processing.py
[2026-01-21T08:04:21.436+0000] {logging_mixin.py:190} INFO - [2026-01-21T08:04:21.435+0000] {dag.py:3239} INFO - Sync 1 DAGs
[2026-01-21T08:04:21.472+0000] {logging_mixin.py:190} INFO - [2026-01-21T08:04:21.460+0000] {dag.py:4180} INFO - Setting next_dagrun for user_processing_dataset to 2026-01-20 00:00:00+00:00, run_after=2026-01-21 00:00:00+00:00
[2026-01-21T08:04:21.508+0000] {processor.py:208} INFO - Processing /opt/airflow/dags/dataset_user_processing.py took 0.753 seconds
[2026-01-21T08:04:51.822+0000] {processor.py:186} INFO - Started process (PID=3286) to work on /opt/airflow/dags/dataset_user_processing.py
[2026-01-21T08:04:51.823+0000] {processor.py:914} INFO - Processing file /opt/airflow/dags/dataset_user_processing.py for tasks to queue
[2026-01-21T08:04:51.825+0000] {logging_mixin.py:190} INFO - [2026-01-21T08:04:51.825+0000] {dagbag.py:588} INFO - Filling up the DagBag from /opt/airflow/dags/dataset_user_processing.py
[2026-01-21T08:04:52.347+0000] {processor.py:925} INFO - DAG(s) 'user_processing_dataset' retrieved from /opt/airflow/dags/dataset_user_processing.py
[2026-01-21T08:04:52.370+0000] {logging_mixin.py:190} INFO - [2026-01-21T08:04:52.370+0000] {dag.py:3239} INFO - Sync 1 DAGs
[2026-01-21T08:04:52.400+0000] {logging_mixin.py:190} INFO - [2026-01-21T08:04:52.399+0000] {dag.py:4180} INFO - Setting next_dagrun for user_processing_dataset to 2026-01-20 00:00:00+00:00, run_after=2026-01-21 00:00:00+00:00
[2026-01-21T08:04:52.428+0000] {processor.py:208} INFO - Processing /opt/airflow/dags/dataset_user_processing.py took 0.615 seconds
[2026-01-21T08:05:22.861+0000] {processor.py:186} INFO - Started process (PID=3315) to work on /opt/airflow/dags/dataset_user_processing.py
[2026-01-21T08:05:22.862+0000] {processor.py:914} INFO - Processing file /opt/airflow/dags/dataset_user_processing.py for tasks to queue
[2026-01-21T08:05:22.865+0000] {logging_mixin.py:190} INFO - [2026-01-21T08:05:22.865+0000] {dagbag.py:588} INFO - Filling up the DagBag from /opt/airflow/dags/dataset_user_processing.py
[2026-01-21T08:05:23.579+0000] {processor.py:925} INFO - DAG(s) 'user_processing_dataset' retrieved from /opt/airflow/dags/dataset_user_processing.py
[2026-01-21T08:05:23.615+0000] {logging_mixin.py:190} INFO - [2026-01-21T08:05:23.614+0000] {dag.py:3239} INFO - Sync 1 DAGs
[2026-01-21T08:05:23.665+0000] {logging_mixin.py:190} INFO - [2026-01-21T08:05:23.665+0000] {dag.py:4180} INFO - Setting next_dagrun for user_processing_dataset to 2026-01-20 00:00:00+00:00, run_after=2026-01-21 00:00:00+00:00
[2026-01-21T08:05:23.718+0000] {processor.py:208} INFO - Processing /opt/airflow/dags/dataset_user_processing.py took 0.865 seconds
[2026-01-21T08:05:54.366+0000] {processor.py:186} INFO - Started process (PID=3339) to work on /opt/airflow/dags/dataset_user_processing.py
[2026-01-21T08:05:54.367+0000] {processor.py:914} INFO - Processing file /opt/airflow/dags/dataset_user_processing.py for tasks to queue
[2026-01-21T08:05:54.375+0000] {logging_mixin.py:190} INFO - [2026-01-21T08:05:54.374+0000] {dagbag.py:588} INFO - Filling up the DagBag from /opt/airflow/dags/dataset_user_processing.py
[2026-01-21T08:05:55.611+0000] {processor.py:925} INFO - DAG(s) 'user_processing_dataset' retrieved from /opt/airflow/dags/dataset_user_processing.py
[2026-01-21T08:05:55.639+0000] {logging_mixin.py:190} INFO - [2026-01-21T08:05:55.638+0000] {dag.py:3239} INFO - Sync 1 DAGs
[2026-01-21T08:05:55.669+0000] {logging_mixin.py:190} INFO - [2026-01-21T08:05:55.668+0000] {dag.py:4180} INFO - Setting next_dagrun for user_processing_dataset to 2026-01-20 00:00:00+00:00, run_after=2026-01-21 00:00:00+00:00
[2026-01-21T08:05:55.708+0000] {processor.py:208} INFO - Processing /opt/airflow/dags/dataset_user_processing.py took 1.357 seconds
[2026-01-21T08:06:26.408+0000] {processor.py:186} INFO - Started process (PID=3364) to work on /opt/airflow/dags/dataset_user_processing.py
[2026-01-21T08:06:26.409+0000] {processor.py:914} INFO - Processing file /opt/airflow/dags/dataset_user_processing.py for tasks to queue
[2026-01-21T08:06:26.412+0000] {logging_mixin.py:190} INFO - [2026-01-21T08:06:26.412+0000] {dagbag.py:588} INFO - Filling up the DagBag from /opt/airflow/dags/dataset_user_processing.py
[2026-01-21T08:06:27.181+0000] {processor.py:925} INFO - DAG(s) 'user_processing_dataset' retrieved from /opt/airflow/dags/dataset_user_processing.py
[2026-01-21T08:06:27.209+0000] {logging_mixin.py:190} INFO - [2026-01-21T08:06:27.209+0000] {dag.py:3239} INFO - Sync 1 DAGs
[2026-01-21T08:06:27.243+0000] {logging_mixin.py:190} INFO - [2026-01-21T08:06:27.243+0000] {dag.py:4180} INFO - Setting next_dagrun for user_processing_dataset to 2026-01-20 00:00:00+00:00, run_after=2026-01-21 00:00:00+00:00
[2026-01-21T08:06:27.274+0000] {processor.py:208} INFO - Processing /opt/airflow/dags/dataset_user_processing.py took 0.878 seconds
[2026-01-21T08:06:58.080+0000] {processor.py:186} INFO - Started process (PID=3388) to work on /opt/airflow/dags/dataset_user_processing.py
[2026-01-21T08:06:58.083+0000] {processor.py:914} INFO - Processing file /opt/airflow/dags/dataset_user_processing.py for tasks to queue
[2026-01-21T08:06:58.093+0000] {logging_mixin.py:190} INFO - [2026-01-21T08:06:58.092+0000] {dagbag.py:588} INFO - Filling up the DagBag from /opt/airflow/dags/dataset_user_processing.py
[2026-01-21T08:06:58.756+0000] {processor.py:925} INFO - DAG(s) 'user_processing_dataset' retrieved from /opt/airflow/dags/dataset_user_processing.py
[2026-01-21T08:06:58.783+0000] {logging_mixin.py:190} INFO - [2026-01-21T08:06:58.782+0000] {dag.py:3239} INFO - Sync 1 DAGs
[2026-01-21T08:06:58.817+0000] {logging_mixin.py:190} INFO - [2026-01-21T08:06:58.816+0000] {dag.py:4180} INFO - Setting next_dagrun for user_processing_dataset to 2026-01-20 00:00:00+00:00, run_after=2026-01-21 00:00:00+00:00
[2026-01-21T08:06:58.844+0000] {processor.py:208} INFO - Processing /opt/airflow/dags/dataset_user_processing.py took 0.785 seconds
[2026-01-21T08:07:29.601+0000] {processor.py:186} INFO - Started process (PID=3411) to work on /opt/airflow/dags/dataset_user_processing.py
[2026-01-21T08:07:29.603+0000] {processor.py:914} INFO - Processing file /opt/airflow/dags/dataset_user_processing.py for tasks to queue
[2026-01-21T08:07:29.609+0000] {logging_mixin.py:190} INFO - [2026-01-21T08:07:29.608+0000] {dagbag.py:588} INFO - Filling up the DagBag from /opt/airflow/dags/dataset_user_processing.py
[2026-01-21T08:07:30.387+0000] {processor.py:925} INFO - DAG(s) 'user_processing_dataset' retrieved from /opt/airflow/dags/dataset_user_processing.py
[2026-01-21T08:07:30.412+0000] {logging_mixin.py:190} INFO - [2026-01-21T08:07:30.411+0000] {dag.py:3239} INFO - Sync 1 DAGs
[2026-01-21T08:07:30.451+0000] {logging_mixin.py:190} INFO - [2026-01-21T08:07:30.451+0000] {dag.py:4180} INFO - Setting next_dagrun for user_processing_dataset to 2026-01-20 00:00:00+00:00, run_after=2026-01-21 00:00:00+00:00
[2026-01-21T08:07:30.482+0000] {processor.py:208} INFO - Processing /opt/airflow/dags/dataset_user_processing.py took 0.896 seconds
[2026-01-21T08:08:00.560+0000] {processor.py:186} INFO - Started process (PID=3435) to work on /opt/airflow/dags/dataset_user_processing.py
[2026-01-21T08:08:00.562+0000] {processor.py:914} INFO - Processing file /opt/airflow/dags/dataset_user_processing.py for tasks to queue
[2026-01-21T08:08:00.567+0000] {logging_mixin.py:190} INFO - [2026-01-21T08:08:00.566+0000] {dagbag.py:588} INFO - Filling up the DagBag from /opt/airflow/dags/dataset_user_processing.py
[2026-01-21T08:08:01.371+0000] {processor.py:925} INFO - DAG(s) 'user_processing_dataset' retrieved from /opt/airflow/dags/dataset_user_processing.py
[2026-01-21T08:08:01.409+0000] {logging_mixin.py:190} INFO - [2026-01-21T08:08:01.408+0000] {dag.py:3239} INFO - Sync 1 DAGs
[2026-01-21T08:08:01.443+0000] {logging_mixin.py:190} INFO - [2026-01-21T08:08:01.443+0000] {dag.py:4180} INFO - Setting next_dagrun for user_processing_dataset to 2026-01-20 00:00:00+00:00, run_after=2026-01-21 00:00:00+00:00
[2026-01-21T08:08:01.485+0000] {processor.py:208} INFO - Processing /opt/airflow/dags/dataset_user_processing.py took 0.940 seconds
[2026-01-21T08:08:31.616+0000] {processor.py:186} INFO - Started process (PID=3459) to work on /opt/airflow/dags/dataset_user_processing.py
[2026-01-21T08:08:31.619+0000] {processor.py:914} INFO - Processing file /opt/airflow/dags/dataset_user_processing.py for tasks to queue
[2026-01-21T08:08:31.623+0000] {logging_mixin.py:190} INFO - [2026-01-21T08:08:31.622+0000] {dagbag.py:588} INFO - Filling up the DagBag from /opt/airflow/dags/dataset_user_processing.py
[2026-01-21T08:08:33.217+0000] {processor.py:925} INFO - DAG(s) 'user_processing_dataset' retrieved from /opt/airflow/dags/dataset_user_processing.py
[2026-01-21T08:08:33.292+0000] {logging_mixin.py:190} INFO - [2026-01-21T08:08:33.291+0000] {dag.py:3239} INFO - Sync 1 DAGs
[2026-01-21T08:08:33.413+0000] {logging_mixin.py:190} INFO - [2026-01-21T08:08:33.412+0000] {dag.py:4180} INFO - Setting next_dagrun for user_processing_dataset to 2026-01-20 00:00:00+00:00, run_after=2026-01-21 00:00:00+00:00
[2026-01-21T08:08:33.543+0000] {processor.py:208} INFO - Processing /opt/airflow/dags/dataset_user_processing.py took 1.940 seconds
[2026-01-21T08:09:03.839+0000] {processor.py:186} INFO - Started process (PID=3483) to work on /opt/airflow/dags/dataset_user_processing.py
[2026-01-21T08:09:03.841+0000] {processor.py:914} INFO - Processing file /opt/airflow/dags/dataset_user_processing.py for tasks to queue
[2026-01-21T08:09:03.847+0000] {logging_mixin.py:190} INFO - [2026-01-21T08:09:03.847+0000] {dagbag.py:588} INFO - Filling up the DagBag from /opt/airflow/dags/dataset_user_processing.py
[2026-01-21T08:09:04.569+0000] {processor.py:925} INFO - DAG(s) 'user_processing_dataset' retrieved from /opt/airflow/dags/dataset_user_processing.py
[2026-01-21T08:09:04.601+0000] {logging_mixin.py:190} INFO - [2026-01-21T08:09:04.600+0000] {dag.py:3239} INFO - Sync 1 DAGs
[2026-01-21T08:09:04.635+0000] {logging_mixin.py:190} INFO - [2026-01-21T08:09:04.635+0000] {dag.py:4180} INFO - Setting next_dagrun for user_processing_dataset to 2026-01-20 00:00:00+00:00, run_after=2026-01-21 00:00:00+00:00
[2026-01-21T08:09:04.674+0000] {processor.py:208} INFO - Processing /opt/airflow/dags/dataset_user_processing.py took 0.853 seconds
[2026-01-21T08:09:35.833+0000] {processor.py:186} INFO - Started process (PID=3509) to work on /opt/airflow/dags/dataset_user_processing.py
[2026-01-21T08:09:35.835+0000] {processor.py:914} INFO - Processing file /opt/airflow/dags/dataset_user_processing.py for tasks to queue
[2026-01-21T08:09:35.839+0000] {logging_mixin.py:190} INFO - [2026-01-21T08:09:35.839+0000] {dagbag.py:588} INFO - Filling up the DagBag from /opt/airflow/dags/dataset_user_processing.py
[2026-01-21T08:09:36.589+0000] {processor.py:925} INFO - DAG(s) 'user_processing_dataset' retrieved from /opt/airflow/dags/dataset_user_processing.py
[2026-01-21T08:09:36.620+0000] {logging_mixin.py:190} INFO - [2026-01-21T08:09:36.619+0000] {dag.py:3239} INFO - Sync 1 DAGs
[2026-01-21T08:09:36.655+0000] {logging_mixin.py:190} INFO - [2026-01-21T08:09:36.654+0000] {dag.py:4180} INFO - Setting next_dagrun for user_processing_dataset to 2026-01-20 00:00:00+00:00, run_after=2026-01-21 00:00:00+00:00
[2026-01-21T08:09:36.688+0000] {processor.py:208} INFO - Processing /opt/airflow/dags/dataset_user_processing.py took 0.866 seconds
[2026-01-21T08:10:07.599+0000] {processor.py:186} INFO - Started process (PID=3532) to work on /opt/airflow/dags/dataset_user_processing.py
[2026-01-21T08:10:07.602+0000] {processor.py:914} INFO - Processing file /opt/airflow/dags/dataset_user_processing.py for tasks to queue
[2026-01-21T08:10:07.608+0000] {logging_mixin.py:190} INFO - [2026-01-21T08:10:07.607+0000] {dagbag.py:588} INFO - Filling up the DagBag from /opt/airflow/dags/dataset_user_processing.py
[2026-01-21T08:10:08.370+0000] {processor.py:925} INFO - DAG(s) 'user_processing_dataset' retrieved from /opt/airflow/dags/dataset_user_processing.py
[2026-01-21T08:10:08.402+0000] {logging_mixin.py:190} INFO - [2026-01-21T08:10:08.402+0000] {dag.py:3239} INFO - Sync 1 DAGs
[2026-01-21T08:10:08.436+0000] {logging_mixin.py:190} INFO - [2026-01-21T08:10:08.436+0000] {dag.py:4180} INFO - Setting next_dagrun for user_processing_dataset to 2026-01-20 00:00:00+00:00, run_after=2026-01-21 00:00:00+00:00
[2026-01-21T08:10:08.468+0000] {processor.py:208} INFO - Processing /opt/airflow/dags/dataset_user_processing.py took 0.891 seconds
[2026-01-21T08:10:39.292+0000] {processor.py:186} INFO - Started process (PID=3556) to work on /opt/airflow/dags/dataset_user_processing.py
[2026-01-21T08:10:39.293+0000] {processor.py:914} INFO - Processing file /opt/airflow/dags/dataset_user_processing.py for tasks to queue
[2026-01-21T08:10:39.298+0000] {logging_mixin.py:190} INFO - [2026-01-21T08:10:39.297+0000] {dagbag.py:588} INFO - Filling up the DagBag from /opt/airflow/dags/dataset_user_processing.py
[2026-01-21T08:10:40.148+0000] {processor.py:925} INFO - DAG(s) 'user_processing_dataset' retrieved from /opt/airflow/dags/dataset_user_processing.py
[2026-01-21T08:10:40.178+0000] {logging_mixin.py:190} INFO - [2026-01-21T08:10:40.178+0000] {dag.py:3239} INFO - Sync 1 DAGs
[2026-01-21T08:10:40.220+0000] {logging_mixin.py:190} INFO - [2026-01-21T08:10:40.220+0000] {dag.py:4180} INFO - Setting next_dagrun for user_processing_dataset to 2026-01-20 00:00:00+00:00, run_after=2026-01-21 00:00:00+00:00
[2026-01-21T08:10:40.259+0000] {processor.py:208} INFO - Processing /opt/airflow/dags/dataset_user_processing.py took 0.982 seconds
[2026-01-21T08:11:10.596+0000] {processor.py:186} INFO - Started process (PID=3581) to work on /opt/airflow/dags/dataset_user_processing.py
[2026-01-21T08:11:10.598+0000] {processor.py:914} INFO - Processing file /opt/airflow/dags/dataset_user_processing.py for tasks to queue
[2026-01-21T08:11:10.602+0000] {logging_mixin.py:190} INFO - [2026-01-21T08:11:10.602+0000] {dagbag.py:588} INFO - Filling up the DagBag from /opt/airflow/dags/dataset_user_processing.py
[2026-01-21T08:11:11.519+0000] {processor.py:925} INFO - DAG(s) 'user_processing_dataset' retrieved from /opt/airflow/dags/dataset_user_processing.py
[2026-01-21T08:11:11.570+0000] {logging_mixin.py:190} INFO - [2026-01-21T08:11:11.569+0000] {dag.py:3239} INFO - Sync 1 DAGs
[2026-01-21T08:11:11.629+0000] {logging_mixin.py:190} INFO - [2026-01-21T08:11:11.629+0000] {dag.py:4180} INFO - Setting next_dagrun for user_processing_dataset to 2026-01-20 00:00:00+00:00, run_after=2026-01-21 00:00:00+00:00
[2026-01-21T08:11:11.679+0000] {processor.py:208} INFO - Processing /opt/airflow/dags/dataset_user_processing.py took 1.093 seconds
[2026-01-21T08:11:41.816+0000] {processor.py:186} INFO - Started process (PID=3605) to work on /opt/airflow/dags/dataset_user_processing.py
[2026-01-21T08:11:41.819+0000] {processor.py:914} INFO - Processing file /opt/airflow/dags/dataset_user_processing.py for tasks to queue
[2026-01-21T08:11:41.825+0000] {logging_mixin.py:190} INFO - [2026-01-21T08:11:41.823+0000] {dagbag.py:588} INFO - Filling up the DagBag from /opt/airflow/dags/dataset_user_processing.py
[2026-01-21T08:11:42.723+0000] {processor.py:925} INFO - DAG(s) 'user_processing_dataset' retrieved from /opt/airflow/dags/dataset_user_processing.py
[2026-01-21T08:11:42.762+0000] {logging_mixin.py:190} INFO - [2026-01-21T08:11:42.761+0000] {dag.py:3239} INFO - Sync 1 DAGs
[2026-01-21T08:11:42.804+0000] {logging_mixin.py:190} INFO - [2026-01-21T08:11:42.803+0000] {dag.py:4180} INFO - Setting next_dagrun for user_processing_dataset to 2026-01-20 00:00:00+00:00, run_after=2026-01-21 00:00:00+00:00
[2026-01-21T08:11:42.844+0000] {processor.py:208} INFO - Processing /opt/airflow/dags/dataset_user_processing.py took 1.043 seconds
[2026-01-21T08:12:12.957+0000] {processor.py:186} INFO - Started process (PID=3629) to work on /opt/airflow/dags/dataset_user_processing.py
[2026-01-21T08:12:12.959+0000] {processor.py:914} INFO - Processing file /opt/airflow/dags/dataset_user_processing.py for tasks to queue
[2026-01-21T08:12:12.964+0000] {logging_mixin.py:190} INFO - [2026-01-21T08:12:12.962+0000] {dagbag.py:588} INFO - Filling up the DagBag from /opt/airflow/dags/dataset_user_processing.py
[2026-01-21T08:12:14.318+0000] {processor.py:925} INFO - DAG(s) 'user_processing_dataset' retrieved from /opt/airflow/dags/dataset_user_processing.py
[2026-01-21T08:12:14.360+0000] {logging_mixin.py:190} INFO - [2026-01-21T08:12:14.359+0000] {dag.py:3239} INFO - Sync 1 DAGs
[2026-01-21T08:12:14.407+0000] {logging_mixin.py:190} INFO - [2026-01-21T08:12:14.406+0000] {dag.py:4180} INFO - Setting next_dagrun for user_processing_dataset to 2026-01-20 00:00:00+00:00, run_after=2026-01-21 00:00:00+00:00
[2026-01-21T08:12:14.447+0000] {processor.py:208} INFO - Processing /opt/airflow/dags/dataset_user_processing.py took 1.510 seconds
[2026-01-21T08:12:44.752+0000] {processor.py:186} INFO - Started process (PID=3653) to work on /opt/airflow/dags/dataset_user_processing.py
[2026-01-21T08:12:44.754+0000] {processor.py:914} INFO - Processing file /opt/airflow/dags/dataset_user_processing.py for tasks to queue
[2026-01-21T08:12:44.757+0000] {logging_mixin.py:190} INFO - [2026-01-21T08:12:44.756+0000] {dagbag.py:588} INFO - Filling up the DagBag from /opt/airflow/dags/dataset_user_processing.py
[2026-01-21T08:12:45.750+0000] {processor.py:925} INFO - DAG(s) 'user_processing_dataset' retrieved from /opt/airflow/dags/dataset_user_processing.py
[2026-01-21T08:12:45.783+0000] {logging_mixin.py:190} INFO - [2026-01-21T08:12:45.782+0000] {dag.py:3239} INFO - Sync 1 DAGs
[2026-01-21T08:12:45.821+0000] {logging_mixin.py:190} INFO - [2026-01-21T08:12:45.821+0000] {dag.py:4180} INFO - Setting next_dagrun for user_processing_dataset to 2026-01-20 00:00:00+00:00, run_after=2026-01-21 00:00:00+00:00
[2026-01-21T08:12:45.855+0000] {processor.py:208} INFO - Processing /opt/airflow/dags/dataset_user_processing.py took 1.121 seconds
[2026-01-21T08:13:16.260+0000] {processor.py:186} INFO - Started process (PID=3677) to work on /opt/airflow/dags/dataset_user_processing.py
[2026-01-21T08:13:16.261+0000] {processor.py:914} INFO - Processing file /opt/airflow/dags/dataset_user_processing.py for tasks to queue
[2026-01-21T08:13:16.266+0000] {logging_mixin.py:190} INFO - [2026-01-21T08:13:16.265+0000] {dagbag.py:588} INFO - Filling up the DagBag from /opt/airflow/dags/dataset_user_processing.py
[2026-01-21T08:13:17.085+0000] {processor.py:925} INFO - DAG(s) 'user_processing_dataset' retrieved from /opt/airflow/dags/dataset_user_processing.py
[2026-01-21T08:13:17.119+0000] {logging_mixin.py:190} INFO - [2026-01-21T08:13:17.118+0000] {dag.py:3239} INFO - Sync 1 DAGs
[2026-01-21T08:13:17.165+0000] {logging_mixin.py:190} INFO - [2026-01-21T08:13:17.165+0000] {dag.py:4180} INFO - Setting next_dagrun for user_processing_dataset to 2026-01-20 00:00:00+00:00, run_after=2026-01-21 00:00:00+00:00
[2026-01-21T08:13:17.203+0000] {processor.py:208} INFO - Processing /opt/airflow/dags/dataset_user_processing.py took 0.957 seconds
[2026-01-21T08:13:48.054+0000] {processor.py:186} INFO - Started process (PID=3702) to work on /opt/airflow/dags/dataset_user_processing.py
[2026-01-21T08:13:48.056+0000] {processor.py:914} INFO - Processing file /opt/airflow/dags/dataset_user_processing.py for tasks to queue
[2026-01-21T08:13:48.060+0000] {logging_mixin.py:190} INFO - [2026-01-21T08:13:48.059+0000] {dagbag.py:588} INFO - Filling up the DagBag from /opt/airflow/dags/dataset_user_processing.py
[2026-01-21T08:13:48.889+0000] {processor.py:925} INFO - DAG(s) 'user_processing_dataset' retrieved from /opt/airflow/dags/dataset_user_processing.py
[2026-01-21T08:13:48.931+0000] {logging_mixin.py:190} INFO - [2026-01-21T08:13:48.930+0000] {dag.py:3239} INFO - Sync 1 DAGs
[2026-01-21T08:13:48.978+0000] {logging_mixin.py:190} INFO - [2026-01-21T08:13:48.977+0000] {dag.py:4180} INFO - Setting next_dagrun for user_processing_dataset to 2026-01-20 00:00:00+00:00, run_after=2026-01-21 00:00:00+00:00
[2026-01-21T08:13:49.025+0000] {processor.py:208} INFO - Processing /opt/airflow/dags/dataset_user_processing.py took 0.983 seconds
[2026-01-21T08:14:19.148+0000] {processor.py:186} INFO - Started process (PID=3726) to work on /opt/airflow/dags/dataset_user_processing.py
[2026-01-21T08:14:19.149+0000] {processor.py:914} INFO - Processing file /opt/airflow/dags/dataset_user_processing.py for tasks to queue
[2026-01-21T08:14:19.152+0000] {logging_mixin.py:190} INFO - [2026-01-21T08:14:19.152+0000] {dagbag.py:588} INFO - Filling up the DagBag from /opt/airflow/dags/dataset_user_processing.py
[2026-01-21T08:14:19.947+0000] {processor.py:925} INFO - DAG(s) 'user_processing_dataset' retrieved from /opt/airflow/dags/dataset_user_processing.py
[2026-01-21T08:14:19.991+0000] {logging_mixin.py:190} INFO - [2026-01-21T08:14:19.990+0000] {dag.py:3239} INFO - Sync 1 DAGs
[2026-01-21T08:14:20.051+0000] {logging_mixin.py:190} INFO - [2026-01-21T08:14:20.050+0000] {dag.py:4180} INFO - Setting next_dagrun for user_processing_dataset to 2026-01-20 00:00:00+00:00, run_after=2026-01-21 00:00:00+00:00
[2026-01-21T08:14:20.108+0000] {processor.py:208} INFO - Processing /opt/airflow/dags/dataset_user_processing.py took 0.981 seconds
[2026-01-21T08:14:50.586+0000] {processor.py:186} INFO - Started process (PID=3751) to work on /opt/airflow/dags/dataset_user_processing.py
[2026-01-21T08:14:50.588+0000] {processor.py:914} INFO - Processing file /opt/airflow/dags/dataset_user_processing.py for tasks to queue
[2026-01-21T08:14:50.590+0000] {logging_mixin.py:190} INFO - [2026-01-21T08:14:50.590+0000] {dagbag.py:588} INFO - Filling up the DagBag from /opt/airflow/dags/dataset_user_processing.py
[2026-01-21T08:14:51.352+0000] {processor.py:925} INFO - DAG(s) 'user_processing_dataset' retrieved from /opt/airflow/dags/dataset_user_processing.py
[2026-01-21T08:14:51.398+0000] {logging_mixin.py:190} INFO - [2026-01-21T08:14:51.398+0000] {dag.py:3239} INFO - Sync 1 DAGs
[2026-01-21T08:14:51.434+0000] {logging_mixin.py:190} INFO - [2026-01-21T08:14:51.434+0000] {dag.py:4180} INFO - Setting next_dagrun for user_processing_dataset to 2026-01-20 00:00:00+00:00, run_after=2026-01-21 00:00:00+00:00
[2026-01-21T08:14:51.473+0000] {processor.py:208} INFO - Processing /opt/airflow/dags/dataset_user_processing.py took 0.893 seconds
[2026-01-21T08:15:21.815+0000] {processor.py:186} INFO - Started process (PID=3777) to work on /opt/airflow/dags/dataset_user_processing.py
[2026-01-21T08:15:21.817+0000] {processor.py:914} INFO - Processing file /opt/airflow/dags/dataset_user_processing.py for tasks to queue
[2026-01-21T08:15:21.821+0000] {logging_mixin.py:190} INFO - [2026-01-21T08:15:21.820+0000] {dagbag.py:588} INFO - Filling up the DagBag from /opt/airflow/dags/dataset_user_processing.py
[2026-01-21T08:15:22.554+0000] {processor.py:925} INFO - DAG(s) 'user_processing_dataset' retrieved from /opt/airflow/dags/dataset_user_processing.py
[2026-01-21T08:15:22.584+0000] {logging_mixin.py:190} INFO - [2026-01-21T08:15:22.583+0000] {dag.py:3239} INFO - Sync 1 DAGs
[2026-01-21T08:15:22.616+0000] {logging_mixin.py:190} INFO - [2026-01-21T08:15:22.616+0000] {dag.py:4180} INFO - Setting next_dagrun for user_processing_dataset to 2026-01-20 00:00:00+00:00, run_after=2026-01-21 00:00:00+00:00
[2026-01-21T08:15:22.642+0000] {processor.py:208} INFO - Processing /opt/airflow/dags/dataset_user_processing.py took 0.838 seconds
[2026-01-21T08:15:53.198+0000] {processor.py:186} INFO - Started process (PID=3799) to work on /opt/airflow/dags/dataset_user_processing.py
[2026-01-21T08:15:53.199+0000] {processor.py:914} INFO - Processing file /opt/airflow/dags/dataset_user_processing.py for tasks to queue
[2026-01-21T08:15:53.204+0000] {logging_mixin.py:190} INFO - [2026-01-21T08:15:53.203+0000] {dagbag.py:588} INFO - Filling up the DagBag from /opt/airflow/dags/dataset_user_processing.py
[2026-01-21T08:15:53.880+0000] {processor.py:925} INFO - DAG(s) 'user_processing_dataset' retrieved from /opt/airflow/dags/dataset_user_processing.py
[2026-01-21T08:15:53.902+0000] {logging_mixin.py:190} INFO - [2026-01-21T08:15:53.901+0000] {dag.py:3239} INFO - Sync 1 DAGs
[2026-01-21T08:15:53.927+0000] {logging_mixin.py:190} INFO - [2026-01-21T08:15:53.927+0000] {dag.py:4180} INFO - Setting next_dagrun for user_processing_dataset to 2026-01-20 00:00:00+00:00, run_after=2026-01-21 00:00:00+00:00
[2026-01-21T08:15:53.951+0000] {processor.py:208} INFO - Processing /opt/airflow/dags/dataset_user_processing.py took 0.766 seconds
[2026-01-21T08:16:24.716+0000] {processor.py:186} INFO - Started process (PID=3829) to work on /opt/airflow/dags/dataset_user_processing.py
[2026-01-21T08:16:24.718+0000] {processor.py:914} INFO - Processing file /opt/airflow/dags/dataset_user_processing.py for tasks to queue
[2026-01-21T08:16:24.721+0000] {logging_mixin.py:190} INFO - [2026-01-21T08:16:24.720+0000] {dagbag.py:588} INFO - Filling up the DagBag from /opt/airflow/dags/dataset_user_processing.py
[2026-01-21T08:16:25.422+0000] {processor.py:925} INFO - DAG(s) 'user_processing_dataset' retrieved from /opt/airflow/dags/dataset_user_processing.py
[2026-01-21T08:16:25.457+0000] {logging_mixin.py:190} INFO - [2026-01-21T08:16:25.457+0000] {dag.py:3239} INFO - Sync 1 DAGs
[2026-01-21T08:16:25.488+0000] {logging_mixin.py:190} INFO - [2026-01-21T08:16:25.488+0000] {dag.py:4180} INFO - Setting next_dagrun for user_processing_dataset to 2026-01-20 00:00:00+00:00, run_after=2026-01-21 00:00:00+00:00
[2026-01-21T08:16:25.520+0000] {processor.py:208} INFO - Processing /opt/airflow/dags/dataset_user_processing.py took 0.809 seconds
[2026-01-21T08:16:56.316+0000] {processor.py:186} INFO - Started process (PID=3853) to work on /opt/airflow/dags/dataset_user_processing.py
[2026-01-21T08:16:56.318+0000] {processor.py:914} INFO - Processing file /opt/airflow/dags/dataset_user_processing.py for tasks to queue
[2026-01-21T08:16:56.322+0000] {logging_mixin.py:190} INFO - [2026-01-21T08:16:56.321+0000] {dagbag.py:588} INFO - Filling up the DagBag from /opt/airflow/dags/dataset_user_processing.py
[2026-01-21T08:16:57.152+0000] {processor.py:925} INFO - DAG(s) 'user_processing_dataset' retrieved from /opt/airflow/dags/dataset_user_processing.py
[2026-01-21T08:16:57.182+0000] {logging_mixin.py:190} INFO - [2026-01-21T08:16:57.181+0000] {dag.py:3239} INFO - Sync 1 DAGs
[2026-01-21T08:16:57.215+0000] {logging_mixin.py:190} INFO - [2026-01-21T08:16:57.215+0000] {dag.py:4180} INFO - Setting next_dagrun for user_processing_dataset to 2026-01-20 00:00:00+00:00, run_after=2026-01-21 00:00:00+00:00
[2026-01-21T08:16:57.266+0000] {processor.py:208} INFO - Processing /opt/airflow/dags/dataset_user_processing.py took 0.970 seconds
[2026-01-21T08:17:27.741+0000] {processor.py:186} INFO - Started process (PID=3877) to work on /opt/airflow/dags/dataset_user_processing.py
[2026-01-21T08:17:27.742+0000] {processor.py:914} INFO - Processing file /opt/airflow/dags/dataset_user_processing.py for tasks to queue
[2026-01-21T08:17:27.745+0000] {logging_mixin.py:190} INFO - [2026-01-21T08:17:27.744+0000] {dagbag.py:588} INFO - Filling up the DagBag from /opt/airflow/dags/dataset_user_processing.py
[2026-01-21T08:17:28.440+0000] {processor.py:925} INFO - DAG(s) 'user_processing_dataset' retrieved from /opt/airflow/dags/dataset_user_processing.py
[2026-01-21T08:17:28.468+0000] {logging_mixin.py:190} INFO - [2026-01-21T08:17:28.467+0000] {dag.py:3239} INFO - Sync 1 DAGs
[2026-01-21T08:17:28.495+0000] {logging_mixin.py:190} INFO - [2026-01-21T08:17:28.494+0000] {dag.py:4180} INFO - Setting next_dagrun for user_processing_dataset to 2026-01-20 00:00:00+00:00, run_after=2026-01-21 00:00:00+00:00
[2026-01-21T08:17:28.531+0000] {processor.py:208} INFO - Processing /opt/airflow/dags/dataset_user_processing.py took 0.798 seconds
[2026-01-21T08:17:58.897+0000] {processor.py:186} INFO - Started process (PID=3901) to work on /opt/airflow/dags/dataset_user_processing.py
[2026-01-21T08:17:58.899+0000] {processor.py:914} INFO - Processing file /opt/airflow/dags/dataset_user_processing.py for tasks to queue
[2026-01-21T08:17:58.904+0000] {logging_mixin.py:190} INFO - [2026-01-21T08:17:58.904+0000] {dagbag.py:588} INFO - Filling up the DagBag from /opt/airflow/dags/dataset_user_processing.py
[2026-01-21T08:17:59.945+0000] {processor.py:925} INFO - DAG(s) 'user_processing_dataset' retrieved from /opt/airflow/dags/dataset_user_processing.py
[2026-01-21T08:18:00.002+0000] {logging_mixin.py:190} INFO - [2026-01-21T08:18:00.000+0000] {dag.py:3239} INFO - Sync 1 DAGs
[2026-01-21T08:18:00.054+0000] {logging_mixin.py:190} INFO - [2026-01-21T08:18:00.054+0000] {dag.py:4180} INFO - Setting next_dagrun for user_processing_dataset to 2026-01-20 00:00:00+00:00, run_after=2026-01-21 00:00:00+00:00
[2026-01-21T08:18:00.097+0000] {processor.py:208} INFO - Processing /opt/airflow/dags/dataset_user_processing.py took 1.212 seconds
[2026-01-21T08:18:30.954+0000] {processor.py:186} INFO - Started process (PID=3925) to work on /opt/airflow/dags/dataset_user_processing.py
[2026-01-21T08:18:30.955+0000] {processor.py:914} INFO - Processing file /opt/airflow/dags/dataset_user_processing.py for tasks to queue
[2026-01-21T08:18:30.958+0000] {logging_mixin.py:190} INFO - [2026-01-21T08:18:30.957+0000] {dagbag.py:588} INFO - Filling up the DagBag from /opt/airflow/dags/dataset_user_processing.py
[2026-01-21T08:18:31.671+0000] {processor.py:925} INFO - DAG(s) 'user_processing_dataset' retrieved from /opt/airflow/dags/dataset_user_processing.py
[2026-01-21T08:18:31.704+0000] {logging_mixin.py:190} INFO - [2026-01-21T08:18:31.703+0000] {dag.py:3239} INFO - Sync 1 DAGs
[2026-01-21T08:18:31.743+0000] {logging_mixin.py:190} INFO - [2026-01-21T08:18:31.742+0000] {dag.py:4180} INFO - Setting next_dagrun for user_processing_dataset to 2026-01-20 00:00:00+00:00, run_after=2026-01-21 00:00:00+00:00
[2026-01-21T08:18:31.786+0000] {processor.py:208} INFO - Processing /opt/airflow/dags/dataset_user_processing.py took 0.839 seconds
[2026-01-21T08:19:02.727+0000] {processor.py:186} INFO - Started process (PID=3950) to work on /opt/airflow/dags/dataset_user_processing.py
[2026-01-21T08:19:02.728+0000] {processor.py:914} INFO - Processing file /opt/airflow/dags/dataset_user_processing.py for tasks to queue
[2026-01-21T08:19:02.731+0000] {logging_mixin.py:190} INFO - [2026-01-21T08:19:02.731+0000] {dagbag.py:588} INFO - Filling up the DagBag from /opt/airflow/dags/dataset_user_processing.py
[2026-01-21T08:19:03.253+0000] {processor.py:925} INFO - DAG(s) 'user_processing_dataset' retrieved from /opt/airflow/dags/dataset_user_processing.py
[2026-01-21T08:19:03.276+0000] {logging_mixin.py:190} INFO - [2026-01-21T08:19:03.275+0000] {dag.py:3239} INFO - Sync 1 DAGs
[2026-01-21T08:19:03.308+0000] {logging_mixin.py:190} INFO - [2026-01-21T08:19:03.307+0000] {dag.py:4180} INFO - Setting next_dagrun for user_processing_dataset to 2026-01-20 00:00:00+00:00, run_after=2026-01-21 00:00:00+00:00
[2026-01-21T08:19:03.328+0000] {processor.py:208} INFO - Processing /opt/airflow/dags/dataset_user_processing.py took 0.611 seconds
[2026-01-21T08:19:33.445+0000] {processor.py:186} INFO - Started process (PID=3974) to work on /opt/airflow/dags/dataset_user_processing.py
[2026-01-21T08:19:33.446+0000] {processor.py:914} INFO - Processing file /opt/airflow/dags/dataset_user_processing.py for tasks to queue
[2026-01-21T08:19:33.448+0000] {logging_mixin.py:190} INFO - [2026-01-21T08:19:33.448+0000] {dagbag.py:588} INFO - Filling up the DagBag from /opt/airflow/dags/dataset_user_processing.py
[2026-01-21T08:19:33.887+0000] {processor.py:925} INFO - DAG(s) 'user_processing_dataset' retrieved from /opt/airflow/dags/dataset_user_processing.py
[2026-01-21T08:19:33.906+0000] {logging_mixin.py:190} INFO - [2026-01-21T08:19:33.905+0000] {dag.py:3239} INFO - Sync 1 DAGs
[2026-01-21T08:19:33.927+0000] {logging_mixin.py:190} INFO - [2026-01-21T08:19:33.927+0000] {dag.py:4180} INFO - Setting next_dagrun for user_processing_dataset to 2026-01-20 00:00:00+00:00, run_after=2026-01-21 00:00:00+00:00
[2026-01-21T08:19:33.972+0000] {processor.py:208} INFO - Processing /opt/airflow/dags/dataset_user_processing.py took 0.536 seconds
[2026-01-21T08:20:04.725+0000] {processor.py:186} INFO - Started process (PID=3999) to work on /opt/airflow/dags/dataset_user_processing.py
[2026-01-21T08:20:04.726+0000] {processor.py:914} INFO - Processing file /opt/airflow/dags/dataset_user_processing.py for tasks to queue
[2026-01-21T08:20:04.729+0000] {logging_mixin.py:190} INFO - [2026-01-21T08:20:04.728+0000] {dagbag.py:588} INFO - Filling up the DagBag from /opt/airflow/dags/dataset_user_processing.py
[2026-01-21T08:20:05.212+0000] {processor.py:925} INFO - DAG(s) 'user_processing_dataset' retrieved from /opt/airflow/dags/dataset_user_processing.py
[2026-01-21T08:20:05.241+0000] {logging_mixin.py:190} INFO - [2026-01-21T08:20:05.240+0000] {dag.py:3239} INFO - Sync 1 DAGs
[2026-01-21T08:20:05.260+0000] {logging_mixin.py:190} INFO - [2026-01-21T08:20:05.260+0000] {dag.py:4180} INFO - Setting next_dagrun for user_processing_dataset to 2026-01-20 00:00:00+00:00, run_after=2026-01-21 00:00:00+00:00
[2026-01-21T08:20:05.287+0000] {processor.py:208} INFO - Processing /opt/airflow/dags/dataset_user_processing.py took 0.570 seconds
[2026-01-21T08:20:35.461+0000] {processor.py:186} INFO - Started process (PID=4024) to work on /opt/airflow/dags/dataset_user_processing.py
[2026-01-21T08:20:35.462+0000] {processor.py:914} INFO - Processing file /opt/airflow/dags/dataset_user_processing.py for tasks to queue
[2026-01-21T08:20:35.464+0000] {logging_mixin.py:190} INFO - [2026-01-21T08:20:35.464+0000] {dagbag.py:588} INFO - Filling up the DagBag from /opt/airflow/dags/dataset_user_processing.py
[2026-01-21T08:20:35.919+0000] {processor.py:925} INFO - DAG(s) 'user_processing_dataset' retrieved from /opt/airflow/dags/dataset_user_processing.py
[2026-01-21T08:20:35.936+0000] {logging_mixin.py:190} INFO - [2026-01-21T08:20:35.935+0000] {dag.py:3239} INFO - Sync 1 DAGs
[2026-01-21T08:20:35.952+0000] {logging_mixin.py:190} INFO - [2026-01-21T08:20:35.952+0000] {dag.py:4180} INFO - Setting next_dagrun for user_processing_dataset to 2026-01-20 00:00:00+00:00, run_after=2026-01-21 00:00:00+00:00
[2026-01-21T08:20:35.970+0000] {processor.py:208} INFO - Processing /opt/airflow/dags/dataset_user_processing.py took 0.516 seconds
[2026-01-21T08:21:06.378+0000] {processor.py:186} INFO - Started process (PID=4047) to work on /opt/airflow/dags/dataset_user_processing.py
[2026-01-21T08:21:06.379+0000] {processor.py:914} INFO - Processing file /opt/airflow/dags/dataset_user_processing.py for tasks to queue
[2026-01-21T08:21:06.381+0000] {logging_mixin.py:190} INFO - [2026-01-21T08:21:06.381+0000] {dagbag.py:588} INFO - Filling up the DagBag from /opt/airflow/dags/dataset_user_processing.py
[2026-01-21T08:21:06.815+0000] {processor.py:925} INFO - DAG(s) 'user_processing_dataset' retrieved from /opt/airflow/dags/dataset_user_processing.py
[2026-01-21T08:21:06.840+0000] {logging_mixin.py:190} INFO - [2026-01-21T08:21:06.839+0000] {dag.py:3239} INFO - Sync 1 DAGs
[2026-01-21T08:21:06.859+0000] {logging_mixin.py:190} INFO - [2026-01-21T08:21:06.859+0000] {dag.py:4180} INFO - Setting next_dagrun for user_processing_dataset to 2026-01-20 00:00:00+00:00, run_after=2026-01-21 00:00:00+00:00
[2026-01-21T08:21:06.877+0000] {processor.py:208} INFO - Processing /opt/airflow/dags/dataset_user_processing.py took 0.504 seconds
[2026-01-21T08:21:37.025+0000] {processor.py:186} INFO - Started process (PID=4071) to work on /opt/airflow/dags/dataset_user_processing.py
[2026-01-21T08:21:37.026+0000] {processor.py:914} INFO - Processing file /opt/airflow/dags/dataset_user_processing.py for tasks to queue
[2026-01-21T08:21:37.030+0000] {logging_mixin.py:190} INFO - [2026-01-21T08:21:37.030+0000] {dagbag.py:588} INFO - Filling up the DagBag from /opt/airflow/dags/dataset_user_processing.py
[2026-01-21T08:21:37.567+0000] {processor.py:925} INFO - DAG(s) 'user_processing_dataset' retrieved from /opt/airflow/dags/dataset_user_processing.py
[2026-01-21T08:21:37.584+0000] {logging_mixin.py:190} INFO - [2026-01-21T08:21:37.584+0000] {dag.py:3239} INFO - Sync 1 DAGs
[2026-01-21T08:21:37.601+0000] {logging_mixin.py:190} INFO - [2026-01-21T08:21:37.601+0000] {dag.py:4180} INFO - Setting next_dagrun for user_processing_dataset to 2026-01-20 00:00:00+00:00, run_after=2026-01-21 00:00:00+00:00
[2026-01-21T08:21:37.616+0000] {processor.py:208} INFO - Processing /opt/airflow/dags/dataset_user_processing.py took 0.602 seconds
[2026-01-21T08:22:08.057+0000] {processor.py:186} INFO - Started process (PID=4095) to work on /opt/airflow/dags/dataset_user_processing.py
[2026-01-21T08:22:08.058+0000] {processor.py:914} INFO - Processing file /opt/airflow/dags/dataset_user_processing.py for tasks to queue
[2026-01-21T08:22:08.060+0000] {logging_mixin.py:190} INFO - [2026-01-21T08:22:08.059+0000] {dagbag.py:588} INFO - Filling up the DagBag from /opt/airflow/dags/dataset_user_processing.py
[2026-01-21T08:22:08.528+0000] {processor.py:925} INFO - DAG(s) 'user_processing_dataset' retrieved from /opt/airflow/dags/dataset_user_processing.py
[2026-01-21T08:22:08.548+0000] {logging_mixin.py:190} INFO - [2026-01-21T08:22:08.547+0000] {dag.py:3239} INFO - Sync 1 DAGs
[2026-01-21T08:22:08.579+0000] {logging_mixin.py:190} INFO - [2026-01-21T08:22:08.578+0000] {dag.py:4180} INFO - Setting next_dagrun for user_processing_dataset to 2026-01-20 00:00:00+00:00, run_after=2026-01-21 00:00:00+00:00
[2026-01-21T08:22:08.611+0000] {processor.py:208} INFO - Processing /opt/airflow/dags/dataset_user_processing.py took 0.559 seconds
[2026-01-21T08:22:38.680+0000] {processor.py:186} INFO - Started process (PID=4119) to work on /opt/airflow/dags/dataset_user_processing.py
[2026-01-21T08:22:38.681+0000] {processor.py:914} INFO - Processing file /opt/airflow/dags/dataset_user_processing.py for tasks to queue
[2026-01-21T08:22:38.683+0000] {logging_mixin.py:190} INFO - [2026-01-21T08:22:38.683+0000] {dagbag.py:588} INFO - Filling up the DagBag from /opt/airflow/dags/dataset_user_processing.py
[2026-01-21T08:22:39.092+0000] {processor.py:925} INFO - DAG(s) 'user_processing_dataset' retrieved from /opt/airflow/dags/dataset_user_processing.py
[2026-01-21T08:22:39.110+0000] {logging_mixin.py:190} INFO - [2026-01-21T08:22:39.109+0000] {dag.py:3239} INFO - Sync 1 DAGs
[2026-01-21T08:22:39.126+0000] {logging_mixin.py:190} INFO - [2026-01-21T08:22:39.126+0000] {dag.py:4180} INFO - Setting next_dagrun for user_processing_dataset to 2026-01-20 00:00:00+00:00, run_after=2026-01-21 00:00:00+00:00
[2026-01-21T08:22:39.140+0000] {processor.py:208} INFO - Processing /opt/airflow/dags/dataset_user_processing.py took 0.465 seconds
[2026-01-21T08:23:09.574+0000] {processor.py:186} INFO - Started process (PID=4142) to work on /opt/airflow/dags/dataset_user_processing.py
[2026-01-21T08:23:09.575+0000] {processor.py:914} INFO - Processing file /opt/airflow/dags/dataset_user_processing.py for tasks to queue
[2026-01-21T08:23:09.578+0000] {logging_mixin.py:190} INFO - [2026-01-21T08:23:09.578+0000] {dagbag.py:588} INFO - Filling up the DagBag from /opt/airflow/dags/dataset_user_processing.py
[2026-01-21T08:23:10.244+0000] {processor.py:925} INFO - DAG(s) 'user_processing_dataset' retrieved from /opt/airflow/dags/dataset_user_processing.py
[2026-01-21T08:23:10.269+0000] {logging_mixin.py:190} INFO - [2026-01-21T08:23:10.268+0000] {dag.py:3239} INFO - Sync 1 DAGs
[2026-01-21T08:23:10.300+0000] {logging_mixin.py:190} INFO - [2026-01-21T08:23:10.299+0000] {dag.py:4180} INFO - Setting next_dagrun for user_processing_dataset to 2026-01-20 00:00:00+00:00, run_after=2026-01-21 00:00:00+00:00
[2026-01-21T08:23:10.337+0000] {processor.py:208} INFO - Processing /opt/airflow/dags/dataset_user_processing.py took 0.772 seconds
[2026-01-21T08:23:40.943+0000] {processor.py:186} INFO - Started process (PID=4167) to work on /opt/airflow/dags/dataset_user_processing.py
[2026-01-21T08:23:40.943+0000] {processor.py:914} INFO - Processing file /opt/airflow/dags/dataset_user_processing.py for tasks to queue
[2026-01-21T08:23:40.946+0000] {logging_mixin.py:190} INFO - [2026-01-21T08:23:40.946+0000] {dagbag.py:588} INFO - Filling up the DagBag from /opt/airflow/dags/dataset_user_processing.py
[2026-01-21T08:23:41.459+0000] {processor.py:925} INFO - DAG(s) 'user_processing_dataset' retrieved from /opt/airflow/dags/dataset_user_processing.py
[2026-01-21T08:23:41.476+0000] {logging_mixin.py:190} INFO - [2026-01-21T08:23:41.476+0000] {dag.py:3239} INFO - Sync 1 DAGs
[2026-01-21T08:23:41.493+0000] {logging_mixin.py:190} INFO - [2026-01-21T08:23:41.493+0000] {dag.py:4180} INFO - Setting next_dagrun for user_processing_dataset to 2026-01-20 00:00:00+00:00, run_after=2026-01-21 00:00:00+00:00
[2026-01-21T08:23:41.517+0000] {processor.py:208} INFO - Processing /opt/airflow/dags/dataset_user_processing.py took 0.580 seconds
[2026-01-21T08:24:11.775+0000] {processor.py:186} INFO - Started process (PID=4189) to work on /opt/airflow/dags/dataset_user_processing.py
[2026-01-21T08:24:11.777+0000] {processor.py:914} INFO - Processing file /opt/airflow/dags/dataset_user_processing.py for tasks to queue
[2026-01-21T08:24:11.780+0000] {logging_mixin.py:190} INFO - [2026-01-21T08:24:11.780+0000] {dagbag.py:588} INFO - Filling up the DagBag from /opt/airflow/dags/dataset_user_processing.py
[2026-01-21T08:24:12.371+0000] {processor.py:925} INFO - DAG(s) 'user_processing_dataset' retrieved from /opt/airflow/dags/dataset_user_processing.py
[2026-01-21T08:24:12.391+0000] {logging_mixin.py:190} INFO - [2026-01-21T08:24:12.391+0000] {dag.py:3239} INFO - Sync 1 DAGs
[2026-01-21T08:24:12.408+0000] {logging_mixin.py:190} INFO - [2026-01-21T08:24:12.408+0000] {dag.py:4180} INFO - Setting next_dagrun for user_processing_dataset to 2026-01-20 00:00:00+00:00, run_after=2026-01-21 00:00:00+00:00
[2026-01-21T08:24:12.440+0000] {processor.py:208} INFO - Processing /opt/airflow/dags/dataset_user_processing.py took 0.672 seconds
[2026-01-21T08:24:42.720+0000] {processor.py:186} INFO - Started process (PID=4213) to work on /opt/airflow/dags/dataset_user_processing.py
[2026-01-21T08:24:42.721+0000] {processor.py:914} INFO - Processing file /opt/airflow/dags/dataset_user_processing.py for tasks to queue
[2026-01-21T08:24:42.724+0000] {logging_mixin.py:190} INFO - [2026-01-21T08:24:42.724+0000] {dagbag.py:588} INFO - Filling up the DagBag from /opt/airflow/dags/dataset_user_processing.py
[2026-01-21T08:24:43.260+0000] {processor.py:925} INFO - DAG(s) 'user_processing_dataset' retrieved from /opt/airflow/dags/dataset_user_processing.py
[2026-01-21T08:24:43.281+0000] {logging_mixin.py:190} INFO - [2026-01-21T08:24:43.281+0000] {dag.py:3239} INFO - Sync 1 DAGs
[2026-01-21T08:24:43.305+0000] {logging_mixin.py:190} INFO - [2026-01-21T08:24:43.305+0000] {dag.py:4180} INFO - Setting next_dagrun for user_processing_dataset to 2026-01-20 00:00:00+00:00, run_after=2026-01-21 00:00:00+00:00
[2026-01-21T08:24:43.342+0000] {processor.py:208} INFO - Processing /opt/airflow/dags/dataset_user_processing.py took 0.629 seconds
[2026-01-21T08:25:13.425+0000] {processor.py:186} INFO - Started process (PID=4237) to work on /opt/airflow/dags/dataset_user_processing.py
[2026-01-21T08:25:13.427+0000] {processor.py:914} INFO - Processing file /opt/airflow/dags/dataset_user_processing.py for tasks to queue
[2026-01-21T08:25:13.430+0000] {logging_mixin.py:190} INFO - [2026-01-21T08:25:13.430+0000] {dagbag.py:588} INFO - Filling up the DagBag from /opt/airflow/dags/dataset_user_processing.py
[2026-01-21T08:25:14.040+0000] {processor.py:925} INFO - DAG(s) 'user_processing_dataset' retrieved from /opt/airflow/dags/dataset_user_processing.py
[2026-01-21T08:25:14.058+0000] {logging_mixin.py:190} INFO - [2026-01-21T08:25:14.058+0000] {dag.py:3239} INFO - Sync 1 DAGs
[2026-01-21T08:25:14.079+0000] {logging_mixin.py:190} INFO - [2026-01-21T08:25:14.079+0000] {dag.py:4180} INFO - Setting next_dagrun for user_processing_dataset to 2026-01-20 00:00:00+00:00, run_after=2026-01-21 00:00:00+00:00
[2026-01-21T08:25:14.097+0000] {processor.py:208} INFO - Processing /opt/airflow/dags/dataset_user_processing.py took 0.682 seconds
[2026-01-21T08:25:44.443+0000] {processor.py:186} INFO - Started process (PID=4261) to work on /opt/airflow/dags/dataset_user_processing.py
[2026-01-21T08:25:44.444+0000] {processor.py:914} INFO - Processing file /opt/airflow/dags/dataset_user_processing.py for tasks to queue
[2026-01-21T08:25:44.448+0000] {logging_mixin.py:190} INFO - [2026-01-21T08:25:44.447+0000] {dagbag.py:588} INFO - Filling up the DagBag from /opt/airflow/dags/dataset_user_processing.py
[2026-01-21T08:25:45.458+0000] {processor.py:925} INFO - DAG(s) 'user_processing_dataset' retrieved from /opt/airflow/dags/dataset_user_processing.py
[2026-01-21T08:25:45.487+0000] {logging_mixin.py:190} INFO - [2026-01-21T08:25:45.486+0000] {dag.py:3239} INFO - Sync 1 DAGs
[2026-01-21T08:25:45.528+0000] {logging_mixin.py:190} INFO - [2026-01-21T08:25:45.526+0000] {dag.py:4180} INFO - Setting next_dagrun for user_processing_dataset to 2026-01-20 00:00:00+00:00, run_after=2026-01-21 00:00:00+00:00
[2026-01-21T08:25:45.560+0000] {processor.py:208} INFO - Processing /opt/airflow/dags/dataset_user_processing.py took 1.126 seconds
[2026-01-21T08:26:15.653+0000] {processor.py:186} INFO - Started process (PID=4286) to work on /opt/airflow/dags/dataset_user_processing.py
[2026-01-21T08:26:15.654+0000] {processor.py:914} INFO - Processing file /opt/airflow/dags/dataset_user_processing.py for tasks to queue
[2026-01-21T08:26:15.657+0000] {logging_mixin.py:190} INFO - [2026-01-21T08:26:15.657+0000] {dagbag.py:588} INFO - Filling up the DagBag from /opt/airflow/dags/dataset_user_processing.py
[2026-01-21T08:26:16.245+0000] {processor.py:925} INFO - DAG(s) 'user_processing_dataset' retrieved from /opt/airflow/dags/dataset_user_processing.py
[2026-01-21T08:26:16.267+0000] {logging_mixin.py:190} INFO - [2026-01-21T08:26:16.267+0000] {dag.py:3239} INFO - Sync 1 DAGs
[2026-01-21T08:26:16.287+0000] {logging_mixin.py:190} INFO - [2026-01-21T08:26:16.286+0000] {dag.py:4180} INFO - Setting next_dagrun for user_processing_dataset to 2026-01-20 00:00:00+00:00, run_after=2026-01-21 00:00:00+00:00
[2026-01-21T08:26:16.305+0000] {processor.py:208} INFO - Processing /opt/airflow/dags/dataset_user_processing.py took 0.659 seconds
[2026-01-21T08:26:46.482+0000] {processor.py:186} INFO - Started process (PID=4308) to work on /opt/airflow/dags/dataset_user_processing.py
[2026-01-21T08:26:46.484+0000] {processor.py:914} INFO - Processing file /opt/airflow/dags/dataset_user_processing.py for tasks to queue
[2026-01-21T08:26:46.487+0000] {logging_mixin.py:190} INFO - [2026-01-21T08:26:46.487+0000] {dagbag.py:588} INFO - Filling up the DagBag from /opt/airflow/dags/dataset_user_processing.py
[2026-01-21T08:26:46.985+0000] {processor.py:925} INFO - DAG(s) 'user_processing_dataset' retrieved from /opt/airflow/dags/dataset_user_processing.py
[2026-01-21T08:26:47.022+0000] {logging_mixin.py:190} INFO - [2026-01-21T08:26:47.021+0000] {dag.py:3239} INFO - Sync 1 DAGs
[2026-01-21T08:26:47.049+0000] {logging_mixin.py:190} INFO - [2026-01-21T08:26:47.048+0000] {dag.py:4180} INFO - Setting next_dagrun for user_processing_dataset to 2026-01-20 00:00:00+00:00, run_after=2026-01-21 00:00:00+00:00
[2026-01-21T08:26:47.082+0000] {processor.py:208} INFO - Processing /opt/airflow/dags/dataset_user_processing.py took 0.610 seconds
[2026-01-21T08:27:17.445+0000] {processor.py:186} INFO - Started process (PID=4332) to work on /opt/airflow/dags/dataset_user_processing.py
[2026-01-21T08:27:17.446+0000] {processor.py:914} INFO - Processing file /opt/airflow/dags/dataset_user_processing.py for tasks to queue
[2026-01-21T08:27:17.450+0000] {logging_mixin.py:190} INFO - [2026-01-21T08:27:17.449+0000] {dagbag.py:588} INFO - Filling up the DagBag from /opt/airflow/dags/dataset_user_processing.py
[2026-01-21T08:27:17.868+0000] {processor.py:925} INFO - DAG(s) 'user_processing_dataset' retrieved from /opt/airflow/dags/dataset_user_processing.py
[2026-01-21T08:27:17.890+0000] {logging_mixin.py:190} INFO - [2026-01-21T08:27:17.889+0000] {dag.py:3239} INFO - Sync 1 DAGs
[2026-01-21T08:27:17.930+0000] {logging_mixin.py:190} INFO - [2026-01-21T08:27:17.930+0000] {dag.py:4180} INFO - Setting next_dagrun for user_processing_dataset to 2026-01-20 00:00:00+00:00, run_after=2026-01-21 00:00:00+00:00
[2026-01-21T08:27:17.967+0000] {processor.py:208} INFO - Processing /opt/airflow/dags/dataset_user_processing.py took 0.528 seconds
[2026-01-21T08:27:48.691+0000] {processor.py:186} INFO - Started process (PID=4356) to work on /opt/airflow/dags/dataset_user_processing.py
[2026-01-21T08:27:48.691+0000] {processor.py:914} INFO - Processing file /opt/airflow/dags/dataset_user_processing.py for tasks to queue
[2026-01-21T08:27:48.695+0000] {logging_mixin.py:190} INFO - [2026-01-21T08:27:48.694+0000] {dagbag.py:588} INFO - Filling up the DagBag from /opt/airflow/dags/dataset_user_processing.py
[2026-01-21T08:27:49.228+0000] {processor.py:925} INFO - DAG(s) 'user_processing_dataset' retrieved from /opt/airflow/dags/dataset_user_processing.py
[2026-01-21T08:27:49.289+0000] {logging_mixin.py:190} INFO - [2026-01-21T08:27:49.288+0000] {dag.py:3239} INFO - Sync 1 DAGs
[2026-01-21T08:27:49.327+0000] {logging_mixin.py:190} INFO - [2026-01-21T08:27:49.327+0000] {dag.py:4180} INFO - Setting next_dagrun for user_processing_dataset to 2026-01-20 00:00:00+00:00, run_after=2026-01-21 00:00:00+00:00
[2026-01-21T08:27:49.360+0000] {processor.py:208} INFO - Processing /opt/airflow/dags/dataset_user_processing.py took 0.675 seconds
[2026-01-21T08:28:19.573+0000] {processor.py:186} INFO - Started process (PID=4380) to work on /opt/airflow/dags/dataset_user_processing.py
[2026-01-21T08:28:19.574+0000] {processor.py:914} INFO - Processing file /opt/airflow/dags/dataset_user_processing.py for tasks to queue
[2026-01-21T08:28:19.577+0000] {logging_mixin.py:190} INFO - [2026-01-21T08:28:19.577+0000] {dagbag.py:588} INFO - Filling up the DagBag from /opt/airflow/dags/dataset_user_processing.py
[2026-01-21T08:28:20.167+0000] {processor.py:925} INFO - DAG(s) 'user_processing_dataset' retrieved from /opt/airflow/dags/dataset_user_processing.py
[2026-01-21T08:28:20.185+0000] {logging_mixin.py:190} INFO - [2026-01-21T08:28:20.185+0000] {dag.py:3239} INFO - Sync 1 DAGs
[2026-01-21T08:28:20.204+0000] {logging_mixin.py:190} INFO - [2026-01-21T08:28:20.203+0000] {dag.py:4180} INFO - Setting next_dagrun for user_processing_dataset to 2026-01-20 00:00:00+00:00, run_after=2026-01-21 00:00:00+00:00
[2026-01-21T08:28:20.222+0000] {processor.py:208} INFO - Processing /opt/airflow/dags/dataset_user_processing.py took 0.655 seconds
[2026-01-21T08:28:50.317+0000] {processor.py:186} INFO - Started process (PID=4404) to work on /opt/airflow/dags/dataset_user_processing.py
[2026-01-21T08:28:50.318+0000] {processor.py:914} INFO - Processing file /opt/airflow/dags/dataset_user_processing.py for tasks to queue
[2026-01-21T08:28:50.322+0000] {logging_mixin.py:190} INFO - [2026-01-21T08:28:50.321+0000] {dagbag.py:588} INFO - Filling up the DagBag from /opt/airflow/dags/dataset_user_processing.py
[2026-01-21T08:28:50.812+0000] {processor.py:925} INFO - DAG(s) 'user_processing_dataset' retrieved from /opt/airflow/dags/dataset_user_processing.py
[2026-01-21T08:28:50.832+0000] {logging_mixin.py:190} INFO - [2026-01-21T08:28:50.832+0000] {dag.py:3239} INFO - Sync 1 DAGs
[2026-01-21T08:28:50.851+0000] {logging_mixin.py:190} INFO - [2026-01-21T08:28:50.851+0000] {dag.py:4180} INFO - Setting next_dagrun for user_processing_dataset to 2026-01-20 00:00:00+00:00, run_after=2026-01-21 00:00:00+00:00
[2026-01-21T08:28:50.874+0000] {processor.py:208} INFO - Processing /opt/airflow/dags/dataset_user_processing.py took 0.563 seconds
[2026-01-21T08:29:21.127+0000] {processor.py:186} INFO - Started process (PID=4428) to work on /opt/airflow/dags/dataset_user_processing.py
[2026-01-21T08:29:21.128+0000] {processor.py:914} INFO - Processing file /opt/airflow/dags/dataset_user_processing.py for tasks to queue
[2026-01-21T08:29:21.131+0000] {logging_mixin.py:190} INFO - [2026-01-21T08:29:21.131+0000] {dagbag.py:588} INFO - Filling up the DagBag from /opt/airflow/dags/dataset_user_processing.py
[2026-01-21T08:29:21.657+0000] {processor.py:925} INFO - DAG(s) 'user_processing_dataset' retrieved from /opt/airflow/dags/dataset_user_processing.py
[2026-01-21T08:29:21.673+0000] {logging_mixin.py:190} INFO - [2026-01-21T08:29:21.672+0000] {dag.py:3239} INFO - Sync 1 DAGs
[2026-01-21T08:29:21.694+0000] {logging_mixin.py:190} INFO - [2026-01-21T08:29:21.693+0000] {dag.py:4180} INFO - Setting next_dagrun for user_processing_dataset to 2026-01-20 00:00:00+00:00, run_after=2026-01-21 00:00:00+00:00
[2026-01-21T08:29:21.726+0000] {processor.py:208} INFO - Processing /opt/airflow/dags/dataset_user_processing.py took 0.605 seconds
[2026-01-21T08:29:51.878+0000] {processor.py:186} INFO - Started process (PID=4452) to work on /opt/airflow/dags/dataset_user_processing.py
[2026-01-21T08:29:51.880+0000] {processor.py:914} INFO - Processing file /opt/airflow/dags/dataset_user_processing.py for tasks to queue
[2026-01-21T08:29:51.883+0000] {logging_mixin.py:190} INFO - [2026-01-21T08:29:51.882+0000] {dagbag.py:588} INFO - Filling up the DagBag from /opt/airflow/dags/dataset_user_processing.py
[2026-01-21T08:29:52.649+0000] {processor.py:925} INFO - DAG(s) 'user_processing_dataset' retrieved from /opt/airflow/dags/dataset_user_processing.py
[2026-01-21T08:29:52.684+0000] {logging_mixin.py:190} INFO - [2026-01-21T08:29:52.684+0000] {dag.py:3239} INFO - Sync 1 DAGs
[2026-01-21T08:29:52.736+0000] {logging_mixin.py:190} INFO - [2026-01-21T08:29:52.736+0000] {dag.py:4180} INFO - Setting next_dagrun for user_processing_dataset to 2026-01-20 00:00:00+00:00, run_after=2026-01-21 00:00:00+00:00
[2026-01-21T08:29:52.771+0000] {processor.py:208} INFO - Processing /opt/airflow/dags/dataset_user_processing.py took 0.902 seconds
[2026-01-21T08:30:22.873+0000] {processor.py:186} INFO - Started process (PID=4477) to work on /opt/airflow/dags/dataset_user_processing.py
[2026-01-21T08:30:22.874+0000] {processor.py:914} INFO - Processing file /opt/airflow/dags/dataset_user_processing.py for tasks to queue
[2026-01-21T08:30:22.878+0000] {logging_mixin.py:190} INFO - [2026-01-21T08:30:22.878+0000] {dagbag.py:588} INFO - Filling up the DagBag from /opt/airflow/dags/dataset_user_processing.py
[2026-01-21T08:30:23.412+0000] {processor.py:925} INFO - DAG(s) 'user_processing_dataset' retrieved from /opt/airflow/dags/dataset_user_processing.py
[2026-01-21T08:30:23.432+0000] {logging_mixin.py:190} INFO - [2026-01-21T08:30:23.431+0000] {dag.py:3239} INFO - Sync 1 DAGs
[2026-01-21T08:30:23.451+0000] {logging_mixin.py:190} INFO - [2026-01-21T08:30:23.450+0000] {dag.py:4180} INFO - Setting next_dagrun for user_processing_dataset to 2026-01-20 00:00:00+00:00, run_after=2026-01-21 00:00:00+00:00
[2026-01-21T08:30:23.471+0000] {processor.py:208} INFO - Processing /opt/airflow/dags/dataset_user_processing.py took 0.606 seconds
[2026-01-21T08:30:53.526+0000] {processor.py:186} INFO - Started process (PID=4500) to work on /opt/airflow/dags/dataset_user_processing.py
[2026-01-21T08:30:53.527+0000] {processor.py:914} INFO - Processing file /opt/airflow/dags/dataset_user_processing.py for tasks to queue
[2026-01-21T08:30:53.530+0000] {logging_mixin.py:190} INFO - [2026-01-21T08:30:53.530+0000] {dagbag.py:588} INFO - Filling up the DagBag from /opt/airflow/dags/dataset_user_processing.py
[2026-01-21T08:30:54.060+0000] {processor.py:925} INFO - DAG(s) 'user_processing_dataset' retrieved from /opt/airflow/dags/dataset_user_processing.py
[2026-01-21T08:30:54.095+0000] {logging_mixin.py:190} INFO - [2026-01-21T08:30:54.094+0000] {dag.py:3239} INFO - Sync 1 DAGs
[2026-01-21T08:30:54.144+0000] {logging_mixin.py:190} INFO - [2026-01-21T08:30:54.143+0000] {dag.py:4180} INFO - Setting next_dagrun for user_processing_dataset to 2026-01-20 00:00:00+00:00, run_after=2026-01-21 00:00:00+00:00
[2026-01-21T08:30:54.179+0000] {processor.py:208} INFO - Processing /opt/airflow/dags/dataset_user_processing.py took 0.661 seconds
[2026-01-21T08:31:25.610+0000] {processor.py:186} INFO - Started process (PID=4524) to work on /opt/airflow/dags/dataset_user_processing.py
[2026-01-21T08:31:25.621+0000] {processor.py:914} INFO - Processing file /opt/airflow/dags/dataset_user_processing.py for tasks to queue
[2026-01-21T08:31:25.625+0000] {logging_mixin.py:190} INFO - [2026-01-21T08:31:25.624+0000] {dagbag.py:588} INFO - Filling up the DagBag from /opt/airflow/dags/dataset_user_processing.py
[2026-01-21T08:31:27.518+0000] {processor.py:925} INFO - DAG(s) 'user_processing_dataset' retrieved from /opt/airflow/dags/dataset_user_processing.py
[2026-01-21T08:31:27.740+0000] {logging_mixin.py:190} INFO - [2026-01-21T08:31:27.739+0000] {dag.py:3239} INFO - Sync 1 DAGs
[2026-01-21T08:31:27.841+0000] {logging_mixin.py:190} INFO - [2026-01-21T08:31:27.840+0000] {dag.py:4180} INFO - Setting next_dagrun for user_processing_dataset to 2026-01-20 00:00:00+00:00, run_after=2026-01-21 00:00:00+00:00
[2026-01-21T08:31:27.878+0000] {processor.py:208} INFO - Processing /opt/airflow/dags/dataset_user_processing.py took 2.302 seconds
[2026-01-21T08:31:58.043+0000] {processor.py:186} INFO - Started process (PID=4553) to work on /opt/airflow/dags/dataset_user_processing.py
[2026-01-21T08:31:58.050+0000] {processor.py:914} INFO - Processing file /opt/airflow/dags/dataset_user_processing.py for tasks to queue
[2026-01-21T08:31:58.054+0000] {logging_mixin.py:190} INFO - [2026-01-21T08:31:58.053+0000] {dagbag.py:588} INFO - Filling up the DagBag from /opt/airflow/dags/dataset_user_processing.py
[2026-01-21T08:31:59.361+0000] {processor.py:925} INFO - DAG(s) 'user_processing_dataset' retrieved from /opt/airflow/dags/dataset_user_processing.py
[2026-01-21T08:31:59.413+0000] {logging_mixin.py:190} INFO - [2026-01-21T08:31:59.412+0000] {dag.py:3239} INFO - Sync 1 DAGs
[2026-01-21T08:31:59.456+0000] {logging_mixin.py:190} INFO - [2026-01-21T08:31:59.455+0000] {dag.py:4180} INFO - Setting next_dagrun for user_processing_dataset to 2026-01-20 00:00:00+00:00, run_after=2026-01-21 00:00:00+00:00
[2026-01-21T08:31:59.494+0000] {processor.py:208} INFO - Processing /opt/airflow/dags/dataset_user_processing.py took 1.467 seconds
[2026-01-21T08:32:30.036+0000] {processor.py:186} INFO - Started process (PID=4577) to work on /opt/airflow/dags/dataset_user_processing.py
[2026-01-21T08:32:30.038+0000] {processor.py:914} INFO - Processing file /opt/airflow/dags/dataset_user_processing.py for tasks to queue
[2026-01-21T08:32:30.041+0000] {logging_mixin.py:190} INFO - [2026-01-21T08:32:30.040+0000] {dagbag.py:588} INFO - Filling up the DagBag from /opt/airflow/dags/dataset_user_processing.py
[2026-01-21T08:32:30.447+0000] {processor.py:925} INFO - DAG(s) 'user_processing_dataset' retrieved from /opt/airflow/dags/dataset_user_processing.py
[2026-01-21T08:32:30.463+0000] {logging_mixin.py:190} INFO - [2026-01-21T08:32:30.463+0000] {dag.py:3239} INFO - Sync 1 DAGs
[2026-01-21T08:32:30.484+0000] {logging_mixin.py:190} INFO - [2026-01-21T08:32:30.484+0000] {dag.py:4180} INFO - Setting next_dagrun for user_processing_dataset to 2026-01-20 00:00:00+00:00, run_after=2026-01-21 00:00:00+00:00
[2026-01-21T08:32:30.501+0000] {processor.py:208} INFO - Processing /opt/airflow/dags/dataset_user_processing.py took 0.474 seconds
[2026-01-21T08:33:00.586+0000] {processor.py:186} INFO - Started process (PID=4601) to work on /opt/airflow/dags/dataset_user_processing.py
[2026-01-21T08:33:00.588+0000] {processor.py:914} INFO - Processing file /opt/airflow/dags/dataset_user_processing.py for tasks to queue
[2026-01-21T08:33:00.591+0000] {logging_mixin.py:190} INFO - [2026-01-21T08:33:00.590+0000] {dagbag.py:588} INFO - Filling up the DagBag from /opt/airflow/dags/dataset_user_processing.py
[2026-01-21T08:33:01.039+0000] {processor.py:925} INFO - DAG(s) 'user_processing_dataset' retrieved from /opt/airflow/dags/dataset_user_processing.py
[2026-01-21T08:33:01.068+0000] {logging_mixin.py:190} INFO - [2026-01-21T08:33:01.067+0000] {dag.py:3239} INFO - Sync 1 DAGs
[2026-01-21T08:33:01.111+0000] {logging_mixin.py:190} INFO - [2026-01-21T08:33:01.111+0000] {dag.py:4180} INFO - Setting next_dagrun for user_processing_dataset to 2026-01-20 00:00:00+00:00, run_after=2026-01-21 00:00:00+00:00
[2026-01-21T08:33:01.158+0000] {processor.py:208} INFO - Processing /opt/airflow/dags/dataset_user_processing.py took 0.581 seconds
[2026-01-21T08:33:31.279+0000] {processor.py:186} INFO - Started process (PID=4625) to work on /opt/airflow/dags/dataset_user_processing.py
[2026-01-21T08:33:31.282+0000] {processor.py:914} INFO - Processing file /opt/airflow/dags/dataset_user_processing.py for tasks to queue
[2026-01-21T08:33:31.285+0000] {logging_mixin.py:190} INFO - [2026-01-21T08:33:31.285+0000] {dagbag.py:588} INFO - Filling up the DagBag from /opt/airflow/dags/dataset_user_processing.py
[2026-01-21T08:33:31.718+0000] {processor.py:925} INFO - DAG(s) 'user_processing_dataset' retrieved from /opt/airflow/dags/dataset_user_processing.py
[2026-01-21T08:33:31.743+0000] {logging_mixin.py:190} INFO - [2026-01-21T08:33:31.743+0000] {dag.py:3239} INFO - Sync 1 DAGs
[2026-01-21T08:33:31.770+0000] {logging_mixin.py:190} INFO - [2026-01-21T08:33:31.770+0000] {dag.py:4180} INFO - Setting next_dagrun for user_processing_dataset to 2026-01-20 00:00:00+00:00, run_after=2026-01-21 00:00:00+00:00
[2026-01-21T08:33:31.790+0000] {processor.py:208} INFO - Processing /opt/airflow/dags/dataset_user_processing.py took 0.523 seconds
[2026-01-21T08:34:02.390+0000] {processor.py:186} INFO - Started process (PID=4649) to work on /opt/airflow/dags/dataset_user_processing.py
[2026-01-21T08:34:02.392+0000] {processor.py:914} INFO - Processing file /opt/airflow/dags/dataset_user_processing.py for tasks to queue
[2026-01-21T08:34:02.396+0000] {logging_mixin.py:190} INFO - [2026-01-21T08:34:02.395+0000] {dagbag.py:588} INFO - Filling up the DagBag from /opt/airflow/dags/dataset_user_processing.py
[2026-01-21T08:34:02.887+0000] {processor.py:925} INFO - DAG(s) 'user_processing_dataset' retrieved from /opt/airflow/dags/dataset_user_processing.py
[2026-01-21T08:34:02.919+0000] {logging_mixin.py:190} INFO - [2026-01-21T08:34:02.918+0000] {dag.py:3239} INFO - Sync 1 DAGs
[2026-01-21T08:34:02.955+0000] {logging_mixin.py:190} INFO - [2026-01-21T08:34:02.955+0000] {dag.py:4180} INFO - Setting next_dagrun for user_processing_dataset to 2026-01-20 00:00:00+00:00, run_after=2026-01-21 00:00:00+00:00
[2026-01-21T08:34:02.983+0000] {processor.py:208} INFO - Processing /opt/airflow/dags/dataset_user_processing.py took 0.600 seconds
[2026-01-21T08:34:33.649+0000] {processor.py:186} INFO - Started process (PID=4674) to work on /opt/airflow/dags/dataset_user_processing.py
[2026-01-21T08:34:33.651+0000] {processor.py:914} INFO - Processing file /opt/airflow/dags/dataset_user_processing.py for tasks to queue
[2026-01-21T08:34:33.653+0000] {logging_mixin.py:190} INFO - [2026-01-21T08:34:33.653+0000] {dagbag.py:588} INFO - Filling up the DagBag from /opt/airflow/dags/dataset_user_processing.py
[2026-01-21T08:34:34.431+0000] {processor.py:925} INFO - DAG(s) 'user_processing_dataset' retrieved from /opt/airflow/dags/dataset_user_processing.py
[2026-01-21T08:34:34.462+0000] {logging_mixin.py:190} INFO - [2026-01-21T08:34:34.461+0000] {dag.py:3239} INFO - Sync 1 DAGs
[2026-01-21T08:34:34.490+0000] {logging_mixin.py:190} INFO - [2026-01-21T08:34:34.490+0000] {dag.py:4180} INFO - Setting next_dagrun for user_processing_dataset to 2026-01-20 00:00:00+00:00, run_after=2026-01-21 00:00:00+00:00
[2026-01-21T08:34:34.519+0000] {processor.py:208} INFO - Processing /opt/airflow/dags/dataset_user_processing.py took 0.878 seconds
[2026-01-21T08:35:08.267+0000] {processor.py:186} INFO - Started process (PID=4698) to work on /opt/airflow/dags/dataset_user_processing.py
[2026-01-21T08:35:08.271+0000] {processor.py:914} INFO - Processing file /opt/airflow/dags/dataset_user_processing.py for tasks to queue
[2026-01-21T08:35:08.278+0000] {logging_mixin.py:190} INFO - [2026-01-21T08:35:08.276+0000] {dagbag.py:588} INFO - Filling up the DagBag from /opt/airflow/dags/dataset_user_processing.py
[2026-01-21T08:35:09.849+0000] {processor.py:925} INFO - DAG(s) 'user_processing_dataset' retrieved from /opt/airflow/dags/dataset_user_processing.py
[2026-01-21T08:35:10.001+0000] {logging_mixin.py:190} INFO - [2026-01-21T08:35:10.000+0000] {dag.py:3239} INFO - Sync 1 DAGs
[2026-01-21T08:35:10.133+0000] {logging_mixin.py:190} INFO - [2026-01-21T08:35:10.132+0000] {dag.py:4180} INFO - Setting next_dagrun for user_processing_dataset to 2026-01-20 00:00:00+00:00, run_after=2026-01-21 00:00:00+00:00
[2026-01-21T08:35:10.216+0000] {processor.py:208} INFO - Processing /opt/airflow/dags/dataset_user_processing.py took 1.969 seconds
[2026-01-21T08:35:40.413+0000] {processor.py:186} INFO - Started process (PID=4722) to work on /opt/airflow/dags/dataset_user_processing.py
[2026-01-21T08:35:40.415+0000] {processor.py:914} INFO - Processing file /opt/airflow/dags/dataset_user_processing.py for tasks to queue
[2026-01-21T08:35:40.417+0000] {logging_mixin.py:190} INFO - [2026-01-21T08:35:40.417+0000] {dagbag.py:588} INFO - Filling up the DagBag from /opt/airflow/dags/dataset_user_processing.py
[2026-01-21T08:35:41.070+0000] {processor.py:925} INFO - DAG(s) 'user_processing_dataset' retrieved from /opt/airflow/dags/dataset_user_processing.py
[2026-01-21T08:35:41.099+0000] {logging_mixin.py:190} INFO - [2026-01-21T08:35:41.099+0000] {dag.py:3239} INFO - Sync 1 DAGs
[2026-01-21T08:35:41.138+0000] {logging_mixin.py:190} INFO - [2026-01-21T08:35:41.137+0000] {dag.py:4180} INFO - Setting next_dagrun for user_processing_dataset to 2026-01-20 00:00:00+00:00, run_after=2026-01-21 00:00:00+00:00
[2026-01-21T08:35:41.160+0000] {processor.py:208} INFO - Processing /opt/airflow/dags/dataset_user_processing.py took 0.756 seconds
[2026-01-21T08:36:11.480+0000] {processor.py:186} INFO - Started process (PID=4746) to work on /opt/airflow/dags/dataset_user_processing.py
[2026-01-21T08:36:11.481+0000] {processor.py:914} INFO - Processing file /opt/airflow/dags/dataset_user_processing.py for tasks to queue
[2026-01-21T08:36:11.484+0000] {logging_mixin.py:190} INFO - [2026-01-21T08:36:11.484+0000] {dagbag.py:588} INFO - Filling up the DagBag from /opt/airflow/dags/dataset_user_processing.py
[2026-01-21T08:36:12.127+0000] {processor.py:925} INFO - DAG(s) 'user_processing_dataset' retrieved from /opt/airflow/dags/dataset_user_processing.py
[2026-01-21T08:36:12.151+0000] {logging_mixin.py:190} INFO - [2026-01-21T08:36:12.151+0000] {dag.py:3239} INFO - Sync 1 DAGs
[2026-01-21T08:36:12.184+0000] {logging_mixin.py:190} INFO - [2026-01-21T08:36:12.184+0000] {dag.py:4180} INFO - Setting next_dagrun for user_processing_dataset to 2026-01-20 00:00:00+00:00, run_after=2026-01-21 00:00:00+00:00
[2026-01-21T08:36:12.216+0000] {processor.py:208} INFO - Processing /opt/airflow/dags/dataset_user_processing.py took 0.746 seconds
[2026-01-21T08:36:42.547+0000] {processor.py:186} INFO - Started process (PID=4770) to work on /opt/airflow/dags/dataset_user_processing.py
[2026-01-21T08:36:42.548+0000] {processor.py:914} INFO - Processing file /opt/airflow/dags/dataset_user_processing.py for tasks to queue
[2026-01-21T08:36:42.550+0000] {logging_mixin.py:190} INFO - [2026-01-21T08:36:42.550+0000] {dagbag.py:588} INFO - Filling up the DagBag from /opt/airflow/dags/dataset_user_processing.py
[2026-01-21T08:36:43.086+0000] {processor.py:925} INFO - DAG(s) 'user_processing_dataset' retrieved from /opt/airflow/dags/dataset_user_processing.py
[2026-01-21T08:36:43.112+0000] {logging_mixin.py:190} INFO - [2026-01-21T08:36:43.112+0000] {dag.py:3239} INFO - Sync 1 DAGs
[2026-01-21T08:36:43.146+0000] {logging_mixin.py:190} INFO - [2026-01-21T08:36:43.146+0000] {dag.py:4180} INFO - Setting next_dagrun for user_processing_dataset to 2026-01-20 00:00:00+00:00, run_after=2026-01-21 00:00:00+00:00
[2026-01-21T08:36:43.172+0000] {processor.py:208} INFO - Processing /opt/airflow/dags/dataset_user_processing.py took 0.631 seconds
[2026-01-21T08:37:13.724+0000] {processor.py:186} INFO - Started process (PID=4795) to work on /opt/airflow/dags/dataset_user_processing.py
[2026-01-21T08:37:13.726+0000] {processor.py:914} INFO - Processing file /opt/airflow/dags/dataset_user_processing.py for tasks to queue
[2026-01-21T08:37:13.730+0000] {logging_mixin.py:190} INFO - [2026-01-21T08:37:13.730+0000] {dagbag.py:588} INFO - Filling up the DagBag from /opt/airflow/dags/dataset_user_processing.py
[2026-01-21T08:37:14.541+0000] {processor.py:925} INFO - DAG(s) 'user_processing_dataset' retrieved from /opt/airflow/dags/dataset_user_processing.py
[2026-01-21T08:37:14.561+0000] {logging_mixin.py:190} INFO - [2026-01-21T08:37:14.560+0000] {dag.py:3239} INFO - Sync 1 DAGs
[2026-01-21T08:37:14.583+0000] {logging_mixin.py:190} INFO - [2026-01-21T08:37:14.583+0000] {dag.py:4180} INFO - Setting next_dagrun for user_processing_dataset to 2026-01-20 00:00:00+00:00, run_after=2026-01-21 00:00:00+00:00
[2026-01-21T08:37:14.600+0000] {processor.py:208} INFO - Processing /opt/airflow/dags/dataset_user_processing.py took 0.887 seconds
[2026-01-21T08:37:45.485+0000] {processor.py:186} INFO - Started process (PID=4820) to work on /opt/airflow/dags/dataset_user_processing.py
[2026-01-21T08:37:45.487+0000] {processor.py:914} INFO - Processing file /opt/airflow/dags/dataset_user_processing.py for tasks to queue
[2026-01-21T08:37:45.492+0000] {logging_mixin.py:190} INFO - [2026-01-21T08:37:45.492+0000] {dagbag.py:588} INFO - Filling up the DagBag from /opt/airflow/dags/dataset_user_processing.py
[2026-01-21T08:37:46.049+0000] {processor.py:925} INFO - DAG(s) 'user_processing_dataset' retrieved from /opt/airflow/dags/dataset_user_processing.py
[2026-01-21T08:37:46.068+0000] {logging_mixin.py:190} INFO - [2026-01-21T08:37:46.068+0000] {dag.py:3239} INFO - Sync 1 DAGs
[2026-01-21T08:37:46.087+0000] {logging_mixin.py:190} INFO - [2026-01-21T08:37:46.087+0000] {dag.py:4180} INFO - Setting next_dagrun for user_processing_dataset to 2026-01-20 00:00:00+00:00, run_after=2026-01-21 00:00:00+00:00
[2026-01-21T08:37:46.105+0000] {processor.py:208} INFO - Processing /opt/airflow/dags/dataset_user_processing.py took 0.627 seconds
[2026-01-21T08:38:16.151+0000] {processor.py:186} INFO - Started process (PID=4845) to work on /opt/airflow/dags/dataset_user_processing.py
[2026-01-21T08:38:16.153+0000] {processor.py:914} INFO - Processing file /opt/airflow/dags/dataset_user_processing.py for tasks to queue
[2026-01-21T08:38:16.157+0000] {logging_mixin.py:190} INFO - [2026-01-21T08:38:16.157+0000] {dagbag.py:588} INFO - Filling up the DagBag from /opt/airflow/dags/dataset_user_processing.py
[2026-01-21T08:38:16.759+0000] {processor.py:925} INFO - DAG(s) 'user_processing_dataset' retrieved from /opt/airflow/dags/dataset_user_processing.py
[2026-01-21T08:38:16.777+0000] {logging_mixin.py:190} INFO - [2026-01-21T08:38:16.776+0000] {dag.py:3239} INFO - Sync 1 DAGs
[2026-01-21T08:38:16.796+0000] {logging_mixin.py:190} INFO - [2026-01-21T08:38:16.796+0000] {dag.py:4180} INFO - Setting next_dagrun for user_processing_dataset to 2026-01-20 00:00:00+00:00, run_after=2026-01-21 00:00:00+00:00
[2026-01-21T08:38:16.819+0000] {processor.py:208} INFO - Processing /opt/airflow/dags/dataset_user_processing.py took 0.680 seconds
[2026-01-21T08:38:47.731+0000] {processor.py:186} INFO - Started process (PID=4868) to work on /opt/airflow/dags/dataset_user_processing.py
[2026-01-21T08:38:47.732+0000] {processor.py:914} INFO - Processing file /opt/airflow/dags/dataset_user_processing.py for tasks to queue
[2026-01-21T08:38:47.735+0000] {logging_mixin.py:190} INFO - [2026-01-21T08:38:47.735+0000] {dagbag.py:588} INFO - Filling up the DagBag from /opt/airflow/dags/dataset_user_processing.py
[2026-01-21T08:38:48.117+0000] {processor.py:925} INFO - DAG(s) 'user_processing_dataset' retrieved from /opt/airflow/dags/dataset_user_processing.py
[2026-01-21T08:38:48.133+0000] {logging_mixin.py:190} INFO - [2026-01-21T08:38:48.132+0000] {dag.py:3239} INFO - Sync 1 DAGs
[2026-01-21T08:38:48.150+0000] {logging_mixin.py:190} INFO - [2026-01-21T08:38:48.150+0000] {dag.py:4180} INFO - Setting next_dagrun for user_processing_dataset to 2026-01-20 00:00:00+00:00, run_after=2026-01-21 00:00:00+00:00
[2026-01-21T08:38:48.164+0000] {processor.py:208} INFO - Processing /opt/airflow/dags/dataset_user_processing.py took 0.440 seconds
[2026-01-21T08:39:18.566+0000] {processor.py:186} INFO - Started process (PID=4892) to work on /opt/airflow/dags/dataset_user_processing.py
[2026-01-21T08:39:18.567+0000] {processor.py:914} INFO - Processing file /opt/airflow/dags/dataset_user_processing.py for tasks to queue
[2026-01-21T08:39:18.570+0000] {logging_mixin.py:190} INFO - [2026-01-21T08:39:18.570+0000] {dagbag.py:588} INFO - Filling up the DagBag from /opt/airflow/dags/dataset_user_processing.py
[2026-01-21T08:39:19.090+0000] {processor.py:925} INFO - DAG(s) 'user_processing_dataset' retrieved from /opt/airflow/dags/dataset_user_processing.py
[2026-01-21T08:39:19.107+0000] {logging_mixin.py:190} INFO - [2026-01-21T08:39:19.107+0000] {dag.py:3239} INFO - Sync 1 DAGs
[2026-01-21T08:39:19.126+0000] {logging_mixin.py:190} INFO - [2026-01-21T08:39:19.125+0000] {dag.py:4180} INFO - Setting next_dagrun for user_processing_dataset to 2026-01-20 00:00:00+00:00, run_after=2026-01-21 00:00:00+00:00
[2026-01-21T08:39:19.147+0000] {processor.py:208} INFO - Processing /opt/airflow/dags/dataset_user_processing.py took 0.589 seconds
[2026-01-21T08:39:49.346+0000] {processor.py:186} INFO - Started process (PID=4916) to work on /opt/airflow/dags/dataset_user_processing.py
[2026-01-21T08:39:49.347+0000] {processor.py:914} INFO - Processing file /opt/airflow/dags/dataset_user_processing.py for tasks to queue
[2026-01-21T08:39:49.351+0000] {logging_mixin.py:190} INFO - [2026-01-21T08:39:49.351+0000] {dagbag.py:588} INFO - Filling up the DagBag from /opt/airflow/dags/dataset_user_processing.py
[2026-01-21T08:39:49.872+0000] {processor.py:925} INFO - DAG(s) 'user_processing_dataset' retrieved from /opt/airflow/dags/dataset_user_processing.py
[2026-01-21T08:39:49.894+0000] {logging_mixin.py:190} INFO - [2026-01-21T08:39:49.894+0000] {dag.py:3239} INFO - Sync 1 DAGs
[2026-01-21T08:39:49.916+0000] {logging_mixin.py:190} INFO - [2026-01-21T08:39:49.915+0000] {dag.py:4180} INFO - Setting next_dagrun for user_processing_dataset to 2026-01-20 00:00:00+00:00, run_after=2026-01-21 00:00:00+00:00
[2026-01-21T08:39:49.936+0000] {processor.py:208} INFO - Processing /opt/airflow/dags/dataset_user_processing.py took 0.603 seconds
[2026-01-21T08:40:20.160+0000] {processor.py:186} INFO - Started process (PID=4940) to work on /opt/airflow/dags/dataset_user_processing.py
[2026-01-21T08:40:20.162+0000] {processor.py:914} INFO - Processing file /opt/airflow/dags/dataset_user_processing.py for tasks to queue
[2026-01-21T08:40:20.168+0000] {logging_mixin.py:190} INFO - [2026-01-21T08:40:20.167+0000] {dagbag.py:588} INFO - Filling up the DagBag from /opt/airflow/dags/dataset_user_processing.py
[2026-01-21T08:40:21.091+0000] {processor.py:925} INFO - DAG(s) 'user_processing_dataset' retrieved from /opt/airflow/dags/dataset_user_processing.py
[2026-01-21T08:40:21.118+0000] {logging_mixin.py:190} INFO - [2026-01-21T08:40:21.117+0000] {dag.py:3239} INFO - Sync 1 DAGs
[2026-01-21T08:40:21.145+0000] {logging_mixin.py:190} INFO - [2026-01-21T08:40:21.145+0000] {dag.py:4180} INFO - Setting next_dagrun for user_processing_dataset to 2026-01-20 00:00:00+00:00, run_after=2026-01-21 00:00:00+00:00
[2026-01-21T08:40:21.185+0000] {processor.py:208} INFO - Processing /opt/airflow/dags/dataset_user_processing.py took 1.035 seconds
[2026-01-21T08:40:51.526+0000] {processor.py:186} INFO - Started process (PID=4964) to work on /opt/airflow/dags/dataset_user_processing.py
[2026-01-21T08:40:51.528+0000] {processor.py:914} INFO - Processing file /opt/airflow/dags/dataset_user_processing.py for tasks to queue
[2026-01-21T08:40:51.534+0000] {logging_mixin.py:190} INFO - [2026-01-21T08:40:51.533+0000] {dagbag.py:588} INFO - Filling up the DagBag from /opt/airflow/dags/dataset_user_processing.py
[2026-01-21T08:40:52.315+0000] {processor.py:925} INFO - DAG(s) 'user_processing_dataset' retrieved from /opt/airflow/dags/dataset_user_processing.py
[2026-01-21T08:40:52.343+0000] {logging_mixin.py:190} INFO - [2026-01-21T08:40:52.342+0000] {dag.py:3239} INFO - Sync 1 DAGs
[2026-01-21T08:40:52.371+0000] {logging_mixin.py:190} INFO - [2026-01-21T08:40:52.370+0000] {dag.py:4180} INFO - Setting next_dagrun for user_processing_dataset to 2026-01-20 00:00:00+00:00, run_after=2026-01-21 00:00:00+00:00
[2026-01-21T08:40:52.405+0000] {processor.py:208} INFO - Processing /opt/airflow/dags/dataset_user_processing.py took 0.894 seconds
[2026-01-21T08:41:22.785+0000] {processor.py:186} INFO - Started process (PID=4988) to work on /opt/airflow/dags/dataset_user_processing.py
[2026-01-21T08:41:22.787+0000] {processor.py:914} INFO - Processing file /opt/airflow/dags/dataset_user_processing.py for tasks to queue
[2026-01-21T08:41:22.790+0000] {logging_mixin.py:190} INFO - [2026-01-21T08:41:22.789+0000] {dagbag.py:588} INFO - Filling up the DagBag from /opt/airflow/dags/dataset_user_processing.py
[2026-01-21T08:41:24.339+0000] {processor.py:925} INFO - DAG(s) 'user_processing_dataset' retrieved from /opt/airflow/dags/dataset_user_processing.py
[2026-01-21T08:41:24.406+0000] {logging_mixin.py:190} INFO - [2026-01-21T08:41:24.405+0000] {dag.py:3239} INFO - Sync 1 DAGs
[2026-01-21T08:41:24.453+0000] {logging_mixin.py:190} INFO - [2026-01-21T08:41:24.453+0000] {dag.py:4180} INFO - Setting next_dagrun for user_processing_dataset to 2026-01-20 00:00:00+00:00, run_after=2026-01-21 00:00:00+00:00
[2026-01-21T08:41:24.485+0000] {processor.py:208} INFO - Processing /opt/airflow/dags/dataset_user_processing.py took 1.710 seconds
[2026-01-21T08:41:54.527+0000] {processor.py:186} INFO - Started process (PID=5012) to work on /opt/airflow/dags/dataset_user_processing.py
[2026-01-21T08:41:54.528+0000] {processor.py:914} INFO - Processing file /opt/airflow/dags/dataset_user_processing.py for tasks to queue
[2026-01-21T08:41:54.530+0000] {logging_mixin.py:190} INFO - [2026-01-21T08:41:54.530+0000] {dagbag.py:588} INFO - Filling up the DagBag from /opt/airflow/dags/dataset_user_processing.py
[2026-01-21T08:41:54.965+0000] {processor.py:925} INFO - DAG(s) 'user_processing_dataset' retrieved from /opt/airflow/dags/dataset_user_processing.py
[2026-01-21T08:41:54.985+0000] {logging_mixin.py:190} INFO - [2026-01-21T08:41:54.985+0000] {dag.py:3239} INFO - Sync 1 DAGs
[2026-01-21T08:41:55.007+0000] {logging_mixin.py:190} INFO - [2026-01-21T08:41:55.007+0000] {dag.py:4180} INFO - Setting next_dagrun for user_processing_dataset to 2026-01-20 00:00:00+00:00, run_after=2026-01-21 00:00:00+00:00
[2026-01-21T08:41:55.027+0000] {processor.py:208} INFO - Processing /opt/airflow/dags/dataset_user_processing.py took 0.507 seconds
[2026-01-21T08:42:25.513+0000] {processor.py:186} INFO - Started process (PID=5036) to work on /opt/airflow/dags/dataset_user_processing.py
[2026-01-21T08:42:25.515+0000] {processor.py:914} INFO - Processing file /opt/airflow/dags/dataset_user_processing.py for tasks to queue
[2026-01-21T08:42:25.522+0000] {logging_mixin.py:190} INFO - [2026-01-21T08:42:25.521+0000] {dagbag.py:588} INFO - Filling up the DagBag from /opt/airflow/dags/dataset_user_processing.py
[2026-01-21T08:42:26.071+0000] {processor.py:925} INFO - DAG(s) 'user_processing_dataset' retrieved from /opt/airflow/dags/dataset_user_processing.py
[2026-01-21T08:42:26.094+0000] {logging_mixin.py:190} INFO - [2026-01-21T08:42:26.094+0000] {dag.py:3239} INFO - Sync 1 DAGs
[2026-01-21T08:42:26.115+0000] {logging_mixin.py:190} INFO - [2026-01-21T08:42:26.115+0000] {dag.py:4180} INFO - Setting next_dagrun for user_processing_dataset to 2026-01-20 00:00:00+00:00, run_after=2026-01-21 00:00:00+00:00
[2026-01-21T08:42:26.134+0000] {processor.py:208} INFO - Processing /opt/airflow/dags/dataset_user_processing.py took 0.633 seconds
[2026-01-21T08:42:56.477+0000] {processor.py:186} INFO - Started process (PID=5060) to work on /opt/airflow/dags/dataset_user_processing.py
[2026-01-21T08:42:56.479+0000] {processor.py:914} INFO - Processing file /opt/airflow/dags/dataset_user_processing.py for tasks to queue
[2026-01-21T08:42:56.481+0000] {logging_mixin.py:190} INFO - [2026-01-21T08:42:56.481+0000] {dagbag.py:588} INFO - Filling up the DagBag from /opt/airflow/dags/dataset_user_processing.py
[2026-01-21T08:42:56.910+0000] {processor.py:925} INFO - DAG(s) 'user_processing_dataset' retrieved from /opt/airflow/dags/dataset_user_processing.py
[2026-01-21T08:42:56.927+0000] {logging_mixin.py:190} INFO - [2026-01-21T08:42:56.927+0000] {dag.py:3239} INFO - Sync 1 DAGs
[2026-01-21T08:42:56.944+0000] {logging_mixin.py:190} INFO - [2026-01-21T08:42:56.944+0000] {dag.py:4180} INFO - Setting next_dagrun for user_processing_dataset to 2026-01-20 00:00:00+00:00, run_after=2026-01-21 00:00:00+00:00
[2026-01-21T08:42:56.968+0000] {processor.py:208} INFO - Processing /opt/airflow/dags/dataset_user_processing.py took 0.500 seconds
[2026-01-21T08:43:27.571+0000] {processor.py:186} INFO - Started process (PID=5084) to work on /opt/airflow/dags/dataset_user_processing.py
[2026-01-21T08:43:27.573+0000] {processor.py:914} INFO - Processing file /opt/airflow/dags/dataset_user_processing.py for tasks to queue
[2026-01-21T08:43:27.577+0000] {logging_mixin.py:190} INFO - [2026-01-21T08:43:27.576+0000] {dagbag.py:588} INFO - Filling up the DagBag from /opt/airflow/dags/dataset_user_processing.py
[2026-01-21T08:43:28.054+0000] {processor.py:925} INFO - DAG(s) 'user_processing_dataset' retrieved from /opt/airflow/dags/dataset_user_processing.py
[2026-01-21T08:43:28.071+0000] {logging_mixin.py:190} INFO - [2026-01-21T08:43:28.070+0000] {dag.py:3239} INFO - Sync 1 DAGs
[2026-01-21T08:43:28.088+0000] {logging_mixin.py:190} INFO - [2026-01-21T08:43:28.088+0000] {dag.py:4180} INFO - Setting next_dagrun for user_processing_dataset to 2026-01-20 00:00:00+00:00, run_after=2026-01-21 00:00:00+00:00
[2026-01-21T08:43:28.103+0000] {processor.py:208} INFO - Processing /opt/airflow/dags/dataset_user_processing.py took 0.543 seconds
[2026-01-21T08:43:58.519+0000] {processor.py:186} INFO - Started process (PID=5108) to work on /opt/airflow/dags/dataset_user_processing.py
[2026-01-21T08:43:58.521+0000] {processor.py:914} INFO - Processing file /opt/airflow/dags/dataset_user_processing.py for tasks to queue
[2026-01-21T08:43:58.523+0000] {logging_mixin.py:190} INFO - [2026-01-21T08:43:58.523+0000] {dagbag.py:588} INFO - Filling up the DagBag from /opt/airflow/dags/dataset_user_processing.py
[2026-01-21T08:43:58.955+0000] {processor.py:925} INFO - DAG(s) 'user_processing_dataset' retrieved from /opt/airflow/dags/dataset_user_processing.py
[2026-01-21T08:43:58.972+0000] {logging_mixin.py:190} INFO - [2026-01-21T08:43:58.972+0000] {dag.py:3239} INFO - Sync 1 DAGs
[2026-01-21T08:43:58.992+0000] {logging_mixin.py:190} INFO - [2026-01-21T08:43:58.992+0000] {dag.py:4180} INFO - Setting next_dagrun for user_processing_dataset to 2026-01-20 00:00:00+00:00, run_after=2026-01-21 00:00:00+00:00
[2026-01-21T08:43:59.010+0000] {processor.py:208} INFO - Processing /opt/airflow/dags/dataset_user_processing.py took 0.497 seconds
[2026-01-21T08:44:29.055+0000] {processor.py:186} INFO - Started process (PID=5132) to work on /opt/airflow/dags/dataset_user_processing.py
[2026-01-21T08:44:29.057+0000] {processor.py:914} INFO - Processing file /opt/airflow/dags/dataset_user_processing.py for tasks to queue
[2026-01-21T08:44:29.060+0000] {logging_mixin.py:190} INFO - [2026-01-21T08:44:29.060+0000] {dagbag.py:588} INFO - Filling up the DagBag from /opt/airflow/dags/dataset_user_processing.py
[2026-01-21T08:44:29.738+0000] {processor.py:925} INFO - DAG(s) 'user_processing_dataset' retrieved from /opt/airflow/dags/dataset_user_processing.py
[2026-01-21T08:44:29.760+0000] {logging_mixin.py:190} INFO - [2026-01-21T08:44:29.760+0000] {dag.py:3239} INFO - Sync 1 DAGs
[2026-01-21T08:44:29.782+0000] {logging_mixin.py:190} INFO - [2026-01-21T08:44:29.782+0000] {dag.py:4180} INFO - Setting next_dagrun for user_processing_dataset to 2026-01-20 00:00:00+00:00, run_after=2026-01-21 00:00:00+00:00
[2026-01-21T08:44:29.814+0000] {processor.py:208} INFO - Processing /opt/airflow/dags/dataset_user_processing.py took 0.767 seconds
[2026-01-21T08:45:00.081+0000] {processor.py:186} INFO - Started process (PID=5156) to work on /opt/airflow/dags/dataset_user_processing.py
[2026-01-21T08:45:00.082+0000] {processor.py:914} INFO - Processing file /opt/airflow/dags/dataset_user_processing.py for tasks to queue
[2026-01-21T08:45:00.088+0000] {logging_mixin.py:190} INFO - [2026-01-21T08:45:00.086+0000] {dagbag.py:588} INFO - Filling up the DagBag from /opt/airflow/dags/dataset_user_processing.py
[2026-01-21T08:45:01.044+0000] {processor.py:925} INFO - DAG(s) 'user_processing_dataset' retrieved from /opt/airflow/dags/dataset_user_processing.py
[2026-01-21T08:45:01.077+0000] {logging_mixin.py:190} INFO - [2026-01-21T08:45:01.076+0000] {dag.py:3239} INFO - Sync 1 DAGs
[2026-01-21T08:45:01.120+0000] {logging_mixin.py:190} INFO - [2026-01-21T08:45:01.118+0000] {dag.py:4180} INFO - Setting next_dagrun for user_processing_dataset to 2026-01-20 00:00:00+00:00, run_after=2026-01-21 00:00:00+00:00
[2026-01-21T08:45:01.154+0000] {processor.py:208} INFO - Processing /opt/airflow/dags/dataset_user_processing.py took 1.090 seconds
[2026-01-21T08:45:31.636+0000] {processor.py:186} INFO - Started process (PID=5187) to work on /opt/airflow/dags/dataset_user_processing.py
[2026-01-21T08:45:31.638+0000] {processor.py:914} INFO - Processing file /opt/airflow/dags/dataset_user_processing.py for tasks to queue
[2026-01-21T08:45:31.642+0000] {logging_mixin.py:190} INFO - [2026-01-21T08:45:31.641+0000] {dagbag.py:588} INFO - Filling up the DagBag from /opt/airflow/dags/dataset_user_processing.py
[2026-01-21T08:45:32.294+0000] {processor.py:925} INFO - DAG(s) 'user_processing_dataset' retrieved from /opt/airflow/dags/dataset_user_processing.py
[2026-01-21T08:45:32.316+0000] {logging_mixin.py:190} INFO - [2026-01-21T08:45:32.316+0000] {dag.py:3239} INFO - Sync 1 DAGs
[2026-01-21T08:45:32.343+0000] {logging_mixin.py:190} INFO - [2026-01-21T08:45:32.343+0000] {dag.py:4180} INFO - Setting next_dagrun for user_processing_dataset to 2026-01-20 00:00:00+00:00, run_after=2026-01-21 00:00:00+00:00
[2026-01-21T08:45:32.366+0000] {processor.py:208} INFO - Processing /opt/airflow/dags/dataset_user_processing.py took 0.741 seconds
[2026-01-21T08:46:02.546+0000] {processor.py:186} INFO - Started process (PID=5210) to work on /opt/airflow/dags/dataset_user_processing.py
[2026-01-21T08:46:02.547+0000] {processor.py:914} INFO - Processing file /opt/airflow/dags/dataset_user_processing.py for tasks to queue
[2026-01-21T08:46:02.549+0000] {logging_mixin.py:190} INFO - [2026-01-21T08:46:02.549+0000] {dagbag.py:588} INFO - Filling up the DagBag from /opt/airflow/dags/dataset_user_processing.py
[2026-01-21T08:46:03.068+0000] {processor.py:925} INFO - DAG(s) 'user_processing_dataset' retrieved from /opt/airflow/dags/dataset_user_processing.py
[2026-01-21T08:46:03.089+0000] {logging_mixin.py:190} INFO - [2026-01-21T08:46:03.088+0000] {dag.py:3239} INFO - Sync 1 DAGs
[2026-01-21T08:46:03.112+0000] {logging_mixin.py:190} INFO - [2026-01-21T08:46:03.112+0000] {dag.py:4180} INFO - Setting next_dagrun for user_processing_dataset to 2026-01-20 00:00:00+00:00, run_after=2026-01-21 00:00:00+00:00
[2026-01-21T08:46:03.142+0000] {processor.py:208} INFO - Processing /opt/airflow/dags/dataset_user_processing.py took 0.602 seconds
[2026-01-21T08:46:33.449+0000] {processor.py:186} INFO - Started process (PID=5234) to work on /opt/airflow/dags/dataset_user_processing.py
[2026-01-21T08:46:33.453+0000] {processor.py:914} INFO - Processing file /opt/airflow/dags/dataset_user_processing.py for tasks to queue
[2026-01-21T08:46:33.458+0000] {logging_mixin.py:190} INFO - [2026-01-21T08:46:33.457+0000] {dagbag.py:588} INFO - Filling up the DagBag from /opt/airflow/dags/dataset_user_processing.py
[2026-01-21T08:46:34.160+0000] {processor.py:925} INFO - DAG(s) 'user_processing_dataset' retrieved from /opt/airflow/dags/dataset_user_processing.py
[2026-01-21T08:46:34.182+0000] {logging_mixin.py:190} INFO - [2026-01-21T08:46:34.182+0000] {dag.py:3239} INFO - Sync 1 DAGs
[2026-01-21T08:46:34.204+0000] {logging_mixin.py:190} INFO - [2026-01-21T08:46:34.204+0000] {dag.py:4180} INFO - Setting next_dagrun for user_processing_dataset to 2026-01-20 00:00:00+00:00, run_after=2026-01-21 00:00:00+00:00
[2026-01-21T08:46:34.227+0000] {processor.py:208} INFO - Processing /opt/airflow/dags/dataset_user_processing.py took 0.790 seconds
[2026-01-21T08:47:04.485+0000] {processor.py:186} INFO - Started process (PID=5258) to work on /opt/airflow/dags/dataset_user_processing.py
[2026-01-21T08:47:04.486+0000] {processor.py:914} INFO - Processing file /opt/airflow/dags/dataset_user_processing.py for tasks to queue
[2026-01-21T08:47:04.489+0000] {logging_mixin.py:190} INFO - [2026-01-21T08:47:04.489+0000] {dagbag.py:588} INFO - Filling up the DagBag from /opt/airflow/dags/dataset_user_processing.py
[2026-01-21T08:47:05.168+0000] {processor.py:925} INFO - DAG(s) 'user_processing_dataset' retrieved from /opt/airflow/dags/dataset_user_processing.py
[2026-01-21T08:47:05.185+0000] {logging_mixin.py:190} INFO - [2026-01-21T08:47:05.184+0000] {dag.py:3239} INFO - Sync 1 DAGs
[2026-01-21T08:47:05.203+0000] {logging_mixin.py:190} INFO - [2026-01-21T08:47:05.203+0000] {dag.py:4180} INFO - Setting next_dagrun for user_processing_dataset to 2026-01-20 00:00:00+00:00, run_after=2026-01-21 00:00:00+00:00
[2026-01-21T08:47:05.222+0000] {processor.py:208} INFO - Processing /opt/airflow/dags/dataset_user_processing.py took 0.743 seconds
[2026-01-21T08:47:36.481+0000] {processor.py:186} INFO - Started process (PID=5282) to work on /opt/airflow/dags/dataset_user_processing.py
[2026-01-21T08:47:36.482+0000] {processor.py:914} INFO - Processing file /opt/airflow/dags/dataset_user_processing.py for tasks to queue
[2026-01-21T08:47:36.486+0000] {logging_mixin.py:190} INFO - [2026-01-21T08:47:36.485+0000] {dagbag.py:588} INFO - Filling up the DagBag from /opt/airflow/dags/dataset_user_processing.py
[2026-01-21T08:47:37.062+0000] {processor.py:925} INFO - DAG(s) 'user_processing_dataset' retrieved from /opt/airflow/dags/dataset_user_processing.py
[2026-01-21T08:47:37.087+0000] {logging_mixin.py:190} INFO - [2026-01-21T08:47:37.087+0000] {dag.py:3239} INFO - Sync 1 DAGs
[2026-01-21T08:47:37.115+0000] {logging_mixin.py:190} INFO - [2026-01-21T08:47:37.114+0000] {dag.py:4180} INFO - Setting next_dagrun for user_processing_dataset to 2026-01-20 00:00:00+00:00, run_after=2026-01-21 00:00:00+00:00
[2026-01-21T08:47:37.147+0000] {processor.py:208} INFO - Processing /opt/airflow/dags/dataset_user_processing.py took 0.682 seconds
[2026-01-21T08:48:07.648+0000] {processor.py:186} INFO - Started process (PID=5306) to work on /opt/airflow/dags/dataset_user_processing.py
[2026-01-21T08:48:07.650+0000] {processor.py:914} INFO - Processing file /opt/airflow/dags/dataset_user_processing.py for tasks to queue
[2026-01-21T08:48:07.654+0000] {logging_mixin.py:190} INFO - [2026-01-21T08:48:07.654+0000] {dagbag.py:588} INFO - Filling up the DagBag from /opt/airflow/dags/dataset_user_processing.py
[2026-01-21T08:48:08.588+0000] {processor.py:925} INFO - DAG(s) 'user_processing_dataset' retrieved from /opt/airflow/dags/dataset_user_processing.py
[2026-01-21T08:48:08.617+0000] {logging_mixin.py:190} INFO - [2026-01-21T08:48:08.616+0000] {dag.py:3239} INFO - Sync 1 DAGs
[2026-01-21T08:48:08.714+0000] {logging_mixin.py:190} INFO - [2026-01-21T08:48:08.713+0000] {dag.py:4180} INFO - Setting next_dagrun for user_processing_dataset to 2026-01-20 00:00:00+00:00, run_after=2026-01-21 00:00:00+00:00
[2026-01-21T08:48:08.785+0000] {processor.py:208} INFO - Processing /opt/airflow/dags/dataset_user_processing.py took 1.153 seconds
[2026-01-21T08:48:39.307+0000] {processor.py:186} INFO - Started process (PID=5330) to work on /opt/airflow/dags/dataset_user_processing.py
[2026-01-21T08:48:39.309+0000] {processor.py:914} INFO - Processing file /opt/airflow/dags/dataset_user_processing.py for tasks to queue
[2026-01-21T08:48:39.312+0000] {logging_mixin.py:190} INFO - [2026-01-21T08:48:39.312+0000] {dagbag.py:588} INFO - Filling up the DagBag from /opt/airflow/dags/dataset_user_processing.py
[2026-01-21T08:48:39.928+0000] {processor.py:925} INFO - DAG(s) 'user_processing_dataset' retrieved from /opt/airflow/dags/dataset_user_processing.py
[2026-01-21T08:48:39.952+0000] {logging_mixin.py:190} INFO - [2026-01-21T08:48:39.951+0000] {dag.py:3239} INFO - Sync 1 DAGs
[2026-01-21T08:48:39.977+0000] {logging_mixin.py:190} INFO - [2026-01-21T08:48:39.977+0000] {dag.py:4180} INFO - Setting next_dagrun for user_processing_dataset to 2026-01-20 00:00:00+00:00, run_after=2026-01-21 00:00:00+00:00
[2026-01-21T08:48:40.012+0000] {processor.py:208} INFO - Processing /opt/airflow/dags/dataset_user_processing.py took 0.714 seconds
[2026-01-21T08:49:10.189+0000] {processor.py:186} INFO - Started process (PID=5355) to work on /opt/airflow/dags/dataset_user_processing.py
[2026-01-21T08:49:10.190+0000] {processor.py:914} INFO - Processing file /opt/airflow/dags/dataset_user_processing.py for tasks to queue
[2026-01-21T08:49:10.192+0000] {logging_mixin.py:190} INFO - [2026-01-21T08:49:10.192+0000] {dagbag.py:588} INFO - Filling up the DagBag from /opt/airflow/dags/dataset_user_processing.py
[2026-01-21T08:49:10.643+0000] {processor.py:925} INFO - DAG(s) 'user_processing_dataset' retrieved from /opt/airflow/dags/dataset_user_processing.py
[2026-01-21T08:49:10.661+0000] {logging_mixin.py:190} INFO - [2026-01-21T08:49:10.661+0000] {dag.py:3239} INFO - Sync 1 DAGs
[2026-01-21T08:49:10.679+0000] {logging_mixin.py:190} INFO - [2026-01-21T08:49:10.679+0000] {dag.py:4180} INFO - Setting next_dagrun for user_processing_dataset to 2026-01-20 00:00:00+00:00, run_after=2026-01-21 00:00:00+00:00
[2026-01-21T08:49:10.695+0000] {processor.py:208} INFO - Processing /opt/airflow/dags/dataset_user_processing.py took 0.514 seconds
[2026-01-21T08:49:41.150+0000] {processor.py:186} INFO - Started process (PID=5379) to work on /opt/airflow/dags/dataset_user_processing.py
[2026-01-21T08:49:41.151+0000] {processor.py:914} INFO - Processing file /opt/airflow/dags/dataset_user_processing.py for tasks to queue
[2026-01-21T08:49:41.154+0000] {logging_mixin.py:190} INFO - [2026-01-21T08:49:41.154+0000] {dagbag.py:588} INFO - Filling up the DagBag from /opt/airflow/dags/dataset_user_processing.py
[2026-01-21T08:49:41.576+0000] {processor.py:925} INFO - DAG(s) 'user_processing_dataset' retrieved from /opt/airflow/dags/dataset_user_processing.py
[2026-01-21T08:49:41.595+0000] {logging_mixin.py:190} INFO - [2026-01-21T08:49:41.595+0000] {dag.py:3239} INFO - Sync 1 DAGs
[2026-01-21T08:49:41.617+0000] {logging_mixin.py:190} INFO - [2026-01-21T08:49:41.617+0000] {dag.py:4180} INFO - Setting next_dagrun for user_processing_dataset to 2026-01-20 00:00:00+00:00, run_after=2026-01-21 00:00:00+00:00
[2026-01-21T08:49:41.650+0000] {processor.py:208} INFO - Processing /opt/airflow/dags/dataset_user_processing.py took 0.512 seconds
[2026-01-21T08:50:11.926+0000] {processor.py:186} INFO - Started process (PID=5403) to work on /opt/airflow/dags/dataset_user_processing.py
[2026-01-21T08:50:11.927+0000] {processor.py:914} INFO - Processing file /opt/airflow/dags/dataset_user_processing.py for tasks to queue
[2026-01-21T08:50:11.929+0000] {logging_mixin.py:190} INFO - [2026-01-21T08:50:11.929+0000] {dagbag.py:588} INFO - Filling up the DagBag from /opt/airflow/dags/dataset_user_processing.py
[2026-01-21T08:50:12.419+0000] {processor.py:925} INFO - DAG(s) 'user_processing_dataset' retrieved from /opt/airflow/dags/dataset_user_processing.py
[2026-01-21T08:50:12.437+0000] {logging_mixin.py:190} INFO - [2026-01-21T08:50:12.436+0000] {dag.py:3239} INFO - Sync 1 DAGs
[2026-01-21T08:50:12.456+0000] {logging_mixin.py:190} INFO - [2026-01-21T08:50:12.455+0000] {dag.py:4180} INFO - Setting next_dagrun for user_processing_dataset to 2026-01-20 00:00:00+00:00, run_after=2026-01-21 00:00:00+00:00
[2026-01-21T08:50:12.474+0000] {processor.py:208} INFO - Processing /opt/airflow/dags/dataset_user_processing.py took 0.555 seconds
[2026-01-21T08:50:43.544+0000] {processor.py:186} INFO - Started process (PID=5427) to work on /opt/airflow/dags/dataset_user_processing.py
[2026-01-21T08:50:43.545+0000] {processor.py:914} INFO - Processing file /opt/airflow/dags/dataset_user_processing.py for tasks to queue
[2026-01-21T08:50:43.549+0000] {logging_mixin.py:190} INFO - [2026-01-21T08:50:43.548+0000] {dagbag.py:588} INFO - Filling up the DagBag from /opt/airflow/dags/dataset_user_processing.py
[2026-01-21T08:50:44.137+0000] {processor.py:925} INFO - DAG(s) 'user_processing_dataset' retrieved from /opt/airflow/dags/dataset_user_processing.py
[2026-01-21T08:50:44.164+0000] {logging_mixin.py:190} INFO - [2026-01-21T08:50:44.163+0000] {dag.py:3239} INFO - Sync 1 DAGs
[2026-01-21T08:50:44.189+0000] {logging_mixin.py:190} INFO - [2026-01-21T08:50:44.189+0000] {dag.py:4180} INFO - Setting next_dagrun for user_processing_dataset to 2026-01-20 00:00:00+00:00, run_after=2026-01-21 00:00:00+00:00
[2026-01-21T08:50:44.214+0000] {processor.py:208} INFO - Processing /opt/airflow/dags/dataset_user_processing.py took 0.678 seconds
[2026-01-21T08:51:14.661+0000] {processor.py:186} INFO - Started process (PID=5451) to work on /opt/airflow/dags/dataset_user_processing.py
[2026-01-21T08:51:14.675+0000] {processor.py:914} INFO - Processing file /opt/airflow/dags/dataset_user_processing.py for tasks to queue
[2026-01-21T08:51:14.687+0000] {logging_mixin.py:190} INFO - [2026-01-21T08:51:14.684+0000] {dagbag.py:588} INFO - Filling up the DagBag from /opt/airflow/dags/dataset_user_processing.py
[2026-01-21T08:51:15.610+0000] {processor.py:925} INFO - DAG(s) 'user_processing_dataset' retrieved from /opt/airflow/dags/dataset_user_processing.py
[2026-01-21T08:51:15.671+0000] {logging_mixin.py:190} INFO - [2026-01-21T08:51:15.670+0000] {dag.py:3239} INFO - Sync 1 DAGs
[2026-01-21T08:51:15.742+0000] {logging_mixin.py:190} INFO - [2026-01-21T08:51:15.741+0000] {dag.py:4180} INFO - Setting next_dagrun for user_processing_dataset to 2026-01-20 00:00:00+00:00, run_after=2026-01-21 00:00:00+00:00
[2026-01-21T08:51:15.798+0000] {processor.py:208} INFO - Processing /opt/airflow/dags/dataset_user_processing.py took 1.153 seconds
[2026-01-21T08:51:46.637+0000] {processor.py:186} INFO - Started process (PID=5475) to work on /opt/airflow/dags/dataset_user_processing.py
[2026-01-21T08:51:46.643+0000] {processor.py:914} INFO - Processing file /opt/airflow/dags/dataset_user_processing.py for tasks to queue
[2026-01-21T08:51:46.651+0000] {logging_mixin.py:190} INFO - [2026-01-21T08:51:46.651+0000] {dagbag.py:588} INFO - Filling up the DagBag from /opt/airflow/dags/dataset_user_processing.py
[2026-01-21T08:51:47.536+0000] {processor.py:925} INFO - DAG(s) 'user_processing_dataset' retrieved from /opt/airflow/dags/dataset_user_processing.py
[2026-01-21T08:51:47.586+0000] {logging_mixin.py:190} INFO - [2026-01-21T08:51:47.585+0000] {dag.py:3239} INFO - Sync 1 DAGs
[2026-01-21T08:51:47.638+0000] {logging_mixin.py:190} INFO - [2026-01-21T08:51:47.638+0000] {dag.py:4180} INFO - Setting next_dagrun for user_processing_dataset to 2026-01-20 00:00:00+00:00, run_after=2026-01-21 00:00:00+00:00
[2026-01-21T08:51:47.697+0000] {processor.py:208} INFO - Processing /opt/airflow/dags/dataset_user_processing.py took 1.143 seconds
[2026-01-21T08:52:18.146+0000] {processor.py:186} INFO - Started process (PID=5499) to work on /opt/airflow/dags/dataset_user_processing.py
[2026-01-21T08:52:18.147+0000] {processor.py:914} INFO - Processing file /opt/airflow/dags/dataset_user_processing.py for tasks to queue
[2026-01-21T08:52:18.150+0000] {logging_mixin.py:190} INFO - [2026-01-21T08:52:18.150+0000] {dagbag.py:588} INFO - Filling up the DagBag from /opt/airflow/dags/dataset_user_processing.py
[2026-01-21T08:52:18.456+0000] {processor.py:925} INFO - DAG(s) 'user_processing_dataset' retrieved from /opt/airflow/dags/dataset_user_processing.py
[2026-01-21T08:52:18.477+0000] {logging_mixin.py:190} INFO - [2026-01-21T08:52:18.476+0000] {dag.py:3239} INFO - Sync 1 DAGs
[2026-01-21T08:52:18.498+0000] {logging_mixin.py:190} INFO - [2026-01-21T08:52:18.498+0000] {dag.py:4180} INFO - Setting next_dagrun for user_processing_dataset to 2026-01-20 00:00:00+00:00, run_after=2026-01-21 00:00:00+00:00
[2026-01-21T08:52:18.547+0000] {processor.py:208} INFO - Processing /opt/airflow/dags/dataset_user_processing.py took 0.409 seconds
[2026-01-21T08:52:48.965+0000] {processor.py:186} INFO - Started process (PID=5523) to work on /opt/airflow/dags/dataset_user_processing.py
[2026-01-21T08:52:48.967+0000] {processor.py:914} INFO - Processing file /opt/airflow/dags/dataset_user_processing.py for tasks to queue
[2026-01-21T08:52:48.972+0000] {logging_mixin.py:190} INFO - [2026-01-21T08:52:48.972+0000] {dagbag.py:588} INFO - Filling up the DagBag from /opt/airflow/dags/dataset_user_processing.py
[2026-01-21T08:52:49.309+0000] {processor.py:925} INFO - DAG(s) 'user_processing_dataset' retrieved from /opt/airflow/dags/dataset_user_processing.py
[2026-01-21T08:52:49.368+0000] {logging_mixin.py:190} INFO - [2026-01-21T08:52:49.367+0000] {dag.py:3239} INFO - Sync 1 DAGs
[2026-01-21T08:52:49.400+0000] {logging_mixin.py:190} INFO - [2026-01-21T08:52:49.399+0000] {dag.py:4180} INFO - Setting next_dagrun for user_processing_dataset to 2026-01-20 00:00:00+00:00, run_after=2026-01-21 00:00:00+00:00
[2026-01-21T08:52:49.426+0000] {processor.py:208} INFO - Processing /opt/airflow/dags/dataset_user_processing.py took 0.471 seconds
[2026-01-21T08:53:19.565+0000] {processor.py:186} INFO - Started process (PID=5548) to work on /opt/airflow/dags/dataset_user_processing.py
[2026-01-21T08:53:19.567+0000] {processor.py:914} INFO - Processing file /opt/airflow/dags/dataset_user_processing.py for tasks to queue
[2026-01-21T08:53:19.570+0000] {logging_mixin.py:190} INFO - [2026-01-21T08:53:19.570+0000] {dagbag.py:588} INFO - Filling up the DagBag from /opt/airflow/dags/dataset_user_processing.py
[2026-01-21T08:53:19.865+0000] {processor.py:925} INFO - DAG(s) 'user_processing_dataset' retrieved from /opt/airflow/dags/dataset_user_processing.py
[2026-01-21T08:53:19.886+0000] {logging_mixin.py:190} INFO - [2026-01-21T08:53:19.886+0000] {dag.py:3239} INFO - Sync 1 DAGs
[2026-01-21T08:53:19.908+0000] {logging_mixin.py:190} INFO - [2026-01-21T08:53:19.907+0000] {dag.py:4180} INFO - Setting next_dagrun for user_processing_dataset to 2026-01-20 00:00:00+00:00, run_after=2026-01-21 00:00:00+00:00
[2026-01-21T08:53:19.967+0000] {processor.py:208} INFO - Processing /opt/airflow/dags/dataset_user_processing.py took 0.410 seconds
[2026-01-21T08:53:50.620+0000] {processor.py:186} INFO - Started process (PID=5572) to work on /opt/airflow/dags/dataset_user_processing.py
[2026-01-21T08:53:50.621+0000] {processor.py:914} INFO - Processing file /opt/airflow/dags/dataset_user_processing.py for tasks to queue
[2026-01-21T08:53:50.625+0000] {logging_mixin.py:190} INFO - [2026-01-21T08:53:50.624+0000] {dagbag.py:588} INFO - Filling up the DagBag from /opt/airflow/dags/dataset_user_processing.py
[2026-01-21T08:53:51.192+0000] {processor.py:925} INFO - DAG(s) 'user_processing_dataset' retrieved from /opt/airflow/dags/dataset_user_processing.py
[2026-01-21T08:53:51.240+0000] {logging_mixin.py:190} INFO - [2026-01-21T08:53:51.239+0000] {dag.py:3239} INFO - Sync 1 DAGs
[2026-01-21T08:53:51.290+0000] {logging_mixin.py:190} INFO - [2026-01-21T08:53:51.290+0000] {dag.py:4180} INFO - Setting next_dagrun for user_processing_dataset to 2026-01-20 00:00:00+00:00, run_after=2026-01-21 00:00:00+00:00
[2026-01-21T08:53:51.329+0000] {processor.py:208} INFO - Processing /opt/airflow/dags/dataset_user_processing.py took 0.720 seconds
[2026-01-21T08:54:21.724+0000] {processor.py:186} INFO - Started process (PID=5595) to work on /opt/airflow/dags/dataset_user_processing.py
[2026-01-21T08:54:21.726+0000] {processor.py:914} INFO - Processing file /opt/airflow/dags/dataset_user_processing.py for tasks to queue
[2026-01-21T08:54:21.729+0000] {logging_mixin.py:190} INFO - [2026-01-21T08:54:21.728+0000] {dagbag.py:588} INFO - Filling up the DagBag from /opt/airflow/dags/dataset_user_processing.py
[2026-01-21T08:54:21.988+0000] {processor.py:925} INFO - DAG(s) 'user_processing_dataset' retrieved from /opt/airflow/dags/dataset_user_processing.py
[2026-01-21T08:54:22.016+0000] {logging_mixin.py:190} INFO - [2026-01-21T08:54:22.016+0000] {dag.py:3239} INFO - Sync 1 DAGs
[2026-01-21T08:54:22.040+0000] {logging_mixin.py:190} INFO - [2026-01-21T08:54:22.040+0000] {dag.py:4180} INFO - Setting next_dagrun for user_processing_dataset to 2026-01-20 00:00:00+00:00, run_after=2026-01-21 00:00:00+00:00
[2026-01-21T08:54:22.066+0000] {processor.py:208} INFO - Processing /opt/airflow/dags/dataset_user_processing.py took 0.348 seconds
[2026-01-21T08:54:52.291+0000] {processor.py:186} INFO - Started process (PID=5619) to work on /opt/airflow/dags/dataset_user_processing.py
[2026-01-21T08:54:52.293+0000] {processor.py:914} INFO - Processing file /opt/airflow/dags/dataset_user_processing.py for tasks to queue
[2026-01-21T08:54:52.296+0000] {logging_mixin.py:190} INFO - [2026-01-21T08:54:52.295+0000] {dagbag.py:588} INFO - Filling up the DagBag from /opt/airflow/dags/dataset_user_processing.py
[2026-01-21T08:54:52.664+0000] {processor.py:925} INFO - DAG(s) 'user_processing_dataset' retrieved from /opt/airflow/dags/dataset_user_processing.py
[2026-01-21T08:54:52.720+0000] {logging_mixin.py:190} INFO - [2026-01-21T08:54:52.719+0000] {dag.py:3239} INFO - Sync 1 DAGs
[2026-01-21T08:54:52.798+0000] {logging_mixin.py:190} INFO - [2026-01-21T08:54:52.798+0000] {dag.py:4180} INFO - Setting next_dagrun for user_processing_dataset to 2026-01-20 00:00:00+00:00, run_after=2026-01-21 00:00:00+00:00
[2026-01-21T08:54:52.825+0000] {processor.py:208} INFO - Processing /opt/airflow/dags/dataset_user_processing.py took 0.543 seconds
[2026-01-21T08:55:23.057+0000] {processor.py:186} INFO - Started process (PID=5643) to work on /opt/airflow/dags/dataset_user_processing.py
[2026-01-21T08:55:23.058+0000] {processor.py:914} INFO - Processing file /opt/airflow/dags/dataset_user_processing.py for tasks to queue
[2026-01-21T08:55:23.060+0000] {logging_mixin.py:190} INFO - [2026-01-21T08:55:23.060+0000] {dagbag.py:588} INFO - Filling up the DagBag from /opt/airflow/dags/dataset_user_processing.py
[2026-01-21T08:55:23.301+0000] {processor.py:925} INFO - DAG(s) 'user_processing_dataset' retrieved from /opt/airflow/dags/dataset_user_processing.py
[2026-01-21T08:55:23.321+0000] {logging_mixin.py:190} INFO - [2026-01-21T08:55:23.321+0000] {dag.py:3239} INFO - Sync 1 DAGs
[2026-01-21T08:55:23.340+0000] {logging_mixin.py:190} INFO - [2026-01-21T08:55:23.340+0000] {dag.py:4180} INFO - Setting next_dagrun for user_processing_dataset to 2026-01-20 00:00:00+00:00, run_after=2026-01-21 00:00:00+00:00
[2026-01-21T08:55:23.357+0000] {processor.py:208} INFO - Processing /opt/airflow/dags/dataset_user_processing.py took 0.307 seconds
[2026-01-21T08:55:53.925+0000] {processor.py:186} INFO - Started process (PID=5667) to work on /opt/airflow/dags/dataset_user_processing.py
[2026-01-21T08:55:53.926+0000] {processor.py:914} INFO - Processing file /opt/airflow/dags/dataset_user_processing.py for tasks to queue
[2026-01-21T08:55:53.928+0000] {logging_mixin.py:190} INFO - [2026-01-21T08:55:53.928+0000] {dagbag.py:588} INFO - Filling up the DagBag from /opt/airflow/dags/dataset_user_processing.py
[2026-01-21T08:55:54.233+0000] {processor.py:925} INFO - DAG(s) 'user_processing_dataset' retrieved from /opt/airflow/dags/dataset_user_processing.py
[2026-01-21T08:55:54.256+0000] {logging_mixin.py:190} INFO - [2026-01-21T08:55:54.256+0000] {dag.py:3239} INFO - Sync 1 DAGs
[2026-01-21T08:55:54.278+0000] {logging_mixin.py:190} INFO - [2026-01-21T08:55:54.278+0000] {dag.py:4180} INFO - Setting next_dagrun for user_processing_dataset to 2026-01-20 00:00:00+00:00, run_after=2026-01-21 00:00:00+00:00
[2026-01-21T08:55:54.306+0000] {processor.py:208} INFO - Processing /opt/airflow/dags/dataset_user_processing.py took 0.388 seconds
[2026-01-21T08:56:24.925+0000] {processor.py:186} INFO - Started process (PID=5691) to work on /opt/airflow/dags/dataset_user_processing.py
[2026-01-21T08:56:24.926+0000] {processor.py:914} INFO - Processing file /opt/airflow/dags/dataset_user_processing.py for tasks to queue
[2026-01-21T08:56:24.929+0000] {logging_mixin.py:190} INFO - [2026-01-21T08:56:24.928+0000] {dagbag.py:588} INFO - Filling up the DagBag from /opt/airflow/dags/dataset_user_processing.py
[2026-01-21T08:56:25.276+0000] {processor.py:925} INFO - DAG(s) 'user_processing_dataset' retrieved from /opt/airflow/dags/dataset_user_processing.py
[2026-01-21T08:56:25.306+0000] {logging_mixin.py:190} INFO - [2026-01-21T08:56:25.306+0000] {dag.py:3239} INFO - Sync 1 DAGs
[2026-01-21T08:56:25.339+0000] {logging_mixin.py:190} INFO - [2026-01-21T08:56:25.339+0000] {dag.py:4180} INFO - Setting next_dagrun for user_processing_dataset to 2026-01-20 00:00:00+00:00, run_after=2026-01-21 00:00:00+00:00
[2026-01-21T08:56:25.364+0000] {processor.py:208} INFO - Processing /opt/airflow/dags/dataset_user_processing.py took 0.446 seconds
[2026-01-21T08:56:56.202+0000] {processor.py:186} INFO - Started process (PID=5715) to work on /opt/airflow/dags/dataset_user_processing.py
[2026-01-21T08:56:56.204+0000] {processor.py:914} INFO - Processing file /opt/airflow/dags/dataset_user_processing.py for tasks to queue
[2026-01-21T08:56:56.211+0000] {logging_mixin.py:190} INFO - [2026-01-21T08:56:56.210+0000] {dagbag.py:588} INFO - Filling up the DagBag from /opt/airflow/dags/dataset_user_processing.py
[2026-01-21T08:56:56.742+0000] {processor.py:925} INFO - DAG(s) 'user_processing_dataset' retrieved from /opt/airflow/dags/dataset_user_processing.py
[2026-01-21T08:56:56.772+0000] {logging_mixin.py:190} INFO - [2026-01-21T08:56:56.771+0000] {dag.py:3239} INFO - Sync 1 DAGs
[2026-01-21T08:56:56.812+0000] {logging_mixin.py:190} INFO - [2026-01-21T08:56:56.811+0000] {dag.py:4180} INFO - Setting next_dagrun for user_processing_dataset to 2026-01-20 00:00:00+00:00, run_after=2026-01-21 00:00:00+00:00
[2026-01-21T08:56:56.848+0000] {processor.py:208} INFO - Processing /opt/airflow/dags/dataset_user_processing.py took 0.657 seconds
[2026-01-21T08:57:26.974+0000] {processor.py:186} INFO - Started process (PID=5739) to work on /opt/airflow/dags/dataset_user_processing.py
[2026-01-21T08:57:26.977+0000] {processor.py:914} INFO - Processing file /opt/airflow/dags/dataset_user_processing.py for tasks to queue
[2026-01-21T08:57:26.979+0000] {logging_mixin.py:190} INFO - [2026-01-21T08:57:26.979+0000] {dagbag.py:588} INFO - Filling up the DagBag from /opt/airflow/dags/dataset_user_processing.py
[2026-01-21T08:57:27.231+0000] {processor.py:925} INFO - DAG(s) 'user_processing_dataset' retrieved from /opt/airflow/dags/dataset_user_processing.py
[2026-01-21T08:57:27.252+0000] {logging_mixin.py:190} INFO - [2026-01-21T08:57:27.252+0000] {dag.py:3239} INFO - Sync 1 DAGs
[2026-01-21T08:57:27.272+0000] {logging_mixin.py:190} INFO - [2026-01-21T08:57:27.272+0000] {dag.py:4180} INFO - Setting next_dagrun for user_processing_dataset to 2026-01-20 00:00:00+00:00, run_after=2026-01-21 00:00:00+00:00
[2026-01-21T08:57:27.291+0000] {processor.py:208} INFO - Processing /opt/airflow/dags/dataset_user_processing.py took 0.328 seconds
[2026-01-21T08:57:57.549+0000] {processor.py:186} INFO - Started process (PID=5763) to work on /opt/airflow/dags/dataset_user_processing.py
[2026-01-21T08:57:57.550+0000] {processor.py:914} INFO - Processing file /opt/airflow/dags/dataset_user_processing.py for tasks to queue
[2026-01-21T08:57:57.553+0000] {logging_mixin.py:190} INFO - [2026-01-21T08:57:57.553+0000] {dagbag.py:588} INFO - Filling up the DagBag from /opt/airflow/dags/dataset_user_processing.py
[2026-01-21T08:57:57.820+0000] {processor.py:925} INFO - DAG(s) 'user_processing_dataset' retrieved from /opt/airflow/dags/dataset_user_processing.py
[2026-01-21T08:57:57.840+0000] {logging_mixin.py:190} INFO - [2026-01-21T08:57:57.839+0000] {dag.py:3239} INFO - Sync 1 DAGs
[2026-01-21T08:57:57.860+0000] {logging_mixin.py:190} INFO - [2026-01-21T08:57:57.860+0000] {dag.py:4180} INFO - Setting next_dagrun for user_processing_dataset to 2026-01-20 00:00:00+00:00, run_after=2026-01-21 00:00:00+00:00
[2026-01-21T08:57:57.878+0000] {processor.py:208} INFO - Processing /opt/airflow/dags/dataset_user_processing.py took 0.335 seconds
[2026-01-21T08:58:28.333+0000] {processor.py:186} INFO - Started process (PID=5785) to work on /opt/airflow/dags/dataset_user_processing.py
[2026-01-21T08:58:28.333+0000] {processor.py:914} INFO - Processing file /opt/airflow/dags/dataset_user_processing.py for tasks to queue
[2026-01-21T08:58:28.335+0000] {logging_mixin.py:190} INFO - [2026-01-21T08:58:28.335+0000] {dagbag.py:588} INFO - Filling up the DagBag from /opt/airflow/dags/dataset_user_processing.py
[2026-01-21T08:58:28.667+0000] {processor.py:925} INFO - DAG(s) 'user_processing_dataset' retrieved from /opt/airflow/dags/dataset_user_processing.py
[2026-01-21T08:58:28.690+0000] {logging_mixin.py:190} INFO - [2026-01-21T08:58:28.689+0000] {dag.py:3239} INFO - Sync 1 DAGs
[2026-01-21T08:58:28.726+0000] {logging_mixin.py:190} INFO - [2026-01-21T08:58:28.725+0000] {dag.py:4180} INFO - Setting next_dagrun for user_processing_dataset to 2026-01-20 00:00:00+00:00, run_after=2026-01-21 00:00:00+00:00
[2026-01-21T08:58:28.750+0000] {processor.py:208} INFO - Processing /opt/airflow/dags/dataset_user_processing.py took 0.423 seconds
[2026-01-21T08:58:59.449+0000] {processor.py:186} INFO - Started process (PID=5809) to work on /opt/airflow/dags/dataset_user_processing.py
[2026-01-21T08:58:59.450+0000] {processor.py:914} INFO - Processing file /opt/airflow/dags/dataset_user_processing.py for tasks to queue
[2026-01-21T08:58:59.455+0000] {logging_mixin.py:190} INFO - [2026-01-21T08:58:59.454+0000] {dagbag.py:588} INFO - Filling up the DagBag from /opt/airflow/dags/dataset_user_processing.py
[2026-01-21T08:58:59.787+0000] {processor.py:925} INFO - DAG(s) 'user_processing_dataset' retrieved from /opt/airflow/dags/dataset_user_processing.py
[2026-01-21T08:58:59.806+0000] {logging_mixin.py:190} INFO - [2026-01-21T08:58:59.806+0000] {dag.py:3239} INFO - Sync 1 DAGs
[2026-01-21T08:58:59.825+0000] {logging_mixin.py:190} INFO - [2026-01-21T08:58:59.825+0000] {dag.py:4180} INFO - Setting next_dagrun for user_processing_dataset to 2026-01-20 00:00:00+00:00, run_after=2026-01-21 00:00:00+00:00
[2026-01-21T08:58:59.860+0000] {processor.py:208} INFO - Processing /opt/airflow/dags/dataset_user_processing.py took 0.420 seconds
[2026-01-21T08:59:30.097+0000] {processor.py:186} INFO - Started process (PID=5833) to work on /opt/airflow/dags/dataset_user_processing.py
[2026-01-21T08:59:30.098+0000] {processor.py:914} INFO - Processing file /opt/airflow/dags/dataset_user_processing.py for tasks to queue
[2026-01-21T08:59:30.101+0000] {logging_mixin.py:190} INFO - [2026-01-21T08:59:30.100+0000] {dagbag.py:588} INFO - Filling up the DagBag from /opt/airflow/dags/dataset_user_processing.py
[2026-01-21T08:59:30.459+0000] {processor.py:925} INFO - DAG(s) 'user_processing_dataset' retrieved from /opt/airflow/dags/dataset_user_processing.py
[2026-01-21T08:59:30.481+0000] {logging_mixin.py:190} INFO - [2026-01-21T08:59:30.481+0000] {dag.py:3239} INFO - Sync 1 DAGs
[2026-01-21T08:59:30.506+0000] {logging_mixin.py:190} INFO - [2026-01-21T08:59:30.505+0000] {dag.py:4180} INFO - Setting next_dagrun for user_processing_dataset to 2026-01-20 00:00:00+00:00, run_after=2026-01-21 00:00:00+00:00
[2026-01-21T08:59:30.540+0000] {processor.py:208} INFO - Processing /opt/airflow/dags/dataset_user_processing.py took 0.451 seconds
[2026-01-21T09:00:01.391+0000] {processor.py:186} INFO - Started process (PID=5857) to work on /opt/airflow/dags/dataset_user_processing.py
[2026-01-21T09:00:01.392+0000] {processor.py:914} INFO - Processing file /opt/airflow/dags/dataset_user_processing.py for tasks to queue
[2026-01-21T09:00:01.394+0000] {logging_mixin.py:190} INFO - [2026-01-21T09:00:01.394+0000] {dagbag.py:588} INFO - Filling up the DagBag from /opt/airflow/dags/dataset_user_processing.py
[2026-01-21T09:00:01.743+0000] {processor.py:925} INFO - DAG(s) 'user_processing_dataset' retrieved from /opt/airflow/dags/dataset_user_processing.py
[2026-01-21T09:00:01.771+0000] {logging_mixin.py:190} INFO - [2026-01-21T09:00:01.771+0000] {dag.py:3239} INFO - Sync 1 DAGs
[2026-01-21T09:00:01.798+0000] {logging_mixin.py:190} INFO - [2026-01-21T09:00:01.798+0000] {dag.py:4180} INFO - Setting next_dagrun for user_processing_dataset to 2026-01-20 00:00:00+00:00, run_after=2026-01-21 00:00:00+00:00
[2026-01-21T09:00:01.827+0000] {processor.py:208} INFO - Processing /opt/airflow/dags/dataset_user_processing.py took 0.444 seconds
[2026-01-21T09:00:32.595+0000] {processor.py:186} INFO - Started process (PID=5880) to work on /opt/airflow/dags/dataset_user_processing.py
[2026-01-21T09:00:32.607+0000] {processor.py:914} INFO - Processing file /opt/airflow/dags/dataset_user_processing.py for tasks to queue
[2026-01-21T09:00:32.609+0000] {logging_mixin.py:190} INFO - [2026-01-21T09:00:32.609+0000] {dagbag.py:588} INFO - Filling up the DagBag from /opt/airflow/dags/dataset_user_processing.py
[2026-01-21T09:00:32.971+0000] {processor.py:925} INFO - DAG(s) 'user_processing_dataset' retrieved from /opt/airflow/dags/dataset_user_processing.py
[2026-01-21T09:00:32.999+0000] {logging_mixin.py:190} INFO - [2026-01-21T09:00:32.998+0000] {dag.py:3239} INFO - Sync 1 DAGs
[2026-01-21T09:00:33.023+0000] {logging_mixin.py:190} INFO - [2026-01-21T09:00:33.023+0000] {dag.py:4180} INFO - Setting next_dagrun for user_processing_dataset to 2026-01-20 00:00:00+00:00, run_after=2026-01-21 00:00:00+00:00
[2026-01-21T09:00:33.054+0000] {processor.py:208} INFO - Processing /opt/airflow/dags/dataset_user_processing.py took 0.468 seconds
[2026-01-21T09:01:03.835+0000] {processor.py:186} INFO - Started process (PID=5911) to work on /opt/airflow/dags/dataset_user_processing.py
[2026-01-21T09:01:03.836+0000] {processor.py:914} INFO - Processing file /opt/airflow/dags/dataset_user_processing.py for tasks to queue
[2026-01-21T09:01:03.839+0000] {logging_mixin.py:190} INFO - [2026-01-21T09:01:03.838+0000] {dagbag.py:588} INFO - Filling up the DagBag from /opt/airflow/dags/dataset_user_processing.py
[2026-01-21T09:01:04.232+0000] {processor.py:925} INFO - DAG(s) 'user_processing_dataset' retrieved from /opt/airflow/dags/dataset_user_processing.py
[2026-01-21T09:01:04.260+0000] {logging_mixin.py:190} INFO - [2026-01-21T09:01:04.260+0000] {dag.py:3239} INFO - Sync 1 DAGs
[2026-01-21T09:01:04.286+0000] {logging_mixin.py:190} INFO - [2026-01-21T09:01:04.285+0000] {dag.py:4180} INFO - Setting next_dagrun for user_processing_dataset to 2026-01-20 00:00:00+00:00, run_after=2026-01-21 00:00:00+00:00
[2026-01-21T09:01:04.310+0000] {processor.py:208} INFO - Processing /opt/airflow/dags/dataset_user_processing.py took 0.485 seconds
[2026-01-21T09:01:35.208+0000] {processor.py:186} INFO - Started process (PID=5936) to work on /opt/airflow/dags/dataset_user_processing.py
[2026-01-21T09:01:35.209+0000] {processor.py:914} INFO - Processing file /opt/airflow/dags/dataset_user_processing.py for tasks to queue
[2026-01-21T09:01:35.213+0000] {logging_mixin.py:190} INFO - [2026-01-21T09:01:35.213+0000] {dagbag.py:588} INFO - Filling up the DagBag from /opt/airflow/dags/dataset_user_processing.py
[2026-01-21T09:01:35.648+0000] {processor.py:925} INFO - DAG(s) 'user_processing_dataset' retrieved from /opt/airflow/dags/dataset_user_processing.py
[2026-01-21T09:01:35.677+0000] {logging_mixin.py:190} INFO - [2026-01-21T09:01:35.676+0000] {dag.py:3239} INFO - Sync 1 DAGs
[2026-01-21T09:01:35.700+0000] {logging_mixin.py:190} INFO - [2026-01-21T09:01:35.699+0000] {dag.py:4180} INFO - Setting next_dagrun for user_processing_dataset to 2026-01-20 00:00:00+00:00, run_after=2026-01-21 00:00:00+00:00
[2026-01-21T09:01:35.722+0000] {processor.py:208} INFO - Processing /opt/airflow/dags/dataset_user_processing.py took 0.525 seconds
[2026-01-21T09:02:06.058+0000] {processor.py:186} INFO - Started process (PID=5959) to work on /opt/airflow/dags/dataset_user_processing.py
[2026-01-21T09:02:06.070+0000] {processor.py:914} INFO - Processing file /opt/airflow/dags/dataset_user_processing.py for tasks to queue
[2026-01-21T09:02:06.087+0000] {logging_mixin.py:190} INFO - [2026-01-21T09:02:06.086+0000] {dagbag.py:588} INFO - Filling up the DagBag from /opt/airflow/dags/dataset_user_processing.py
[2026-01-21T09:02:07.117+0000] {processor.py:925} INFO - DAG(s) 'user_processing_dataset' retrieved from /opt/airflow/dags/dataset_user_processing.py
[2026-01-21T09:02:07.165+0000] {logging_mixin.py:190} INFO - [2026-01-21T09:02:07.164+0000] {dag.py:3239} INFO - Sync 1 DAGs
[2026-01-21T09:02:07.199+0000] {logging_mixin.py:190} INFO - [2026-01-21T09:02:07.199+0000] {dag.py:4180} INFO - Setting next_dagrun for user_processing_dataset to 2026-01-20 00:00:00+00:00, run_after=2026-01-21 00:00:00+00:00
[2026-01-21T09:02:07.232+0000] {processor.py:208} INFO - Processing /opt/airflow/dags/dataset_user_processing.py took 1.199 seconds
[2026-01-21T09:02:37.792+0000] {processor.py:186} INFO - Started process (PID=5984) to work on /opt/airflow/dags/dataset_user_processing.py
[2026-01-21T09:02:37.793+0000] {processor.py:914} INFO - Processing file /opt/airflow/dags/dataset_user_processing.py for tasks to queue
[2026-01-21T09:02:37.801+0000] {logging_mixin.py:190} INFO - [2026-01-21T09:02:37.800+0000] {dagbag.py:588} INFO - Filling up the DagBag from /opt/airflow/dags/dataset_user_processing.py
[2026-01-21T09:02:38.428+0000] {processor.py:925} INFO - DAG(s) 'user_processing_dataset' retrieved from /opt/airflow/dags/dataset_user_processing.py
[2026-01-21T09:02:38.506+0000] {logging_mixin.py:190} INFO - [2026-01-21T09:02:38.504+0000] {dag.py:3239} INFO - Sync 1 DAGs
[2026-01-21T09:02:38.579+0000] {logging_mixin.py:190} INFO - [2026-01-21T09:02:38.578+0000] {dag.py:4180} INFO - Setting next_dagrun for user_processing_dataset to 2026-01-20 00:00:00+00:00, run_after=2026-01-21 00:00:00+00:00
[2026-01-21T09:02:38.626+0000] {processor.py:208} INFO - Processing /opt/airflow/dags/dataset_user_processing.py took 0.843 seconds
[2026-01-21T09:03:09.542+0000] {processor.py:186} INFO - Started process (PID=6010) to work on /opt/airflow/dags/dataset_user_processing.py
[2026-01-21T09:03:09.543+0000] {processor.py:914} INFO - Processing file /opt/airflow/dags/dataset_user_processing.py for tasks to queue
[2026-01-21T09:03:09.550+0000] {logging_mixin.py:190} INFO - [2026-01-21T09:03:09.548+0000] {dagbag.py:588} INFO - Filling up the DagBag from /opt/airflow/dags/dataset_user_processing.py
[2026-01-21T09:03:09.929+0000] {processor.py:925} INFO - DAG(s) 'user_processing_dataset' retrieved from /opt/airflow/dags/dataset_user_processing.py
[2026-01-21T09:03:09.960+0000] {logging_mixin.py:190} INFO - [2026-01-21T09:03:09.959+0000] {dag.py:3239} INFO - Sync 1 DAGs
[2026-01-21T09:03:09.991+0000] {logging_mixin.py:190} INFO - [2026-01-21T09:03:09.990+0000] {dag.py:4180} INFO - Setting next_dagrun for user_processing_dataset to 2026-01-20 00:00:00+00:00, run_after=2026-01-21 00:00:00+00:00
[2026-01-21T09:03:10.026+0000] {processor.py:208} INFO - Processing /opt/airflow/dags/dataset_user_processing.py took 0.492 seconds
[2026-01-21T09:03:40.497+0000] {processor.py:186} INFO - Started process (PID=6034) to work on /opt/airflow/dags/dataset_user_processing.py
[2026-01-21T09:03:40.501+0000] {processor.py:914} INFO - Processing file /opt/airflow/dags/dataset_user_processing.py for tasks to queue
[2026-01-21T09:03:40.505+0000] {logging_mixin.py:190} INFO - [2026-01-21T09:03:40.505+0000] {dagbag.py:588} INFO - Filling up the DagBag from /opt/airflow/dags/dataset_user_processing.py
[2026-01-21T09:03:40.889+0000] {processor.py:925} INFO - DAG(s) 'user_processing_dataset' retrieved from /opt/airflow/dags/dataset_user_processing.py
[2026-01-21T09:03:40.918+0000] {logging_mixin.py:190} INFO - [2026-01-21T09:03:40.917+0000] {dag.py:3239} INFO - Sync 1 DAGs
[2026-01-21T09:03:40.949+0000] {logging_mixin.py:190} INFO - [2026-01-21T09:03:40.948+0000] {dag.py:4180} INFO - Setting next_dagrun for user_processing_dataset to 2026-01-20 00:00:00+00:00, run_after=2026-01-21 00:00:00+00:00
[2026-01-21T09:03:40.984+0000] {processor.py:208} INFO - Processing /opt/airflow/dags/dataset_user_processing.py took 0.513 seconds
[2026-01-21T09:04:11.438+0000] {processor.py:186} INFO - Started process (PID=6058) to work on /opt/airflow/dags/dataset_user_processing.py
[2026-01-21T09:04:11.440+0000] {processor.py:914} INFO - Processing file /opt/airflow/dags/dataset_user_processing.py for tasks to queue
[2026-01-21T09:04:11.443+0000] {logging_mixin.py:190} INFO - [2026-01-21T09:04:11.443+0000] {dagbag.py:588} INFO - Filling up the DagBag from /opt/airflow/dags/dataset_user_processing.py
[2026-01-21T09:04:11.996+0000] {processor.py:925} INFO - DAG(s) 'user_processing_dataset' retrieved from /opt/airflow/dags/dataset_user_processing.py
[2026-01-21T09:04:12.024+0000] {logging_mixin.py:190} INFO - [2026-01-21T09:04:12.024+0000] {dag.py:3239} INFO - Sync 1 DAGs
[2026-01-21T09:04:12.060+0000] {logging_mixin.py:190} INFO - [2026-01-21T09:04:12.059+0000] {dag.py:4180} INFO - Setting next_dagrun for user_processing_dataset to 2026-01-20 00:00:00+00:00, run_after=2026-01-21 00:00:00+00:00
[2026-01-21T09:04:12.104+0000] {processor.py:208} INFO - Processing /opt/airflow/dags/dataset_user_processing.py took 0.679 seconds
[2026-01-21T09:04:42.352+0000] {processor.py:186} INFO - Started process (PID=6083) to work on /opt/airflow/dags/dataset_user_processing.py
[2026-01-21T09:04:42.354+0000] {processor.py:914} INFO - Processing file /opt/airflow/dags/dataset_user_processing.py for tasks to queue
[2026-01-21T09:04:42.358+0000] {logging_mixin.py:190} INFO - [2026-01-21T09:04:42.357+0000] {dagbag.py:588} INFO - Filling up the DagBag from /opt/airflow/dags/dataset_user_processing.py
[2026-01-21T09:04:42.753+0000] {processor.py:925} INFO - DAG(s) 'user_processing_dataset' retrieved from /opt/airflow/dags/dataset_user_processing.py
[2026-01-21T09:04:42.784+0000] {logging_mixin.py:190} INFO - [2026-01-21T09:04:42.783+0000] {dag.py:3239} INFO - Sync 1 DAGs
[2026-01-21T09:04:42.820+0000] {logging_mixin.py:190} INFO - [2026-01-21T09:04:42.819+0000] {dag.py:4180} INFO - Setting next_dagrun for user_processing_dataset to 2026-01-20 00:00:00+00:00, run_after=2026-01-21 00:00:00+00:00
[2026-01-21T09:04:42.849+0000] {processor.py:208} INFO - Processing /opt/airflow/dags/dataset_user_processing.py took 0.514 seconds
[2026-01-21T09:05:13.067+0000] {processor.py:186} INFO - Started process (PID=6107) to work on /opt/airflow/dags/dataset_user_processing.py
[2026-01-21T09:05:13.069+0000] {processor.py:914} INFO - Processing file /opt/airflow/dags/dataset_user_processing.py for tasks to queue
[2026-01-21T09:05:13.072+0000] {logging_mixin.py:190} INFO - [2026-01-21T09:05:13.071+0000] {dagbag.py:588} INFO - Filling up the DagBag from /opt/airflow/dags/dataset_user_processing.py
[2026-01-21T09:05:13.482+0000] {processor.py:925} INFO - DAG(s) 'user_processing_dataset' retrieved from /opt/airflow/dags/dataset_user_processing.py
[2026-01-21T09:05:13.515+0000] {logging_mixin.py:190} INFO - [2026-01-21T09:05:13.514+0000] {dag.py:3239} INFO - Sync 1 DAGs
[2026-01-21T09:05:13.551+0000] {logging_mixin.py:190} INFO - [2026-01-21T09:05:13.551+0000] {dag.py:4180} INFO - Setting next_dagrun for user_processing_dataset to 2026-01-20 00:00:00+00:00, run_after=2026-01-21 00:00:00+00:00
[2026-01-21T09:05:13.575+0000] {processor.py:208} INFO - Processing /opt/airflow/dags/dataset_user_processing.py took 0.519 seconds
[2026-01-21T09:05:44.124+0000] {processor.py:186} INFO - Started process (PID=6131) to work on /opt/airflow/dags/dataset_user_processing.py
[2026-01-21T09:05:44.127+0000] {processor.py:914} INFO - Processing file /opt/airflow/dags/dataset_user_processing.py for tasks to queue
[2026-01-21T09:05:44.135+0000] {logging_mixin.py:190} INFO - [2026-01-21T09:05:44.134+0000] {dagbag.py:588} INFO - Filling up the DagBag from /opt/airflow/dags/dataset_user_processing.py
[2026-01-21T09:05:44.603+0000] {processor.py:925} INFO - DAG(s) 'user_processing_dataset' retrieved from /opt/airflow/dags/dataset_user_processing.py
[2026-01-21T09:05:44.640+0000] {logging_mixin.py:190} INFO - [2026-01-21T09:05:44.639+0000] {dag.py:3239} INFO - Sync 1 DAGs
[2026-01-21T09:05:44.676+0000] {logging_mixin.py:190} INFO - [2026-01-21T09:05:44.675+0000] {dag.py:4180} INFO - Setting next_dagrun for user_processing_dataset to 2026-01-20 00:00:00+00:00, run_after=2026-01-21 00:00:00+00:00
[2026-01-21T09:05:44.703+0000] {processor.py:208} INFO - Processing /opt/airflow/dags/dataset_user_processing.py took 0.589 seconds
[2026-01-21T09:06:14.868+0000] {processor.py:186} INFO - Started process (PID=6155) to work on /opt/airflow/dags/dataset_user_processing.py
[2026-01-21T09:06:14.869+0000] {processor.py:914} INFO - Processing file /opt/airflow/dags/dataset_user_processing.py for tasks to queue
[2026-01-21T09:06:14.871+0000] {logging_mixin.py:190} INFO - [2026-01-21T09:06:14.871+0000] {dagbag.py:588} INFO - Filling up the DagBag from /opt/airflow/dags/dataset_user_processing.py
[2026-01-21T09:06:15.302+0000] {processor.py:925} INFO - DAG(s) 'user_processing_dataset' retrieved from /opt/airflow/dags/dataset_user_processing.py
[2026-01-21T09:06:15.339+0000] {logging_mixin.py:190} INFO - [2026-01-21T09:06:15.338+0000] {dag.py:3239} INFO - Sync 1 DAGs
[2026-01-21T09:06:15.374+0000] {logging_mixin.py:190} INFO - [2026-01-21T09:06:15.374+0000] {dag.py:4180} INFO - Setting next_dagrun for user_processing_dataset to 2026-01-20 00:00:00+00:00, run_after=2026-01-21 00:00:00+00:00
[2026-01-21T09:06:15.402+0000] {processor.py:208} INFO - Processing /opt/airflow/dags/dataset_user_processing.py took 0.546 seconds
[2026-01-21T09:06:46.024+0000] {processor.py:186} INFO - Started process (PID=6179) to work on /opt/airflow/dags/dataset_user_processing.py
[2026-01-21T09:06:46.025+0000] {processor.py:914} INFO - Processing file /opt/airflow/dags/dataset_user_processing.py for tasks to queue
[2026-01-21T09:06:46.029+0000] {logging_mixin.py:190} INFO - [2026-01-21T09:06:46.028+0000] {dagbag.py:588} INFO - Filling up the DagBag from /opt/airflow/dags/dataset_user_processing.py
[2026-01-21T09:06:46.487+0000] {processor.py:925} INFO - DAG(s) 'user_processing_dataset' retrieved from /opt/airflow/dags/dataset_user_processing.py
[2026-01-21T09:06:46.512+0000] {logging_mixin.py:190} INFO - [2026-01-21T09:06:46.511+0000] {dag.py:3239} INFO - Sync 1 DAGs
[2026-01-21T09:06:46.548+0000] {logging_mixin.py:190} INFO - [2026-01-21T09:06:46.548+0000] {dag.py:4180} INFO - Setting next_dagrun for user_processing_dataset to 2026-01-20 00:00:00+00:00, run_after=2026-01-21 00:00:00+00:00
[2026-01-21T09:06:46.578+0000] {processor.py:208} INFO - Processing /opt/airflow/dags/dataset_user_processing.py took 0.564 seconds
[2026-01-21T09:07:16.739+0000] {processor.py:186} INFO - Started process (PID=6203) to work on /opt/airflow/dags/dataset_user_processing.py
[2026-01-21T09:07:16.740+0000] {processor.py:914} INFO - Processing file /opt/airflow/dags/dataset_user_processing.py for tasks to queue
[2026-01-21T09:07:16.742+0000] {logging_mixin.py:190} INFO - [2026-01-21T09:07:16.742+0000] {dagbag.py:588} INFO - Filling up the DagBag from /opt/airflow/dags/dataset_user_processing.py
[2026-01-21T09:07:16.996+0000] {processor.py:925} INFO - DAG(s) 'user_processing_dataset' retrieved from /opt/airflow/dags/dataset_user_processing.py
[2026-01-21T09:07:17.018+0000] {logging_mixin.py:190} INFO - [2026-01-21T09:07:17.017+0000] {dag.py:3239} INFO - Sync 1 DAGs
[2026-01-21T09:07:17.038+0000] {logging_mixin.py:190} INFO - [2026-01-21T09:07:17.037+0000] {dag.py:4180} INFO - Setting next_dagrun for user_processing_dataset to 2026-01-20 00:00:00+00:00, run_after=2026-01-21 00:00:00+00:00
[2026-01-21T09:07:17.054+0000] {processor.py:208} INFO - Processing /opt/airflow/dags/dataset_user_processing.py took 0.321 seconds
[2026-01-21T09:07:47.266+0000] {processor.py:186} INFO - Started process (PID=6227) to work on /opt/airflow/dags/dataset_user_processing.py
[2026-01-21T09:07:47.267+0000] {processor.py:914} INFO - Processing file /opt/airflow/dags/dataset_user_processing.py for tasks to queue
[2026-01-21T09:07:47.270+0000] {logging_mixin.py:190} INFO - [2026-01-21T09:07:47.269+0000] {dagbag.py:588} INFO - Filling up the DagBag from /opt/airflow/dags/dataset_user_processing.py
[2026-01-21T09:07:47.534+0000] {processor.py:925} INFO - DAG(s) 'user_processing_dataset' retrieved from /opt/airflow/dags/dataset_user_processing.py
[2026-01-21T09:07:47.554+0000] {logging_mixin.py:190} INFO - [2026-01-21T09:07:47.554+0000] {dag.py:3239} INFO - Sync 1 DAGs
[2026-01-21T09:07:47.575+0000] {logging_mixin.py:190} INFO - [2026-01-21T09:07:47.574+0000] {dag.py:4180} INFO - Setting next_dagrun for user_processing_dataset to 2026-01-20 00:00:00+00:00, run_after=2026-01-21 00:00:00+00:00
[2026-01-21T09:07:47.591+0000] {processor.py:208} INFO - Processing /opt/airflow/dags/dataset_user_processing.py took 0.332 seconds
[2026-01-21T09:08:18.798+0000] {processor.py:186} INFO - Started process (PID=6253) to work on /opt/airflow/dags/dataset_user_processing.py
[2026-01-21T09:08:18.799+0000] {processor.py:914} INFO - Processing file /opt/airflow/dags/dataset_user_processing.py for tasks to queue
[2026-01-21T09:08:18.802+0000] {logging_mixin.py:190} INFO - [2026-01-21T09:08:18.802+0000] {dagbag.py:588} INFO - Filling up the DagBag from /opt/airflow/dags/dataset_user_processing.py
[2026-01-21T09:08:19.166+0000] {processor.py:925} INFO - DAG(s) 'user_processing_dataset' retrieved from /opt/airflow/dags/dataset_user_processing.py
[2026-01-21T09:08:19.190+0000] {logging_mixin.py:190} INFO - [2026-01-21T09:08:19.189+0000] {dag.py:3239} INFO - Sync 1 DAGs
[2026-01-21T09:08:19.225+0000] {logging_mixin.py:190} INFO - [2026-01-21T09:08:19.225+0000] {dag.py:4180} INFO - Setting next_dagrun for user_processing_dataset to 2026-01-20 00:00:00+00:00, run_after=2026-01-21 00:00:00+00:00
[2026-01-21T09:08:19.251+0000] {processor.py:208} INFO - Processing /opt/airflow/dags/dataset_user_processing.py took 0.460 seconds
[2026-01-21T09:08:49.545+0000] {processor.py:186} INFO - Started process (PID=6276) to work on /opt/airflow/dags/dataset_user_processing.py
[2026-01-21T09:08:49.546+0000] {processor.py:914} INFO - Processing file /opt/airflow/dags/dataset_user_processing.py for tasks to queue
[2026-01-21T09:08:49.548+0000] {logging_mixin.py:190} INFO - [2026-01-21T09:08:49.548+0000] {dagbag.py:588} INFO - Filling up the DagBag from /opt/airflow/dags/dataset_user_processing.py
[2026-01-21T09:08:49.798+0000] {processor.py:925} INFO - DAG(s) 'user_processing_dataset' retrieved from /opt/airflow/dags/dataset_user_processing.py
[2026-01-21T09:08:49.818+0000] {logging_mixin.py:190} INFO - [2026-01-21T09:08:49.817+0000] {dag.py:3239} INFO - Sync 1 DAGs
[2026-01-21T09:08:49.839+0000] {logging_mixin.py:190} INFO - [2026-01-21T09:08:49.839+0000] {dag.py:4180} INFO - Setting next_dagrun for user_processing_dataset to 2026-01-20 00:00:00+00:00, run_after=2026-01-21 00:00:00+00:00
[2026-01-21T09:08:49.865+0000] {processor.py:208} INFO - Processing /opt/airflow/dags/dataset_user_processing.py took 0.325 seconds
[2026-01-21T09:09:20.434+0000] {processor.py:186} INFO - Started process (PID=6298) to work on /opt/airflow/dags/dataset_user_processing.py
[2026-01-21T09:09:20.436+0000] {processor.py:914} INFO - Processing file /opt/airflow/dags/dataset_user_processing.py for tasks to queue
[2026-01-21T09:09:20.441+0000] {logging_mixin.py:190} INFO - [2026-01-21T09:09:20.440+0000] {dagbag.py:588} INFO - Filling up the DagBag from /opt/airflow/dags/dataset_user_processing.py
[2026-01-21T09:09:21.151+0000] {processor.py:925} INFO - DAG(s) 'user_processing_dataset' retrieved from /opt/airflow/dags/dataset_user_processing.py
[2026-01-21T09:09:21.210+0000] {logging_mixin.py:190} INFO - [2026-01-21T09:09:21.209+0000] {dag.py:3239} INFO - Sync 1 DAGs
[2026-01-21T09:09:21.258+0000] {logging_mixin.py:190} INFO - [2026-01-21T09:09:21.258+0000] {dag.py:4180} INFO - Setting next_dagrun for user_processing_dataset to 2026-01-20 00:00:00+00:00, run_after=2026-01-21 00:00:00+00:00
[2026-01-21T09:09:21.303+0000] {processor.py:208} INFO - Processing /opt/airflow/dags/dataset_user_processing.py took 0.880 seconds
[2026-01-21T09:09:51.407+0000] {processor.py:186} INFO - Started process (PID=6322) to work on /opt/airflow/dags/dataset_user_processing.py
[2026-01-21T09:09:51.408+0000] {processor.py:914} INFO - Processing file /opt/airflow/dags/dataset_user_processing.py for tasks to queue
[2026-01-21T09:09:51.410+0000] {logging_mixin.py:190} INFO - [2026-01-21T09:09:51.410+0000] {dagbag.py:588} INFO - Filling up the DagBag from /opt/airflow/dags/dataset_user_processing.py
[2026-01-21T09:09:51.721+0000] {processor.py:925} INFO - DAG(s) 'user_processing_dataset' retrieved from /opt/airflow/dags/dataset_user_processing.py
[2026-01-21T09:09:51.746+0000] {logging_mixin.py:190} INFO - [2026-01-21T09:09:51.745+0000] {dag.py:3239} INFO - Sync 1 DAGs
[2026-01-21T09:09:51.770+0000] {logging_mixin.py:190} INFO - [2026-01-21T09:09:51.769+0000] {dag.py:4180} INFO - Setting next_dagrun for user_processing_dataset to 2026-01-20 00:00:00+00:00, run_after=2026-01-21 00:00:00+00:00
[2026-01-21T09:09:51.793+0000] {processor.py:208} INFO - Processing /opt/airflow/dags/dataset_user_processing.py took 0.392 seconds
[2026-01-21T09:10:22.148+0000] {processor.py:186} INFO - Started process (PID=6347) to work on /opt/airflow/dags/dataset_user_processing.py
[2026-01-21T09:10:22.149+0000] {processor.py:914} INFO - Processing file /opt/airflow/dags/dataset_user_processing.py for tasks to queue
[2026-01-21T09:10:22.152+0000] {logging_mixin.py:190} INFO - [2026-01-21T09:10:22.152+0000] {dagbag.py:588} INFO - Filling up the DagBag from /opt/airflow/dags/dataset_user_processing.py
[2026-01-21T09:10:22.584+0000] {processor.py:925} INFO - DAG(s) 'user_processing_dataset' retrieved from /opt/airflow/dags/dataset_user_processing.py
[2026-01-21T09:10:22.630+0000] {logging_mixin.py:190} INFO - [2026-01-21T09:10:22.629+0000] {dag.py:3239} INFO - Sync 1 DAGs
[2026-01-21T09:10:22.676+0000] {logging_mixin.py:190} INFO - [2026-01-21T09:10:22.676+0000] {dag.py:4180} INFO - Setting next_dagrun for user_processing_dataset to 2026-01-20 00:00:00+00:00, run_after=2026-01-21 00:00:00+00:00
[2026-01-21T09:10:22.705+0000] {processor.py:208} INFO - Processing /opt/airflow/dags/dataset_user_processing.py took 0.568 seconds
[2026-01-21T09:10:53.051+0000] {processor.py:186} INFO - Started process (PID=6371) to work on /opt/airflow/dags/dataset_user_processing.py
[2026-01-21T09:10:53.052+0000] {processor.py:914} INFO - Processing file /opt/airflow/dags/dataset_user_processing.py for tasks to queue
[2026-01-21T09:10:53.054+0000] {logging_mixin.py:190} INFO - [2026-01-21T09:10:53.053+0000] {dagbag.py:588} INFO - Filling up the DagBag from /opt/airflow/dags/dataset_user_processing.py
[2026-01-21T09:10:53.372+0000] {processor.py:925} INFO - DAG(s) 'user_processing_dataset' retrieved from /opt/airflow/dags/dataset_user_processing.py
[2026-01-21T09:10:53.391+0000] {logging_mixin.py:190} INFO - [2026-01-21T09:10:53.391+0000] {dag.py:3239} INFO - Sync 1 DAGs
[2026-01-21T09:10:53.411+0000] {logging_mixin.py:190} INFO - [2026-01-21T09:10:53.411+0000] {dag.py:4180} INFO - Setting next_dagrun for user_processing_dataset to 2026-01-20 00:00:00+00:00, run_after=2026-01-21 00:00:00+00:00
[2026-01-21T09:10:53.428+0000] {processor.py:208} INFO - Processing /opt/airflow/dags/dataset_user_processing.py took 0.384 seconds
[2026-01-21T09:11:23.464+0000] {processor.py:186} INFO - Started process (PID=6396) to work on /opt/airflow/dags/dataset_user_processing.py
[2026-01-21T09:11:23.465+0000] {processor.py:914} INFO - Processing file /opt/airflow/dags/dataset_user_processing.py for tasks to queue
[2026-01-21T09:11:23.467+0000] {logging_mixin.py:190} INFO - [2026-01-21T09:11:23.467+0000] {dagbag.py:588} INFO - Filling up the DagBag from /opt/airflow/dags/dataset_user_processing.py
[2026-01-21T09:11:23.967+0000] {processor.py:925} INFO - DAG(s) 'user_processing_dataset' retrieved from /opt/airflow/dags/dataset_user_processing.py
[2026-01-21T09:11:23.999+0000] {logging_mixin.py:190} INFO - [2026-01-21T09:11:23.998+0000] {dag.py:3239} INFO - Sync 1 DAGs
[2026-01-21T09:11:24.032+0000] {logging_mixin.py:190} INFO - [2026-01-21T09:11:24.031+0000] {dag.py:4180} INFO - Setting next_dagrun for user_processing_dataset to 2026-01-20 00:00:00+00:00, run_after=2026-01-21 00:00:00+00:00
[2026-01-21T09:11:24.062+0000] {processor.py:208} INFO - Processing /opt/airflow/dags/dataset_user_processing.py took 0.605 seconds
[2026-01-21T09:11:54.646+0000] {processor.py:186} INFO - Started process (PID=6419) to work on /opt/airflow/dags/dataset_user_processing.py
[2026-01-21T09:11:54.648+0000] {processor.py:914} INFO - Processing file /opt/airflow/dags/dataset_user_processing.py for tasks to queue
[2026-01-21T09:11:54.651+0000] {logging_mixin.py:190} INFO - [2026-01-21T09:11:54.650+0000] {dagbag.py:588} INFO - Filling up the DagBag from /opt/airflow/dags/dataset_user_processing.py
[2026-01-21T09:11:54.937+0000] {processor.py:925} INFO - DAG(s) 'user_processing_dataset' retrieved from /opt/airflow/dags/dataset_user_processing.py
[2026-01-21T09:11:54.958+0000] {logging_mixin.py:190} INFO - [2026-01-21T09:11:54.957+0000] {dag.py:3239} INFO - Sync 1 DAGs
[2026-01-21T09:11:54.977+0000] {logging_mixin.py:190} INFO - [2026-01-21T09:11:54.977+0000] {dag.py:4180} INFO - Setting next_dagrun for user_processing_dataset to 2026-01-20 00:00:00+00:00, run_after=2026-01-21 00:00:00+00:00
[2026-01-21T09:11:55.010+0000] {processor.py:208} INFO - Processing /opt/airflow/dags/dataset_user_processing.py took 0.373 seconds
[2026-01-21T09:12:25.088+0000] {processor.py:186} INFO - Started process (PID=6443) to work on /opt/airflow/dags/dataset_user_processing.py
[2026-01-21T09:12:25.090+0000] {processor.py:914} INFO - Processing file /opt/airflow/dags/dataset_user_processing.py for tasks to queue
[2026-01-21T09:12:25.094+0000] {logging_mixin.py:190} INFO - [2026-01-21T09:12:25.094+0000] {dagbag.py:588} INFO - Filling up the DagBag from /opt/airflow/dags/dataset_user_processing.py
[2026-01-21T09:12:25.401+0000] {processor.py:925} INFO - DAG(s) 'user_processing_dataset' retrieved from /opt/airflow/dags/dataset_user_processing.py
[2026-01-21T09:12:25.427+0000] {logging_mixin.py:190} INFO - [2026-01-21T09:12:25.426+0000] {dag.py:3239} INFO - Sync 1 DAGs
[2026-01-21T09:12:25.459+0000] {logging_mixin.py:190} INFO - [2026-01-21T09:12:25.459+0000] {dag.py:4180} INFO - Setting next_dagrun for user_processing_dataset to 2026-01-20 00:00:00+00:00, run_after=2026-01-21 00:00:00+00:00
[2026-01-21T09:12:25.492+0000] {processor.py:208} INFO - Processing /opt/airflow/dags/dataset_user_processing.py took 0.410 seconds
[2026-01-21T09:12:55.763+0000] {processor.py:186} INFO - Started process (PID=6467) to work on /opt/airflow/dags/dataset_user_processing.py
[2026-01-21T09:12:55.765+0000] {processor.py:914} INFO - Processing file /opt/airflow/dags/dataset_user_processing.py for tasks to queue
[2026-01-21T09:12:55.768+0000] {logging_mixin.py:190} INFO - [2026-01-21T09:12:55.768+0000] {dagbag.py:588} INFO - Filling up the DagBag from /opt/airflow/dags/dataset_user_processing.py
[2026-01-21T09:12:56.101+0000] {processor.py:925} INFO - DAG(s) 'user_processing_dataset' retrieved from /opt/airflow/dags/dataset_user_processing.py
[2026-01-21T09:12:56.135+0000] {logging_mixin.py:190} INFO - [2026-01-21T09:12:56.134+0000] {dag.py:3239} INFO - Sync 1 DAGs
[2026-01-21T09:12:56.179+0000] {logging_mixin.py:190} INFO - [2026-01-21T09:12:56.178+0000] {dag.py:4180} INFO - Setting next_dagrun for user_processing_dataset to 2026-01-20 00:00:00+00:00, run_after=2026-01-21 00:00:00+00:00
[2026-01-21T09:12:56.221+0000] {processor.py:208} INFO - Processing /opt/airflow/dags/dataset_user_processing.py took 0.468 seconds
[2026-01-21T09:13:26.311+0000] {processor.py:186} INFO - Started process (PID=6490) to work on /opt/airflow/dags/dataset_user_processing.py
[2026-01-21T09:13:26.313+0000] {processor.py:914} INFO - Processing file /opt/airflow/dags/dataset_user_processing.py for tasks to queue
[2026-01-21T09:13:26.316+0000] {logging_mixin.py:190} INFO - [2026-01-21T09:13:26.315+0000] {dagbag.py:588} INFO - Filling up the DagBag from /opt/airflow/dags/dataset_user_processing.py
[2026-01-21T09:13:26.551+0000] {processor.py:925} INFO - DAG(s) 'user_processing_dataset' retrieved from /opt/airflow/dags/dataset_user_processing.py
[2026-01-21T09:13:26.571+0000] {logging_mixin.py:190} INFO - [2026-01-21T09:13:26.570+0000] {dag.py:3239} INFO - Sync 1 DAGs
[2026-01-21T09:13:26.591+0000] {logging_mixin.py:190} INFO - [2026-01-21T09:13:26.590+0000] {dag.py:4180} INFO - Setting next_dagrun for user_processing_dataset to 2026-01-20 00:00:00+00:00, run_after=2026-01-21 00:00:00+00:00
[2026-01-21T09:13:26.612+0000] {processor.py:208} INFO - Processing /opt/airflow/dags/dataset_user_processing.py took 0.308 seconds
[2026-01-21T09:13:57.588+0000] {processor.py:186} INFO - Started process (PID=6515) to work on /opt/airflow/dags/dataset_user_processing.py
[2026-01-21T09:13:57.590+0000] {processor.py:914} INFO - Processing file /opt/airflow/dags/dataset_user_processing.py for tasks to queue
[2026-01-21T09:13:57.594+0000] {logging_mixin.py:190} INFO - [2026-01-21T09:13:57.594+0000] {dagbag.py:588} INFO - Filling up the DagBag from /opt/airflow/dags/dataset_user_processing.py
[2026-01-21T09:13:57.999+0000] {processor.py:925} INFO - DAG(s) 'user_processing_dataset' retrieved from /opt/airflow/dags/dataset_user_processing.py
[2026-01-21T09:13:58.024+0000] {logging_mixin.py:190} INFO - [2026-01-21T09:13:58.023+0000] {dag.py:3239} INFO - Sync 1 DAGs
[2026-01-21T09:13:58.049+0000] {logging_mixin.py:190} INFO - [2026-01-21T09:13:58.049+0000] {dag.py:4180} INFO - Setting next_dagrun for user_processing_dataset to 2026-01-20 00:00:00+00:00, run_after=2026-01-21 00:00:00+00:00
[2026-01-21T09:13:58.072+0000] {processor.py:208} INFO - Processing /opt/airflow/dags/dataset_user_processing.py took 0.494 seconds
[2026-01-21T09:14:28.771+0000] {processor.py:186} INFO - Started process (PID=6539) to work on /opt/airflow/dags/dataset_user_processing.py
[2026-01-21T09:14:28.773+0000] {processor.py:914} INFO - Processing file /opt/airflow/dags/dataset_user_processing.py for tasks to queue
[2026-01-21T09:14:28.776+0000] {logging_mixin.py:190} INFO - [2026-01-21T09:14:28.775+0000] {dagbag.py:588} INFO - Filling up the DagBag from /opt/airflow/dags/dataset_user_processing.py
[2026-01-21T09:14:29.179+0000] {processor.py:925} INFO - DAG(s) 'user_processing_dataset' retrieved from /opt/airflow/dags/dataset_user_processing.py
[2026-01-21T09:14:29.214+0000] {logging_mixin.py:190} INFO - [2026-01-21T09:14:29.214+0000] {dag.py:3239} INFO - Sync 1 DAGs
[2026-01-21T09:14:29.250+0000] {logging_mixin.py:190} INFO - [2026-01-21T09:14:29.249+0000] {dag.py:4180} INFO - Setting next_dagrun for user_processing_dataset to 2026-01-20 00:00:00+00:00, run_after=2026-01-21 00:00:00+00:00
[2026-01-21T09:14:29.286+0000] {processor.py:208} INFO - Processing /opt/airflow/dags/dataset_user_processing.py took 0.525 seconds
[2026-01-21T09:15:00.168+0000] {processor.py:186} INFO - Started process (PID=6563) to work on /opt/airflow/dags/dataset_user_processing.py
[2026-01-21T09:15:00.169+0000] {processor.py:914} INFO - Processing file /opt/airflow/dags/dataset_user_processing.py for tasks to queue
[2026-01-21T09:15:00.171+0000] {logging_mixin.py:190} INFO - [2026-01-21T09:15:00.171+0000] {dagbag.py:588} INFO - Filling up the DagBag from /opt/airflow/dags/dataset_user_processing.py
[2026-01-21T09:15:00.525+0000] {processor.py:925} INFO - DAG(s) 'user_processing_dataset' retrieved from /opt/airflow/dags/dataset_user_processing.py
[2026-01-21T09:15:00.565+0000] {logging_mixin.py:190} INFO - [2026-01-21T09:15:00.564+0000] {dag.py:3239} INFO - Sync 1 DAGs
[2026-01-21T09:15:00.595+0000] {logging_mixin.py:190} INFO - [2026-01-21T09:15:00.594+0000] {dag.py:4180} INFO - Setting next_dagrun for user_processing_dataset to 2026-01-20 00:00:00+00:00, run_after=2026-01-21 00:00:00+00:00
[2026-01-21T09:15:00.620+0000] {processor.py:208} INFO - Processing /opt/airflow/dags/dataset_user_processing.py took 0.459 seconds
[2026-01-21T09:15:31.633+0000] {processor.py:186} INFO - Started process (PID=6587) to work on /opt/airflow/dags/dataset_user_processing.py
[2026-01-21T09:15:31.634+0000] {processor.py:914} INFO - Processing file /opt/airflow/dags/dataset_user_processing.py for tasks to queue
[2026-01-21T09:15:31.637+0000] {logging_mixin.py:190} INFO - [2026-01-21T09:15:31.636+0000] {dagbag.py:588} INFO - Filling up the DagBag from /opt/airflow/dags/dataset_user_processing.py
[2026-01-21T09:15:32.049+0000] {processor.py:925} INFO - DAG(s) 'user_processing_dataset' retrieved from /opt/airflow/dags/dataset_user_processing.py
[2026-01-21T09:15:32.092+0000] {logging_mixin.py:190} INFO - [2026-01-21T09:15:32.092+0000] {dag.py:3239} INFO - Sync 1 DAGs
[2026-01-21T09:15:32.127+0000] {logging_mixin.py:190} INFO - [2026-01-21T09:15:32.127+0000] {dag.py:4180} INFO - Setting next_dagrun for user_processing_dataset to 2026-01-20 00:00:00+00:00, run_after=2026-01-21 00:00:00+00:00
[2026-01-21T09:15:32.155+0000] {processor.py:208} INFO - Processing /opt/airflow/dags/dataset_user_processing.py took 0.531 seconds
[2026-01-21T09:16:02.410+0000] {processor.py:186} INFO - Started process (PID=6611) to work on /opt/airflow/dags/dataset_user_processing.py
[2026-01-21T09:16:02.411+0000] {processor.py:914} INFO - Processing file /opt/airflow/dags/dataset_user_processing.py for tasks to queue
[2026-01-21T09:16:02.414+0000] {logging_mixin.py:190} INFO - [2026-01-21T09:16:02.414+0000] {dagbag.py:588} INFO - Filling up the DagBag from /opt/airflow/dags/dataset_user_processing.py
[2026-01-21T09:16:02.818+0000] {processor.py:925} INFO - DAG(s) 'user_processing_dataset' retrieved from /opt/airflow/dags/dataset_user_processing.py
[2026-01-21T09:16:02.844+0000] {logging_mixin.py:190} INFO - [2026-01-21T09:16:02.844+0000] {dag.py:3239} INFO - Sync 1 DAGs
[2026-01-21T09:16:02.872+0000] {logging_mixin.py:190} INFO - [2026-01-21T09:16:02.872+0000] {dag.py:4180} INFO - Setting next_dagrun for user_processing_dataset to 2026-01-20 00:00:00+00:00, run_after=2026-01-21 00:00:00+00:00
[2026-01-21T09:16:02.908+0000] {processor.py:208} INFO - Processing /opt/airflow/dags/dataset_user_processing.py took 0.506 seconds
[2026-01-21T09:16:32.976+0000] {processor.py:186} INFO - Started process (PID=6635) to work on /opt/airflow/dags/dataset_user_processing.py
[2026-01-21T09:16:32.981+0000] {processor.py:914} INFO - Processing file /opt/airflow/dags/dataset_user_processing.py for tasks to queue
[2026-01-21T09:16:32.983+0000] {logging_mixin.py:190} INFO - [2026-01-21T09:16:32.983+0000] {dagbag.py:588} INFO - Filling up the DagBag from /opt/airflow/dags/dataset_user_processing.py
[2026-01-21T09:16:33.224+0000] {processor.py:925} INFO - DAG(s) 'user_processing_dataset' retrieved from /opt/airflow/dags/dataset_user_processing.py
[2026-01-21T09:16:33.252+0000] {logging_mixin.py:190} INFO - [2026-01-21T09:16:33.251+0000] {dag.py:3239} INFO - Sync 1 DAGs
[2026-01-21T09:16:33.283+0000] {logging_mixin.py:190} INFO - [2026-01-21T09:16:33.282+0000] {dag.py:4180} INFO - Setting next_dagrun for user_processing_dataset to 2026-01-20 00:00:00+00:00, run_after=2026-01-21 00:00:00+00:00
[2026-01-21T09:16:33.310+0000] {processor.py:208} INFO - Processing /opt/airflow/dags/dataset_user_processing.py took 0.341 seconds
[2026-01-21T09:17:03.841+0000] {processor.py:186} INFO - Started process (PID=6659) to work on /opt/airflow/dags/dataset_user_processing.py
[2026-01-21T09:17:03.842+0000] {processor.py:914} INFO - Processing file /opt/airflow/dags/dataset_user_processing.py for tasks to queue
[2026-01-21T09:17:03.844+0000] {logging_mixin.py:190} INFO - [2026-01-21T09:17:03.844+0000] {dagbag.py:588} INFO - Filling up the DagBag from /opt/airflow/dags/dataset_user_processing.py
[2026-01-21T09:17:04.207+0000] {processor.py:925} INFO - DAG(s) 'user_processing_dataset' retrieved from /opt/airflow/dags/dataset_user_processing.py
[2026-01-21T09:17:04.232+0000] {logging_mixin.py:190} INFO - [2026-01-21T09:17:04.231+0000] {dag.py:3239} INFO - Sync 1 DAGs
[2026-01-21T09:17:04.257+0000] {logging_mixin.py:190} INFO - [2026-01-21T09:17:04.257+0000] {dag.py:4180} INFO - Setting next_dagrun for user_processing_dataset to 2026-01-20 00:00:00+00:00, run_after=2026-01-21 00:00:00+00:00
[2026-01-21T09:17:04.280+0000] {processor.py:208} INFO - Processing /opt/airflow/dags/dataset_user_processing.py took 0.447 seconds
[2026-01-21T09:17:34.800+0000] {processor.py:186} INFO - Started process (PID=6683) to work on /opt/airflow/dags/dataset_user_processing.py
[2026-01-21T09:17:34.801+0000] {processor.py:914} INFO - Processing file /opt/airflow/dags/dataset_user_processing.py for tasks to queue
[2026-01-21T09:17:34.804+0000] {logging_mixin.py:190} INFO - [2026-01-21T09:17:34.804+0000] {dagbag.py:588} INFO - Filling up the DagBag from /opt/airflow/dags/dataset_user_processing.py
[2026-01-21T09:17:35.149+0000] {processor.py:925} INFO - DAG(s) 'user_processing_dataset' retrieved from /opt/airflow/dags/dataset_user_processing.py
[2026-01-21T09:17:35.178+0000] {logging_mixin.py:190} INFO - [2026-01-21T09:17:35.177+0000] {dag.py:3239} INFO - Sync 1 DAGs
[2026-01-21T09:17:35.207+0000] {logging_mixin.py:190} INFO - [2026-01-21T09:17:35.207+0000] {dag.py:4180} INFO - Setting next_dagrun for user_processing_dataset to 2026-01-20 00:00:00+00:00, run_after=2026-01-21 00:00:00+00:00
[2026-01-21T09:17:35.229+0000] {processor.py:208} INFO - Processing /opt/airflow/dags/dataset_user_processing.py took 0.435 seconds
[2026-01-21T09:18:05.721+0000] {processor.py:186} INFO - Started process (PID=6707) to work on /opt/airflow/dags/dataset_user_processing.py
[2026-01-21T09:18:05.722+0000] {processor.py:914} INFO - Processing file /opt/airflow/dags/dataset_user_processing.py for tasks to queue
[2026-01-21T09:18:05.725+0000] {logging_mixin.py:190} INFO - [2026-01-21T09:18:05.725+0000] {dagbag.py:588} INFO - Filling up the DagBag from /opt/airflow/dags/dataset_user_processing.py
[2026-01-21T09:18:06.113+0000] {processor.py:925} INFO - DAG(s) 'user_processing_dataset' retrieved from /opt/airflow/dags/dataset_user_processing.py
[2026-01-21T09:18:06.137+0000] {logging_mixin.py:190} INFO - [2026-01-21T09:18:06.136+0000] {dag.py:3239} INFO - Sync 1 DAGs
[2026-01-21T09:18:06.161+0000] {logging_mixin.py:190} INFO - [2026-01-21T09:18:06.161+0000] {dag.py:4180} INFO - Setting next_dagrun for user_processing_dataset to 2026-01-20 00:00:00+00:00, run_after=2026-01-21 00:00:00+00:00
[2026-01-21T09:18:06.183+0000] {processor.py:208} INFO - Processing /opt/airflow/dags/dataset_user_processing.py took 0.469 seconds
[2026-01-21T09:18:37.206+0000] {processor.py:186} INFO - Started process (PID=6737) to work on /opt/airflow/dags/dataset_user_processing.py
[2026-01-21T09:18:37.207+0000] {processor.py:914} INFO - Processing file /opt/airflow/dags/dataset_user_processing.py for tasks to queue
[2026-01-21T09:18:37.209+0000] {logging_mixin.py:190} INFO - [2026-01-21T09:18:37.209+0000] {dagbag.py:588} INFO - Filling up the DagBag from /opt/airflow/dags/dataset_user_processing.py
[2026-01-21T09:18:37.686+0000] {processor.py:925} INFO - DAG(s) 'user_processing_dataset' retrieved from /opt/airflow/dags/dataset_user_processing.py
[2026-01-21T09:18:37.708+0000] {logging_mixin.py:190} INFO - [2026-01-21T09:18:37.708+0000] {dag.py:3239} INFO - Sync 1 DAGs
[2026-01-21T09:18:37.736+0000] {logging_mixin.py:190} INFO - [2026-01-21T09:18:37.736+0000] {dag.py:4180} INFO - Setting next_dagrun for user_processing_dataset to 2026-01-20 00:00:00+00:00, run_after=2026-01-21 00:00:00+00:00
[2026-01-21T09:18:37.763+0000] {processor.py:208} INFO - Processing /opt/airflow/dags/dataset_user_processing.py took 0.566 seconds
[2026-01-21T09:19:08.780+0000] {processor.py:186} INFO - Started process (PID=6761) to work on /opt/airflow/dags/dataset_user_processing.py
[2026-01-21T09:19:08.781+0000] {processor.py:914} INFO - Processing file /opt/airflow/dags/dataset_user_processing.py for tasks to queue
[2026-01-21T09:19:08.784+0000] {logging_mixin.py:190} INFO - [2026-01-21T09:19:08.784+0000] {dagbag.py:588} INFO - Filling up the DagBag from /opt/airflow/dags/dataset_user_processing.py
[2026-01-21T09:19:09.102+0000] {processor.py:925} INFO - DAG(s) 'user_processing_dataset' retrieved from /opt/airflow/dags/dataset_user_processing.py
[2026-01-21T09:19:09.125+0000] {logging_mixin.py:190} INFO - [2026-01-21T09:19:09.124+0000] {dag.py:3239} INFO - Sync 1 DAGs
[2026-01-21T09:19:09.148+0000] {logging_mixin.py:190} INFO - [2026-01-21T09:19:09.148+0000] {dag.py:4180} INFO - Setting next_dagrun for user_processing_dataset to 2026-01-20 00:00:00+00:00, run_after=2026-01-21 00:00:00+00:00
[2026-01-21T09:19:09.172+0000] {processor.py:208} INFO - Processing /opt/airflow/dags/dataset_user_processing.py took 0.401 seconds
[2026-01-21T09:19:39.303+0000] {processor.py:186} INFO - Started process (PID=6785) to work on /opt/airflow/dags/dataset_user_processing.py
[2026-01-21T09:19:39.304+0000] {processor.py:914} INFO - Processing file /opt/airflow/dags/dataset_user_processing.py for tasks to queue
[2026-01-21T09:19:39.306+0000] {logging_mixin.py:190} INFO - [2026-01-21T09:19:39.305+0000] {dagbag.py:588} INFO - Filling up the DagBag from /opt/airflow/dags/dataset_user_processing.py
[2026-01-21T09:19:39.599+0000] {processor.py:925} INFO - DAG(s) 'user_processing_dataset' retrieved from /opt/airflow/dags/dataset_user_processing.py
[2026-01-21T09:19:39.618+0000] {logging_mixin.py:190} INFO - [2026-01-21T09:19:39.618+0000] {dag.py:3239} INFO - Sync 1 DAGs
[2026-01-21T09:19:39.646+0000] {logging_mixin.py:190} INFO - [2026-01-21T09:19:39.646+0000] {dag.py:4180} INFO - Setting next_dagrun for user_processing_dataset to 2026-01-20 00:00:00+00:00, run_after=2026-01-21 00:00:00+00:00
[2026-01-21T09:19:39.669+0000] {processor.py:208} INFO - Processing /opt/airflow/dags/dataset_user_processing.py took 0.371 seconds
[2026-01-21T09:20:10.381+0000] {processor.py:186} INFO - Started process (PID=6809) to work on /opt/airflow/dags/dataset_user_processing.py
[2026-01-21T09:20:10.393+0000] {processor.py:914} INFO - Processing file /opt/airflow/dags/dataset_user_processing.py for tasks to queue
[2026-01-21T09:20:10.396+0000] {logging_mixin.py:190} INFO - [2026-01-21T09:20:10.396+0000] {dagbag.py:588} INFO - Filling up the DagBag from /opt/airflow/dags/dataset_user_processing.py
[2026-01-21T09:20:11.591+0000] {processor.py:925} INFO - DAG(s) 'user_processing_dataset' retrieved from /opt/airflow/dags/dataset_user_processing.py
[2026-01-21T09:20:11.696+0000] {logging_mixin.py:190} INFO - [2026-01-21T09:20:11.695+0000] {dag.py:3239} INFO - Sync 1 DAGs
[2026-01-21T09:20:11.831+0000] {logging_mixin.py:190} INFO - [2026-01-21T09:20:11.830+0000] {dag.py:4180} INFO - Setting next_dagrun for user_processing_dataset to 2026-01-20 00:00:00+00:00, run_after=2026-01-21 00:00:00+00:00
[2026-01-21T09:20:11.975+0000] {processor.py:208} INFO - Processing /opt/airflow/dags/dataset_user_processing.py took 1.610 seconds
[2026-01-21T09:20:42.361+0000] {processor.py:186} INFO - Started process (PID=6834) to work on /opt/airflow/dags/dataset_user_processing.py
[2026-01-21T09:20:42.363+0000] {processor.py:914} INFO - Processing file /opt/airflow/dags/dataset_user_processing.py for tasks to queue
[2026-01-21T09:20:42.365+0000] {logging_mixin.py:190} INFO - [2026-01-21T09:20:42.365+0000] {dagbag.py:588} INFO - Filling up the DagBag from /opt/airflow/dags/dataset_user_processing.py
[2026-01-21T09:20:42.661+0000] {processor.py:925} INFO - DAG(s) 'user_processing_dataset' retrieved from /opt/airflow/dags/dataset_user_processing.py
[2026-01-21T09:20:42.681+0000] {logging_mixin.py:190} INFO - [2026-01-21T09:20:42.681+0000] {dag.py:3239} INFO - Sync 1 DAGs
[2026-01-21T09:20:42.703+0000] {logging_mixin.py:190} INFO - [2026-01-21T09:20:42.703+0000] {dag.py:4180} INFO - Setting next_dagrun for user_processing_dataset to 2026-01-20 00:00:00+00:00, run_after=2026-01-21 00:00:00+00:00
[2026-01-21T09:20:42.731+0000] {processor.py:208} INFO - Processing /opt/airflow/dags/dataset_user_processing.py took 0.379 seconds
[2026-01-21T09:21:12.869+0000] {processor.py:186} INFO - Started process (PID=6857) to work on /opt/airflow/dags/dataset_user_processing.py
[2026-01-21T09:21:12.880+0000] {processor.py:914} INFO - Processing file /opt/airflow/dags/dataset_user_processing.py for tasks to queue
[2026-01-21T09:21:12.885+0000] {logging_mixin.py:190} INFO - [2026-01-21T09:21:12.884+0000] {dagbag.py:588} INFO - Filling up the DagBag from /opt/airflow/dags/dataset_user_processing.py
[2026-01-21T09:21:13.459+0000] {processor.py:925} INFO - DAG(s) 'user_processing_dataset' retrieved from /opt/airflow/dags/dataset_user_processing.py
[2026-01-21T09:21:13.499+0000] {logging_mixin.py:190} INFO - [2026-01-21T09:21:13.498+0000] {dag.py:3239} INFO - Sync 1 DAGs
[2026-01-21T09:21:13.551+0000] {logging_mixin.py:190} INFO - [2026-01-21T09:21:13.550+0000] {dag.py:4180} INFO - Setting next_dagrun for user_processing_dataset to 2026-01-20 00:00:00+00:00, run_after=2026-01-21 00:00:00+00:00
[2026-01-21T09:21:13.607+0000] {processor.py:208} INFO - Processing /opt/airflow/dags/dataset_user_processing.py took 0.757 seconds
[2026-01-21T09:21:43.679+0000] {processor.py:186} INFO - Started process (PID=6881) to work on /opt/airflow/dags/dataset_user_processing.py
[2026-01-21T09:21:43.680+0000] {processor.py:914} INFO - Processing file /opt/airflow/dags/dataset_user_processing.py for tasks to queue
[2026-01-21T09:21:43.683+0000] {logging_mixin.py:190} INFO - [2026-01-21T09:21:43.683+0000] {dagbag.py:588} INFO - Filling up the DagBag from /opt/airflow/dags/dataset_user_processing.py
[2026-01-21T09:21:43.914+0000] {processor.py:925} INFO - DAG(s) 'user_processing_dataset' retrieved from /opt/airflow/dags/dataset_user_processing.py
[2026-01-21T09:21:43.936+0000] {logging_mixin.py:190} INFO - [2026-01-21T09:21:43.935+0000] {dag.py:3239} INFO - Sync 1 DAGs
[2026-01-21T09:21:43.956+0000] {logging_mixin.py:190} INFO - [2026-01-21T09:21:43.956+0000] {dag.py:4180} INFO - Setting next_dagrun for user_processing_dataset to 2026-01-20 00:00:00+00:00, run_after=2026-01-21 00:00:00+00:00
[2026-01-21T09:21:43.975+0000] {processor.py:208} INFO - Processing /opt/airflow/dags/dataset_user_processing.py took 0.305 seconds
[2026-01-21T09:22:14.569+0000] {processor.py:186} INFO - Started process (PID=6905) to work on /opt/airflow/dags/dataset_user_processing.py
[2026-01-21T09:22:14.570+0000] {processor.py:914} INFO - Processing file /opt/airflow/dags/dataset_user_processing.py for tasks to queue
[2026-01-21T09:22:14.572+0000] {logging_mixin.py:190} INFO - [2026-01-21T09:22:14.572+0000] {dagbag.py:588} INFO - Filling up the DagBag from /opt/airflow/dags/dataset_user_processing.py
[2026-01-21T09:22:14.832+0000] {processor.py:925} INFO - DAG(s) 'user_processing_dataset' retrieved from /opt/airflow/dags/dataset_user_processing.py
[2026-01-21T09:22:14.852+0000] {logging_mixin.py:190} INFO - [2026-01-21T09:22:14.851+0000] {dag.py:3239} INFO - Sync 1 DAGs
[2026-01-21T09:22:14.872+0000] {logging_mixin.py:190} INFO - [2026-01-21T09:22:14.872+0000] {dag.py:4180} INFO - Setting next_dagrun for user_processing_dataset to 2026-01-20 00:00:00+00:00, run_after=2026-01-21 00:00:00+00:00
[2026-01-21T09:22:14.904+0000] {processor.py:208} INFO - Processing /opt/airflow/dags/dataset_user_processing.py took 0.342 seconds
[2026-01-21T09:22:45.335+0000] {processor.py:186} INFO - Started process (PID=6929) to work on /opt/airflow/dags/dataset_user_processing.py
[2026-01-21T09:22:45.336+0000] {processor.py:914} INFO - Processing file /opt/airflow/dags/dataset_user_processing.py for tasks to queue
[2026-01-21T09:22:45.338+0000] {logging_mixin.py:190} INFO - [2026-01-21T09:22:45.338+0000] {dagbag.py:588} INFO - Filling up the DagBag from /opt/airflow/dags/dataset_user_processing.py
[2026-01-21T09:22:45.556+0000] {processor.py:925} INFO - DAG(s) 'user_processing_dataset' retrieved from /opt/airflow/dags/dataset_user_processing.py
[2026-01-21T09:22:45.587+0000] {logging_mixin.py:190} INFO - [2026-01-21T09:22:45.587+0000] {dag.py:3239} INFO - Sync 1 DAGs
[2026-01-21T09:22:45.632+0000] {logging_mixin.py:190} INFO - [2026-01-21T09:22:45.631+0000] {dag.py:4180} INFO - Setting next_dagrun for user_processing_dataset to 2026-01-20 00:00:00+00:00, run_after=2026-01-21 00:00:00+00:00
[2026-01-21T09:22:45.652+0000] {processor.py:208} INFO - Processing /opt/airflow/dags/dataset_user_processing.py took 0.330 seconds
[2026-01-21T09:23:15.942+0000] {processor.py:186} INFO - Started process (PID=6952) to work on /opt/airflow/dags/dataset_user_processing.py
[2026-01-21T09:23:15.943+0000] {processor.py:914} INFO - Processing file /opt/airflow/dags/dataset_user_processing.py for tasks to queue
[2026-01-21T09:23:15.945+0000] {logging_mixin.py:190} INFO - [2026-01-21T09:23:15.945+0000] {dagbag.py:588} INFO - Filling up the DagBag from /opt/airflow/dags/dataset_user_processing.py
[2026-01-21T09:23:16.192+0000] {processor.py:925} INFO - DAG(s) 'user_processing_dataset' retrieved from /opt/airflow/dags/dataset_user_processing.py
[2026-01-21T09:23:16.219+0000] {logging_mixin.py:190} INFO - [2026-01-21T09:23:16.218+0000] {dag.py:3239} INFO - Sync 1 DAGs
[2026-01-21T09:23:16.237+0000] {logging_mixin.py:190} INFO - [2026-01-21T09:23:16.237+0000] {dag.py:4180} INFO - Setting next_dagrun for user_processing_dataset to 2026-01-20 00:00:00+00:00, run_after=2026-01-21 00:00:00+00:00
[2026-01-21T09:23:16.254+0000] {processor.py:208} INFO - Processing /opt/airflow/dags/dataset_user_processing.py took 0.318 seconds
[2026-01-21T09:23:46.729+0000] {processor.py:186} INFO - Started process (PID=6977) to work on /opt/airflow/dags/dataset_user_processing.py
[2026-01-21T09:23:46.730+0000] {processor.py:914} INFO - Processing file /opt/airflow/dags/dataset_user_processing.py for tasks to queue
[2026-01-21T09:23:46.732+0000] {logging_mixin.py:190} INFO - [2026-01-21T09:23:46.731+0000] {dagbag.py:588} INFO - Filling up the DagBag from /opt/airflow/dags/dataset_user_processing.py
[2026-01-21T09:23:46.998+0000] {processor.py:925} INFO - DAG(s) 'user_processing_dataset' retrieved from /opt/airflow/dags/dataset_user_processing.py
[2026-01-21T09:23:47.019+0000] {logging_mixin.py:190} INFO - [2026-01-21T09:23:47.019+0000] {dag.py:3239} INFO - Sync 1 DAGs
[2026-01-21T09:23:47.039+0000] {logging_mixin.py:190} INFO - [2026-01-21T09:23:47.038+0000] {dag.py:4180} INFO - Setting next_dagrun for user_processing_dataset to 2026-01-20 00:00:00+00:00, run_after=2026-01-21 00:00:00+00:00
[2026-01-21T09:23:47.069+0000] {processor.py:208} INFO - Processing /opt/airflow/dags/dataset_user_processing.py took 0.346 seconds
[2026-01-21T09:24:17.349+0000] {processor.py:186} INFO - Started process (PID=7001) to work on /opt/airflow/dags/dataset_user_processing.py
[2026-01-21T09:24:17.349+0000] {processor.py:914} INFO - Processing file /opt/airflow/dags/dataset_user_processing.py for tasks to queue
[2026-01-21T09:24:17.351+0000] {logging_mixin.py:190} INFO - [2026-01-21T09:24:17.351+0000] {dagbag.py:588} INFO - Filling up the DagBag from /opt/airflow/dags/dataset_user_processing.py
[2026-01-21T09:24:17.600+0000] {processor.py:925} INFO - DAG(s) 'user_processing_dataset' retrieved from /opt/airflow/dags/dataset_user_processing.py
[2026-01-21T09:24:17.620+0000] {logging_mixin.py:190} INFO - [2026-01-21T09:24:17.620+0000] {dag.py:3239} INFO - Sync 1 DAGs
[2026-01-21T09:24:17.642+0000] {logging_mixin.py:190} INFO - [2026-01-21T09:24:17.642+0000] {dag.py:4180} INFO - Setting next_dagrun for user_processing_dataset to 2026-01-20 00:00:00+00:00, run_after=2026-01-21 00:00:00+00:00
[2026-01-21T09:24:17.660+0000] {processor.py:208} INFO - Processing /opt/airflow/dags/dataset_user_processing.py took 0.317 seconds
[2026-01-21T09:24:47.995+0000] {processor.py:186} INFO - Started process (PID=7024) to work on /opt/airflow/dags/dataset_user_processing.py
[2026-01-21T09:24:47.996+0000] {processor.py:914} INFO - Processing file /opt/airflow/dags/dataset_user_processing.py for tasks to queue
[2026-01-21T09:24:47.998+0000] {logging_mixin.py:190} INFO - [2026-01-21T09:24:47.998+0000] {dagbag.py:588} INFO - Filling up the DagBag from /opt/airflow/dags/dataset_user_processing.py
[2026-01-21T09:24:48.270+0000] {processor.py:925} INFO - DAG(s) 'user_processing_dataset' retrieved from /opt/airflow/dags/dataset_user_processing.py
[2026-01-21T09:24:48.292+0000] {logging_mixin.py:190} INFO - [2026-01-21T09:24:48.292+0000] {dag.py:3239} INFO - Sync 1 DAGs
[2026-01-21T09:24:48.315+0000] {logging_mixin.py:190} INFO - [2026-01-21T09:24:48.314+0000] {dag.py:4180} INFO - Setting next_dagrun for user_processing_dataset to 2026-01-20 00:00:00+00:00, run_after=2026-01-21 00:00:00+00:00
[2026-01-21T09:24:48.334+0000] {processor.py:208} INFO - Processing /opt/airflow/dags/dataset_user_processing.py took 0.348 seconds
[2026-01-21T09:25:18.502+0000] {processor.py:186} INFO - Started process (PID=7049) to work on /opt/airflow/dags/dataset_user_processing.py
[2026-01-21T09:25:18.503+0000] {processor.py:914} INFO - Processing file /opt/airflow/dags/dataset_user_processing.py for tasks to queue
[2026-01-21T09:25:18.504+0000] {logging_mixin.py:190} INFO - [2026-01-21T09:25:18.504+0000] {dagbag.py:588} INFO - Filling up the DagBag from /opt/airflow/dags/dataset_user_processing.py
[2026-01-21T09:25:18.785+0000] {processor.py:925} INFO - DAG(s) 'user_processing_dataset' retrieved from /opt/airflow/dags/dataset_user_processing.py
[2026-01-21T09:25:18.809+0000] {logging_mixin.py:190} INFO - [2026-01-21T09:25:18.809+0000] {dag.py:3239} INFO - Sync 1 DAGs
[2026-01-21T09:25:18.831+0000] {logging_mixin.py:190} INFO - [2026-01-21T09:25:18.831+0000] {dag.py:4180} INFO - Setting next_dagrun for user_processing_dataset to 2026-01-20 00:00:00+00:00, run_after=2026-01-21 00:00:00+00:00
[2026-01-21T09:25:18.852+0000] {processor.py:208} INFO - Processing /opt/airflow/dags/dataset_user_processing.py took 0.355 seconds
[2026-01-21T09:25:49.208+0000] {processor.py:186} INFO - Started process (PID=7072) to work on /opt/airflow/dags/dataset_user_processing.py
[2026-01-21T09:25:49.209+0000] {processor.py:914} INFO - Processing file /opt/airflow/dags/dataset_user_processing.py for tasks to queue
[2026-01-21T09:25:49.212+0000] {logging_mixin.py:190} INFO - [2026-01-21T09:25:49.211+0000] {dagbag.py:588} INFO - Filling up the DagBag from /opt/airflow/dags/dataset_user_processing.py
[2026-01-21T09:25:49.642+0000] {processor.py:925} INFO - DAG(s) 'user_processing_dataset' retrieved from /opt/airflow/dags/dataset_user_processing.py
[2026-01-21T09:25:49.675+0000] {logging_mixin.py:190} INFO - [2026-01-21T09:25:49.674+0000] {dag.py:3239} INFO - Sync 1 DAGs
[2026-01-21T09:25:49.704+0000] {logging_mixin.py:190} INFO - [2026-01-21T09:25:49.704+0000] {dag.py:4180} INFO - Setting next_dagrun for user_processing_dataset to 2026-01-20 00:00:00+00:00, run_after=2026-01-21 00:00:00+00:00
[2026-01-21T09:25:49.750+0000] {processor.py:208} INFO - Processing /opt/airflow/dags/dataset_user_processing.py took 0.547 seconds
[2026-01-21T09:26:20.072+0000] {processor.py:186} INFO - Started process (PID=7096) to work on /opt/airflow/dags/dataset_user_processing.py
[2026-01-21T09:26:20.073+0000] {processor.py:914} INFO - Processing file /opt/airflow/dags/dataset_user_processing.py for tasks to queue
[2026-01-21T09:26:20.076+0000] {logging_mixin.py:190} INFO - [2026-01-21T09:26:20.076+0000] {dagbag.py:588} INFO - Filling up the DagBag from /opt/airflow/dags/dataset_user_processing.py
[2026-01-21T09:26:20.539+0000] {processor.py:925} INFO - DAG(s) 'user_processing_dataset' retrieved from /opt/airflow/dags/dataset_user_processing.py
[2026-01-21T09:26:20.578+0000] {logging_mixin.py:190} INFO - [2026-01-21T09:26:20.578+0000] {dag.py:3239} INFO - Sync 1 DAGs
[2026-01-21T09:26:20.610+0000] {logging_mixin.py:190} INFO - [2026-01-21T09:26:20.610+0000] {dag.py:4180} INFO - Setting next_dagrun for user_processing_dataset to 2026-01-20 00:00:00+00:00, run_after=2026-01-21 00:00:00+00:00
[2026-01-21T09:26:20.648+0000] {processor.py:208} INFO - Processing /opt/airflow/dags/dataset_user_processing.py took 0.587 seconds
[2026-01-21T09:26:51.155+0000] {processor.py:186} INFO - Started process (PID=7120) to work on /opt/airflow/dags/dataset_user_processing.py
[2026-01-21T09:26:51.156+0000] {processor.py:914} INFO - Processing file /opt/airflow/dags/dataset_user_processing.py for tasks to queue
[2026-01-21T09:26:51.158+0000] {logging_mixin.py:190} INFO - [2026-01-21T09:26:51.157+0000] {dagbag.py:588} INFO - Filling up the DagBag from /opt/airflow/dags/dataset_user_processing.py
[2026-01-21T09:26:51.519+0000] {processor.py:925} INFO - DAG(s) 'user_processing_dataset' retrieved from /opt/airflow/dags/dataset_user_processing.py
[2026-01-21T09:26:51.547+0000] {logging_mixin.py:190} INFO - [2026-01-21T09:26:51.547+0000] {dag.py:3239} INFO - Sync 1 DAGs
[2026-01-21T09:26:51.581+0000] {logging_mixin.py:190} INFO - [2026-01-21T09:26:51.580+0000] {dag.py:4180} INFO - Setting next_dagrun for user_processing_dataset to 2026-01-20 00:00:00+00:00, run_after=2026-01-21 00:00:00+00:00
[2026-01-21T09:26:51.612+0000] {processor.py:208} INFO - Processing /opt/airflow/dags/dataset_user_processing.py took 0.462 seconds
[2026-01-21T09:27:22.263+0000] {processor.py:186} INFO - Started process (PID=7144) to work on /opt/airflow/dags/dataset_user_processing.py
[2026-01-21T09:27:22.265+0000] {processor.py:914} INFO - Processing file /opt/airflow/dags/dataset_user_processing.py for tasks to queue
[2026-01-21T09:27:22.267+0000] {logging_mixin.py:190} INFO - [2026-01-21T09:27:22.266+0000] {dagbag.py:588} INFO - Filling up the DagBag from /opt/airflow/dags/dataset_user_processing.py
[2026-01-21T09:27:22.483+0000] {processor.py:925} INFO - DAG(s) 'user_processing_dataset' retrieved from /opt/airflow/dags/dataset_user_processing.py
[2026-01-21T09:27:22.501+0000] {logging_mixin.py:190} INFO - [2026-01-21T09:27:22.501+0000] {dag.py:3239} INFO - Sync 1 DAGs
[2026-01-21T09:27:22.519+0000] {logging_mixin.py:190} INFO - [2026-01-21T09:27:22.518+0000] {dag.py:4180} INFO - Setting next_dagrun for user_processing_dataset to 2026-01-20 00:00:00+00:00, run_after=2026-01-21 00:00:00+00:00
[2026-01-21T09:27:22.542+0000] {processor.py:208} INFO - Processing /opt/airflow/dags/dataset_user_processing.py took 0.283 seconds
[2026-01-21T09:27:52.904+0000] {processor.py:186} INFO - Started process (PID=7169) to work on /opt/airflow/dags/dataset_user_processing.py
[2026-01-21T09:27:52.905+0000] {processor.py:914} INFO - Processing file /opt/airflow/dags/dataset_user_processing.py for tasks to queue
[2026-01-21T09:27:52.907+0000] {logging_mixin.py:190} INFO - [2026-01-21T09:27:52.907+0000] {dagbag.py:588} INFO - Filling up the DagBag from /opt/airflow/dags/dataset_user_processing.py
[2026-01-21T09:27:53.131+0000] {processor.py:925} INFO - DAG(s) 'user_processing_dataset' retrieved from /opt/airflow/dags/dataset_user_processing.py
[2026-01-21T09:27:53.151+0000] {logging_mixin.py:190} INFO - [2026-01-21T09:27:53.151+0000] {dag.py:3239} INFO - Sync 1 DAGs
[2026-01-21T09:27:53.169+0000] {logging_mixin.py:190} INFO - [2026-01-21T09:27:53.168+0000] {dag.py:4180} INFO - Setting next_dagrun for user_processing_dataset to 2026-01-20 00:00:00+00:00, run_after=2026-01-21 00:00:00+00:00
[2026-01-21T09:27:53.187+0000] {processor.py:208} INFO - Processing /opt/airflow/dags/dataset_user_processing.py took 0.288 seconds
[2026-01-21T09:28:23.283+0000] {processor.py:186} INFO - Started process (PID=7193) to work on /opt/airflow/dags/dataset_user_processing.py
[2026-01-21T09:28:23.284+0000] {processor.py:914} INFO - Processing file /opt/airflow/dags/dataset_user_processing.py for tasks to queue
[2026-01-21T09:28:23.286+0000] {logging_mixin.py:190} INFO - [2026-01-21T09:28:23.285+0000] {dagbag.py:588} INFO - Filling up the DagBag from /opt/airflow/dags/dataset_user_processing.py
[2026-01-21T09:28:23.534+0000] {processor.py:925} INFO - DAG(s) 'user_processing_dataset' retrieved from /opt/airflow/dags/dataset_user_processing.py
[2026-01-21T09:28:23.552+0000] {logging_mixin.py:190} INFO - [2026-01-21T09:28:23.552+0000] {dag.py:3239} INFO - Sync 1 DAGs
[2026-01-21T09:28:23.571+0000] {logging_mixin.py:190} INFO - [2026-01-21T09:28:23.571+0000] {dag.py:4180} INFO - Setting next_dagrun for user_processing_dataset to 2026-01-20 00:00:00+00:00, run_after=2026-01-21 00:00:00+00:00
[2026-01-21T09:28:23.588+0000] {processor.py:208} INFO - Processing /opt/airflow/dags/dataset_user_processing.py took 0.310 seconds
[2026-01-21T09:28:54.774+0000] {processor.py:186} INFO - Started process (PID=7216) to work on /opt/airflow/dags/dataset_user_processing.py
[2026-01-21T09:28:54.775+0000] {processor.py:914} INFO - Processing file /opt/airflow/dags/dataset_user_processing.py for tasks to queue
[2026-01-21T09:28:54.777+0000] {logging_mixin.py:190} INFO - [2026-01-21T09:28:54.777+0000] {dagbag.py:588} INFO - Filling up the DagBag from /opt/airflow/dags/dataset_user_processing.py
[2026-01-21T09:28:55.004+0000] {processor.py:925} INFO - DAG(s) 'user_processing_dataset' retrieved from /opt/airflow/dags/dataset_user_processing.py
[2026-01-21T09:28:55.022+0000] {logging_mixin.py:190} INFO - [2026-01-21T09:28:55.022+0000] {dag.py:3239} INFO - Sync 1 DAGs
[2026-01-21T09:28:55.040+0000] {logging_mixin.py:190} INFO - [2026-01-21T09:28:55.040+0000] {dag.py:4180} INFO - Setting next_dagrun for user_processing_dataset to 2026-01-20 00:00:00+00:00, run_after=2026-01-21 00:00:00+00:00
[2026-01-21T09:28:55.057+0000] {processor.py:208} INFO - Processing /opt/airflow/dags/dataset_user_processing.py took 0.289 seconds
[2026-01-21T09:29:25.240+0000] {processor.py:186} INFO - Started process (PID=7241) to work on /opt/airflow/dags/dataset_user_processing.py
[2026-01-21T09:29:25.241+0000] {processor.py:914} INFO - Processing file /opt/airflow/dags/dataset_user_processing.py for tasks to queue
[2026-01-21T09:29:25.243+0000] {logging_mixin.py:190} INFO - [2026-01-21T09:29:25.243+0000] {dagbag.py:588} INFO - Filling up the DagBag from /opt/airflow/dags/dataset_user_processing.py
[2026-01-21T09:29:25.465+0000] {processor.py:925} INFO - DAG(s) 'user_processing_dataset' retrieved from /opt/airflow/dags/dataset_user_processing.py
[2026-01-21T09:29:25.486+0000] {logging_mixin.py:190} INFO - [2026-01-21T09:29:25.485+0000] {dag.py:3239} INFO - Sync 1 DAGs
[2026-01-21T09:29:25.504+0000] {logging_mixin.py:190} INFO - [2026-01-21T09:29:25.504+0000] {dag.py:4180} INFO - Setting next_dagrun for user_processing_dataset to 2026-01-20 00:00:00+00:00, run_after=2026-01-21 00:00:00+00:00
[2026-01-21T09:29:25.522+0000] {processor.py:208} INFO - Processing /opt/airflow/dags/dataset_user_processing.py took 0.287 seconds
[2026-01-21T09:29:55.639+0000] {processor.py:186} INFO - Started process (PID=7265) to work on /opt/airflow/dags/dataset_user_processing.py
[2026-01-21T09:29:55.639+0000] {processor.py:914} INFO - Processing file /opt/airflow/dags/dataset_user_processing.py for tasks to queue
[2026-01-21T09:29:55.642+0000] {logging_mixin.py:190} INFO - [2026-01-21T09:29:55.641+0000] {dagbag.py:588} INFO - Filling up the DagBag from /opt/airflow/dags/dataset_user_processing.py
[2026-01-21T09:29:55.922+0000] {processor.py:925} INFO - DAG(s) 'user_processing_dataset' retrieved from /opt/airflow/dags/dataset_user_processing.py
[2026-01-21T09:29:55.942+0000] {logging_mixin.py:190} INFO - [2026-01-21T09:29:55.941+0000] {dag.py:3239} INFO - Sync 1 DAGs
[2026-01-21T09:29:55.960+0000] {logging_mixin.py:190} INFO - [2026-01-21T09:29:55.960+0000] {dag.py:4180} INFO - Setting next_dagrun for user_processing_dataset to 2026-01-20 00:00:00+00:00, run_after=2026-01-21 00:00:00+00:00
[2026-01-21T09:29:55.980+0000] {processor.py:208} INFO - Processing /opt/airflow/dags/dataset_user_processing.py took 0.348 seconds
[2026-01-21T09:30:26.846+0000] {processor.py:186} INFO - Started process (PID=7287) to work on /opt/airflow/dags/dataset_user_processing.py
[2026-01-21T09:30:26.847+0000] {processor.py:914} INFO - Processing file /opt/airflow/dags/dataset_user_processing.py for tasks to queue
[2026-01-21T09:30:26.848+0000] {logging_mixin.py:190} INFO - [2026-01-21T09:30:26.848+0000] {dagbag.py:588} INFO - Filling up the DagBag from /opt/airflow/dags/dataset_user_processing.py
[2026-01-21T09:30:27.086+0000] {processor.py:925} INFO - DAG(s) 'user_processing_dataset' retrieved from /opt/airflow/dags/dataset_user_processing.py
[2026-01-21T09:30:27.106+0000] {logging_mixin.py:190} INFO - [2026-01-21T09:30:27.106+0000] {dag.py:3239} INFO - Sync 1 DAGs
[2026-01-21T09:30:27.128+0000] {logging_mixin.py:190} INFO - [2026-01-21T09:30:27.127+0000] {dag.py:4180} INFO - Setting next_dagrun for user_processing_dataset to 2026-01-20 00:00:00+00:00, run_after=2026-01-21 00:00:00+00:00
[2026-01-21T09:30:27.147+0000] {processor.py:208} INFO - Processing /opt/airflow/dags/dataset_user_processing.py took 0.307 seconds
[2026-01-21T09:30:57.666+0000] {processor.py:186} INFO - Started process (PID=7312) to work on /opt/airflow/dags/dataset_user_processing.py
[2026-01-21T09:30:57.666+0000] {processor.py:914} INFO - Processing file /opt/airflow/dags/dataset_user_processing.py for tasks to queue
[2026-01-21T09:30:57.668+0000] {logging_mixin.py:190} INFO - [2026-01-21T09:30:57.668+0000] {dagbag.py:588} INFO - Filling up the DagBag from /opt/airflow/dags/dataset_user_processing.py
[2026-01-21T09:30:57.918+0000] {processor.py:925} INFO - DAG(s) 'user_processing_dataset' retrieved from /opt/airflow/dags/dataset_user_processing.py
[2026-01-21T09:30:57.937+0000] {logging_mixin.py:190} INFO - [2026-01-21T09:30:57.937+0000] {dag.py:3239} INFO - Sync 1 DAGs
[2026-01-21T09:30:57.956+0000] {logging_mixin.py:190} INFO - [2026-01-21T09:30:57.955+0000] {dag.py:4180} INFO - Setting next_dagrun for user_processing_dataset to 2026-01-20 00:00:00+00:00, run_after=2026-01-21 00:00:00+00:00
[2026-01-21T09:30:57.981+0000] {processor.py:208} INFO - Processing /opt/airflow/dags/dataset_user_processing.py took 0.321 seconds
[2026-01-21T09:31:28.639+0000] {processor.py:186} INFO - Started process (PID=7336) to work on /opt/airflow/dags/dataset_user_processing.py
[2026-01-21T09:31:28.640+0000] {processor.py:914} INFO - Processing file /opt/airflow/dags/dataset_user_processing.py for tasks to queue
[2026-01-21T09:31:28.644+0000] {logging_mixin.py:190} INFO - [2026-01-21T09:31:28.644+0000] {dagbag.py:588} INFO - Filling up the DagBag from /opt/airflow/dags/dataset_user_processing.py
[2026-01-21T09:31:29.081+0000] {processor.py:925} INFO - DAG(s) 'user_processing_dataset' retrieved from /opt/airflow/dags/dataset_user_processing.py
[2026-01-21T09:31:29.112+0000] {logging_mixin.py:190} INFO - [2026-01-21T09:31:29.111+0000] {dag.py:3239} INFO - Sync 1 DAGs
[2026-01-21T09:31:29.142+0000] {logging_mixin.py:190} INFO - [2026-01-21T09:31:29.142+0000] {dag.py:4180} INFO - Setting next_dagrun for user_processing_dataset to 2026-01-20 00:00:00+00:00, run_after=2026-01-21 00:00:00+00:00
[2026-01-21T09:31:29.168+0000] {processor.py:208} INFO - Processing /opt/airflow/dags/dataset_user_processing.py took 0.540 seconds
[2026-01-21T09:31:59.379+0000] {processor.py:186} INFO - Started process (PID=7360) to work on /opt/airflow/dags/dataset_user_processing.py
[2026-01-21T09:31:59.381+0000] {processor.py:914} INFO - Processing file /opt/airflow/dags/dataset_user_processing.py for tasks to queue
[2026-01-21T09:31:59.385+0000] {logging_mixin.py:190} INFO - [2026-01-21T09:31:59.384+0000] {dagbag.py:588} INFO - Filling up the DagBag from /opt/airflow/dags/dataset_user_processing.py
[2026-01-21T09:31:59.929+0000] {processor.py:925} INFO - DAG(s) 'user_processing_dataset' retrieved from /opt/airflow/dags/dataset_user_processing.py
[2026-01-21T09:31:59.966+0000] {logging_mixin.py:190} INFO - [2026-01-21T09:31:59.965+0000] {dag.py:3239} INFO - Sync 1 DAGs
[2026-01-21T09:32:00.005+0000] {logging_mixin.py:190} INFO - [2026-01-21T09:32:00.005+0000] {dag.py:4180} INFO - Setting next_dagrun for user_processing_dataset to 2026-01-20 00:00:00+00:00, run_after=2026-01-21 00:00:00+00:00
[2026-01-21T09:32:00.052+0000] {processor.py:208} INFO - Processing /opt/airflow/dags/dataset_user_processing.py took 0.685 seconds
[2026-01-21T09:32:30.191+0000] {processor.py:186} INFO - Started process (PID=7383) to work on /opt/airflow/dags/dataset_user_processing.py
[2026-01-21T09:32:30.192+0000] {processor.py:914} INFO - Processing file /opt/airflow/dags/dataset_user_processing.py for tasks to queue
[2026-01-21T09:32:30.196+0000] {logging_mixin.py:190} INFO - [2026-01-21T09:32:30.196+0000] {dagbag.py:588} INFO - Filling up the DagBag from /opt/airflow/dags/dataset_user_processing.py
[2026-01-21T09:32:30.752+0000] {processor.py:925} INFO - DAG(s) 'user_processing_dataset' retrieved from /opt/airflow/dags/dataset_user_processing.py
[2026-01-21T09:32:30.793+0000] {logging_mixin.py:190} INFO - [2026-01-21T09:32:30.792+0000] {dag.py:3239} INFO - Sync 1 DAGs
[2026-01-21T09:32:30.842+0000] {logging_mixin.py:190} INFO - [2026-01-21T09:32:30.842+0000] {dag.py:4180} INFO - Setting next_dagrun for user_processing_dataset to 2026-01-20 00:00:00+00:00, run_after=2026-01-21 00:00:00+00:00
[2026-01-21T09:32:30.889+0000] {processor.py:208} INFO - Processing /opt/airflow/dags/dataset_user_processing.py took 0.709 seconds
[2026-01-21T09:33:01.039+0000] {processor.py:186} INFO - Started process (PID=7407) to work on /opt/airflow/dags/dataset_user_processing.py
[2026-01-21T09:33:01.040+0000] {processor.py:914} INFO - Processing file /opt/airflow/dags/dataset_user_processing.py for tasks to queue
[2026-01-21T09:33:01.054+0000] {logging_mixin.py:190} INFO - [2026-01-21T09:33:01.053+0000] {dagbag.py:588} INFO - Filling up the DagBag from /opt/airflow/dags/dataset_user_processing.py
[2026-01-21T09:33:01.607+0000] {processor.py:925} INFO - DAG(s) 'user_processing_dataset' retrieved from /opt/airflow/dags/dataset_user_processing.py
[2026-01-21T09:33:01.649+0000] {logging_mixin.py:190} INFO - [2026-01-21T09:33:01.648+0000] {dag.py:3239} INFO - Sync 1 DAGs
[2026-01-21T09:33:01.694+0000] {logging_mixin.py:190} INFO - [2026-01-21T09:33:01.694+0000] {dag.py:4180} INFO - Setting next_dagrun for user_processing_dataset to 2026-01-20 00:00:00+00:00, run_after=2026-01-21 00:00:00+00:00
[2026-01-21T09:33:01.729+0000] {processor.py:208} INFO - Processing /opt/airflow/dags/dataset_user_processing.py took 0.701 seconds
[2026-01-21T09:33:31.997+0000] {processor.py:186} INFO - Started process (PID=7431) to work on /opt/airflow/dags/dataset_user_processing.py
[2026-01-21T09:33:31.999+0000] {processor.py:914} INFO - Processing file /opt/airflow/dags/dataset_user_processing.py for tasks to queue
[2026-01-21T09:33:32.003+0000] {logging_mixin.py:190} INFO - [2026-01-21T09:33:32.003+0000] {dagbag.py:588} INFO - Filling up the DagBag from /opt/airflow/dags/dataset_user_processing.py
[2026-01-21T09:33:32.676+0000] {processor.py:925} INFO - DAG(s) 'user_processing_dataset' retrieved from /opt/airflow/dags/dataset_user_processing.py
[2026-01-21T09:33:32.730+0000] {logging_mixin.py:190} INFO - [2026-01-21T09:33:32.728+0000] {dag.py:3239} INFO - Sync 1 DAGs
[2026-01-21T09:33:32.785+0000] {logging_mixin.py:190} INFO - [2026-01-21T09:33:32.784+0000] {dag.py:4180} INFO - Setting next_dagrun for user_processing_dataset to 2026-01-20 00:00:00+00:00, run_after=2026-01-21 00:00:00+00:00
[2026-01-21T09:33:32.835+0000] {processor.py:208} INFO - Processing /opt/airflow/dags/dataset_user_processing.py took 0.852 seconds
[2026-01-21T09:34:03.104+0000] {processor.py:186} INFO - Started process (PID=7456) to work on /opt/airflow/dags/dataset_user_processing.py
[2026-01-21T09:34:03.105+0000] {processor.py:914} INFO - Processing file /opt/airflow/dags/dataset_user_processing.py for tasks to queue
[2026-01-21T09:34:03.109+0000] {logging_mixin.py:190} INFO - [2026-01-21T09:34:03.108+0000] {dagbag.py:588} INFO - Filling up the DagBag from /opt/airflow/dags/dataset_user_processing.py
[2026-01-21T09:34:03.666+0000] {processor.py:925} INFO - DAG(s) 'user_processing_dataset' retrieved from /opt/airflow/dags/dataset_user_processing.py
[2026-01-21T09:34:03.724+0000] {logging_mixin.py:190} INFO - [2026-01-21T09:34:03.723+0000] {dag.py:3239} INFO - Sync 1 DAGs
[2026-01-21T09:34:03.767+0000] {logging_mixin.py:190} INFO - [2026-01-21T09:34:03.766+0000] {dag.py:4180} INFO - Setting next_dagrun for user_processing_dataset to 2026-01-20 00:00:00+00:00, run_after=2026-01-21 00:00:00+00:00
[2026-01-21T09:34:03.806+0000] {processor.py:208} INFO - Processing /opt/airflow/dags/dataset_user_processing.py took 0.713 seconds
[2026-01-21T09:34:34.659+0000] {processor.py:186} INFO - Started process (PID=7479) to work on /opt/airflow/dags/dataset_user_processing.py
[2026-01-21T09:34:34.660+0000] {processor.py:914} INFO - Processing file /opt/airflow/dags/dataset_user_processing.py for tasks to queue
[2026-01-21T09:34:34.663+0000] {logging_mixin.py:190} INFO - [2026-01-21T09:34:34.662+0000] {dagbag.py:588} INFO - Filling up the DagBag from /opt/airflow/dags/dataset_user_processing.py
[2026-01-21T09:34:35.105+0000] {processor.py:925} INFO - DAG(s) 'user_processing_dataset' retrieved from /opt/airflow/dags/dataset_user_processing.py
[2026-01-21T09:34:35.137+0000] {logging_mixin.py:190} INFO - [2026-01-21T09:34:35.137+0000] {dag.py:3239} INFO - Sync 1 DAGs
[2026-01-21T09:34:35.186+0000] {logging_mixin.py:190} INFO - [2026-01-21T09:34:35.185+0000] {dag.py:4180} INFO - Setting next_dagrun for user_processing_dataset to 2026-01-20 00:00:00+00:00, run_after=2026-01-21 00:00:00+00:00
[2026-01-21T09:34:35.225+0000] {processor.py:208} INFO - Processing /opt/airflow/dags/dataset_user_processing.py took 0.571 seconds
[2026-01-21T09:35:05.675+0000] {processor.py:186} INFO - Started process (PID=7503) to work on /opt/airflow/dags/dataset_user_processing.py
[2026-01-21T09:35:05.680+0000] {processor.py:914} INFO - Processing file /opt/airflow/dags/dataset_user_processing.py for tasks to queue
[2026-01-21T09:35:05.683+0000] {logging_mixin.py:190} INFO - [2026-01-21T09:35:05.683+0000] {dagbag.py:588} INFO - Filling up the DagBag from /opt/airflow/dags/dataset_user_processing.py
[2026-01-21T09:35:06.113+0000] {processor.py:925} INFO - DAG(s) 'user_processing_dataset' retrieved from /opt/airflow/dags/dataset_user_processing.py
[2026-01-21T09:35:06.171+0000] {logging_mixin.py:190} INFO - [2026-01-21T09:35:06.170+0000] {dag.py:3239} INFO - Sync 1 DAGs
[2026-01-21T09:35:06.211+0000] {logging_mixin.py:190} INFO - [2026-01-21T09:35:06.211+0000] {dag.py:4180} INFO - Setting next_dagrun for user_processing_dataset to 2026-01-20 00:00:00+00:00, run_after=2026-01-21 00:00:00+00:00
[2026-01-21T09:35:06.251+0000] {processor.py:208} INFO - Processing /opt/airflow/dags/dataset_user_processing.py took 0.583 seconds
[2026-01-21T09:35:36.824+0000] {processor.py:186} INFO - Started process (PID=7527) to work on /opt/airflow/dags/dataset_user_processing.py
[2026-01-21T09:35:36.825+0000] {processor.py:914} INFO - Processing file /opt/airflow/dags/dataset_user_processing.py for tasks to queue
[2026-01-21T09:35:36.827+0000] {logging_mixin.py:190} INFO - [2026-01-21T09:35:36.827+0000] {dagbag.py:588} INFO - Filling up the DagBag from /opt/airflow/dags/dataset_user_processing.py
[2026-01-21T09:35:37.266+0000] {processor.py:925} INFO - DAG(s) 'user_processing_dataset' retrieved from /opt/airflow/dags/dataset_user_processing.py
[2026-01-21T09:35:37.300+0000] {logging_mixin.py:190} INFO - [2026-01-21T09:35:37.299+0000] {dag.py:3239} INFO - Sync 1 DAGs
[2026-01-21T09:35:37.327+0000] {logging_mixin.py:190} INFO - [2026-01-21T09:35:37.326+0000] {dag.py:4180} INFO - Setting next_dagrun for user_processing_dataset to 2026-01-20 00:00:00+00:00, run_after=2026-01-21 00:00:00+00:00
[2026-01-21T09:35:37.353+0000] {processor.py:208} INFO - Processing /opt/airflow/dags/dataset_user_processing.py took 0.536 seconds
[2026-01-21T09:36:07.817+0000] {processor.py:186} INFO - Started process (PID=7551) to work on /opt/airflow/dags/dataset_user_processing.py
[2026-01-21T09:36:07.818+0000] {processor.py:914} INFO - Processing file /opt/airflow/dags/dataset_user_processing.py for tasks to queue
[2026-01-21T09:36:07.820+0000] {logging_mixin.py:190} INFO - [2026-01-21T09:36:07.820+0000] {dagbag.py:588} INFO - Filling up the DagBag from /opt/airflow/dags/dataset_user_processing.py
[2026-01-21T09:36:08.148+0000] {processor.py:925} INFO - DAG(s) 'user_processing_dataset' retrieved from /opt/airflow/dags/dataset_user_processing.py
[2026-01-21T09:36:08.169+0000] {logging_mixin.py:190} INFO - [2026-01-21T09:36:08.169+0000] {dag.py:3239} INFO - Sync 1 DAGs
[2026-01-21T09:36:08.191+0000] {logging_mixin.py:190} INFO - [2026-01-21T09:36:08.190+0000] {dag.py:4180} INFO - Setting next_dagrun for user_processing_dataset to 2026-01-20 00:00:00+00:00, run_after=2026-01-21 00:00:00+00:00
[2026-01-21T09:36:08.213+0000] {processor.py:208} INFO - Processing /opt/airflow/dags/dataset_user_processing.py took 0.402 seconds
[2026-01-21T09:36:38.736+0000] {processor.py:186} INFO - Started process (PID=7581) to work on /opt/airflow/dags/dataset_user_processing.py
[2026-01-21T09:36:38.737+0000] {processor.py:914} INFO - Processing file /opt/airflow/dags/dataset_user_processing.py for tasks to queue
[2026-01-21T09:36:38.739+0000] {logging_mixin.py:190} INFO - [2026-01-21T09:36:38.739+0000] {dagbag.py:588} INFO - Filling up the DagBag from /opt/airflow/dags/dataset_user_processing.py
[2026-01-21T09:36:39.081+0000] {processor.py:925} INFO - DAG(s) 'user_processing_dataset' retrieved from /opt/airflow/dags/dataset_user_processing.py
[2026-01-21T09:36:39.101+0000] {logging_mixin.py:190} INFO - [2026-01-21T09:36:39.101+0000] {dag.py:3239} INFO - Sync 1 DAGs
[2026-01-21T09:36:39.125+0000] {logging_mixin.py:190} INFO - [2026-01-21T09:36:39.125+0000] {dag.py:4180} INFO - Setting next_dagrun for user_processing_dataset to 2026-01-20 00:00:00+00:00, run_after=2026-01-21 00:00:00+00:00
[2026-01-21T09:36:39.147+0000] {processor.py:208} INFO - Processing /opt/airflow/dags/dataset_user_processing.py took 0.418 seconds
[2026-01-21T09:37:09.208+0000] {processor.py:186} INFO - Started process (PID=7605) to work on /opt/airflow/dags/dataset_user_processing.py
[2026-01-21T09:37:09.209+0000] {processor.py:914} INFO - Processing file /opt/airflow/dags/dataset_user_processing.py for tasks to queue
[2026-01-21T09:37:09.212+0000] {logging_mixin.py:190} INFO - [2026-01-21T09:37:09.212+0000] {dagbag.py:588} INFO - Filling up the DagBag from /opt/airflow/dags/dataset_user_processing.py
[2026-01-21T09:37:09.479+0000] {processor.py:925} INFO - DAG(s) 'user_processing_dataset' retrieved from /opt/airflow/dags/dataset_user_processing.py
[2026-01-21T09:37:09.499+0000] {logging_mixin.py:190} INFO - [2026-01-21T09:37:09.499+0000] {dag.py:3239} INFO - Sync 1 DAGs
[2026-01-21T09:37:09.519+0000] {logging_mixin.py:190} INFO - [2026-01-21T09:37:09.519+0000] {dag.py:4180} INFO - Setting next_dagrun for user_processing_dataset to 2026-01-20 00:00:00+00:00, run_after=2026-01-21 00:00:00+00:00
[2026-01-21T09:37:09.539+0000] {processor.py:208} INFO - Processing /opt/airflow/dags/dataset_user_processing.py took 0.340 seconds
[2026-01-21T09:37:39.937+0000] {processor.py:186} INFO - Started process (PID=7629) to work on /opt/airflow/dags/dataset_user_processing.py
[2026-01-21T09:37:39.938+0000] {processor.py:914} INFO - Processing file /opt/airflow/dags/dataset_user_processing.py for tasks to queue
[2026-01-21T09:37:39.941+0000] {logging_mixin.py:190} INFO - [2026-01-21T09:37:39.940+0000] {dagbag.py:588} INFO - Filling up the DagBag from /opt/airflow/dags/dataset_user_processing.py
[2026-01-21T09:37:40.333+0000] {processor.py:925} INFO - DAG(s) 'user_processing_dataset' retrieved from /opt/airflow/dags/dataset_user_processing.py
[2026-01-21T09:37:40.359+0000] {logging_mixin.py:190} INFO - [2026-01-21T09:37:40.359+0000] {dag.py:3239} INFO - Sync 1 DAGs
[2026-01-21T09:37:40.390+0000] {logging_mixin.py:190} INFO - [2026-01-21T09:37:40.390+0000] {dag.py:4180} INFO - Setting next_dagrun for user_processing_dataset to 2026-01-20 00:00:00+00:00, run_after=2026-01-21 00:00:00+00:00
[2026-01-21T09:37:40.418+0000] {processor.py:208} INFO - Processing /opt/airflow/dags/dataset_user_processing.py took 0.496 seconds
[2026-01-21T09:38:10.849+0000] {processor.py:186} INFO - Started process (PID=7653) to work on /opt/airflow/dags/dataset_user_processing.py
[2026-01-21T09:38:10.850+0000] {processor.py:914} INFO - Processing file /opt/airflow/dags/dataset_user_processing.py for tasks to queue
[2026-01-21T09:38:10.853+0000] {logging_mixin.py:190} INFO - [2026-01-21T09:38:10.853+0000] {dagbag.py:588} INFO - Filling up the DagBag from /opt/airflow/dags/dataset_user_processing.py
[2026-01-21T09:38:11.211+0000] {processor.py:925} INFO - DAG(s) 'user_processing_dataset' retrieved from /opt/airflow/dags/dataset_user_processing.py
[2026-01-21T09:38:11.239+0000] {logging_mixin.py:190} INFO - [2026-01-21T09:38:11.239+0000] {dag.py:3239} INFO - Sync 1 DAGs
[2026-01-21T09:38:11.266+0000] {logging_mixin.py:190} INFO - [2026-01-21T09:38:11.266+0000] {dag.py:4180} INFO - Setting next_dagrun for user_processing_dataset to 2026-01-20 00:00:00+00:00, run_after=2026-01-21 00:00:00+00:00
[2026-01-21T09:38:11.287+0000] {processor.py:208} INFO - Processing /opt/airflow/dags/dataset_user_processing.py took 0.445 seconds
[2026-01-21T09:38:41.379+0000] {processor.py:186} INFO - Started process (PID=7677) to work on /opt/airflow/dags/dataset_user_processing.py
[2026-01-21T09:38:41.380+0000] {processor.py:914} INFO - Processing file /opt/airflow/dags/dataset_user_processing.py for tasks to queue
[2026-01-21T09:38:41.383+0000] {logging_mixin.py:190} INFO - [2026-01-21T09:38:41.382+0000] {dagbag.py:588} INFO - Filling up the DagBag from /opt/airflow/dags/dataset_user_processing.py
[2026-01-21T09:38:41.666+0000] {processor.py:925} INFO - DAG(s) 'user_processing_dataset' retrieved from /opt/airflow/dags/dataset_user_processing.py
[2026-01-21T09:38:41.689+0000] {logging_mixin.py:190} INFO - [2026-01-21T09:38:41.689+0000] {dag.py:3239} INFO - Sync 1 DAGs
[2026-01-21T09:38:41.710+0000] {logging_mixin.py:190} INFO - [2026-01-21T09:38:41.710+0000] {dag.py:4180} INFO - Setting next_dagrun for user_processing_dataset to 2026-01-20 00:00:00+00:00, run_after=2026-01-21 00:00:00+00:00
[2026-01-21T09:38:41.730+0000] {processor.py:208} INFO - Processing /opt/airflow/dags/dataset_user_processing.py took 0.358 seconds
[2026-01-21T09:39:11.831+0000] {processor.py:186} INFO - Started process (PID=7701) to work on /opt/airflow/dags/dataset_user_processing.py
[2026-01-21T09:39:11.832+0000] {processor.py:914} INFO - Processing file /opt/airflow/dags/dataset_user_processing.py for tasks to queue
[2026-01-21T09:39:11.835+0000] {logging_mixin.py:190} INFO - [2026-01-21T09:39:11.834+0000] {dagbag.py:588} INFO - Filling up the DagBag from /opt/airflow/dags/dataset_user_processing.py
[2026-01-21T09:39:12.095+0000] {processor.py:925} INFO - DAG(s) 'user_processing_dataset' retrieved from /opt/airflow/dags/dataset_user_processing.py
[2026-01-21T09:39:12.119+0000] {logging_mixin.py:190} INFO - [2026-01-21T09:39:12.119+0000] {dag.py:3239} INFO - Sync 1 DAGs
[2026-01-21T09:39:12.144+0000] {logging_mixin.py:190} INFO - [2026-01-21T09:39:12.143+0000] {dag.py:4180} INFO - Setting next_dagrun for user_processing_dataset to 2026-01-20 00:00:00+00:00, run_after=2026-01-21 00:00:00+00:00
[2026-01-21T09:39:12.164+0000] {processor.py:208} INFO - Processing /opt/airflow/dags/dataset_user_processing.py took 0.343 seconds
[2026-01-21T09:39:42.828+0000] {processor.py:186} INFO - Started process (PID=7726) to work on /opt/airflow/dags/dataset_user_processing.py
[2026-01-21T09:39:42.828+0000] {processor.py:914} INFO - Processing file /opt/airflow/dags/dataset_user_processing.py for tasks to queue
[2026-01-21T09:39:42.831+0000] {logging_mixin.py:190} INFO - [2026-01-21T09:39:42.830+0000] {dagbag.py:588} INFO - Filling up the DagBag from /opt/airflow/dags/dataset_user_processing.py
[2026-01-21T09:39:43.061+0000] {processor.py:925} INFO - DAG(s) 'user_processing_dataset' retrieved from /opt/airflow/dags/dataset_user_processing.py
[2026-01-21T09:39:43.080+0000] {logging_mixin.py:190} INFO - [2026-01-21T09:39:43.079+0000] {dag.py:3239} INFO - Sync 1 DAGs
[2026-01-21T09:39:43.097+0000] {logging_mixin.py:190} INFO - [2026-01-21T09:39:43.097+0000] {dag.py:4180} INFO - Setting next_dagrun for user_processing_dataset to 2026-01-20 00:00:00+00:00, run_after=2026-01-21 00:00:00+00:00
[2026-01-21T09:39:43.115+0000] {processor.py:208} INFO - Processing /opt/airflow/dags/dataset_user_processing.py took 0.296 seconds
[2026-01-21T09:40:13.319+0000] {processor.py:186} INFO - Started process (PID=7749) to work on /opt/airflow/dags/dataset_user_processing.py
[2026-01-21T09:40:13.320+0000] {processor.py:914} INFO - Processing file /opt/airflow/dags/dataset_user_processing.py for tasks to queue
[2026-01-21T09:40:13.322+0000] {logging_mixin.py:190} INFO - [2026-01-21T09:40:13.322+0000] {dagbag.py:588} INFO - Filling up the DagBag from /opt/airflow/dags/dataset_user_processing.py
[2026-01-21T09:40:13.626+0000] {processor.py:925} INFO - DAG(s) 'user_processing_dataset' retrieved from /opt/airflow/dags/dataset_user_processing.py
[2026-01-21T09:40:13.650+0000] {logging_mixin.py:190} INFO - [2026-01-21T09:40:13.650+0000] {dag.py:3239} INFO - Sync 1 DAGs
[2026-01-21T09:40:13.673+0000] {logging_mixin.py:190} INFO - [2026-01-21T09:40:13.673+0000] {dag.py:4180} INFO - Setting next_dagrun for user_processing_dataset to 2026-01-20 00:00:00+00:00, run_after=2026-01-21 00:00:00+00:00
[2026-01-21T09:40:13.694+0000] {processor.py:208} INFO - Processing /opt/airflow/dags/dataset_user_processing.py took 0.382 seconds
[2026-01-21T09:40:44.140+0000] {processor.py:186} INFO - Started process (PID=7774) to work on /opt/airflow/dags/dataset_user_processing.py
[2026-01-21T09:40:44.141+0000] {processor.py:914} INFO - Processing file /opt/airflow/dags/dataset_user_processing.py for tasks to queue
[2026-01-21T09:40:44.143+0000] {logging_mixin.py:190} INFO - [2026-01-21T09:40:44.143+0000] {dagbag.py:588} INFO - Filling up the DagBag from /opt/airflow/dags/dataset_user_processing.py
[2026-01-21T09:40:44.379+0000] {processor.py:925} INFO - DAG(s) 'user_processing_dataset' retrieved from /opt/airflow/dags/dataset_user_processing.py
[2026-01-21T09:40:44.397+0000] {logging_mixin.py:190} INFO - [2026-01-21T09:40:44.396+0000] {dag.py:3239} INFO - Sync 1 DAGs
[2026-01-21T09:40:44.415+0000] {logging_mixin.py:190} INFO - [2026-01-21T09:40:44.415+0000] {dag.py:4180} INFO - Setting next_dagrun for user_processing_dataset to 2026-01-20 00:00:00+00:00, run_after=2026-01-21 00:00:00+00:00
[2026-01-21T09:40:44.432+0000] {processor.py:208} INFO - Processing /opt/airflow/dags/dataset_user_processing.py took 0.300 seconds
[2026-01-21T09:41:14.761+0000] {processor.py:186} INFO - Started process (PID=7800) to work on /opt/airflow/dags/dataset_user_processing.py
[2026-01-21T09:41:14.762+0000] {processor.py:914} INFO - Processing file /opt/airflow/dags/dataset_user_processing.py for tasks to queue
[2026-01-21T09:41:14.764+0000] {logging_mixin.py:190} INFO - [2026-01-21T09:41:14.764+0000] {dagbag.py:588} INFO - Filling up the DagBag from /opt/airflow/dags/dataset_user_processing.py
[2026-01-21T09:41:14.977+0000] {processor.py:925} INFO - DAG(s) 'user_processing_dataset' retrieved from /opt/airflow/dags/dataset_user_processing.py
[2026-01-21T09:41:14.996+0000] {logging_mixin.py:190} INFO - [2026-01-21T09:41:14.995+0000] {dag.py:3239} INFO - Sync 1 DAGs
[2026-01-21T09:41:15.016+0000] {logging_mixin.py:190} INFO - [2026-01-21T09:41:15.015+0000] {dag.py:4180} INFO - Setting next_dagrun for user_processing_dataset to 2026-01-20 00:00:00+00:00, run_after=2026-01-21 00:00:00+00:00
[2026-01-21T09:41:15.042+0000] {processor.py:208} INFO - Processing /opt/airflow/dags/dataset_user_processing.py took 0.286 seconds
[2026-01-21T09:41:45.361+0000] {processor.py:186} INFO - Started process (PID=7823) to work on /opt/airflow/dags/dataset_user_processing.py
[2026-01-21T09:41:45.362+0000] {processor.py:914} INFO - Processing file /opt/airflow/dags/dataset_user_processing.py for tasks to queue
[2026-01-21T09:41:45.364+0000] {logging_mixin.py:190} INFO - [2026-01-21T09:41:45.364+0000] {dagbag.py:588} INFO - Filling up the DagBag from /opt/airflow/dags/dataset_user_processing.py
[2026-01-21T09:41:45.592+0000] {processor.py:925} INFO - DAG(s) 'user_processing_dataset' retrieved from /opt/airflow/dags/dataset_user_processing.py
[2026-01-21T09:41:45.612+0000] {logging_mixin.py:190} INFO - [2026-01-21T09:41:45.612+0000] {dag.py:3239} INFO - Sync 1 DAGs
[2026-01-21T09:41:45.630+0000] {logging_mixin.py:190} INFO - [2026-01-21T09:41:45.629+0000] {dag.py:4180} INFO - Setting next_dagrun for user_processing_dataset to 2026-01-20 00:00:00+00:00, run_after=2026-01-21 00:00:00+00:00
[2026-01-21T09:41:45.648+0000] {processor.py:208} INFO - Processing /opt/airflow/dags/dataset_user_processing.py took 0.295 seconds
[2026-01-21T09:42:16.107+0000] {processor.py:186} INFO - Started process (PID=7848) to work on /opt/airflow/dags/dataset_user_processing.py
[2026-01-21T09:42:16.108+0000] {processor.py:914} INFO - Processing file /opt/airflow/dags/dataset_user_processing.py for tasks to queue
[2026-01-21T09:42:16.109+0000] {logging_mixin.py:190} INFO - [2026-01-21T09:42:16.109+0000] {dagbag.py:588} INFO - Filling up the DagBag from /opt/airflow/dags/dataset_user_processing.py
[2026-01-21T09:42:16.380+0000] {processor.py:925} INFO - DAG(s) 'user_processing_dataset' retrieved from /opt/airflow/dags/dataset_user_processing.py
[2026-01-21T09:42:16.399+0000] {logging_mixin.py:190} INFO - [2026-01-21T09:42:16.399+0000] {dag.py:3239} INFO - Sync 1 DAGs
[2026-01-21T09:42:16.419+0000] {logging_mixin.py:190} INFO - [2026-01-21T09:42:16.418+0000] {dag.py:4180} INFO - Setting next_dagrun for user_processing_dataset to 2026-01-20 00:00:00+00:00, run_after=2026-01-21 00:00:00+00:00
[2026-01-21T09:42:16.434+0000] {processor.py:208} INFO - Processing /opt/airflow/dags/dataset_user_processing.py took 0.331 seconds
[2026-01-21T09:42:46.648+0000] {processor.py:186} INFO - Started process (PID=7871) to work on /opt/airflow/dags/dataset_user_processing.py
[2026-01-21T09:42:46.649+0000] {processor.py:914} INFO - Processing file /opt/airflow/dags/dataset_user_processing.py for tasks to queue
[2026-01-21T09:42:46.651+0000] {logging_mixin.py:190} INFO - [2026-01-21T09:42:46.651+0000] {dagbag.py:588} INFO - Filling up the DagBag from /opt/airflow/dags/dataset_user_processing.py
[2026-01-21T09:42:46.906+0000] {processor.py:925} INFO - DAG(s) 'user_processing_dataset' retrieved from /opt/airflow/dags/dataset_user_processing.py
[2026-01-21T09:42:46.925+0000] {logging_mixin.py:190} INFO - [2026-01-21T09:42:46.924+0000] {dag.py:3239} INFO - Sync 1 DAGs
[2026-01-21T09:42:46.944+0000] {logging_mixin.py:190} INFO - [2026-01-21T09:42:46.944+0000] {dag.py:4180} INFO - Setting next_dagrun for user_processing_dataset to 2026-01-20 00:00:00+00:00, run_after=2026-01-21 00:00:00+00:00
[2026-01-21T09:42:46.970+0000] {processor.py:208} INFO - Processing /opt/airflow/dags/dataset_user_processing.py took 0.328 seconds
[2026-01-21T09:43:17.839+0000] {processor.py:186} INFO - Started process (PID=7894) to work on /opt/airflow/dags/dataset_user_processing.py
[2026-01-21T09:43:17.841+0000] {processor.py:914} INFO - Processing file /opt/airflow/dags/dataset_user_processing.py for tasks to queue
[2026-01-21T09:43:17.844+0000] {logging_mixin.py:190} INFO - [2026-01-21T09:43:17.843+0000] {dagbag.py:588} INFO - Filling up the DagBag from /opt/airflow/dags/dataset_user_processing.py
[2026-01-21T09:43:18.326+0000] {processor.py:925} INFO - DAG(s) 'user_processing_dataset' retrieved from /opt/airflow/dags/dataset_user_processing.py
[2026-01-21T09:43:18.371+0000] {logging_mixin.py:190} INFO - [2026-01-21T09:43:18.371+0000] {dag.py:3239} INFO - Sync 1 DAGs
[2026-01-21T09:43:18.404+0000] {logging_mixin.py:190} INFO - [2026-01-21T09:43:18.403+0000] {dag.py:4180} INFO - Setting next_dagrun for user_processing_dataset to 2026-01-20 00:00:00+00:00, run_after=2026-01-21 00:00:00+00:00
[2026-01-21T09:43:18.446+0000] {processor.py:208} INFO - Processing /opt/airflow/dags/dataset_user_processing.py took 0.618 seconds
[2026-01-21T09:43:48.716+0000] {processor.py:186} INFO - Started process (PID=7919) to work on /opt/airflow/dags/dataset_user_processing.py
[2026-01-21T09:43:48.717+0000] {processor.py:914} INFO - Processing file /opt/airflow/dags/dataset_user_processing.py for tasks to queue
[2026-01-21T09:43:48.720+0000] {logging_mixin.py:190} INFO - [2026-01-21T09:43:48.719+0000] {dagbag.py:588} INFO - Filling up the DagBag from /opt/airflow/dags/dataset_user_processing.py
[2026-01-21T09:43:49.043+0000] {processor.py:925} INFO - DAG(s) 'user_processing_dataset' retrieved from /opt/airflow/dags/dataset_user_processing.py
[2026-01-21T09:43:49.066+0000] {logging_mixin.py:190} INFO - [2026-01-21T09:43:49.066+0000] {dag.py:3239} INFO - Sync 1 DAGs
[2026-01-21T09:43:49.088+0000] {logging_mixin.py:190} INFO - [2026-01-21T09:43:49.088+0000] {dag.py:4180} INFO - Setting next_dagrun for user_processing_dataset to 2026-01-20 00:00:00+00:00, run_after=2026-01-21 00:00:00+00:00
[2026-01-21T09:43:49.111+0000] {processor.py:208} INFO - Processing /opt/airflow/dags/dataset_user_processing.py took 0.403 seconds
[2026-01-21T09:44:19.707+0000] {processor.py:186} INFO - Started process (PID=7943) to work on /opt/airflow/dags/dataset_user_processing.py
[2026-01-21T09:44:19.708+0000] {processor.py:914} INFO - Processing file /opt/airflow/dags/dataset_user_processing.py for tasks to queue
[2026-01-21T09:44:19.711+0000] {logging_mixin.py:190} INFO - [2026-01-21T09:44:19.711+0000] {dagbag.py:588} INFO - Filling up the DagBag from /opt/airflow/dags/dataset_user_processing.py
[2026-01-21T09:44:20.308+0000] {processor.py:925} INFO - DAG(s) 'user_processing_dataset' retrieved from /opt/airflow/dags/dataset_user_processing.py
[2026-01-21T09:44:20.347+0000] {logging_mixin.py:190} INFO - [2026-01-21T09:44:20.347+0000] {dag.py:3239} INFO - Sync 1 DAGs
[2026-01-21T09:44:20.387+0000] {logging_mixin.py:190} INFO - [2026-01-21T09:44:20.387+0000] {dag.py:4180} INFO - Setting next_dagrun for user_processing_dataset to 2026-01-20 00:00:00+00:00, run_after=2026-01-21 00:00:00+00:00
[2026-01-21T09:44:20.431+0000] {processor.py:208} INFO - Processing /opt/airflow/dags/dataset_user_processing.py took 0.731 seconds
[2026-01-21T09:44:50.697+0000] {processor.py:186} INFO - Started process (PID=7967) to work on /opt/airflow/dags/dataset_user_processing.py
[2026-01-21T09:44:50.698+0000] {processor.py:914} INFO - Processing file /opt/airflow/dags/dataset_user_processing.py for tasks to queue
[2026-01-21T09:44:50.701+0000] {logging_mixin.py:190} INFO - [2026-01-21T09:44:50.701+0000] {dagbag.py:588} INFO - Filling up the DagBag from /opt/airflow/dags/dataset_user_processing.py
[2026-01-21T09:44:51.087+0000] {processor.py:925} INFO - DAG(s) 'user_processing_dataset' retrieved from /opt/airflow/dags/dataset_user_processing.py
[2026-01-21T09:44:51.114+0000] {logging_mixin.py:190} INFO - [2026-01-21T09:44:51.113+0000] {dag.py:3239} INFO - Sync 1 DAGs
[2026-01-21T09:44:51.152+0000] {logging_mixin.py:190} INFO - [2026-01-21T09:44:51.152+0000] {dag.py:4180} INFO - Setting next_dagrun for user_processing_dataset to 2026-01-20 00:00:00+00:00, run_after=2026-01-21 00:00:00+00:00
[2026-01-21T09:44:51.175+0000] {processor.py:208} INFO - Processing /opt/airflow/dags/dataset_user_processing.py took 0.487 seconds
[2026-01-21T09:45:21.298+0000] {processor.py:186} INFO - Started process (PID=7991) to work on /opt/airflow/dags/dataset_user_processing.py
[2026-01-21T09:45:21.299+0000] {processor.py:914} INFO - Processing file /opt/airflow/dags/dataset_user_processing.py for tasks to queue
[2026-01-21T09:45:21.302+0000] {logging_mixin.py:190} INFO - [2026-01-21T09:45:21.302+0000] {dagbag.py:588} INFO - Filling up the DagBag from /opt/airflow/dags/dataset_user_processing.py
[2026-01-21T09:45:21.547+0000] {processor.py:925} INFO - DAG(s) 'user_processing_dataset' retrieved from /opt/airflow/dags/dataset_user_processing.py
[2026-01-21T09:45:21.570+0000] {logging_mixin.py:190} INFO - [2026-01-21T09:45:21.569+0000] {dag.py:3239} INFO - Sync 1 DAGs
[2026-01-21T09:45:21.590+0000] {logging_mixin.py:190} INFO - [2026-01-21T09:45:21.589+0000] {dag.py:4180} INFO - Setting next_dagrun for user_processing_dataset to 2026-01-20 00:00:00+00:00, run_after=2026-01-21 00:00:00+00:00
[2026-01-21T09:45:21.609+0000] {processor.py:208} INFO - Processing /opt/airflow/dags/dataset_user_processing.py took 0.316 seconds
[2026-01-21T09:45:51.668+0000] {processor.py:186} INFO - Started process (PID=8015) to work on /opt/airflow/dags/dataset_user_processing.py
[2026-01-21T09:45:51.669+0000] {processor.py:914} INFO - Processing file /opt/airflow/dags/dataset_user_processing.py for tasks to queue
[2026-01-21T09:45:51.672+0000] {logging_mixin.py:190} INFO - [2026-01-21T09:45:51.671+0000] {dagbag.py:588} INFO - Filling up the DagBag from /opt/airflow/dags/dataset_user_processing.py
[2026-01-21T09:45:52.026+0000] {processor.py:925} INFO - DAG(s) 'user_processing_dataset' retrieved from /opt/airflow/dags/dataset_user_processing.py
[2026-01-21T09:45:52.052+0000] {logging_mixin.py:190} INFO - [2026-01-21T09:45:52.052+0000] {dag.py:3239} INFO - Sync 1 DAGs
[2026-01-21T09:45:52.075+0000] {logging_mixin.py:190} INFO - [2026-01-21T09:45:52.075+0000] {dag.py:4180} INFO - Setting next_dagrun for user_processing_dataset to 2026-01-20 00:00:00+00:00, run_after=2026-01-21 00:00:00+00:00
[2026-01-21T09:45:52.097+0000] {processor.py:208} INFO - Processing /opt/airflow/dags/dataset_user_processing.py took 0.436 seconds
[2026-01-21T09:46:22.325+0000] {processor.py:186} INFO - Started process (PID=8038) to work on /opt/airflow/dags/dataset_user_processing.py
[2026-01-21T09:46:22.326+0000] {processor.py:914} INFO - Processing file /opt/airflow/dags/dataset_user_processing.py for tasks to queue
[2026-01-21T09:46:22.328+0000] {logging_mixin.py:190} INFO - [2026-01-21T09:46:22.328+0000] {dagbag.py:588} INFO - Filling up the DagBag from /opt/airflow/dags/dataset_user_processing.py
[2026-01-21T09:46:22.714+0000] {processor.py:925} INFO - DAG(s) 'user_processing_dataset' retrieved from /opt/airflow/dags/dataset_user_processing.py
[2026-01-21T09:46:22.740+0000] {logging_mixin.py:190} INFO - [2026-01-21T09:46:22.739+0000] {dag.py:3239} INFO - Sync 1 DAGs
[2026-01-21T09:46:22.770+0000] {logging_mixin.py:190} INFO - [2026-01-21T09:46:22.770+0000] {dag.py:4180} INFO - Setting next_dagrun for user_processing_dataset to 2026-01-20 00:00:00+00:00, run_after=2026-01-21 00:00:00+00:00
[2026-01-21T09:46:22.795+0000] {processor.py:208} INFO - Processing /opt/airflow/dags/dataset_user_processing.py took 0.478 seconds
[2026-01-21T09:46:53.418+0000] {processor.py:186} INFO - Started process (PID=8063) to work on /opt/airflow/dags/dataset_user_processing.py
[2026-01-21T09:46:53.419+0000] {processor.py:914} INFO - Processing file /opt/airflow/dags/dataset_user_processing.py for tasks to queue
[2026-01-21T09:46:53.422+0000] {logging_mixin.py:190} INFO - [2026-01-21T09:46:53.422+0000] {dagbag.py:588} INFO - Filling up the DagBag from /opt/airflow/dags/dataset_user_processing.py
[2026-01-21T09:46:53.819+0000] {processor.py:925} INFO - DAG(s) 'user_processing_dataset' retrieved from /opt/airflow/dags/dataset_user_processing.py
[2026-01-21T09:46:53.842+0000] {logging_mixin.py:190} INFO - [2026-01-21T09:46:53.842+0000] {dag.py:3239} INFO - Sync 1 DAGs
[2026-01-21T09:46:53.864+0000] {logging_mixin.py:190} INFO - [2026-01-21T09:46:53.864+0000] {dag.py:4180} INFO - Setting next_dagrun for user_processing_dataset to 2026-01-20 00:00:00+00:00, run_after=2026-01-21 00:00:00+00:00
[2026-01-21T09:46:53.887+0000] {processor.py:208} INFO - Processing /opt/airflow/dags/dataset_user_processing.py took 0.476 seconds
[2026-01-21T09:47:25.191+0000] {processor.py:186} INFO - Started process (PID=8086) to work on /opt/airflow/dags/dataset_user_processing.py
[2026-01-21T09:47:25.193+0000] {processor.py:914} INFO - Processing file /opt/airflow/dags/dataset_user_processing.py for tasks to queue
[2026-01-21T09:47:25.195+0000] {logging_mixin.py:190} INFO - [2026-01-21T09:47:25.195+0000] {dagbag.py:588} INFO - Filling up the DagBag from /opt/airflow/dags/dataset_user_processing.py
[2026-01-21T09:47:25.571+0000] {processor.py:925} INFO - DAG(s) 'user_processing_dataset' retrieved from /opt/airflow/dags/dataset_user_processing.py
[2026-01-21T09:47:25.603+0000] {logging_mixin.py:190} INFO - [2026-01-21T09:47:25.602+0000] {dag.py:3239} INFO - Sync 1 DAGs
[2026-01-21T09:47:25.633+0000] {logging_mixin.py:190} INFO - [2026-01-21T09:47:25.633+0000] {dag.py:4180} INFO - Setting next_dagrun for user_processing_dataset to 2026-01-20 00:00:00+00:00, run_after=2026-01-21 00:00:00+00:00
[2026-01-21T09:47:25.661+0000] {processor.py:208} INFO - Processing /opt/airflow/dags/dataset_user_processing.py took 0.480 seconds
[2026-01-21T09:47:55.774+0000] {processor.py:186} INFO - Started process (PID=8111) to work on /opt/airflow/dags/dataset_user_processing.py
[2026-01-21T09:47:55.774+0000] {processor.py:914} INFO - Processing file /opt/airflow/dags/dataset_user_processing.py for tasks to queue
[2026-01-21T09:47:55.777+0000] {logging_mixin.py:190} INFO - [2026-01-21T09:47:55.776+0000] {dagbag.py:588} INFO - Filling up the DagBag from /opt/airflow/dags/dataset_user_processing.py
[2026-01-21T09:47:56.066+0000] {processor.py:925} INFO - DAG(s) 'user_processing_dataset' retrieved from /opt/airflow/dags/dataset_user_processing.py
[2026-01-21T09:47:56.091+0000] {logging_mixin.py:190} INFO - [2026-01-21T09:47:56.091+0000] {dag.py:3239} INFO - Sync 1 DAGs
[2026-01-21T09:47:56.130+0000] {logging_mixin.py:190} INFO - [2026-01-21T09:47:56.130+0000] {dag.py:4180} INFO - Setting next_dagrun for user_processing_dataset to 2026-01-20 00:00:00+00:00, run_after=2026-01-21 00:00:00+00:00
[2026-01-21T09:47:56.193+0000] {processor.py:208} INFO - Processing /opt/airflow/dags/dataset_user_processing.py took 0.427 seconds
[2026-01-21T09:48:26.500+0000] {processor.py:186} INFO - Started process (PID=8135) to work on /opt/airflow/dags/dataset_user_processing.py
[2026-01-21T09:48:26.501+0000] {processor.py:914} INFO - Processing file /opt/airflow/dags/dataset_user_processing.py for tasks to queue
[2026-01-21T09:48:26.505+0000] {logging_mixin.py:190} INFO - [2026-01-21T09:48:26.505+0000] {dagbag.py:588} INFO - Filling up the DagBag from /opt/airflow/dags/dataset_user_processing.py
[2026-01-21T09:48:26.977+0000] {processor.py:925} INFO - DAG(s) 'user_processing_dataset' retrieved from /opt/airflow/dags/dataset_user_processing.py
[2026-01-21T09:48:26.998+0000] {logging_mixin.py:190} INFO - [2026-01-21T09:48:26.998+0000] {dag.py:3239} INFO - Sync 1 DAGs
[2026-01-21T09:48:27.019+0000] {logging_mixin.py:190} INFO - [2026-01-21T09:48:27.019+0000] {dag.py:4180} INFO - Setting next_dagrun for user_processing_dataset to 2026-01-20 00:00:00+00:00, run_after=2026-01-21 00:00:00+00:00
[2026-01-21T09:48:27.035+0000] {processor.py:208} INFO - Processing /opt/airflow/dags/dataset_user_processing.py took 0.546 seconds
[2026-01-21T09:48:57.528+0000] {processor.py:186} INFO - Started process (PID=8159) to work on /opt/airflow/dags/dataset_user_processing.py
[2026-01-21T09:48:57.528+0000] {processor.py:914} INFO - Processing file /opt/airflow/dags/dataset_user_processing.py for tasks to queue
[2026-01-21T09:48:57.530+0000] {logging_mixin.py:190} INFO - [2026-01-21T09:48:57.530+0000] {dagbag.py:588} INFO - Filling up the DagBag from /opt/airflow/dags/dataset_user_processing.py
[2026-01-21T09:48:57.854+0000] {processor.py:925} INFO - DAG(s) 'user_processing_dataset' retrieved from /opt/airflow/dags/dataset_user_processing.py
[2026-01-21T09:48:57.877+0000] {logging_mixin.py:190} INFO - [2026-01-21T09:48:57.876+0000] {dag.py:3239} INFO - Sync 1 DAGs
[2026-01-21T09:48:57.897+0000] {logging_mixin.py:190} INFO - [2026-01-21T09:48:57.897+0000] {dag.py:4180} INFO - Setting next_dagrun for user_processing_dataset to 2026-01-20 00:00:00+00:00, run_after=2026-01-21 00:00:00+00:00
[2026-01-21T09:48:57.920+0000] {processor.py:208} INFO - Processing /opt/airflow/dags/dataset_user_processing.py took 0.398 seconds
[2026-01-21T09:49:28.539+0000] {processor.py:186} INFO - Started process (PID=8182) to work on /opt/airflow/dags/dataset_user_processing.py
[2026-01-21T09:49:28.540+0000] {processor.py:914} INFO - Processing file /opt/airflow/dags/dataset_user_processing.py for tasks to queue
[2026-01-21T09:49:28.542+0000] {logging_mixin.py:190} INFO - [2026-01-21T09:49:28.542+0000] {dagbag.py:588} INFO - Filling up the DagBag from /opt/airflow/dags/dataset_user_processing.py
[2026-01-21T09:49:28.861+0000] {processor.py:925} INFO - DAG(s) 'user_processing_dataset' retrieved from /opt/airflow/dags/dataset_user_processing.py
[2026-01-21T09:49:28.888+0000] {logging_mixin.py:190} INFO - [2026-01-21T09:49:28.888+0000] {dag.py:3239} INFO - Sync 1 DAGs
[2026-01-21T09:49:28.912+0000] {logging_mixin.py:190} INFO - [2026-01-21T09:49:28.912+0000] {dag.py:4180} INFO - Setting next_dagrun for user_processing_dataset to 2026-01-20 00:00:00+00:00, run_after=2026-01-21 00:00:00+00:00
[2026-01-21T09:49:28.934+0000] {processor.py:208} INFO - Processing /opt/airflow/dags/dataset_user_processing.py took 0.401 seconds
[2026-01-21T09:49:59.897+0000] {processor.py:186} INFO - Started process (PID=8205) to work on /opt/airflow/dags/dataset_user_processing.py
[2026-01-21T09:49:59.899+0000] {processor.py:914} INFO - Processing file /opt/airflow/dags/dataset_user_processing.py for tasks to queue
[2026-01-21T09:49:59.902+0000] {logging_mixin.py:190} INFO - [2026-01-21T09:49:59.901+0000] {dagbag.py:588} INFO - Filling up the DagBag from /opt/airflow/dags/dataset_user_processing.py
[2026-01-21T09:50:00.502+0000] {processor.py:925} INFO - DAG(s) 'user_processing_dataset' retrieved from /opt/airflow/dags/dataset_user_processing.py
[2026-01-21T09:50:00.538+0000] {logging_mixin.py:190} INFO - [2026-01-21T09:50:00.538+0000] {dag.py:3239} INFO - Sync 1 DAGs
[2026-01-21T09:50:00.573+0000] {logging_mixin.py:190} INFO - [2026-01-21T09:50:00.572+0000] {dag.py:4180} INFO - Setting next_dagrun for user_processing_dataset to 2026-01-20 00:00:00+00:00, run_after=2026-01-21 00:00:00+00:00
[2026-01-21T09:50:00.621+0000] {processor.py:208} INFO - Processing /opt/airflow/dags/dataset_user_processing.py took 0.732 seconds
[2026-01-21T09:50:31.902+0000] {processor.py:186} INFO - Started process (PID=8229) to work on /opt/airflow/dags/dataset_user_processing.py
[2026-01-21T09:50:31.906+0000] {processor.py:914} INFO - Processing file /opt/airflow/dags/dataset_user_processing.py for tasks to queue
[2026-01-21T09:50:31.913+0000] {logging_mixin.py:190} INFO - [2026-01-21T09:50:31.912+0000] {dagbag.py:588} INFO - Filling up the DagBag from /opt/airflow/dags/dataset_user_processing.py
[2026-01-21T09:50:32.551+0000] {processor.py:925} INFO - DAG(s) 'user_processing_dataset' retrieved from /opt/airflow/dags/dataset_user_processing.py
[2026-01-21T09:50:32.594+0000] {logging_mixin.py:190} INFO - [2026-01-21T09:50:32.593+0000] {dag.py:3239} INFO - Sync 1 DAGs
[2026-01-21T09:50:32.654+0000] {logging_mixin.py:190} INFO - [2026-01-21T09:50:32.653+0000] {dag.py:4180} INFO - Setting next_dagrun for user_processing_dataset to 2026-01-20 00:00:00+00:00, run_after=2026-01-21 00:00:00+00:00
[2026-01-21T09:50:32.692+0000] {processor.py:208} INFO - Processing /opt/airflow/dags/dataset_user_processing.py took 0.814 seconds
[2026-01-21T09:51:02.958+0000] {processor.py:186} INFO - Started process (PID=8254) to work on /opt/airflow/dags/dataset_user_processing.py
[2026-01-21T09:51:02.959+0000] {processor.py:914} INFO - Processing file /opt/airflow/dags/dataset_user_processing.py for tasks to queue
[2026-01-21T09:51:02.964+0000] {logging_mixin.py:190} INFO - [2026-01-21T09:51:02.963+0000] {dagbag.py:588} INFO - Filling up the DagBag from /opt/airflow/dags/dataset_user_processing.py
[2026-01-21T09:51:03.462+0000] {processor.py:925} INFO - DAG(s) 'user_processing_dataset' retrieved from /opt/airflow/dags/dataset_user_processing.py
[2026-01-21T09:51:03.509+0000] {logging_mixin.py:190} INFO - [2026-01-21T09:51:03.508+0000] {dag.py:3239} INFO - Sync 1 DAGs
[2026-01-21T09:51:03.563+0000] {logging_mixin.py:190} INFO - [2026-01-21T09:51:03.562+0000] {dag.py:4180} INFO - Setting next_dagrun for user_processing_dataset to 2026-01-20 00:00:00+00:00, run_after=2026-01-21 00:00:00+00:00
[2026-01-21T09:51:03.614+0000] {processor.py:208} INFO - Processing /opt/airflow/dags/dataset_user_processing.py took 0.668 seconds
[2026-01-21T09:51:33.690+0000] {processor.py:186} INFO - Started process (PID=8278) to work on /opt/airflow/dags/dataset_user_processing.py
[2026-01-21T09:51:33.691+0000] {processor.py:914} INFO - Processing file /opt/airflow/dags/dataset_user_processing.py for tasks to queue
[2026-01-21T09:51:33.694+0000] {logging_mixin.py:190} INFO - [2026-01-21T09:51:33.693+0000] {dagbag.py:588} INFO - Filling up the DagBag from /opt/airflow/dags/dataset_user_processing.py
[2026-01-21T09:51:34.112+0000] {processor.py:925} INFO - DAG(s) 'user_processing_dataset' retrieved from /opt/airflow/dags/dataset_user_processing.py
[2026-01-21T09:51:34.147+0000] {logging_mixin.py:190} INFO - [2026-01-21T09:51:34.146+0000] {dag.py:3239} INFO - Sync 1 DAGs
[2026-01-21T09:51:34.179+0000] {logging_mixin.py:190} INFO - [2026-01-21T09:51:34.179+0000] {dag.py:4180} INFO - Setting next_dagrun for user_processing_dataset to 2026-01-20 00:00:00+00:00, run_after=2026-01-21 00:00:00+00:00
[2026-01-21T09:51:34.263+0000] {processor.py:208} INFO - Processing /opt/airflow/dags/dataset_user_processing.py took 0.586 seconds
[2026-01-21T09:52:04.420+0000] {processor.py:186} INFO - Started process (PID=8302) to work on /opt/airflow/dags/dataset_user_processing.py
[2026-01-21T09:52:04.422+0000] {processor.py:914} INFO - Processing file /opt/airflow/dags/dataset_user_processing.py for tasks to queue
[2026-01-21T09:52:04.425+0000] {logging_mixin.py:190} INFO - [2026-01-21T09:52:04.425+0000] {dagbag.py:588} INFO - Filling up the DagBag from /opt/airflow/dags/dataset_user_processing.py
[2026-01-21T09:52:04.864+0000] {processor.py:925} INFO - DAG(s) 'user_processing_dataset' retrieved from /opt/airflow/dags/dataset_user_processing.py
[2026-01-21T09:52:04.898+0000] {logging_mixin.py:190} INFO - [2026-01-21T09:52:04.897+0000] {dag.py:3239} INFO - Sync 1 DAGs
[2026-01-21T09:52:04.934+0000] {logging_mixin.py:190} INFO - [2026-01-21T09:52:04.934+0000] {dag.py:4180} INFO - Setting next_dagrun for user_processing_dataset to 2026-01-20 00:00:00+00:00, run_after=2026-01-21 00:00:00+00:00
[2026-01-21T09:52:05.013+0000] {processor.py:208} INFO - Processing /opt/airflow/dags/dataset_user_processing.py took 0.604 seconds
[2026-01-21T09:52:35.535+0000] {processor.py:186} INFO - Started process (PID=8326) to work on /opt/airflow/dags/dataset_user_processing.py
[2026-01-21T09:52:35.537+0000] {processor.py:914} INFO - Processing file /opt/airflow/dags/dataset_user_processing.py for tasks to queue
[2026-01-21T09:52:35.543+0000] {logging_mixin.py:190} INFO - [2026-01-21T09:52:35.542+0000] {dagbag.py:588} INFO - Filling up the DagBag from /opt/airflow/dags/dataset_user_processing.py
[2026-01-21T09:52:36.263+0000] {processor.py:925} INFO - DAG(s) 'user_processing_dataset' retrieved from /opt/airflow/dags/dataset_user_processing.py
[2026-01-21T09:52:36.327+0000] {logging_mixin.py:190} INFO - [2026-01-21T09:52:36.326+0000] {dag.py:3239} INFO - Sync 1 DAGs
[2026-01-21T09:52:36.393+0000] {logging_mixin.py:190} INFO - [2026-01-21T09:52:36.393+0000] {dag.py:4180} INFO - Setting next_dagrun for user_processing_dataset to 2026-01-20 00:00:00+00:00, run_after=2026-01-21 00:00:00+00:00
[2026-01-21T09:52:36.488+0000] {processor.py:208} INFO - Processing /opt/airflow/dags/dataset_user_processing.py took 0.974 seconds
[2026-01-21T09:53:06.675+0000] {processor.py:186} INFO - Started process (PID=8350) to work on /opt/airflow/dags/dataset_user_processing.py
[2026-01-21T09:53:06.677+0000] {processor.py:914} INFO - Processing file /opt/airflow/dags/dataset_user_processing.py for tasks to queue
[2026-01-21T09:53:06.683+0000] {logging_mixin.py:190} INFO - [2026-01-21T09:53:06.682+0000] {dagbag.py:588} INFO - Filling up the DagBag from /opt/airflow/dags/dataset_user_processing.py
[2026-01-21T09:53:07.775+0000] {processor.py:925} INFO - DAG(s) 'user_processing_dataset' retrieved from /opt/airflow/dags/dataset_user_processing.py
[2026-01-21T09:53:07.873+0000] {logging_mixin.py:190} INFO - [2026-01-21T09:53:07.872+0000] {dag.py:3239} INFO - Sync 1 DAGs
[2026-01-21T09:53:07.940+0000] {logging_mixin.py:190} INFO - [2026-01-21T09:53:07.940+0000] {dag.py:4180} INFO - Setting next_dagrun for user_processing_dataset to 2026-01-20 00:00:00+00:00, run_after=2026-01-21 00:00:00+00:00
[2026-01-21T09:53:07.990+0000] {processor.py:208} INFO - Processing /opt/airflow/dags/dataset_user_processing.py took 1.330 seconds
[2026-01-21T09:53:38.281+0000] {processor.py:186} INFO - Started process (PID=8373) to work on /opt/airflow/dags/dataset_user_processing.py
[2026-01-21T09:53:38.283+0000] {processor.py:914} INFO - Processing file /opt/airflow/dags/dataset_user_processing.py for tasks to queue
[2026-01-21T09:53:38.290+0000] {logging_mixin.py:190} INFO - [2026-01-21T09:53:38.289+0000] {dagbag.py:588} INFO - Filling up the DagBag from /opt/airflow/dags/dataset_user_processing.py
[2026-01-21T09:53:39.394+0000] {processor.py:925} INFO - DAG(s) 'user_processing_dataset' retrieved from /opt/airflow/dags/dataset_user_processing.py
[2026-01-21T09:53:39.457+0000] {logging_mixin.py:190} INFO - [2026-01-21T09:53:39.456+0000] {dag.py:3239} INFO - Sync 1 DAGs
[2026-01-21T09:53:39.590+0000] {logging_mixin.py:190} INFO - [2026-01-21T09:53:39.589+0000] {dag.py:4180} INFO - Setting next_dagrun for user_processing_dataset to 2026-01-20 00:00:00+00:00, run_after=2026-01-21 00:00:00+00:00
[2026-01-21T09:53:39.678+0000] {processor.py:208} INFO - Processing /opt/airflow/dags/dataset_user_processing.py took 1.434 seconds
[2026-01-21T09:54:09.852+0000] {processor.py:186} INFO - Started process (PID=8397) to work on /opt/airflow/dags/dataset_user_processing.py
[2026-01-21T09:54:09.853+0000] {processor.py:914} INFO - Processing file /opt/airflow/dags/dataset_user_processing.py for tasks to queue
[2026-01-21T09:54:09.857+0000] {logging_mixin.py:190} INFO - [2026-01-21T09:54:09.856+0000] {dagbag.py:588} INFO - Filling up the DagBag from /opt/airflow/dags/dataset_user_processing.py
[2026-01-21T09:54:10.395+0000] {processor.py:925} INFO - DAG(s) 'user_processing_dataset' retrieved from /opt/airflow/dags/dataset_user_processing.py
[2026-01-21T09:54:10.440+0000] {logging_mixin.py:190} INFO - [2026-01-21T09:54:10.439+0000] {dag.py:3239} INFO - Sync 1 DAGs
[2026-01-21T09:54:10.484+0000] {logging_mixin.py:190} INFO - [2026-01-21T09:54:10.483+0000] {dag.py:4180} INFO - Setting next_dagrun for user_processing_dataset to 2026-01-20 00:00:00+00:00, run_after=2026-01-21 00:00:00+00:00
[2026-01-21T09:54:10.554+0000] {processor.py:208} INFO - Processing /opt/airflow/dags/dataset_user_processing.py took 0.713 seconds
[2026-01-21T09:54:40.936+0000] {processor.py:186} INFO - Started process (PID=8421) to work on /opt/airflow/dags/dataset_user_processing.py
[2026-01-21T09:54:40.937+0000] {processor.py:914} INFO - Processing file /opt/airflow/dags/dataset_user_processing.py for tasks to queue
[2026-01-21T09:54:40.941+0000] {logging_mixin.py:190} INFO - [2026-01-21T09:54:40.941+0000] {dagbag.py:588} INFO - Filling up the DagBag from /opt/airflow/dags/dataset_user_processing.py
[2026-01-21T09:54:41.612+0000] {processor.py:925} INFO - DAG(s) 'user_processing_dataset' retrieved from /opt/airflow/dags/dataset_user_processing.py
[2026-01-21T09:54:41.667+0000] {logging_mixin.py:190} INFO - [2026-01-21T09:54:41.666+0000] {dag.py:3239} INFO - Sync 1 DAGs
[2026-01-21T09:54:41.721+0000] {logging_mixin.py:190} INFO - [2026-01-21T09:54:41.721+0000] {dag.py:4180} INFO - Setting next_dagrun for user_processing_dataset to 2026-01-20 00:00:00+00:00, run_after=2026-01-21 00:00:00+00:00
[2026-01-21T09:54:41.824+0000] {processor.py:208} INFO - Processing /opt/airflow/dags/dataset_user_processing.py took 0.903 seconds
[2026-01-21T09:55:12.336+0000] {processor.py:186} INFO - Started process (PID=8452) to work on /opt/airflow/dags/dataset_user_processing.py
[2026-01-21T09:55:12.337+0000] {processor.py:914} INFO - Processing file /opt/airflow/dags/dataset_user_processing.py for tasks to queue
[2026-01-21T09:55:12.340+0000] {logging_mixin.py:190} INFO - [2026-01-21T09:55:12.340+0000] {dagbag.py:588} INFO - Filling up the DagBag from /opt/airflow/dags/dataset_user_processing.py
[2026-01-21T09:55:12.788+0000] {processor.py:925} INFO - DAG(s) 'user_processing_dataset' retrieved from /opt/airflow/dags/dataset_user_processing.py
[2026-01-21T09:55:12.831+0000] {logging_mixin.py:190} INFO - [2026-01-21T09:55:12.831+0000] {dag.py:3239} INFO - Sync 1 DAGs
[2026-01-21T09:55:12.865+0000] {logging_mixin.py:190} INFO - [2026-01-21T09:55:12.864+0000] {dag.py:4180} INFO - Setting next_dagrun for user_processing_dataset to 2026-01-20 00:00:00+00:00, run_after=2026-01-21 00:00:00+00:00
[2026-01-21T09:55:12.955+0000] {processor.py:208} INFO - Processing /opt/airflow/dags/dataset_user_processing.py took 0.634 seconds
[2026-01-21T09:55:43.834+0000] {processor.py:186} INFO - Started process (PID=8476) to work on /opt/airflow/dags/dataset_user_processing.py
[2026-01-21T09:55:43.876+0000] {processor.py:914} INFO - Processing file /opt/airflow/dags/dataset_user_processing.py for tasks to queue
[2026-01-21T09:55:43.880+0000] {logging_mixin.py:190} INFO - [2026-01-21T09:55:43.879+0000] {dagbag.py:588} INFO - Filling up the DagBag from /opt/airflow/dags/dataset_user_processing.py
[2026-01-21T09:55:45.327+0000] {processor.py:925} INFO - DAG(s) 'user_processing_dataset' retrieved from /opt/airflow/dags/dataset_user_processing.py
[2026-01-21T09:55:45.473+0000] {logging_mixin.py:190} INFO - [2026-01-21T09:55:45.471+0000] {dag.py:3239} INFO - Sync 1 DAGs
[2026-01-21T09:55:45.593+0000] {logging_mixin.py:190} INFO - [2026-01-21T09:55:45.592+0000] {dag.py:4180} INFO - Setting next_dagrun for user_processing_dataset to 2026-01-20 00:00:00+00:00, run_after=2026-01-21 00:00:00+00:00
[2026-01-21T09:55:45.828+0000] {processor.py:208} INFO - Processing /opt/airflow/dags/dataset_user_processing.py took 2.002 seconds
[2026-01-21T09:56:16.277+0000] {processor.py:186} INFO - Started process (PID=8500) to work on /opt/airflow/dags/dataset_user_processing.py
[2026-01-21T09:56:16.279+0000] {processor.py:914} INFO - Processing file /opt/airflow/dags/dataset_user_processing.py for tasks to queue
[2026-01-21T09:56:16.282+0000] {logging_mixin.py:190} INFO - [2026-01-21T09:56:16.282+0000] {dagbag.py:588} INFO - Filling up the DagBag from /opt/airflow/dags/dataset_user_processing.py
[2026-01-21T09:56:16.784+0000] {processor.py:925} INFO - DAG(s) 'user_processing_dataset' retrieved from /opt/airflow/dags/dataset_user_processing.py
[2026-01-21T09:56:16.822+0000] {logging_mixin.py:190} INFO - [2026-01-21T09:56:16.821+0000] {dag.py:3239} INFO - Sync 1 DAGs
[2026-01-21T09:56:16.868+0000] {logging_mixin.py:190} INFO - [2026-01-21T09:56:16.868+0000] {dag.py:4180} INFO - Setting next_dagrun for user_processing_dataset to 2026-01-20 00:00:00+00:00, run_after=2026-01-21 00:00:00+00:00
[2026-01-21T09:56:16.914+0000] {processor.py:208} INFO - Processing /opt/airflow/dags/dataset_user_processing.py took 0.645 seconds
[2026-01-21T09:56:47.009+0000] {processor.py:186} INFO - Started process (PID=8525) to work on /opt/airflow/dags/dataset_user_processing.py
[2026-01-21T09:56:47.011+0000] {processor.py:914} INFO - Processing file /opt/airflow/dags/dataset_user_processing.py for tasks to queue
[2026-01-21T09:56:47.014+0000] {logging_mixin.py:190} INFO - [2026-01-21T09:56:47.014+0000] {dagbag.py:588} INFO - Filling up the DagBag from /opt/airflow/dags/dataset_user_processing.py
[2026-01-21T09:56:47.463+0000] {processor.py:925} INFO - DAG(s) 'user_processing_dataset' retrieved from /opt/airflow/dags/dataset_user_processing.py
[2026-01-21T09:56:47.495+0000] {logging_mixin.py:190} INFO - [2026-01-21T09:56:47.494+0000] {dag.py:3239} INFO - Sync 1 DAGs
[2026-01-21T09:56:47.535+0000] {logging_mixin.py:190} INFO - [2026-01-21T09:56:47.535+0000] {dag.py:4180} INFO - Setting next_dagrun for user_processing_dataset to 2026-01-20 00:00:00+00:00, run_after=2026-01-21 00:00:00+00:00
[2026-01-21T09:56:47.611+0000] {processor.py:208} INFO - Processing /opt/airflow/dags/dataset_user_processing.py took 0.612 seconds
[2026-01-21T09:57:18.327+0000] {processor.py:186} INFO - Started process (PID=8552) to work on /opt/airflow/dags/dataset_user_processing.py
[2026-01-21T09:57:18.328+0000] {processor.py:914} INFO - Processing file /opt/airflow/dags/dataset_user_processing.py for tasks to queue
[2026-01-21T09:57:18.331+0000] {logging_mixin.py:190} INFO - [2026-01-21T09:57:18.331+0000] {dagbag.py:588} INFO - Filling up the DagBag from /opt/airflow/dags/dataset_user_processing.py
[2026-01-21T09:57:18.798+0000] {processor.py:925} INFO - DAG(s) 'user_processing_dataset' retrieved from /opt/airflow/dags/dataset_user_processing.py
[2026-01-21T09:57:18.841+0000] {logging_mixin.py:190} INFO - [2026-01-21T09:57:18.840+0000] {dag.py:3239} INFO - Sync 1 DAGs
[2026-01-21T09:57:18.874+0000] {logging_mixin.py:190} INFO - [2026-01-21T09:57:18.873+0000] {dag.py:4180} INFO - Setting next_dagrun for user_processing_dataset to 2026-01-20 00:00:00+00:00, run_after=2026-01-21 00:00:00+00:00
[2026-01-21T09:57:18.907+0000] {processor.py:208} INFO - Processing /opt/airflow/dags/dataset_user_processing.py took 0.589 seconds
[2026-01-21T09:57:49.209+0000] {processor.py:186} INFO - Started process (PID=8575) to work on /opt/airflow/dags/dataset_user_processing.py
[2026-01-21T09:57:49.210+0000] {processor.py:914} INFO - Processing file /opt/airflow/dags/dataset_user_processing.py for tasks to queue
[2026-01-21T09:57:49.215+0000] {logging_mixin.py:190} INFO - [2026-01-21T09:57:49.214+0000] {dagbag.py:588} INFO - Filling up the DagBag from /opt/airflow/dags/dataset_user_processing.py
[2026-01-21T09:57:49.877+0000] {processor.py:925} INFO - DAG(s) 'user_processing_dataset' retrieved from /opt/airflow/dags/dataset_user_processing.py
[2026-01-21T09:57:49.923+0000] {logging_mixin.py:190} INFO - [2026-01-21T09:57:49.922+0000] {dag.py:3239} INFO - Sync 1 DAGs
[2026-01-21T09:57:49.964+0000] {logging_mixin.py:190} INFO - [2026-01-21T09:57:49.964+0000] {dag.py:4180} INFO - Setting next_dagrun for user_processing_dataset to 2026-01-20 00:00:00+00:00, run_after=2026-01-21 00:00:00+00:00
[2026-01-21T09:57:50.044+0000] {processor.py:208} INFO - Processing /opt/airflow/dags/dataset_user_processing.py took 0.848 seconds
[2026-01-21T09:58:20.265+0000] {processor.py:186} INFO - Started process (PID=8598) to work on /opt/airflow/dags/dataset_user_processing.py
[2026-01-21T09:58:20.266+0000] {processor.py:914} INFO - Processing file /opt/airflow/dags/dataset_user_processing.py for tasks to queue
[2026-01-21T09:58:20.270+0000] {logging_mixin.py:190} INFO - [2026-01-21T09:58:20.269+0000] {dagbag.py:588} INFO - Filling up the DagBag from /opt/airflow/dags/dataset_user_processing.py
[2026-01-21T09:58:20.705+0000] {processor.py:925} INFO - DAG(s) 'user_processing_dataset' retrieved from /opt/airflow/dags/dataset_user_processing.py
[2026-01-21T09:58:20.758+0000] {logging_mixin.py:190} INFO - [2026-01-21T09:58:20.757+0000] {dag.py:3239} INFO - Sync 1 DAGs
[2026-01-21T09:58:20.804+0000] {logging_mixin.py:190} INFO - [2026-01-21T09:58:20.804+0000] {dag.py:4180} INFO - Setting next_dagrun for user_processing_dataset to 2026-01-20 00:00:00+00:00, run_after=2026-01-21 00:00:00+00:00
[2026-01-21T09:58:20.850+0000] {processor.py:208} INFO - Processing /opt/airflow/dags/dataset_user_processing.py took 0.596 seconds
[2026-01-21T09:58:51.217+0000] {processor.py:186} INFO - Started process (PID=8622) to work on /opt/airflow/dags/dataset_user_processing.py
[2026-01-21T09:58:51.218+0000] {processor.py:914} INFO - Processing file /opt/airflow/dags/dataset_user_processing.py for tasks to queue
[2026-01-21T09:58:51.222+0000] {logging_mixin.py:190} INFO - [2026-01-21T09:58:51.221+0000] {dagbag.py:588} INFO - Filling up the DagBag from /opt/airflow/dags/dataset_user_processing.py
[2026-01-21T09:58:51.703+0000] {processor.py:925} INFO - DAG(s) 'user_processing_dataset' retrieved from /opt/airflow/dags/dataset_user_processing.py
[2026-01-21T09:58:51.737+0000] {logging_mixin.py:190} INFO - [2026-01-21T09:58:51.736+0000] {dag.py:3239} INFO - Sync 1 DAGs
[2026-01-21T09:58:51.775+0000] {logging_mixin.py:190} INFO - [2026-01-21T09:58:51.775+0000] {dag.py:4180} INFO - Setting next_dagrun for user_processing_dataset to 2026-01-20 00:00:00+00:00, run_after=2026-01-21 00:00:00+00:00
[2026-01-21T09:58:51.857+0000] {processor.py:208} INFO - Processing /opt/airflow/dags/dataset_user_processing.py took 0.652 seconds
