[2026-01-21T05:03:19.147+0000] {processor.py:186} INFO - Started process (PID=83) to work on /opt/airflow/dags/hello_airflow.py
[2026-01-21T05:03:19.149+0000] {processor.py:914} INFO - Processing file /opt/airflow/dags/hello_airflow.py for tasks to queue
[2026-01-21T05:03:19.156+0000] {logging_mixin.py:190} INFO - [2026-01-21T05:03:19.156+0000] {dagbag.py:588} INFO - Filling up the DagBag from /opt/airflow/dags/hello_airflow.py
[2026-01-21T05:03:19.184+0000] {processor.py:925} INFO - DAG(s) 'hello_airflow' retrieved from /opt/airflow/dags/hello_airflow.py
[2026-01-21T05:03:19.264+0000] {logging_mixin.py:190} INFO - [2026-01-21T05:03:19.264+0000] {dag.py:3239} INFO - Sync 1 DAGs
[2026-01-21T05:03:19.358+0000] {logging_mixin.py:190} INFO - [2026-01-21T05:03:19.357+0000] {dag.py:4180} INFO - Setting next_dagrun for hello_airflow to 2026-01-21 05:02:00+00:00, run_after=2026-01-21 05:03:00+00:00
[2026-01-21T05:03:19.413+0000] {processor.py:208} INFO - Processing /opt/airflow/dags/hello_airflow.py took 0.282 seconds
[2026-01-21T05:03:50.270+0000] {processor.py:186} INFO - Started process (PID=111) to work on /opt/airflow/dags/hello_airflow.py
[2026-01-21T05:03:50.272+0000] {processor.py:914} INFO - Processing file /opt/airflow/dags/hello_airflow.py for tasks to queue
[2026-01-21T05:03:50.278+0000] {logging_mixin.py:190} INFO - [2026-01-21T05:03:50.277+0000] {dagbag.py:588} INFO - Filling up the DagBag from /opt/airflow/dags/hello_airflow.py
[2026-01-21T05:03:50.299+0000] {processor.py:925} INFO - DAG(s) 'hello_airflow' retrieved from /opt/airflow/dags/hello_airflow.py
[2026-01-21T05:03:50.350+0000] {logging_mixin.py:190} INFO - [2026-01-21T05:03:50.349+0000] {dag.py:3239} INFO - Sync 1 DAGs
[2026-01-21T05:03:50.411+0000] {logging_mixin.py:190} INFO - [2026-01-21T05:03:50.411+0000] {dag.py:4180} INFO - Setting next_dagrun for hello_airflow to 2026-01-21 05:02:00+00:00, run_after=2026-01-21 05:03:00+00:00
[2026-01-21T05:03:50.439+0000] {processor.py:208} INFO - Processing /opt/airflow/dags/hello_airflow.py took 0.185 seconds
[2026-01-21T05:04:22.524+0000] {processor.py:186} INFO - Started process (PID=165) to work on /opt/airflow/dags/hello_airflow.py
[2026-01-21T05:04:22.536+0000] {processor.py:914} INFO - Processing file /opt/airflow/dags/hello_airflow.py for tasks to queue
[2026-01-21T05:04:22.543+0000] {logging_mixin.py:190} INFO - [2026-01-21T05:04:22.542+0000] {dagbag.py:588} INFO - Filling up the DagBag from /opt/airflow/dags/hello_airflow.py
[2026-01-21T05:04:22.577+0000] {processor.py:925} INFO - DAG(s) 'hello_airflow' retrieved from /opt/airflow/dags/hello_airflow.py
[2026-01-21T05:04:22.645+0000] {logging_mixin.py:190} INFO - [2026-01-21T05:04:22.644+0000] {dag.py:3239} INFO - Sync 1 DAGs
[2026-01-21T05:04:22.711+0000] {logging_mixin.py:190} INFO - [2026-01-21T05:04:22.711+0000] {dag.py:4180} INFO - Setting next_dagrun for hello_airflow to 2026-01-21 05:03:00+00:00, run_after=2026-01-21 05:04:00+00:00
[2026-01-21T05:04:22.758+0000] {processor.py:208} INFO - Processing /opt/airflow/dags/hello_airflow.py took 0.259 seconds
[2026-01-21T05:04:53.646+0000] {processor.py:186} INFO - Started process (PID=189) to work on /opt/airflow/dags/hello_airflow.py
[2026-01-21T05:04:53.647+0000] {processor.py:914} INFO - Processing file /opt/airflow/dags/hello_airflow.py for tasks to queue
[2026-01-21T05:04:53.651+0000] {logging_mixin.py:190} INFO - [2026-01-21T05:04:53.650+0000] {dagbag.py:588} INFO - Filling up the DagBag from /opt/airflow/dags/hello_airflow.py
[2026-01-21T05:04:53.668+0000] {processor.py:925} INFO - DAG(s) 'hello_airflow' retrieved from /opt/airflow/dags/hello_airflow.py
[2026-01-21T05:04:53.705+0000] {logging_mixin.py:190} INFO - [2026-01-21T05:04:53.705+0000] {dag.py:3239} INFO - Sync 1 DAGs
[2026-01-21T05:04:53.752+0000] {logging_mixin.py:190} INFO - [2026-01-21T05:04:53.752+0000] {dag.py:4180} INFO - Setting next_dagrun for hello_airflow to 2026-01-21 05:03:00+00:00, run_after=2026-01-21 05:04:00+00:00
[2026-01-21T05:04:53.787+0000] {processor.py:208} INFO - Processing /opt/airflow/dags/hello_airflow.py took 0.152 seconds
[2026-01-21T05:05:25.086+0000] {processor.py:186} INFO - Started process (PID=213) to work on /opt/airflow/dags/hello_airflow.py
[2026-01-21T05:05:25.088+0000] {processor.py:914} INFO - Processing file /opt/airflow/dags/hello_airflow.py for tasks to queue
[2026-01-21T05:05:25.094+0000] {logging_mixin.py:190} INFO - [2026-01-21T05:05:25.093+0000] {dagbag.py:588} INFO - Filling up the DagBag from /opt/airflow/dags/hello_airflow.py
[2026-01-21T05:05:25.120+0000] {processor.py:925} INFO - DAG(s) 'hello_airflow' retrieved from /opt/airflow/dags/hello_airflow.py
[2026-01-21T05:05:25.165+0000] {logging_mixin.py:190} INFO - [2026-01-21T05:05:25.164+0000] {dag.py:3239} INFO - Sync 1 DAGs
[2026-01-21T05:05:25.228+0000] {logging_mixin.py:190} INFO - [2026-01-21T05:05:25.228+0000] {dag.py:4180} INFO - Setting next_dagrun for hello_airflow to 2026-01-21 05:04:00+00:00, run_after=2026-01-21 05:05:00+00:00
[2026-01-21T05:05:25.264+0000] {processor.py:208} INFO - Processing /opt/airflow/dags/hello_airflow.py took 0.192 seconds
[2026-01-21T05:05:57.104+0000] {processor.py:186} INFO - Started process (PID=237) to work on /opt/airflow/dags/hello_airflow.py
[2026-01-21T05:05:57.106+0000] {processor.py:914} INFO - Processing file /opt/airflow/dags/hello_airflow.py for tasks to queue
[2026-01-21T05:05:57.111+0000] {logging_mixin.py:190} INFO - [2026-01-21T05:05:57.110+0000] {dagbag.py:588} INFO - Filling up the DagBag from /opt/airflow/dags/hello_airflow.py
[2026-01-21T05:05:57.138+0000] {processor.py:925} INFO - DAG(s) 'hello_airflow' retrieved from /opt/airflow/dags/hello_airflow.py
[2026-01-21T05:05:57.189+0000] {logging_mixin.py:190} INFO - [2026-01-21T05:05:57.188+0000] {dag.py:3239} INFO - Sync 1 DAGs
[2026-01-21T05:05:57.266+0000] {logging_mixin.py:190} INFO - [2026-01-21T05:05:57.266+0000] {dag.py:4180} INFO - Setting next_dagrun for hello_airflow to 2026-01-21 05:04:00+00:00, run_after=2026-01-21 05:05:00+00:00
[2026-01-21T05:05:57.306+0000] {processor.py:208} INFO - Processing /opt/airflow/dags/hello_airflow.py took 0.217 seconds
[2026-01-21T05:06:28.328+0000] {processor.py:186} INFO - Started process (PID=262) to work on /opt/airflow/dags/hello_airflow.py
[2026-01-21T05:06:28.330+0000] {processor.py:914} INFO - Processing file /opt/airflow/dags/hello_airflow.py for tasks to queue
[2026-01-21T05:06:28.334+0000] {logging_mixin.py:190} INFO - [2026-01-21T05:06:28.333+0000] {dagbag.py:588} INFO - Filling up the DagBag from /opt/airflow/dags/hello_airflow.py
[2026-01-21T05:06:28.351+0000] {processor.py:925} INFO - DAG(s) 'hello_airflow' retrieved from /opt/airflow/dags/hello_airflow.py
[2026-01-21T05:06:28.394+0000] {logging_mixin.py:190} INFO - [2026-01-21T05:06:28.394+0000] {dag.py:3239} INFO - Sync 1 DAGs
[2026-01-21T05:06:28.442+0000] {logging_mixin.py:190} INFO - [2026-01-21T05:06:28.442+0000] {dag.py:4180} INFO - Setting next_dagrun for hello_airflow to 2026-01-21 05:05:00+00:00, run_after=2026-01-21 05:06:00+00:00
[2026-01-21T05:06:28.469+0000] {processor.py:208} INFO - Processing /opt/airflow/dags/hello_airflow.py took 0.151 seconds
[2026-01-21T05:06:59.802+0000] {processor.py:186} INFO - Started process (PID=286) to work on /opt/airflow/dags/hello_airflow.py
[2026-01-21T05:06:59.804+0000] {processor.py:914} INFO - Processing file /opt/airflow/dags/hello_airflow.py for tasks to queue
[2026-01-21T05:06:59.809+0000] {logging_mixin.py:190} INFO - [2026-01-21T05:06:59.808+0000] {dagbag.py:588} INFO - Filling up the DagBag from /opt/airflow/dags/hello_airflow.py
[2026-01-21T05:06:59.828+0000] {processor.py:925} INFO - DAG(s) 'hello_airflow' retrieved from /opt/airflow/dags/hello_airflow.py
[2026-01-21T05:06:59.867+0000] {logging_mixin.py:190} INFO - [2026-01-21T05:06:59.867+0000] {dag.py:3239} INFO - Sync 1 DAGs
[2026-01-21T05:06:59.918+0000] {logging_mixin.py:190} INFO - [2026-01-21T05:06:59.918+0000] {dag.py:4180} INFO - Setting next_dagrun for hello_airflow to 2026-01-21 05:05:00+00:00, run_after=2026-01-21 05:06:00+00:00
[2026-01-21T05:06:59.949+0000] {processor.py:208} INFO - Processing /opt/airflow/dags/hello_airflow.py took 0.159 seconds
[2026-01-21T05:07:32.014+0000] {processor.py:186} INFO - Started process (PID=310) to work on /opt/airflow/dags/hello_airflow.py
[2026-01-21T05:07:32.021+0000] {processor.py:914} INFO - Processing file /opt/airflow/dags/hello_airflow.py for tasks to queue
[2026-01-21T05:07:32.026+0000] {logging_mixin.py:190} INFO - [2026-01-21T05:07:32.026+0000] {dagbag.py:588} INFO - Filling up the DagBag from /opt/airflow/dags/hello_airflow.py
[2026-01-21T05:07:32.073+0000] {processor.py:925} INFO - DAG(s) 'hello_airflow' retrieved from /opt/airflow/dags/hello_airflow.py
[2026-01-21T05:07:32.138+0000] {logging_mixin.py:190} INFO - [2026-01-21T05:07:32.136+0000] {dag.py:3239} INFO - Sync 1 DAGs
[2026-01-21T05:07:32.211+0000] {logging_mixin.py:190} INFO - [2026-01-21T05:07:32.211+0000] {dag.py:4180} INFO - Setting next_dagrun for hello_airflow to 2026-01-21 05:06:00+00:00, run_after=2026-01-21 05:07:00+00:00
[2026-01-21T05:07:32.276+0000] {processor.py:208} INFO - Processing /opt/airflow/dags/hello_airflow.py took 0.283 seconds
[2026-01-21T05:08:03.686+0000] {processor.py:186} INFO - Started process (PID=334) to work on /opt/airflow/dags/hello_airflow.py
[2026-01-21T05:08:03.689+0000] {processor.py:914} INFO - Processing file /opt/airflow/dags/hello_airflow.py for tasks to queue
[2026-01-21T05:08:03.696+0000] {logging_mixin.py:190} INFO - [2026-01-21T05:08:03.694+0000] {dagbag.py:588} INFO - Filling up the DagBag from /opt/airflow/dags/hello_airflow.py
[2026-01-21T05:08:03.726+0000] {processor.py:925} INFO - DAG(s) 'hello_airflow' retrieved from /opt/airflow/dags/hello_airflow.py
[2026-01-21T05:08:03.783+0000] {logging_mixin.py:190} INFO - [2026-01-21T05:08:03.783+0000] {dag.py:3239} INFO - Sync 1 DAGs
[2026-01-21T05:08:03.828+0000] {logging_mixin.py:190} INFO - [2026-01-21T05:08:03.828+0000] {dag.py:4180} INFO - Setting next_dagrun for hello_airflow to 2026-01-21 05:07:00+00:00, run_after=2026-01-21 05:08:00+00:00
[2026-01-21T05:08:03.894+0000] {processor.py:208} INFO - Processing /opt/airflow/dags/hello_airflow.py took 0.223 seconds
[2026-01-21T05:08:34.611+0000] {processor.py:186} INFO - Started process (PID=358) to work on /opt/airflow/dags/hello_airflow.py
[2026-01-21T05:08:34.613+0000] {processor.py:914} INFO - Processing file /opt/airflow/dags/hello_airflow.py for tasks to queue
[2026-01-21T05:08:34.617+0000] {logging_mixin.py:190} INFO - [2026-01-21T05:08:34.617+0000] {dagbag.py:588} INFO - Filling up the DagBag from /opt/airflow/dags/hello_airflow.py
[2026-01-21T05:08:34.638+0000] {processor.py:925} INFO - DAG(s) 'hello_airflow' retrieved from /opt/airflow/dags/hello_airflow.py
[2026-01-21T05:08:34.681+0000] {logging_mixin.py:190} INFO - [2026-01-21T05:08:34.681+0000] {dag.py:3239} INFO - Sync 1 DAGs
[2026-01-21T05:08:34.739+0000] {logging_mixin.py:190} INFO - [2026-01-21T05:08:34.739+0000] {dag.py:4180} INFO - Setting next_dagrun for hello_airflow to 2026-01-21 05:07:00+00:00, run_after=2026-01-21 05:08:00+00:00
[2026-01-21T05:08:34.820+0000] {processor.py:208} INFO - Processing /opt/airflow/dags/hello_airflow.py took 0.220 seconds
[2026-01-21T05:09:06.400+0000] {processor.py:186} INFO - Started process (PID=382) to work on /opt/airflow/dags/hello_airflow.py
[2026-01-21T05:09:06.402+0000] {processor.py:914} INFO - Processing file /opt/airflow/dags/hello_airflow.py for tasks to queue
[2026-01-21T05:09:06.406+0000] {logging_mixin.py:190} INFO - [2026-01-21T05:09:06.406+0000] {dagbag.py:588} INFO - Filling up the DagBag from /opt/airflow/dags/hello_airflow.py
[2026-01-21T05:09:06.429+0000] {processor.py:925} INFO - DAG(s) 'hello_airflow' retrieved from /opt/airflow/dags/hello_airflow.py
[2026-01-21T05:09:06.466+0000] {logging_mixin.py:190} INFO - [2026-01-21T05:09:06.466+0000] {dag.py:3239} INFO - Sync 1 DAGs
[2026-01-21T05:09:06.512+0000] {logging_mixin.py:190} INFO - [2026-01-21T05:09:06.512+0000] {dag.py:4180} INFO - Setting next_dagrun for hello_airflow to 2026-01-21 05:08:00+00:00, run_after=2026-01-21 05:09:00+00:00
[2026-01-21T05:09:06.590+0000] {processor.py:208} INFO - Processing /opt/airflow/dags/hello_airflow.py took 0.205 seconds
[2026-01-21T05:09:37.577+0000] {processor.py:186} INFO - Started process (PID=406) to work on /opt/airflow/dags/hello_airflow.py
[2026-01-21T05:09:37.579+0000] {processor.py:914} INFO - Processing file /opt/airflow/dags/hello_airflow.py for tasks to queue
[2026-01-21T05:09:37.583+0000] {logging_mixin.py:190} INFO - [2026-01-21T05:09:37.582+0000] {dagbag.py:588} INFO - Filling up the DagBag from /opt/airflow/dags/hello_airflow.py
[2026-01-21T05:09:37.601+0000] {processor.py:925} INFO - DAG(s) 'hello_airflow' retrieved from /opt/airflow/dags/hello_airflow.py
[2026-01-21T05:09:37.639+0000] {logging_mixin.py:190} INFO - [2026-01-21T05:09:37.639+0000] {dag.py:3239} INFO - Sync 1 DAGs
[2026-01-21T05:09:37.689+0000] {logging_mixin.py:190} INFO - [2026-01-21T05:09:37.689+0000] {dag.py:4180} INFO - Setting next_dagrun for hello_airflow to 2026-01-21 05:08:00+00:00, run_after=2026-01-21 05:09:00+00:00
[2026-01-21T05:09:37.760+0000] {processor.py:208} INFO - Processing /opt/airflow/dags/hello_airflow.py took 0.195 seconds
[2026-01-21T05:10:09.044+0000] {processor.py:186} INFO - Started process (PID=430) to work on /opt/airflow/dags/hello_airflow.py
[2026-01-21T05:10:09.046+0000] {processor.py:914} INFO - Processing file /opt/airflow/dags/hello_airflow.py for tasks to queue
[2026-01-21T05:10:09.049+0000] {logging_mixin.py:190} INFO - [2026-01-21T05:10:09.049+0000] {dagbag.py:588} INFO - Filling up the DagBag from /opt/airflow/dags/hello_airflow.py
[2026-01-21T05:10:09.066+0000] {processor.py:925} INFO - DAG(s) 'hello_airflow' retrieved from /opt/airflow/dags/hello_airflow.py
[2026-01-21T05:10:09.104+0000] {logging_mixin.py:190} INFO - [2026-01-21T05:10:09.103+0000] {dag.py:3239} INFO - Sync 1 DAGs
[2026-01-21T05:10:09.147+0000] {logging_mixin.py:190} INFO - [2026-01-21T05:10:09.147+0000] {dag.py:4180} INFO - Setting next_dagrun for hello_airflow to 2026-01-21 05:09:00+00:00, run_after=2026-01-21 05:10:00+00:00
[2026-01-21T05:10:09.221+0000] {processor.py:208} INFO - Processing /opt/airflow/dags/hello_airflow.py took 0.188 seconds
[2026-01-21T05:10:40.742+0000] {processor.py:186} INFO - Started process (PID=454) to work on /opt/airflow/dags/hello_airflow.py
[2026-01-21T05:10:40.746+0000] {processor.py:914} INFO - Processing file /opt/airflow/dags/hello_airflow.py for tasks to queue
[2026-01-21T05:10:40.750+0000] {logging_mixin.py:190} INFO - [2026-01-21T05:10:40.750+0000] {dagbag.py:588} INFO - Filling up the DagBag from /opt/airflow/dags/hello_airflow.py
[2026-01-21T05:10:40.779+0000] {processor.py:925} INFO - DAG(s) 'hello_airflow' retrieved from /opt/airflow/dags/hello_airflow.py
[2026-01-21T05:10:40.834+0000] {logging_mixin.py:190} INFO - [2026-01-21T05:10:40.834+0000] {dag.py:3239} INFO - Sync 1 DAGs
[2026-01-21T05:10:40.900+0000] {logging_mixin.py:190} INFO - [2026-01-21T05:10:40.900+0000] {dag.py:4180} INFO - Setting next_dagrun for hello_airflow to 2026-01-21 05:09:00+00:00, run_after=2026-01-21 05:10:00+00:00
[2026-01-21T05:10:40.983+0000] {processor.py:208} INFO - Processing /opt/airflow/dags/hello_airflow.py took 0.262 seconds
[2026-01-21T05:11:12.027+0000] {processor.py:186} INFO - Started process (PID=477) to work on /opt/airflow/dags/hello_airflow.py
[2026-01-21T05:11:12.030+0000] {processor.py:914} INFO - Processing file /opt/airflow/dags/hello_airflow.py for tasks to queue
[2026-01-21T05:11:12.036+0000] {logging_mixin.py:190} INFO - [2026-01-21T05:11:12.035+0000] {dagbag.py:588} INFO - Filling up the DagBag from /opt/airflow/dags/hello_airflow.py
[2026-01-21T05:11:12.066+0000] {processor.py:925} INFO - DAG(s) 'hello_airflow' retrieved from /opt/airflow/dags/hello_airflow.py
[2026-01-21T05:11:12.119+0000] {logging_mixin.py:190} INFO - [2026-01-21T05:11:12.118+0000] {dag.py:3239} INFO - Sync 1 DAGs
[2026-01-21T05:11:12.185+0000] {logging_mixin.py:190} INFO - [2026-01-21T05:11:12.184+0000] {dag.py:4180} INFO - Setting next_dagrun for hello_airflow to 2026-01-21 05:10:00+00:00, run_after=2026-01-21 05:11:00+00:00
[2026-01-21T05:11:12.222+0000] {processor.py:208} INFO - Processing /opt/airflow/dags/hello_airflow.py took 0.211 seconds
[2026-01-21T05:11:43.036+0000] {processor.py:186} INFO - Started process (PID=501) to work on /opt/airflow/dags/hello_airflow.py
[2026-01-21T05:11:43.038+0000] {processor.py:914} INFO - Processing file /opt/airflow/dags/hello_airflow.py for tasks to queue
[2026-01-21T05:11:43.041+0000] {logging_mixin.py:190} INFO - [2026-01-21T05:11:43.041+0000] {dagbag.py:588} INFO - Filling up the DagBag from /opt/airflow/dags/hello_airflow.py
[2026-01-21T05:11:43.060+0000] {processor.py:925} INFO - DAG(s) 'hello_airflow' retrieved from /opt/airflow/dags/hello_airflow.py
[2026-01-21T05:11:43.098+0000] {logging_mixin.py:190} INFO - [2026-01-21T05:11:43.097+0000] {dag.py:3239} INFO - Sync 1 DAGs
[2026-01-21T05:11:43.150+0000] {logging_mixin.py:190} INFO - [2026-01-21T05:11:43.150+0000] {dag.py:4180} INFO - Setting next_dagrun for hello_airflow to 2026-01-21 05:10:00+00:00, run_after=2026-01-21 05:11:00+00:00
[2026-01-21T05:11:43.225+0000] {processor.py:208} INFO - Processing /opt/airflow/dags/hello_airflow.py took 0.201 seconds
[2026-01-21T05:12:14.599+0000] {processor.py:186} INFO - Started process (PID=525) to work on /opt/airflow/dags/hello_airflow.py
[2026-01-21T05:12:14.601+0000] {processor.py:914} INFO - Processing file /opt/airflow/dags/hello_airflow.py for tasks to queue
[2026-01-21T05:12:14.607+0000] {logging_mixin.py:190} INFO - [2026-01-21T05:12:14.606+0000] {dagbag.py:588} INFO - Filling up the DagBag from /opt/airflow/dags/hello_airflow.py
[2026-01-21T05:12:14.635+0000] {processor.py:925} INFO - DAG(s) 'hello_airflow' retrieved from /opt/airflow/dags/hello_airflow.py
[2026-01-21T05:12:14.689+0000] {logging_mixin.py:190} INFO - [2026-01-21T05:12:14.689+0000] {dag.py:3239} INFO - Sync 1 DAGs
[2026-01-21T05:12:14.737+0000] {logging_mixin.py:190} INFO - [2026-01-21T05:12:14.737+0000] {dag.py:4180} INFO - Setting next_dagrun for hello_airflow to 2026-01-21 05:11:00+00:00, run_after=2026-01-21 05:12:00+00:00
[2026-01-21T05:12:14.818+0000] {processor.py:208} INFO - Processing /opt/airflow/dags/hello_airflow.py took 0.232 seconds
[2026-01-21T05:12:45.582+0000] {processor.py:186} INFO - Started process (PID=549) to work on /opt/airflow/dags/hello_airflow.py
[2026-01-21T05:12:45.583+0000] {processor.py:914} INFO - Processing file /opt/airflow/dags/hello_airflow.py for tasks to queue
[2026-01-21T05:12:45.588+0000] {logging_mixin.py:190} INFO - [2026-01-21T05:12:45.587+0000] {dagbag.py:588} INFO - Filling up the DagBag from /opt/airflow/dags/hello_airflow.py
[2026-01-21T05:12:45.605+0000] {processor.py:925} INFO - DAG(s) 'hello_airflow' retrieved from /opt/airflow/dags/hello_airflow.py
[2026-01-21T05:12:45.645+0000] {logging_mixin.py:190} INFO - [2026-01-21T05:12:45.645+0000] {dag.py:3239} INFO - Sync 1 DAGs
[2026-01-21T05:12:45.696+0000] {logging_mixin.py:190} INFO - [2026-01-21T05:12:45.696+0000] {dag.py:4180} INFO - Setting next_dagrun for hello_airflow to 2026-01-21 05:11:00+00:00, run_after=2026-01-21 05:12:00+00:00
[2026-01-21T05:12:45.743+0000] {processor.py:208} INFO - Processing /opt/airflow/dags/hello_airflow.py took 0.174 seconds
[2026-01-21T05:13:16.811+0000] {processor.py:186} INFO - Started process (PID=573) to work on /opt/airflow/dags/hello_airflow.py
[2026-01-21T05:13:16.813+0000] {processor.py:914} INFO - Processing file /opt/airflow/dags/hello_airflow.py for tasks to queue
[2026-01-21T05:13:16.817+0000] {logging_mixin.py:190} INFO - [2026-01-21T05:13:16.816+0000] {dagbag.py:588} INFO - Filling up the DagBag from /opt/airflow/dags/hello_airflow.py
[2026-01-21T05:13:16.834+0000] {processor.py:925} INFO - DAG(s) 'hello_airflow' retrieved from /opt/airflow/dags/hello_airflow.py
[2026-01-21T05:13:16.880+0000] {logging_mixin.py:190} INFO - [2026-01-21T05:13:16.880+0000] {dag.py:3239} INFO - Sync 1 DAGs
[2026-01-21T05:13:16.926+0000] {logging_mixin.py:190} INFO - [2026-01-21T05:13:16.926+0000] {dag.py:4180} INFO - Setting next_dagrun for hello_airflow to 2026-01-21 05:12:00+00:00, run_after=2026-01-21 05:13:00+00:00
[2026-01-21T05:13:17.007+0000] {processor.py:208} INFO - Processing /opt/airflow/dags/hello_airflow.py took 0.211 seconds
[2026-01-21T05:13:48.452+0000] {processor.py:186} INFO - Started process (PID=597) to work on /opt/airflow/dags/hello_airflow.py
[2026-01-21T05:13:48.455+0000] {processor.py:914} INFO - Processing file /opt/airflow/dags/hello_airflow.py for tasks to queue
[2026-01-21T05:13:48.462+0000] {logging_mixin.py:190} INFO - [2026-01-21T05:13:48.461+0000] {dagbag.py:588} INFO - Filling up the DagBag from /opt/airflow/dags/hello_airflow.py
[2026-01-21T05:13:48.493+0000] {processor.py:925} INFO - DAG(s) 'hello_airflow' retrieved from /opt/airflow/dags/hello_airflow.py
[2026-01-21T05:13:48.554+0000] {logging_mixin.py:190} INFO - [2026-01-21T05:13:48.553+0000] {dag.py:3239} INFO - Sync 1 DAGs
[2026-01-21T05:13:48.625+0000] {logging_mixin.py:190} INFO - [2026-01-21T05:13:48.625+0000] {dag.py:4180} INFO - Setting next_dagrun for hello_airflow to 2026-01-21 05:12:00+00:00, run_after=2026-01-21 05:13:00+00:00
[2026-01-21T05:13:48.693+0000] {processor.py:208} INFO - Processing /opt/airflow/dags/hello_airflow.py took 0.267 seconds
[2026-01-21T05:14:20.351+0000] {processor.py:186} INFO - Started process (PID=621) to work on /opt/airflow/dags/hello_airflow.py
[2026-01-21T05:14:20.352+0000] {processor.py:914} INFO - Processing file /opt/airflow/dags/hello_airflow.py for tasks to queue
[2026-01-21T05:14:20.366+0000] {logging_mixin.py:190} INFO - [2026-01-21T05:14:20.358+0000] {dagbag.py:588} INFO - Filling up the DagBag from /opt/airflow/dags/hello_airflow.py
[2026-01-21T05:14:20.420+0000] {processor.py:925} INFO - DAG(s) 'hello_airflow' retrieved from /opt/airflow/dags/hello_airflow.py
[2026-01-21T05:14:20.490+0000] {logging_mixin.py:190} INFO - [2026-01-21T05:14:20.489+0000] {dag.py:3239} INFO - Sync 1 DAGs
[2026-01-21T05:14:20.559+0000] {logging_mixin.py:190} INFO - [2026-01-21T05:14:20.559+0000] {dag.py:4180} INFO - Setting next_dagrun for hello_airflow to 2026-01-21 05:13:00+00:00, run_after=2026-01-21 05:14:00+00:00
[2026-01-21T05:14:20.589+0000] {processor.py:208} INFO - Processing /opt/airflow/dags/hello_airflow.py took 0.291 seconds
[2026-01-21T05:14:51.589+0000] {processor.py:186} INFO - Started process (PID=643) to work on /opt/airflow/dags/hello_airflow.py
[2026-01-21T05:14:51.592+0000] {processor.py:914} INFO - Processing file /opt/airflow/dags/hello_airflow.py for tasks to queue
[2026-01-21T05:14:51.598+0000] {logging_mixin.py:190} INFO - [2026-01-21T05:14:51.597+0000] {dagbag.py:588} INFO - Filling up the DagBag from /opt/airflow/dags/hello_airflow.py
[2026-01-21T05:14:51.634+0000] {processor.py:925} INFO - DAG(s) 'hello_airflow' retrieved from /opt/airflow/dags/hello_airflow.py
[2026-01-21T05:14:51.716+0000] {logging_mixin.py:190} INFO - [2026-01-21T05:14:51.715+0000] {dag.py:3239} INFO - Sync 1 DAGs
[2026-01-21T05:14:51.867+0000] {logging_mixin.py:190} INFO - [2026-01-21T05:14:51.866+0000] {dag.py:4180} INFO - Setting next_dagrun for hello_airflow to 2026-01-21 05:13:00+00:00, run_after=2026-01-21 05:14:00+00:00
[2026-01-21T05:14:51.969+0000] {processor.py:208} INFO - Processing /opt/airflow/dags/hello_airflow.py took 0.405 seconds
[2026-01-21T05:15:22.995+0000] {processor.py:186} INFO - Started process (PID=666) to work on /opt/airflow/dags/hello_airflow.py
[2026-01-21T05:15:22.998+0000] {processor.py:914} INFO - Processing file /opt/airflow/dags/hello_airflow.py for tasks to queue
[2026-01-21T05:15:23.008+0000] {logging_mixin.py:190} INFO - [2026-01-21T05:15:23.007+0000] {dagbag.py:588} INFO - Filling up the DagBag from /opt/airflow/dags/hello_airflow.py
[2026-01-21T05:15:23.040+0000] {processor.py:925} INFO - DAG(s) 'hello_airflow' retrieved from /opt/airflow/dags/hello_airflow.py
[2026-01-21T05:15:23.119+0000] {logging_mixin.py:190} INFO - [2026-01-21T05:15:23.118+0000] {dag.py:3239} INFO - Sync 1 DAGs
[2026-01-21T05:15:23.191+0000] {logging_mixin.py:190} INFO - [2026-01-21T05:15:23.191+0000] {dag.py:4180} INFO - Setting next_dagrun for hello_airflow to 2026-01-21 05:14:00+00:00, run_after=2026-01-21 05:15:00+00:00
[2026-01-21T05:15:23.241+0000] {processor.py:208} INFO - Processing /opt/airflow/dags/hello_airflow.py took 0.272 seconds
[2026-01-21T05:15:54.159+0000] {processor.py:186} INFO - Started process (PID=690) to work on /opt/airflow/dags/hello_airflow.py
[2026-01-21T05:15:54.161+0000] {processor.py:914} INFO - Processing file /opt/airflow/dags/hello_airflow.py for tasks to queue
[2026-01-21T05:15:54.166+0000] {logging_mixin.py:190} INFO - [2026-01-21T05:15:54.165+0000] {dagbag.py:588} INFO - Filling up the DagBag from /opt/airflow/dags/hello_airflow.py
[2026-01-21T05:15:54.184+0000] {processor.py:925} INFO - DAG(s) 'hello_airflow' retrieved from /opt/airflow/dags/hello_airflow.py
[2026-01-21T05:15:54.224+0000] {logging_mixin.py:190} INFO - [2026-01-21T05:15:54.224+0000] {dag.py:3239} INFO - Sync 1 DAGs
[2026-01-21T05:15:54.276+0000] {logging_mixin.py:190} INFO - [2026-01-21T05:15:54.275+0000] {dag.py:4180} INFO - Setting next_dagrun for hello_airflow to 2026-01-21 05:14:00+00:00, run_after=2026-01-21 05:15:00+00:00
[2026-01-21T05:15:54.310+0000] {processor.py:208} INFO - Processing /opt/airflow/dags/hello_airflow.py took 0.164 seconds
[2026-01-21T05:16:25.661+0000] {processor.py:186} INFO - Started process (PID=721) to work on /opt/airflow/dags/hello_airflow.py
[2026-01-21T05:16:25.663+0000] {processor.py:914} INFO - Processing file /opt/airflow/dags/hello_airflow.py for tasks to queue
[2026-01-21T05:16:25.668+0000] {logging_mixin.py:190} INFO - [2026-01-21T05:16:25.667+0000] {dagbag.py:588} INFO - Filling up the DagBag from /opt/airflow/dags/hello_airflow.py
[2026-01-21T05:16:25.688+0000] {processor.py:925} INFO - DAG(s) 'hello_airflow' retrieved from /opt/airflow/dags/hello_airflow.py
[2026-01-21T05:16:25.732+0000] {logging_mixin.py:190} INFO - [2026-01-21T05:16:25.732+0000] {dag.py:3239} INFO - Sync 1 DAGs
[2026-01-21T05:16:25.786+0000] {logging_mixin.py:190} INFO - [2026-01-21T05:16:25.785+0000] {dag.py:4180} INFO - Setting next_dagrun for hello_airflow to 2026-01-21 05:15:00+00:00, run_after=2026-01-21 05:16:00+00:00
[2026-01-21T05:16:25.818+0000] {processor.py:208} INFO - Processing /opt/airflow/dags/hello_airflow.py took 0.168 seconds
[2026-01-21T05:16:57.070+0000] {processor.py:186} INFO - Started process (PID=743) to work on /opt/airflow/dags/hello_airflow.py
[2026-01-21T05:16:57.072+0000] {processor.py:914} INFO - Processing file /opt/airflow/dags/hello_airflow.py for tasks to queue
[2026-01-21T05:16:57.077+0000] {logging_mixin.py:190} INFO - [2026-01-21T05:16:57.076+0000] {dagbag.py:588} INFO - Filling up the DagBag from /opt/airflow/dags/hello_airflow.py
[2026-01-21T05:16:57.104+0000] {processor.py:925} INFO - DAG(s) 'hello_airflow' retrieved from /opt/airflow/dags/hello_airflow.py
[2026-01-21T05:16:57.160+0000] {logging_mixin.py:190} INFO - [2026-01-21T05:16:57.159+0000] {dag.py:3239} INFO - Sync 1 DAGs
[2026-01-21T05:16:57.228+0000] {logging_mixin.py:190} INFO - [2026-01-21T05:16:57.228+0000] {dag.py:4180} INFO - Setting next_dagrun for hello_airflow to 2026-01-21 05:15:00+00:00, run_after=2026-01-21 05:16:00+00:00
[2026-01-21T05:16:57.279+0000] {processor.py:208} INFO - Processing /opt/airflow/dags/hello_airflow.py took 0.223 seconds
[2026-01-21T05:17:28.545+0000] {processor.py:186} INFO - Started process (PID=767) to work on /opt/airflow/dags/hello_airflow.py
[2026-01-21T05:17:28.547+0000] {processor.py:914} INFO - Processing file /opt/airflow/dags/hello_airflow.py for tasks to queue
[2026-01-21T05:17:28.552+0000] {logging_mixin.py:190} INFO - [2026-01-21T05:17:28.551+0000] {dagbag.py:588} INFO - Filling up the DagBag from /opt/airflow/dags/hello_airflow.py
[2026-01-21T05:17:28.574+0000] {processor.py:925} INFO - DAG(s) 'hello_airflow' retrieved from /opt/airflow/dags/hello_airflow.py
[2026-01-21T05:17:28.639+0000] {logging_mixin.py:190} INFO - [2026-01-21T05:17:28.638+0000] {dag.py:3239} INFO - Sync 1 DAGs
[2026-01-21T05:17:28.697+0000] {logging_mixin.py:190} INFO - [2026-01-21T05:17:28.696+0000] {dag.py:4180} INFO - Setting next_dagrun for hello_airflow to 2026-01-21 05:16:00+00:00, run_after=2026-01-21 05:17:00+00:00
[2026-01-21T05:17:28.773+0000] {processor.py:208} INFO - Processing /opt/airflow/dags/hello_airflow.py took 0.244 seconds
[2026-01-21T05:18:00.427+0000] {processor.py:186} INFO - Started process (PID=791) to work on /opt/airflow/dags/hello_airflow.py
[2026-01-21T05:18:00.429+0000] {processor.py:914} INFO - Processing file /opt/airflow/dags/hello_airflow.py for tasks to queue
[2026-01-21T05:18:00.434+0000] {logging_mixin.py:190} INFO - [2026-01-21T05:18:00.433+0000] {dagbag.py:588} INFO - Filling up the DagBag from /opt/airflow/dags/hello_airflow.py
[2026-01-21T05:18:00.452+0000] {processor.py:925} INFO - DAG(s) 'hello_airflow' retrieved from /opt/airflow/dags/hello_airflow.py
[2026-01-21T05:18:00.492+0000] {logging_mixin.py:190} INFO - [2026-01-21T05:18:00.492+0000] {dag.py:3239} INFO - Sync 1 DAGs
[2026-01-21T05:18:00.545+0000] {logging_mixin.py:190} INFO - [2026-01-21T05:18:00.545+0000] {dag.py:4180} INFO - Setting next_dagrun for hello_airflow to 2026-01-21 05:17:00+00:00, run_after=2026-01-21 05:18:00+00:00
[2026-01-21T05:18:00.574+0000] {processor.py:208} INFO - Processing /opt/airflow/dags/hello_airflow.py took 0.159 seconds
[2026-01-21T05:18:31.831+0000] {processor.py:186} INFO - Started process (PID=815) to work on /opt/airflow/dags/hello_airflow.py
[2026-01-21T05:18:31.834+0000] {processor.py:914} INFO - Processing file /opt/airflow/dags/hello_airflow.py for tasks to queue
[2026-01-21T05:18:31.838+0000] {logging_mixin.py:190} INFO - [2026-01-21T05:18:31.838+0000] {dagbag.py:588} INFO - Filling up the DagBag from /opt/airflow/dags/hello_airflow.py
[2026-01-21T05:18:31.863+0000] {processor.py:925} INFO - DAG(s) 'hello_airflow' retrieved from /opt/airflow/dags/hello_airflow.py
[2026-01-21T05:18:31.912+0000] {logging_mixin.py:190} INFO - [2026-01-21T05:18:31.911+0000] {dag.py:3239} INFO - Sync 1 DAGs
[2026-01-21T05:18:31.982+0000] {logging_mixin.py:190} INFO - [2026-01-21T05:18:31.981+0000] {dag.py:4180} INFO - Setting next_dagrun for hello_airflow to 2026-01-21 05:17:00+00:00, run_after=2026-01-21 05:18:00+00:00
[2026-01-21T05:18:32.014+0000] {processor.py:208} INFO - Processing /opt/airflow/dags/hello_airflow.py took 0.203 seconds
[2026-01-21T05:19:03.199+0000] {processor.py:186} INFO - Started process (PID=840) to work on /opt/airflow/dags/hello_airflow.py
[2026-01-21T05:19:03.201+0000] {processor.py:914} INFO - Processing file /opt/airflow/dags/hello_airflow.py for tasks to queue
[2026-01-21T05:19:03.206+0000] {logging_mixin.py:190} INFO - [2026-01-21T05:19:03.206+0000] {dagbag.py:588} INFO - Filling up the DagBag from /opt/airflow/dags/hello_airflow.py
[2026-01-21T05:19:03.230+0000] {processor.py:925} INFO - DAG(s) 'hello_airflow' retrieved from /opt/airflow/dags/hello_airflow.py
[2026-01-21T05:19:03.283+0000] {logging_mixin.py:190} INFO - [2026-01-21T05:19:03.283+0000] {dag.py:3239} INFO - Sync 1 DAGs
[2026-01-21T05:19:03.345+0000] {logging_mixin.py:190} INFO - [2026-01-21T05:19:03.344+0000] {dag.py:4180} INFO - Setting next_dagrun for hello_airflow to 2026-01-21 05:18:00+00:00, run_after=2026-01-21 05:19:00+00:00
[2026-01-21T05:19:03.377+0000] {processor.py:208} INFO - Processing /opt/airflow/dags/hello_airflow.py took 0.191 seconds
[2026-01-21T05:19:34.717+0000] {processor.py:186} INFO - Started process (PID=864) to work on /opt/airflow/dags/hello_airflow.py
[2026-01-21T05:19:34.719+0000] {processor.py:914} INFO - Processing file /opt/airflow/dags/hello_airflow.py for tasks to queue
[2026-01-21T05:19:34.725+0000] {logging_mixin.py:190} INFO - [2026-01-21T05:19:34.724+0000] {dagbag.py:588} INFO - Filling up the DagBag from /opt/airflow/dags/hello_airflow.py
[2026-01-21T05:19:34.748+0000] {processor.py:925} INFO - DAG(s) 'hello_airflow' retrieved from /opt/airflow/dags/hello_airflow.py
[2026-01-21T05:19:34.795+0000] {logging_mixin.py:190} INFO - [2026-01-21T05:19:34.795+0000] {dag.py:3239} INFO - Sync 1 DAGs
[2026-01-21T05:19:34.846+0000] {logging_mixin.py:190} INFO - [2026-01-21T05:19:34.845+0000] {dag.py:4180} INFO - Setting next_dagrun for hello_airflow to 2026-01-21 05:18:00+00:00, run_after=2026-01-21 05:19:00+00:00
[2026-01-21T05:19:34.927+0000] {processor.py:208} INFO - Processing /opt/airflow/dags/hello_airflow.py took 0.226 seconds
[2026-01-21T05:20:05.882+0000] {processor.py:186} INFO - Started process (PID=888) to work on /opt/airflow/dags/hello_airflow.py
[2026-01-21T05:20:05.885+0000] {processor.py:914} INFO - Processing file /opt/airflow/dags/hello_airflow.py for tasks to queue
[2026-01-21T05:20:05.890+0000] {logging_mixin.py:190} INFO - [2026-01-21T05:20:05.889+0000] {dagbag.py:588} INFO - Filling up the DagBag from /opt/airflow/dags/hello_airflow.py
[2026-01-21T05:20:05.911+0000] {processor.py:925} INFO - DAG(s) 'hello_airflow' retrieved from /opt/airflow/dags/hello_airflow.py
[2026-01-21T05:20:05.960+0000] {logging_mixin.py:190} INFO - [2026-01-21T05:20:05.959+0000] {dag.py:3239} INFO - Sync 1 DAGs
[2026-01-21T05:20:06.017+0000] {logging_mixin.py:190} INFO - [2026-01-21T05:20:06.017+0000] {dag.py:4180} INFO - Setting next_dagrun for hello_airflow to 2026-01-21 05:19:00+00:00, run_after=2026-01-21 05:20:00+00:00
[2026-01-21T05:20:06.069+0000] {processor.py:208} INFO - Processing /opt/airflow/dags/hello_airflow.py took 0.201 seconds
[2026-01-21T05:20:37.332+0000] {processor.py:186} INFO - Started process (PID=912) to work on /opt/airflow/dags/hello_airflow.py
[2026-01-21T05:20:37.333+0000] {processor.py:914} INFO - Processing file /opt/airflow/dags/hello_airflow.py for tasks to queue
[2026-01-21T05:20:37.338+0000] {logging_mixin.py:190} INFO - [2026-01-21T05:20:37.337+0000] {dagbag.py:588} INFO - Filling up the DagBag from /opt/airflow/dags/hello_airflow.py
[2026-01-21T05:20:37.359+0000] {processor.py:925} INFO - DAG(s) 'hello_airflow' retrieved from /opt/airflow/dags/hello_airflow.py
[2026-01-21T05:20:37.401+0000] {logging_mixin.py:190} INFO - [2026-01-21T05:20:37.401+0000] {dag.py:3239} INFO - Sync 1 DAGs
[2026-01-21T05:20:37.448+0000] {logging_mixin.py:190} INFO - [2026-01-21T05:20:37.448+0000] {dag.py:4180} INFO - Setting next_dagrun for hello_airflow to 2026-01-21 05:19:00+00:00, run_after=2026-01-21 05:20:00+00:00
[2026-01-21T05:20:37.522+0000] {processor.py:208} INFO - Processing /opt/airflow/dags/hello_airflow.py took 0.202 seconds
[2026-01-21T05:21:08.774+0000] {processor.py:186} INFO - Started process (PID=936) to work on /opt/airflow/dags/hello_airflow.py
[2026-01-21T05:21:08.777+0000] {processor.py:914} INFO - Processing file /opt/airflow/dags/hello_airflow.py for tasks to queue
[2026-01-21T05:21:08.782+0000] {logging_mixin.py:190} INFO - [2026-01-21T05:21:08.781+0000] {dagbag.py:588} INFO - Filling up the DagBag from /opt/airflow/dags/hello_airflow.py
[2026-01-21T05:21:08.807+0000] {processor.py:925} INFO - DAG(s) 'hello_airflow' retrieved from /opt/airflow/dags/hello_airflow.py
[2026-01-21T05:21:08.863+0000] {logging_mixin.py:190} INFO - [2026-01-21T05:21:08.863+0000] {dag.py:3239} INFO - Sync 1 DAGs
[2026-01-21T05:21:08.927+0000] {logging_mixin.py:190} INFO - [2026-01-21T05:21:08.927+0000] {dag.py:4180} INFO - Setting next_dagrun for hello_airflow to 2026-01-21 05:20:00+00:00, run_after=2026-01-21 05:21:00+00:00
[2026-01-21T05:21:08.967+0000] {processor.py:208} INFO - Processing /opt/airflow/dags/hello_airflow.py took 0.209 seconds
[2026-01-21T05:21:40.183+0000] {processor.py:186} INFO - Started process (PID=960) to work on /opt/airflow/dags/hello_airflow.py
[2026-01-21T05:21:40.185+0000] {processor.py:914} INFO - Processing file /opt/airflow/dags/hello_airflow.py for tasks to queue
[2026-01-21T05:21:40.190+0000] {logging_mixin.py:190} INFO - [2026-01-21T05:21:40.189+0000] {dagbag.py:588} INFO - Filling up the DagBag from /opt/airflow/dags/hello_airflow.py
[2026-01-21T05:21:40.211+0000] {processor.py:925} INFO - DAG(s) 'hello_airflow' retrieved from /opt/airflow/dags/hello_airflow.py
[2026-01-21T05:21:40.260+0000] {logging_mixin.py:190} INFO - [2026-01-21T05:21:40.259+0000] {dag.py:3239} INFO - Sync 1 DAGs
[2026-01-21T05:21:40.322+0000] {logging_mixin.py:190} INFO - [2026-01-21T05:21:40.322+0000] {dag.py:4180} INFO - Setting next_dagrun for hello_airflow to 2026-01-21 05:20:00+00:00, run_after=2026-01-21 05:21:00+00:00
[2026-01-21T05:21:40.355+0000] {processor.py:208} INFO - Processing /opt/airflow/dags/hello_airflow.py took 0.187 seconds
[2026-01-21T05:22:11.434+0000] {processor.py:186} INFO - Started process (PID=984) to work on /opt/airflow/dags/hello_airflow.py
[2026-01-21T05:22:11.436+0000] {processor.py:914} INFO - Processing file /opt/airflow/dags/hello_airflow.py for tasks to queue
[2026-01-21T05:22:11.443+0000] {logging_mixin.py:190} INFO - [2026-01-21T05:22:11.442+0000] {dagbag.py:588} INFO - Filling up the DagBag from /opt/airflow/dags/hello_airflow.py
[2026-01-21T05:22:11.471+0000] {processor.py:925} INFO - DAG(s) 'hello_airflow' retrieved from /opt/airflow/dags/hello_airflow.py
[2026-01-21T05:22:11.523+0000] {logging_mixin.py:190} INFO - [2026-01-21T05:22:11.523+0000] {dag.py:3239} INFO - Sync 1 DAGs
[2026-01-21T05:22:11.583+0000] {logging_mixin.py:190} INFO - [2026-01-21T05:22:11.582+0000] {dag.py:4180} INFO - Setting next_dagrun for hello_airflow to 2026-01-21 05:21:00+00:00, run_after=2026-01-21 05:22:00+00:00
[2026-01-21T05:22:11.652+0000] {processor.py:208} INFO - Processing /opt/airflow/dags/hello_airflow.py took 0.236 seconds
[2026-01-21T05:22:42.729+0000] {processor.py:186} INFO - Started process (PID=1006) to work on /opt/airflow/dags/hello_airflow.py
[2026-01-21T05:22:42.731+0000] {processor.py:914} INFO - Processing file /opt/airflow/dags/hello_airflow.py for tasks to queue
[2026-01-21T05:22:42.736+0000] {logging_mixin.py:190} INFO - [2026-01-21T05:22:42.736+0000] {dagbag.py:588} INFO - Filling up the DagBag from /opt/airflow/dags/hello_airflow.py
[2026-01-21T05:22:42.757+0000] {processor.py:925} INFO - DAG(s) 'hello_airflow' retrieved from /opt/airflow/dags/hello_airflow.py
[2026-01-21T05:22:42.810+0000] {logging_mixin.py:190} INFO - [2026-01-21T05:22:42.810+0000] {dag.py:3239} INFO - Sync 1 DAGs
[2026-01-21T05:22:42.883+0000] {logging_mixin.py:190} INFO - [2026-01-21T05:22:42.883+0000] {dag.py:4180} INFO - Setting next_dagrun for hello_airflow to 2026-01-21 05:21:00+00:00, run_after=2026-01-21 05:22:00+00:00
[2026-01-21T05:22:42.921+0000] {processor.py:208} INFO - Processing /opt/airflow/dags/hello_airflow.py took 0.208 seconds
[2026-01-21T05:23:13.070+0000] {processor.py:186} INFO - Started process (PID=1029) to work on /opt/airflow/dags/hello_airflow.py
[2026-01-21T05:23:13.073+0000] {processor.py:914} INFO - Processing file /opt/airflow/dags/hello_airflow.py for tasks to queue
[2026-01-21T05:23:13.077+0000] {logging_mixin.py:190} INFO - [2026-01-21T05:23:13.077+0000] {dagbag.py:588} INFO - Filling up the DagBag from /opt/airflow/dags/hello_airflow.py
[2026-01-21T05:23:13.097+0000] {processor.py:925} INFO - DAG(s) 'hello_airflow' retrieved from /opt/airflow/dags/hello_airflow.py
[2026-01-21T05:23:13.142+0000] {logging_mixin.py:190} INFO - [2026-01-21T05:23:13.141+0000] {dag.py:3239} INFO - Sync 1 DAGs
[2026-01-21T05:23:13.202+0000] {logging_mixin.py:190} INFO - [2026-01-21T05:23:13.202+0000] {dag.py:4180} INFO - Setting next_dagrun for hello_airflow to 2026-01-21 05:22:00+00:00, run_after=2026-01-21 05:23:00+00:00
[2026-01-21T05:23:13.254+0000] {processor.py:208} INFO - Processing /opt/airflow/dags/hello_airflow.py took 0.196 seconds
[2026-01-21T05:23:43.555+0000] {processor.py:186} INFO - Started process (PID=1051) to work on /opt/airflow/dags/hello_airflow.py
[2026-01-21T05:23:43.564+0000] {processor.py:914} INFO - Processing file /opt/airflow/dags/hello_airflow.py for tasks to queue
[2026-01-21T05:23:43.575+0000] {logging_mixin.py:190} INFO - [2026-01-21T05:23:43.574+0000] {dagbag.py:588} INFO - Filling up the DagBag from /opt/airflow/dags/hello_airflow.py
[2026-01-21T05:23:43.605+0000] {processor.py:925} INFO - DAG(s) 'hello_airflow' retrieved from /opt/airflow/dags/hello_airflow.py
[2026-01-21T05:23:43.674+0000] {logging_mixin.py:190} INFO - [2026-01-21T05:23:43.673+0000] {dag.py:3239} INFO - Sync 1 DAGs
[2026-01-21T05:23:43.746+0000] {logging_mixin.py:190} INFO - [2026-01-21T05:23:43.745+0000] {dag.py:4180} INFO - Setting next_dagrun for hello_airflow to 2026-01-21 05:22:00+00:00, run_after=2026-01-21 05:23:00+00:00
[2026-01-21T05:23:43.786+0000] {processor.py:208} INFO - Processing /opt/airflow/dags/hello_airflow.py took 0.245 seconds
[2026-01-21T05:24:14.118+0000] {processor.py:186} INFO - Started process (PID=1074) to work on /opt/airflow/dags/hello_airflow.py
[2026-01-21T05:24:14.120+0000] {processor.py:914} INFO - Processing file /opt/airflow/dags/hello_airflow.py for tasks to queue
[2026-01-21T05:24:14.125+0000] {logging_mixin.py:190} INFO - [2026-01-21T05:24:14.124+0000] {dagbag.py:588} INFO - Filling up the DagBag from /opt/airflow/dags/hello_airflow.py
[2026-01-21T05:24:14.146+0000] {processor.py:925} INFO - DAG(s) 'hello_airflow' retrieved from /opt/airflow/dags/hello_airflow.py
[2026-01-21T05:24:14.230+0000] {logging_mixin.py:190} INFO - [2026-01-21T05:24:14.229+0000] {dag.py:3239} INFO - Sync 1 DAGs
[2026-01-21T05:24:14.309+0000] {logging_mixin.py:190} INFO - [2026-01-21T05:24:14.309+0000] {dag.py:4180} INFO - Setting next_dagrun for hello_airflow to 2026-01-21 05:23:00+00:00, run_after=2026-01-21 05:24:00+00:00
[2026-01-21T05:24:14.343+0000] {processor.py:208} INFO - Processing /opt/airflow/dags/hello_airflow.py took 0.240 seconds
[2026-01-21T05:24:44.523+0000] {processor.py:186} INFO - Started process (PID=1098) to work on /opt/airflow/dags/hello_airflow.py
[2026-01-21T05:24:44.525+0000] {processor.py:914} INFO - Processing file /opt/airflow/dags/hello_airflow.py for tasks to queue
[2026-01-21T05:24:44.530+0000] {logging_mixin.py:190} INFO - [2026-01-21T05:24:44.529+0000] {dagbag.py:588} INFO - Filling up the DagBag from /opt/airflow/dags/hello_airflow.py
[2026-01-21T05:24:44.554+0000] {processor.py:925} INFO - DAG(s) 'hello_airflow' retrieved from /opt/airflow/dags/hello_airflow.py
[2026-01-21T05:24:44.607+0000] {logging_mixin.py:190} INFO - [2026-01-21T05:24:44.606+0000] {dag.py:3239} INFO - Sync 1 DAGs
[2026-01-21T05:24:44.666+0000] {logging_mixin.py:190} INFO - [2026-01-21T05:24:44.665+0000] {dag.py:4180} INFO - Setting next_dagrun for hello_airflow to 2026-01-21 05:23:00+00:00, run_after=2026-01-21 05:24:00+00:00
[2026-01-21T05:24:44.747+0000] {processor.py:208} INFO - Processing /opt/airflow/dags/hello_airflow.py took 0.242 seconds
[2026-01-21T05:25:14.901+0000] {processor.py:186} INFO - Started process (PID=1123) to work on /opt/airflow/dags/hello_airflow.py
[2026-01-21T05:25:14.906+0000] {processor.py:914} INFO - Processing file /opt/airflow/dags/hello_airflow.py for tasks to queue
[2026-01-21T05:25:14.911+0000] {logging_mixin.py:190} INFO - [2026-01-21T05:25:14.910+0000] {dagbag.py:588} INFO - Filling up the DagBag from /opt/airflow/dags/hello_airflow.py
[2026-01-21T05:25:14.933+0000] {processor.py:925} INFO - DAG(s) 'hello_airflow' retrieved from /opt/airflow/dags/hello_airflow.py
[2026-01-21T05:25:14.973+0000] {logging_mixin.py:190} INFO - [2026-01-21T05:25:14.973+0000] {dag.py:3239} INFO - Sync 1 DAGs
[2026-01-21T05:25:15.018+0000] {logging_mixin.py:190} INFO - [2026-01-21T05:25:15.018+0000] {dag.py:4180} INFO - Setting next_dagrun for hello_airflow to 2026-01-21 05:24:00+00:00, run_after=2026-01-21 05:25:00+00:00
[2026-01-21T05:25:15.096+0000] {processor.py:208} INFO - Processing /opt/airflow/dags/hello_airflow.py took 0.208 seconds
[2026-01-21T05:25:45.233+0000] {processor.py:186} INFO - Started process (PID=1147) to work on /opt/airflow/dags/hello_airflow.py
[2026-01-21T05:25:45.235+0000] {processor.py:914} INFO - Processing file /opt/airflow/dags/hello_airflow.py for tasks to queue
[2026-01-21T05:25:45.247+0000] {logging_mixin.py:190} INFO - [2026-01-21T05:25:45.247+0000] {dagbag.py:588} INFO - Filling up the DagBag from /opt/airflow/dags/hello_airflow.py
[2026-01-21T05:25:45.265+0000] {processor.py:925} INFO - DAG(s) 'hello_airflow' retrieved from /opt/airflow/dags/hello_airflow.py
[2026-01-21T05:25:45.316+0000] {logging_mixin.py:190} INFO - [2026-01-21T05:25:45.315+0000] {dag.py:3239} INFO - Sync 1 DAGs
[2026-01-21T05:25:45.376+0000] {logging_mixin.py:190} INFO - [2026-01-21T05:25:45.376+0000] {dag.py:4180} INFO - Setting next_dagrun for hello_airflow to 2026-01-21 05:24:00+00:00, run_after=2026-01-21 05:25:00+00:00
[2026-01-21T05:25:45.462+0000] {processor.py:208} INFO - Processing /opt/airflow/dags/hello_airflow.py took 0.247 seconds
[2026-01-21T05:26:15.763+0000] {processor.py:186} INFO - Started process (PID=1171) to work on /opt/airflow/dags/hello_airflow.py
[2026-01-21T05:26:15.765+0000] {processor.py:914} INFO - Processing file /opt/airflow/dags/hello_airflow.py for tasks to queue
[2026-01-21T05:26:15.770+0000] {logging_mixin.py:190} INFO - [2026-01-21T05:26:15.770+0000] {dagbag.py:588} INFO - Filling up the DagBag from /opt/airflow/dags/hello_airflow.py
[2026-01-21T05:26:15.792+0000] {processor.py:925} INFO - DAG(s) 'hello_airflow' retrieved from /opt/airflow/dags/hello_airflow.py
[2026-01-21T05:26:15.836+0000] {logging_mixin.py:190} INFO - [2026-01-21T05:26:15.835+0000] {dag.py:3239} INFO - Sync 1 DAGs
[2026-01-21T05:26:15.892+0000] {logging_mixin.py:190} INFO - [2026-01-21T05:26:15.892+0000] {dag.py:4180} INFO - Setting next_dagrun for hello_airflow to 2026-01-21 05:25:00+00:00, run_after=2026-01-21 05:26:00+00:00
[2026-01-21T05:26:15.926+0000] {processor.py:208} INFO - Processing /opt/airflow/dags/hello_airflow.py took 0.176 seconds
[2026-01-21T05:26:46.450+0000] {processor.py:186} INFO - Started process (PID=1196) to work on /opt/airflow/dags/hello_airflow.py
[2026-01-21T05:26:46.452+0000] {processor.py:914} INFO - Processing file /opt/airflow/dags/hello_airflow.py for tasks to queue
[2026-01-21T05:26:46.459+0000] {logging_mixin.py:190} INFO - [2026-01-21T05:26:46.458+0000] {dagbag.py:588} INFO - Filling up the DagBag from /opt/airflow/dags/hello_airflow.py
[2026-01-21T05:26:46.482+0000] {processor.py:925} INFO - DAG(s) 'hello_airflow' retrieved from /opt/airflow/dags/hello_airflow.py
[2026-01-21T05:26:46.538+0000] {logging_mixin.py:190} INFO - [2026-01-21T05:26:46.537+0000] {dag.py:3239} INFO - Sync 1 DAGs
[2026-01-21T05:26:46.605+0000] {logging_mixin.py:190} INFO - [2026-01-21T05:26:46.604+0000] {dag.py:4180} INFO - Setting next_dagrun for hello_airflow to 2026-01-21 05:25:00+00:00, run_after=2026-01-21 05:26:00+00:00
[2026-01-21T05:26:46.656+0000] {processor.py:208} INFO - Processing /opt/airflow/dags/hello_airflow.py took 0.220 seconds
[2026-01-21T05:27:17.381+0000] {processor.py:186} INFO - Started process (PID=1219) to work on /opt/airflow/dags/hello_airflow.py
[2026-01-21T05:27:17.384+0000] {processor.py:914} INFO - Processing file /opt/airflow/dags/hello_airflow.py for tasks to queue
[2026-01-21T05:27:17.393+0000] {logging_mixin.py:190} INFO - [2026-01-21T05:27:17.391+0000] {dagbag.py:588} INFO - Filling up the DagBag from /opt/airflow/dags/hello_airflow.py
[2026-01-21T05:27:17.423+0000] {processor.py:925} INFO - DAG(s) 'hello_airflow' retrieved from /opt/airflow/dags/hello_airflow.py
[2026-01-21T05:27:17.494+0000] {logging_mixin.py:190} INFO - [2026-01-21T05:27:17.493+0000] {dag.py:3239} INFO - Sync 1 DAGs
[2026-01-21T05:27:17.585+0000] {logging_mixin.py:190} INFO - [2026-01-21T05:27:17.584+0000] {dag.py:4180} INFO - Setting next_dagrun for hello_airflow to 2026-01-21 05:26:00+00:00, run_after=2026-01-21 05:27:00+00:00
[2026-01-21T05:27:17.685+0000] {processor.py:208} INFO - Processing /opt/airflow/dags/hello_airflow.py took 0.326 seconds
[2026-01-21T05:27:47.813+0000] {processor.py:186} INFO - Started process (PID=1243) to work on /opt/airflow/dags/hello_airflow.py
[2026-01-21T05:27:47.816+0000] {processor.py:914} INFO - Processing file /opt/airflow/dags/hello_airflow.py for tasks to queue
[2026-01-21T05:27:47.822+0000] {logging_mixin.py:190} INFO - [2026-01-21T05:27:47.822+0000] {dagbag.py:588} INFO - Filling up the DagBag from /opt/airflow/dags/hello_airflow.py
[2026-01-21T05:27:47.854+0000] {processor.py:925} INFO - DAG(s) 'hello_airflow' retrieved from /opt/airflow/dags/hello_airflow.py
[2026-01-21T05:27:47.922+0000] {logging_mixin.py:190} INFO - [2026-01-21T05:27:47.921+0000] {dag.py:3239} INFO - Sync 1 DAGs
[2026-01-21T05:27:47.999+0000] {logging_mixin.py:190} INFO - [2026-01-21T05:27:47.998+0000] {dag.py:4180} INFO - Setting next_dagrun for hello_airflow to 2026-01-21 05:26:00+00:00, run_after=2026-01-21 05:27:00+00:00
[2026-01-21T05:27:48.093+0000] {processor.py:208} INFO - Processing /opt/airflow/dags/hello_airflow.py took 0.316 seconds
[2026-01-21T05:28:18.859+0000] {processor.py:186} INFO - Started process (PID=1267) to work on /opt/airflow/dags/hello_airflow.py
[2026-01-21T05:28:18.862+0000] {processor.py:914} INFO - Processing file /opt/airflow/dags/hello_airflow.py for tasks to queue
[2026-01-21T05:28:18.870+0000] {logging_mixin.py:190} INFO - [2026-01-21T05:28:18.870+0000] {dagbag.py:588} INFO - Filling up the DagBag from /opt/airflow/dags/hello_airflow.py
[2026-01-21T05:28:18.908+0000] {processor.py:925} INFO - DAG(s) 'hello_airflow' retrieved from /opt/airflow/dags/hello_airflow.py
[2026-01-21T05:28:18.976+0000] {logging_mixin.py:190} INFO - [2026-01-21T05:28:18.975+0000] {dag.py:3239} INFO - Sync 1 DAGs
[2026-01-21T05:28:19.055+0000] {logging_mixin.py:190} INFO - [2026-01-21T05:28:19.054+0000] {dag.py:4180} INFO - Setting next_dagrun for hello_airflow to 2026-01-21 05:27:00+00:00, run_after=2026-01-21 05:28:00+00:00
[2026-01-21T05:28:19.121+0000] {processor.py:208} INFO - Processing /opt/airflow/dags/hello_airflow.py took 0.282 seconds
[2026-01-21T05:28:49.507+0000] {processor.py:186} INFO - Started process (PID=1290) to work on /opt/airflow/dags/hello_airflow.py
[2026-01-21T05:28:49.510+0000] {processor.py:914} INFO - Processing file /opt/airflow/dags/hello_airflow.py for tasks to queue
[2026-01-21T05:28:49.531+0000] {logging_mixin.py:190} INFO - [2026-01-21T05:28:49.530+0000] {dagbag.py:588} INFO - Filling up the DagBag from /opt/airflow/dags/hello_airflow.py
[2026-01-21T05:28:49.567+0000] {processor.py:925} INFO - DAG(s) 'hello_airflow' retrieved from /opt/airflow/dags/hello_airflow.py
[2026-01-21T05:28:49.643+0000] {logging_mixin.py:190} INFO - [2026-01-21T05:28:49.642+0000] {dag.py:3239} INFO - Sync 1 DAGs
[2026-01-21T05:28:49.753+0000] {logging_mixin.py:190} INFO - [2026-01-21T05:28:49.752+0000] {dag.py:4180} INFO - Setting next_dagrun for hello_airflow to 2026-01-21 05:27:00+00:00, run_after=2026-01-21 05:28:00+00:00
[2026-01-21T05:28:49.844+0000] {processor.py:208} INFO - Processing /opt/airflow/dags/hello_airflow.py took 0.360 seconds
[2026-01-21T05:29:20.250+0000] {processor.py:186} INFO - Started process (PID=1314) to work on /opt/airflow/dags/hello_airflow.py
[2026-01-21T05:29:20.287+0000] {processor.py:914} INFO - Processing file /opt/airflow/dags/hello_airflow.py for tasks to queue
[2026-01-21T05:29:20.293+0000] {logging_mixin.py:190} INFO - [2026-01-21T05:29:20.292+0000] {dagbag.py:588} INFO - Filling up the DagBag from /opt/airflow/dags/hello_airflow.py
[2026-01-21T05:29:20.321+0000] {processor.py:925} INFO - DAG(s) 'hello_airflow' retrieved from /opt/airflow/dags/hello_airflow.py
[2026-01-21T05:29:20.370+0000] {logging_mixin.py:190} INFO - [2026-01-21T05:29:20.370+0000] {dag.py:3239} INFO - Sync 1 DAGs
[2026-01-21T05:29:20.439+0000] {logging_mixin.py:190} INFO - [2026-01-21T05:29:20.438+0000] {dag.py:4180} INFO - Setting next_dagrun for hello_airflow to 2026-01-21 05:28:00+00:00, run_after=2026-01-21 05:29:00+00:00
[2026-01-21T05:29:20.533+0000] {processor.py:208} INFO - Processing /opt/airflow/dags/hello_airflow.py took 0.301 seconds
[2026-01-21T05:29:50.681+0000] {processor.py:186} INFO - Started process (PID=1338) to work on /opt/airflow/dags/hello_airflow.py
[2026-01-21T05:29:50.684+0000] {processor.py:914} INFO - Processing file /opt/airflow/dags/hello_airflow.py for tasks to queue
[2026-01-21T05:29:50.692+0000] {logging_mixin.py:190} INFO - [2026-01-21T05:29:50.691+0000] {dagbag.py:588} INFO - Filling up the DagBag from /opt/airflow/dags/hello_airflow.py
[2026-01-21T05:29:50.721+0000] {processor.py:925} INFO - DAG(s) 'hello_airflow' retrieved from /opt/airflow/dags/hello_airflow.py
[2026-01-21T05:29:50.789+0000] {logging_mixin.py:190} INFO - [2026-01-21T05:29:50.789+0000] {dag.py:3239} INFO - Sync 1 DAGs
[2026-01-21T05:29:50.886+0000] {logging_mixin.py:190} INFO - [2026-01-21T05:29:50.886+0000] {dag.py:4180} INFO - Setting next_dagrun for hello_airflow to 2026-01-21 05:28:00+00:00, run_after=2026-01-21 05:29:00+00:00
[2026-01-21T05:29:50.992+0000] {processor.py:208} INFO - Processing /opt/airflow/dags/hello_airflow.py took 0.335 seconds
[2026-01-21T05:30:21.944+0000] {processor.py:186} INFO - Started process (PID=1362) to work on /opt/airflow/dags/hello_airflow.py
[2026-01-21T05:30:21.947+0000] {processor.py:914} INFO - Processing file /opt/airflow/dags/hello_airflow.py for tasks to queue
[2026-01-21T05:30:21.953+0000] {logging_mixin.py:190} INFO - [2026-01-21T05:30:21.952+0000] {dagbag.py:588} INFO - Filling up the DagBag from /opt/airflow/dags/hello_airflow.py
[2026-01-21T05:30:21.987+0000] {processor.py:925} INFO - DAG(s) 'hello_airflow' retrieved from /opt/airflow/dags/hello_airflow.py
[2026-01-21T05:30:22.071+0000] {logging_mixin.py:190} INFO - [2026-01-21T05:30:22.070+0000] {dag.py:3239} INFO - Sync 1 DAGs
[2026-01-21T05:30:22.152+0000] {logging_mixin.py:190} INFO - [2026-01-21T05:30:22.152+0000] {dag.py:4180} INFO - Setting next_dagrun for hello_airflow to 2026-01-21 05:29:00+00:00, run_after=2026-01-21 05:30:00+00:00
[2026-01-21T05:30:22.248+0000] {processor.py:208} INFO - Processing /opt/airflow/dags/hello_airflow.py took 0.327 seconds
[2026-01-21T05:30:52.426+0000] {processor.py:186} INFO - Started process (PID=1386) to work on /opt/airflow/dags/hello_airflow.py
[2026-01-21T05:30:52.429+0000] {processor.py:914} INFO - Processing file /opt/airflow/dags/hello_airflow.py for tasks to queue
[2026-01-21T05:30:52.436+0000] {logging_mixin.py:190} INFO - [2026-01-21T05:30:52.435+0000] {dagbag.py:588} INFO - Filling up the DagBag from /opt/airflow/dags/hello_airflow.py
[2026-01-21T05:30:52.470+0000] {processor.py:925} INFO - DAG(s) 'hello_airflow' retrieved from /opt/airflow/dags/hello_airflow.py
[2026-01-21T05:30:52.551+0000] {logging_mixin.py:190} INFO - [2026-01-21T05:30:52.550+0000] {dag.py:3239} INFO - Sync 1 DAGs
[2026-01-21T05:30:52.642+0000] {logging_mixin.py:190} INFO - [2026-01-21T05:30:52.642+0000] {dag.py:4180} INFO - Setting next_dagrun for hello_airflow to 2026-01-21 05:29:00+00:00, run_after=2026-01-21 05:30:00+00:00
[2026-01-21T05:30:52.786+0000] {processor.py:208} INFO - Processing /opt/airflow/dags/hello_airflow.py took 0.380 seconds
[2026-01-21T05:31:22.922+0000] {processor.py:186} INFO - Started process (PID=1410) to work on /opt/airflow/dags/hello_airflow.py
[2026-01-21T05:31:22.924+0000] {processor.py:914} INFO - Processing file /opt/airflow/dags/hello_airflow.py for tasks to queue
[2026-01-21T05:31:22.931+0000] {logging_mixin.py:190} INFO - [2026-01-21T05:31:22.930+0000] {dagbag.py:588} INFO - Filling up the DagBag from /opt/airflow/dags/hello_airflow.py
[2026-01-21T05:31:22.957+0000] {processor.py:925} INFO - DAG(s) 'hello_airflow' retrieved from /opt/airflow/dags/hello_airflow.py
[2026-01-21T05:31:23.022+0000] {logging_mixin.py:190} INFO - [2026-01-21T05:31:23.021+0000] {dag.py:3239} INFO - Sync 1 DAGs
[2026-01-21T05:31:23.100+0000] {logging_mixin.py:190} INFO - [2026-01-21T05:31:23.099+0000] {dag.py:4180} INFO - Setting next_dagrun for hello_airflow to 2026-01-21 05:30:00+00:00, run_after=2026-01-21 05:31:00+00:00
[2026-01-21T05:31:23.197+0000] {processor.py:208} INFO - Processing /opt/airflow/dags/hello_airflow.py took 0.295 seconds
[2026-01-21T05:31:53.288+0000] {processor.py:186} INFO - Started process (PID=1434) to work on /opt/airflow/dags/hello_airflow.py
[2026-01-21T05:31:53.291+0000] {processor.py:914} INFO - Processing file /opt/airflow/dags/hello_airflow.py for tasks to queue
[2026-01-21T05:31:53.300+0000] {logging_mixin.py:190} INFO - [2026-01-21T05:31:53.299+0000] {dagbag.py:588} INFO - Filling up the DagBag from /opt/airflow/dags/hello_airflow.py
[2026-01-21T05:31:53.330+0000] {processor.py:925} INFO - DAG(s) 'hello_airflow' retrieved from /opt/airflow/dags/hello_airflow.py
[2026-01-21T05:31:53.396+0000] {logging_mixin.py:190} INFO - [2026-01-21T05:31:53.396+0000] {dag.py:3239} INFO - Sync 1 DAGs
[2026-01-21T05:31:53.492+0000] {logging_mixin.py:190} INFO - [2026-01-21T05:31:53.491+0000] {dag.py:4180} INFO - Setting next_dagrun for hello_airflow to 2026-01-21 05:30:00+00:00, run_after=2026-01-21 05:31:00+00:00
[2026-01-21T05:31:53.544+0000] {processor.py:208} INFO - Processing /opt/airflow/dags/hello_airflow.py took 0.275 seconds
[2026-01-21T05:32:23.661+0000] {processor.py:186} INFO - Started process (PID=1458) to work on /opt/airflow/dags/hello_airflow.py
[2026-01-21T05:32:23.664+0000] {processor.py:914} INFO - Processing file /opt/airflow/dags/hello_airflow.py for tasks to queue
[2026-01-21T05:32:23.677+0000] {logging_mixin.py:190} INFO - [2026-01-21T05:32:23.675+0000] {dagbag.py:588} INFO - Filling up the DagBag from /opt/airflow/dags/hello_airflow.py
[2026-01-21T05:32:23.722+0000] {processor.py:925} INFO - DAG(s) 'hello_airflow' retrieved from /opt/airflow/dags/hello_airflow.py
[2026-01-21T05:32:23.835+0000] {logging_mixin.py:190} INFO - [2026-01-21T05:32:23.834+0000] {dag.py:3239} INFO - Sync 1 DAGs
[2026-01-21T05:32:23.974+0000] {logging_mixin.py:190} INFO - [2026-01-21T05:32:23.974+0000] {dag.py:4180} INFO - Setting next_dagrun for hello_airflow to 2026-01-21 05:31:00+00:00, run_after=2026-01-21 05:32:00+00:00
[2026-01-21T05:32:24.042+0000] {processor.py:208} INFO - Processing /opt/airflow/dags/hello_airflow.py took 0.409 seconds
[2026-01-21T05:32:54.941+0000] {processor.py:186} INFO - Started process (PID=1481) to work on /opt/airflow/dags/hello_airflow.py
[2026-01-21T05:32:54.944+0000] {processor.py:914} INFO - Processing file /opt/airflow/dags/hello_airflow.py for tasks to queue
[2026-01-21T05:32:54.951+0000] {logging_mixin.py:190} INFO - [2026-01-21T05:32:54.950+0000] {dagbag.py:588} INFO - Filling up the DagBag from /opt/airflow/dags/hello_airflow.py
[2026-01-21T05:32:54.979+0000] {processor.py:925} INFO - DAG(s) 'hello_airflow' retrieved from /opt/airflow/dags/hello_airflow.py
[2026-01-21T05:32:55.040+0000] {logging_mixin.py:190} INFO - [2026-01-21T05:32:55.039+0000] {dag.py:3239} INFO - Sync 1 DAGs
[2026-01-21T05:32:55.115+0000] {logging_mixin.py:190} INFO - [2026-01-21T05:32:55.114+0000] {dag.py:4180} INFO - Setting next_dagrun for hello_airflow to 2026-01-21 05:31:00+00:00, run_after=2026-01-21 05:32:00+00:00
[2026-01-21T05:32:55.208+0000] {processor.py:208} INFO - Processing /opt/airflow/dags/hello_airflow.py took 0.285 seconds
[2026-01-21T05:33:25.628+0000] {processor.py:186} INFO - Started process (PID=1505) to work on /opt/airflow/dags/hello_airflow.py
[2026-01-21T05:33:25.630+0000] {processor.py:914} INFO - Processing file /opt/airflow/dags/hello_airflow.py for tasks to queue
[2026-01-21T05:33:25.638+0000] {logging_mixin.py:190} INFO - [2026-01-21T05:33:25.637+0000] {dagbag.py:588} INFO - Filling up the DagBag from /opt/airflow/dags/hello_airflow.py
[2026-01-21T05:33:25.665+0000] {processor.py:925} INFO - DAG(s) 'hello_airflow' retrieved from /opt/airflow/dags/hello_airflow.py
[2026-01-21T05:33:25.747+0000] {logging_mixin.py:190} INFO - [2026-01-21T05:33:25.746+0000] {dag.py:3239} INFO - Sync 1 DAGs
[2026-01-21T05:33:25.838+0000] {logging_mixin.py:190} INFO - [2026-01-21T05:33:25.837+0000] {dag.py:4180} INFO - Setting next_dagrun for hello_airflow to 2026-01-21 05:32:00+00:00, run_after=2026-01-21 05:33:00+00:00
[2026-01-21T05:33:25.894+0000] {processor.py:208} INFO - Processing /opt/airflow/dags/hello_airflow.py took 0.285 seconds
[2026-01-21T05:33:56.742+0000] {processor.py:186} INFO - Started process (PID=1529) to work on /opt/airflow/dags/hello_airflow.py
[2026-01-21T05:33:56.755+0000] {processor.py:914} INFO - Processing file /opt/airflow/dags/hello_airflow.py for tasks to queue
[2026-01-21T05:33:56.762+0000] {logging_mixin.py:190} INFO - [2026-01-21T05:33:56.761+0000] {dagbag.py:588} INFO - Filling up the DagBag from /opt/airflow/dags/hello_airflow.py
[2026-01-21T05:33:56.809+0000] {processor.py:925} INFO - DAG(s) 'hello_airflow' retrieved from /opt/airflow/dags/hello_airflow.py
[2026-01-21T05:33:56.863+0000] {logging_mixin.py:190} INFO - [2026-01-21T05:33:56.862+0000] {dag.py:3239} INFO - Sync 1 DAGs
[2026-01-21T05:33:56.931+0000] {logging_mixin.py:190} INFO - [2026-01-21T05:33:56.930+0000] {dag.py:4180} INFO - Setting next_dagrun for hello_airflow to 2026-01-21 05:32:00+00:00, run_after=2026-01-21 05:33:00+00:00
[2026-01-21T05:33:57.031+0000] {processor.py:208} INFO - Processing /opt/airflow/dags/hello_airflow.py took 0.305 seconds
[2026-01-21T05:34:27.486+0000] {processor.py:186} INFO - Started process (PID=1552) to work on /opt/airflow/dags/hello_airflow.py
[2026-01-21T05:34:27.489+0000] {processor.py:914} INFO - Processing file /opt/airflow/dags/hello_airflow.py for tasks to queue
[2026-01-21T05:34:27.495+0000] {logging_mixin.py:190} INFO - [2026-01-21T05:34:27.494+0000] {dagbag.py:588} INFO - Filling up the DagBag from /opt/airflow/dags/hello_airflow.py
[2026-01-21T05:34:27.522+0000] {processor.py:925} INFO - DAG(s) 'hello_airflow' retrieved from /opt/airflow/dags/hello_airflow.py
[2026-01-21T05:34:27.580+0000] {logging_mixin.py:190} INFO - [2026-01-21T05:34:27.579+0000] {dag.py:3239} INFO - Sync 1 DAGs
[2026-01-21T05:34:27.645+0000] {logging_mixin.py:190} INFO - [2026-01-21T05:34:27.645+0000] {dag.py:4180} INFO - Setting next_dagrun for hello_airflow to 2026-01-21 05:33:00+00:00, run_after=2026-01-21 05:34:00+00:00
[2026-01-21T05:34:27.730+0000] {processor.py:208} INFO - Processing /opt/airflow/dags/hello_airflow.py took 0.261 seconds
[2026-01-21T05:34:57.854+0000] {processor.py:186} INFO - Started process (PID=1576) to work on /opt/airflow/dags/hello_airflow.py
[2026-01-21T05:34:57.857+0000] {processor.py:914} INFO - Processing file /opt/airflow/dags/hello_airflow.py for tasks to queue
[2026-01-21T05:34:57.862+0000] {logging_mixin.py:190} INFO - [2026-01-21T05:34:57.862+0000] {dagbag.py:588} INFO - Filling up the DagBag from /opt/airflow/dags/hello_airflow.py
[2026-01-21T05:34:57.889+0000] {processor.py:925} INFO - DAG(s) 'hello_airflow' retrieved from /opt/airflow/dags/hello_airflow.py
[2026-01-21T05:34:57.950+0000] {logging_mixin.py:190} INFO - [2026-01-21T05:34:57.950+0000] {dag.py:3239} INFO - Sync 1 DAGs
[2026-01-21T05:34:58.021+0000] {logging_mixin.py:190} INFO - [2026-01-21T05:34:58.021+0000] {dag.py:4180} INFO - Setting next_dagrun for hello_airflow to 2026-01-21 05:33:00+00:00, run_after=2026-01-21 05:34:00+00:00
[2026-01-21T05:34:58.061+0000] {processor.py:208} INFO - Processing /opt/airflow/dags/hello_airflow.py took 0.225 seconds
[2026-01-21T05:35:28.619+0000] {processor.py:186} INFO - Started process (PID=1600) to work on /opt/airflow/dags/hello_airflow.py
[2026-01-21T05:35:28.622+0000] {processor.py:914} INFO - Processing file /opt/airflow/dags/hello_airflow.py for tasks to queue
[2026-01-21T05:35:28.627+0000] {logging_mixin.py:190} INFO - [2026-01-21T05:35:28.626+0000] {dagbag.py:588} INFO - Filling up the DagBag from /opt/airflow/dags/hello_airflow.py
[2026-01-21T05:35:28.650+0000] {processor.py:925} INFO - DAG(s) 'hello_airflow' retrieved from /opt/airflow/dags/hello_airflow.py
[2026-01-21T05:35:28.702+0000] {logging_mixin.py:190} INFO - [2026-01-21T05:35:28.702+0000] {dag.py:3239} INFO - Sync 1 DAGs
[2026-01-21T05:35:28.769+0000] {logging_mixin.py:190} INFO - [2026-01-21T05:35:28.769+0000] {dag.py:4180} INFO - Setting next_dagrun for hello_airflow to 2026-01-21 05:34:00+00:00, run_after=2026-01-21 05:35:00+00:00
[2026-01-21T05:35:28.800+0000] {processor.py:208} INFO - Processing /opt/airflow/dags/hello_airflow.py took 0.198 seconds
[2026-01-21T05:35:59.134+0000] {processor.py:186} INFO - Started process (PID=1624) to work on /opt/airflow/dags/hello_airflow.py
[2026-01-21T05:35:59.136+0000] {processor.py:914} INFO - Processing file /opt/airflow/dags/hello_airflow.py for tasks to queue
[2026-01-21T05:35:59.141+0000] {logging_mixin.py:190} INFO - [2026-01-21T05:35:59.140+0000] {dagbag.py:588} INFO - Filling up the DagBag from /opt/airflow/dags/hello_airflow.py
[2026-01-21T05:35:59.164+0000] {processor.py:925} INFO - DAG(s) 'hello_airflow' retrieved from /opt/airflow/dags/hello_airflow.py
[2026-01-21T05:35:59.217+0000] {logging_mixin.py:190} INFO - [2026-01-21T05:35:59.216+0000] {dag.py:3239} INFO - Sync 1 DAGs
[2026-01-21T05:35:59.274+0000] {logging_mixin.py:190} INFO - [2026-01-21T05:35:59.274+0000] {dag.py:4180} INFO - Setting next_dagrun for hello_airflow to 2026-01-21 05:34:00+00:00, run_after=2026-01-21 05:35:00+00:00
[2026-01-21T05:35:59.331+0000] {processor.py:208} INFO - Processing /opt/airflow/dags/hello_airflow.py took 0.213 seconds
[2026-01-21T05:36:29.520+0000] {processor.py:186} INFO - Started process (PID=1648) to work on /opt/airflow/dags/hello_airflow.py
[2026-01-21T05:36:29.522+0000] {processor.py:914} INFO - Processing file /opt/airflow/dags/hello_airflow.py for tasks to queue
[2026-01-21T05:36:29.526+0000] {logging_mixin.py:190} INFO - [2026-01-21T05:36:29.526+0000] {dagbag.py:588} INFO - Filling up the DagBag from /opt/airflow/dags/hello_airflow.py
[2026-01-21T05:36:29.544+0000] {processor.py:925} INFO - DAG(s) 'hello_airflow' retrieved from /opt/airflow/dags/hello_airflow.py
[2026-01-21T05:36:29.586+0000] {logging_mixin.py:190} INFO - [2026-01-21T05:36:29.586+0000] {dag.py:3239} INFO - Sync 1 DAGs
[2026-01-21T05:36:29.636+0000] {logging_mixin.py:190} INFO - [2026-01-21T05:36:29.635+0000] {dag.py:4180} INFO - Setting next_dagrun for hello_airflow to 2026-01-21 05:35:00+00:00, run_after=2026-01-21 05:36:00+00:00
[2026-01-21T05:36:29.716+0000] {processor.py:208} INFO - Processing /opt/airflow/dags/hello_airflow.py took 0.209 seconds
[2026-01-21T05:36:59.773+0000] {processor.py:186} INFO - Started process (PID=1669) to work on /opt/airflow/dags/hello_airflow.py
[2026-01-21T05:36:59.774+0000] {processor.py:914} INFO - Processing file /opt/airflow/dags/hello_airflow.py for tasks to queue
[2026-01-21T05:36:59.780+0000] {logging_mixin.py:190} INFO - [2026-01-21T05:36:59.779+0000] {dagbag.py:588} INFO - Filling up the DagBag from /opt/airflow/dags/hello_airflow.py
[2026-01-21T05:36:59.804+0000] {processor.py:925} INFO - DAG(s) 'hello_airflow' retrieved from /opt/airflow/dags/hello_airflow.py
[2026-01-21T05:36:59.853+0000] {logging_mixin.py:190} INFO - [2026-01-21T05:36:59.852+0000] {dag.py:3239} INFO - Sync 1 DAGs
[2026-01-21T05:36:59.923+0000] {logging_mixin.py:190} INFO - [2026-01-21T05:36:59.922+0000] {dag.py:4180} INFO - Setting next_dagrun for hello_airflow to 2026-01-21 05:35:00+00:00, run_after=2026-01-21 05:36:00+00:00
[2026-01-21T05:37:00.025+0000] {processor.py:208} INFO - Processing /opt/airflow/dags/hello_airflow.py took 0.263 seconds
[2026-01-21T05:37:30.767+0000] {processor.py:186} INFO - Started process (PID=1693) to work on /opt/airflow/dags/hello_airflow.py
[2026-01-21T05:37:30.770+0000] {processor.py:914} INFO - Processing file /opt/airflow/dags/hello_airflow.py for tasks to queue
[2026-01-21T05:37:30.776+0000] {logging_mixin.py:190} INFO - [2026-01-21T05:37:30.775+0000] {dagbag.py:588} INFO - Filling up the DagBag from /opt/airflow/dags/hello_airflow.py
[2026-01-21T05:37:30.801+0000] {processor.py:925} INFO - DAG(s) 'hello_airflow' retrieved from /opt/airflow/dags/hello_airflow.py
[2026-01-21T05:37:30.859+0000] {logging_mixin.py:190} INFO - [2026-01-21T05:37:30.858+0000] {dag.py:3239} INFO - Sync 1 DAGs
[2026-01-21T05:37:30.919+0000] {logging_mixin.py:190} INFO - [2026-01-21T05:37:30.919+0000] {dag.py:4180} INFO - Setting next_dagrun for hello_airflow to 2026-01-21 05:36:00+00:00, run_after=2026-01-21 05:37:00+00:00
[2026-01-21T05:37:31.001+0000] {processor.py:208} INFO - Processing /opt/airflow/dags/hello_airflow.py took 0.250 seconds
[2026-01-21T05:38:01.784+0000] {processor.py:186} INFO - Started process (PID=1717) to work on /opt/airflow/dags/hello_airflow.py
[2026-01-21T05:38:01.786+0000] {processor.py:914} INFO - Processing file /opt/airflow/dags/hello_airflow.py for tasks to queue
[2026-01-21T05:38:01.792+0000] {logging_mixin.py:190} INFO - [2026-01-21T05:38:01.791+0000] {dagbag.py:588} INFO - Filling up the DagBag from /opt/airflow/dags/hello_airflow.py
[2026-01-21T05:38:01.812+0000] {processor.py:925} INFO - DAG(s) 'hello_airflow' retrieved from /opt/airflow/dags/hello_airflow.py
[2026-01-21T05:38:01.856+0000] {logging_mixin.py:190} INFO - [2026-01-21T05:38:01.855+0000] {dag.py:3239} INFO - Sync 1 DAGs
[2026-01-21T05:38:01.908+0000] {logging_mixin.py:190} INFO - [2026-01-21T05:38:01.908+0000] {dag.py:4180} INFO - Setting next_dagrun for hello_airflow to 2026-01-21 05:37:00+00:00, run_after=2026-01-21 05:38:00+00:00
[2026-01-21T05:38:01.998+0000] {processor.py:208} INFO - Processing /opt/airflow/dags/hello_airflow.py took 0.233 seconds
[2026-01-21T05:38:32.934+0000] {processor.py:186} INFO - Started process (PID=1747) to work on /opt/airflow/dags/hello_airflow.py
[2026-01-21T05:38:32.936+0000] {processor.py:914} INFO - Processing file /opt/airflow/dags/hello_airflow.py for tasks to queue
[2026-01-21T05:38:32.943+0000] {logging_mixin.py:190} INFO - [2026-01-21T05:38:32.942+0000] {dagbag.py:588} INFO - Filling up the DagBag from /opt/airflow/dags/hello_airflow.py
[2026-01-21T05:38:32.972+0000] {processor.py:925} INFO - DAG(s) 'hello_airflow' retrieved from /opt/airflow/dags/hello_airflow.py
[2026-01-21T05:38:33.045+0000] {logging_mixin.py:190} INFO - [2026-01-21T05:38:33.045+0000] {dag.py:3239} INFO - Sync 1 DAGs
[2026-01-21T05:38:33.127+0000] {logging_mixin.py:190} INFO - [2026-01-21T05:38:33.126+0000] {dag.py:4180} INFO - Setting next_dagrun for hello_airflow to 2026-01-21 05:37:00+00:00, run_after=2026-01-21 05:38:00+00:00
[2026-01-21T05:38:33.223+0000] {processor.py:208} INFO - Processing /opt/airflow/dags/hello_airflow.py took 0.309 seconds
[2026-01-21T05:39:04.382+0000] {processor.py:186} INFO - Started process (PID=1770) to work on /opt/airflow/dags/hello_airflow.py
[2026-01-21T05:39:04.384+0000] {processor.py:914} INFO - Processing file /opt/airflow/dags/hello_airflow.py for tasks to queue
[2026-01-21T05:39:04.390+0000] {logging_mixin.py:190} INFO - [2026-01-21T05:39:04.389+0000] {dagbag.py:588} INFO - Filling up the DagBag from /opt/airflow/dags/hello_airflow.py
[2026-01-21T05:39:04.422+0000] {processor.py:925} INFO - DAG(s) 'hello_airflow' retrieved from /opt/airflow/dags/hello_airflow.py
[2026-01-21T05:39:04.487+0000] {logging_mixin.py:190} INFO - [2026-01-21T05:39:04.486+0000] {dag.py:3239} INFO - Sync 1 DAGs
[2026-01-21T05:39:04.565+0000] {logging_mixin.py:190} INFO - [2026-01-21T05:39:04.565+0000] {dag.py:4180} INFO - Setting next_dagrun for hello_airflow to 2026-01-21 05:38:00+00:00, run_after=2026-01-21 05:39:00+00:00
[2026-01-21T05:39:04.656+0000] {processor.py:208} INFO - Processing /opt/airflow/dags/hello_airflow.py took 0.293 seconds
[2026-01-21T05:39:34.997+0000] {processor.py:186} INFO - Started process (PID=1792) to work on /opt/airflow/dags/hello_airflow.py
[2026-01-21T05:39:35.000+0000] {processor.py:914} INFO - Processing file /opt/airflow/dags/hello_airflow.py for tasks to queue
[2026-01-21T05:39:35.007+0000] {logging_mixin.py:190} INFO - [2026-01-21T05:39:35.006+0000] {dagbag.py:588} INFO - Filling up the DagBag from /opt/airflow/dags/hello_airflow.py
[2026-01-21T05:39:35.041+0000] {processor.py:925} INFO - DAG(s) 'hello_airflow' retrieved from /opt/airflow/dags/hello_airflow.py
[2026-01-21T05:39:35.109+0000] {logging_mixin.py:190} INFO - [2026-01-21T05:39:35.108+0000] {dag.py:3239} INFO - Sync 1 DAGs
[2026-01-21T05:39:35.205+0000] {logging_mixin.py:190} INFO - [2026-01-21T05:39:35.204+0000] {dag.py:4180} INFO - Setting next_dagrun for hello_airflow to 2026-01-21 05:38:00+00:00, run_after=2026-01-21 05:39:00+00:00
[2026-01-21T05:39:35.303+0000] {processor.py:208} INFO - Processing /opt/airflow/dags/hello_airflow.py took 0.326 seconds
[2026-01-21T05:40:06.832+0000] {processor.py:186} INFO - Started process (PID=1814) to work on /opt/airflow/dags/hello_airflow.py
[2026-01-21T05:40:06.835+0000] {processor.py:914} INFO - Processing file /opt/airflow/dags/hello_airflow.py for tasks to queue
[2026-01-21T05:40:06.843+0000] {logging_mixin.py:190} INFO - [2026-01-21T05:40:06.842+0000] {dagbag.py:588} INFO - Filling up the DagBag from /opt/airflow/dags/hello_airflow.py
[2026-01-21T05:40:06.883+0000] {processor.py:925} INFO - DAG(s) 'hello_airflow' retrieved from /opt/airflow/dags/hello_airflow.py
[2026-01-21T05:40:06.962+0000] {logging_mixin.py:190} INFO - [2026-01-21T05:40:06.961+0000] {dag.py:3239} INFO - Sync 1 DAGs
[2026-01-21T05:40:07.064+0000] {logging_mixin.py:190} INFO - [2026-01-21T05:40:07.064+0000] {dag.py:4180} INFO - Setting next_dagrun for hello_airflow to 2026-01-21 05:39:00+00:00, run_after=2026-01-21 05:40:00+00:00
[2026-01-21T05:40:07.124+0000] {processor.py:208} INFO - Processing /opt/airflow/dags/hello_airflow.py took 0.313 seconds
[2026-01-21T05:40:38.464+0000] {processor.py:186} INFO - Started process (PID=1838) to work on /opt/airflow/dags/hello_airflow.py
[2026-01-21T05:40:38.467+0000] {processor.py:914} INFO - Processing file /opt/airflow/dags/hello_airflow.py for tasks to queue
[2026-01-21T05:40:38.474+0000] {logging_mixin.py:190} INFO - [2026-01-21T05:40:38.473+0000] {dagbag.py:588} INFO - Filling up the DagBag from /opt/airflow/dags/hello_airflow.py
[2026-01-21T05:40:38.505+0000] {processor.py:925} INFO - DAG(s) 'hello_airflow' retrieved from /opt/airflow/dags/hello_airflow.py
[2026-01-21T05:40:38.577+0000] {logging_mixin.py:190} INFO - [2026-01-21T05:40:38.576+0000] {dag.py:3239} INFO - Sync 1 DAGs
[2026-01-21T05:40:38.659+0000] {logging_mixin.py:190} INFO - [2026-01-21T05:40:38.658+0000] {dag.py:4180} INFO - Setting next_dagrun for hello_airflow to 2026-01-21 05:39:00+00:00, run_after=2026-01-21 05:40:00+00:00
[2026-01-21T05:40:38.752+0000] {processor.py:208} INFO - Processing /opt/airflow/dags/hello_airflow.py took 0.311 seconds
[2026-01-21T05:41:10.716+0000] {processor.py:186} INFO - Started process (PID=1862) to work on /opt/airflow/dags/hello_airflow.py
[2026-01-21T05:41:10.718+0000] {processor.py:914} INFO - Processing file /opt/airflow/dags/hello_airflow.py for tasks to queue
[2026-01-21T05:41:10.725+0000] {logging_mixin.py:190} INFO - [2026-01-21T05:41:10.725+0000] {dagbag.py:588} INFO - Filling up the DagBag from /opt/airflow/dags/hello_airflow.py
[2026-01-21T05:41:10.755+0000] {processor.py:925} INFO - DAG(s) 'hello_airflow' retrieved from /opt/airflow/dags/hello_airflow.py
[2026-01-21T05:41:10.827+0000] {logging_mixin.py:190} INFO - [2026-01-21T05:41:10.826+0000] {dag.py:3239} INFO - Sync 1 DAGs
[2026-01-21T05:41:10.906+0000] {logging_mixin.py:190} INFO - [2026-01-21T05:41:10.906+0000] {dag.py:4180} INFO - Setting next_dagrun for hello_airflow to 2026-01-21 05:40:00+00:00, run_after=2026-01-21 05:41:00+00:00
[2026-01-21T05:41:10.996+0000] {processor.py:208} INFO - Processing /opt/airflow/dags/hello_airflow.py took 0.300 seconds
[2026-01-21T05:41:42.511+0000] {processor.py:186} INFO - Started process (PID=1886) to work on /opt/airflow/dags/hello_airflow.py
[2026-01-21T05:41:42.514+0000] {processor.py:914} INFO - Processing file /opt/airflow/dags/hello_airflow.py for tasks to queue
[2026-01-21T05:41:42.520+0000] {logging_mixin.py:190} INFO - [2026-01-21T05:41:42.519+0000] {dagbag.py:588} INFO - Filling up the DagBag from /opt/airflow/dags/hello_airflow.py
[2026-01-21T05:41:42.548+0000] {processor.py:925} INFO - DAG(s) 'hello_airflow' retrieved from /opt/airflow/dags/hello_airflow.py
[2026-01-21T05:41:42.610+0000] {logging_mixin.py:190} INFO - [2026-01-21T05:41:42.609+0000] {dag.py:3239} INFO - Sync 1 DAGs
[2026-01-21T05:41:42.686+0000] {logging_mixin.py:190} INFO - [2026-01-21T05:41:42.686+0000] {dag.py:4180} INFO - Setting next_dagrun for hello_airflow to 2026-01-21 05:40:00+00:00, run_after=2026-01-21 05:41:00+00:00
[2026-01-21T05:41:42.781+0000] {processor.py:208} INFO - Processing /opt/airflow/dags/hello_airflow.py took 0.287 seconds
[2026-01-21T05:42:16.686+0000] {processor.py:186} INFO - Started process (PID=1914) to work on /opt/airflow/dags/hello_airflow.py
[2026-01-21T05:42:16.689+0000] {processor.py:914} INFO - Processing file /opt/airflow/dags/hello_airflow.py for tasks to queue
[2026-01-21T05:42:16.694+0000] {logging_mixin.py:190} INFO - [2026-01-21T05:42:16.694+0000] {dagbag.py:588} INFO - Filling up the DagBag from /opt/airflow/dags/hello_airflow.py
[2026-01-21T05:42:16.722+0000] {processor.py:925} INFO - DAG(s) 'hello_airflow' retrieved from /opt/airflow/dags/hello_airflow.py
[2026-01-21T05:42:16.788+0000] {logging_mixin.py:190} INFO - [2026-01-21T05:42:16.787+0000] {dag.py:3239} INFO - Sync 1 DAGs
[2026-01-21T05:42:16.874+0000] {logging_mixin.py:190} INFO - [2026-01-21T05:42:16.873+0000] {dag.py:4180} INFO - Setting next_dagrun for hello_airflow to 2026-01-21 05:41:00+00:00, run_after=2026-01-21 05:42:00+00:00
[2026-01-21T05:42:16.919+0000] {processor.py:208} INFO - Processing /opt/airflow/dags/hello_airflow.py took 0.253 seconds
[2026-01-21T05:42:49.011+0000] {processor.py:186} INFO - Started process (PID=1938) to work on /opt/airflow/dags/hello_airflow.py
[2026-01-21T05:42:49.014+0000] {processor.py:914} INFO - Processing file /opt/airflow/dags/hello_airflow.py for tasks to queue
[2026-01-21T05:42:49.020+0000] {logging_mixin.py:190} INFO - [2026-01-21T05:42:49.020+0000] {dagbag.py:588} INFO - Filling up the DagBag from /opt/airflow/dags/hello_airflow.py
[2026-01-21T05:42:49.046+0000] {processor.py:925} INFO - DAG(s) 'hello_airflow' retrieved from /opt/airflow/dags/hello_airflow.py
[2026-01-21T05:42:49.113+0000] {logging_mixin.py:190} INFO - [2026-01-21T05:42:49.113+0000] {dag.py:3239} INFO - Sync 1 DAGs
[2026-01-21T05:42:49.204+0000] {logging_mixin.py:190} INFO - [2026-01-21T05:42:49.204+0000] {dag.py:4180} INFO - Setting next_dagrun for hello_airflow to 2026-01-21 05:41:00+00:00, run_after=2026-01-21 05:42:00+00:00
[2026-01-21T05:42:49.295+0000] {processor.py:208} INFO - Processing /opt/airflow/dags/hello_airflow.py took 0.301 seconds
[2026-01-21T05:43:21.113+0000] {processor.py:186} INFO - Started process (PID=1962) to work on /opt/airflow/dags/hello_airflow.py
[2026-01-21T05:43:21.116+0000] {processor.py:914} INFO - Processing file /opt/airflow/dags/hello_airflow.py for tasks to queue
[2026-01-21T05:43:21.123+0000] {logging_mixin.py:190} INFO - [2026-01-21T05:43:21.122+0000] {dagbag.py:588} INFO - Filling up the DagBag from /opt/airflow/dags/hello_airflow.py
[2026-01-21T05:43:21.156+0000] {processor.py:925} INFO - DAG(s) 'hello_airflow' retrieved from /opt/airflow/dags/hello_airflow.py
[2026-01-21T05:43:21.220+0000] {logging_mixin.py:190} INFO - [2026-01-21T05:43:21.220+0000] {dag.py:3239} INFO - Sync 1 DAGs
[2026-01-21T05:43:21.302+0000] {logging_mixin.py:190} INFO - [2026-01-21T05:43:21.302+0000] {dag.py:4180} INFO - Setting next_dagrun for hello_airflow to 2026-01-21 05:42:00+00:00, run_after=2026-01-21 05:43:00+00:00
[2026-01-21T05:43:21.397+0000] {processor.py:208} INFO - Processing /opt/airflow/dags/hello_airflow.py took 0.301 seconds
[2026-01-21T05:43:53.073+0000] {processor.py:186} INFO - Started process (PID=1986) to work on /opt/airflow/dags/hello_airflow.py
[2026-01-21T05:43:53.076+0000] {processor.py:914} INFO - Processing file /opt/airflow/dags/hello_airflow.py for tasks to queue
[2026-01-21T05:43:53.082+0000] {logging_mixin.py:190} INFO - [2026-01-21T05:43:53.081+0000] {dagbag.py:588} INFO - Filling up the DagBag from /opt/airflow/dags/hello_airflow.py
[2026-01-21T05:43:53.109+0000] {processor.py:925} INFO - DAG(s) 'hello_airflow' retrieved from /opt/airflow/dags/hello_airflow.py
[2026-01-21T05:43:53.171+0000] {logging_mixin.py:190} INFO - [2026-01-21T05:43:53.170+0000] {dag.py:3239} INFO - Sync 1 DAGs
[2026-01-21T05:43:53.246+0000] {logging_mixin.py:190} INFO - [2026-01-21T05:43:53.246+0000] {dag.py:4180} INFO - Setting next_dagrun for hello_airflow to 2026-01-21 05:42:00+00:00, run_after=2026-01-21 05:43:00+00:00
[2026-01-21T05:43:53.339+0000] {processor.py:208} INFO - Processing /opt/airflow/dags/hello_airflow.py took 0.283 seconds
[2026-01-21T05:44:24.552+0000] {processor.py:186} INFO - Started process (PID=2010) to work on /opt/airflow/dags/hello_airflow.py
[2026-01-21T05:44:24.555+0000] {processor.py:914} INFO - Processing file /opt/airflow/dags/hello_airflow.py for tasks to queue
[2026-01-21T05:44:24.561+0000] {logging_mixin.py:190} INFO - [2026-01-21T05:44:24.560+0000] {dagbag.py:588} INFO - Filling up the DagBag from /opt/airflow/dags/hello_airflow.py
[2026-01-21T05:44:24.592+0000] {processor.py:925} INFO - DAG(s) 'hello_airflow' retrieved from /opt/airflow/dags/hello_airflow.py
[2026-01-21T05:44:24.653+0000] {logging_mixin.py:190} INFO - [2026-01-21T05:44:24.653+0000] {dag.py:3239} INFO - Sync 1 DAGs
[2026-01-21T05:44:24.733+0000] {logging_mixin.py:190} INFO - [2026-01-21T05:44:24.733+0000] {dag.py:4180} INFO - Setting next_dagrun for hello_airflow to 2026-01-21 05:43:00+00:00, run_after=2026-01-21 05:44:00+00:00
[2026-01-21T05:44:24.826+0000] {processor.py:208} INFO - Processing /opt/airflow/dags/hello_airflow.py took 0.294 seconds
[2026-01-21T05:44:56.153+0000] {processor.py:186} INFO - Started process (PID=2034) to work on /opt/airflow/dags/hello_airflow.py
[2026-01-21T05:44:56.155+0000] {processor.py:914} INFO - Processing file /opt/airflow/dags/hello_airflow.py for tasks to queue
[2026-01-21T05:44:56.163+0000] {logging_mixin.py:190} INFO - [2026-01-21T05:44:56.162+0000] {dagbag.py:588} INFO - Filling up the DagBag from /opt/airflow/dags/hello_airflow.py
[2026-01-21T05:44:56.190+0000] {processor.py:925} INFO - DAG(s) 'hello_airflow' retrieved from /opt/airflow/dags/hello_airflow.py
[2026-01-21T05:44:56.254+0000] {logging_mixin.py:190} INFO - [2026-01-21T05:44:56.253+0000] {dag.py:3239} INFO - Sync 1 DAGs
[2026-01-21T05:44:56.329+0000] {logging_mixin.py:190} INFO - [2026-01-21T05:44:56.328+0000] {dag.py:4180} INFO - Setting next_dagrun for hello_airflow to 2026-01-21 05:43:00+00:00, run_after=2026-01-21 05:44:00+00:00
[2026-01-21T05:44:56.417+0000] {processor.py:208} INFO - Processing /opt/airflow/dags/hello_airflow.py took 0.281 seconds
[2026-01-21T05:45:27.819+0000] {processor.py:186} INFO - Started process (PID=2059) to work on /opt/airflow/dags/hello_airflow.py
[2026-01-21T05:45:27.822+0000] {processor.py:914} INFO - Processing file /opt/airflow/dags/hello_airflow.py for tasks to queue
[2026-01-21T05:45:27.829+0000] {logging_mixin.py:190} INFO - [2026-01-21T05:45:27.828+0000] {dagbag.py:588} INFO - Filling up the DagBag from /opt/airflow/dags/hello_airflow.py
[2026-01-21T05:45:27.859+0000] {processor.py:925} INFO - DAG(s) 'hello_airflow' retrieved from /opt/airflow/dags/hello_airflow.py
[2026-01-21T05:45:27.922+0000] {logging_mixin.py:190} INFO - [2026-01-21T05:45:27.922+0000] {dag.py:3239} INFO - Sync 1 DAGs
[2026-01-21T05:45:28.001+0000] {logging_mixin.py:190} INFO - [2026-01-21T05:45:28.000+0000] {dag.py:4180} INFO - Setting next_dagrun for hello_airflow to 2026-01-21 05:44:00+00:00, run_after=2026-01-21 05:45:00+00:00
[2026-01-21T05:45:28.077+0000] {processor.py:208} INFO - Processing /opt/airflow/dags/hello_airflow.py took 0.274 seconds
[2026-01-21T05:45:59.776+0000] {processor.py:186} INFO - Started process (PID=2083) to work on /opt/airflow/dags/hello_airflow.py
[2026-01-21T05:45:59.779+0000] {processor.py:914} INFO - Processing file /opt/airflow/dags/hello_airflow.py for tasks to queue
[2026-01-21T05:45:59.786+0000] {logging_mixin.py:190} INFO - [2026-01-21T05:45:59.785+0000] {dagbag.py:588} INFO - Filling up the DagBag from /opt/airflow/dags/hello_airflow.py
[2026-01-21T05:45:59.817+0000] {processor.py:925} INFO - DAG(s) 'hello_airflow' retrieved from /opt/airflow/dags/hello_airflow.py
[2026-01-21T05:45:59.889+0000] {logging_mixin.py:190} INFO - [2026-01-21T05:45:59.889+0000] {dag.py:3239} INFO - Sync 1 DAGs
[2026-01-21T05:45:59.983+0000] {logging_mixin.py:190} INFO - [2026-01-21T05:45:59.982+0000] {dag.py:4180} INFO - Setting next_dagrun for hello_airflow to 2026-01-21 05:44:00+00:00, run_after=2026-01-21 05:45:00+00:00
[2026-01-21T05:46:00.086+0000] {processor.py:208} INFO - Processing /opt/airflow/dags/hello_airflow.py took 0.327 seconds
[2026-01-21T05:46:31.390+0000] {processor.py:186} INFO - Started process (PID=2107) to work on /opt/airflow/dags/hello_airflow.py
[2026-01-21T05:46:31.393+0000] {processor.py:914} INFO - Processing file /opt/airflow/dags/hello_airflow.py for tasks to queue
[2026-01-21T05:46:31.399+0000] {logging_mixin.py:190} INFO - [2026-01-21T05:46:31.398+0000] {dagbag.py:588} INFO - Filling up the DagBag from /opt/airflow/dags/hello_airflow.py
[2026-01-21T05:46:31.428+0000] {processor.py:925} INFO - DAG(s) 'hello_airflow' retrieved from /opt/airflow/dags/hello_airflow.py
[2026-01-21T05:46:31.491+0000] {logging_mixin.py:190} INFO - [2026-01-21T05:46:31.490+0000] {dag.py:3239} INFO - Sync 1 DAGs
[2026-01-21T05:46:31.569+0000] {logging_mixin.py:190} INFO - [2026-01-21T05:46:31.569+0000] {dag.py:4180} INFO - Setting next_dagrun for hello_airflow to 2026-01-21 05:45:00+00:00, run_after=2026-01-21 05:46:00+00:00
[2026-01-21T05:46:31.661+0000] {processor.py:208} INFO - Processing /opt/airflow/dags/hello_airflow.py took 0.290 seconds
[2026-01-21T05:47:03.147+0000] {processor.py:186} INFO - Started process (PID=2131) to work on /opt/airflow/dags/hello_airflow.py
[2026-01-21T05:47:03.150+0000] {processor.py:914} INFO - Processing file /opt/airflow/dags/hello_airflow.py for tasks to queue
[2026-01-21T05:47:03.158+0000] {logging_mixin.py:190} INFO - [2026-01-21T05:47:03.157+0000] {dagbag.py:588} INFO - Filling up the DagBag from /opt/airflow/dags/hello_airflow.py
[2026-01-21T05:47:03.185+0000] {processor.py:925} INFO - DAG(s) 'hello_airflow' retrieved from /opt/airflow/dags/hello_airflow.py
[2026-01-21T05:47:03.260+0000] {logging_mixin.py:190} INFO - [2026-01-21T05:47:03.260+0000] {dag.py:3239} INFO - Sync 1 DAGs
[2026-01-21T05:47:03.340+0000] {logging_mixin.py:190} INFO - [2026-01-21T05:47:03.339+0000] {dag.py:4180} INFO - Setting next_dagrun for hello_airflow to 2026-01-21 05:46:00+00:00, run_after=2026-01-21 05:47:00+00:00
[2026-01-21T05:47:03.382+0000] {processor.py:208} INFO - Processing /opt/airflow/dags/hello_airflow.py took 0.254 seconds
[2026-01-21T05:47:35.416+0000] {processor.py:186} INFO - Started process (PID=2161) to work on /opt/airflow/dags/hello_airflow.py
[2026-01-21T05:47:35.419+0000] {processor.py:914} INFO - Processing file /opt/airflow/dags/hello_airflow.py for tasks to queue
[2026-01-21T05:47:35.429+0000] {logging_mixin.py:190} INFO - [2026-01-21T05:47:35.427+0000] {dagbag.py:588} INFO - Filling up the DagBag from /opt/airflow/dags/hello_airflow.py
[2026-01-21T05:47:35.478+0000] {processor.py:925} INFO - DAG(s) 'hello_airflow' retrieved from /opt/airflow/dags/hello_airflow.py
[2026-01-21T05:47:35.546+0000] {logging_mixin.py:190} INFO - [2026-01-21T05:47:35.545+0000] {dag.py:3239} INFO - Sync 1 DAGs
[2026-01-21T05:47:35.632+0000] {logging_mixin.py:190} INFO - [2026-01-21T05:47:35.631+0000] {dag.py:4180} INFO - Setting next_dagrun for hello_airflow to 2026-01-21 05:46:00+00:00, run_after=2026-01-21 05:47:00+00:00
[2026-01-21T05:47:35.713+0000] {processor.py:208} INFO - Processing /opt/airflow/dags/hello_airflow.py took 0.319 seconds
[2026-01-21T05:48:07.150+0000] {processor.py:186} INFO - Started process (PID=2185) to work on /opt/airflow/dags/hello_airflow.py
[2026-01-21T05:48:07.153+0000] {processor.py:914} INFO - Processing file /opt/airflow/dags/hello_airflow.py for tasks to queue
[2026-01-21T05:48:07.159+0000] {logging_mixin.py:190} INFO - [2026-01-21T05:48:07.158+0000] {dagbag.py:588} INFO - Filling up the DagBag from /opt/airflow/dags/hello_airflow.py
[2026-01-21T05:48:07.187+0000] {processor.py:925} INFO - DAG(s) 'hello_airflow' retrieved from /opt/airflow/dags/hello_airflow.py
[2026-01-21T05:48:07.255+0000] {logging_mixin.py:190} INFO - [2026-01-21T05:48:07.254+0000] {dag.py:3239} INFO - Sync 1 DAGs
[2026-01-21T05:48:07.337+0000] {logging_mixin.py:190} INFO - [2026-01-21T05:48:07.337+0000] {dag.py:4180} INFO - Setting next_dagrun for hello_airflow to 2026-01-21 05:47:00+00:00, run_after=2026-01-21 05:48:00+00:00
[2026-01-21T05:48:07.380+0000] {processor.py:208} INFO - Processing /opt/airflow/dags/hello_airflow.py took 0.247 seconds
[2026-01-21T05:48:38.876+0000] {processor.py:186} INFO - Started process (PID=2210) to work on /opt/airflow/dags/hello_airflow.py
[2026-01-21T05:48:38.878+0000] {processor.py:914} INFO - Processing file /opt/airflow/dags/hello_airflow.py for tasks to queue
[2026-01-21T05:48:38.885+0000] {logging_mixin.py:190} INFO - [2026-01-21T05:48:38.884+0000] {dagbag.py:588} INFO - Filling up the DagBag from /opt/airflow/dags/hello_airflow.py
[2026-01-21T05:48:38.914+0000] {processor.py:925} INFO - DAG(s) 'hello_airflow' retrieved from /opt/airflow/dags/hello_airflow.py
[2026-01-21T05:48:38.981+0000] {logging_mixin.py:190} INFO - [2026-01-21T05:48:38.980+0000] {dag.py:3239} INFO - Sync 1 DAGs
[2026-01-21T05:48:39.067+0000] {logging_mixin.py:190} INFO - [2026-01-21T05:48:39.067+0000] {dag.py:4180} INFO - Setting next_dagrun for hello_airflow to 2026-01-21 05:47:00+00:00, run_after=2026-01-21 05:48:00+00:00
[2026-01-21T05:48:39.150+0000] {processor.py:208} INFO - Processing /opt/airflow/dags/hello_airflow.py took 0.294 seconds
[2026-01-21T05:49:10.348+0000] {processor.py:186} INFO - Started process (PID=2234) to work on /opt/airflow/dags/hello_airflow.py
[2026-01-21T05:49:10.351+0000] {processor.py:914} INFO - Processing file /opt/airflow/dags/hello_airflow.py for tasks to queue
[2026-01-21T05:49:10.358+0000] {logging_mixin.py:190} INFO - [2026-01-21T05:49:10.357+0000] {dagbag.py:588} INFO - Filling up the DagBag from /opt/airflow/dags/hello_airflow.py
[2026-01-21T05:49:10.388+0000] {processor.py:925} INFO - DAG(s) 'hello_airflow' retrieved from /opt/airflow/dags/hello_airflow.py
[2026-01-21T05:49:10.451+0000] {logging_mixin.py:190} INFO - [2026-01-21T05:49:10.450+0000] {dag.py:3239} INFO - Sync 1 DAGs
[2026-01-21T05:49:10.534+0000] {logging_mixin.py:190} INFO - [2026-01-21T05:49:10.533+0000] {dag.py:4180} INFO - Setting next_dagrun for hello_airflow to 2026-01-21 05:48:00+00:00, run_after=2026-01-21 05:49:00+00:00
[2026-01-21T05:49:10.632+0000] {processor.py:208} INFO - Processing /opt/airflow/dags/hello_airflow.py took 0.304 seconds
[2026-01-21T05:49:42.476+0000] {processor.py:186} INFO - Started process (PID=2258) to work on /opt/airflow/dags/hello_airflow.py
[2026-01-21T05:49:42.479+0000] {processor.py:914} INFO - Processing file /opt/airflow/dags/hello_airflow.py for tasks to queue
[2026-01-21T05:49:42.485+0000] {logging_mixin.py:190} INFO - [2026-01-21T05:49:42.484+0000] {dagbag.py:588} INFO - Filling up the DagBag from /opt/airflow/dags/hello_airflow.py
[2026-01-21T05:49:42.513+0000] {processor.py:925} INFO - DAG(s) 'hello_airflow' retrieved from /opt/airflow/dags/hello_airflow.py
[2026-01-21T05:49:42.576+0000] {logging_mixin.py:190} INFO - [2026-01-21T05:49:42.575+0000] {dag.py:3239} INFO - Sync 1 DAGs
[2026-01-21T05:49:42.654+0000] {logging_mixin.py:190} INFO - [2026-01-21T05:49:42.653+0000] {dag.py:4180} INFO - Setting next_dagrun for hello_airflow to 2026-01-21 05:48:00+00:00, run_after=2026-01-21 05:49:00+00:00
[2026-01-21T05:49:42.748+0000] {processor.py:208} INFO - Processing /opt/airflow/dags/hello_airflow.py took 0.290 seconds
[2026-01-21T05:50:14.660+0000] {processor.py:186} INFO - Started process (PID=2282) to work on /opt/airflow/dags/hello_airflow.py
[2026-01-21T05:50:14.662+0000] {processor.py:914} INFO - Processing file /opt/airflow/dags/hello_airflow.py for tasks to queue
[2026-01-21T05:50:14.669+0000] {logging_mixin.py:190} INFO - [2026-01-21T05:50:14.668+0000] {dagbag.py:588} INFO - Filling up the DagBag from /opt/airflow/dags/hello_airflow.py
[2026-01-21T05:50:14.695+0000] {processor.py:925} INFO - DAG(s) 'hello_airflow' retrieved from /opt/airflow/dags/hello_airflow.py
[2026-01-21T05:50:14.761+0000] {logging_mixin.py:190} INFO - [2026-01-21T05:50:14.760+0000] {dag.py:3239} INFO - Sync 1 DAGs
[2026-01-21T05:50:14.848+0000] {logging_mixin.py:190} INFO - [2026-01-21T05:50:14.847+0000] {dag.py:4180} INFO - Setting next_dagrun for hello_airflow to 2026-01-21 05:49:00+00:00, run_after=2026-01-21 05:50:00+00:00
[2026-01-21T05:50:14.892+0000] {processor.py:208} INFO - Processing /opt/airflow/dags/hello_airflow.py took 0.250 seconds
[2026-01-21T05:50:46.096+0000] {processor.py:186} INFO - Started process (PID=2306) to work on /opt/airflow/dags/hello_airflow.py
[2026-01-21T05:50:46.099+0000] {processor.py:914} INFO - Processing file /opt/airflow/dags/hello_airflow.py for tasks to queue
[2026-01-21T05:50:46.108+0000] {logging_mixin.py:190} INFO - [2026-01-21T05:50:46.107+0000] {dagbag.py:588} INFO - Filling up the DagBag from /opt/airflow/dags/hello_airflow.py
[2026-01-21T05:50:46.163+0000] {processor.py:925} INFO - DAG(s) 'hello_airflow' retrieved from /opt/airflow/dags/hello_airflow.py
[2026-01-21T05:50:46.248+0000] {logging_mixin.py:190} INFO - [2026-01-21T05:50:46.247+0000] {dag.py:3239} INFO - Sync 1 DAGs
[2026-01-21T05:50:46.347+0000] {logging_mixin.py:190} INFO - [2026-01-21T05:50:46.347+0000] {dag.py:4180} INFO - Setting next_dagrun for hello_airflow to 2026-01-21 05:49:00+00:00, run_after=2026-01-21 05:50:00+00:00
[2026-01-21T05:50:46.393+0000] {processor.py:208} INFO - Processing /opt/airflow/dags/hello_airflow.py took 0.323 seconds
[2026-01-21T05:51:18.031+0000] {processor.py:186} INFO - Started process (PID=2330) to work on /opt/airflow/dags/hello_airflow.py
[2026-01-21T05:51:18.034+0000] {processor.py:914} INFO - Processing file /opt/airflow/dags/hello_airflow.py for tasks to queue
[2026-01-21T05:51:18.042+0000] {logging_mixin.py:190} INFO - [2026-01-21T05:51:18.041+0000] {dagbag.py:588} INFO - Filling up the DagBag from /opt/airflow/dags/hello_airflow.py
[2026-01-21T05:51:18.069+0000] {processor.py:925} INFO - DAG(s) 'hello_airflow' retrieved from /opt/airflow/dags/hello_airflow.py
[2026-01-21T05:51:18.139+0000] {logging_mixin.py:190} INFO - [2026-01-21T05:51:18.138+0000] {dag.py:3239} INFO - Sync 1 DAGs
[2026-01-21T05:51:18.225+0000] {logging_mixin.py:190} INFO - [2026-01-21T05:51:18.224+0000] {dag.py:4180} INFO - Setting next_dagrun for hello_airflow to 2026-01-21 05:50:00+00:00, run_after=2026-01-21 05:51:00+00:00
[2026-01-21T05:51:18.313+0000] {processor.py:208} INFO - Processing /opt/airflow/dags/hello_airflow.py took 0.300 seconds
[2026-01-21T05:51:49.719+0000] {processor.py:186} INFO - Started process (PID=2354) to work on /opt/airflow/dags/hello_airflow.py
[2026-01-21T05:51:49.721+0000] {processor.py:914} INFO - Processing file /opt/airflow/dags/hello_airflow.py for tasks to queue
[2026-01-21T05:51:49.728+0000] {logging_mixin.py:190} INFO - [2026-01-21T05:51:49.727+0000] {dagbag.py:588} INFO - Filling up the DagBag from /opt/airflow/dags/hello_airflow.py
[2026-01-21T05:51:49.756+0000] {processor.py:925} INFO - DAG(s) 'hello_airflow' retrieved from /opt/airflow/dags/hello_airflow.py
[2026-01-21T05:51:49.818+0000] {logging_mixin.py:190} INFO - [2026-01-21T05:51:49.817+0000] {dag.py:3239} INFO - Sync 1 DAGs
[2026-01-21T05:51:49.896+0000] {logging_mixin.py:190} INFO - [2026-01-21T05:51:49.896+0000] {dag.py:4180} INFO - Setting next_dagrun for hello_airflow to 2026-01-21 05:50:00+00:00, run_after=2026-01-21 05:51:00+00:00
[2026-01-21T05:51:49.942+0000] {processor.py:208} INFO - Processing /opt/airflow/dags/hello_airflow.py took 0.241 seconds
[2026-01-21T05:52:21.585+0000] {processor.py:186} INFO - Started process (PID=2378) to work on /opt/airflow/dags/hello_airflow.py
[2026-01-21T05:52:21.588+0000] {processor.py:914} INFO - Processing file /opt/airflow/dags/hello_airflow.py for tasks to queue
[2026-01-21T05:52:21.595+0000] {logging_mixin.py:190} INFO - [2026-01-21T05:52:21.594+0000] {dagbag.py:588} INFO - Filling up the DagBag from /opt/airflow/dags/hello_airflow.py
[2026-01-21T05:52:21.624+0000] {processor.py:925} INFO - DAG(s) 'hello_airflow' retrieved from /opt/airflow/dags/hello_airflow.py
[2026-01-21T05:52:21.689+0000] {logging_mixin.py:190} INFO - [2026-01-21T05:52:21.688+0000] {dag.py:3239} INFO - Sync 1 DAGs
[2026-01-21T05:52:21.771+0000] {logging_mixin.py:190} INFO - [2026-01-21T05:52:21.771+0000] {dag.py:4180} INFO - Setting next_dagrun for hello_airflow to 2026-01-21 05:51:00+00:00, run_after=2026-01-21 05:52:00+00:00
[2026-01-21T05:52:21.816+0000] {processor.py:208} INFO - Processing /opt/airflow/dags/hello_airflow.py took 0.249 seconds
[2026-01-21T05:52:53.625+0000] {processor.py:186} INFO - Started process (PID=2402) to work on /opt/airflow/dags/hello_airflow.py
[2026-01-21T05:52:53.628+0000] {processor.py:914} INFO - Processing file /opt/airflow/dags/hello_airflow.py for tasks to queue
[2026-01-21T05:52:53.635+0000] {logging_mixin.py:190} INFO - [2026-01-21T05:52:53.633+0000] {dagbag.py:588} INFO - Filling up the DagBag from /opt/airflow/dags/hello_airflow.py
[2026-01-21T05:52:53.674+0000] {processor.py:925} INFO - DAG(s) 'hello_airflow' retrieved from /opt/airflow/dags/hello_airflow.py
[2026-01-21T05:52:53.741+0000] {logging_mixin.py:190} INFO - [2026-01-21T05:52:53.741+0000] {dag.py:3239} INFO - Sync 1 DAGs
[2026-01-21T05:52:53.820+0000] {logging_mixin.py:190} INFO - [2026-01-21T05:52:53.819+0000] {dag.py:4180} INFO - Setting next_dagrun for hello_airflow to 2026-01-21 05:51:00+00:00, run_after=2026-01-21 05:52:00+00:00
[2026-01-21T05:52:53.911+0000] {processor.py:208} INFO - Processing /opt/airflow/dags/hello_airflow.py took 0.307 seconds
[2026-01-21T05:53:25.412+0000] {processor.py:186} INFO - Started process (PID=2426) to work on /opt/airflow/dags/hello_airflow.py
[2026-01-21T05:53:25.414+0000] {processor.py:914} INFO - Processing file /opt/airflow/dags/hello_airflow.py for tasks to queue
[2026-01-21T05:53:25.421+0000] {logging_mixin.py:190} INFO - [2026-01-21T05:53:25.420+0000] {dagbag.py:588} INFO - Filling up the DagBag from /opt/airflow/dags/hello_airflow.py
[2026-01-21T05:53:25.450+0000] {processor.py:925} INFO - DAG(s) 'hello_airflow' retrieved from /opt/airflow/dags/hello_airflow.py
[2026-01-21T05:53:25.518+0000] {logging_mixin.py:190} INFO - [2026-01-21T05:53:25.517+0000] {dag.py:3239} INFO - Sync 1 DAGs
[2026-01-21T05:53:25.607+0000] {logging_mixin.py:190} INFO - [2026-01-21T05:53:25.607+0000] {dag.py:4180} INFO - Setting next_dagrun for hello_airflow to 2026-01-21 05:52:00+00:00, run_after=2026-01-21 05:53:00+00:00
[2026-01-21T05:53:25.650+0000] {processor.py:208} INFO - Processing /opt/airflow/dags/hello_airflow.py took 0.260 seconds
[2026-01-21T05:53:57.324+0000] {processor.py:186} INFO - Started process (PID=2451) to work on /opt/airflow/dags/hello_airflow.py
[2026-01-21T05:53:57.327+0000] {processor.py:914} INFO - Processing file /opt/airflow/dags/hello_airflow.py for tasks to queue
[2026-01-21T05:53:57.334+0000] {logging_mixin.py:190} INFO - [2026-01-21T05:53:57.333+0000] {dagbag.py:588} INFO - Filling up the DagBag from /opt/airflow/dags/hello_airflow.py
[2026-01-21T05:53:57.371+0000] {processor.py:925} INFO - DAG(s) 'hello_airflow' retrieved from /opt/airflow/dags/hello_airflow.py
[2026-01-21T05:53:57.447+0000] {logging_mixin.py:190} INFO - [2026-01-21T05:53:57.446+0000] {dag.py:3239} INFO - Sync 1 DAGs
[2026-01-21T05:53:57.534+0000] {logging_mixin.py:190} INFO - [2026-01-21T05:53:57.533+0000] {dag.py:4180} INFO - Setting next_dagrun for hello_airflow to 2026-01-21 05:52:00+00:00, run_after=2026-01-21 05:53:00+00:00
[2026-01-21T05:53:57.578+0000] {processor.py:208} INFO - Processing /opt/airflow/dags/hello_airflow.py took 0.274 seconds
[2026-01-21T05:54:29.285+0000] {processor.py:186} INFO - Started process (PID=2475) to work on /opt/airflow/dags/hello_airflow.py
[2026-01-21T05:54:29.288+0000] {processor.py:914} INFO - Processing file /opt/airflow/dags/hello_airflow.py for tasks to queue
[2026-01-21T05:54:29.296+0000] {logging_mixin.py:190} INFO - [2026-01-21T05:54:29.296+0000] {dagbag.py:588} INFO - Filling up the DagBag from /opt/airflow/dags/hello_airflow.py
[2026-01-21T05:54:29.345+0000] {processor.py:925} INFO - DAG(s) 'hello_airflow' retrieved from /opt/airflow/dags/hello_airflow.py
[2026-01-21T05:54:29.468+0000] {logging_mixin.py:190} INFO - [2026-01-21T05:54:29.467+0000] {dag.py:3239} INFO - Sync 1 DAGs
[2026-01-21T05:54:29.572+0000] {logging_mixin.py:190} INFO - [2026-01-21T05:54:29.571+0000] {dag.py:4180} INFO - Setting next_dagrun for hello_airflow to 2026-01-21 05:53:00+00:00, run_after=2026-01-21 05:54:00+00:00
[2026-01-21T05:54:29.668+0000] {processor.py:208} INFO - Processing /opt/airflow/dags/hello_airflow.py took 0.405 seconds
[2026-01-21T05:55:00.955+0000] {processor.py:186} INFO - Started process (PID=2499) to work on /opt/airflow/dags/hello_airflow.py
[2026-01-21T05:55:00.957+0000] {processor.py:914} INFO - Processing file /opt/airflow/dags/hello_airflow.py for tasks to queue
[2026-01-21T05:55:00.963+0000] {logging_mixin.py:190} INFO - [2026-01-21T05:55:00.962+0000] {dagbag.py:588} INFO - Filling up the DagBag from /opt/airflow/dags/hello_airflow.py
[2026-01-21T05:55:00.988+0000] {processor.py:925} INFO - DAG(s) 'hello_airflow' retrieved from /opt/airflow/dags/hello_airflow.py
[2026-01-21T05:55:01.052+0000] {logging_mixin.py:190} INFO - [2026-01-21T05:55:01.051+0000] {dag.py:3239} INFO - Sync 1 DAGs
[2026-01-21T05:55:01.119+0000] {logging_mixin.py:190} INFO - [2026-01-21T05:55:01.118+0000] {dag.py:4180} INFO - Setting next_dagrun for hello_airflow to 2026-01-21 05:54:00+00:00, run_after=2026-01-21 05:55:00+00:00
[2026-01-21T05:55:01.207+0000] {processor.py:208} INFO - Processing /opt/airflow/dags/hello_airflow.py took 0.268 seconds
[2026-01-21T05:55:31.439+0000] {processor.py:186} INFO - Started process (PID=2521) to work on /opt/airflow/dags/hello_airflow.py
[2026-01-21T05:55:31.442+0000] {processor.py:914} INFO - Processing file /opt/airflow/dags/hello_airflow.py for tasks to queue
[2026-01-21T05:55:31.450+0000] {logging_mixin.py:190} INFO - [2026-01-21T05:55:31.449+0000] {dagbag.py:588} INFO - Filling up the DagBag from /opt/airflow/dags/hello_airflow.py
[2026-01-21T05:55:31.484+0000] {processor.py:925} INFO - DAG(s) 'hello_airflow' retrieved from /opt/airflow/dags/hello_airflow.py
[2026-01-21T05:55:31.557+0000] {logging_mixin.py:190} INFO - [2026-01-21T05:55:31.556+0000] {dag.py:3239} INFO - Sync 1 DAGs
[2026-01-21T05:55:31.630+0000] {logging_mixin.py:190} INFO - [2026-01-21T05:55:31.630+0000] {dag.py:4180} INFO - Setting next_dagrun for hello_airflow to 2026-01-21 05:54:00+00:00, run_after=2026-01-21 05:55:00+00:00
[2026-01-21T05:55:31.722+0000] {processor.py:208} INFO - Processing /opt/airflow/dags/hello_airflow.py took 0.307 seconds
[2026-01-21T05:56:02.322+0000] {processor.py:186} INFO - Started process (PID=2544) to work on /opt/airflow/dags/hello_airflow.py
[2026-01-21T05:56:02.325+0000] {processor.py:914} INFO - Processing file /opt/airflow/dags/hello_airflow.py for tasks to queue
[2026-01-21T05:56:02.333+0000] {logging_mixin.py:190} INFO - [2026-01-21T05:56:02.332+0000] {dagbag.py:588} INFO - Filling up the DagBag from /opt/airflow/dags/hello_airflow.py
[2026-01-21T05:56:02.371+0000] {processor.py:925} INFO - DAG(s) 'hello_airflow' retrieved from /opt/airflow/dags/hello_airflow.py
[2026-01-21T05:56:02.444+0000] {logging_mixin.py:190} INFO - [2026-01-21T05:56:02.444+0000] {dag.py:3239} INFO - Sync 1 DAGs
[2026-01-21T05:56:02.533+0000] {logging_mixin.py:190} INFO - [2026-01-21T05:56:02.532+0000] {dag.py:4180} INFO - Setting next_dagrun for hello_airflow to 2026-01-21 05:55:00+00:00, run_after=2026-01-21 05:56:00+00:00
[2026-01-21T05:56:02.622+0000] {processor.py:208} INFO - Processing /opt/airflow/dags/hello_airflow.py took 0.321 seconds
[2026-01-21T05:56:34.050+0000] {processor.py:186} INFO - Started process (PID=2568) to work on /opt/airflow/dags/hello_airflow.py
[2026-01-21T05:56:34.053+0000] {processor.py:914} INFO - Processing file /opt/airflow/dags/hello_airflow.py for tasks to queue
[2026-01-21T05:56:34.057+0000] {logging_mixin.py:190} INFO - [2026-01-21T05:56:34.057+0000] {dagbag.py:588} INFO - Filling up the DagBag from /opt/airflow/dags/hello_airflow.py
[2026-01-21T05:56:34.086+0000] {processor.py:925} INFO - DAG(s) 'hello_airflow' retrieved from /opt/airflow/dags/hello_airflow.py
[2026-01-21T05:56:34.156+0000] {logging_mixin.py:190} INFO - [2026-01-21T05:56:34.156+0000] {dag.py:3239} INFO - Sync 1 DAGs
[2026-01-21T05:56:34.240+0000] {logging_mixin.py:190} INFO - [2026-01-21T05:56:34.239+0000] {dag.py:4180} INFO - Setting next_dagrun for hello_airflow to 2026-01-21 05:55:00+00:00, run_after=2026-01-21 05:56:00+00:00
[2026-01-21T05:56:34.285+0000] {processor.py:208} INFO - Processing /opt/airflow/dags/hello_airflow.py took 0.254 seconds
[2026-01-21T05:57:06.312+0000] {processor.py:186} INFO - Started process (PID=2593) to work on /opt/airflow/dags/hello_airflow.py
[2026-01-21T05:57:06.314+0000] {processor.py:914} INFO - Processing file /opt/airflow/dags/hello_airflow.py for tasks to queue
[2026-01-21T05:57:06.320+0000] {logging_mixin.py:190} INFO - [2026-01-21T05:57:06.320+0000] {dagbag.py:588} INFO - Filling up the DagBag from /opt/airflow/dags/hello_airflow.py
[2026-01-21T05:57:06.353+0000] {processor.py:925} INFO - DAG(s) 'hello_airflow' retrieved from /opt/airflow/dags/hello_airflow.py
[2026-01-21T05:57:06.425+0000] {logging_mixin.py:190} INFO - [2026-01-21T05:57:06.425+0000] {dag.py:3239} INFO - Sync 1 DAGs
[2026-01-21T05:57:06.513+0000] {logging_mixin.py:190} INFO - [2026-01-21T05:57:06.513+0000] {dag.py:4180} INFO - Setting next_dagrun for hello_airflow to 2026-01-21 05:56:00+00:00, run_after=2026-01-21 05:57:00+00:00
[2026-01-21T05:57:06.606+0000] {processor.py:208} INFO - Processing /opt/airflow/dags/hello_airflow.py took 0.313 seconds
[2026-01-21T05:57:38.620+0000] {processor.py:186} INFO - Started process (PID=2617) to work on /opt/airflow/dags/hello_airflow.py
[2026-01-21T05:57:38.624+0000] {processor.py:914} INFO - Processing file /opt/airflow/dags/hello_airflow.py for tasks to queue
[2026-01-21T05:57:38.631+0000] {logging_mixin.py:190} INFO - [2026-01-21T05:57:38.630+0000] {dagbag.py:588} INFO - Filling up the DagBag from /opt/airflow/dags/hello_airflow.py
[2026-01-21T05:57:38.664+0000] {processor.py:925} INFO - DAG(s) 'hello_airflow' retrieved from /opt/airflow/dags/hello_airflow.py
[2026-01-21T05:57:38.738+0000] {logging_mixin.py:190} INFO - [2026-01-21T05:57:38.737+0000] {dag.py:3239} INFO - Sync 1 DAGs
[2026-01-21T05:57:38.909+0000] {logging_mixin.py:190} INFO - [2026-01-21T05:57:38.908+0000] {dag.py:4180} INFO - Setting next_dagrun for hello_airflow to 2026-01-21 05:56:00+00:00, run_after=2026-01-21 05:57:00+00:00
[2026-01-21T05:57:38.994+0000] {processor.py:208} INFO - Processing /opt/airflow/dags/hello_airflow.py took 0.391 seconds
[2026-01-21T05:58:10.568+0000] {processor.py:186} INFO - Started process (PID=2648) to work on /opt/airflow/dags/hello_airflow.py
[2026-01-21T05:58:10.570+0000] {processor.py:914} INFO - Processing file /opt/airflow/dags/hello_airflow.py for tasks to queue
[2026-01-21T05:58:10.576+0000] {logging_mixin.py:190} INFO - [2026-01-21T05:58:10.576+0000] {dagbag.py:588} INFO - Filling up the DagBag from /opt/airflow/dags/hello_airflow.py
[2026-01-21T05:58:10.606+0000] {processor.py:925} INFO - DAG(s) 'hello_airflow' retrieved from /opt/airflow/dags/hello_airflow.py
[2026-01-21T05:58:10.672+0000] {logging_mixin.py:190} INFO - [2026-01-21T05:58:10.671+0000] {dag.py:3239} INFO - Sync 1 DAGs
[2026-01-21T05:58:10.752+0000] {logging_mixin.py:190} INFO - [2026-01-21T05:58:10.751+0000] {dag.py:4180} INFO - Setting next_dagrun for hello_airflow to 2026-01-21 05:57:00+00:00, run_after=2026-01-21 05:58:00+00:00
[2026-01-21T05:58:10.795+0000] {processor.py:208} INFO - Processing /opt/airflow/dags/hello_airflow.py took 0.245 seconds
[2026-01-21T05:58:42.145+0000] {processor.py:186} INFO - Started process (PID=2672) to work on /opt/airflow/dags/hello_airflow.py
[2026-01-21T05:58:42.147+0000] {processor.py:914} INFO - Processing file /opt/airflow/dags/hello_airflow.py for tasks to queue
[2026-01-21T05:58:42.153+0000] {logging_mixin.py:190} INFO - [2026-01-21T05:58:42.152+0000] {dagbag.py:588} INFO - Filling up the DagBag from /opt/airflow/dags/hello_airflow.py
[2026-01-21T05:58:42.182+0000] {processor.py:925} INFO - DAG(s) 'hello_airflow' retrieved from /opt/airflow/dags/hello_airflow.py
[2026-01-21T05:58:42.248+0000] {logging_mixin.py:190} INFO - [2026-01-21T05:58:42.248+0000] {dag.py:3239} INFO - Sync 1 DAGs
[2026-01-21T05:58:42.332+0000] {logging_mixin.py:190} INFO - [2026-01-21T05:58:42.332+0000] {dag.py:4180} INFO - Setting next_dagrun for hello_airflow to 2026-01-21 05:57:00+00:00, run_after=2026-01-21 05:58:00+00:00
[2026-01-21T05:58:42.426+0000] {processor.py:208} INFO - Processing /opt/airflow/dags/hello_airflow.py took 0.299 seconds
[2026-01-21T05:59:14.374+0000] {processor.py:186} INFO - Started process (PID=2696) to work on /opt/airflow/dags/hello_airflow.py
[2026-01-21T05:59:14.377+0000] {processor.py:914} INFO - Processing file /opt/airflow/dags/hello_airflow.py for tasks to queue
[2026-01-21T05:59:14.387+0000] {logging_mixin.py:190} INFO - [2026-01-21T05:59:14.385+0000] {dagbag.py:588} INFO - Filling up the DagBag from /opt/airflow/dags/hello_airflow.py
[2026-01-21T05:59:14.421+0000] {processor.py:925} INFO - DAG(s) 'hello_airflow' retrieved from /opt/airflow/dags/hello_airflow.py
[2026-01-21T05:59:14.502+0000] {logging_mixin.py:190} INFO - [2026-01-21T05:59:14.501+0000] {dag.py:3239} INFO - Sync 1 DAGs
[2026-01-21T05:59:14.588+0000] {logging_mixin.py:190} INFO - [2026-01-21T05:59:14.587+0000] {dag.py:4180} INFO - Setting next_dagrun for hello_airflow to 2026-01-21 05:58:00+00:00, run_after=2026-01-21 05:59:00+00:00
[2026-01-21T05:59:14.679+0000] {processor.py:208} INFO - Processing /opt/airflow/dags/hello_airflow.py took 0.332 seconds
[2026-01-21T05:59:46.482+0000] {processor.py:186} INFO - Started process (PID=2720) to work on /opt/airflow/dags/hello_airflow.py
[2026-01-21T05:59:46.485+0000] {processor.py:914} INFO - Processing file /opt/airflow/dags/hello_airflow.py for tasks to queue
[2026-01-21T05:59:46.492+0000] {logging_mixin.py:190} INFO - [2026-01-21T05:59:46.491+0000] {dagbag.py:588} INFO - Filling up the DagBag from /opt/airflow/dags/hello_airflow.py
[2026-01-21T05:59:46.524+0000] {processor.py:925} INFO - DAG(s) 'hello_airflow' retrieved from /opt/airflow/dags/hello_airflow.py
[2026-01-21T05:59:46.590+0000] {logging_mixin.py:190} INFO - [2026-01-21T05:59:46.589+0000] {dag.py:3239} INFO - Sync 1 DAGs
[2026-01-21T05:59:46.676+0000] {logging_mixin.py:190} INFO - [2026-01-21T05:59:46.675+0000] {dag.py:4180} INFO - Setting next_dagrun for hello_airflow to 2026-01-21 05:58:00+00:00, run_after=2026-01-21 05:59:00+00:00
[2026-01-21T05:59:46.771+0000] {processor.py:208} INFO - Processing /opt/airflow/dags/hello_airflow.py took 0.310 seconds
[2026-01-21T06:00:18.735+0000] {processor.py:186} INFO - Started process (PID=2744) to work on /opt/airflow/dags/hello_airflow.py
[2026-01-21T06:00:18.738+0000] {processor.py:914} INFO - Processing file /opt/airflow/dags/hello_airflow.py for tasks to queue
[2026-01-21T06:00:18.744+0000] {logging_mixin.py:190} INFO - [2026-01-21T06:00:18.744+0000] {dagbag.py:588} INFO - Filling up the DagBag from /opt/airflow/dags/hello_airflow.py
[2026-01-21T06:00:18.777+0000] {processor.py:925} INFO - DAG(s) 'hello_airflow' retrieved from /opt/airflow/dags/hello_airflow.py
[2026-01-21T06:00:18.844+0000] {logging_mixin.py:190} INFO - [2026-01-21T06:00:18.844+0000] {dag.py:3239} INFO - Sync 1 DAGs
[2026-01-21T06:00:18.932+0000] {logging_mixin.py:190} INFO - [2026-01-21T06:00:18.931+0000] {dag.py:4180} INFO - Setting next_dagrun for hello_airflow to 2026-01-21 05:59:00+00:00, run_after=2026-01-21 06:00:00+00:00
[2026-01-21T06:00:18.986+0000] {processor.py:208} INFO - Processing /opt/airflow/dags/hello_airflow.py took 0.269 seconds
[2026-01-21T06:00:50.384+0000] {processor.py:186} INFO - Started process (PID=2768) to work on /opt/airflow/dags/hello_airflow.py
[2026-01-21T06:00:50.387+0000] {processor.py:914} INFO - Processing file /opt/airflow/dags/hello_airflow.py for tasks to queue
[2026-01-21T06:00:50.395+0000] {logging_mixin.py:190} INFO - [2026-01-21T06:00:50.394+0000] {dagbag.py:588} INFO - Filling up the DagBag from /opt/airflow/dags/hello_airflow.py
[2026-01-21T06:00:50.437+0000] {processor.py:925} INFO - DAG(s) 'hello_airflow' retrieved from /opt/airflow/dags/hello_airflow.py
[2026-01-21T06:00:50.518+0000] {logging_mixin.py:190} INFO - [2026-01-21T06:00:50.517+0000] {dag.py:3239} INFO - Sync 1 DAGs
[2026-01-21T06:00:50.624+0000] {logging_mixin.py:190} INFO - [2026-01-21T06:00:50.623+0000] {dag.py:4180} INFO - Setting next_dagrun for hello_airflow to 2026-01-21 05:59:00+00:00, run_after=2026-01-21 06:00:00+00:00
[2026-01-21T06:00:50.723+0000] {processor.py:208} INFO - Processing /opt/airflow/dags/hello_airflow.py took 0.365 seconds
[2026-01-21T06:01:22.201+0000] {processor.py:186} INFO - Started process (PID=2792) to work on /opt/airflow/dags/hello_airflow.py
[2026-01-21T06:01:22.203+0000] {processor.py:914} INFO - Processing file /opt/airflow/dags/hello_airflow.py for tasks to queue
[2026-01-21T06:01:22.210+0000] {logging_mixin.py:190} INFO - [2026-01-21T06:01:22.209+0000] {dagbag.py:588} INFO - Filling up the DagBag from /opt/airflow/dags/hello_airflow.py
[2026-01-21T06:01:22.244+0000] {processor.py:925} INFO - DAG(s) 'hello_airflow' retrieved from /opt/airflow/dags/hello_airflow.py
[2026-01-21T06:01:22.311+0000] {logging_mixin.py:190} INFO - [2026-01-21T06:01:22.311+0000] {dag.py:3239} INFO - Sync 1 DAGs
[2026-01-21T06:01:22.408+0000] {logging_mixin.py:190} INFO - [2026-01-21T06:01:22.407+0000] {dag.py:4180} INFO - Setting next_dagrun for hello_airflow to 2026-01-21 06:00:00+00:00, run_after=2026-01-21 06:01:00+00:00
[2026-01-21T06:01:22.505+0000] {processor.py:208} INFO - Processing /opt/airflow/dags/hello_airflow.py took 0.323 seconds
[2026-01-21T06:01:53.870+0000] {processor.py:186} INFO - Started process (PID=2816) to work on /opt/airflow/dags/hello_airflow.py
[2026-01-21T06:01:53.873+0000] {processor.py:914} INFO - Processing file /opt/airflow/dags/hello_airflow.py for tasks to queue
[2026-01-21T06:01:53.881+0000] {logging_mixin.py:190} INFO - [2026-01-21T06:01:53.880+0000] {dagbag.py:588} INFO - Filling up the DagBag from /opt/airflow/dags/hello_airflow.py
[2026-01-21T06:01:53.915+0000] {processor.py:925} INFO - DAG(s) 'hello_airflow' retrieved from /opt/airflow/dags/hello_airflow.py
[2026-01-21T06:01:53.982+0000] {logging_mixin.py:190} INFO - [2026-01-21T06:01:53.981+0000] {dag.py:3239} INFO - Sync 1 DAGs
[2026-01-21T06:01:54.070+0000] {logging_mixin.py:190} INFO - [2026-01-21T06:01:54.069+0000] {dag.py:4180} INFO - Setting next_dagrun for hello_airflow to 2026-01-21 06:00:00+00:00, run_after=2026-01-21 06:01:00+00:00
[2026-01-21T06:01:54.192+0000] {processor.py:208} INFO - Processing /opt/airflow/dags/hello_airflow.py took 0.338 seconds
[2026-01-21T06:02:25.975+0000] {processor.py:186} INFO - Started process (PID=2841) to work on /opt/airflow/dags/hello_airflow.py
[2026-01-21T06:02:25.978+0000] {processor.py:914} INFO - Processing file /opt/airflow/dags/hello_airflow.py for tasks to queue
[2026-01-21T06:02:25.985+0000] {logging_mixin.py:190} INFO - [2026-01-21T06:02:25.984+0000] {dagbag.py:588} INFO - Filling up the DagBag from /opt/airflow/dags/hello_airflow.py
[2026-01-21T06:02:26.020+0000] {processor.py:925} INFO - DAG(s) 'hello_airflow' retrieved from /opt/airflow/dags/hello_airflow.py
[2026-01-21T06:02:26.090+0000] {logging_mixin.py:190} INFO - [2026-01-21T06:02:26.089+0000] {dag.py:3239} INFO - Sync 1 DAGs
[2026-01-21T06:02:26.171+0000] {logging_mixin.py:190} INFO - [2026-01-21T06:02:26.171+0000] {dag.py:4180} INFO - Setting next_dagrun for hello_airflow to 2026-01-21 06:01:00+00:00, run_after=2026-01-21 06:02:00+00:00
[2026-01-21T06:02:26.227+0000] {processor.py:208} INFO - Processing /opt/airflow/dags/hello_airflow.py took 0.272 seconds
[2026-01-21T06:02:58.114+0000] {processor.py:186} INFO - Started process (PID=2867) to work on /opt/airflow/dags/hello_airflow.py
[2026-01-21T06:02:58.117+0000] {processor.py:914} INFO - Processing file /opt/airflow/dags/hello_airflow.py for tasks to queue
[2026-01-21T06:02:58.123+0000] {logging_mixin.py:190} INFO - [2026-01-21T06:02:58.122+0000] {dagbag.py:588} INFO - Filling up the DagBag from /opt/airflow/dags/hello_airflow.py
[2026-01-21T06:02:58.152+0000] {processor.py:925} INFO - DAG(s) 'hello_airflow' retrieved from /opt/airflow/dags/hello_airflow.py
[2026-01-21T06:02:58.217+0000] {logging_mixin.py:190} INFO - [2026-01-21T06:02:58.216+0000] {dag.py:3239} INFO - Sync 1 DAGs
[2026-01-21T06:02:58.292+0000] {logging_mixin.py:190} INFO - [2026-01-21T06:02:58.292+0000] {dag.py:4180} INFO - Setting next_dagrun for hello_airflow to 2026-01-21 06:01:00+00:00, run_after=2026-01-21 06:02:00+00:00
[2026-01-21T06:02:58.387+0000] {processor.py:208} INFO - Processing /opt/airflow/dags/hello_airflow.py took 0.293 seconds
[2026-01-21T06:03:29.807+0000] {processor.py:186} INFO - Started process (PID=2891) to work on /opt/airflow/dags/hello_airflow.py
[2026-01-21T06:03:29.809+0000] {processor.py:914} INFO - Processing file /opt/airflow/dags/hello_airflow.py for tasks to queue
[2026-01-21T06:03:29.817+0000] {logging_mixin.py:190} INFO - [2026-01-21T06:03:29.816+0000] {dagbag.py:588} INFO - Filling up the DagBag from /opt/airflow/dags/hello_airflow.py
[2026-01-21T06:03:29.848+0000] {processor.py:925} INFO - DAG(s) 'hello_airflow' retrieved from /opt/airflow/dags/hello_airflow.py
[2026-01-21T06:03:29.916+0000] {logging_mixin.py:190} INFO - [2026-01-21T06:03:29.915+0000] {dag.py:3239} INFO - Sync 1 DAGs
[2026-01-21T06:03:30.004+0000] {logging_mixin.py:190} INFO - [2026-01-21T06:03:30.004+0000] {dag.py:4180} INFO - Setting next_dagrun for hello_airflow to 2026-01-21 06:02:00+00:00, run_after=2026-01-21 06:03:00+00:00
[2026-01-21T06:03:30.074+0000] {processor.py:208} INFO - Processing /opt/airflow/dags/hello_airflow.py took 0.289 seconds
[2026-01-21T06:04:01.501+0000] {processor.py:186} INFO - Started process (PID=2915) to work on /opt/airflow/dags/hello_airflow.py
[2026-01-21T06:04:01.504+0000] {processor.py:914} INFO - Processing file /opt/airflow/dags/hello_airflow.py for tasks to queue
[2026-01-21T06:04:01.511+0000] {logging_mixin.py:190} INFO - [2026-01-21T06:04:01.510+0000] {dagbag.py:588} INFO - Filling up the DagBag from /opt/airflow/dags/hello_airflow.py
[2026-01-21T06:04:01.544+0000] {processor.py:925} INFO - DAG(s) 'hello_airflow' retrieved from /opt/airflow/dags/hello_airflow.py
[2026-01-21T06:04:01.612+0000] {logging_mixin.py:190} INFO - [2026-01-21T06:04:01.611+0000] {dag.py:3239} INFO - Sync 1 DAGs
[2026-01-21T06:04:01.693+0000] {logging_mixin.py:190} INFO - [2026-01-21T06:04:01.693+0000] {dag.py:4180} INFO - Setting next_dagrun for hello_airflow to 2026-01-21 06:03:00+00:00, run_after=2026-01-21 06:04:00+00:00
[2026-01-21T06:04:01.769+0000] {processor.py:208} INFO - Processing /opt/airflow/dags/hello_airflow.py took 0.289 seconds
[2026-01-21T06:04:33.036+0000] {processor.py:186} INFO - Started process (PID=2939) to work on /opt/airflow/dags/hello_airflow.py
[2026-01-21T06:04:33.038+0000] {processor.py:914} INFO - Processing file /opt/airflow/dags/hello_airflow.py for tasks to queue
[2026-01-21T06:04:33.046+0000] {logging_mixin.py:190} INFO - [2026-01-21T06:04:33.045+0000] {dagbag.py:588} INFO - Filling up the DagBag from /opt/airflow/dags/hello_airflow.py
[2026-01-21T06:04:33.076+0000] {processor.py:925} INFO - DAG(s) 'hello_airflow' retrieved from /opt/airflow/dags/hello_airflow.py
[2026-01-21T06:04:33.149+0000] {logging_mixin.py:190} INFO - [2026-01-21T06:04:33.148+0000] {dag.py:3239} INFO - Sync 1 DAGs
[2026-01-21T06:04:33.270+0000] {logging_mixin.py:190} INFO - [2026-01-21T06:04:33.269+0000] {dag.py:4180} INFO - Setting next_dagrun for hello_airflow to 2026-01-21 06:03:00+00:00, run_after=2026-01-21 06:04:00+00:00
[2026-01-21T06:04:33.318+0000] {processor.py:208} INFO - Processing /opt/airflow/dags/hello_airflow.py took 0.300 seconds
[2026-01-21T06:05:04.789+0000] {processor.py:186} INFO - Started process (PID=2963) to work on /opt/airflow/dags/hello_airflow.py
[2026-01-21T06:05:04.792+0000] {processor.py:914} INFO - Processing file /opt/airflow/dags/hello_airflow.py for tasks to queue
[2026-01-21T06:05:04.799+0000] {logging_mixin.py:190} INFO - [2026-01-21T06:05:04.798+0000] {dagbag.py:588} INFO - Filling up the DagBag from /opt/airflow/dags/hello_airflow.py
[2026-01-21T06:05:04.830+0000] {processor.py:925} INFO - DAG(s) 'hello_airflow' retrieved from /opt/airflow/dags/hello_airflow.py
[2026-01-21T06:05:04.901+0000] {logging_mixin.py:190} INFO - [2026-01-21T06:05:04.900+0000] {dag.py:3239} INFO - Sync 1 DAGs
[2026-01-21T06:05:04.986+0000] {logging_mixin.py:190} INFO - [2026-01-21T06:05:04.986+0000] {dag.py:4180} INFO - Setting next_dagrun for hello_airflow to 2026-01-21 06:04:00+00:00, run_after=2026-01-21 06:05:00+00:00
[2026-01-21T06:05:05.035+0000] {processor.py:208} INFO - Processing /opt/airflow/dags/hello_airflow.py took 0.268 seconds
[2026-01-21T06:05:36.569+0000] {processor.py:186} INFO - Started process (PID=2987) to work on /opt/airflow/dags/hello_airflow.py
[2026-01-21T06:05:36.571+0000] {processor.py:914} INFO - Processing file /opt/airflow/dags/hello_airflow.py for tasks to queue
[2026-01-21T06:05:36.585+0000] {logging_mixin.py:190} INFO - [2026-01-21T06:05:36.584+0000] {dagbag.py:588} INFO - Filling up the DagBag from /opt/airflow/dags/hello_airflow.py
[2026-01-21T06:05:36.618+0000] {processor.py:925} INFO - DAG(s) 'hello_airflow' retrieved from /opt/airflow/dags/hello_airflow.py
[2026-01-21T06:05:36.692+0000] {logging_mixin.py:190} INFO - [2026-01-21T06:05:36.691+0000] {dag.py:3239} INFO - Sync 1 DAGs
[2026-01-21T06:05:36.777+0000] {logging_mixin.py:190} INFO - [2026-01-21T06:05:36.777+0000] {dag.py:4180} INFO - Setting next_dagrun for hello_airflow to 2026-01-21 06:04:00+00:00, run_after=2026-01-21 06:05:00+00:00
[2026-01-21T06:05:36.870+0000] {processor.py:208} INFO - Processing /opt/airflow/dags/hello_airflow.py took 0.322 seconds
[2026-01-21T06:06:08.608+0000] {processor.py:186} INFO - Started process (PID=3011) to work on /opt/airflow/dags/hello_airflow.py
[2026-01-21T06:06:08.611+0000] {processor.py:914} INFO - Processing file /opt/airflow/dags/hello_airflow.py for tasks to queue
[2026-01-21T06:06:08.618+0000] {logging_mixin.py:190} INFO - [2026-01-21T06:06:08.617+0000] {dagbag.py:588} INFO - Filling up the DagBag from /opt/airflow/dags/hello_airflow.py
[2026-01-21T06:06:08.647+0000] {processor.py:925} INFO - DAG(s) 'hello_airflow' retrieved from /opt/airflow/dags/hello_airflow.py
[2026-01-21T06:06:08.715+0000] {logging_mixin.py:190} INFO - [2026-01-21T06:06:08.714+0000] {dag.py:3239} INFO - Sync 1 DAGs
[2026-01-21T06:06:08.793+0000] {logging_mixin.py:190} INFO - [2026-01-21T06:06:08.792+0000] {dag.py:4180} INFO - Setting next_dagrun for hello_airflow to 2026-01-21 06:05:00+00:00, run_after=2026-01-21 06:06:00+00:00
[2026-01-21T06:06:08.841+0000] {processor.py:208} INFO - Processing /opt/airflow/dags/hello_airflow.py took 0.252 seconds
[2026-01-21T06:06:40.199+0000] {processor.py:186} INFO - Started process (PID=3034) to work on /opt/airflow/dags/hello_airflow.py
[2026-01-21T06:06:40.202+0000] {processor.py:914} INFO - Processing file /opt/airflow/dags/hello_airflow.py for tasks to queue
[2026-01-21T06:06:40.208+0000] {logging_mixin.py:190} INFO - [2026-01-21T06:06:40.207+0000] {dagbag.py:588} INFO - Filling up the DagBag from /opt/airflow/dags/hello_airflow.py
[2026-01-21T06:06:40.240+0000] {processor.py:925} INFO - DAG(s) 'hello_airflow' retrieved from /opt/airflow/dags/hello_airflow.py
[2026-01-21T06:06:40.305+0000] {logging_mixin.py:190} INFO - [2026-01-21T06:06:40.305+0000] {dag.py:3239} INFO - Sync 1 DAGs
[2026-01-21T06:06:40.408+0000] {logging_mixin.py:190} INFO - [2026-01-21T06:06:40.407+0000] {dag.py:4180} INFO - Setting next_dagrun for hello_airflow to 2026-01-21 06:05:00+00:00, run_after=2026-01-21 06:06:00+00:00
[2026-01-21T06:06:40.501+0000] {processor.py:208} INFO - Processing /opt/airflow/dags/hello_airflow.py took 0.321 seconds
[2026-01-21T06:07:11.913+0000] {processor.py:186} INFO - Started process (PID=3058) to work on /opt/airflow/dags/hello_airflow.py
[2026-01-21T06:07:11.916+0000] {processor.py:914} INFO - Processing file /opt/airflow/dags/hello_airflow.py for tasks to queue
[2026-01-21T06:07:11.923+0000] {logging_mixin.py:190} INFO - [2026-01-21T06:07:11.922+0000] {dagbag.py:588} INFO - Filling up the DagBag from /opt/airflow/dags/hello_airflow.py
[2026-01-21T06:07:11.952+0000] {processor.py:925} INFO - DAG(s) 'hello_airflow' retrieved from /opt/airflow/dags/hello_airflow.py
[2026-01-21T06:07:12.018+0000] {logging_mixin.py:190} INFO - [2026-01-21T06:07:12.017+0000] {dag.py:3239} INFO - Sync 1 DAGs
[2026-01-21T06:07:12.107+0000] {logging_mixin.py:190} INFO - [2026-01-21T06:07:12.106+0000] {dag.py:4180} INFO - Setting next_dagrun for hello_airflow to 2026-01-21 06:06:00+00:00, run_after=2026-01-21 06:07:00+00:00
[2026-01-21T06:07:12.205+0000] {processor.py:208} INFO - Processing /opt/airflow/dags/hello_airflow.py took 0.312 seconds
[2026-01-21T06:07:43.585+0000] {processor.py:186} INFO - Started process (PID=3089) to work on /opt/airflow/dags/hello_airflow.py
[2026-01-21T06:07:43.588+0000] {processor.py:914} INFO - Processing file /opt/airflow/dags/hello_airflow.py for tasks to queue
[2026-01-21T06:07:43.595+0000] {logging_mixin.py:190} INFO - [2026-01-21T06:07:43.594+0000] {dagbag.py:588} INFO - Filling up the DagBag from /opt/airflow/dags/hello_airflow.py
[2026-01-21T06:07:43.624+0000] {processor.py:925} INFO - DAG(s) 'hello_airflow' retrieved from /opt/airflow/dags/hello_airflow.py
[2026-01-21T06:07:43.697+0000] {logging_mixin.py:190} INFO - [2026-01-21T06:07:43.696+0000] {dag.py:3239} INFO - Sync 1 DAGs
[2026-01-21T06:07:43.805+0000] {logging_mixin.py:190} INFO - [2026-01-21T06:07:43.804+0000] {dag.py:4180} INFO - Setting next_dagrun for hello_airflow to 2026-01-21 06:06:00+00:00, run_after=2026-01-21 06:07:00+00:00
[2026-01-21T06:07:43.897+0000] {processor.py:208} INFO - Processing /opt/airflow/dags/hello_airflow.py took 0.332 seconds
[2026-01-21T06:08:15.652+0000] {processor.py:186} INFO - Started process (PID=3113) to work on /opt/airflow/dags/hello_airflow.py
[2026-01-21T06:08:15.655+0000] {processor.py:914} INFO - Processing file /opt/airflow/dags/hello_airflow.py for tasks to queue
[2026-01-21T06:08:15.665+0000] {logging_mixin.py:190} INFO - [2026-01-21T06:08:15.664+0000] {dagbag.py:588} INFO - Filling up the DagBag from /opt/airflow/dags/hello_airflow.py
[2026-01-21T06:08:15.694+0000] {processor.py:925} INFO - DAG(s) 'hello_airflow' retrieved from /opt/airflow/dags/hello_airflow.py
[2026-01-21T06:08:15.762+0000] {logging_mixin.py:190} INFO - [2026-01-21T06:08:15.761+0000] {dag.py:3239} INFO - Sync 1 DAGs
[2026-01-21T06:08:15.853+0000] {logging_mixin.py:190} INFO - [2026-01-21T06:08:15.852+0000] {dag.py:4180} INFO - Setting next_dagrun for hello_airflow to 2026-01-21 06:07:00+00:00, run_after=2026-01-21 06:08:00+00:00
[2026-01-21T06:08:15.948+0000] {processor.py:208} INFO - Processing /opt/airflow/dags/hello_airflow.py took 0.315 seconds
[2026-01-21T06:08:47.246+0000] {processor.py:186} INFO - Started process (PID=3137) to work on /opt/airflow/dags/hello_airflow.py
[2026-01-21T06:08:47.249+0000] {processor.py:914} INFO - Processing file /opt/airflow/dags/hello_airflow.py for tasks to queue
[2026-01-21T06:08:47.255+0000] {logging_mixin.py:190} INFO - [2026-01-21T06:08:47.254+0000] {dagbag.py:588} INFO - Filling up the DagBag from /opt/airflow/dags/hello_airflow.py
[2026-01-21T06:08:47.288+0000] {processor.py:925} INFO - DAG(s) 'hello_airflow' retrieved from /opt/airflow/dags/hello_airflow.py
[2026-01-21T06:08:47.354+0000] {logging_mixin.py:190} INFO - [2026-01-21T06:08:47.354+0000] {dag.py:3239} INFO - Sync 1 DAGs
[2026-01-21T06:08:47.435+0000] {logging_mixin.py:190} INFO - [2026-01-21T06:08:47.435+0000] {dag.py:4180} INFO - Setting next_dagrun for hello_airflow to 2026-01-21 06:07:00+00:00, run_after=2026-01-21 06:08:00+00:00
[2026-01-21T06:08:47.480+0000] {processor.py:208} INFO - Processing /opt/airflow/dags/hello_airflow.py took 0.256 seconds
[2026-01-21T06:09:19.055+0000] {processor.py:186} INFO - Started process (PID=3161) to work on /opt/airflow/dags/hello_airflow.py
[2026-01-21T06:09:19.058+0000] {processor.py:914} INFO - Processing file /opt/airflow/dags/hello_airflow.py for tasks to queue
[2026-01-21T06:09:19.066+0000] {logging_mixin.py:190} INFO - [2026-01-21T06:09:19.065+0000] {dagbag.py:588} INFO - Filling up the DagBag from /opt/airflow/dags/hello_airflow.py
[2026-01-21T06:09:19.096+0000] {processor.py:925} INFO - DAG(s) 'hello_airflow' retrieved from /opt/airflow/dags/hello_airflow.py
[2026-01-21T06:09:19.161+0000] {logging_mixin.py:190} INFO - [2026-01-21T06:09:19.160+0000] {dag.py:3239} INFO - Sync 1 DAGs
[2026-01-21T06:09:19.250+0000] {logging_mixin.py:190} INFO - [2026-01-21T06:09:19.250+0000] {dag.py:4180} INFO - Setting next_dagrun for hello_airflow to 2026-01-21 06:08:00+00:00, run_after=2026-01-21 06:09:00+00:00
[2026-01-21T06:09:19.308+0000] {processor.py:208} INFO - Processing /opt/airflow/dags/hello_airflow.py took 0.274 seconds
[2026-01-21T06:09:51.105+0000] {processor.py:186} INFO - Started process (PID=3185) to work on /opt/airflow/dags/hello_airflow.py
[2026-01-21T06:09:51.108+0000] {processor.py:914} INFO - Processing file /opt/airflow/dags/hello_airflow.py for tasks to queue
[2026-01-21T06:09:51.114+0000] {logging_mixin.py:190} INFO - [2026-01-21T06:09:51.114+0000] {dagbag.py:588} INFO - Filling up the DagBag from /opt/airflow/dags/hello_airflow.py
[2026-01-21T06:09:51.143+0000] {processor.py:925} INFO - DAG(s) 'hello_airflow' retrieved from /opt/airflow/dags/hello_airflow.py
[2026-01-21T06:09:51.209+0000] {logging_mixin.py:190} INFO - [2026-01-21T06:09:51.208+0000] {dag.py:3239} INFO - Sync 1 DAGs
[2026-01-21T06:09:51.285+0000] {logging_mixin.py:190} INFO - [2026-01-21T06:09:51.285+0000] {dag.py:4180} INFO - Setting next_dagrun for hello_airflow to 2026-01-21 06:08:00+00:00, run_after=2026-01-21 06:09:00+00:00
[2026-01-21T06:09:51.381+0000] {processor.py:208} INFO - Processing /opt/airflow/dags/hello_airflow.py took 0.296 seconds
[2026-01-21T06:10:23.060+0000] {processor.py:186} INFO - Started process (PID=3209) to work on /opt/airflow/dags/hello_airflow.py
[2026-01-21T06:10:23.062+0000] {processor.py:914} INFO - Processing file /opt/airflow/dags/hello_airflow.py for tasks to queue
[2026-01-21T06:10:23.069+0000] {logging_mixin.py:190} INFO - [2026-01-21T06:10:23.068+0000] {dagbag.py:588} INFO - Filling up the DagBag from /opt/airflow/dags/hello_airflow.py
[2026-01-21T06:10:23.100+0000] {processor.py:925} INFO - DAG(s) 'hello_airflow' retrieved from /opt/airflow/dags/hello_airflow.py
[2026-01-21T06:10:23.168+0000] {logging_mixin.py:190} INFO - [2026-01-21T06:10:23.168+0000] {dag.py:3239} INFO - Sync 1 DAGs
[2026-01-21T06:10:23.269+0000] {logging_mixin.py:190} INFO - [2026-01-21T06:10:23.269+0000] {dag.py:4180} INFO - Setting next_dagrun for hello_airflow to 2026-01-21 06:09:00+00:00, run_after=2026-01-21 06:10:00+00:00
[2026-01-21T06:10:23.365+0000] {processor.py:208} INFO - Processing /opt/airflow/dags/hello_airflow.py took 0.323 seconds
[2026-01-21T06:10:55.486+0000] {processor.py:186} INFO - Started process (PID=3233) to work on /opt/airflow/dags/hello_airflow.py
[2026-01-21T06:10:55.489+0000] {processor.py:914} INFO - Processing file /opt/airflow/dags/hello_airflow.py for tasks to queue
[2026-01-21T06:10:55.496+0000] {logging_mixin.py:190} INFO - [2026-01-21T06:10:55.495+0000] {dagbag.py:588} INFO - Filling up the DagBag from /opt/airflow/dags/hello_airflow.py
[2026-01-21T06:10:55.525+0000] {processor.py:925} INFO - DAG(s) 'hello_airflow' retrieved from /opt/airflow/dags/hello_airflow.py
[2026-01-21T06:10:55.597+0000] {logging_mixin.py:190} INFO - [2026-01-21T06:10:55.597+0000] {dag.py:3239} INFO - Sync 1 DAGs
[2026-01-21T06:10:55.689+0000] {logging_mixin.py:190} INFO - [2026-01-21T06:10:55.688+0000] {dag.py:4180} INFO - Setting next_dagrun for hello_airflow to 2026-01-21 06:09:00+00:00, run_after=2026-01-21 06:10:00+00:00
[2026-01-21T06:10:55.780+0000] {processor.py:208} INFO - Processing /opt/airflow/dags/hello_airflow.py took 0.312 seconds
[2026-01-21T06:11:26.751+0000] {processor.py:186} INFO - Started process (PID=3257) to work on /opt/airflow/dags/hello_airflow.py
[2026-01-21T06:11:26.753+0000] {processor.py:914} INFO - Processing file /opt/airflow/dags/hello_airflow.py for tasks to queue
[2026-01-21T06:11:26.759+0000] {logging_mixin.py:190} INFO - [2026-01-21T06:11:26.759+0000] {dagbag.py:588} INFO - Filling up the DagBag from /opt/airflow/dags/hello_airflow.py
[2026-01-21T06:11:26.788+0000] {processor.py:925} INFO - DAG(s) 'hello_airflow' retrieved from /opt/airflow/dags/hello_airflow.py
[2026-01-21T06:11:26.849+0000] {logging_mixin.py:190} INFO - [2026-01-21T06:11:26.848+0000] {dag.py:3239} INFO - Sync 1 DAGs
[2026-01-21T06:11:26.927+0000] {logging_mixin.py:190} INFO - [2026-01-21T06:11:26.927+0000] {dag.py:4180} INFO - Setting next_dagrun for hello_airflow to 2026-01-21 06:10:00+00:00, run_after=2026-01-21 06:11:00+00:00
[2026-01-21T06:11:27.017+0000] {processor.py:208} INFO - Processing /opt/airflow/dags/hello_airflow.py took 0.284 seconds
[2026-01-21T06:11:58.460+0000] {processor.py:186} INFO - Started process (PID=3281) to work on /opt/airflow/dags/hello_airflow.py
[2026-01-21T06:11:58.462+0000] {processor.py:914} INFO - Processing file /opt/airflow/dags/hello_airflow.py for tasks to queue
[2026-01-21T06:11:58.468+0000] {logging_mixin.py:190} INFO - [2026-01-21T06:11:58.467+0000] {dagbag.py:588} INFO - Filling up the DagBag from /opt/airflow/dags/hello_airflow.py
[2026-01-21T06:11:58.501+0000] {processor.py:925} INFO - DAG(s) 'hello_airflow' retrieved from /opt/airflow/dags/hello_airflow.py
[2026-01-21T06:11:58.564+0000] {logging_mixin.py:190} INFO - [2026-01-21T06:11:58.563+0000] {dag.py:3239} INFO - Sync 1 DAGs
[2026-01-21T06:11:58.662+0000] {logging_mixin.py:190} INFO - [2026-01-21T06:11:58.661+0000] {dag.py:4180} INFO - Setting next_dagrun for hello_airflow to 2026-01-21 06:10:00+00:00, run_after=2026-01-21 06:11:00+00:00
[2026-01-21T06:11:58.755+0000] {processor.py:208} INFO - Processing /opt/airflow/dags/hello_airflow.py took 0.329 seconds
[2026-01-21T06:12:30.720+0000] {processor.py:186} INFO - Started process (PID=3305) to work on /opt/airflow/dags/hello_airflow.py
[2026-01-21T06:12:30.723+0000] {processor.py:914} INFO - Processing file /opt/airflow/dags/hello_airflow.py for tasks to queue
[2026-01-21T06:12:30.728+0000] {logging_mixin.py:190} INFO - [2026-01-21T06:12:30.727+0000] {dagbag.py:588} INFO - Filling up the DagBag from /opt/airflow/dags/hello_airflow.py
[2026-01-21T06:12:30.758+0000] {processor.py:925} INFO - DAG(s) 'hello_airflow' retrieved from /opt/airflow/dags/hello_airflow.py
[2026-01-21T06:12:30.822+0000] {logging_mixin.py:190} INFO - [2026-01-21T06:12:30.821+0000] {dag.py:3239} INFO - Sync 1 DAGs
[2026-01-21T06:12:30.908+0000] {logging_mixin.py:190} INFO - [2026-01-21T06:12:30.907+0000] {dag.py:4180} INFO - Setting next_dagrun for hello_airflow to 2026-01-21 06:11:00+00:00, run_after=2026-01-21 06:12:00+00:00
[2026-01-21T06:12:30.971+0000] {processor.py:208} INFO - Processing /opt/airflow/dags/hello_airflow.py took 0.273 seconds
[2026-01-21T06:13:02.160+0000] {processor.py:186} INFO - Started process (PID=3330) to work on /opt/airflow/dags/hello_airflow.py
[2026-01-21T06:13:02.163+0000] {processor.py:914} INFO - Processing file /opt/airflow/dags/hello_airflow.py for tasks to queue
[2026-01-21T06:13:02.170+0000] {logging_mixin.py:190} INFO - [2026-01-21T06:13:02.169+0000] {dagbag.py:588} INFO - Filling up the DagBag from /opt/airflow/dags/hello_airflow.py
[2026-01-21T06:13:02.201+0000] {processor.py:925} INFO - DAG(s) 'hello_airflow' retrieved from /opt/airflow/dags/hello_airflow.py
[2026-01-21T06:13:02.276+0000] {logging_mixin.py:190} INFO - [2026-01-21T06:13:02.275+0000] {dag.py:3239} INFO - Sync 1 DAGs
[2026-01-21T06:13:02.365+0000] {logging_mixin.py:190} INFO - [2026-01-21T06:13:02.364+0000] {dag.py:4180} INFO - Setting next_dagrun for hello_airflow to 2026-01-21 06:12:00+00:00, run_after=2026-01-21 06:13:00+00:00
[2026-01-21T06:13:02.422+0000] {processor.py:208} INFO - Processing /opt/airflow/dags/hello_airflow.py took 0.284 seconds
[2026-01-21T06:13:33.920+0000] {processor.py:186} INFO - Started process (PID=3354) to work on /opt/airflow/dags/hello_airflow.py
[2026-01-21T06:13:33.922+0000] {processor.py:914} INFO - Processing file /opt/airflow/dags/hello_airflow.py for tasks to queue
[2026-01-21T06:13:33.929+0000] {logging_mixin.py:190} INFO - [2026-01-21T06:13:33.928+0000] {dagbag.py:588} INFO - Filling up the DagBag from /opt/airflow/dags/hello_airflow.py
[2026-01-21T06:13:33.957+0000] {processor.py:925} INFO - DAG(s) 'hello_airflow' retrieved from /opt/airflow/dags/hello_airflow.py
[2026-01-21T06:13:34.020+0000] {logging_mixin.py:190} INFO - [2026-01-21T06:13:34.019+0000] {dag.py:3239} INFO - Sync 1 DAGs
[2026-01-21T06:13:34.108+0000] {logging_mixin.py:190} INFO - [2026-01-21T06:13:34.107+0000] {dag.py:4180} INFO - Setting next_dagrun for hello_airflow to 2026-01-21 06:12:00+00:00, run_after=2026-01-21 06:13:00+00:00
[2026-01-21T06:13:34.200+0000] {processor.py:208} INFO - Processing /opt/airflow/dags/hello_airflow.py took 0.299 seconds
[2026-01-21T06:14:05.586+0000] {processor.py:186} INFO - Started process (PID=3378) to work on /opt/airflow/dags/hello_airflow.py
[2026-01-21T06:14:05.590+0000] {processor.py:914} INFO - Processing file /opt/airflow/dags/hello_airflow.py for tasks to queue
[2026-01-21T06:14:05.598+0000] {logging_mixin.py:190} INFO - [2026-01-21T06:14:05.597+0000] {dagbag.py:588} INFO - Filling up the DagBag from /opt/airflow/dags/hello_airflow.py
[2026-01-21T06:14:05.631+0000] {processor.py:925} INFO - DAG(s) 'hello_airflow' retrieved from /opt/airflow/dags/hello_airflow.py
[2026-01-21T06:14:05.698+0000] {logging_mixin.py:190} INFO - [2026-01-21T06:14:05.697+0000] {dag.py:3239} INFO - Sync 1 DAGs
[2026-01-21T06:14:05.780+0000] {logging_mixin.py:190} INFO - [2026-01-21T06:14:05.780+0000] {dag.py:4180} INFO - Setting next_dagrun for hello_airflow to 2026-01-21 06:13:00+00:00, run_after=2026-01-21 06:14:00+00:00
[2026-01-21T06:14:05.859+0000] {processor.py:208} INFO - Processing /opt/airflow/dags/hello_airflow.py took 0.292 seconds
[2026-01-21T06:14:37.368+0000] {processor.py:186} INFO - Started process (PID=3402) to work on /opt/airflow/dags/hello_airflow.py
[2026-01-21T06:14:37.370+0000] {processor.py:914} INFO - Processing file /opt/airflow/dags/hello_airflow.py for tasks to queue
[2026-01-21T06:14:37.377+0000] {logging_mixin.py:190} INFO - [2026-01-21T06:14:37.376+0000] {dagbag.py:588} INFO - Filling up the DagBag from /opt/airflow/dags/hello_airflow.py
[2026-01-21T06:14:37.406+0000] {processor.py:925} INFO - DAG(s) 'hello_airflow' retrieved from /opt/airflow/dags/hello_airflow.py
[2026-01-21T06:14:37.472+0000] {logging_mixin.py:190} INFO - [2026-01-21T06:14:37.472+0000] {dag.py:3239} INFO - Sync 1 DAGs
[2026-01-21T06:14:37.550+0000] {logging_mixin.py:190} INFO - [2026-01-21T06:14:37.549+0000] {dag.py:4180} INFO - Setting next_dagrun for hello_airflow to 2026-01-21 06:13:00+00:00, run_after=2026-01-21 06:14:00+00:00
[2026-01-21T06:14:37.633+0000] {processor.py:208} INFO - Processing /opt/airflow/dags/hello_airflow.py took 0.285 seconds
[2026-01-21T06:15:09.490+0000] {processor.py:186} INFO - Started process (PID=3427) to work on /opt/airflow/dags/hello_airflow.py
[2026-01-21T06:15:09.493+0000] {processor.py:914} INFO - Processing file /opt/airflow/dags/hello_airflow.py for tasks to queue
[2026-01-21T06:15:09.500+0000] {logging_mixin.py:190} INFO - [2026-01-21T06:15:09.499+0000] {dagbag.py:588} INFO - Filling up the DagBag from /opt/airflow/dags/hello_airflow.py
[2026-01-21T06:15:09.528+0000] {processor.py:925} INFO - DAG(s) 'hello_airflow' retrieved from /opt/airflow/dags/hello_airflow.py
[2026-01-21T06:15:09.593+0000] {logging_mixin.py:190} INFO - [2026-01-21T06:15:09.592+0000] {dag.py:3239} INFO - Sync 1 DAGs
[2026-01-21T06:15:09.680+0000] {logging_mixin.py:190} INFO - [2026-01-21T06:15:09.679+0000] {dag.py:4180} INFO - Setting next_dagrun for hello_airflow to 2026-01-21 06:14:00+00:00, run_after=2026-01-21 06:15:00+00:00
[2026-01-21T06:15:09.773+0000] {processor.py:208} INFO - Processing /opt/airflow/dags/hello_airflow.py took 0.302 seconds
[2026-01-21T06:15:41.341+0000] {processor.py:186} INFO - Started process (PID=3451) to work on /opt/airflow/dags/hello_airflow.py
[2026-01-21T06:15:41.344+0000] {processor.py:914} INFO - Processing file /opt/airflow/dags/hello_airflow.py for tasks to queue
[2026-01-21T06:15:41.351+0000] {logging_mixin.py:190} INFO - [2026-01-21T06:15:41.350+0000] {dagbag.py:588} INFO - Filling up the DagBag from /opt/airflow/dags/hello_airflow.py
[2026-01-21T06:15:41.385+0000] {processor.py:925} INFO - DAG(s) 'hello_airflow' retrieved from /opt/airflow/dags/hello_airflow.py
[2026-01-21T06:15:41.455+0000] {logging_mixin.py:190} INFO - [2026-01-21T06:15:41.454+0000] {dag.py:3239} INFO - Sync 1 DAGs
[2026-01-21T06:15:41.537+0000] {logging_mixin.py:190} INFO - [2026-01-21T06:15:41.537+0000] {dag.py:4180} INFO - Setting next_dagrun for hello_airflow to 2026-01-21 06:14:00+00:00, run_after=2026-01-21 06:15:00+00:00
[2026-01-21T06:15:41.628+0000] {processor.py:208} INFO - Processing /opt/airflow/dags/hello_airflow.py took 0.308 seconds
[2026-01-21T06:16:12.949+0000] {processor.py:186} INFO - Started process (PID=3474) to work on /opt/airflow/dags/hello_airflow.py
[2026-01-21T06:16:12.951+0000] {processor.py:914} INFO - Processing file /opt/airflow/dags/hello_airflow.py for tasks to queue
[2026-01-21T06:16:12.958+0000] {logging_mixin.py:190} INFO - [2026-01-21T06:16:12.957+0000] {dagbag.py:588} INFO - Filling up the DagBag from /opt/airflow/dags/hello_airflow.py
[2026-01-21T06:16:12.987+0000] {processor.py:925} INFO - DAG(s) 'hello_airflow' retrieved from /opt/airflow/dags/hello_airflow.py
[2026-01-21T06:16:13.052+0000] {logging_mixin.py:190} INFO - [2026-01-21T06:16:13.051+0000] {dag.py:3239} INFO - Sync 1 DAGs
[2026-01-21T06:16:13.128+0000] {logging_mixin.py:190} INFO - [2026-01-21T06:16:13.128+0000] {dag.py:4180} INFO - Setting next_dagrun for hello_airflow to 2026-01-21 06:15:00+00:00, run_after=2026-01-21 06:16:00+00:00
[2026-01-21T06:16:13.174+0000] {processor.py:208} INFO - Processing /opt/airflow/dags/hello_airflow.py took 0.245 seconds
[2026-01-21T06:16:44.879+0000] {processor.py:186} INFO - Started process (PID=3498) to work on /opt/airflow/dags/hello_airflow.py
[2026-01-21T06:16:44.882+0000] {processor.py:914} INFO - Processing file /opt/airflow/dags/hello_airflow.py for tasks to queue
[2026-01-21T06:16:44.889+0000] {logging_mixin.py:190} INFO - [2026-01-21T06:16:44.888+0000] {dagbag.py:588} INFO - Filling up the DagBag from /opt/airflow/dags/hello_airflow.py
[2026-01-21T06:16:44.922+0000] {processor.py:925} INFO - DAG(s) 'hello_airflow' retrieved from /opt/airflow/dags/hello_airflow.py
[2026-01-21T06:16:44.989+0000] {logging_mixin.py:190} INFO - [2026-01-21T06:16:44.988+0000] {dag.py:3239} INFO - Sync 1 DAGs
[2026-01-21T06:16:45.068+0000] {logging_mixin.py:190} INFO - [2026-01-21T06:16:45.068+0000] {dag.py:4180} INFO - Setting next_dagrun for hello_airflow to 2026-01-21 06:15:00+00:00, run_after=2026-01-21 06:16:00+00:00
[2026-01-21T06:16:45.115+0000] {processor.py:208} INFO - Processing /opt/airflow/dags/hello_airflow.py took 0.254 seconds
[2026-01-21T06:17:16.894+0000] {processor.py:186} INFO - Started process (PID=3528) to work on /opt/airflow/dags/hello_airflow.py
[2026-01-21T06:17:16.896+0000] {processor.py:914} INFO - Processing file /opt/airflow/dags/hello_airflow.py for tasks to queue
[2026-01-21T06:17:16.902+0000] {logging_mixin.py:190} INFO - [2026-01-21T06:17:16.901+0000] {dagbag.py:588} INFO - Filling up the DagBag from /opt/airflow/dags/hello_airflow.py
[2026-01-21T06:17:16.937+0000] {processor.py:925} INFO - DAG(s) 'hello_airflow' retrieved from /opt/airflow/dags/hello_airflow.py
[2026-01-21T06:17:17.004+0000] {logging_mixin.py:190} INFO - [2026-01-21T06:17:17.003+0000] {dag.py:3239} INFO - Sync 1 DAGs
[2026-01-21T06:17:17.084+0000] {logging_mixin.py:190} INFO - [2026-01-21T06:17:17.083+0000] {dag.py:4180} INFO - Setting next_dagrun for hello_airflow to 2026-01-21 06:16:00+00:00, run_after=2026-01-21 06:17:00+00:00
[2026-01-21T06:17:17.175+0000] {processor.py:208} INFO - Processing /opt/airflow/dags/hello_airflow.py took 0.313 seconds
[2026-01-21T06:17:48.323+0000] {processor.py:186} INFO - Started process (PID=3552) to work on /opt/airflow/dags/hello_airflow.py
[2026-01-21T06:17:48.325+0000] {processor.py:914} INFO - Processing file /opt/airflow/dags/hello_airflow.py for tasks to queue
[2026-01-21T06:17:48.332+0000] {logging_mixin.py:190} INFO - [2026-01-21T06:17:48.331+0000] {dagbag.py:588} INFO - Filling up the DagBag from /opt/airflow/dags/hello_airflow.py
[2026-01-21T06:17:48.364+0000] {processor.py:925} INFO - DAG(s) 'hello_airflow' retrieved from /opt/airflow/dags/hello_airflow.py
[2026-01-21T06:17:48.432+0000] {logging_mixin.py:190} INFO - [2026-01-21T06:17:48.431+0000] {dag.py:3239} INFO - Sync 1 DAGs
[2026-01-21T06:17:48.512+0000] {logging_mixin.py:190} INFO - [2026-01-21T06:17:48.512+0000] {dag.py:4180} INFO - Setting next_dagrun for hello_airflow to 2026-01-21 06:16:00+00:00, run_after=2026-01-21 06:17:00+00:00
[2026-01-21T06:17:48.557+0000] {processor.py:208} INFO - Processing /opt/airflow/dags/hello_airflow.py took 0.253 seconds
[2026-01-21T06:18:20.382+0000] {processor.py:186} INFO - Started process (PID=3577) to work on /opt/airflow/dags/hello_airflow.py
[2026-01-21T06:18:20.385+0000] {processor.py:914} INFO - Processing file /opt/airflow/dags/hello_airflow.py for tasks to queue
[2026-01-21T06:18:20.393+0000] {logging_mixin.py:190} INFO - [2026-01-21T06:18:20.392+0000] {dagbag.py:588} INFO - Filling up the DagBag from /opt/airflow/dags/hello_airflow.py
[2026-01-21T06:18:20.419+0000] {processor.py:925} INFO - DAG(s) 'hello_airflow' retrieved from /opt/airflow/dags/hello_airflow.py
[2026-01-21T06:18:20.489+0000] {logging_mixin.py:190} INFO - [2026-01-21T06:18:20.488+0000] {dag.py:3239} INFO - Sync 1 DAGs
[2026-01-21T06:18:20.577+0000] {logging_mixin.py:190} INFO - [2026-01-21T06:18:20.577+0000] {dag.py:4180} INFO - Setting next_dagrun for hello_airflow to 2026-01-21 06:17:00+00:00, run_after=2026-01-21 06:18:00+00:00
[2026-01-21T06:18:20.676+0000] {processor.py:208} INFO - Processing /opt/airflow/dags/hello_airflow.py took 0.315 seconds
[2026-01-21T06:18:52.002+0000] {processor.py:186} INFO - Started process (PID=3602) to work on /opt/airflow/dags/hello_airflow.py
[2026-01-21T06:18:52.005+0000] {processor.py:914} INFO - Processing file /opt/airflow/dags/hello_airflow.py for tasks to queue
[2026-01-21T06:18:52.012+0000] {logging_mixin.py:190} INFO - [2026-01-21T06:18:52.011+0000] {dagbag.py:588} INFO - Filling up the DagBag from /opt/airflow/dags/hello_airflow.py
[2026-01-21T06:18:52.038+0000] {processor.py:925} INFO - DAG(s) 'hello_airflow' retrieved from /opt/airflow/dags/hello_airflow.py
[2026-01-21T06:18:52.101+0000] {logging_mixin.py:190} INFO - [2026-01-21T06:18:52.101+0000] {dag.py:3239} INFO - Sync 1 DAGs
[2026-01-21T06:18:52.175+0000] {logging_mixin.py:190} INFO - [2026-01-21T06:18:52.175+0000] {dag.py:4180} INFO - Setting next_dagrun for hello_airflow to 2026-01-21 06:17:00+00:00, run_after=2026-01-21 06:18:00+00:00
[2026-01-21T06:18:52.265+0000] {processor.py:208} INFO - Processing /opt/airflow/dags/hello_airflow.py took 0.284 seconds
[2026-01-21T06:19:23.747+0000] {processor.py:186} INFO - Started process (PID=3626) to work on /opt/airflow/dags/hello_airflow.py
[2026-01-21T06:19:23.750+0000] {processor.py:914} INFO - Processing file /opt/airflow/dags/hello_airflow.py for tasks to queue
[2026-01-21T06:19:23.756+0000] {logging_mixin.py:190} INFO - [2026-01-21T06:19:23.756+0000] {dagbag.py:588} INFO - Filling up the DagBag from /opt/airflow/dags/hello_airflow.py
[2026-01-21T06:19:23.787+0000] {processor.py:925} INFO - DAG(s) 'hello_airflow' retrieved from /opt/airflow/dags/hello_airflow.py
[2026-01-21T06:19:23.853+0000] {logging_mixin.py:190} INFO - [2026-01-21T06:19:23.853+0000] {dag.py:3239} INFO - Sync 1 DAGs
[2026-01-21T06:19:23.932+0000] {logging_mixin.py:190} INFO - [2026-01-21T06:19:23.932+0000] {dag.py:4180} INFO - Setting next_dagrun for hello_airflow to 2026-01-21 06:18:00+00:00, run_after=2026-01-21 06:19:00+00:00
[2026-01-21T06:19:23.977+0000] {processor.py:208} INFO - Processing /opt/airflow/dags/hello_airflow.py took 0.250 seconds
[2026-01-21T06:19:55.542+0000] {processor.py:186} INFO - Started process (PID=3650) to work on /opt/airflow/dags/hello_airflow.py
[2026-01-21T06:19:55.544+0000] {processor.py:914} INFO - Processing file /opt/airflow/dags/hello_airflow.py for tasks to queue
[2026-01-21T06:19:55.550+0000] {logging_mixin.py:190} INFO - [2026-01-21T06:19:55.549+0000] {dagbag.py:588} INFO - Filling up the DagBag from /opt/airflow/dags/hello_airflow.py
[2026-01-21T06:19:55.579+0000] {processor.py:925} INFO - DAG(s) 'hello_airflow' retrieved from /opt/airflow/dags/hello_airflow.py
[2026-01-21T06:19:55.642+0000] {logging_mixin.py:190} INFO - [2026-01-21T06:19:55.642+0000] {dag.py:3239} INFO - Sync 1 DAGs
[2026-01-21T06:19:55.727+0000] {logging_mixin.py:190} INFO - [2026-01-21T06:19:55.727+0000] {dag.py:4180} INFO - Setting next_dagrun for hello_airflow to 2026-01-21 06:18:00+00:00, run_after=2026-01-21 06:19:00+00:00
[2026-01-21T06:19:55.823+0000] {processor.py:208} INFO - Processing /opt/airflow/dags/hello_airflow.py took 0.299 seconds
[2026-01-21T06:20:27.032+0000] {processor.py:186} INFO - Started process (PID=3674) to work on /opt/airflow/dags/hello_airflow.py
[2026-01-21T06:20:27.035+0000] {processor.py:914} INFO - Processing file /opt/airflow/dags/hello_airflow.py for tasks to queue
[2026-01-21T06:20:27.041+0000] {logging_mixin.py:190} INFO - [2026-01-21T06:20:27.040+0000] {dagbag.py:588} INFO - Filling up the DagBag from /opt/airflow/dags/hello_airflow.py
[2026-01-21T06:20:27.070+0000] {processor.py:925} INFO - DAG(s) 'hello_airflow' retrieved from /opt/airflow/dags/hello_airflow.py
[2026-01-21T06:20:27.134+0000] {logging_mixin.py:190} INFO - [2026-01-21T06:20:27.134+0000] {dag.py:3239} INFO - Sync 1 DAGs
[2026-01-21T06:20:27.222+0000] {logging_mixin.py:190} INFO - [2026-01-21T06:20:27.222+0000] {dag.py:4180} INFO - Setting next_dagrun for hello_airflow to 2026-01-21 06:19:00+00:00, run_after=2026-01-21 06:20:00+00:00
[2026-01-21T06:20:27.315+0000] {processor.py:208} INFO - Processing /opt/airflow/dags/hello_airflow.py took 0.303 seconds
[2026-01-21T06:20:58.909+0000] {processor.py:186} INFO - Started process (PID=3697) to work on /opt/airflow/dags/hello_airflow.py
[2026-01-21T06:20:58.911+0000] {processor.py:914} INFO - Processing file /opt/airflow/dags/hello_airflow.py for tasks to queue
[2026-01-21T06:20:58.919+0000] {logging_mixin.py:190} INFO - [2026-01-21T06:20:58.918+0000] {dagbag.py:588} INFO - Filling up the DagBag from /opt/airflow/dags/hello_airflow.py
[2026-01-21T06:20:58.952+0000] {processor.py:925} INFO - DAG(s) 'hello_airflow' retrieved from /opt/airflow/dags/hello_airflow.py
[2026-01-21T06:20:59.020+0000] {logging_mixin.py:190} INFO - [2026-01-21T06:20:59.020+0000] {dag.py:3239} INFO - Sync 1 DAGs
[2026-01-21T06:20:59.114+0000] {logging_mixin.py:190} INFO - [2026-01-21T06:20:59.114+0000] {dag.py:4180} INFO - Setting next_dagrun for hello_airflow to 2026-01-21 06:19:00+00:00, run_after=2026-01-21 06:20:00+00:00
[2026-01-21T06:20:59.207+0000] {processor.py:208} INFO - Processing /opt/airflow/dags/hello_airflow.py took 0.318 seconds
[2026-01-21T06:56:12.214+0000] {processor.py:186} INFO - Started process (PID=81) to work on /opt/airflow/dags/hello_airflow.py
[2026-01-21T06:56:12.230+0000] {processor.py:914} INFO - Processing file /opt/airflow/dags/hello_airflow.py for tasks to queue
[2026-01-21T06:56:12.235+0000] {logging_mixin.py:190} INFO - [2026-01-21T06:56:12.235+0000] {dagbag.py:588} INFO - Filling up the DagBag from /opt/airflow/dags/hello_airflow.py
[2026-01-21T06:56:12.377+0000] {processor.py:925} INFO - DAG(s) 'hello_airflow' retrieved from /opt/airflow/dags/hello_airflow.py
[2026-01-21T06:56:12.455+0000] {logging_mixin.py:190} INFO - [2026-01-21T06:56:12.454+0000] {dag.py:3239} INFO - Sync 1 DAGs
[2026-01-21T06:56:12.535+0000] {logging_mixin.py:190} INFO - [2026-01-21T06:56:12.534+0000] {dag.py:4180} INFO - Setting next_dagrun for hello_airflow to 2026-01-21 06:55:00+00:00, run_after=2026-01-21 06:56:00+00:00
[2026-01-21T06:56:12.665+0000] {processor.py:208} INFO - Processing /opt/airflow/dags/hello_airflow.py took 0.462 seconds
[2026-01-21T06:56:43.090+0000] {processor.py:186} INFO - Started process (PID=105) to work on /opt/airflow/dags/hello_airflow.py
[2026-01-21T06:56:43.091+0000] {processor.py:914} INFO - Processing file /opt/airflow/dags/hello_airflow.py for tasks to queue
[2026-01-21T06:56:43.093+0000] {logging_mixin.py:190} INFO - [2026-01-21T06:56:43.092+0000] {dagbag.py:588} INFO - Filling up the DagBag from /opt/airflow/dags/hello_airflow.py
[2026-01-21T06:56:43.103+0000] {processor.py:925} INFO - DAG(s) 'hello_airflow' retrieved from /opt/airflow/dags/hello_airflow.py
[2026-01-21T06:56:43.125+0000] {logging_mixin.py:190} INFO - [2026-01-21T06:56:43.125+0000] {dag.py:3239} INFO - Sync 1 DAGs
[2026-01-21T06:56:43.150+0000] {logging_mixin.py:190} INFO - [2026-01-21T06:56:43.150+0000] {dag.py:4180} INFO - Setting next_dagrun for hello_airflow to 2026-01-21 06:55:00+00:00, run_after=2026-01-21 06:56:00+00:00
[2026-01-21T06:56:43.166+0000] {processor.py:208} INFO - Processing /opt/airflow/dags/hello_airflow.py took 0.082 seconds
[2026-01-21T06:57:13.336+0000] {processor.py:186} INFO - Started process (PID=128) to work on /opt/airflow/dags/hello_airflow.py
[2026-01-21T06:57:13.338+0000] {processor.py:914} INFO - Processing file /opt/airflow/dags/hello_airflow.py for tasks to queue
[2026-01-21T06:57:13.340+0000] {logging_mixin.py:190} INFO - [2026-01-21T06:57:13.339+0000] {dagbag.py:588} INFO - Filling up the DagBag from /opt/airflow/dags/hello_airflow.py
[2026-01-21T06:57:13.349+0000] {processor.py:925} INFO - DAG(s) 'hello_airflow' retrieved from /opt/airflow/dags/hello_airflow.py
[2026-01-21T06:57:13.378+0000] {logging_mixin.py:190} INFO - [2026-01-21T06:57:13.378+0000] {dag.py:3239} INFO - Sync 1 DAGs
[2026-01-21T06:57:13.419+0000] {logging_mixin.py:190} INFO - [2026-01-21T06:57:13.418+0000] {dag.py:4180} INFO - Setting next_dagrun for hello_airflow to 2026-01-21 06:56:00+00:00, run_after=2026-01-21 06:57:00+00:00
[2026-01-21T06:57:13.440+0000] {processor.py:208} INFO - Processing /opt/airflow/dags/hello_airflow.py took 0.109 seconds
[2026-01-21T06:57:44.766+0000] {processor.py:186} INFO - Started process (PID=153) to work on /opt/airflow/dags/hello_airflow.py
[2026-01-21T06:57:44.768+0000] {processor.py:914} INFO - Processing file /opt/airflow/dags/hello_airflow.py for tasks to queue
[2026-01-21T06:57:44.770+0000] {logging_mixin.py:190} INFO - [2026-01-21T06:57:44.770+0000] {dagbag.py:588} INFO - Filling up the DagBag from /opt/airflow/dags/hello_airflow.py
[2026-01-21T06:57:44.781+0000] {processor.py:925} INFO - DAG(s) 'hello_airflow' retrieved from /opt/airflow/dags/hello_airflow.py
[2026-01-21T06:57:44.800+0000] {logging_mixin.py:190} INFO - [2026-01-21T06:57:44.800+0000] {dag.py:3239} INFO - Sync 1 DAGs
[2026-01-21T06:57:44.825+0000] {logging_mixin.py:190} INFO - [2026-01-21T06:57:44.825+0000] {dag.py:4180} INFO - Setting next_dagrun for hello_airflow to 2026-01-21 06:56:00+00:00, run_after=2026-01-21 06:57:00+00:00
[2026-01-21T06:57:44.843+0000] {processor.py:208} INFO - Processing /opt/airflow/dags/hello_airflow.py took 0.082 seconds
[2026-01-21T06:58:15.884+0000] {processor.py:186} INFO - Started process (PID=177) to work on /opt/airflow/dags/hello_airflow.py
[2026-01-21T06:58:15.885+0000] {processor.py:914} INFO - Processing file /opt/airflow/dags/hello_airflow.py for tasks to queue
[2026-01-21T06:58:15.888+0000] {logging_mixin.py:190} INFO - [2026-01-21T06:58:15.887+0000] {dagbag.py:588} INFO - Filling up the DagBag from /opt/airflow/dags/hello_airflow.py
[2026-01-21T06:58:15.897+0000] {processor.py:925} INFO - DAG(s) 'hello_airflow' retrieved from /opt/airflow/dags/hello_airflow.py
[2026-01-21T06:58:15.920+0000] {logging_mixin.py:190} INFO - [2026-01-21T06:58:15.920+0000] {dag.py:3239} INFO - Sync 1 DAGs
[2026-01-21T06:58:15.948+0000] {logging_mixin.py:190} INFO - [2026-01-21T06:58:15.948+0000] {dag.py:4180} INFO - Setting next_dagrun for hello_airflow to 2026-01-21 06:57:00+00:00, run_after=2026-01-21 06:58:00+00:00
[2026-01-21T06:58:15.963+0000] {processor.py:208} INFO - Processing /opt/airflow/dags/hello_airflow.py took 0.084 seconds
[2026-01-21T06:58:46.541+0000] {processor.py:186} INFO - Started process (PID=200) to work on /opt/airflow/dags/hello_airflow.py
[2026-01-21T06:58:46.542+0000] {processor.py:914} INFO - Processing file /opt/airflow/dags/hello_airflow.py for tasks to queue
[2026-01-21T06:58:46.544+0000] {logging_mixin.py:190} INFO - [2026-01-21T06:58:46.544+0000] {dagbag.py:588} INFO - Filling up the DagBag from /opt/airflow/dags/hello_airflow.py
[2026-01-21T06:58:46.552+0000] {processor.py:925} INFO - DAG(s) 'hello_airflow' retrieved from /opt/airflow/dags/hello_airflow.py
[2026-01-21T06:58:46.573+0000] {logging_mixin.py:190} INFO - [2026-01-21T06:58:46.573+0000] {dag.py:3239} INFO - Sync 1 DAGs
[2026-01-21T06:58:46.593+0000] {logging_mixin.py:190} INFO - [2026-01-21T06:58:46.593+0000] {dag.py:4180} INFO - Setting next_dagrun for hello_airflow to 2026-01-21 06:57:00+00:00, run_after=2026-01-21 06:58:00+00:00
[2026-01-21T06:58:46.611+0000] {processor.py:208} INFO - Processing /opt/airflow/dags/hello_airflow.py took 0.075 seconds
[2026-01-21T06:59:18.205+0000] {processor.py:186} INFO - Started process (PID=224) to work on /opt/airflow/dags/hello_airflow.py
[2026-01-21T06:59:18.206+0000] {processor.py:914} INFO - Processing file /opt/airflow/dags/hello_airflow.py for tasks to queue
[2026-01-21T06:59:18.209+0000] {logging_mixin.py:190} INFO - [2026-01-21T06:59:18.208+0000] {dagbag.py:588} INFO - Filling up the DagBag from /opt/airflow/dags/hello_airflow.py
[2026-01-21T06:59:18.220+0000] {processor.py:925} INFO - DAG(s) 'hello_airflow' retrieved from /opt/airflow/dags/hello_airflow.py
[2026-01-21T06:59:18.248+0000] {logging_mixin.py:190} INFO - [2026-01-21T06:59:18.248+0000] {dag.py:3239} INFO - Sync 1 DAGs
[2026-01-21T06:59:18.287+0000] {logging_mixin.py:190} INFO - [2026-01-21T06:59:18.287+0000] {dag.py:4180} INFO - Setting next_dagrun for hello_airflow to 2026-01-21 06:58:00+00:00, run_after=2026-01-21 06:59:00+00:00
[2026-01-21T06:59:18.308+0000] {processor.py:208} INFO - Processing /opt/airflow/dags/hello_airflow.py took 0.112 seconds
[2026-01-21T06:59:49.821+0000] {processor.py:186} INFO - Started process (PID=248) to work on /opt/airflow/dags/hello_airflow.py
[2026-01-21T06:59:49.822+0000] {processor.py:914} INFO - Processing file /opt/airflow/dags/hello_airflow.py for tasks to queue
[2026-01-21T06:59:49.824+0000] {logging_mixin.py:190} INFO - [2026-01-21T06:59:49.824+0000] {dagbag.py:588} INFO - Filling up the DagBag from /opt/airflow/dags/hello_airflow.py
[2026-01-21T06:59:49.836+0000] {processor.py:925} INFO - DAG(s) 'hello_airflow' retrieved from /opt/airflow/dags/hello_airflow.py
[2026-01-21T06:59:49.863+0000] {logging_mixin.py:190} INFO - [2026-01-21T06:59:49.863+0000] {dag.py:3239} INFO - Sync 1 DAGs
[2026-01-21T06:59:49.895+0000] {logging_mixin.py:190} INFO - [2026-01-21T06:59:49.895+0000] {dag.py:4180} INFO - Setting next_dagrun for hello_airflow to 2026-01-21 06:58:00+00:00, run_after=2026-01-21 06:59:00+00:00
[2026-01-21T06:59:49.910+0000] {processor.py:208} INFO - Processing /opt/airflow/dags/hello_airflow.py took 0.100 seconds
[2026-01-21T07:00:21.332+0000] {processor.py:186} INFO - Started process (PID=273) to work on /opt/airflow/dags/hello_airflow.py
[2026-01-21T07:00:21.333+0000] {processor.py:914} INFO - Processing file /opt/airflow/dags/hello_airflow.py for tasks to queue
[2026-01-21T07:00:21.335+0000] {logging_mixin.py:190} INFO - [2026-01-21T07:00:21.335+0000] {dagbag.py:588} INFO - Filling up the DagBag from /opt/airflow/dags/hello_airflow.py
[2026-01-21T07:00:21.345+0000] {processor.py:925} INFO - DAG(s) 'hello_airflow' retrieved from /opt/airflow/dags/hello_airflow.py
[2026-01-21T07:00:21.367+0000] {logging_mixin.py:190} INFO - [2026-01-21T07:00:21.367+0000] {dag.py:3239} INFO - Sync 1 DAGs
[2026-01-21T07:00:21.391+0000] {logging_mixin.py:190} INFO - [2026-01-21T07:00:21.391+0000] {dag.py:4180} INFO - Setting next_dagrun for hello_airflow to 2026-01-21 06:59:00+00:00, run_after=2026-01-21 07:00:00+00:00
[2026-01-21T07:00:21.407+0000] {processor.py:208} INFO - Processing /opt/airflow/dags/hello_airflow.py took 0.081 seconds
[2026-01-21T07:00:51.932+0000] {processor.py:186} INFO - Started process (PID=297) to work on /opt/airflow/dags/hello_airflow.py
[2026-01-21T07:00:51.933+0000] {processor.py:914} INFO - Processing file /opt/airflow/dags/hello_airflow.py for tasks to queue
[2026-01-21T07:00:51.935+0000] {logging_mixin.py:190} INFO - [2026-01-21T07:00:51.935+0000] {dagbag.py:588} INFO - Filling up the DagBag from /opt/airflow/dags/hello_airflow.py
[2026-01-21T07:00:51.943+0000] {processor.py:925} INFO - DAG(s) 'hello_airflow' retrieved from /opt/airflow/dags/hello_airflow.py
[2026-01-21T07:00:51.962+0000] {logging_mixin.py:190} INFO - [2026-01-21T07:00:51.961+0000] {dag.py:3239} INFO - Sync 1 DAGs
[2026-01-21T07:00:51.985+0000] {logging_mixin.py:190} INFO - [2026-01-21T07:00:51.985+0000] {dag.py:4180} INFO - Setting next_dagrun for hello_airflow to 2026-01-21 06:59:00+00:00, run_after=2026-01-21 07:00:00+00:00
[2026-01-21T07:00:52.001+0000] {processor.py:208} INFO - Processing /opt/airflow/dags/hello_airflow.py took 0.075 seconds
[2026-01-21T07:01:23.163+0000] {processor.py:186} INFO - Started process (PID=321) to work on /opt/airflow/dags/hello_airflow.py
[2026-01-21T07:01:23.164+0000] {processor.py:914} INFO - Processing file /opt/airflow/dags/hello_airflow.py for tasks to queue
[2026-01-21T07:01:23.167+0000] {logging_mixin.py:190} INFO - [2026-01-21T07:01:23.167+0000] {dagbag.py:588} INFO - Filling up the DagBag from /opt/airflow/dags/hello_airflow.py
[2026-01-21T07:01:23.181+0000] {processor.py:925} INFO - DAG(s) 'hello_airflow' retrieved from /opt/airflow/dags/hello_airflow.py
[2026-01-21T07:01:23.208+0000] {logging_mixin.py:190} INFO - [2026-01-21T07:01:23.208+0000] {dag.py:3239} INFO - Sync 1 DAGs
[2026-01-21T07:01:23.237+0000] {logging_mixin.py:190} INFO - [2026-01-21T07:01:23.236+0000] {dag.py:4180} INFO - Setting next_dagrun for hello_airflow to 2026-01-21 07:00:00+00:00, run_after=2026-01-21 07:01:00+00:00
[2026-01-21T07:01:23.252+0000] {processor.py:208} INFO - Processing /opt/airflow/dags/hello_airflow.py took 0.097 seconds
[2026-01-21T07:01:54.400+0000] {processor.py:186} INFO - Started process (PID=345) to work on /opt/airflow/dags/hello_airflow.py
[2026-01-21T07:01:54.402+0000] {processor.py:914} INFO - Processing file /opt/airflow/dags/hello_airflow.py for tasks to queue
[2026-01-21T07:01:54.406+0000] {logging_mixin.py:190} INFO - [2026-01-21T07:01:54.405+0000] {dagbag.py:588} INFO - Filling up the DagBag from /opt/airflow/dags/hello_airflow.py
[2026-01-21T07:01:54.424+0000] {processor.py:925} INFO - DAG(s) 'hello_airflow' retrieved from /opt/airflow/dags/hello_airflow.py
[2026-01-21T07:01:54.458+0000] {logging_mixin.py:190} INFO - [2026-01-21T07:01:54.458+0000] {dag.py:3239} INFO - Sync 1 DAGs
[2026-01-21T07:01:54.508+0000] {logging_mixin.py:190} INFO - [2026-01-21T07:01:54.508+0000] {dag.py:4180} INFO - Setting next_dagrun for hello_airflow to 2026-01-21 07:00:00+00:00, run_after=2026-01-21 07:01:00+00:00
[2026-01-21T07:01:54.535+0000] {processor.py:208} INFO - Processing /opt/airflow/dags/hello_airflow.py took 0.145 seconds
[2026-01-21T07:02:25.603+0000] {processor.py:186} INFO - Started process (PID=369) to work on /opt/airflow/dags/hello_airflow.py
[2026-01-21T07:02:25.604+0000] {processor.py:914} INFO - Processing file /opt/airflow/dags/hello_airflow.py for tasks to queue
[2026-01-21T07:02:25.608+0000] {logging_mixin.py:190} INFO - [2026-01-21T07:02:25.607+0000] {dagbag.py:588} INFO - Filling up the DagBag from /opt/airflow/dags/hello_airflow.py
[2026-01-21T07:02:25.626+0000] {processor.py:925} INFO - DAG(s) 'hello_airflow' retrieved from /opt/airflow/dags/hello_airflow.py
[2026-01-21T07:02:25.661+0000] {logging_mixin.py:190} INFO - [2026-01-21T07:02:25.661+0000] {dag.py:3239} INFO - Sync 1 DAGs
[2026-01-21T07:02:25.708+0000] {logging_mixin.py:190} INFO - [2026-01-21T07:02:25.707+0000] {dag.py:4180} INFO - Setting next_dagrun for hello_airflow to 2026-01-21 07:01:00+00:00, run_after=2026-01-21 07:02:00+00:00
[2026-01-21T07:02:25.735+0000] {processor.py:208} INFO - Processing /opt/airflow/dags/hello_airflow.py took 0.144 seconds
[2026-01-21T07:02:56.543+0000] {processor.py:186} INFO - Started process (PID=393) to work on /opt/airflow/dags/hello_airflow.py
[2026-01-21T07:02:56.544+0000] {processor.py:914} INFO - Processing file /opt/airflow/dags/hello_airflow.py for tasks to queue
[2026-01-21T07:02:56.547+0000] {logging_mixin.py:190} INFO - [2026-01-21T07:02:56.547+0000] {dagbag.py:588} INFO - Filling up the DagBag from /opt/airflow/dags/hello_airflow.py
[2026-01-21T07:02:56.558+0000] {processor.py:925} INFO - DAG(s) 'hello_airflow' retrieved from /opt/airflow/dags/hello_airflow.py
[2026-01-21T07:02:56.578+0000] {logging_mixin.py:190} INFO - [2026-01-21T07:02:56.578+0000] {dag.py:3239} INFO - Sync 1 DAGs
[2026-01-21T07:02:56.602+0000] {logging_mixin.py:190} INFO - [2026-01-21T07:02:56.602+0000] {dag.py:4180} INFO - Setting next_dagrun for hello_airflow to 2026-01-21 07:01:00+00:00, run_after=2026-01-21 07:02:00+00:00
[2026-01-21T07:02:56.617+0000] {processor.py:208} INFO - Processing /opt/airflow/dags/hello_airflow.py took 0.080 seconds
[2026-01-21T07:03:28.079+0000] {processor.py:186} INFO - Started process (PID=417) to work on /opt/airflow/dags/hello_airflow.py
[2026-01-21T07:03:28.080+0000] {processor.py:914} INFO - Processing file /opt/airflow/dags/hello_airflow.py for tasks to queue
[2026-01-21T07:03:28.083+0000] {logging_mixin.py:190} INFO - [2026-01-21T07:03:28.082+0000] {dagbag.py:588} INFO - Filling up the DagBag from /opt/airflow/dags/hello_airflow.py
[2026-01-21T07:03:28.094+0000] {processor.py:925} INFO - DAG(s) 'hello_airflow' retrieved from /opt/airflow/dags/hello_airflow.py
[2026-01-21T07:03:28.120+0000] {logging_mixin.py:190} INFO - [2026-01-21T07:03:28.120+0000] {dag.py:3239} INFO - Sync 1 DAGs
[2026-01-21T07:03:28.155+0000] {logging_mixin.py:190} INFO - [2026-01-21T07:03:28.155+0000] {dag.py:4180} INFO - Setting next_dagrun for hello_airflow to 2026-01-21 07:02:00+00:00, run_after=2026-01-21 07:03:00+00:00
[2026-01-21T07:03:28.176+0000] {processor.py:208} INFO - Processing /opt/airflow/dags/hello_airflow.py took 0.104 seconds
[2026-01-21T07:03:59.106+0000] {processor.py:186} INFO - Started process (PID=440) to work on /opt/airflow/dags/hello_airflow.py
[2026-01-21T07:03:59.107+0000] {processor.py:914} INFO - Processing file /opt/airflow/dags/hello_airflow.py for tasks to queue
[2026-01-21T07:03:59.109+0000] {logging_mixin.py:190} INFO - [2026-01-21T07:03:59.108+0000] {dagbag.py:588} INFO - Filling up the DagBag from /opt/airflow/dags/hello_airflow.py
[2026-01-21T07:03:59.118+0000] {processor.py:925} INFO - DAG(s) 'hello_airflow' retrieved from /opt/airflow/dags/hello_airflow.py
[2026-01-21T07:03:59.141+0000] {logging_mixin.py:190} INFO - [2026-01-21T07:03:59.141+0000] {dag.py:3239} INFO - Sync 1 DAGs
[2026-01-21T07:03:59.172+0000] {logging_mixin.py:190} INFO - [2026-01-21T07:03:59.172+0000] {dag.py:4180} INFO - Setting next_dagrun for hello_airflow to 2026-01-21 07:02:00+00:00, run_after=2026-01-21 07:03:00+00:00
[2026-01-21T07:03:59.198+0000] {processor.py:208} INFO - Processing /opt/airflow/dags/hello_airflow.py took 0.098 seconds
[2026-01-21T07:04:30.495+0000] {processor.py:186} INFO - Started process (PID=464) to work on /opt/airflow/dags/hello_airflow.py
[2026-01-21T07:04:30.496+0000] {processor.py:914} INFO - Processing file /opt/airflow/dags/hello_airflow.py for tasks to queue
[2026-01-21T07:04:30.498+0000] {logging_mixin.py:190} INFO - [2026-01-21T07:04:30.497+0000] {dagbag.py:588} INFO - Filling up the DagBag from /opt/airflow/dags/hello_airflow.py
[2026-01-21T07:04:30.508+0000] {processor.py:925} INFO - DAG(s) 'hello_airflow' retrieved from /opt/airflow/dags/hello_airflow.py
[2026-01-21T07:04:30.534+0000] {logging_mixin.py:190} INFO - [2026-01-21T07:04:30.534+0000] {dag.py:3239} INFO - Sync 1 DAGs
[2026-01-21T07:04:30.564+0000] {logging_mixin.py:190} INFO - [2026-01-21T07:04:30.564+0000] {dag.py:4180} INFO - Setting next_dagrun for hello_airflow to 2026-01-21 07:03:00+00:00, run_after=2026-01-21 07:04:00+00:00
[2026-01-21T07:04:30.582+0000] {processor.py:208} INFO - Processing /opt/airflow/dags/hello_airflow.py took 0.094 seconds
[2026-01-21T07:05:01.288+0000] {processor.py:186} INFO - Started process (PID=488) to work on /opt/airflow/dags/hello_airflow.py
[2026-01-21T07:05:01.290+0000] {processor.py:914} INFO - Processing file /opt/airflow/dags/hello_airflow.py for tasks to queue
[2026-01-21T07:05:01.292+0000] {logging_mixin.py:190} INFO - [2026-01-21T07:05:01.292+0000] {dagbag.py:588} INFO - Filling up the DagBag from /opt/airflow/dags/hello_airflow.py
[2026-01-21T07:05:01.303+0000] {processor.py:925} INFO - DAG(s) 'hello_airflow' retrieved from /opt/airflow/dags/hello_airflow.py
[2026-01-21T07:05:01.330+0000] {logging_mixin.py:190} INFO - [2026-01-21T07:05:01.330+0000] {dag.py:3239} INFO - Sync 1 DAGs
[2026-01-21T07:05:01.358+0000] {logging_mixin.py:190} INFO - [2026-01-21T07:05:01.358+0000] {dag.py:4180} INFO - Setting next_dagrun for hello_airflow to 2026-01-21 07:04:00+00:00, run_after=2026-01-21 07:05:00+00:00
[2026-01-21T07:05:01.384+0000] {processor.py:208} INFO - Processing /opt/airflow/dags/hello_airflow.py took 0.103 seconds
[2026-01-21T07:05:32.410+0000] {processor.py:186} INFO - Started process (PID=512) to work on /opt/airflow/dags/hello_airflow.py
[2026-01-21T07:05:32.412+0000] {processor.py:914} INFO - Processing file /opt/airflow/dags/hello_airflow.py for tasks to queue
[2026-01-21T07:05:32.415+0000] {logging_mixin.py:190} INFO - [2026-01-21T07:05:32.414+0000] {dagbag.py:588} INFO - Filling up the DagBag from /opt/airflow/dags/hello_airflow.py
[2026-01-21T07:05:32.428+0000] {processor.py:925} INFO - DAG(s) 'hello_airflow' retrieved from /opt/airflow/dags/hello_airflow.py
[2026-01-21T07:05:32.454+0000] {logging_mixin.py:190} INFO - [2026-01-21T07:05:32.454+0000] {dag.py:3239} INFO - Sync 1 DAGs
[2026-01-21T07:05:32.485+0000] {logging_mixin.py:190} INFO - [2026-01-21T07:05:32.484+0000] {dag.py:4180} INFO - Setting next_dagrun for hello_airflow to 2026-01-21 07:04:00+00:00, run_after=2026-01-21 07:05:00+00:00
[2026-01-21T07:05:32.506+0000] {processor.py:208} INFO - Processing /opt/airflow/dags/hello_airflow.py took 0.102 seconds
[2026-01-21T07:06:03.717+0000] {processor.py:186} INFO - Started process (PID=536) to work on /opt/airflow/dags/hello_airflow.py
[2026-01-21T07:06:03.718+0000] {processor.py:914} INFO - Processing file /opt/airflow/dags/hello_airflow.py for tasks to queue
[2026-01-21T07:06:03.721+0000] {logging_mixin.py:190} INFO - [2026-01-21T07:06:03.720+0000] {dagbag.py:588} INFO - Filling up the DagBag from /opt/airflow/dags/hello_airflow.py
[2026-01-21T07:06:03.732+0000] {processor.py:925} INFO - DAG(s) 'hello_airflow' retrieved from /opt/airflow/dags/hello_airflow.py
[2026-01-21T07:06:03.757+0000] {logging_mixin.py:190} INFO - [2026-01-21T07:06:03.757+0000] {dag.py:3239} INFO - Sync 1 DAGs
[2026-01-21T07:06:03.786+0000] {logging_mixin.py:190} INFO - [2026-01-21T07:06:03.786+0000] {dag.py:4180} INFO - Setting next_dagrun for hello_airflow to 2026-01-21 07:05:00+00:00, run_after=2026-01-21 07:06:00+00:00
[2026-01-21T07:06:03.806+0000] {processor.py:208} INFO - Processing /opt/airflow/dags/hello_airflow.py took 0.096 seconds
[2026-01-21T07:06:34.632+0000] {processor.py:186} INFO - Started process (PID=560) to work on /opt/airflow/dags/hello_airflow.py
[2026-01-21T07:06:34.632+0000] {processor.py:914} INFO - Processing file /opt/airflow/dags/hello_airflow.py for tasks to queue
[2026-01-21T07:06:34.634+0000] {logging_mixin.py:190} INFO - [2026-01-21T07:06:34.634+0000] {dagbag.py:588} INFO - Filling up the DagBag from /opt/airflow/dags/hello_airflow.py
[2026-01-21T07:06:34.645+0000] {processor.py:925} INFO - DAG(s) 'hello_airflow' retrieved from /opt/airflow/dags/hello_airflow.py
[2026-01-21T07:06:34.668+0000] {logging_mixin.py:190} INFO - [2026-01-21T07:06:34.667+0000] {dag.py:3239} INFO - Sync 1 DAGs
[2026-01-21T07:06:34.696+0000] {logging_mixin.py:190} INFO - [2026-01-21T07:06:34.696+0000] {dag.py:4180} INFO - Setting next_dagrun for hello_airflow to 2026-01-21 07:05:00+00:00, run_after=2026-01-21 07:06:00+00:00
[2026-01-21T07:06:34.714+0000] {processor.py:208} INFO - Processing /opt/airflow/dags/hello_airflow.py took 0.088 seconds
[2026-01-21T07:07:06.344+0000] {processor.py:186} INFO - Started process (PID=584) to work on /opt/airflow/dags/hello_airflow.py
[2026-01-21T07:07:06.346+0000] {processor.py:914} INFO - Processing file /opt/airflow/dags/hello_airflow.py for tasks to queue
[2026-01-21T07:07:06.351+0000] {logging_mixin.py:190} INFO - [2026-01-21T07:07:06.350+0000] {dagbag.py:588} INFO - Filling up the DagBag from /opt/airflow/dags/hello_airflow.py
[2026-01-21T07:07:06.375+0000] {processor.py:925} INFO - DAG(s) 'hello_airflow' retrieved from /opt/airflow/dags/hello_airflow.py
[2026-01-21T07:07:06.447+0000] {logging_mixin.py:190} INFO - [2026-01-21T07:07:06.446+0000] {dag.py:3239} INFO - Sync 1 DAGs
[2026-01-21T07:07:06.508+0000] {logging_mixin.py:190} INFO - [2026-01-21T07:07:06.508+0000] {dag.py:4180} INFO - Setting next_dagrun for hello_airflow to 2026-01-21 07:06:00+00:00, run_after=2026-01-21 07:07:00+00:00
[2026-01-21T07:07:06.546+0000] {processor.py:208} INFO - Processing /opt/airflow/dags/hello_airflow.py took 0.217 seconds
[2026-01-21T07:07:37.541+0000] {processor.py:186} INFO - Started process (PID=608) to work on /opt/airflow/dags/hello_airflow.py
[2026-01-21T07:07:37.542+0000] {processor.py:914} INFO - Processing file /opt/airflow/dags/hello_airflow.py for tasks to queue
[2026-01-21T07:07:37.548+0000] {logging_mixin.py:190} INFO - [2026-01-21T07:07:37.547+0000] {dagbag.py:588} INFO - Filling up the DagBag from /opt/airflow/dags/hello_airflow.py
[2026-01-21T07:07:37.562+0000] {processor.py:925} INFO - DAG(s) 'hello_airflow' retrieved from /opt/airflow/dags/hello_airflow.py
[2026-01-21T07:07:37.606+0000] {logging_mixin.py:190} INFO - [2026-01-21T07:07:37.605+0000] {dag.py:3239} INFO - Sync 1 DAGs
[2026-01-21T07:07:37.662+0000] {logging_mixin.py:190} INFO - [2026-01-21T07:07:37.661+0000] {dag.py:4180} INFO - Setting next_dagrun for hello_airflow to 2026-01-21 07:06:00+00:00, run_after=2026-01-21 07:07:00+00:00
[2026-01-21T07:07:37.692+0000] {processor.py:208} INFO - Processing /opt/airflow/dags/hello_airflow.py took 0.163 seconds
[2026-01-21T07:08:09.161+0000] {processor.py:186} INFO - Started process (PID=633) to work on /opt/airflow/dags/hello_airflow.py
[2026-01-21T07:08:09.163+0000] {processor.py:914} INFO - Processing file /opt/airflow/dags/hello_airflow.py for tasks to queue
[2026-01-21T07:08:09.167+0000] {logging_mixin.py:190} INFO - [2026-01-21T07:08:09.167+0000] {dagbag.py:588} INFO - Filling up the DagBag from /opt/airflow/dags/hello_airflow.py
[2026-01-21T07:08:09.182+0000] {processor.py:925} INFO - DAG(s) 'hello_airflow' retrieved from /opt/airflow/dags/hello_airflow.py
[2026-01-21T07:08:09.217+0000] {logging_mixin.py:190} INFO - [2026-01-21T07:08:09.217+0000] {dag.py:3239} INFO - Sync 1 DAGs
[2026-01-21T07:08:09.261+0000] {logging_mixin.py:190} INFO - [2026-01-21T07:08:09.261+0000] {dag.py:4180} INFO - Setting next_dagrun for hello_airflow to 2026-01-21 07:07:00+00:00, run_after=2026-01-21 07:08:00+00:00
[2026-01-21T07:08:09.301+0000] {processor.py:208} INFO - Processing /opt/airflow/dags/hello_airflow.py took 0.152 seconds
[2026-01-21T07:08:40.390+0000] {processor.py:186} INFO - Started process (PID=657) to work on /opt/airflow/dags/hello_airflow.py
[2026-01-21T07:08:40.391+0000] {processor.py:914} INFO - Processing file /opt/airflow/dags/hello_airflow.py for tasks to queue
[2026-01-21T07:08:40.400+0000] {logging_mixin.py:190} INFO - [2026-01-21T07:08:40.396+0000] {dagbag.py:588} INFO - Filling up the DagBag from /opt/airflow/dags/hello_airflow.py
[2026-01-21T07:08:40.419+0000] {processor.py:925} INFO - DAG(s) 'hello_airflow' retrieved from /opt/airflow/dags/hello_airflow.py
[2026-01-21T07:08:40.460+0000] {logging_mixin.py:190} INFO - [2026-01-21T07:08:40.460+0000] {dag.py:3239} INFO - Sync 1 DAGs
[2026-01-21T07:08:40.513+0000] {logging_mixin.py:190} INFO - [2026-01-21T07:08:40.513+0000] {dag.py:4180} INFO - Setting next_dagrun for hello_airflow to 2026-01-21 07:07:00+00:00, run_after=2026-01-21 07:08:00+00:00
[2026-01-21T07:08:40.538+0000] {processor.py:208} INFO - Processing /opt/airflow/dags/hello_airflow.py took 0.160 seconds
[2026-01-21T07:09:11.785+0000] {processor.py:186} INFO - Started process (PID=681) to work on /opt/airflow/dags/hello_airflow.py
[2026-01-21T07:09:11.786+0000] {processor.py:914} INFO - Processing file /opt/airflow/dags/hello_airflow.py for tasks to queue
[2026-01-21T07:09:11.789+0000] {logging_mixin.py:190} INFO - [2026-01-21T07:09:11.789+0000] {dagbag.py:588} INFO - Filling up the DagBag from /opt/airflow/dags/hello_airflow.py
[2026-01-21T07:09:11.809+0000] {processor.py:925} INFO - DAG(s) 'hello_airflow' retrieved from /opt/airflow/dags/hello_airflow.py
[2026-01-21T07:09:11.854+0000] {logging_mixin.py:190} INFO - [2026-01-21T07:09:11.854+0000] {dag.py:3239} INFO - Sync 1 DAGs
[2026-01-21T07:09:11.912+0000] {logging_mixin.py:190} INFO - [2026-01-21T07:09:11.911+0000] {dag.py:4180} INFO - Setting next_dagrun for hello_airflow to 2026-01-21 07:08:00+00:00, run_after=2026-01-21 07:09:00+00:00
[2026-01-21T07:09:11.941+0000] {processor.py:208} INFO - Processing /opt/airflow/dags/hello_airflow.py took 0.170 seconds
[2026-01-21T07:09:43.305+0000] {processor.py:186} INFO - Started process (PID=713) to work on /opt/airflow/dags/hello_airflow.py
[2026-01-21T07:09:43.308+0000] {processor.py:914} INFO - Processing file /opt/airflow/dags/hello_airflow.py for tasks to queue
[2026-01-21T07:09:43.312+0000] {logging_mixin.py:190} INFO - [2026-01-21T07:09:43.311+0000] {dagbag.py:588} INFO - Filling up the DagBag from /opt/airflow/dags/hello_airflow.py
[2026-01-21T07:09:43.332+0000] {processor.py:925} INFO - DAG(s) 'hello_airflow' retrieved from /opt/airflow/dags/hello_airflow.py
[2026-01-21T07:09:43.373+0000] {logging_mixin.py:190} INFO - [2026-01-21T07:09:43.372+0000] {dag.py:3239} INFO - Sync 1 DAGs
[2026-01-21T07:09:43.431+0000] {logging_mixin.py:190} INFO - [2026-01-21T07:09:43.431+0000] {dag.py:4180} INFO - Setting next_dagrun for hello_airflow to 2026-01-21 07:08:00+00:00, run_after=2026-01-21 07:09:00+00:00
[2026-01-21T07:09:43.455+0000] {processor.py:208} INFO - Processing /opt/airflow/dags/hello_airflow.py took 0.162 seconds
[2026-01-21T07:10:14.803+0000] {processor.py:186} INFO - Started process (PID=737) to work on /opt/airflow/dags/hello_airflow.py
[2026-01-21T07:10:14.807+0000] {processor.py:914} INFO - Processing file /opt/airflow/dags/hello_airflow.py for tasks to queue
[2026-01-21T07:10:14.812+0000] {logging_mixin.py:190} INFO - [2026-01-21T07:10:14.811+0000] {dagbag.py:588} INFO - Filling up the DagBag from /opt/airflow/dags/hello_airflow.py
[2026-01-21T07:10:14.832+0000] {processor.py:925} INFO - DAG(s) 'hello_airflow' retrieved from /opt/airflow/dags/hello_airflow.py
[2026-01-21T07:10:14.870+0000] {logging_mixin.py:190} INFO - [2026-01-21T07:10:14.869+0000] {dag.py:3239} INFO - Sync 1 DAGs
[2026-01-21T07:10:14.917+0000] {logging_mixin.py:190} INFO - [2026-01-21T07:10:14.917+0000] {dag.py:4180} INFO - Setting next_dagrun for hello_airflow to 2026-01-21 07:09:00+00:00, run_after=2026-01-21 07:10:00+00:00
[2026-01-21T07:10:14.952+0000] {processor.py:208} INFO - Processing /opt/airflow/dags/hello_airflow.py took 0.160 seconds
[2026-01-21T07:10:46.324+0000] {processor.py:186} INFO - Started process (PID=761) to work on /opt/airflow/dags/hello_airflow.py
[2026-01-21T07:10:46.325+0000] {processor.py:914} INFO - Processing file /opt/airflow/dags/hello_airflow.py for tasks to queue
[2026-01-21T07:10:46.328+0000] {logging_mixin.py:190} INFO - [2026-01-21T07:10:46.328+0000] {dagbag.py:588} INFO - Filling up the DagBag from /opt/airflow/dags/hello_airflow.py
[2026-01-21T07:10:46.339+0000] {processor.py:925} INFO - DAG(s) 'hello_airflow' retrieved from /opt/airflow/dags/hello_airflow.py
[2026-01-21T07:10:46.363+0000] {logging_mixin.py:190} INFO - [2026-01-21T07:10:46.363+0000] {dag.py:3239} INFO - Sync 1 DAGs
[2026-01-21T07:10:46.399+0000] {logging_mixin.py:190} INFO - [2026-01-21T07:10:46.399+0000] {dag.py:4180} INFO - Setting next_dagrun for hello_airflow to 2026-01-21 07:09:00+00:00, run_after=2026-01-21 07:10:00+00:00
[2026-01-21T07:10:46.419+0000] {processor.py:208} INFO - Processing /opt/airflow/dags/hello_airflow.py took 0.103 seconds
[2026-01-21T07:11:17.277+0000] {processor.py:186} INFO - Started process (PID=785) to work on /opt/airflow/dags/hello_airflow.py
[2026-01-21T07:11:17.278+0000] {processor.py:914} INFO - Processing file /opt/airflow/dags/hello_airflow.py for tasks to queue
[2026-01-21T07:11:17.280+0000] {logging_mixin.py:190} INFO - [2026-01-21T07:11:17.280+0000] {dagbag.py:588} INFO - Filling up the DagBag from /opt/airflow/dags/hello_airflow.py
[2026-01-21T07:11:17.294+0000] {processor.py:925} INFO - DAG(s) 'hello_airflow' retrieved from /opt/airflow/dags/hello_airflow.py
[2026-01-21T07:11:17.325+0000] {logging_mixin.py:190} INFO - [2026-01-21T07:11:17.325+0000] {dag.py:3239} INFO - Sync 1 DAGs
[2026-01-21T07:11:17.359+0000] {logging_mixin.py:190} INFO - [2026-01-21T07:11:17.358+0000] {dag.py:4180} INFO - Setting next_dagrun for hello_airflow to 2026-01-21 07:10:00+00:00, run_after=2026-01-21 07:11:00+00:00
[2026-01-21T07:11:17.377+0000] {processor.py:208} INFO - Processing /opt/airflow/dags/hello_airflow.py took 0.107 seconds
[2026-01-21T07:11:48.379+0000] {processor.py:186} INFO - Started process (PID=809) to work on /opt/airflow/dags/hello_airflow.py
[2026-01-21T07:11:48.380+0000] {processor.py:914} INFO - Processing file /opt/airflow/dags/hello_airflow.py for tasks to queue
[2026-01-21T07:11:48.383+0000] {logging_mixin.py:190} INFO - [2026-01-21T07:11:48.382+0000] {dagbag.py:588} INFO - Filling up the DagBag from /opt/airflow/dags/hello_airflow.py
[2026-01-21T07:11:48.404+0000] {processor.py:925} INFO - DAG(s) 'hello_airflow' retrieved from /opt/airflow/dags/hello_airflow.py
[2026-01-21T07:11:48.448+0000] {logging_mixin.py:190} INFO - [2026-01-21T07:11:48.447+0000] {dag.py:3239} INFO - Sync 1 DAGs
[2026-01-21T07:11:48.506+0000] {logging_mixin.py:190} INFO - [2026-01-21T07:11:48.506+0000] {dag.py:4180} INFO - Setting next_dagrun for hello_airflow to 2026-01-21 07:10:00+00:00, run_after=2026-01-21 07:11:00+00:00
[2026-01-21T07:11:48.554+0000] {processor.py:208} INFO - Processing /opt/airflow/dags/hello_airflow.py took 0.183 seconds
[2026-01-21T07:12:19.191+0000] {processor.py:186} INFO - Started process (PID=833) to work on /opt/airflow/dags/hello_airflow.py
[2026-01-21T07:12:19.192+0000] {processor.py:914} INFO - Processing file /opt/airflow/dags/hello_airflow.py for tasks to queue
[2026-01-21T07:12:19.195+0000] {logging_mixin.py:190} INFO - [2026-01-21T07:12:19.195+0000] {dagbag.py:588} INFO - Filling up the DagBag from /opt/airflow/dags/hello_airflow.py
[2026-01-21T07:12:19.213+0000] {processor.py:925} INFO - DAG(s) 'hello_airflow' retrieved from /opt/airflow/dags/hello_airflow.py
[2026-01-21T07:12:19.242+0000] {logging_mixin.py:190} INFO - [2026-01-21T07:12:19.241+0000] {dag.py:3239} INFO - Sync 1 DAGs
[2026-01-21T07:12:19.285+0000] {logging_mixin.py:190} INFO - [2026-01-21T07:12:19.285+0000] {dag.py:4180} INFO - Setting next_dagrun for hello_airflow to 2026-01-21 07:11:00+00:00, run_after=2026-01-21 07:12:00+00:00
[2026-01-21T07:12:19.306+0000] {processor.py:208} INFO - Processing /opt/airflow/dags/hello_airflow.py took 0.127 seconds
[2026-01-21T07:12:50.157+0000] {processor.py:186} INFO - Started process (PID=857) to work on /opt/airflow/dags/hello_airflow.py
[2026-01-21T07:12:50.158+0000] {processor.py:914} INFO - Processing file /opt/airflow/dags/hello_airflow.py for tasks to queue
[2026-01-21T07:12:50.160+0000] {logging_mixin.py:190} INFO - [2026-01-21T07:12:50.160+0000] {dagbag.py:588} INFO - Filling up the DagBag from /opt/airflow/dags/hello_airflow.py
[2026-01-21T07:12:50.174+0000] {processor.py:925} INFO - DAG(s) 'hello_airflow' retrieved from /opt/airflow/dags/hello_airflow.py
[2026-01-21T07:12:50.223+0000] {logging_mixin.py:190} INFO - [2026-01-21T07:12:50.223+0000] {dag.py:3239} INFO - Sync 1 DAGs
[2026-01-21T07:12:50.277+0000] {logging_mixin.py:190} INFO - [2026-01-21T07:12:50.276+0000] {dag.py:4180} INFO - Setting next_dagrun for hello_airflow to 2026-01-21 07:11:00+00:00, run_after=2026-01-21 07:12:00+00:00
[2026-01-21T07:12:50.309+0000] {processor.py:208} INFO - Processing /opt/airflow/dags/hello_airflow.py took 0.159 seconds
[2026-01-21T07:13:21.062+0000] {processor.py:186} INFO - Started process (PID=881) to work on /opt/airflow/dags/hello_airflow.py
[2026-01-21T07:13:21.064+0000] {processor.py:914} INFO - Processing file /opt/airflow/dags/hello_airflow.py for tasks to queue
[2026-01-21T07:13:21.067+0000] {logging_mixin.py:190} INFO - [2026-01-21T07:13:21.067+0000] {dagbag.py:588} INFO - Filling up the DagBag from /opt/airflow/dags/hello_airflow.py
[2026-01-21T07:13:21.083+0000] {processor.py:925} INFO - DAG(s) 'hello_airflow' retrieved from /opt/airflow/dags/hello_airflow.py
[2026-01-21T07:13:21.131+0000] {logging_mixin.py:190} INFO - [2026-01-21T07:13:21.131+0000] {dag.py:3239} INFO - Sync 1 DAGs
[2026-01-21T07:13:21.171+0000] {logging_mixin.py:190} INFO - [2026-01-21T07:13:21.169+0000] {dag.py:4180} INFO - Setting next_dagrun for hello_airflow to 2026-01-21 07:12:00+00:00, run_after=2026-01-21 07:13:00+00:00
[2026-01-21T07:13:21.204+0000] {processor.py:208} INFO - Processing /opt/airflow/dags/hello_airflow.py took 0.151 seconds
[2026-01-21T07:13:52.031+0000] {processor.py:186} INFO - Started process (PID=905) to work on /opt/airflow/dags/hello_airflow.py
[2026-01-21T07:13:52.032+0000] {processor.py:914} INFO - Processing file /opt/airflow/dags/hello_airflow.py for tasks to queue
[2026-01-21T07:13:52.035+0000] {logging_mixin.py:190} INFO - [2026-01-21T07:13:52.035+0000] {dagbag.py:588} INFO - Filling up the DagBag from /opt/airflow/dags/hello_airflow.py
[2026-01-21T07:13:52.046+0000] {processor.py:925} INFO - DAG(s) 'hello_airflow' retrieved from /opt/airflow/dags/hello_airflow.py
[2026-01-21T07:13:52.076+0000] {logging_mixin.py:190} INFO - [2026-01-21T07:13:52.076+0000] {dag.py:3239} INFO - Sync 1 DAGs
[2026-01-21T07:13:52.109+0000] {logging_mixin.py:190} INFO - [2026-01-21T07:13:52.109+0000] {dag.py:4180} INFO - Setting next_dagrun for hello_airflow to 2026-01-21 07:12:00+00:00, run_after=2026-01-21 07:13:00+00:00
[2026-01-21T07:13:52.130+0000] {processor.py:208} INFO - Processing /opt/airflow/dags/hello_airflow.py took 0.108 seconds
[2026-01-21T07:14:23.063+0000] {processor.py:186} INFO - Started process (PID=929) to work on /opt/airflow/dags/hello_airflow.py
[2026-01-21T07:14:23.064+0000] {processor.py:914} INFO - Processing file /opt/airflow/dags/hello_airflow.py for tasks to queue
[2026-01-21T07:14:23.067+0000] {logging_mixin.py:190} INFO - [2026-01-21T07:14:23.066+0000] {dagbag.py:588} INFO - Filling up the DagBag from /opt/airflow/dags/hello_airflow.py
[2026-01-21T07:14:23.080+0000] {processor.py:925} INFO - DAG(s) 'hello_airflow' retrieved from /opt/airflow/dags/hello_airflow.py
[2026-01-21T07:14:23.107+0000] {logging_mixin.py:190} INFO - [2026-01-21T07:14:23.107+0000] {dag.py:3239} INFO - Sync 1 DAGs
[2026-01-21T07:14:23.136+0000] {logging_mixin.py:190} INFO - [2026-01-21T07:14:23.136+0000] {dag.py:4180} INFO - Setting next_dagrun for hello_airflow to 2026-01-21 07:13:00+00:00, run_after=2026-01-21 07:14:00+00:00
[2026-01-21T07:14:23.159+0000] {processor.py:208} INFO - Processing /opt/airflow/dags/hello_airflow.py took 0.104 seconds
[2026-01-21T07:14:54.203+0000] {processor.py:186} INFO - Started process (PID=954) to work on /opt/airflow/dags/hello_airflow.py
[2026-01-21T07:14:54.205+0000] {processor.py:914} INFO - Processing file /opt/airflow/dags/hello_airflow.py for tasks to queue
[2026-01-21T07:14:54.212+0000] {logging_mixin.py:190} INFO - [2026-01-21T07:14:54.209+0000] {dagbag.py:588} INFO - Filling up the DagBag from /opt/airflow/dags/hello_airflow.py
[2026-01-21T07:14:54.245+0000] {processor.py:925} INFO - DAG(s) 'hello_airflow' retrieved from /opt/airflow/dags/hello_airflow.py
[2026-01-21T07:14:54.301+0000] {logging_mixin.py:190} INFO - [2026-01-21T07:14:54.300+0000] {dag.py:3239} INFO - Sync 1 DAGs
[2026-01-21T07:14:54.341+0000] {logging_mixin.py:190} INFO - [2026-01-21T07:14:54.341+0000] {dag.py:4180} INFO - Setting next_dagrun for hello_airflow to 2026-01-21 07:13:00+00:00, run_after=2026-01-21 07:14:00+00:00
[2026-01-21T07:14:54.369+0000] {processor.py:208} INFO - Processing /opt/airflow/dags/hello_airflow.py took 0.183 seconds
[2026-01-21T07:15:25.137+0000] {processor.py:186} INFO - Started process (PID=978) to work on /opt/airflow/dags/hello_airflow.py
[2026-01-21T07:15:25.138+0000] {processor.py:914} INFO - Processing file /opt/airflow/dags/hello_airflow.py for tasks to queue
[2026-01-21T07:15:25.140+0000] {logging_mixin.py:190} INFO - [2026-01-21T07:15:25.140+0000] {dagbag.py:588} INFO - Filling up the DagBag from /opt/airflow/dags/hello_airflow.py
[2026-01-21T07:15:25.152+0000] {processor.py:925} INFO - DAG(s) 'hello_airflow' retrieved from /opt/airflow/dags/hello_airflow.py
[2026-01-21T07:15:25.176+0000] {logging_mixin.py:190} INFO - [2026-01-21T07:15:25.176+0000] {dag.py:3239} INFO - Sync 1 DAGs
[2026-01-21T07:15:25.206+0000] {logging_mixin.py:190} INFO - [2026-01-21T07:15:25.206+0000] {dag.py:4180} INFO - Setting next_dagrun for hello_airflow to 2026-01-21 07:14:00+00:00, run_after=2026-01-21 07:15:00+00:00
[2026-01-21T07:15:25.227+0000] {processor.py:208} INFO - Processing /opt/airflow/dags/hello_airflow.py took 0.096 seconds
[2026-01-21T07:15:55.854+0000] {processor.py:186} INFO - Started process (PID=1003) to work on /opt/airflow/dags/hello_airflow.py
[2026-01-21T07:15:55.865+0000] {processor.py:914} INFO - Processing file /opt/airflow/dags/hello_airflow.py for tasks to queue
[2026-01-21T07:15:55.869+0000] {logging_mixin.py:190} INFO - [2026-01-21T07:15:55.868+0000] {dagbag.py:588} INFO - Filling up the DagBag from /opt/airflow/dags/hello_airflow.py
[2026-01-21T07:15:55.902+0000] {processor.py:925} INFO - DAG(s) 'hello_airflow' retrieved from /opt/airflow/dags/hello_airflow.py
[2026-01-21T07:15:55.977+0000] {logging_mixin.py:190} INFO - [2026-01-21T07:15:55.976+0000] {dag.py:3239} INFO - Sync 1 DAGs
[2026-01-21T07:15:56.032+0000] {logging_mixin.py:190} INFO - [2026-01-21T07:15:56.032+0000] {dag.py:4180} INFO - Setting next_dagrun for hello_airflow to 2026-01-21 07:14:00+00:00, run_after=2026-01-21 07:15:00+00:00
[2026-01-21T07:15:56.053+0000] {processor.py:208} INFO - Processing /opt/airflow/dags/hello_airflow.py took 0.210 seconds
[2026-01-21T07:16:27.039+0000] {processor.py:186} INFO - Started process (PID=1027) to work on /opt/airflow/dags/hello_airflow.py
[2026-01-21T07:16:27.040+0000] {processor.py:914} INFO - Processing file /opt/airflow/dags/hello_airflow.py for tasks to queue
[2026-01-21T07:16:27.043+0000] {logging_mixin.py:190} INFO - [2026-01-21T07:16:27.042+0000] {dagbag.py:588} INFO - Filling up the DagBag from /opt/airflow/dags/hello_airflow.py
[2026-01-21T07:16:27.055+0000] {processor.py:925} INFO - DAG(s) 'hello_airflow' retrieved from /opt/airflow/dags/hello_airflow.py
[2026-01-21T07:16:27.088+0000] {logging_mixin.py:190} INFO - [2026-01-21T07:16:27.087+0000] {dag.py:3239} INFO - Sync 1 DAGs
[2026-01-21T07:16:27.121+0000] {logging_mixin.py:190} INFO - [2026-01-21T07:16:27.121+0000] {dag.py:4180} INFO - Setting next_dagrun for hello_airflow to 2026-01-21 07:15:00+00:00, run_after=2026-01-21 07:16:00+00:00
[2026-01-21T07:16:27.140+0000] {processor.py:208} INFO - Processing /opt/airflow/dags/hello_airflow.py took 0.110 seconds
[2026-01-21T07:16:57.992+0000] {processor.py:186} INFO - Started process (PID=1051) to work on /opt/airflow/dags/hello_airflow.py
[2026-01-21T07:16:57.994+0000] {processor.py:914} INFO - Processing file /opt/airflow/dags/hello_airflow.py for tasks to queue
[2026-01-21T07:16:57.998+0000] {logging_mixin.py:190} INFO - [2026-01-21T07:16:57.998+0000] {dagbag.py:588} INFO - Filling up the DagBag from /opt/airflow/dags/hello_airflow.py
[2026-01-21T07:16:58.014+0000] {processor.py:925} INFO - DAG(s) 'hello_airflow' retrieved from /opt/airflow/dags/hello_airflow.py
[2026-01-21T07:16:58.041+0000] {logging_mixin.py:190} INFO - [2026-01-21T07:16:58.041+0000] {dag.py:3239} INFO - Sync 1 DAGs
[2026-01-21T07:16:58.079+0000] {logging_mixin.py:190} INFO - [2026-01-21T07:16:58.079+0000] {dag.py:4180} INFO - Setting next_dagrun for hello_airflow to 2026-01-21 07:15:00+00:00, run_after=2026-01-21 07:16:00+00:00
[2026-01-21T07:16:58.102+0000] {processor.py:208} INFO - Processing /opt/airflow/dags/hello_airflow.py took 0.116 seconds
[2026-01-21T07:17:29.587+0000] {processor.py:186} INFO - Started process (PID=1076) to work on /opt/airflow/dags/hello_airflow.py
[2026-01-21T07:17:29.588+0000] {processor.py:914} INFO - Processing file /opt/airflow/dags/hello_airflow.py for tasks to queue
[2026-01-21T07:17:29.591+0000] {logging_mixin.py:190} INFO - [2026-01-21T07:17:29.590+0000] {dagbag.py:588} INFO - Filling up the DagBag from /opt/airflow/dags/hello_airflow.py
[2026-01-21T07:17:29.600+0000] {processor.py:925} INFO - DAG(s) 'hello_airflow' retrieved from /opt/airflow/dags/hello_airflow.py
[2026-01-21T07:17:29.629+0000] {logging_mixin.py:190} INFO - [2026-01-21T07:17:29.629+0000] {dag.py:3239} INFO - Sync 1 DAGs
[2026-01-21T07:17:29.666+0000] {logging_mixin.py:190} INFO - [2026-01-21T07:17:29.665+0000] {dag.py:4180} INFO - Setting next_dagrun for hello_airflow to 2026-01-21 07:16:00+00:00, run_after=2026-01-21 07:17:00+00:00
[2026-01-21T07:17:29.686+0000] {processor.py:208} INFO - Processing /opt/airflow/dags/hello_airflow.py took 0.107 seconds
[2026-01-21T07:18:00.497+0000] {processor.py:186} INFO - Started process (PID=1100) to work on /opt/airflow/dags/hello_airflow.py
[2026-01-21T07:18:00.498+0000] {processor.py:914} INFO - Processing file /opt/airflow/dags/hello_airflow.py for tasks to queue
[2026-01-21T07:18:00.500+0000] {logging_mixin.py:190} INFO - [2026-01-21T07:18:00.500+0000] {dagbag.py:588} INFO - Filling up the DagBag from /opt/airflow/dags/hello_airflow.py
[2026-01-21T07:18:00.513+0000] {processor.py:925} INFO - DAG(s) 'hello_airflow' retrieved from /opt/airflow/dags/hello_airflow.py
[2026-01-21T07:18:00.540+0000] {logging_mixin.py:190} INFO - [2026-01-21T07:18:00.540+0000] {dag.py:3239} INFO - Sync 1 DAGs
[2026-01-21T07:18:00.568+0000] {logging_mixin.py:190} INFO - [2026-01-21T07:18:00.568+0000] {dag.py:4180} INFO - Setting next_dagrun for hello_airflow to 2026-01-21 07:17:00+00:00, run_after=2026-01-21 07:18:00+00:00
[2026-01-21T07:18:00.591+0000] {processor.py:208} INFO - Processing /opt/airflow/dags/hello_airflow.py took 0.101 seconds
[2026-01-21T07:18:31.415+0000] {processor.py:186} INFO - Started process (PID=1125) to work on /opt/airflow/dags/hello_airflow.py
[2026-01-21T07:18:31.417+0000] {processor.py:914} INFO - Processing file /opt/airflow/dags/hello_airflow.py for tasks to queue
[2026-01-21T07:18:31.421+0000] {logging_mixin.py:190} INFO - [2026-01-21T07:18:31.420+0000] {dagbag.py:588} INFO - Filling up the DagBag from /opt/airflow/dags/hello_airflow.py
[2026-01-21T07:18:31.435+0000] {processor.py:925} INFO - DAG(s) 'hello_airflow' retrieved from /opt/airflow/dags/hello_airflow.py
[2026-01-21T07:18:31.471+0000] {logging_mixin.py:190} INFO - [2026-01-21T07:18:31.471+0000] {dag.py:3239} INFO - Sync 1 DAGs
[2026-01-21T07:18:31.517+0000] {logging_mixin.py:190} INFO - [2026-01-21T07:18:31.516+0000] {dag.py:4180} INFO - Setting next_dagrun for hello_airflow to 2026-01-21 07:17:00+00:00, run_after=2026-01-21 07:18:00+00:00
[2026-01-21T07:18:31.544+0000] {processor.py:208} INFO - Processing /opt/airflow/dags/hello_airflow.py took 0.137 seconds
[2026-01-21T07:19:02.330+0000] {processor.py:186} INFO - Started process (PID=1149) to work on /opt/airflow/dags/hello_airflow.py
[2026-01-21T07:19:02.331+0000] {processor.py:914} INFO - Processing file /opt/airflow/dags/hello_airflow.py for tasks to queue
[2026-01-21T07:19:02.333+0000] {logging_mixin.py:190} INFO - [2026-01-21T07:19:02.333+0000] {dagbag.py:588} INFO - Filling up the DagBag from /opt/airflow/dags/hello_airflow.py
[2026-01-21T07:19:02.343+0000] {processor.py:925} INFO - DAG(s) 'hello_airflow' retrieved from /opt/airflow/dags/hello_airflow.py
[2026-01-21T07:19:02.371+0000] {logging_mixin.py:190} INFO - [2026-01-21T07:19:02.371+0000] {dag.py:3239} INFO - Sync 1 DAGs
[2026-01-21T07:19:02.411+0000] {logging_mixin.py:190} INFO - [2026-01-21T07:19:02.411+0000] {dag.py:4180} INFO - Setting next_dagrun for hello_airflow to 2026-01-21 07:18:00+00:00, run_after=2026-01-21 07:19:00+00:00
[2026-01-21T07:19:02.432+0000] {processor.py:208} INFO - Processing /opt/airflow/dags/hello_airflow.py took 0.107 seconds
[2026-01-21T07:19:33.098+0000] {processor.py:186} INFO - Started process (PID=1174) to work on /opt/airflow/dags/hello_airflow.py
[2026-01-21T07:19:33.099+0000] {processor.py:914} INFO - Processing file /opt/airflow/dags/hello_airflow.py for tasks to queue
[2026-01-21T07:19:33.101+0000] {logging_mixin.py:190} INFO - [2026-01-21T07:19:33.101+0000] {dagbag.py:588} INFO - Filling up the DagBag from /opt/airflow/dags/hello_airflow.py
[2026-01-21T07:19:33.115+0000] {processor.py:925} INFO - DAG(s) 'hello_airflow' retrieved from /opt/airflow/dags/hello_airflow.py
[2026-01-21T07:19:33.143+0000] {logging_mixin.py:190} INFO - [2026-01-21T07:19:33.142+0000] {dag.py:3239} INFO - Sync 1 DAGs
[2026-01-21T07:19:33.174+0000] {logging_mixin.py:190} INFO - [2026-01-21T07:19:33.174+0000] {dag.py:4180} INFO - Setting next_dagrun for hello_airflow to 2026-01-21 07:18:00+00:00, run_after=2026-01-21 07:19:00+00:00
[2026-01-21T07:19:33.198+0000] {processor.py:208} INFO - Processing /opt/airflow/dags/hello_airflow.py took 0.106 seconds
[2026-01-21T07:20:03.914+0000] {processor.py:186} INFO - Started process (PID=1199) to work on /opt/airflow/dags/hello_airflow.py
[2026-01-21T07:20:03.915+0000] {processor.py:914} INFO - Processing file /opt/airflow/dags/hello_airflow.py for tasks to queue
[2026-01-21T07:20:03.917+0000] {logging_mixin.py:190} INFO - [2026-01-21T07:20:03.917+0000] {dagbag.py:588} INFO - Filling up the DagBag from /opt/airflow/dags/hello_airflow.py
[2026-01-21T07:20:03.928+0000] {processor.py:925} INFO - DAG(s) 'hello_airflow' retrieved from /opt/airflow/dags/hello_airflow.py
[2026-01-21T07:20:03.954+0000] {logging_mixin.py:190} INFO - [2026-01-21T07:20:03.954+0000] {dag.py:3239} INFO - Sync 1 DAGs
[2026-01-21T07:20:03.992+0000] {logging_mixin.py:190} INFO - [2026-01-21T07:20:03.991+0000] {dag.py:4180} INFO - Setting next_dagrun for hello_airflow to 2026-01-21 07:19:00+00:00, run_after=2026-01-21 07:20:00+00:00
[2026-01-21T07:20:04.013+0000] {processor.py:208} INFO - Processing /opt/airflow/dags/hello_airflow.py took 0.106 seconds
[2026-01-21T07:20:34.734+0000] {processor.py:186} INFO - Started process (PID=1223) to work on /opt/airflow/dags/hello_airflow.py
[2026-01-21T07:20:34.736+0000] {processor.py:914} INFO - Processing file /opt/airflow/dags/hello_airflow.py for tasks to queue
[2026-01-21T07:20:34.739+0000] {logging_mixin.py:190} INFO - [2026-01-21T07:20:34.739+0000] {dagbag.py:588} INFO - Filling up the DagBag from /opt/airflow/dags/hello_airflow.py
[2026-01-21T07:20:34.751+0000] {processor.py:925} INFO - DAG(s) 'hello_airflow' retrieved from /opt/airflow/dags/hello_airflow.py
[2026-01-21T07:20:34.780+0000] {logging_mixin.py:190} INFO - [2026-01-21T07:20:34.780+0000] {dag.py:3239} INFO - Sync 1 DAGs
[2026-01-21T07:20:34.814+0000] {logging_mixin.py:190} INFO - [2026-01-21T07:20:34.814+0000] {dag.py:4180} INFO - Setting next_dagrun for hello_airflow to 2026-01-21 07:19:00+00:00, run_after=2026-01-21 07:20:00+00:00
[2026-01-21T07:20:34.835+0000] {processor.py:208} INFO - Processing /opt/airflow/dags/hello_airflow.py took 0.106 seconds
[2026-01-21T07:21:05.461+0000] {processor.py:186} INFO - Started process (PID=1248) to work on /opt/airflow/dags/hello_airflow.py
[2026-01-21T07:21:05.463+0000] {processor.py:914} INFO - Processing file /opt/airflow/dags/hello_airflow.py for tasks to queue
[2026-01-21T07:21:05.465+0000] {logging_mixin.py:190} INFO - [2026-01-21T07:21:05.465+0000] {dagbag.py:588} INFO - Filling up the DagBag from /opt/airflow/dags/hello_airflow.py
[2026-01-21T07:21:05.476+0000] {processor.py:925} INFO - DAG(s) 'hello_airflow' retrieved from /opt/airflow/dags/hello_airflow.py
[2026-01-21T07:21:05.502+0000] {logging_mixin.py:190} INFO - [2026-01-21T07:21:05.502+0000] {dag.py:3239} INFO - Sync 1 DAGs
[2026-01-21T07:21:05.540+0000] {logging_mixin.py:190} INFO - [2026-01-21T07:21:05.540+0000] {dag.py:4180} INFO - Setting next_dagrun for hello_airflow to 2026-01-21 07:20:00+00:00, run_after=2026-01-21 07:21:00+00:00
[2026-01-21T07:21:05.561+0000] {processor.py:208} INFO - Processing /opt/airflow/dags/hello_airflow.py took 0.106 seconds
[2026-01-21T07:21:36.358+0000] {processor.py:186} INFO - Started process (PID=1272) to work on /opt/airflow/dags/hello_airflow.py
[2026-01-21T07:21:36.359+0000] {processor.py:914} INFO - Processing file /opt/airflow/dags/hello_airflow.py for tasks to queue
[2026-01-21T07:21:36.362+0000] {logging_mixin.py:190} INFO - [2026-01-21T07:21:36.361+0000] {dagbag.py:588} INFO - Filling up the DagBag from /opt/airflow/dags/hello_airflow.py
[2026-01-21T07:21:36.373+0000] {processor.py:925} INFO - DAG(s) 'hello_airflow' retrieved from /opt/airflow/dags/hello_airflow.py
[2026-01-21T07:21:36.398+0000] {logging_mixin.py:190} INFO - [2026-01-21T07:21:36.398+0000] {dag.py:3239} INFO - Sync 1 DAGs
[2026-01-21T07:21:36.438+0000] {logging_mixin.py:190} INFO - [2026-01-21T07:21:36.438+0000] {dag.py:4180} INFO - Setting next_dagrun for hello_airflow to 2026-01-21 07:20:00+00:00, run_after=2026-01-21 07:21:00+00:00
[2026-01-21T07:21:36.459+0000] {processor.py:208} INFO - Processing /opt/airflow/dags/hello_airflow.py took 0.111 seconds
[2026-01-21T07:22:07.126+0000] {processor.py:186} INFO - Started process (PID=1296) to work on /opt/airflow/dags/hello_airflow.py
[2026-01-21T07:22:07.127+0000] {processor.py:914} INFO - Processing file /opt/airflow/dags/hello_airflow.py for tasks to queue
[2026-01-21T07:22:07.129+0000] {logging_mixin.py:190} INFO - [2026-01-21T07:22:07.128+0000] {dagbag.py:588} INFO - Filling up the DagBag from /opt/airflow/dags/hello_airflow.py
[2026-01-21T07:22:07.140+0000] {processor.py:925} INFO - DAG(s) 'hello_airflow' retrieved from /opt/airflow/dags/hello_airflow.py
[2026-01-21T07:22:07.171+0000] {logging_mixin.py:190} INFO - [2026-01-21T07:22:07.171+0000] {dag.py:3239} INFO - Sync 1 DAGs
[2026-01-21T07:22:07.214+0000] {logging_mixin.py:190} INFO - [2026-01-21T07:22:07.213+0000] {dag.py:4180} INFO - Setting next_dagrun for hello_airflow to 2026-01-21 07:21:00+00:00, run_after=2026-01-21 07:22:00+00:00
[2026-01-21T07:22:07.246+0000] {processor.py:208} INFO - Processing /opt/airflow/dags/hello_airflow.py took 0.127 seconds
[2026-01-21T07:22:37.877+0000] {processor.py:186} INFO - Started process (PID=1320) to work on /opt/airflow/dags/hello_airflow.py
[2026-01-21T07:22:37.879+0000] {processor.py:914} INFO - Processing file /opt/airflow/dags/hello_airflow.py for tasks to queue
[2026-01-21T07:22:37.882+0000] {logging_mixin.py:190} INFO - [2026-01-21T07:22:37.882+0000] {dagbag.py:588} INFO - Filling up the DagBag from /opt/airflow/dags/hello_airflow.py
[2026-01-21T07:22:37.892+0000] {processor.py:925} INFO - DAG(s) 'hello_airflow' retrieved from /opt/airflow/dags/hello_airflow.py
[2026-01-21T07:22:37.919+0000] {logging_mixin.py:190} INFO - [2026-01-21T07:22:37.918+0000] {dag.py:3239} INFO - Sync 1 DAGs
[2026-01-21T07:22:37.952+0000] {logging_mixin.py:190} INFO - [2026-01-21T07:22:37.951+0000] {dag.py:4180} INFO - Setting next_dagrun for hello_airflow to 2026-01-21 07:21:00+00:00, run_after=2026-01-21 07:22:00+00:00
[2026-01-21T07:22:37.971+0000] {processor.py:208} INFO - Processing /opt/airflow/dags/hello_airflow.py took 0.101 seconds
[2026-01-21T07:23:09.257+0000] {processor.py:186} INFO - Started process (PID=1344) to work on /opt/airflow/dags/hello_airflow.py
[2026-01-21T07:23:09.259+0000] {processor.py:914} INFO - Processing file /opt/airflow/dags/hello_airflow.py for tasks to queue
[2026-01-21T07:23:09.266+0000] {logging_mixin.py:190} INFO - [2026-01-21T07:23:09.266+0000] {dagbag.py:588} INFO - Filling up the DagBag from /opt/airflow/dags/hello_airflow.py
[2026-01-21T07:23:09.283+0000] {processor.py:925} INFO - DAG(s) 'hello_airflow' retrieved from /opt/airflow/dags/hello_airflow.py
[2026-01-21T07:23:09.319+0000] {logging_mixin.py:190} INFO - [2026-01-21T07:23:09.318+0000] {dag.py:3239} INFO - Sync 1 DAGs
[2026-01-21T07:23:09.372+0000] {logging_mixin.py:190} INFO - [2026-01-21T07:23:09.372+0000] {dag.py:4180} INFO - Setting next_dagrun for hello_airflow to 2026-01-21 07:22:00+00:00, run_after=2026-01-21 07:23:00+00:00
[2026-01-21T07:23:09.406+0000] {processor.py:208} INFO - Processing /opt/airflow/dags/hello_airflow.py took 0.158 seconds
[2026-01-21T07:23:40.409+0000] {processor.py:186} INFO - Started process (PID=1367) to work on /opt/airflow/dags/hello_airflow.py
[2026-01-21T07:23:40.410+0000] {processor.py:914} INFO - Processing file /opt/airflow/dags/hello_airflow.py for tasks to queue
[2026-01-21T07:23:40.412+0000] {logging_mixin.py:190} INFO - [2026-01-21T07:23:40.412+0000] {dagbag.py:588} INFO - Filling up the DagBag from /opt/airflow/dags/hello_airflow.py
[2026-01-21T07:23:40.425+0000] {processor.py:925} INFO - DAG(s) 'hello_airflow' retrieved from /opt/airflow/dags/hello_airflow.py
[2026-01-21T07:23:40.454+0000] {logging_mixin.py:190} INFO - [2026-01-21T07:23:40.454+0000] {dag.py:3239} INFO - Sync 1 DAGs
[2026-01-21T07:23:40.484+0000] {logging_mixin.py:190} INFO - [2026-01-21T07:23:40.484+0000] {dag.py:4180} INFO - Setting next_dagrun for hello_airflow to 2026-01-21 07:22:00+00:00, run_after=2026-01-21 07:23:00+00:00
[2026-01-21T07:23:40.505+0000] {processor.py:208} INFO - Processing /opt/airflow/dags/hello_airflow.py took 0.103 seconds
[2026-01-21T07:24:11.377+0000] {processor.py:186} INFO - Started process (PID=1391) to work on /opt/airflow/dags/hello_airflow.py
[2026-01-21T07:24:11.378+0000] {processor.py:914} INFO - Processing file /opt/airflow/dags/hello_airflow.py for tasks to queue
[2026-01-21T07:24:11.382+0000] {logging_mixin.py:190} INFO - [2026-01-21T07:24:11.381+0000] {dagbag.py:588} INFO - Filling up the DagBag from /opt/airflow/dags/hello_airflow.py
[2026-01-21T07:24:11.396+0000] {processor.py:925} INFO - DAG(s) 'hello_airflow' retrieved from /opt/airflow/dags/hello_airflow.py
[2026-01-21T07:24:11.426+0000] {logging_mixin.py:190} INFO - [2026-01-21T07:24:11.426+0000] {dag.py:3239} INFO - Sync 1 DAGs
[2026-01-21T07:24:11.459+0000] {logging_mixin.py:190} INFO - [2026-01-21T07:24:11.459+0000] {dag.py:4180} INFO - Setting next_dagrun for hello_airflow to 2026-01-21 07:23:00+00:00, run_after=2026-01-21 07:24:00+00:00
[2026-01-21T07:24:11.483+0000] {processor.py:208} INFO - Processing /opt/airflow/dags/hello_airflow.py took 0.114 seconds
[2026-01-21T07:24:42.600+0000] {processor.py:186} INFO - Started process (PID=1415) to work on /opt/airflow/dags/hello_airflow.py
[2026-01-21T07:24:42.601+0000] {processor.py:914} INFO - Processing file /opt/airflow/dags/hello_airflow.py for tasks to queue
[2026-01-21T07:24:42.604+0000] {logging_mixin.py:190} INFO - [2026-01-21T07:24:42.604+0000] {dagbag.py:588} INFO - Filling up the DagBag from /opt/airflow/dags/hello_airflow.py
[2026-01-21T07:24:42.618+0000] {processor.py:925} INFO - DAG(s) 'hello_airflow' retrieved from /opt/airflow/dags/hello_airflow.py
[2026-01-21T07:24:42.648+0000] {logging_mixin.py:190} INFO - [2026-01-21T07:24:42.648+0000] {dag.py:3239} INFO - Sync 1 DAGs
[2026-01-21T07:24:42.688+0000] {logging_mixin.py:190} INFO - [2026-01-21T07:24:42.688+0000] {dag.py:4180} INFO - Setting next_dagrun for hello_airflow to 2026-01-21 07:23:00+00:00, run_after=2026-01-21 07:24:00+00:00
[2026-01-21T07:24:42.712+0000] {processor.py:208} INFO - Processing /opt/airflow/dags/hello_airflow.py took 0.122 seconds
[2026-01-21T07:25:13.731+0000] {processor.py:186} INFO - Started process (PID=1439) to work on /opt/airflow/dags/hello_airflow.py
[2026-01-21T07:25:13.732+0000] {processor.py:914} INFO - Processing file /opt/airflow/dags/hello_airflow.py for tasks to queue
[2026-01-21T07:25:13.738+0000] {logging_mixin.py:190} INFO - [2026-01-21T07:25:13.737+0000] {dagbag.py:588} INFO - Filling up the DagBag from /opt/airflow/dags/hello_airflow.py
[2026-01-21T07:25:13.752+0000] {processor.py:925} INFO - DAG(s) 'hello_airflow' retrieved from /opt/airflow/dags/hello_airflow.py
[2026-01-21T07:25:13.783+0000] {logging_mixin.py:190} INFO - [2026-01-21T07:25:13.783+0000] {dag.py:3239} INFO - Sync 1 DAGs
[2026-01-21T07:25:13.818+0000] {logging_mixin.py:190} INFO - [2026-01-21T07:25:13.817+0000] {dag.py:4180} INFO - Setting next_dagrun for hello_airflow to 2026-01-21 07:24:00+00:00, run_after=2026-01-21 07:25:00+00:00
[2026-01-21T07:25:13.841+0000] {processor.py:208} INFO - Processing /opt/airflow/dags/hello_airflow.py took 0.119 seconds
[2026-01-21T07:25:44.522+0000] {processor.py:186} INFO - Started process (PID=1463) to work on /opt/airflow/dags/hello_airflow.py
[2026-01-21T07:25:44.525+0000] {processor.py:914} INFO - Processing file /opt/airflow/dags/hello_airflow.py for tasks to queue
[2026-01-21T07:25:44.528+0000] {logging_mixin.py:190} INFO - [2026-01-21T07:25:44.528+0000] {dagbag.py:588} INFO - Filling up the DagBag from /opt/airflow/dags/hello_airflow.py
[2026-01-21T07:25:44.543+0000] {processor.py:925} INFO - DAG(s) 'hello_airflow' retrieved from /opt/airflow/dags/hello_airflow.py
[2026-01-21T07:25:44.567+0000] {logging_mixin.py:190} INFO - [2026-01-21T07:25:44.567+0000] {dag.py:3239} INFO - Sync 1 DAGs
[2026-01-21T07:25:44.601+0000] {logging_mixin.py:190} INFO - [2026-01-21T07:25:44.601+0000] {dag.py:4180} INFO - Setting next_dagrun for hello_airflow to 2026-01-21 07:24:00+00:00, run_after=2026-01-21 07:25:00+00:00
[2026-01-21T07:25:44.626+0000] {processor.py:208} INFO - Processing /opt/airflow/dags/hello_airflow.py took 0.111 seconds
[2026-01-21T07:26:15.228+0000] {processor.py:186} INFO - Started process (PID=1493) to work on /opt/airflow/dags/hello_airflow.py
[2026-01-21T07:26:15.229+0000] {processor.py:914} INFO - Processing file /opt/airflow/dags/hello_airflow.py for tasks to queue
[2026-01-21T07:26:15.232+0000] {logging_mixin.py:190} INFO - [2026-01-21T07:26:15.231+0000] {dagbag.py:588} INFO - Filling up the DagBag from /opt/airflow/dags/hello_airflow.py
[2026-01-21T07:26:15.244+0000] {processor.py:925} INFO - DAG(s) 'hello_airflow' retrieved from /opt/airflow/dags/hello_airflow.py
[2026-01-21T07:26:15.269+0000] {logging_mixin.py:190} INFO - [2026-01-21T07:26:15.269+0000] {dag.py:3239} INFO - Sync 1 DAGs
[2026-01-21T07:26:15.297+0000] {logging_mixin.py:190} INFO - [2026-01-21T07:26:15.297+0000] {dag.py:4180} INFO - Setting next_dagrun for hello_airflow to 2026-01-21 07:25:00+00:00, run_after=2026-01-21 07:26:00+00:00
[2026-01-21T07:26:15.346+0000] {processor.py:208} INFO - Processing /opt/airflow/dags/hello_airflow.py took 0.124 seconds
[2026-01-21T07:26:46.564+0000] {processor.py:186} INFO - Started process (PID=1517) to work on /opt/airflow/dags/hello_airflow.py
[2026-01-21T07:26:46.565+0000] {processor.py:914} INFO - Processing file /opt/airflow/dags/hello_airflow.py for tasks to queue
[2026-01-21T07:26:46.568+0000] {logging_mixin.py:190} INFO - [2026-01-21T07:26:46.568+0000] {dagbag.py:588} INFO - Filling up the DagBag from /opt/airflow/dags/hello_airflow.py
[2026-01-21T07:26:46.580+0000] {processor.py:925} INFO - DAG(s) 'hello_airflow' retrieved from /opt/airflow/dags/hello_airflow.py
[2026-01-21T07:26:46.607+0000] {logging_mixin.py:190} INFO - [2026-01-21T07:26:46.606+0000] {dag.py:3239} INFO - Sync 1 DAGs
[2026-01-21T07:26:46.640+0000] {logging_mixin.py:190} INFO - [2026-01-21T07:26:46.640+0000] {dag.py:4180} INFO - Setting next_dagrun for hello_airflow to 2026-01-21 07:25:00+00:00, run_after=2026-01-21 07:26:00+00:00
[2026-01-21T07:26:46.659+0000] {processor.py:208} INFO - Processing /opt/airflow/dags/hello_airflow.py took 0.101 seconds
[2026-01-21T07:27:17.275+0000] {processor.py:186} INFO - Started process (PID=1541) to work on /opt/airflow/dags/hello_airflow.py
[2026-01-21T07:27:17.276+0000] {processor.py:914} INFO - Processing file /opt/airflow/dags/hello_airflow.py for tasks to queue
[2026-01-21T07:27:17.278+0000] {logging_mixin.py:190} INFO - [2026-01-21T07:27:17.278+0000] {dagbag.py:588} INFO - Filling up the DagBag from /opt/airflow/dags/hello_airflow.py
[2026-01-21T07:27:17.291+0000] {processor.py:925} INFO - DAG(s) 'hello_airflow' retrieved from /opt/airflow/dags/hello_airflow.py
[2026-01-21T07:27:17.319+0000] {logging_mixin.py:190} INFO - [2026-01-21T07:27:17.318+0000] {dag.py:3239} INFO - Sync 1 DAGs
[2026-01-21T07:27:17.350+0000] {logging_mixin.py:190} INFO - [2026-01-21T07:27:17.350+0000] {dag.py:4180} INFO - Setting next_dagrun for hello_airflow to 2026-01-21 07:26:00+00:00, run_after=2026-01-21 07:27:00+00:00
[2026-01-21T07:27:17.374+0000] {processor.py:208} INFO - Processing /opt/airflow/dags/hello_airflow.py took 0.107 seconds
[2026-01-21T07:27:48.169+0000] {processor.py:186} INFO - Started process (PID=1565) to work on /opt/airflow/dags/hello_airflow.py
[2026-01-21T07:27:48.171+0000] {processor.py:914} INFO - Processing file /opt/airflow/dags/hello_airflow.py for tasks to queue
[2026-01-21T07:27:48.173+0000] {logging_mixin.py:190} INFO - [2026-01-21T07:27:48.173+0000] {dagbag.py:588} INFO - Filling up the DagBag from /opt/airflow/dags/hello_airflow.py
[2026-01-21T07:27:48.188+0000] {processor.py:925} INFO - DAG(s) 'hello_airflow' retrieved from /opt/airflow/dags/hello_airflow.py
[2026-01-21T07:27:48.224+0000] {logging_mixin.py:190} INFO - [2026-01-21T07:27:48.224+0000] {dag.py:3239} INFO - Sync 1 DAGs
[2026-01-21T07:27:48.265+0000] {logging_mixin.py:190} INFO - [2026-01-21T07:27:48.265+0000] {dag.py:4180} INFO - Setting next_dagrun for hello_airflow to 2026-01-21 07:26:00+00:00, run_after=2026-01-21 07:27:00+00:00
[2026-01-21T07:27:48.283+0000] {processor.py:208} INFO - Processing /opt/airflow/dags/hello_airflow.py took 0.123 seconds
[2026-01-21T07:28:19.357+0000] {processor.py:186} INFO - Started process (PID=1589) to work on /opt/airflow/dags/hello_airflow.py
[2026-01-21T07:28:19.358+0000] {processor.py:914} INFO - Processing file /opt/airflow/dags/hello_airflow.py for tasks to queue
[2026-01-21T07:28:19.360+0000] {logging_mixin.py:190} INFO - [2026-01-21T07:28:19.360+0000] {dagbag.py:588} INFO - Filling up the DagBag from /opt/airflow/dags/hello_airflow.py
[2026-01-21T07:28:19.371+0000] {processor.py:925} INFO - DAG(s) 'hello_airflow' retrieved from /opt/airflow/dags/hello_airflow.py
[2026-01-21T07:28:19.397+0000] {logging_mixin.py:190} INFO - [2026-01-21T07:28:19.396+0000] {dag.py:3239} INFO - Sync 1 DAGs
[2026-01-21T07:28:19.428+0000] {logging_mixin.py:190} INFO - [2026-01-21T07:28:19.428+0000] {dag.py:4180} INFO - Setting next_dagrun for hello_airflow to 2026-01-21 07:27:00+00:00, run_after=2026-01-21 07:28:00+00:00
[2026-01-21T07:28:19.447+0000] {processor.py:208} INFO - Processing /opt/airflow/dags/hello_airflow.py took 0.099 seconds
[2026-01-21T07:28:50.458+0000] {processor.py:186} INFO - Started process (PID=1613) to work on /opt/airflow/dags/hello_airflow.py
[2026-01-21T07:28:50.459+0000] {processor.py:914} INFO - Processing file /opt/airflow/dags/hello_airflow.py for tasks to queue
[2026-01-21T07:28:50.466+0000] {logging_mixin.py:190} INFO - [2026-01-21T07:28:50.465+0000] {dagbag.py:588} INFO - Filling up the DagBag from /opt/airflow/dags/hello_airflow.py
[2026-01-21T07:28:50.476+0000] {processor.py:925} INFO - DAG(s) 'hello_airflow' retrieved from /opt/airflow/dags/hello_airflow.py
[2026-01-21T07:28:50.507+0000] {logging_mixin.py:190} INFO - [2026-01-21T07:28:50.506+0000] {dag.py:3239} INFO - Sync 1 DAGs
[2026-01-21T07:28:50.539+0000] {logging_mixin.py:190} INFO - [2026-01-21T07:28:50.539+0000] {dag.py:4180} INFO - Setting next_dagrun for hello_airflow to 2026-01-21 07:27:00+00:00, run_after=2026-01-21 07:28:00+00:00
[2026-01-21T07:28:50.560+0000] {processor.py:208} INFO - Processing /opt/airflow/dags/hello_airflow.py took 0.111 seconds
[2026-01-21T07:29:21.204+0000] {processor.py:186} INFO - Started process (PID=1637) to work on /opt/airflow/dags/hello_airflow.py
[2026-01-21T07:29:21.205+0000] {processor.py:914} INFO - Processing file /opt/airflow/dags/hello_airflow.py for tasks to queue
[2026-01-21T07:29:21.207+0000] {logging_mixin.py:190} INFO - [2026-01-21T07:29:21.207+0000] {dagbag.py:588} INFO - Filling up the DagBag from /opt/airflow/dags/hello_airflow.py
[2026-01-21T07:29:21.219+0000] {processor.py:925} INFO - DAG(s) 'hello_airflow' retrieved from /opt/airflow/dags/hello_airflow.py
[2026-01-21T07:29:21.248+0000] {logging_mixin.py:190} INFO - [2026-01-21T07:29:21.248+0000] {dag.py:3239} INFO - Sync 1 DAGs
[2026-01-21T07:29:21.282+0000] {logging_mixin.py:190} INFO - [2026-01-21T07:29:21.281+0000] {dag.py:4180} INFO - Setting next_dagrun for hello_airflow to 2026-01-21 07:28:00+00:00, run_after=2026-01-21 07:29:00+00:00
[2026-01-21T07:29:21.304+0000] {processor.py:208} INFO - Processing /opt/airflow/dags/hello_airflow.py took 0.106 seconds
[2026-01-21T07:29:52.236+0000] {processor.py:186} INFO - Started process (PID=1661) to work on /opt/airflow/dags/hello_airflow.py
[2026-01-21T07:29:52.238+0000] {processor.py:914} INFO - Processing file /opt/airflow/dags/hello_airflow.py for tasks to queue
[2026-01-21T07:29:52.240+0000] {logging_mixin.py:190} INFO - [2026-01-21T07:29:52.240+0000] {dagbag.py:588} INFO - Filling up the DagBag from /opt/airflow/dags/hello_airflow.py
[2026-01-21T07:29:52.254+0000] {processor.py:925} INFO - DAG(s) 'hello_airflow' retrieved from /opt/airflow/dags/hello_airflow.py
[2026-01-21T07:29:52.288+0000] {logging_mixin.py:190} INFO - [2026-01-21T07:29:52.287+0000] {dag.py:3239} INFO - Sync 1 DAGs
[2026-01-21T07:29:52.324+0000] {logging_mixin.py:190} INFO - [2026-01-21T07:29:52.324+0000] {dag.py:4180} INFO - Setting next_dagrun for hello_airflow to 2026-01-21 07:28:00+00:00, run_after=2026-01-21 07:29:00+00:00
[2026-01-21T07:29:52.342+0000] {processor.py:208} INFO - Processing /opt/airflow/dags/hello_airflow.py took 0.116 seconds
[2026-01-21T07:30:23.001+0000] {processor.py:186} INFO - Started process (PID=1684) to work on /opt/airflow/dags/hello_airflow.py
[2026-01-21T07:30:23.003+0000] {processor.py:914} INFO - Processing file /opt/airflow/dags/hello_airflow.py for tasks to queue
[2026-01-21T07:30:23.007+0000] {logging_mixin.py:190} INFO - [2026-01-21T07:30:23.006+0000] {dagbag.py:588} INFO - Filling up the DagBag from /opt/airflow/dags/hello_airflow.py
[2026-01-21T07:30:23.023+0000] {processor.py:925} INFO - DAG(s) 'hello_airflow' retrieved from /opt/airflow/dags/hello_airflow.py
[2026-01-21T07:30:23.063+0000] {logging_mixin.py:190} INFO - [2026-01-21T07:30:23.062+0000] {dag.py:3239} INFO - Sync 1 DAGs
[2026-01-21T07:30:23.110+0000] {logging_mixin.py:190} INFO - [2026-01-21T07:30:23.109+0000] {dag.py:4180} INFO - Setting next_dagrun for hello_airflow to 2026-01-21 07:29:00+00:00, run_after=2026-01-21 07:30:00+00:00
[2026-01-21T07:30:23.137+0000] {processor.py:208} INFO - Processing /opt/airflow/dags/hello_airflow.py took 0.146 seconds
[2026-01-21T07:30:53.872+0000] {processor.py:186} INFO - Started process (PID=1708) to work on /opt/airflow/dags/hello_airflow.py
[2026-01-21T07:30:53.875+0000] {processor.py:914} INFO - Processing file /opt/airflow/dags/hello_airflow.py for tasks to queue
[2026-01-21T07:30:53.878+0000] {logging_mixin.py:190} INFO - [2026-01-21T07:30:53.878+0000] {dagbag.py:588} INFO - Filling up the DagBag from /opt/airflow/dags/hello_airflow.py
[2026-01-21T07:30:53.895+0000] {processor.py:925} INFO - DAG(s) 'hello_airflow' retrieved from /opt/airflow/dags/hello_airflow.py
[2026-01-21T07:30:53.928+0000] {logging_mixin.py:190} INFO - [2026-01-21T07:30:53.927+0000] {dag.py:3239} INFO - Sync 1 DAGs
[2026-01-21T07:30:53.966+0000] {logging_mixin.py:190} INFO - [2026-01-21T07:30:53.965+0000] {dag.py:4180} INFO - Setting next_dagrun for hello_airflow to 2026-01-21 07:29:00+00:00, run_after=2026-01-21 07:30:00+00:00
[2026-01-21T07:30:53.988+0000] {processor.py:208} INFO - Processing /opt/airflow/dags/hello_airflow.py took 0.128 seconds
[2026-01-21T07:31:24.819+0000] {processor.py:186} INFO - Started process (PID=1732) to work on /opt/airflow/dags/hello_airflow.py
[2026-01-21T07:31:24.828+0000] {processor.py:914} INFO - Processing file /opt/airflow/dags/hello_airflow.py for tasks to queue
[2026-01-21T07:31:24.833+0000] {logging_mixin.py:190} INFO - [2026-01-21T07:31:24.833+0000] {dagbag.py:588} INFO - Filling up the DagBag from /opt/airflow/dags/hello_airflow.py
[2026-01-21T07:31:24.853+0000] {processor.py:925} INFO - DAG(s) 'hello_airflow' retrieved from /opt/airflow/dags/hello_airflow.py
[2026-01-21T07:31:24.881+0000] {logging_mixin.py:190} INFO - [2026-01-21T07:31:24.881+0000] {dag.py:3239} INFO - Sync 1 DAGs
[2026-01-21T07:31:24.925+0000] {logging_mixin.py:190} INFO - [2026-01-21T07:31:24.924+0000] {dag.py:4180} INFO - Setting next_dagrun for hello_airflow to 2026-01-21 07:30:00+00:00, run_after=2026-01-21 07:31:00+00:00
[2026-01-21T07:31:24.945+0000] {processor.py:208} INFO - Processing /opt/airflow/dags/hello_airflow.py took 0.134 seconds
[2026-01-21T07:31:55.527+0000] {processor.py:186} INFO - Started process (PID=1756) to work on /opt/airflow/dags/hello_airflow.py
[2026-01-21T07:31:55.528+0000] {processor.py:914} INFO - Processing file /opt/airflow/dags/hello_airflow.py for tasks to queue
[2026-01-21T07:31:55.531+0000] {logging_mixin.py:190} INFO - [2026-01-21T07:31:55.531+0000] {dagbag.py:588} INFO - Filling up the DagBag from /opt/airflow/dags/hello_airflow.py
[2026-01-21T07:31:55.541+0000] {processor.py:925} INFO - DAG(s) 'hello_airflow' retrieved from /opt/airflow/dags/hello_airflow.py
[2026-01-21T07:31:55.565+0000] {logging_mixin.py:190} INFO - [2026-01-21T07:31:55.565+0000] {dag.py:3239} INFO - Sync 1 DAGs
[2026-01-21T07:31:55.597+0000] {logging_mixin.py:190} INFO - [2026-01-21T07:31:55.597+0000] {dag.py:4180} INFO - Setting next_dagrun for hello_airflow to 2026-01-21 07:30:00+00:00, run_after=2026-01-21 07:31:00+00:00
[2026-01-21T07:31:55.615+0000] {processor.py:208} INFO - Processing /opt/airflow/dags/hello_airflow.py took 0.095 seconds
[2026-01-21T07:32:26.270+0000] {processor.py:186} INFO - Started process (PID=1780) to work on /opt/airflow/dags/hello_airflow.py
[2026-01-21T07:32:26.272+0000] {processor.py:914} INFO - Processing file /opt/airflow/dags/hello_airflow.py for tasks to queue
[2026-01-21T07:32:26.275+0000] {logging_mixin.py:190} INFO - [2026-01-21T07:32:26.275+0000] {dagbag.py:588} INFO - Filling up the DagBag from /opt/airflow/dags/hello_airflow.py
[2026-01-21T07:32:26.293+0000] {processor.py:925} INFO - DAG(s) 'hello_airflow' retrieved from /opt/airflow/dags/hello_airflow.py
[2026-01-21T07:32:26.316+0000] {logging_mixin.py:190} INFO - [2026-01-21T07:32:26.316+0000] {dag.py:3239} INFO - Sync 1 DAGs
[2026-01-21T07:32:26.348+0000] {logging_mixin.py:190} INFO - [2026-01-21T07:32:26.348+0000] {dag.py:4180} INFO - Setting next_dagrun for hello_airflow to 2026-01-21 07:31:00+00:00, run_after=2026-01-21 07:32:00+00:00
[2026-01-21T07:32:26.369+0000] {processor.py:208} INFO - Processing /opt/airflow/dags/hello_airflow.py took 0.107 seconds
[2026-01-21T07:32:57.051+0000] {processor.py:186} INFO - Started process (PID=1804) to work on /opt/airflow/dags/hello_airflow.py
[2026-01-21T07:32:57.052+0000] {processor.py:914} INFO - Processing file /opt/airflow/dags/hello_airflow.py for tasks to queue
[2026-01-21T07:32:57.054+0000] {logging_mixin.py:190} INFO - [2026-01-21T07:32:57.054+0000] {dagbag.py:588} INFO - Filling up the DagBag from /opt/airflow/dags/hello_airflow.py
[2026-01-21T07:32:57.065+0000] {processor.py:925} INFO - DAG(s) 'hello_airflow' retrieved from /opt/airflow/dags/hello_airflow.py
[2026-01-21T07:32:57.093+0000] {logging_mixin.py:190} INFO - [2026-01-21T07:32:57.093+0000] {dag.py:3239} INFO - Sync 1 DAGs
[2026-01-21T07:32:57.121+0000] {logging_mixin.py:190} INFO - [2026-01-21T07:32:57.121+0000] {dag.py:4180} INFO - Setting next_dagrun for hello_airflow to 2026-01-21 07:31:00+00:00, run_after=2026-01-21 07:32:00+00:00
[2026-01-21T07:32:57.139+0000] {processor.py:208} INFO - Processing /opt/airflow/dags/hello_airflow.py took 0.094 seconds
[2026-01-21T07:33:28.312+0000] {processor.py:186} INFO - Started process (PID=1828) to work on /opt/airflow/dags/hello_airflow.py
[2026-01-21T07:33:28.313+0000] {processor.py:914} INFO - Processing file /opt/airflow/dags/hello_airflow.py for tasks to queue
[2026-01-21T07:33:28.316+0000] {logging_mixin.py:190} INFO - [2026-01-21T07:33:28.315+0000] {dagbag.py:588} INFO - Filling up the DagBag from /opt/airflow/dags/hello_airflow.py
[2026-01-21T07:33:28.334+0000] {processor.py:925} INFO - DAG(s) 'hello_airflow' retrieved from /opt/airflow/dags/hello_airflow.py
[2026-01-21T07:33:28.360+0000] {logging_mixin.py:190} INFO - [2026-01-21T07:33:28.360+0000] {dag.py:3239} INFO - Sync 1 DAGs
[2026-01-21T07:33:28.403+0000] {logging_mixin.py:190} INFO - [2026-01-21T07:33:28.403+0000] {dag.py:4180} INFO - Setting next_dagrun for hello_airflow to 2026-01-21 07:32:00+00:00, run_after=2026-01-21 07:33:00+00:00
[2026-01-21T07:33:28.424+0000] {processor.py:208} INFO - Processing /opt/airflow/dags/hello_airflow.py took 0.119 seconds
[2026-01-21T07:33:59.044+0000] {processor.py:186} INFO - Started process (PID=1852) to work on /opt/airflow/dags/hello_airflow.py
[2026-01-21T07:33:59.045+0000] {processor.py:914} INFO - Processing file /opt/airflow/dags/hello_airflow.py for tasks to queue
[2026-01-21T07:33:59.048+0000] {logging_mixin.py:190} INFO - [2026-01-21T07:33:59.048+0000] {dagbag.py:588} INFO - Filling up the DagBag from /opt/airflow/dags/hello_airflow.py
[2026-01-21T07:33:59.061+0000] {processor.py:925} INFO - DAG(s) 'hello_airflow' retrieved from /opt/airflow/dags/hello_airflow.py
[2026-01-21T07:33:59.093+0000] {logging_mixin.py:190} INFO - [2026-01-21T07:33:59.092+0000] {dag.py:3239} INFO - Sync 1 DAGs
[2026-01-21T07:33:59.120+0000] {logging_mixin.py:190} INFO - [2026-01-21T07:33:59.119+0000] {dag.py:4180} INFO - Setting next_dagrun for hello_airflow to 2026-01-21 07:32:00+00:00, run_after=2026-01-21 07:33:00+00:00
[2026-01-21T07:33:59.142+0000] {processor.py:208} INFO - Processing /opt/airflow/dags/hello_airflow.py took 0.106 seconds
[2026-01-21T07:34:29.949+0000] {processor.py:186} INFO - Started process (PID=1876) to work on /opt/airflow/dags/hello_airflow.py
[2026-01-21T07:34:29.950+0000] {processor.py:914} INFO - Processing file /opt/airflow/dags/hello_airflow.py for tasks to queue
[2026-01-21T07:34:29.952+0000] {logging_mixin.py:190} INFO - [2026-01-21T07:34:29.952+0000] {dagbag.py:588} INFO - Filling up the DagBag from /opt/airflow/dags/hello_airflow.py
[2026-01-21T07:34:29.965+0000] {processor.py:925} INFO - DAG(s) 'hello_airflow' retrieved from /opt/airflow/dags/hello_airflow.py
[2026-01-21T07:34:29.994+0000] {logging_mixin.py:190} INFO - [2026-01-21T07:34:29.994+0000] {dag.py:3239} INFO - Sync 1 DAGs
[2026-01-21T07:34:30.030+0000] {logging_mixin.py:190} INFO - [2026-01-21T07:34:30.030+0000] {dag.py:4180} INFO - Setting next_dagrun for hello_airflow to 2026-01-21 07:33:00+00:00, run_after=2026-01-21 07:34:00+00:00
[2026-01-21T07:34:30.049+0000] {processor.py:208} INFO - Processing /opt/airflow/dags/hello_airflow.py took 0.108 seconds
[2026-01-21T07:35:00.953+0000] {processor.py:186} INFO - Started process (PID=1900) to work on /opt/airflow/dags/hello_airflow.py
[2026-01-21T07:35:00.954+0000] {processor.py:914} INFO - Processing file /opt/airflow/dags/hello_airflow.py for tasks to queue
[2026-01-21T07:35:00.956+0000] {logging_mixin.py:190} INFO - [2026-01-21T07:35:00.956+0000] {dagbag.py:588} INFO - Filling up the DagBag from /opt/airflow/dags/hello_airflow.py
[2026-01-21T07:35:00.968+0000] {processor.py:925} INFO - DAG(s) 'hello_airflow' retrieved from /opt/airflow/dags/hello_airflow.py
[2026-01-21T07:35:00.998+0000] {logging_mixin.py:190} INFO - [2026-01-21T07:35:00.998+0000] {dag.py:3239} INFO - Sync 1 DAGs
[2026-01-21T07:35:01.027+0000] {logging_mixin.py:190} INFO - [2026-01-21T07:35:01.027+0000] {dag.py:4180} INFO - Setting next_dagrun for hello_airflow to 2026-01-21 07:34:00+00:00, run_after=2026-01-21 07:35:00+00:00
[2026-01-21T07:35:01.044+0000] {processor.py:208} INFO - Processing /opt/airflow/dags/hello_airflow.py took 0.097 seconds
[2026-01-21T07:35:31.766+0000] {processor.py:186} INFO - Started process (PID=1924) to work on /opt/airflow/dags/hello_airflow.py
[2026-01-21T07:35:31.767+0000] {processor.py:914} INFO - Processing file /opt/airflow/dags/hello_airflow.py for tasks to queue
[2026-01-21T07:35:31.769+0000] {logging_mixin.py:190} INFO - [2026-01-21T07:35:31.769+0000] {dagbag.py:588} INFO - Filling up the DagBag from /opt/airflow/dags/hello_airflow.py
[2026-01-21T07:35:31.781+0000] {processor.py:925} INFO - DAG(s) 'hello_airflow' retrieved from /opt/airflow/dags/hello_airflow.py
[2026-01-21T07:35:31.808+0000] {logging_mixin.py:190} INFO - [2026-01-21T07:35:31.808+0000] {dag.py:3239} INFO - Sync 1 DAGs
[2026-01-21T07:35:31.841+0000] {logging_mixin.py:190} INFO - [2026-01-21T07:35:31.841+0000] {dag.py:4180} INFO - Setting next_dagrun for hello_airflow to 2026-01-21 07:34:00+00:00, run_after=2026-01-21 07:35:00+00:00
[2026-01-21T07:35:31.859+0000] {processor.py:208} INFO - Processing /opt/airflow/dags/hello_airflow.py took 0.101 seconds
[2026-01-21T07:36:02.819+0000] {processor.py:186} INFO - Started process (PID=1948) to work on /opt/airflow/dags/hello_airflow.py
[2026-01-21T07:36:02.820+0000] {processor.py:914} INFO - Processing file /opt/airflow/dags/hello_airflow.py for tasks to queue
[2026-01-21T07:36:02.822+0000] {logging_mixin.py:190} INFO - [2026-01-21T07:36:02.822+0000] {dagbag.py:588} INFO - Filling up the DagBag from /opt/airflow/dags/hello_airflow.py
[2026-01-21T07:36:02.835+0000] {processor.py:925} INFO - DAG(s) 'hello_airflow' retrieved from /opt/airflow/dags/hello_airflow.py
[2026-01-21T07:36:02.864+0000] {logging_mixin.py:190} INFO - [2026-01-21T07:36:02.863+0000] {dag.py:3239} INFO - Sync 1 DAGs
[2026-01-21T07:36:02.892+0000] {logging_mixin.py:190} INFO - [2026-01-21T07:36:02.892+0000] {dag.py:4180} INFO - Setting next_dagrun for hello_airflow to 2026-01-21 07:35:00+00:00, run_after=2026-01-21 07:36:00+00:00
[2026-01-21T07:36:02.925+0000] {processor.py:208} INFO - Processing /opt/airflow/dags/hello_airflow.py took 0.114 seconds
[2026-01-21T07:36:33.696+0000] {processor.py:186} INFO - Started process (PID=1972) to work on /opt/airflow/dags/hello_airflow.py
[2026-01-21T07:36:33.700+0000] {processor.py:914} INFO - Processing file /opt/airflow/dags/hello_airflow.py for tasks to queue
[2026-01-21T07:36:33.703+0000] {logging_mixin.py:190} INFO - [2026-01-21T07:36:33.703+0000] {dagbag.py:588} INFO - Filling up the DagBag from /opt/airflow/dags/hello_airflow.py
[2026-01-21T07:36:33.716+0000] {processor.py:925} INFO - DAG(s) 'hello_airflow' retrieved from /opt/airflow/dags/hello_airflow.py
[2026-01-21T07:36:33.744+0000] {logging_mixin.py:190} INFO - [2026-01-21T07:36:33.744+0000] {dag.py:3239} INFO - Sync 1 DAGs
[2026-01-21T07:36:33.795+0000] {logging_mixin.py:190} INFO - [2026-01-21T07:36:33.795+0000] {dag.py:4180} INFO - Setting next_dagrun for hello_airflow to 2026-01-21 07:35:00+00:00, run_after=2026-01-21 07:36:00+00:00
[2026-01-21T07:36:33.816+0000] {processor.py:208} INFO - Processing /opt/airflow/dags/hello_airflow.py took 0.132 seconds
[2026-01-21T07:37:04.540+0000] {processor.py:186} INFO - Started process (PID=1996) to work on /opt/airflow/dags/hello_airflow.py
[2026-01-21T07:37:04.541+0000] {processor.py:914} INFO - Processing file /opt/airflow/dags/hello_airflow.py for tasks to queue
[2026-01-21T07:37:04.544+0000] {logging_mixin.py:190} INFO - [2026-01-21T07:37:04.543+0000] {dagbag.py:588} INFO - Filling up the DagBag from /opt/airflow/dags/hello_airflow.py
[2026-01-21T07:37:04.557+0000] {processor.py:925} INFO - DAG(s) 'hello_airflow' retrieved from /opt/airflow/dags/hello_airflow.py
[2026-01-21T07:37:04.586+0000] {logging_mixin.py:190} INFO - [2026-01-21T07:37:04.585+0000] {dag.py:3239} INFO - Sync 1 DAGs
[2026-01-21T07:37:04.619+0000] {logging_mixin.py:190} INFO - [2026-01-21T07:37:04.619+0000] {dag.py:4180} INFO - Setting next_dagrun for hello_airflow to 2026-01-21 07:36:00+00:00, run_after=2026-01-21 07:37:00+00:00
[2026-01-21T07:37:04.641+0000] {processor.py:208} INFO - Processing /opt/airflow/dags/hello_airflow.py took 0.112 seconds
[2026-01-21T07:37:35.328+0000] {processor.py:186} INFO - Started process (PID=2020) to work on /opt/airflow/dags/hello_airflow.py
[2026-01-21T07:37:35.329+0000] {processor.py:914} INFO - Processing file /opt/airflow/dags/hello_airflow.py for tasks to queue
[2026-01-21T07:37:35.331+0000] {logging_mixin.py:190} INFO - [2026-01-21T07:37:35.331+0000] {dagbag.py:588} INFO - Filling up the DagBag from /opt/airflow/dags/hello_airflow.py
[2026-01-21T07:37:35.342+0000] {processor.py:925} INFO - DAG(s) 'hello_airflow' retrieved from /opt/airflow/dags/hello_airflow.py
[2026-01-21T07:37:35.373+0000] {logging_mixin.py:190} INFO - [2026-01-21T07:37:35.373+0000] {dag.py:3239} INFO - Sync 1 DAGs
[2026-01-21T07:37:35.402+0000] {logging_mixin.py:190} INFO - [2026-01-21T07:37:35.402+0000] {dag.py:4180} INFO - Setting next_dagrun for hello_airflow to 2026-01-21 07:36:00+00:00, run_after=2026-01-21 07:37:00+00:00
[2026-01-21T07:37:35.418+0000] {processor.py:208} INFO - Processing /opt/airflow/dags/hello_airflow.py took 0.099 seconds
[2026-01-21T07:38:06.233+0000] {processor.py:186} INFO - Started process (PID=2044) to work on /opt/airflow/dags/hello_airflow.py
[2026-01-21T07:38:06.234+0000] {processor.py:914} INFO - Processing file /opt/airflow/dags/hello_airflow.py for tasks to queue
[2026-01-21T07:38:06.239+0000] {logging_mixin.py:190} INFO - [2026-01-21T07:38:06.238+0000] {dagbag.py:588} INFO - Filling up the DagBag from /opt/airflow/dags/hello_airflow.py
[2026-01-21T07:38:06.251+0000] {processor.py:925} INFO - DAG(s) 'hello_airflow' retrieved from /opt/airflow/dags/hello_airflow.py
[2026-01-21T07:38:06.283+0000] {logging_mixin.py:190} INFO - [2026-01-21T07:38:06.283+0000] {dag.py:3239} INFO - Sync 1 DAGs
[2026-01-21T07:38:06.314+0000] {logging_mixin.py:190} INFO - [2026-01-21T07:38:06.314+0000] {dag.py:4180} INFO - Setting next_dagrun for hello_airflow to 2026-01-21 07:37:00+00:00, run_after=2026-01-21 07:38:00+00:00
[2026-01-21T07:38:06.335+0000] {processor.py:208} INFO - Processing /opt/airflow/dags/hello_airflow.py took 0.113 seconds
[2026-01-21T07:38:37.151+0000] {processor.py:186} INFO - Started process (PID=2068) to work on /opt/airflow/dags/hello_airflow.py
[2026-01-21T07:38:37.152+0000] {processor.py:914} INFO - Processing file /opt/airflow/dags/hello_airflow.py for tasks to queue
[2026-01-21T07:38:37.158+0000] {logging_mixin.py:190} INFO - [2026-01-21T07:38:37.157+0000] {dagbag.py:588} INFO - Filling up the DagBag from /opt/airflow/dags/hello_airflow.py
[2026-01-21T07:38:37.171+0000] {processor.py:925} INFO - DAG(s) 'hello_airflow' retrieved from /opt/airflow/dags/hello_airflow.py
[2026-01-21T07:38:37.197+0000] {logging_mixin.py:190} INFO - [2026-01-21T07:38:37.197+0000] {dag.py:3239} INFO - Sync 1 DAGs
[2026-01-21T07:38:37.240+0000] {logging_mixin.py:190} INFO - [2026-01-21T07:38:37.240+0000] {dag.py:4180} INFO - Setting next_dagrun for hello_airflow to 2026-01-21 07:37:00+00:00, run_after=2026-01-21 07:38:00+00:00
[2026-01-21T07:38:37.264+0000] {processor.py:208} INFO - Processing /opt/airflow/dags/hello_airflow.py took 0.121 seconds
[2026-01-21T07:39:07.933+0000] {processor.py:186} INFO - Started process (PID=2092) to work on /opt/airflow/dags/hello_airflow.py
[2026-01-21T07:39:07.934+0000] {processor.py:914} INFO - Processing file /opt/airflow/dags/hello_airflow.py for tasks to queue
[2026-01-21T07:39:07.937+0000] {logging_mixin.py:190} INFO - [2026-01-21T07:39:07.937+0000] {dagbag.py:588} INFO - Filling up the DagBag from /opt/airflow/dags/hello_airflow.py
[2026-01-21T07:39:07.952+0000] {processor.py:925} INFO - DAG(s) 'hello_airflow' retrieved from /opt/airflow/dags/hello_airflow.py
[2026-01-21T07:39:07.981+0000] {logging_mixin.py:190} INFO - [2026-01-21T07:39:07.980+0000] {dag.py:3239} INFO - Sync 1 DAGs
[2026-01-21T07:39:08.018+0000] {logging_mixin.py:190} INFO - [2026-01-21T07:39:08.018+0000] {dag.py:4180} INFO - Setting next_dagrun for hello_airflow to 2026-01-21 07:38:00+00:00, run_after=2026-01-21 07:39:00+00:00
[2026-01-21T07:39:08.038+0000] {processor.py:208} INFO - Processing /opt/airflow/dags/hello_airflow.py took 0.113 seconds
[2026-01-21T07:39:38.731+0000] {processor.py:186} INFO - Started process (PID=2115) to work on /opt/airflow/dags/hello_airflow.py
[2026-01-21T07:39:38.732+0000] {processor.py:914} INFO - Processing file /opt/airflow/dags/hello_airflow.py for tasks to queue
[2026-01-21T07:39:38.734+0000] {logging_mixin.py:190} INFO - [2026-01-21T07:39:38.734+0000] {dagbag.py:588} INFO - Filling up the DagBag from /opt/airflow/dags/hello_airflow.py
[2026-01-21T07:39:38.746+0000] {processor.py:925} INFO - DAG(s) 'hello_airflow' retrieved from /opt/airflow/dags/hello_airflow.py
[2026-01-21T07:39:38.770+0000] {logging_mixin.py:190} INFO - [2026-01-21T07:39:38.770+0000] {dag.py:3239} INFO - Sync 1 DAGs
[2026-01-21T07:39:38.802+0000] {logging_mixin.py:190} INFO - [2026-01-21T07:39:38.802+0000] {dag.py:4180} INFO - Setting next_dagrun for hello_airflow to 2026-01-21 07:38:00+00:00, run_after=2026-01-21 07:39:00+00:00
[2026-01-21T07:39:38.825+0000] {processor.py:208} INFO - Processing /opt/airflow/dags/hello_airflow.py took 0.102 seconds
[2026-01-21T07:40:09.905+0000] {processor.py:186} INFO - Started process (PID=2138) to work on /opt/airflow/dags/hello_airflow.py
[2026-01-21T07:40:09.906+0000] {processor.py:914} INFO - Processing file /opt/airflow/dags/hello_airflow.py for tasks to queue
[2026-01-21T07:40:09.910+0000] {logging_mixin.py:190} INFO - [2026-01-21T07:40:09.909+0000] {dagbag.py:588} INFO - Filling up the DagBag from /opt/airflow/dags/hello_airflow.py
[2026-01-21T07:40:09.923+0000] {processor.py:925} INFO - DAG(s) 'hello_airflow' retrieved from /opt/airflow/dags/hello_airflow.py
[2026-01-21T07:40:09.957+0000] {logging_mixin.py:190} INFO - [2026-01-21T07:40:09.957+0000] {dag.py:3239} INFO - Sync 1 DAGs
[2026-01-21T07:40:09.993+0000] {logging_mixin.py:190} INFO - [2026-01-21T07:40:09.993+0000] {dag.py:4180} INFO - Setting next_dagrun for hello_airflow to 2026-01-21 07:39:00+00:00, run_after=2026-01-21 07:40:00+00:00
[2026-01-21T07:40:10.027+0000] {processor.py:208} INFO - Processing /opt/airflow/dags/hello_airflow.py took 0.130 seconds
[2026-01-21T07:40:40.886+0000] {processor.py:186} INFO - Started process (PID=2163) to work on /opt/airflow/dags/hello_airflow.py
[2026-01-21T07:40:40.889+0000] {processor.py:914} INFO - Processing file /opt/airflow/dags/hello_airflow.py for tasks to queue
[2026-01-21T07:40:40.892+0000] {logging_mixin.py:190} INFO - [2026-01-21T07:40:40.891+0000] {dagbag.py:588} INFO - Filling up the DagBag from /opt/airflow/dags/hello_airflow.py
[2026-01-21T07:40:40.902+0000] {processor.py:925} INFO - DAG(s) 'hello_airflow' retrieved from /opt/airflow/dags/hello_airflow.py
[2026-01-21T07:40:40.931+0000] {logging_mixin.py:190} INFO - [2026-01-21T07:40:40.931+0000] {dag.py:3239} INFO - Sync 1 DAGs
[2026-01-21T07:40:40.966+0000] {logging_mixin.py:190} INFO - [2026-01-21T07:40:40.966+0000] {dag.py:4180} INFO - Setting next_dagrun for hello_airflow to 2026-01-21 07:39:00+00:00, run_after=2026-01-21 07:40:00+00:00
[2026-01-21T07:40:40.985+0000] {processor.py:208} INFO - Processing /opt/airflow/dags/hello_airflow.py took 0.105 seconds
[2026-01-21T07:41:11.877+0000] {processor.py:186} INFO - Started process (PID=2187) to work on /opt/airflow/dags/hello_airflow.py
[2026-01-21T07:41:11.878+0000] {processor.py:914} INFO - Processing file /opt/airflow/dags/hello_airflow.py for tasks to queue
[2026-01-21T07:41:11.880+0000] {logging_mixin.py:190} INFO - [2026-01-21T07:41:11.880+0000] {dagbag.py:588} INFO - Filling up the DagBag from /opt/airflow/dags/hello_airflow.py
[2026-01-21T07:41:11.892+0000] {processor.py:925} INFO - DAG(s) 'hello_airflow' retrieved from /opt/airflow/dags/hello_airflow.py
[2026-01-21T07:41:11.923+0000] {logging_mixin.py:190} INFO - [2026-01-21T07:41:11.922+0000] {dag.py:3239} INFO - Sync 1 DAGs
[2026-01-21T07:41:11.956+0000] {logging_mixin.py:190} INFO - [2026-01-21T07:41:11.955+0000] {dag.py:4180} INFO - Setting next_dagrun for hello_airflow to 2026-01-21 07:40:00+00:00, run_after=2026-01-21 07:41:00+00:00
[2026-01-21T07:41:11.980+0000] {processor.py:208} INFO - Processing /opt/airflow/dags/hello_airflow.py took 0.110 seconds
[2026-01-21T07:41:42.716+0000] {processor.py:186} INFO - Started process (PID=2211) to work on /opt/airflow/dags/hello_airflow.py
[2026-01-21T07:41:42.717+0000] {processor.py:914} INFO - Processing file /opt/airflow/dags/hello_airflow.py for tasks to queue
[2026-01-21T07:41:42.719+0000] {logging_mixin.py:190} INFO - [2026-01-21T07:41:42.719+0000] {dagbag.py:588} INFO - Filling up the DagBag from /opt/airflow/dags/hello_airflow.py
[2026-01-21T07:41:42.732+0000] {processor.py:925} INFO - DAG(s) 'hello_airflow' retrieved from /opt/airflow/dags/hello_airflow.py
[2026-01-21T07:41:42.760+0000] {logging_mixin.py:190} INFO - [2026-01-21T07:41:42.760+0000] {dag.py:3239} INFO - Sync 1 DAGs
[2026-01-21T07:41:42.791+0000] {logging_mixin.py:190} INFO - [2026-01-21T07:41:42.790+0000] {dag.py:4180} INFO - Setting next_dagrun for hello_airflow to 2026-01-21 07:40:00+00:00, run_after=2026-01-21 07:41:00+00:00
[2026-01-21T07:41:42.814+0000] {processor.py:208} INFO - Processing /opt/airflow/dags/hello_airflow.py took 0.105 seconds
[2026-01-21T07:42:13.569+0000] {processor.py:186} INFO - Started process (PID=2236) to work on /opt/airflow/dags/hello_airflow.py
[2026-01-21T07:42:13.570+0000] {processor.py:914} INFO - Processing file /opt/airflow/dags/hello_airflow.py for tasks to queue
[2026-01-21T07:42:13.573+0000] {logging_mixin.py:190} INFO - [2026-01-21T07:42:13.573+0000] {dagbag.py:588} INFO - Filling up the DagBag from /opt/airflow/dags/hello_airflow.py
[2026-01-21T07:42:13.582+0000] {processor.py:925} INFO - DAG(s) 'hello_airflow' retrieved from /opt/airflow/dags/hello_airflow.py
[2026-01-21T07:42:13.606+0000] {logging_mixin.py:190} INFO - [2026-01-21T07:42:13.606+0000] {dag.py:3239} INFO - Sync 1 DAGs
[2026-01-21T07:42:13.634+0000] {logging_mixin.py:190} INFO - [2026-01-21T07:42:13.634+0000] {dag.py:4180} INFO - Setting next_dagrun for hello_airflow to 2026-01-21 07:41:00+00:00, run_after=2026-01-21 07:42:00+00:00
[2026-01-21T07:42:13.651+0000] {processor.py:208} INFO - Processing /opt/airflow/dags/hello_airflow.py took 0.089 seconds
[2026-01-21T07:42:45.330+0000] {processor.py:186} INFO - Started process (PID=2260) to work on /opt/airflow/dags/hello_airflow.py
[2026-01-21T07:42:45.331+0000] {processor.py:914} INFO - Processing file /opt/airflow/dags/hello_airflow.py for tasks to queue
[2026-01-21T07:42:45.335+0000] {logging_mixin.py:190} INFO - [2026-01-21T07:42:45.334+0000] {dagbag.py:588} INFO - Filling up the DagBag from /opt/airflow/dags/hello_airflow.py
[2026-01-21T07:42:45.350+0000] {processor.py:925} INFO - DAG(s) 'hello_airflow' retrieved from /opt/airflow/dags/hello_airflow.py
[2026-01-21T07:42:45.384+0000] {logging_mixin.py:190} INFO - [2026-01-21T07:42:45.384+0000] {dag.py:3239} INFO - Sync 1 DAGs
[2026-01-21T07:42:45.428+0000] {logging_mixin.py:190} INFO - [2026-01-21T07:42:45.427+0000] {dag.py:4180} INFO - Setting next_dagrun for hello_airflow to 2026-01-21 07:41:00+00:00, run_after=2026-01-21 07:42:00+00:00
[2026-01-21T07:42:45.452+0000] {processor.py:208} INFO - Processing /opt/airflow/dags/hello_airflow.py took 0.134 seconds
[2026-01-21T07:43:16.236+0000] {processor.py:186} INFO - Started process (PID=2284) to work on /opt/airflow/dags/hello_airflow.py
[2026-01-21T07:43:16.239+0000] {processor.py:914} INFO - Processing file /opt/airflow/dags/hello_airflow.py for tasks to queue
[2026-01-21T07:43:16.243+0000] {logging_mixin.py:190} INFO - [2026-01-21T07:43:16.243+0000] {dagbag.py:588} INFO - Filling up the DagBag from /opt/airflow/dags/hello_airflow.py
[2026-01-21T07:43:16.258+0000] {processor.py:925} INFO - DAG(s) 'hello_airflow' retrieved from /opt/airflow/dags/hello_airflow.py
[2026-01-21T07:43:16.291+0000] {logging_mixin.py:190} INFO - [2026-01-21T07:43:16.291+0000] {dag.py:3239} INFO - Sync 1 DAGs
[2026-01-21T07:43:16.332+0000] {logging_mixin.py:190} INFO - [2026-01-21T07:43:16.332+0000] {dag.py:4180} INFO - Setting next_dagrun for hello_airflow to 2026-01-21 07:42:00+00:00, run_after=2026-01-21 07:43:00+00:00
[2026-01-21T07:43:16.354+0000] {processor.py:208} INFO - Processing /opt/airflow/dags/hello_airflow.py took 0.127 seconds
[2026-01-21T07:43:47.218+0000] {processor.py:186} INFO - Started process (PID=2308) to work on /opt/airflow/dags/hello_airflow.py
[2026-01-21T07:43:47.220+0000] {processor.py:914} INFO - Processing file /opt/airflow/dags/hello_airflow.py for tasks to queue
[2026-01-21T07:43:47.224+0000] {logging_mixin.py:190} INFO - [2026-01-21T07:43:47.223+0000] {dagbag.py:588} INFO - Filling up the DagBag from /opt/airflow/dags/hello_airflow.py
[2026-01-21T07:43:47.239+0000] {processor.py:925} INFO - DAG(s) 'hello_airflow' retrieved from /opt/airflow/dags/hello_airflow.py
[2026-01-21T07:43:47.267+0000] {logging_mixin.py:190} INFO - [2026-01-21T07:43:47.266+0000] {dag.py:3239} INFO - Sync 1 DAGs
[2026-01-21T07:43:47.298+0000] {logging_mixin.py:190} INFO - [2026-01-21T07:43:47.297+0000] {dag.py:4180} INFO - Setting next_dagrun for hello_airflow to 2026-01-21 07:42:00+00:00, run_after=2026-01-21 07:43:00+00:00
[2026-01-21T07:43:47.317+0000] {processor.py:208} INFO - Processing /opt/airflow/dags/hello_airflow.py took 0.105 seconds
[2026-01-21T07:44:18.012+0000] {processor.py:186} INFO - Started process (PID=2332) to work on /opt/airflow/dags/hello_airflow.py
[2026-01-21T07:44:18.013+0000] {processor.py:914} INFO - Processing file /opt/airflow/dags/hello_airflow.py for tasks to queue
[2026-01-21T07:44:18.015+0000] {logging_mixin.py:190} INFO - [2026-01-21T07:44:18.015+0000] {dagbag.py:588} INFO - Filling up the DagBag from /opt/airflow/dags/hello_airflow.py
[2026-01-21T07:44:18.025+0000] {processor.py:925} INFO - DAG(s) 'hello_airflow' retrieved from /opt/airflow/dags/hello_airflow.py
[2026-01-21T07:44:18.052+0000] {logging_mixin.py:190} INFO - [2026-01-21T07:44:18.052+0000] {dag.py:3239} INFO - Sync 1 DAGs
[2026-01-21T07:44:18.086+0000] {logging_mixin.py:190} INFO - [2026-01-21T07:44:18.086+0000] {dag.py:4180} INFO - Setting next_dagrun for hello_airflow to 2026-01-21 07:43:00+00:00, run_after=2026-01-21 07:44:00+00:00
[2026-01-21T07:44:18.107+0000] {processor.py:208} INFO - Processing /opt/airflow/dags/hello_airflow.py took 0.101 seconds
[2026-01-21T07:44:49.720+0000] {processor.py:186} INFO - Started process (PID=2362) to work on /opt/airflow/dags/hello_airflow.py
[2026-01-21T07:44:49.721+0000] {processor.py:914} INFO - Processing file /opt/airflow/dags/hello_airflow.py for tasks to queue
[2026-01-21T07:44:49.723+0000] {logging_mixin.py:190} INFO - [2026-01-21T07:44:49.723+0000] {dagbag.py:588} INFO - Filling up the DagBag from /opt/airflow/dags/hello_airflow.py
[2026-01-21T07:44:49.735+0000] {processor.py:925} INFO - DAG(s) 'hello_airflow' retrieved from /opt/airflow/dags/hello_airflow.py
[2026-01-21T07:44:49.763+0000] {logging_mixin.py:190} INFO - [2026-01-21T07:44:49.763+0000] {dag.py:3239} INFO - Sync 1 DAGs
[2026-01-21T07:44:49.794+0000] {logging_mixin.py:190} INFO - [2026-01-21T07:44:49.794+0000] {dag.py:4180} INFO - Setting next_dagrun for hello_airflow to 2026-01-21 07:43:00+00:00, run_after=2026-01-21 07:44:00+00:00
[2026-01-21T07:44:49.814+0000] {processor.py:208} INFO - Processing /opt/airflow/dags/hello_airflow.py took 0.101 seconds
[2026-01-21T07:45:20.502+0000] {processor.py:186} INFO - Started process (PID=2386) to work on /opt/airflow/dags/hello_airflow.py
[2026-01-21T07:45:20.504+0000] {processor.py:914} INFO - Processing file /opt/airflow/dags/hello_airflow.py for tasks to queue
[2026-01-21T07:45:20.506+0000] {logging_mixin.py:190} INFO - [2026-01-21T07:45:20.506+0000] {dagbag.py:588} INFO - Filling up the DagBag from /opt/airflow/dags/hello_airflow.py
[2026-01-21T07:45:20.520+0000] {processor.py:925} INFO - DAG(s) 'hello_airflow' retrieved from /opt/airflow/dags/hello_airflow.py
[2026-01-21T07:45:20.550+0000] {logging_mixin.py:190} INFO - [2026-01-21T07:45:20.550+0000] {dag.py:3239} INFO - Sync 1 DAGs
[2026-01-21T07:45:20.585+0000] {logging_mixin.py:190} INFO - [2026-01-21T07:45:20.585+0000] {dag.py:4180} INFO - Setting next_dagrun for hello_airflow to 2026-01-21 07:44:00+00:00, run_after=2026-01-21 07:45:00+00:00
[2026-01-21T07:45:20.607+0000] {processor.py:208} INFO - Processing /opt/airflow/dags/hello_airflow.py took 0.111 seconds
[2026-01-21T07:45:51.474+0000] {processor.py:186} INFO - Started process (PID=2410) to work on /opt/airflow/dags/hello_airflow.py
[2026-01-21T07:45:51.475+0000] {processor.py:914} INFO - Processing file /opt/airflow/dags/hello_airflow.py for tasks to queue
[2026-01-21T07:45:51.477+0000] {logging_mixin.py:190} INFO - [2026-01-21T07:45:51.477+0000] {dagbag.py:588} INFO - Filling up the DagBag from /opt/airflow/dags/hello_airflow.py
[2026-01-21T07:45:51.490+0000] {processor.py:925} INFO - DAG(s) 'hello_airflow' retrieved from /opt/airflow/dags/hello_airflow.py
[2026-01-21T07:45:51.519+0000] {logging_mixin.py:190} INFO - [2026-01-21T07:45:51.518+0000] {dag.py:3239} INFO - Sync 1 DAGs
[2026-01-21T07:45:51.552+0000] {logging_mixin.py:190} INFO - [2026-01-21T07:45:51.551+0000] {dag.py:4180} INFO - Setting next_dagrun for hello_airflow to 2026-01-21 07:44:00+00:00, run_after=2026-01-21 07:45:00+00:00
[2026-01-21T07:45:51.574+0000] {processor.py:208} INFO - Processing /opt/airflow/dags/hello_airflow.py took 0.108 seconds
[2026-01-21T07:46:22.591+0000] {processor.py:186} INFO - Started process (PID=2434) to work on /opt/airflow/dags/hello_airflow.py
[2026-01-21T07:46:22.592+0000] {processor.py:914} INFO - Processing file /opt/airflow/dags/hello_airflow.py for tasks to queue
[2026-01-21T07:46:22.594+0000] {logging_mixin.py:190} INFO - [2026-01-21T07:46:22.594+0000] {dagbag.py:588} INFO - Filling up the DagBag from /opt/airflow/dags/hello_airflow.py
[2026-01-21T07:46:22.608+0000] {processor.py:925} INFO - DAG(s) 'hello_airflow' retrieved from /opt/airflow/dags/hello_airflow.py
[2026-01-21T07:46:22.638+0000] {logging_mixin.py:190} INFO - [2026-01-21T07:46:22.637+0000] {dag.py:3239} INFO - Sync 1 DAGs
[2026-01-21T07:46:22.665+0000] {logging_mixin.py:190} INFO - [2026-01-21T07:46:22.665+0000] {dag.py:4180} INFO - Setting next_dagrun for hello_airflow to 2026-01-21 07:45:00+00:00, run_after=2026-01-21 07:46:00+00:00
[2026-01-21T07:46:22.684+0000] {processor.py:208} INFO - Processing /opt/airflow/dags/hello_airflow.py took 0.101 seconds
[2026-01-21T07:46:53.526+0000] {processor.py:186} INFO - Started process (PID=2458) to work on /opt/airflow/dags/hello_airflow.py
[2026-01-21T07:46:53.527+0000] {processor.py:914} INFO - Processing file /opt/airflow/dags/hello_airflow.py for tasks to queue
[2026-01-21T07:46:53.530+0000] {logging_mixin.py:190} INFO - [2026-01-21T07:46:53.529+0000] {dagbag.py:588} INFO - Filling up the DagBag from /opt/airflow/dags/hello_airflow.py
[2026-01-21T07:46:53.541+0000] {processor.py:925} INFO - DAG(s) 'hello_airflow' retrieved from /opt/airflow/dags/hello_airflow.py
[2026-01-21T07:46:53.577+0000] {logging_mixin.py:190} INFO - [2026-01-21T07:46:53.577+0000] {dag.py:3239} INFO - Sync 1 DAGs
[2026-01-21T07:46:53.613+0000] {logging_mixin.py:190} INFO - [2026-01-21T07:46:53.612+0000] {dag.py:4180} INFO - Setting next_dagrun for hello_airflow to 2026-01-21 07:45:00+00:00, run_after=2026-01-21 07:46:00+00:00
[2026-01-21T07:46:53.643+0000] {processor.py:208} INFO - Processing /opt/airflow/dags/hello_airflow.py took 0.125 seconds
[2026-01-21T07:47:24.432+0000] {processor.py:186} INFO - Started process (PID=2482) to work on /opt/airflow/dags/hello_airflow.py
[2026-01-21T07:47:24.434+0000] {processor.py:914} INFO - Processing file /opt/airflow/dags/hello_airflow.py for tasks to queue
[2026-01-21T07:47:24.437+0000] {logging_mixin.py:190} INFO - [2026-01-21T07:47:24.437+0000] {dagbag.py:588} INFO - Filling up the DagBag from /opt/airflow/dags/hello_airflow.py
[2026-01-21T07:47:24.452+0000] {processor.py:925} INFO - DAG(s) 'hello_airflow' retrieved from /opt/airflow/dags/hello_airflow.py
[2026-01-21T07:47:24.475+0000] {logging_mixin.py:190} INFO - [2026-01-21T07:47:24.475+0000] {dag.py:3239} INFO - Sync 1 DAGs
[2026-01-21T07:47:24.502+0000] {logging_mixin.py:190} INFO - [2026-01-21T07:47:24.501+0000] {dag.py:4180} INFO - Setting next_dagrun for hello_airflow to 2026-01-21 07:46:00+00:00, run_after=2026-01-21 07:47:00+00:00
[2026-01-21T07:47:24.523+0000] {processor.py:208} INFO - Processing /opt/airflow/dags/hello_airflow.py took 0.097 seconds
[2026-01-21T07:47:55.158+0000] {processor.py:186} INFO - Started process (PID=2505) to work on /opt/airflow/dags/hello_airflow.py
[2026-01-21T07:47:55.159+0000] {processor.py:914} INFO - Processing file /opt/airflow/dags/hello_airflow.py for tasks to queue
[2026-01-21T07:47:55.161+0000] {logging_mixin.py:190} INFO - [2026-01-21T07:47:55.161+0000] {dagbag.py:588} INFO - Filling up the DagBag from /opt/airflow/dags/hello_airflow.py
[2026-01-21T07:47:55.171+0000] {processor.py:925} INFO - DAG(s) 'hello_airflow' retrieved from /opt/airflow/dags/hello_airflow.py
[2026-01-21T07:47:55.194+0000] {logging_mixin.py:190} INFO - [2026-01-21T07:47:55.194+0000] {dag.py:3239} INFO - Sync 1 DAGs
[2026-01-21T07:47:55.235+0000] {logging_mixin.py:190} INFO - [2026-01-21T07:47:55.235+0000] {dag.py:4180} INFO - Setting next_dagrun for hello_airflow to 2026-01-21 07:46:00+00:00, run_after=2026-01-21 07:47:00+00:00
[2026-01-21T07:47:55.259+0000] {processor.py:208} INFO - Processing /opt/airflow/dags/hello_airflow.py took 0.107 seconds
[2026-01-21T07:48:26.222+0000] {processor.py:186} INFO - Started process (PID=2528) to work on /opt/airflow/dags/hello_airflow.py
[2026-01-21T07:48:26.224+0000] {processor.py:914} INFO - Processing file /opt/airflow/dags/hello_airflow.py for tasks to queue
[2026-01-21T07:48:26.228+0000] {logging_mixin.py:190} INFO - [2026-01-21T07:48:26.227+0000] {dagbag.py:588} INFO - Filling up the DagBag from /opt/airflow/dags/hello_airflow.py
[2026-01-21T07:48:26.244+0000] {processor.py:925} INFO - DAG(s) 'hello_airflow' retrieved from /opt/airflow/dags/hello_airflow.py
[2026-01-21T07:48:26.278+0000] {logging_mixin.py:190} INFO - [2026-01-21T07:48:26.277+0000] {dag.py:3239} INFO - Sync 1 DAGs
[2026-01-21T07:48:26.321+0000] {logging_mixin.py:190} INFO - [2026-01-21T07:48:26.321+0000] {dag.py:4180} INFO - Setting next_dagrun for hello_airflow to 2026-01-21 07:47:00+00:00, run_after=2026-01-21 07:48:00+00:00
[2026-01-21T07:48:26.341+0000] {processor.py:208} INFO - Processing /opt/airflow/dags/hello_airflow.py took 0.128 seconds
[2026-01-21T07:48:57.379+0000] {processor.py:186} INFO - Started process (PID=2552) to work on /opt/airflow/dags/hello_airflow.py
[2026-01-21T07:48:57.380+0000] {processor.py:914} INFO - Processing file /opt/airflow/dags/hello_airflow.py for tasks to queue
[2026-01-21T07:48:57.383+0000] {logging_mixin.py:190} INFO - [2026-01-21T07:48:57.383+0000] {dagbag.py:588} INFO - Filling up the DagBag from /opt/airflow/dags/hello_airflow.py
[2026-01-21T07:48:57.397+0000] {processor.py:925} INFO - DAG(s) 'hello_airflow' retrieved from /opt/airflow/dags/hello_airflow.py
[2026-01-21T07:48:57.425+0000] {logging_mixin.py:190} INFO - [2026-01-21T07:48:57.424+0000] {dag.py:3239} INFO - Sync 1 DAGs
[2026-01-21T07:48:57.459+0000] {logging_mixin.py:190} INFO - [2026-01-21T07:48:57.459+0000] {dag.py:4180} INFO - Setting next_dagrun for hello_airflow to 2026-01-21 07:47:00+00:00, run_after=2026-01-21 07:48:00+00:00
[2026-01-21T07:48:57.491+0000] {processor.py:208} INFO - Processing /opt/airflow/dags/hello_airflow.py took 0.118 seconds
[2026-01-21T07:49:28.193+0000] {processor.py:186} INFO - Started process (PID=2576) to work on /opt/airflow/dags/hello_airflow.py
[2026-01-21T07:49:28.194+0000] {processor.py:914} INFO - Processing file /opt/airflow/dags/hello_airflow.py for tasks to queue
[2026-01-21T07:49:28.196+0000] {logging_mixin.py:190} INFO - [2026-01-21T07:49:28.195+0000] {dagbag.py:588} INFO - Filling up the DagBag from /opt/airflow/dags/hello_airflow.py
[2026-01-21T07:49:28.206+0000] {processor.py:925} INFO - DAG(s) 'hello_airflow' retrieved from /opt/airflow/dags/hello_airflow.py
[2026-01-21T07:49:28.232+0000] {logging_mixin.py:190} INFO - [2026-01-21T07:49:28.231+0000] {dag.py:3239} INFO - Sync 1 DAGs
[2026-01-21T07:49:28.261+0000] {logging_mixin.py:190} INFO - [2026-01-21T07:49:28.261+0000] {dag.py:4180} INFO - Setting next_dagrun for hello_airflow to 2026-01-21 07:48:00+00:00, run_after=2026-01-21 07:49:00+00:00
[2026-01-21T07:49:28.280+0000] {processor.py:208} INFO - Processing /opt/airflow/dags/hello_airflow.py took 0.094 seconds
[2026-01-21T07:49:58.908+0000] {processor.py:186} INFO - Started process (PID=2600) to work on /opt/airflow/dags/hello_airflow.py
[2026-01-21T07:49:58.909+0000] {processor.py:914} INFO - Processing file /opt/airflow/dags/hello_airflow.py for tasks to queue
[2026-01-21T07:49:58.912+0000] {logging_mixin.py:190} INFO - [2026-01-21T07:49:58.912+0000] {dagbag.py:588} INFO - Filling up the DagBag from /opt/airflow/dags/hello_airflow.py
[2026-01-21T07:49:58.927+0000] {processor.py:925} INFO - DAG(s) 'hello_airflow' retrieved from /opt/airflow/dags/hello_airflow.py
[2026-01-21T07:49:58.955+0000] {logging_mixin.py:190} INFO - [2026-01-21T07:49:58.955+0000] {dag.py:3239} INFO - Sync 1 DAGs
[2026-01-21T07:49:58.993+0000] {logging_mixin.py:190} INFO - [2026-01-21T07:49:58.993+0000] {dag.py:4180} INFO - Setting next_dagrun for hello_airflow to 2026-01-21 07:48:00+00:00, run_after=2026-01-21 07:49:00+00:00
[2026-01-21T07:49:59.013+0000] {processor.py:208} INFO - Processing /opt/airflow/dags/hello_airflow.py took 0.113 seconds
[2026-01-21T07:50:29.754+0000] {processor.py:186} INFO - Started process (PID=2624) to work on /opt/airflow/dags/hello_airflow.py
[2026-01-21T07:50:29.755+0000] {processor.py:914} INFO - Processing file /opt/airflow/dags/hello_airflow.py for tasks to queue
[2026-01-21T07:50:29.758+0000] {logging_mixin.py:190} INFO - [2026-01-21T07:50:29.758+0000] {dagbag.py:588} INFO - Filling up the DagBag from /opt/airflow/dags/hello_airflow.py
[2026-01-21T07:50:29.773+0000] {processor.py:925} INFO - DAG(s) 'hello_airflow' retrieved from /opt/airflow/dags/hello_airflow.py
[2026-01-21T07:50:29.801+0000] {logging_mixin.py:190} INFO - [2026-01-21T07:50:29.801+0000] {dag.py:3239} INFO - Sync 1 DAGs
[2026-01-21T07:50:29.848+0000] {logging_mixin.py:190} INFO - [2026-01-21T07:50:29.848+0000] {dag.py:4180} INFO - Setting next_dagrun for hello_airflow to 2026-01-21 07:49:00+00:00, run_after=2026-01-21 07:50:00+00:00
[2026-01-21T07:50:29.871+0000] {processor.py:208} INFO - Processing /opt/airflow/dags/hello_airflow.py took 0.126 seconds
[2026-01-21T07:51:00.584+0000] {processor.py:186} INFO - Started process (PID=2648) to work on /opt/airflow/dags/hello_airflow.py
[2026-01-21T07:51:00.585+0000] {processor.py:914} INFO - Processing file /opt/airflow/dags/hello_airflow.py for tasks to queue
[2026-01-21T07:51:00.590+0000] {logging_mixin.py:190} INFO - [2026-01-21T07:51:00.590+0000] {dagbag.py:588} INFO - Filling up the DagBag from /opt/airflow/dags/hello_airflow.py
[2026-01-21T07:51:00.606+0000] {processor.py:925} INFO - DAG(s) 'hello_airflow' retrieved from /opt/airflow/dags/hello_airflow.py
[2026-01-21T07:51:00.632+0000] {logging_mixin.py:190} INFO - [2026-01-21T07:51:00.632+0000] {dag.py:3239} INFO - Sync 1 DAGs
[2026-01-21T07:51:00.673+0000] {logging_mixin.py:190} INFO - [2026-01-21T07:51:00.673+0000] {dag.py:4180} INFO - Setting next_dagrun for hello_airflow to 2026-01-21 07:50:00+00:00, run_after=2026-01-21 07:51:00+00:00
[2026-01-21T07:51:00.695+0000] {processor.py:208} INFO - Processing /opt/airflow/dags/hello_airflow.py took 0.118 seconds
[2026-01-21T07:51:31.539+0000] {processor.py:186} INFO - Started process (PID=2672) to work on /opt/airflow/dags/hello_airflow.py
[2026-01-21T07:51:31.540+0000] {processor.py:914} INFO - Processing file /opt/airflow/dags/hello_airflow.py for tasks to queue
[2026-01-21T07:51:31.543+0000] {logging_mixin.py:190} INFO - [2026-01-21T07:51:31.542+0000] {dagbag.py:588} INFO - Filling up the DagBag from /opt/airflow/dags/hello_airflow.py
[2026-01-21T07:51:31.553+0000] {processor.py:925} INFO - DAG(s) 'hello_airflow' retrieved from /opt/airflow/dags/hello_airflow.py
[2026-01-21T07:51:31.580+0000] {logging_mixin.py:190} INFO - [2026-01-21T07:51:31.580+0000] {dag.py:3239} INFO - Sync 1 DAGs
[2026-01-21T07:51:31.608+0000] {logging_mixin.py:190} INFO - [2026-01-21T07:51:31.608+0000] {dag.py:4180} INFO - Setting next_dagrun for hello_airflow to 2026-01-21 07:50:00+00:00, run_after=2026-01-21 07:51:00+00:00
[2026-01-21T07:51:31.627+0000] {processor.py:208} INFO - Processing /opt/airflow/dags/hello_airflow.py took 0.096 seconds
[2026-01-21T07:52:02.763+0000] {processor.py:186} INFO - Started process (PID=2696) to work on /opt/airflow/dags/hello_airflow.py
[2026-01-21T07:52:02.765+0000] {processor.py:914} INFO - Processing file /opt/airflow/dags/hello_airflow.py for tasks to queue
[2026-01-21T07:52:02.767+0000] {logging_mixin.py:190} INFO - [2026-01-21T07:52:02.767+0000] {dagbag.py:588} INFO - Filling up the DagBag from /opt/airflow/dags/hello_airflow.py
[2026-01-21T07:52:02.779+0000] {processor.py:925} INFO - DAG(s) 'hello_airflow' retrieved from /opt/airflow/dags/hello_airflow.py
[2026-01-21T07:52:02.801+0000] {logging_mixin.py:190} INFO - [2026-01-21T07:52:02.801+0000] {dag.py:3239} INFO - Sync 1 DAGs
[2026-01-21T07:52:02.831+0000] {logging_mixin.py:190} INFO - [2026-01-21T07:52:02.831+0000] {dag.py:4180} INFO - Setting next_dagrun for hello_airflow to 2026-01-21 07:51:00+00:00, run_after=2026-01-21 07:52:00+00:00
[2026-01-21T07:52:02.849+0000] {processor.py:208} INFO - Processing /opt/airflow/dags/hello_airflow.py took 0.095 seconds
[2026-01-21T07:52:33.703+0000] {processor.py:186} INFO - Started process (PID=2720) to work on /opt/airflow/dags/hello_airflow.py
[2026-01-21T07:52:33.705+0000] {processor.py:914} INFO - Processing file /opt/airflow/dags/hello_airflow.py for tasks to queue
[2026-01-21T07:52:33.708+0000] {logging_mixin.py:190} INFO - [2026-01-21T07:52:33.707+0000] {dagbag.py:588} INFO - Filling up the DagBag from /opt/airflow/dags/hello_airflow.py
[2026-01-21T07:52:33.719+0000] {processor.py:925} INFO - DAG(s) 'hello_airflow' retrieved from /opt/airflow/dags/hello_airflow.py
[2026-01-21T07:52:33.753+0000] {logging_mixin.py:190} INFO - [2026-01-21T07:52:33.752+0000] {dag.py:3239} INFO - Sync 1 DAGs
[2026-01-21T07:52:33.791+0000] {logging_mixin.py:190} INFO - [2026-01-21T07:52:33.791+0000] {dag.py:4180} INFO - Setting next_dagrun for hello_airflow to 2026-01-21 07:51:00+00:00, run_after=2026-01-21 07:52:00+00:00
[2026-01-21T07:52:33.818+0000] {processor.py:208} INFO - Processing /opt/airflow/dags/hello_airflow.py took 0.121 seconds
[2026-01-21T07:53:05.030+0000] {processor.py:186} INFO - Started process (PID=2744) to work on /opt/airflow/dags/hello_airflow.py
[2026-01-21T07:53:05.031+0000] {processor.py:914} INFO - Processing file /opt/airflow/dags/hello_airflow.py for tasks to queue
[2026-01-21T07:53:05.035+0000] {logging_mixin.py:190} INFO - [2026-01-21T07:53:05.034+0000] {dagbag.py:588} INFO - Filling up the DagBag from /opt/airflow/dags/hello_airflow.py
[2026-01-21T07:53:05.050+0000] {processor.py:925} INFO - DAG(s) 'hello_airflow' retrieved from /opt/airflow/dags/hello_airflow.py
[2026-01-21T07:53:05.091+0000] {logging_mixin.py:190} INFO - [2026-01-21T07:53:05.091+0000] {dag.py:3239} INFO - Sync 1 DAGs
[2026-01-21T07:53:05.146+0000] {logging_mixin.py:190} INFO - [2026-01-21T07:53:05.146+0000] {dag.py:4180} INFO - Setting next_dagrun for hello_airflow to 2026-01-21 07:52:00+00:00, run_after=2026-01-21 07:53:00+00:00
[2026-01-21T07:53:05.190+0000] {processor.py:208} INFO - Processing /opt/airflow/dags/hello_airflow.py took 0.169 seconds
[2026-01-21T07:53:36.506+0000] {processor.py:186} INFO - Started process (PID=2768) to work on /opt/airflow/dags/hello_airflow.py
[2026-01-21T07:53:36.507+0000] {processor.py:914} INFO - Processing file /opt/airflow/dags/hello_airflow.py for tasks to queue
[2026-01-21T07:53:36.510+0000] {logging_mixin.py:190} INFO - [2026-01-21T07:53:36.510+0000] {dagbag.py:588} INFO - Filling up the DagBag from /opt/airflow/dags/hello_airflow.py
[2026-01-21T07:53:36.536+0000] {processor.py:925} INFO - DAG(s) 'hello_airflow' retrieved from /opt/airflow/dags/hello_airflow.py
[2026-01-21T07:53:36.562+0000] {logging_mixin.py:190} INFO - [2026-01-21T07:53:36.562+0000] {dag.py:3239} INFO - Sync 1 DAGs
[2026-01-21T07:53:36.593+0000] {logging_mixin.py:190} INFO - [2026-01-21T07:53:36.593+0000] {dag.py:4180} INFO - Setting next_dagrun for hello_airflow to 2026-01-21 07:52:00+00:00, run_after=2026-01-21 07:53:00+00:00
[2026-01-21T07:53:36.612+0000] {processor.py:208} INFO - Processing /opt/airflow/dags/hello_airflow.py took 0.116 seconds
[2026-01-21T07:54:07.341+0000] {processor.py:186} INFO - Started process (PID=2792) to work on /opt/airflow/dags/hello_airflow.py
[2026-01-21T07:54:07.343+0000] {processor.py:914} INFO - Processing file /opt/airflow/dags/hello_airflow.py for tasks to queue
[2026-01-21T07:54:07.345+0000] {logging_mixin.py:190} INFO - [2026-01-21T07:54:07.345+0000] {dagbag.py:588} INFO - Filling up the DagBag from /opt/airflow/dags/hello_airflow.py
[2026-01-21T07:54:07.368+0000] {processor.py:925} INFO - DAG(s) 'hello_airflow' retrieved from /opt/airflow/dags/hello_airflow.py
[2026-01-21T07:54:07.392+0000] {logging_mixin.py:190} INFO - [2026-01-21T07:54:07.392+0000] {dag.py:3239} INFO - Sync 1 DAGs
[2026-01-21T07:54:07.427+0000] {logging_mixin.py:190} INFO - [2026-01-21T07:54:07.426+0000] {dag.py:4180} INFO - Setting next_dagrun for hello_airflow to 2026-01-21 07:53:00+00:00, run_after=2026-01-21 07:54:00+00:00
[2026-01-21T07:54:07.448+0000] {processor.py:208} INFO - Processing /opt/airflow/dags/hello_airflow.py took 0.127 seconds
[2026-01-21T07:54:38.536+0000] {processor.py:186} INFO - Started process (PID=2816) to work on /opt/airflow/dags/hello_airflow.py
[2026-01-21T07:54:38.537+0000] {processor.py:914} INFO - Processing file /opt/airflow/dags/hello_airflow.py for tasks to queue
[2026-01-21T07:54:38.540+0000] {logging_mixin.py:190} INFO - [2026-01-21T07:54:38.540+0000] {dagbag.py:588} INFO - Filling up the DagBag from /opt/airflow/dags/hello_airflow.py
[2026-01-21T07:54:38.551+0000] {processor.py:925} INFO - DAG(s) 'hello_airflow' retrieved from /opt/airflow/dags/hello_airflow.py
[2026-01-21T07:54:38.580+0000] {logging_mixin.py:190} INFO - [2026-01-21T07:54:38.580+0000] {dag.py:3239} INFO - Sync 1 DAGs
[2026-01-21T07:54:38.612+0000] {logging_mixin.py:190} INFO - [2026-01-21T07:54:38.612+0000] {dag.py:4180} INFO - Setting next_dagrun for hello_airflow to 2026-01-21 07:53:00+00:00, run_after=2026-01-21 07:54:00+00:00
[2026-01-21T07:54:38.635+0000] {processor.py:208} INFO - Processing /opt/airflow/dags/hello_airflow.py took 0.106 seconds
[2026-01-21T07:55:09.512+0000] {processor.py:186} INFO - Started process (PID=2839) to work on /opt/airflow/dags/hello_airflow.py
[2026-01-21T07:55:09.513+0000] {processor.py:914} INFO - Processing file /opt/airflow/dags/hello_airflow.py for tasks to queue
[2026-01-21T07:55:09.515+0000] {logging_mixin.py:190} INFO - [2026-01-21T07:55:09.514+0000] {dagbag.py:588} INFO - Filling up the DagBag from /opt/airflow/dags/hello_airflow.py
[2026-01-21T07:55:09.523+0000] {processor.py:925} INFO - DAG(s) 'hello_airflow' retrieved from /opt/airflow/dags/hello_airflow.py
[2026-01-21T07:55:09.545+0000] {logging_mixin.py:190} INFO - [2026-01-21T07:55:09.545+0000] {dag.py:3239} INFO - Sync 1 DAGs
[2026-01-21T07:55:09.573+0000] {logging_mixin.py:190} INFO - [2026-01-21T07:55:09.572+0000] {dag.py:4180} INFO - Setting next_dagrun for hello_airflow to 2026-01-21 07:54:00+00:00, run_after=2026-01-21 07:55:00+00:00
[2026-01-21T07:55:09.588+0000] {processor.py:208} INFO - Processing /opt/airflow/dags/hello_airflow.py took 0.082 seconds
[2026-01-21T07:55:40.137+0000] {processor.py:186} INFO - Started process (PID=2863) to work on /opt/airflow/dags/hello_airflow.py
[2026-01-21T07:55:40.138+0000] {processor.py:914} INFO - Processing file /opt/airflow/dags/hello_airflow.py for tasks to queue
[2026-01-21T07:55:40.142+0000] {logging_mixin.py:190} INFO - [2026-01-21T07:55:40.141+0000] {dagbag.py:588} INFO - Filling up the DagBag from /opt/airflow/dags/hello_airflow.py
[2026-01-21T07:55:40.152+0000] {processor.py:925} INFO - DAG(s) 'hello_airflow' retrieved from /opt/airflow/dags/hello_airflow.py
[2026-01-21T07:55:40.180+0000] {logging_mixin.py:190} INFO - [2026-01-21T07:55:40.180+0000] {dag.py:3239} INFO - Sync 1 DAGs
[2026-01-21T07:55:40.219+0000] {logging_mixin.py:190} INFO - [2026-01-21T07:55:40.219+0000] {dag.py:4180} INFO - Setting next_dagrun for hello_airflow to 2026-01-21 07:54:00+00:00, run_after=2026-01-21 07:55:00+00:00
[2026-01-21T07:55:40.239+0000] {processor.py:208} INFO - Processing /opt/airflow/dags/hello_airflow.py took 0.111 seconds
[2026-01-21T07:56:10.275+0000] {processor.py:186} INFO - Started process (PID=2884) to work on /opt/airflow/dags/hello_airflow.py
[2026-01-21T07:56:10.276+0000] {processor.py:914} INFO - Processing file /opt/airflow/dags/hello_airflow.py for tasks to queue
[2026-01-21T07:56:10.278+0000] {logging_mixin.py:190} INFO - [2026-01-21T07:56:10.278+0000] {dagbag.py:588} INFO - Filling up the DagBag from /opt/airflow/dags/hello_airflow.py
[2026-01-21T07:56:10.286+0000] {processor.py:925} INFO - DAG(s) 'hello_airflow' retrieved from /opt/airflow/dags/hello_airflow.py
[2026-01-21T07:56:10.307+0000] {logging_mixin.py:190} INFO - [2026-01-21T07:56:10.306+0000] {dag.py:3239} INFO - Sync 1 DAGs
[2026-01-21T07:56:10.336+0000] {logging_mixin.py:190} INFO - [2026-01-21T07:56:10.335+0000] {dag.py:4180} INFO - Setting next_dagrun for hello_airflow to 2026-01-21 07:55:00+00:00, run_after=2026-01-21 07:56:00+00:00
[2026-01-21T07:56:10.352+0000] {processor.py:208} INFO - Processing /opt/airflow/dags/hello_airflow.py took 0.082 seconds
[2026-01-21T07:56:40.974+0000] {processor.py:186} INFO - Started process (PID=2908) to work on /opt/airflow/dags/hello_airflow.py
[2026-01-21T07:56:40.975+0000] {processor.py:914} INFO - Processing file /opt/airflow/dags/hello_airflow.py for tasks to queue
[2026-01-21T07:56:40.979+0000] {logging_mixin.py:190} INFO - [2026-01-21T07:56:40.979+0000] {dagbag.py:588} INFO - Filling up the DagBag from /opt/airflow/dags/hello_airflow.py
[2026-01-21T07:56:40.997+0000] {processor.py:925} INFO - DAG(s) 'hello_airflow' retrieved from /opt/airflow/dags/hello_airflow.py
[2026-01-21T07:56:41.025+0000] {logging_mixin.py:190} INFO - [2026-01-21T07:56:41.025+0000] {dag.py:3239} INFO - Sync 1 DAGs
[2026-01-21T07:56:41.058+0000] {logging_mixin.py:190} INFO - [2026-01-21T07:56:41.058+0000] {dag.py:4180} INFO - Setting next_dagrun for hello_airflow to 2026-01-21 07:55:00+00:00, run_after=2026-01-21 07:56:00+00:00
[2026-01-21T07:56:41.086+0000] {processor.py:208} INFO - Processing /opt/airflow/dags/hello_airflow.py took 0.122 seconds
[2026-01-21T07:57:11.438+0000] {processor.py:186} INFO - Started process (PID=2931) to work on /opt/airflow/dags/hello_airflow.py
[2026-01-21T07:57:11.439+0000] {processor.py:914} INFO - Processing file /opt/airflow/dags/hello_airflow.py for tasks to queue
[2026-01-21T07:57:11.442+0000] {logging_mixin.py:190} INFO - [2026-01-21T07:57:11.442+0000] {dagbag.py:588} INFO - Filling up the DagBag from /opt/airflow/dags/hello_airflow.py
[2026-01-21T07:57:11.453+0000] {processor.py:925} INFO - DAG(s) 'hello_airflow' retrieved from /opt/airflow/dags/hello_airflow.py
[2026-01-21T07:57:11.476+0000] {logging_mixin.py:190} INFO - [2026-01-21T07:57:11.476+0000] {dag.py:3239} INFO - Sync 1 DAGs
[2026-01-21T07:57:11.500+0000] {logging_mixin.py:190} INFO - [2026-01-21T07:57:11.499+0000] {dag.py:4180} INFO - Setting next_dagrun for hello_airflow to 2026-01-21 07:56:00+00:00, run_after=2026-01-21 07:57:00+00:00
[2026-01-21T07:57:11.528+0000] {processor.py:208} INFO - Processing /opt/airflow/dags/hello_airflow.py took 0.106 seconds
[2026-01-21T07:57:41.952+0000] {processor.py:186} INFO - Started process (PID=2955) to work on /opt/airflow/dags/hello_airflow.py
[2026-01-21T07:57:41.953+0000] {processor.py:914} INFO - Processing file /opt/airflow/dags/hello_airflow.py for tasks to queue
[2026-01-21T07:57:41.956+0000] {logging_mixin.py:190} INFO - [2026-01-21T07:57:41.956+0000] {dagbag.py:588} INFO - Filling up the DagBag from /opt/airflow/dags/hello_airflow.py
[2026-01-21T07:57:41.966+0000] {processor.py:925} INFO - DAG(s) 'hello_airflow' retrieved from /opt/airflow/dags/hello_airflow.py
[2026-01-21T07:57:41.988+0000] {logging_mixin.py:190} INFO - [2026-01-21T07:57:41.988+0000] {dag.py:3239} INFO - Sync 1 DAGs
[2026-01-21T07:57:42.012+0000] {logging_mixin.py:190} INFO - [2026-01-21T07:57:42.012+0000] {dag.py:4180} INFO - Setting next_dagrun for hello_airflow to 2026-01-21 07:56:00+00:00, run_after=2026-01-21 07:57:00+00:00
[2026-01-21T07:57:42.028+0000] {processor.py:208} INFO - Processing /opt/airflow/dags/hello_airflow.py took 0.089 seconds
[2026-01-21T07:58:12.565+0000] {processor.py:186} INFO - Started process (PID=2979) to work on /opt/airflow/dags/hello_airflow.py
[2026-01-21T07:58:12.567+0000] {processor.py:914} INFO - Processing file /opt/airflow/dags/hello_airflow.py for tasks to queue
[2026-01-21T07:58:12.571+0000] {logging_mixin.py:190} INFO - [2026-01-21T07:58:12.570+0000] {dagbag.py:588} INFO - Filling up the DagBag from /opt/airflow/dags/hello_airflow.py
[2026-01-21T07:58:12.587+0000] {processor.py:925} INFO - DAG(s) 'hello_airflow' retrieved from /opt/airflow/dags/hello_airflow.py
[2026-01-21T07:58:12.613+0000] {logging_mixin.py:190} INFO - [2026-01-21T07:58:12.613+0000] {dag.py:3239} INFO - Sync 1 DAGs
[2026-01-21T07:58:12.642+0000] {logging_mixin.py:190} INFO - [2026-01-21T07:58:12.642+0000] {dag.py:4180} INFO - Setting next_dagrun for hello_airflow to 2026-01-21 07:57:00+00:00, run_after=2026-01-21 07:58:00+00:00
[2026-01-21T07:58:12.669+0000] {processor.py:208} INFO - Processing /opt/airflow/dags/hello_airflow.py took 0.117 seconds
[2026-01-21T07:58:43.408+0000] {processor.py:186} INFO - Started process (PID=3003) to work on /opt/airflow/dags/hello_airflow.py
[2026-01-21T07:58:43.409+0000] {processor.py:914} INFO - Processing file /opt/airflow/dags/hello_airflow.py for tasks to queue
[2026-01-21T07:58:43.411+0000] {logging_mixin.py:190} INFO - [2026-01-21T07:58:43.411+0000] {dagbag.py:588} INFO - Filling up the DagBag from /opt/airflow/dags/hello_airflow.py
[2026-01-21T07:58:43.422+0000] {processor.py:925} INFO - DAG(s) 'hello_airflow' retrieved from /opt/airflow/dags/hello_airflow.py
[2026-01-21T07:58:43.446+0000] {logging_mixin.py:190} INFO - [2026-01-21T07:58:43.446+0000] {dag.py:3239} INFO - Sync 1 DAGs
[2026-01-21T07:58:43.472+0000] {logging_mixin.py:190} INFO - [2026-01-21T07:58:43.471+0000] {dag.py:4180} INFO - Setting next_dagrun for hello_airflow to 2026-01-21 07:57:00+00:00, run_after=2026-01-21 07:58:00+00:00
[2026-01-21T07:58:43.498+0000] {processor.py:208} INFO - Processing /opt/airflow/dags/hello_airflow.py took 0.100 seconds
[2026-01-21T07:59:14.467+0000] {processor.py:186} INFO - Started process (PID=3027) to work on /opt/airflow/dags/hello_airflow.py
[2026-01-21T07:59:14.471+0000] {processor.py:914} INFO - Processing file /opt/airflow/dags/hello_airflow.py for tasks to queue
[2026-01-21T07:59:14.475+0000] {logging_mixin.py:190} INFO - [2026-01-21T07:59:14.475+0000] {dagbag.py:588} INFO - Filling up the DagBag from /opt/airflow/dags/hello_airflow.py
[2026-01-21T07:59:14.490+0000] {processor.py:925} INFO - DAG(s) 'hello_airflow' retrieved from /opt/airflow/dags/hello_airflow.py
[2026-01-21T07:59:14.530+0000] {logging_mixin.py:190} INFO - [2026-01-21T07:59:14.530+0000] {dag.py:3239} INFO - Sync 1 DAGs
[2026-01-21T07:59:14.576+0000] {logging_mixin.py:190} INFO - [2026-01-21T07:59:14.576+0000] {dag.py:4180} INFO - Setting next_dagrun for hello_airflow to 2026-01-21 07:58:00+00:00, run_after=2026-01-21 07:59:00+00:00
[2026-01-21T07:59:14.602+0000] {processor.py:208} INFO - Processing /opt/airflow/dags/hello_airflow.py took 0.145 seconds
[2026-01-21T07:59:44.805+0000] {processor.py:186} INFO - Started process (PID=3051) to work on /opt/airflow/dags/hello_airflow.py
[2026-01-21T07:59:44.806+0000] {processor.py:914} INFO - Processing file /opt/airflow/dags/hello_airflow.py for tasks to queue
[2026-01-21T07:59:44.810+0000] {logging_mixin.py:190} INFO - [2026-01-21T07:59:44.809+0000] {dagbag.py:588} INFO - Filling up the DagBag from /opt/airflow/dags/hello_airflow.py
[2026-01-21T07:59:44.818+0000] {processor.py:925} INFO - DAG(s) 'hello_airflow' retrieved from /opt/airflow/dags/hello_airflow.py
[2026-01-21T07:59:44.839+0000] {logging_mixin.py:190} INFO - [2026-01-21T07:59:44.839+0000] {dag.py:3239} INFO - Sync 1 DAGs
[2026-01-21T07:59:44.870+0000] {logging_mixin.py:190} INFO - [2026-01-21T07:59:44.870+0000] {dag.py:4180} INFO - Setting next_dagrun for hello_airflow to 2026-01-21 07:58:00+00:00, run_after=2026-01-21 07:59:00+00:00
[2026-01-21T07:59:44.894+0000] {processor.py:208} INFO - Processing /opt/airflow/dags/hello_airflow.py took 0.099 seconds
[2026-01-21T08:00:14.931+0000] {processor.py:186} INFO - Started process (PID=3074) to work on /opt/airflow/dags/hello_airflow.py
[2026-01-21T08:00:14.932+0000] {processor.py:914} INFO - Processing file /opt/airflow/dags/hello_airflow.py for tasks to queue
[2026-01-21T08:00:14.935+0000] {logging_mixin.py:190} INFO - [2026-01-21T08:00:14.935+0000] {dagbag.py:588} INFO - Filling up the DagBag from /opt/airflow/dags/hello_airflow.py
[2026-01-21T08:00:14.948+0000] {processor.py:925} INFO - DAG(s) 'hello_airflow' retrieved from /opt/airflow/dags/hello_airflow.py
[2026-01-21T08:00:14.979+0000] {logging_mixin.py:190} INFO - [2026-01-21T08:00:14.979+0000] {dag.py:3239} INFO - Sync 1 DAGs
[2026-01-21T08:00:15.018+0000] {logging_mixin.py:190} INFO - [2026-01-21T08:00:15.018+0000] {dag.py:4180} INFO - Setting next_dagrun for hello_airflow to 2026-01-21 07:59:00+00:00, run_after=2026-01-21 08:00:00+00:00
[2026-01-21T08:00:15.064+0000] {processor.py:208} INFO - Processing /opt/airflow/dags/hello_airflow.py took 0.141 seconds
[2026-01-21T08:00:45.629+0000] {processor.py:186} INFO - Started process (PID=3098) to work on /opt/airflow/dags/hello_airflow.py
[2026-01-21T08:00:45.631+0000] {processor.py:914} INFO - Processing file /opt/airflow/dags/hello_airflow.py for tasks to queue
[2026-01-21T08:00:45.645+0000] {logging_mixin.py:190} INFO - [2026-01-21T08:00:45.644+0000] {dagbag.py:588} INFO - Filling up the DagBag from /opt/airflow/dags/hello_airflow.py
[2026-01-21T08:00:45.660+0000] {processor.py:925} INFO - DAG(s) 'hello_airflow' retrieved from /opt/airflow/dags/hello_airflow.py
[2026-01-21T08:00:45.696+0000] {logging_mixin.py:190} INFO - [2026-01-21T08:00:45.696+0000] {dag.py:3239} INFO - Sync 1 DAGs
[2026-01-21T08:00:45.741+0000] {logging_mixin.py:190} INFO - [2026-01-21T08:00:45.741+0000] {dag.py:4180} INFO - Setting next_dagrun for hello_airflow to 2026-01-21 07:59:00+00:00, run_after=2026-01-21 08:00:00+00:00
[2026-01-21T08:00:45.763+0000] {processor.py:208} INFO - Processing /opt/airflow/dags/hello_airflow.py took 0.142 seconds
[2026-01-21T08:01:16.346+0000] {processor.py:186} INFO - Started process (PID=3122) to work on /opt/airflow/dags/hello_airflow.py
[2026-01-21T08:01:16.347+0000] {processor.py:914} INFO - Processing file /opt/airflow/dags/hello_airflow.py for tasks to queue
[2026-01-21T08:01:16.350+0000] {logging_mixin.py:190} INFO - [2026-01-21T08:01:16.350+0000] {dagbag.py:588} INFO - Filling up the DagBag from /opt/airflow/dags/hello_airflow.py
[2026-01-21T08:01:16.361+0000] {processor.py:925} INFO - DAG(s) 'hello_airflow' retrieved from /opt/airflow/dags/hello_airflow.py
[2026-01-21T08:01:16.387+0000] {logging_mixin.py:190} INFO - [2026-01-21T08:01:16.387+0000] {dag.py:3239} INFO - Sync 1 DAGs
[2026-01-21T08:01:16.440+0000] {logging_mixin.py:190} INFO - [2026-01-21T08:01:16.440+0000] {dag.py:4180} INFO - Setting next_dagrun for hello_airflow to 2026-01-21 08:00:00+00:00, run_after=2026-01-21 08:01:00+00:00
[2026-01-21T08:01:16.466+0000] {processor.py:208} INFO - Processing /opt/airflow/dags/hello_airflow.py took 0.128 seconds
[2026-01-21T08:01:47.209+0000] {processor.py:186} INFO - Started process (PID=3146) to work on /opt/airflow/dags/hello_airflow.py
[2026-01-21T08:01:47.210+0000] {processor.py:914} INFO - Processing file /opt/airflow/dags/hello_airflow.py for tasks to queue
[2026-01-21T08:01:47.213+0000] {logging_mixin.py:190} INFO - [2026-01-21T08:01:47.213+0000] {dagbag.py:588} INFO - Filling up the DagBag from /opt/airflow/dags/hello_airflow.py
[2026-01-21T08:01:47.225+0000] {processor.py:925} INFO - DAG(s) 'hello_airflow' retrieved from /opt/airflow/dags/hello_airflow.py
[2026-01-21T08:01:47.250+0000] {logging_mixin.py:190} INFO - [2026-01-21T08:01:47.250+0000] {dag.py:3239} INFO - Sync 1 DAGs
[2026-01-21T08:01:47.297+0000] {logging_mixin.py:190} INFO - [2026-01-21T08:01:47.297+0000] {dag.py:4180} INFO - Setting next_dagrun for hello_airflow to 2026-01-21 08:00:00+00:00, run_after=2026-01-21 08:01:00+00:00
[2026-01-21T08:01:47.321+0000] {processor.py:208} INFO - Processing /opt/airflow/dags/hello_airflow.py took 0.122 seconds
[2026-01-21T08:02:17.464+0000] {processor.py:186} INFO - Started process (PID=3170) to work on /opt/airflow/dags/hello_airflow.py
[2026-01-21T08:02:17.466+0000] {processor.py:914} INFO - Processing file /opt/airflow/dags/hello_airflow.py for tasks to queue
[2026-01-21T08:02:17.468+0000] {logging_mixin.py:190} INFO - [2026-01-21T08:02:17.468+0000] {dagbag.py:588} INFO - Filling up the DagBag from /opt/airflow/dags/hello_airflow.py
[2026-01-21T08:02:17.479+0000] {processor.py:925} INFO - DAG(s) 'hello_airflow' retrieved from /opt/airflow/dags/hello_airflow.py
[2026-01-21T08:02:17.505+0000] {logging_mixin.py:190} INFO - [2026-01-21T08:02:17.504+0000] {dag.py:3239} INFO - Sync 1 DAGs
[2026-01-21T08:02:17.535+0000] {logging_mixin.py:190} INFO - [2026-01-21T08:02:17.535+0000] {dag.py:4180} INFO - Setting next_dagrun for hello_airflow to 2026-01-21 08:01:00+00:00, run_after=2026-01-21 08:02:00+00:00
[2026-01-21T08:02:17.552+0000] {processor.py:208} INFO - Processing /opt/airflow/dags/hello_airflow.py took 0.095 seconds
[2026-01-21T08:02:48.872+0000] {processor.py:186} INFO - Started process (PID=3194) to work on /opt/airflow/dags/hello_airflow.py
[2026-01-21T08:02:48.873+0000] {processor.py:914} INFO - Processing file /opt/airflow/dags/hello_airflow.py for tasks to queue
[2026-01-21T08:02:48.875+0000] {logging_mixin.py:190} INFO - [2026-01-21T08:02:48.875+0000] {dagbag.py:588} INFO - Filling up the DagBag from /opt/airflow/dags/hello_airflow.py
[2026-01-21T08:02:48.883+0000] {processor.py:925} INFO - DAG(s) 'hello_airflow' retrieved from /opt/airflow/dags/hello_airflow.py
[2026-01-21T08:02:48.903+0000] {logging_mixin.py:190} INFO - [2026-01-21T08:02:48.903+0000] {dag.py:3239} INFO - Sync 1 DAGs
[2026-01-21T08:02:48.926+0000] {logging_mixin.py:190} INFO - [2026-01-21T08:02:48.926+0000] {dag.py:4180} INFO - Setting next_dagrun for hello_airflow to 2026-01-21 08:01:00+00:00, run_after=2026-01-21 08:02:00+00:00
[2026-01-21T08:02:48.941+0000] {processor.py:208} INFO - Processing /opt/airflow/dags/hello_airflow.py took 0.074 seconds
[2026-01-21T08:03:20.046+0000] {processor.py:186} INFO - Started process (PID=3218) to work on /opt/airflow/dags/hello_airflow.py
[2026-01-21T08:03:20.048+0000] {processor.py:914} INFO - Processing file /opt/airflow/dags/hello_airflow.py for tasks to queue
[2026-01-21T08:03:20.050+0000] {logging_mixin.py:190} INFO - [2026-01-21T08:03:20.050+0000] {dagbag.py:588} INFO - Filling up the DagBag from /opt/airflow/dags/hello_airflow.py
[2026-01-21T08:03:20.061+0000] {processor.py:925} INFO - DAG(s) 'hello_airflow' retrieved from /opt/airflow/dags/hello_airflow.py
[2026-01-21T08:03:20.084+0000] {logging_mixin.py:190} INFO - [2026-01-21T08:03:20.084+0000] {dag.py:3239} INFO - Sync 1 DAGs
[2026-01-21T08:03:20.107+0000] {logging_mixin.py:190} INFO - [2026-01-21T08:03:20.107+0000] {dag.py:4180} INFO - Setting next_dagrun for hello_airflow to 2026-01-21 08:02:00+00:00, run_after=2026-01-21 08:03:00+00:00
[2026-01-21T08:03:20.122+0000] {processor.py:208} INFO - Processing /opt/airflow/dags/hello_airflow.py took 0.092 seconds
[2026-01-21T08:03:50.744+0000] {processor.py:186} INFO - Started process (PID=3242) to work on /opt/airflow/dags/hello_airflow.py
[2026-01-21T08:03:50.745+0000] {processor.py:914} INFO - Processing file /opt/airflow/dags/hello_airflow.py for tasks to queue
[2026-01-21T08:03:50.748+0000] {logging_mixin.py:190} INFO - [2026-01-21T08:03:50.747+0000] {dagbag.py:588} INFO - Filling up the DagBag from /opt/airflow/dags/hello_airflow.py
[2026-01-21T08:03:50.759+0000] {processor.py:925} INFO - DAG(s) 'hello_airflow' retrieved from /opt/airflow/dags/hello_airflow.py
[2026-01-21T08:03:50.784+0000] {logging_mixin.py:190} INFO - [2026-01-21T08:03:50.783+0000] {dag.py:3239} INFO - Sync 1 DAGs
[2026-01-21T08:03:50.809+0000] {logging_mixin.py:190} INFO - [2026-01-21T08:03:50.809+0000] {dag.py:4180} INFO - Setting next_dagrun for hello_airflow to 2026-01-21 08:02:00+00:00, run_after=2026-01-21 08:03:00+00:00
[2026-01-21T08:03:50.827+0000] {processor.py:208} INFO - Processing /opt/airflow/dags/hello_airflow.py took 0.098 seconds
[2026-01-21T08:04:21.534+0000] {processor.py:186} INFO - Started process (PID=3266) to work on /opt/airflow/dags/hello_airflow.py
[2026-01-21T08:04:21.535+0000] {processor.py:914} INFO - Processing file /opt/airflow/dags/hello_airflow.py for tasks to queue
[2026-01-21T08:04:21.537+0000] {logging_mixin.py:190} INFO - [2026-01-21T08:04:21.537+0000] {dagbag.py:588} INFO - Filling up the DagBag from /opt/airflow/dags/hello_airflow.py
[2026-01-21T08:04:21.547+0000] {processor.py:925} INFO - DAG(s) 'hello_airflow' retrieved from /opt/airflow/dags/hello_airflow.py
[2026-01-21T08:04:21.569+0000] {logging_mixin.py:190} INFO - [2026-01-21T08:04:21.568+0000] {dag.py:3239} INFO - Sync 1 DAGs
[2026-01-21T08:04:21.601+0000] {logging_mixin.py:190} INFO - [2026-01-21T08:04:21.601+0000] {dag.py:4180} INFO - Setting next_dagrun for hello_airflow to 2026-01-21 08:03:00+00:00, run_after=2026-01-21 08:04:00+00:00
[2026-01-21T08:04:21.618+0000] {processor.py:208} INFO - Processing /opt/airflow/dags/hello_airflow.py took 0.090 seconds
[2026-01-21T08:04:52.470+0000] {processor.py:186} INFO - Started process (PID=3294) to work on /opt/airflow/dags/hello_airflow.py
[2026-01-21T08:04:52.471+0000] {processor.py:914} INFO - Processing file /opt/airflow/dags/hello_airflow.py for tasks to queue
[2026-01-21T08:04:52.473+0000] {logging_mixin.py:190} INFO - [2026-01-21T08:04:52.473+0000] {dagbag.py:588} INFO - Filling up the DagBag from /opt/airflow/dags/hello_airflow.py
[2026-01-21T08:04:52.488+0000] {processor.py:925} INFO - DAG(s) 'hello_airflow' retrieved from /opt/airflow/dags/hello_airflow.py
[2026-01-21T08:04:52.517+0000] {logging_mixin.py:190} INFO - [2026-01-21T08:04:52.516+0000] {dag.py:3239} INFO - Sync 1 DAGs
[2026-01-21T08:04:52.545+0000] {logging_mixin.py:190} INFO - [2026-01-21T08:04:52.545+0000] {dag.py:4180} INFO - Setting next_dagrun for hello_airflow to 2026-01-21 08:03:00+00:00, run_after=2026-01-21 08:04:00+00:00
[2026-01-21T08:04:52.561+0000] {processor.py:208} INFO - Processing /opt/airflow/dags/hello_airflow.py took 0.098 seconds
[2026-01-21T08:05:23.754+0000] {processor.py:186} INFO - Started process (PID=3318) to work on /opt/airflow/dags/hello_airflow.py
[2026-01-21T08:05:23.755+0000] {processor.py:914} INFO - Processing file /opt/airflow/dags/hello_airflow.py for tasks to queue
[2026-01-21T08:05:23.758+0000] {logging_mixin.py:190} INFO - [2026-01-21T08:05:23.758+0000] {dagbag.py:588} INFO - Filling up the DagBag from /opt/airflow/dags/hello_airflow.py
[2026-01-21T08:05:23.780+0000] {processor.py:925} INFO - DAG(s) 'hello_airflow' retrieved from /opt/airflow/dags/hello_airflow.py
[2026-01-21T08:05:23.821+0000] {logging_mixin.py:190} INFO - [2026-01-21T08:05:23.821+0000] {dag.py:3239} INFO - Sync 1 DAGs
[2026-01-21T08:05:23.858+0000] {logging_mixin.py:190} INFO - [2026-01-21T08:05:23.858+0000] {dag.py:4180} INFO - Setting next_dagrun for hello_airflow to 2026-01-21 08:04:00+00:00, run_after=2026-01-21 08:05:00+00:00
[2026-01-21T08:05:23.889+0000] {processor.py:208} INFO - Processing /opt/airflow/dags/hello_airflow.py took 0.142 seconds
[2026-01-21T08:05:55.722+0000] {processor.py:186} INFO - Started process (PID=3342) to work on /opt/airflow/dags/hello_airflow.py
[2026-01-21T08:05:55.724+0000] {processor.py:914} INFO - Processing file /opt/airflow/dags/hello_airflow.py for tasks to queue
[2026-01-21T08:05:55.727+0000] {logging_mixin.py:190} INFO - [2026-01-21T08:05:55.726+0000] {dagbag.py:588} INFO - Filling up the DagBag from /opt/airflow/dags/hello_airflow.py
[2026-01-21T08:05:55.741+0000] {processor.py:925} INFO - DAG(s) 'hello_airflow' retrieved from /opt/airflow/dags/hello_airflow.py
[2026-01-21T08:05:55.766+0000] {logging_mixin.py:190} INFO - [2026-01-21T08:05:55.766+0000] {dag.py:3239} INFO - Sync 1 DAGs
[2026-01-21T08:05:55.808+0000] {logging_mixin.py:190} INFO - [2026-01-21T08:05:55.808+0000] {dag.py:4180} INFO - Setting next_dagrun for hello_airflow to 2026-01-21 08:04:00+00:00, run_after=2026-01-21 08:05:00+00:00
[2026-01-21T08:05:55.831+0000] {processor.py:208} INFO - Processing /opt/airflow/dags/hello_airflow.py took 0.118 seconds
[2026-01-21T08:06:27.304+0000] {processor.py:186} INFO - Started process (PID=3367) to work on /opt/airflow/dags/hello_airflow.py
[2026-01-21T08:06:27.305+0000] {processor.py:914} INFO - Processing file /opt/airflow/dags/hello_airflow.py for tasks to queue
[2026-01-21T08:06:27.308+0000] {logging_mixin.py:190} INFO - [2026-01-21T08:06:27.308+0000] {dagbag.py:588} INFO - Filling up the DagBag from /opt/airflow/dags/hello_airflow.py
[2026-01-21T08:06:27.322+0000] {processor.py:925} INFO - DAG(s) 'hello_airflow' retrieved from /opt/airflow/dags/hello_airflow.py
[2026-01-21T08:06:27.350+0000] {logging_mixin.py:190} INFO - [2026-01-21T08:06:27.349+0000] {dag.py:3239} INFO - Sync 1 DAGs
[2026-01-21T08:06:27.378+0000] {logging_mixin.py:190} INFO - [2026-01-21T08:06:27.378+0000] {dag.py:4180} INFO - Setting next_dagrun for hello_airflow to 2026-01-21 08:05:00+00:00, run_after=2026-01-21 08:06:00+00:00
[2026-01-21T08:06:27.400+0000] {processor.py:208} INFO - Processing /opt/airflow/dags/hello_airflow.py took 0.105 seconds
[2026-01-21T08:06:58.882+0000] {processor.py:186} INFO - Started process (PID=3391) to work on /opt/airflow/dags/hello_airflow.py
[2026-01-21T08:06:58.883+0000] {processor.py:914} INFO - Processing file /opt/airflow/dags/hello_airflow.py for tasks to queue
[2026-01-21T08:06:58.887+0000] {logging_mixin.py:190} INFO - [2026-01-21T08:06:58.886+0000] {dagbag.py:588} INFO - Filling up the DagBag from /opt/airflow/dags/hello_airflow.py
[2026-01-21T08:06:58.900+0000] {processor.py:925} INFO - DAG(s) 'hello_airflow' retrieved from /opt/airflow/dags/hello_airflow.py
[2026-01-21T08:06:58.932+0000] {logging_mixin.py:190} INFO - [2026-01-21T08:06:58.932+0000] {dag.py:3239} INFO - Sync 1 DAGs
[2026-01-21T08:06:58.967+0000] {logging_mixin.py:190} INFO - [2026-01-21T08:06:58.967+0000] {dag.py:4180} INFO - Setting next_dagrun for hello_airflow to 2026-01-21 08:05:00+00:00, run_after=2026-01-21 08:06:00+00:00
[2026-01-21T08:06:58.989+0000] {processor.py:208} INFO - Processing /opt/airflow/dags/hello_airflow.py took 0.116 seconds
[2026-01-21T08:07:30.516+0000] {processor.py:186} INFO - Started process (PID=3414) to work on /opt/airflow/dags/hello_airflow.py
[2026-01-21T08:07:30.518+0000] {processor.py:914} INFO - Processing file /opt/airflow/dags/hello_airflow.py for tasks to queue
[2026-01-21T08:07:30.521+0000] {logging_mixin.py:190} INFO - [2026-01-21T08:07:30.520+0000] {dagbag.py:588} INFO - Filling up the DagBag from /opt/airflow/dags/hello_airflow.py
[2026-01-21T08:07:30.535+0000] {processor.py:925} INFO - DAG(s) 'hello_airflow' retrieved from /opt/airflow/dags/hello_airflow.py
[2026-01-21T08:07:30.565+0000] {logging_mixin.py:190} INFO - [2026-01-21T08:07:30.565+0000] {dag.py:3239} INFO - Sync 1 DAGs
[2026-01-21T08:07:30.601+0000] {logging_mixin.py:190} INFO - [2026-01-21T08:07:30.600+0000] {dag.py:4180} INFO - Setting next_dagrun for hello_airflow to 2026-01-21 08:06:00+00:00, run_after=2026-01-21 08:07:00+00:00
[2026-01-21T08:07:30.622+0000] {processor.py:208} INFO - Processing /opt/airflow/dags/hello_airflow.py took 0.114 seconds
[2026-01-21T08:08:01.614+0000] {processor.py:186} INFO - Started process (PID=3439) to work on /opt/airflow/dags/hello_airflow.py
[2026-01-21T08:08:01.616+0000] {processor.py:914} INFO - Processing file /opt/airflow/dags/hello_airflow.py for tasks to queue
[2026-01-21T08:08:01.621+0000] {logging_mixin.py:190} INFO - [2026-01-21T08:08:01.620+0000] {dagbag.py:588} INFO - Filling up the DagBag from /opt/airflow/dags/hello_airflow.py
[2026-01-21T08:08:01.638+0000] {processor.py:925} INFO - DAG(s) 'hello_airflow' retrieved from /opt/airflow/dags/hello_airflow.py
[2026-01-21T08:08:01.678+0000] {logging_mixin.py:190} INFO - [2026-01-21T08:08:01.677+0000] {dag.py:3239} INFO - Sync 1 DAGs
[2026-01-21T08:08:01.736+0000] {logging_mixin.py:190} INFO - [2026-01-21T08:08:01.736+0000] {dag.py:4180} INFO - Setting next_dagrun for hello_airflow to 2026-01-21 08:07:00+00:00, run_after=2026-01-21 08:08:00+00:00
[2026-01-21T08:08:01.766+0000] {processor.py:208} INFO - Processing /opt/airflow/dags/hello_airflow.py took 0.163 seconds
[2026-01-21T08:08:33.755+0000] {processor.py:186} INFO - Started process (PID=3463) to work on /opt/airflow/dags/hello_airflow.py
[2026-01-21T08:08:33.756+0000] {processor.py:914} INFO - Processing file /opt/airflow/dags/hello_airflow.py for tasks to queue
[2026-01-21T08:08:33.760+0000] {logging_mixin.py:190} INFO - [2026-01-21T08:08:33.759+0000] {dagbag.py:588} INFO - Filling up the DagBag from /opt/airflow/dags/hello_airflow.py
[2026-01-21T08:08:33.776+0000] {processor.py:925} INFO - DAG(s) 'hello_airflow' retrieved from /opt/airflow/dags/hello_airflow.py
[2026-01-21T08:08:33.863+0000] {logging_mixin.py:190} INFO - [2026-01-21T08:08:33.863+0000] {dag.py:3239} INFO - Sync 1 DAGs
[2026-01-21T08:08:33.987+0000] {logging_mixin.py:190} INFO - [2026-01-21T08:08:33.987+0000] {dag.py:4180} INFO - Setting next_dagrun for hello_airflow to 2026-01-21 08:07:00+00:00, run_after=2026-01-21 08:08:00+00:00
[2026-01-21T08:08:34.038+0000] {processor.py:208} INFO - Processing /opt/airflow/dags/hello_airflow.py took 0.298 seconds
[2026-01-21T08:09:04.865+0000] {processor.py:186} INFO - Started process (PID=3487) to work on /opt/airflow/dags/hello_airflow.py
[2026-01-21T08:09:04.867+0000] {processor.py:914} INFO - Processing file /opt/airflow/dags/hello_airflow.py for tasks to queue
[2026-01-21T08:09:04.875+0000] {logging_mixin.py:190} INFO - [2026-01-21T08:09:04.874+0000] {dagbag.py:588} INFO - Filling up the DagBag from /opt/airflow/dags/hello_airflow.py
[2026-01-21T08:09:04.901+0000] {processor.py:925} INFO - DAG(s) 'hello_airflow' retrieved from /opt/airflow/dags/hello_airflow.py
[2026-01-21T08:09:04.959+0000] {logging_mixin.py:190} INFO - [2026-01-21T08:09:04.959+0000] {dag.py:3239} INFO - Sync 1 DAGs
[2026-01-21T08:09:05.000+0000] {logging_mixin.py:190} INFO - [2026-01-21T08:09:05.000+0000] {dag.py:4180} INFO - Setting next_dagrun for hello_airflow to 2026-01-21 08:08:00+00:00, run_after=2026-01-21 08:09:00+00:00
[2026-01-21T08:09:05.024+0000] {processor.py:208} INFO - Processing /opt/airflow/dags/hello_airflow.py took 0.173 seconds
[2026-01-21T08:09:36.586+0000] {processor.py:186} INFO - Started process (PID=3511) to work on /opt/airflow/dags/hello_airflow.py
[2026-01-21T08:09:36.587+0000] {processor.py:914} INFO - Processing file /opt/airflow/dags/hello_airflow.py for tasks to queue
[2026-01-21T08:09:36.590+0000] {logging_mixin.py:190} INFO - [2026-01-21T08:09:36.589+0000] {dagbag.py:588} INFO - Filling up the DagBag from /opt/airflow/dags/hello_airflow.py
[2026-01-21T08:09:36.606+0000] {processor.py:925} INFO - DAG(s) 'hello_airflow' retrieved from /opt/airflow/dags/hello_airflow.py
[2026-01-21T08:09:36.644+0000] {logging_mixin.py:190} INFO - [2026-01-21T08:09:36.644+0000] {dag.py:3239} INFO - Sync 1 DAGs
[2026-01-21T08:09:36.696+0000] {logging_mixin.py:190} INFO - [2026-01-21T08:09:36.695+0000] {dag.py:4180} INFO - Setting next_dagrun for hello_airflow to 2026-01-21 08:08:00+00:00, run_after=2026-01-21 08:09:00+00:00
[2026-01-21T08:09:36.730+0000] {processor.py:208} INFO - Processing /opt/airflow/dags/hello_airflow.py took 0.156 seconds
[2026-01-21T08:10:08.497+0000] {processor.py:186} INFO - Started process (PID=3535) to work on /opt/airflow/dags/hello_airflow.py
[2026-01-21T08:10:08.498+0000] {processor.py:914} INFO - Processing file /opt/airflow/dags/hello_airflow.py for tasks to queue
[2026-01-21T08:10:08.501+0000] {logging_mixin.py:190} INFO - [2026-01-21T08:10:08.501+0000] {dagbag.py:588} INFO - Filling up the DagBag from /opt/airflow/dags/hello_airflow.py
[2026-01-21T08:10:08.518+0000] {processor.py:925} INFO - DAG(s) 'hello_airflow' retrieved from /opt/airflow/dags/hello_airflow.py
[2026-01-21T08:10:08.549+0000] {logging_mixin.py:190} INFO - [2026-01-21T08:10:08.549+0000] {dag.py:3239} INFO - Sync 1 DAGs
[2026-01-21T08:10:08.596+0000] {logging_mixin.py:190} INFO - [2026-01-21T08:10:08.596+0000] {dag.py:4180} INFO - Setting next_dagrun for hello_airflow to 2026-01-21 08:09:00+00:00, run_after=2026-01-21 08:10:00+00:00
[2026-01-21T08:10:08.622+0000] {processor.py:208} INFO - Processing /opt/airflow/dags/hello_airflow.py took 0.135 seconds
[2026-01-21T08:10:40.297+0000] {processor.py:186} INFO - Started process (PID=3559) to work on /opt/airflow/dags/hello_airflow.py
[2026-01-21T08:10:40.299+0000] {processor.py:914} INFO - Processing file /opt/airflow/dags/hello_airflow.py for tasks to queue
[2026-01-21T08:10:40.304+0000] {logging_mixin.py:190} INFO - [2026-01-21T08:10:40.303+0000] {dagbag.py:588} INFO - Filling up the DagBag from /opt/airflow/dags/hello_airflow.py
[2026-01-21T08:10:40.322+0000] {processor.py:925} INFO - DAG(s) 'hello_airflow' retrieved from /opt/airflow/dags/hello_airflow.py
[2026-01-21T08:10:40.362+0000] {logging_mixin.py:190} INFO - [2026-01-21T08:10:40.361+0000] {dag.py:3239} INFO - Sync 1 DAGs
[2026-01-21T08:10:40.412+0000] {logging_mixin.py:190} INFO - [2026-01-21T08:10:40.411+0000] {dag.py:4180} INFO - Setting next_dagrun for hello_airflow to 2026-01-21 08:09:00+00:00, run_after=2026-01-21 08:10:00+00:00
[2026-01-21T08:10:40.443+0000] {processor.py:208} INFO - Processing /opt/airflow/dags/hello_airflow.py took 0.156 seconds
[2026-01-21T08:11:11.726+0000] {processor.py:186} INFO - Started process (PID=3584) to work on /opt/airflow/dags/hello_airflow.py
[2026-01-21T08:11:11.727+0000] {processor.py:914} INFO - Processing file /opt/airflow/dags/hello_airflow.py for tasks to queue
[2026-01-21T08:11:11.733+0000] {logging_mixin.py:190} INFO - [2026-01-21T08:11:11.732+0000] {dagbag.py:588} INFO - Filling up the DagBag from /opt/airflow/dags/hello_airflow.py
[2026-01-21T08:11:11.751+0000] {processor.py:925} INFO - DAG(s) 'hello_airflow' retrieved from /opt/airflow/dags/hello_airflow.py
[2026-01-21T08:11:11.791+0000] {logging_mixin.py:190} INFO - [2026-01-21T08:11:11.791+0000] {dag.py:3239} INFO - Sync 1 DAGs
[2026-01-21T08:11:11.845+0000] {logging_mixin.py:190} INFO - [2026-01-21T08:11:11.844+0000] {dag.py:4180} INFO - Setting next_dagrun for hello_airflow to 2026-01-21 08:10:00+00:00, run_after=2026-01-21 08:11:00+00:00
[2026-01-21T08:11:11.875+0000] {processor.py:208} INFO - Processing /opt/airflow/dags/hello_airflow.py took 0.164 seconds
[2026-01-21T08:11:42.872+0000] {processor.py:186} INFO - Started process (PID=3608) to work on /opt/airflow/dags/hello_airflow.py
[2026-01-21T08:11:42.874+0000] {processor.py:914} INFO - Processing file /opt/airflow/dags/hello_airflow.py for tasks to queue
[2026-01-21T08:11:42.877+0000] {logging_mixin.py:190} INFO - [2026-01-21T08:11:42.877+0000] {dagbag.py:588} INFO - Filling up the DagBag from /opt/airflow/dags/hello_airflow.py
[2026-01-21T08:11:42.900+0000] {processor.py:925} INFO - DAG(s) 'hello_airflow' retrieved from /opt/airflow/dags/hello_airflow.py
[2026-01-21T08:11:42.940+0000] {logging_mixin.py:190} INFO - [2026-01-21T08:11:42.939+0000] {dag.py:3239} INFO - Sync 1 DAGs
[2026-01-21T08:11:42.991+0000] {logging_mixin.py:190} INFO - [2026-01-21T08:11:42.990+0000] {dag.py:4180} INFO - Setting next_dagrun for hello_airflow to 2026-01-21 08:10:00+00:00, run_after=2026-01-21 08:11:00+00:00
[2026-01-21T08:11:43.044+0000] {processor.py:208} INFO - Processing /opt/airflow/dags/hello_airflow.py took 0.188 seconds
[2026-01-21T08:12:14.504+0000] {processor.py:186} INFO - Started process (PID=3632) to work on /opt/airflow/dags/hello_airflow.py
[2026-01-21T08:12:14.506+0000] {processor.py:914} INFO - Processing file /opt/airflow/dags/hello_airflow.py for tasks to queue
[2026-01-21T08:12:14.510+0000] {logging_mixin.py:190} INFO - [2026-01-21T08:12:14.509+0000] {dagbag.py:588} INFO - Filling up the DagBag from /opt/airflow/dags/hello_airflow.py
[2026-01-21T08:12:14.528+0000] {processor.py:925} INFO - DAG(s) 'hello_airflow' retrieved from /opt/airflow/dags/hello_airflow.py
[2026-01-21T08:12:14.570+0000] {logging_mixin.py:190} INFO - [2026-01-21T08:12:14.570+0000] {dag.py:3239} INFO - Sync 1 DAGs
[2026-01-21T08:12:14.620+0000] {logging_mixin.py:190} INFO - [2026-01-21T08:12:14.620+0000] {dag.py:4180} INFO - Setting next_dagrun for hello_airflow to 2026-01-21 08:11:00+00:00, run_after=2026-01-21 08:12:00+00:00
[2026-01-21T08:12:14.651+0000] {processor.py:208} INFO - Processing /opt/airflow/dags/hello_airflow.py took 0.163 seconds
[2026-01-21T08:12:45.905+0000] {processor.py:186} INFO - Started process (PID=3656) to work on /opt/airflow/dags/hello_airflow.py
[2026-01-21T08:12:45.907+0000] {processor.py:914} INFO - Processing file /opt/airflow/dags/hello_airflow.py for tasks to queue
[2026-01-21T08:12:45.910+0000] {logging_mixin.py:190} INFO - [2026-01-21T08:12:45.910+0000] {dagbag.py:588} INFO - Filling up the DagBag from /opt/airflow/dags/hello_airflow.py
[2026-01-21T08:12:45.925+0000] {processor.py:925} INFO - DAG(s) 'hello_airflow' retrieved from /opt/airflow/dags/hello_airflow.py
[2026-01-21T08:12:45.968+0000] {logging_mixin.py:190} INFO - [2026-01-21T08:12:45.968+0000] {dag.py:3239} INFO - Sync 1 DAGs
[2026-01-21T08:12:46.014+0000] {logging_mixin.py:190} INFO - [2026-01-21T08:12:46.012+0000] {dag.py:4180} INFO - Setting next_dagrun for hello_airflow to 2026-01-21 08:11:00+00:00, run_after=2026-01-21 08:12:00+00:00
[2026-01-21T08:12:46.042+0000] {processor.py:208} INFO - Processing /opt/airflow/dags/hello_airflow.py took 0.147 seconds
[2026-01-21T08:13:17.164+0000] {processor.py:186} INFO - Started process (PID=3680) to work on /opt/airflow/dags/hello_airflow.py
[2026-01-21T08:13:17.166+0000] {processor.py:914} INFO - Processing file /opt/airflow/dags/hello_airflow.py for tasks to queue
[2026-01-21T08:13:17.170+0000] {logging_mixin.py:190} INFO - [2026-01-21T08:13:17.169+0000] {dagbag.py:588} INFO - Filling up the DagBag from /opt/airflow/dags/hello_airflow.py
[2026-01-21T08:13:17.201+0000] {processor.py:925} INFO - DAG(s) 'hello_airflow' retrieved from /opt/airflow/dags/hello_airflow.py
[2026-01-21T08:13:17.263+0000] {logging_mixin.py:190} INFO - [2026-01-21T08:13:17.263+0000] {dag.py:3239} INFO - Sync 1 DAGs
[2026-01-21T08:13:17.320+0000] {logging_mixin.py:190} INFO - [2026-01-21T08:13:17.320+0000] {dag.py:4180} INFO - Setting next_dagrun for hello_airflow to 2026-01-21 08:12:00+00:00, run_after=2026-01-21 08:13:00+00:00
[2026-01-21T08:13:17.355+0000] {processor.py:208} INFO - Processing /opt/airflow/dags/hello_airflow.py took 0.207 seconds
[2026-01-21T08:13:49.096+0000] {processor.py:186} INFO - Started process (PID=3705) to work on /opt/airflow/dags/hello_airflow.py
[2026-01-21T08:13:49.098+0000] {processor.py:914} INFO - Processing file /opt/airflow/dags/hello_airflow.py for tasks to queue
[2026-01-21T08:13:49.104+0000] {logging_mixin.py:190} INFO - [2026-01-21T08:13:49.103+0000] {dagbag.py:588} INFO - Filling up the DagBag from /opt/airflow/dags/hello_airflow.py
[2026-01-21T08:13:49.128+0000] {processor.py:925} INFO - DAG(s) 'hello_airflow' retrieved from /opt/airflow/dags/hello_airflow.py
[2026-01-21T08:13:49.176+0000] {logging_mixin.py:190} INFO - [2026-01-21T08:13:49.176+0000] {dag.py:3239} INFO - Sync 1 DAGs
[2026-01-21T08:13:49.233+0000] {logging_mixin.py:190} INFO - [2026-01-21T08:13:49.232+0000] {dag.py:4180} INFO - Setting next_dagrun for hello_airflow to 2026-01-21 08:12:00+00:00, run_after=2026-01-21 08:13:00+00:00
[2026-01-21T08:13:49.316+0000] {processor.py:208} INFO - Processing /opt/airflow/dags/hello_airflow.py took 0.232 seconds
[2026-01-21T08:14:20.099+0000] {processor.py:186} INFO - Started process (PID=3729) to work on /opt/airflow/dags/hello_airflow.py
[2026-01-21T08:14:20.101+0000] {processor.py:914} INFO - Processing file /opt/airflow/dags/hello_airflow.py for tasks to queue
[2026-01-21T08:14:20.104+0000] {logging_mixin.py:190} INFO - [2026-01-21T08:14:20.104+0000] {dagbag.py:588} INFO - Filling up the DagBag from /opt/airflow/dags/hello_airflow.py
[2026-01-21T08:14:20.142+0000] {processor.py:925} INFO - DAG(s) 'hello_airflow' retrieved from /opt/airflow/dags/hello_airflow.py
[2026-01-21T08:14:20.192+0000] {logging_mixin.py:190} INFO - [2026-01-21T08:14:20.191+0000] {dag.py:3239} INFO - Sync 1 DAGs
[2026-01-21T08:14:20.253+0000] {logging_mixin.py:190} INFO - [2026-01-21T08:14:20.252+0000] {dag.py:4180} INFO - Setting next_dagrun for hello_airflow to 2026-01-21 08:13:00+00:00, run_after=2026-01-21 08:14:00+00:00
[2026-01-21T08:14:20.292+0000] {processor.py:208} INFO - Processing /opt/airflow/dags/hello_airflow.py took 0.206 seconds
[2026-01-21T08:14:51.060+0000] {processor.py:186} INFO - Started process (PID=3753) to work on /opt/airflow/dags/hello_airflow.py
[2026-01-21T08:14:51.062+0000] {processor.py:914} INFO - Processing file /opt/airflow/dags/hello_airflow.py for tasks to queue
[2026-01-21T08:14:51.066+0000] {logging_mixin.py:190} INFO - [2026-01-21T08:14:51.065+0000] {dagbag.py:588} INFO - Filling up the DagBag from /opt/airflow/dags/hello_airflow.py
[2026-01-21T08:14:51.083+0000] {processor.py:925} INFO - DAG(s) 'hello_airflow' retrieved from /opt/airflow/dags/hello_airflow.py
[2026-01-21T08:14:51.119+0000] {logging_mixin.py:190} INFO - [2026-01-21T08:14:51.119+0000] {dag.py:3239} INFO - Sync 1 DAGs
[2026-01-21T08:14:51.173+0000] {logging_mixin.py:190} INFO - [2026-01-21T08:14:51.172+0000] {dag.py:4180} INFO - Setting next_dagrun for hello_airflow to 2026-01-21 08:13:00+00:00, run_after=2026-01-21 08:14:00+00:00
[2026-01-21T08:14:51.200+0000] {processor.py:208} INFO - Processing /opt/airflow/dags/hello_airflow.py took 0.149 seconds
[2026-01-21T08:15:21.455+0000] {processor.py:186} INFO - Started process (PID=3774) to work on /opt/airflow/dags/hello_airflow.py
[2026-01-21T08:15:21.457+0000] {processor.py:914} INFO - Processing file /opt/airflow/dags/hello_airflow.py for tasks to queue
[2026-01-21T08:15:21.461+0000] {logging_mixin.py:190} INFO - [2026-01-21T08:15:21.460+0000] {dagbag.py:588} INFO - Filling up the DagBag from /opt/airflow/dags/hello_airflow.py
[2026-01-21T08:15:21.480+0000] {processor.py:925} INFO - DAG(s) 'hello_airflow' retrieved from /opt/airflow/dags/hello_airflow.py
[2026-01-21T08:15:21.515+0000] {logging_mixin.py:190} INFO - [2026-01-21T08:15:21.515+0000] {dag.py:3239} INFO - Sync 1 DAGs
[2026-01-21T08:15:21.555+0000] {logging_mixin.py:190} INFO - [2026-01-21T08:15:21.555+0000] {dag.py:4180} INFO - Setting next_dagrun for hello_airflow to 2026-01-21 08:14:00+00:00, run_after=2026-01-21 08:15:00+00:00
[2026-01-21T08:15:21.593+0000] {processor.py:208} INFO - Processing /opt/airflow/dags/hello_airflow.py took 0.151 seconds
[2026-01-21T08:15:52.139+0000] {processor.py:186} INFO - Started process (PID=3796) to work on /opt/airflow/dags/hello_airflow.py
[2026-01-21T08:15:52.140+0000] {processor.py:914} INFO - Processing file /opt/airflow/dags/hello_airflow.py for tasks to queue
[2026-01-21T08:15:52.144+0000] {logging_mixin.py:190} INFO - [2026-01-21T08:15:52.144+0000] {dagbag.py:588} INFO - Filling up the DagBag from /opt/airflow/dags/hello_airflow.py
[2026-01-21T08:15:52.162+0000] {processor.py:925} INFO - DAG(s) 'hello_airflow' retrieved from /opt/airflow/dags/hello_airflow.py
[2026-01-21T08:15:52.201+0000] {logging_mixin.py:190} INFO - [2026-01-21T08:15:52.201+0000] {dag.py:3239} INFO - Sync 1 DAGs
[2026-01-21T08:15:52.248+0000] {logging_mixin.py:190} INFO - [2026-01-21T08:15:52.248+0000] {dag.py:4180} INFO - Setting next_dagrun for hello_airflow to 2026-01-21 08:14:00+00:00, run_after=2026-01-21 08:15:00+00:00
[2026-01-21T08:15:52.279+0000] {processor.py:208} INFO - Processing /opt/airflow/dags/hello_airflow.py took 0.150 seconds
[2026-01-21T08:16:22.664+0000] {processor.py:186} INFO - Started process (PID=3820) to work on /opt/airflow/dags/hello_airflow.py
[2026-01-21T08:16:22.667+0000] {processor.py:914} INFO - Processing file /opt/airflow/dags/hello_airflow.py for tasks to queue
[2026-01-21T08:16:22.671+0000] {logging_mixin.py:190} INFO - [2026-01-21T08:16:22.671+0000] {dagbag.py:588} INFO - Filling up the DagBag from /opt/airflow/dags/hello_airflow.py
[2026-01-21T08:16:22.701+0000] {processor.py:925} INFO - DAG(s) 'hello_airflow' retrieved from /opt/airflow/dags/hello_airflow.py
[2026-01-21T08:16:22.739+0000] {logging_mixin.py:190} INFO - [2026-01-21T08:16:22.739+0000] {dag.py:3239} INFO - Sync 1 DAGs
[2026-01-21T08:16:22.790+0000] {logging_mixin.py:190} INFO - [2026-01-21T08:16:22.790+0000] {dag.py:4180} INFO - Setting next_dagrun for hello_airflow to 2026-01-21 08:15:00+00:00, run_after=2026-01-21 08:16:00+00:00
[2026-01-21T08:16:22.822+0000] {processor.py:208} INFO - Processing /opt/airflow/dags/hello_airflow.py took 0.179 seconds
[2026-01-21T08:16:53.062+0000] {processor.py:186} INFO - Started process (PID=3844) to work on /opt/airflow/dags/hello_airflow.py
[2026-01-21T08:16:53.063+0000] {processor.py:914} INFO - Processing file /opt/airflow/dags/hello_airflow.py for tasks to queue
[2026-01-21T08:16:53.068+0000] {logging_mixin.py:190} INFO - [2026-01-21T08:16:53.067+0000] {dagbag.py:588} INFO - Filling up the DagBag from /opt/airflow/dags/hello_airflow.py
[2026-01-21T08:16:53.086+0000] {processor.py:925} INFO - DAG(s) 'hello_airflow' retrieved from /opt/airflow/dags/hello_airflow.py
[2026-01-21T08:16:53.130+0000] {logging_mixin.py:190} INFO - [2026-01-21T08:16:53.129+0000] {dag.py:3239} INFO - Sync 1 DAGs
[2026-01-21T08:16:53.186+0000] {logging_mixin.py:190} INFO - [2026-01-21T08:16:53.186+0000] {dag.py:4180} INFO - Setting next_dagrun for hello_airflow to 2026-01-21 08:15:00+00:00, run_after=2026-01-21 08:16:00+00:00
[2026-01-21T08:16:53.219+0000] {processor.py:208} INFO - Processing /opt/airflow/dags/hello_airflow.py took 0.169 seconds
[2026-01-21T08:17:23.526+0000] {processor.py:186} INFO - Started process (PID=3868) to work on /opt/airflow/dags/hello_airflow.py
[2026-01-21T08:17:23.527+0000] {processor.py:914} INFO - Processing file /opt/airflow/dags/hello_airflow.py for tasks to queue
[2026-01-21T08:17:23.531+0000] {logging_mixin.py:190} INFO - [2026-01-21T08:17:23.530+0000] {dagbag.py:588} INFO - Filling up the DagBag from /opt/airflow/dags/hello_airflow.py
[2026-01-21T08:17:23.546+0000] {processor.py:925} INFO - DAG(s) 'hello_airflow' retrieved from /opt/airflow/dags/hello_airflow.py
[2026-01-21T08:17:23.580+0000] {logging_mixin.py:190} INFO - [2026-01-21T08:17:23.580+0000] {dag.py:3239} INFO - Sync 1 DAGs
[2026-01-21T08:17:23.649+0000] {logging_mixin.py:190} INFO - [2026-01-21T08:17:23.649+0000] {dag.py:4180} INFO - Setting next_dagrun for hello_airflow to 2026-01-21 08:16:00+00:00, run_after=2026-01-21 08:17:00+00:00
[2026-01-21T08:17:23.671+0000] {processor.py:208} INFO - Processing /opt/airflow/dags/hello_airflow.py took 0.154 seconds
[2026-01-21T08:17:55.548+0000] {processor.py:186} INFO - Started process (PID=3898) to work on /opt/airflow/dags/hello_airflow.py
[2026-01-21T08:17:55.550+0000] {processor.py:914} INFO - Processing file /opt/airflow/dags/hello_airflow.py for tasks to queue
[2026-01-21T08:17:55.553+0000] {logging_mixin.py:190} INFO - [2026-01-21T08:17:55.552+0000] {dagbag.py:588} INFO - Filling up the DagBag from /opt/airflow/dags/hello_airflow.py
[2026-01-21T08:17:55.591+0000] {processor.py:925} INFO - DAG(s) 'hello_airflow' retrieved from /opt/airflow/dags/hello_airflow.py
[2026-01-21T08:17:55.656+0000] {logging_mixin.py:190} INFO - [2026-01-21T08:17:55.655+0000] {dag.py:3239} INFO - Sync 1 DAGs
[2026-01-21T08:17:55.735+0000] {logging_mixin.py:190} INFO - [2026-01-21T08:17:55.735+0000] {dag.py:4180} INFO - Setting next_dagrun for hello_airflow to 2026-01-21 08:16:00+00:00, run_after=2026-01-21 08:17:00+00:00
[2026-01-21T08:17:55.805+0000] {processor.py:208} INFO - Processing /opt/airflow/dags/hello_airflow.py took 0.270 seconds
[2026-01-21T08:18:26.787+0000] {processor.py:186} INFO - Started process (PID=3922) to work on /opt/airflow/dags/hello_airflow.py
[2026-01-21T08:18:26.788+0000] {processor.py:914} INFO - Processing file /opt/airflow/dags/hello_airflow.py for tasks to queue
[2026-01-21T08:18:26.790+0000] {logging_mixin.py:190} INFO - [2026-01-21T08:18:26.790+0000] {dagbag.py:588} INFO - Filling up the DagBag from /opt/airflow/dags/hello_airflow.py
[2026-01-21T08:18:26.801+0000] {processor.py:925} INFO - DAG(s) 'hello_airflow' retrieved from /opt/airflow/dags/hello_airflow.py
[2026-01-21T08:18:26.826+0000] {logging_mixin.py:190} INFO - [2026-01-21T08:18:26.826+0000] {dag.py:3239} INFO - Sync 1 DAGs
[2026-01-21T08:18:26.861+0000] {logging_mixin.py:190} INFO - [2026-01-21T08:18:26.861+0000] {dag.py:4180} INFO - Setting next_dagrun for hello_airflow to 2026-01-21 08:17:00+00:00, run_after=2026-01-21 08:18:00+00:00
[2026-01-21T08:18:26.882+0000] {processor.py:208} INFO - Processing /opt/airflow/dags/hello_airflow.py took 0.103 seconds
[2026-01-21T08:18:57.564+0000] {processor.py:186} INFO - Started process (PID=3947) to work on /opt/airflow/dags/hello_airflow.py
[2026-01-21T08:18:57.565+0000] {processor.py:914} INFO - Processing file /opt/airflow/dags/hello_airflow.py for tasks to queue
[2026-01-21T08:18:57.567+0000] {logging_mixin.py:190} INFO - [2026-01-21T08:18:57.567+0000] {dagbag.py:588} INFO - Filling up the DagBag from /opt/airflow/dags/hello_airflow.py
[2026-01-21T08:18:57.576+0000] {processor.py:925} INFO - DAG(s) 'hello_airflow' retrieved from /opt/airflow/dags/hello_airflow.py
[2026-01-21T08:18:57.598+0000] {logging_mixin.py:190} INFO - [2026-01-21T08:18:57.598+0000] {dag.py:3239} INFO - Sync 1 DAGs
[2026-01-21T08:18:57.621+0000] {logging_mixin.py:190} INFO - [2026-01-21T08:18:57.621+0000] {dag.py:4180} INFO - Setting next_dagrun for hello_airflow to 2026-01-21 08:17:00+00:00, run_after=2026-01-21 08:18:00+00:00
[2026-01-21T08:18:57.636+0000] {processor.py:208} INFO - Processing /opt/airflow/dags/hello_airflow.py took 0.077 seconds
[2026-01-21T08:19:28.256+0000] {processor.py:186} INFO - Started process (PID=3971) to work on /opt/airflow/dags/hello_airflow.py
[2026-01-21T08:19:28.258+0000] {processor.py:914} INFO - Processing file /opt/airflow/dags/hello_airflow.py for tasks to queue
[2026-01-21T08:19:28.261+0000] {logging_mixin.py:190} INFO - [2026-01-21T08:19:28.261+0000] {dagbag.py:588} INFO - Filling up the DagBag from /opt/airflow/dags/hello_airflow.py
[2026-01-21T08:19:28.270+0000] {processor.py:925} INFO - DAG(s) 'hello_airflow' retrieved from /opt/airflow/dags/hello_airflow.py
[2026-01-21T08:19:28.297+0000] {logging_mixin.py:190} INFO - [2026-01-21T08:19:28.297+0000] {dag.py:3239} INFO - Sync 1 DAGs
[2026-01-21T08:19:28.326+0000] {logging_mixin.py:190} INFO - [2026-01-21T08:19:28.326+0000] {dag.py:4180} INFO - Setting next_dagrun for hello_airflow to 2026-01-21 08:18:00+00:00, run_after=2026-01-21 08:19:00+00:00
[2026-01-21T08:19:28.344+0000] {processor.py:208} INFO - Processing /opt/airflow/dags/hello_airflow.py took 0.096 seconds
[2026-01-21T08:19:59.736+0000] {processor.py:186} INFO - Started process (PID=3995) to work on /opt/airflow/dags/hello_airflow.py
[2026-01-21T08:19:59.737+0000] {processor.py:914} INFO - Processing file /opt/airflow/dags/hello_airflow.py for tasks to queue
[2026-01-21T08:19:59.739+0000] {logging_mixin.py:190} INFO - [2026-01-21T08:19:59.739+0000] {dagbag.py:588} INFO - Filling up the DagBag from /opt/airflow/dags/hello_airflow.py
[2026-01-21T08:19:59.748+0000] {processor.py:925} INFO - DAG(s) 'hello_airflow' retrieved from /opt/airflow/dags/hello_airflow.py
[2026-01-21T08:19:59.768+0000] {logging_mixin.py:190} INFO - [2026-01-21T08:19:59.768+0000] {dag.py:3239} INFO - Sync 1 DAGs
[2026-01-21T08:19:59.793+0000] {logging_mixin.py:190} INFO - [2026-01-21T08:19:59.793+0000] {dag.py:4180} INFO - Setting next_dagrun for hello_airflow to 2026-01-21 08:18:00+00:00, run_after=2026-01-21 08:19:00+00:00
[2026-01-21T08:19:59.809+0000] {processor.py:208} INFO - Processing /opt/airflow/dags/hello_airflow.py took 0.079 seconds
[2026-01-21T08:20:30.671+0000] {processor.py:186} INFO - Started process (PID=4019) to work on /opt/airflow/dags/hello_airflow.py
[2026-01-21T08:20:30.672+0000] {processor.py:914} INFO - Processing file /opt/airflow/dags/hello_airflow.py for tasks to queue
[2026-01-21T08:20:30.675+0000] {logging_mixin.py:190} INFO - [2026-01-21T08:20:30.674+0000] {dagbag.py:588} INFO - Filling up the DagBag from /opt/airflow/dags/hello_airflow.py
[2026-01-21T08:20:30.685+0000] {processor.py:925} INFO - DAG(s) 'hello_airflow' retrieved from /opt/airflow/dags/hello_airflow.py
[2026-01-21T08:20:30.720+0000] {logging_mixin.py:190} INFO - [2026-01-21T08:20:30.719+0000] {dag.py:3239} INFO - Sync 1 DAGs
[2026-01-21T08:20:30.759+0000] {logging_mixin.py:190} INFO - [2026-01-21T08:20:30.759+0000] {dag.py:4180} INFO - Setting next_dagrun for hello_airflow to 2026-01-21 08:19:00+00:00, run_after=2026-01-21 08:20:00+00:00
[2026-01-21T08:20:30.788+0000] {processor.py:208} INFO - Processing /opt/airflow/dags/hello_airflow.py took 0.123 seconds
[2026-01-21T08:21:01.640+0000] {processor.py:186} INFO - Started process (PID=4042) to work on /opt/airflow/dags/hello_airflow.py
[2026-01-21T08:21:01.641+0000] {processor.py:914} INFO - Processing file /opt/airflow/dags/hello_airflow.py for tasks to queue
[2026-01-21T08:21:01.643+0000] {logging_mixin.py:190} INFO - [2026-01-21T08:21:01.643+0000] {dagbag.py:588} INFO - Filling up the DagBag from /opt/airflow/dags/hello_airflow.py
[2026-01-21T08:21:01.653+0000] {processor.py:925} INFO - DAG(s) 'hello_airflow' retrieved from /opt/airflow/dags/hello_airflow.py
[2026-01-21T08:21:01.678+0000] {logging_mixin.py:190} INFO - [2026-01-21T08:21:01.678+0000] {dag.py:3239} INFO - Sync 1 DAGs
[2026-01-21T08:21:01.711+0000] {logging_mixin.py:190} INFO - [2026-01-21T08:21:01.711+0000] {dag.py:4180} INFO - Setting next_dagrun for hello_airflow to 2026-01-21 08:20:00+00:00, run_after=2026-01-21 08:21:00+00:00
[2026-01-21T08:21:01.731+0000] {processor.py:208} INFO - Processing /opt/airflow/dags/hello_airflow.py took 0.100 seconds
[2026-01-21T08:21:32.705+0000] {processor.py:186} INFO - Started process (PID=4066) to work on /opt/airflow/dags/hello_airflow.py
[2026-01-21T08:21:32.706+0000] {processor.py:914} INFO - Processing file /opt/airflow/dags/hello_airflow.py for tasks to queue
[2026-01-21T08:21:32.708+0000] {logging_mixin.py:190} INFO - [2026-01-21T08:21:32.707+0000] {dagbag.py:588} INFO - Filling up the DagBag from /opt/airflow/dags/hello_airflow.py
[2026-01-21T08:21:32.716+0000] {processor.py:925} INFO - DAG(s) 'hello_airflow' retrieved from /opt/airflow/dags/hello_airflow.py
[2026-01-21T08:21:32.734+0000] {logging_mixin.py:190} INFO - [2026-01-21T08:21:32.734+0000] {dag.py:3239} INFO - Sync 1 DAGs
[2026-01-21T08:21:32.755+0000] {logging_mixin.py:190} INFO - [2026-01-21T08:21:32.755+0000] {dag.py:4180} INFO - Setting next_dagrun for hello_airflow to 2026-01-21 08:20:00+00:00, run_after=2026-01-21 08:21:00+00:00
[2026-01-21T08:21:32.769+0000] {processor.py:208} INFO - Processing /opt/airflow/dags/hello_airflow.py took 0.069 seconds
[2026-01-21T08:22:03.348+0000] {processor.py:186} INFO - Started process (PID=4090) to work on /opt/airflow/dags/hello_airflow.py
[2026-01-21T08:22:03.348+0000] {processor.py:914} INFO - Processing file /opt/airflow/dags/hello_airflow.py for tasks to queue
[2026-01-21T08:22:03.350+0000] {logging_mixin.py:190} INFO - [2026-01-21T08:22:03.350+0000] {dagbag.py:588} INFO - Filling up the DagBag from /opt/airflow/dags/hello_airflow.py
[2026-01-21T08:22:03.358+0000] {processor.py:925} INFO - DAG(s) 'hello_airflow' retrieved from /opt/airflow/dags/hello_airflow.py
[2026-01-21T08:22:03.378+0000] {logging_mixin.py:190} INFO - [2026-01-21T08:22:03.378+0000] {dag.py:3239} INFO - Sync 1 DAGs
[2026-01-21T08:22:03.409+0000] {logging_mixin.py:190} INFO - [2026-01-21T08:22:03.409+0000] {dag.py:4180} INFO - Setting next_dagrun for hello_airflow to 2026-01-21 08:21:00+00:00, run_after=2026-01-21 08:22:00+00:00
[2026-01-21T08:22:03.425+0000] {processor.py:208} INFO - Processing /opt/airflow/dags/hello_airflow.py took 0.083 seconds
[2026-01-21T08:22:33.978+0000] {processor.py:186} INFO - Started process (PID=4114) to work on /opt/airflow/dags/hello_airflow.py
[2026-01-21T08:22:33.979+0000] {processor.py:914} INFO - Processing file /opt/airflow/dags/hello_airflow.py for tasks to queue
[2026-01-21T08:22:33.981+0000] {logging_mixin.py:190} INFO - [2026-01-21T08:22:33.980+0000] {dagbag.py:588} INFO - Filling up the DagBag from /opt/airflow/dags/hello_airflow.py
[2026-01-21T08:22:33.991+0000] {processor.py:925} INFO - DAG(s) 'hello_airflow' retrieved from /opt/airflow/dags/hello_airflow.py
[2026-01-21T08:22:34.013+0000] {logging_mixin.py:190} INFO - [2026-01-21T08:22:34.013+0000] {dag.py:3239} INFO - Sync 1 DAGs
[2026-01-21T08:22:34.039+0000] {logging_mixin.py:190} INFO - [2026-01-21T08:22:34.039+0000] {dag.py:4180} INFO - Setting next_dagrun for hello_airflow to 2026-01-21 08:21:00+00:00, run_after=2026-01-21 08:22:00+00:00
[2026-01-21T08:22:34.052+0000] {processor.py:208} INFO - Processing /opt/airflow/dags/hello_airflow.py took 0.081 seconds
[2026-01-21T08:23:05.273+0000] {processor.py:186} INFO - Started process (PID=4138) to work on /opt/airflow/dags/hello_airflow.py
[2026-01-21T08:23:05.274+0000] {processor.py:914} INFO - Processing file /opt/airflow/dags/hello_airflow.py for tasks to queue
[2026-01-21T08:23:05.276+0000] {logging_mixin.py:190} INFO - [2026-01-21T08:23:05.276+0000] {dagbag.py:588} INFO - Filling up the DagBag from /opt/airflow/dags/hello_airflow.py
[2026-01-21T08:23:05.285+0000] {processor.py:925} INFO - DAG(s) 'hello_airflow' retrieved from /opt/airflow/dags/hello_airflow.py
[2026-01-21T08:23:05.309+0000] {logging_mixin.py:190} INFO - [2026-01-21T08:23:05.309+0000] {dag.py:3239} INFO - Sync 1 DAGs
[2026-01-21T08:23:05.344+0000] {logging_mixin.py:190} INFO - [2026-01-21T08:23:05.344+0000] {dag.py:4180} INFO - Setting next_dagrun for hello_airflow to 2026-01-21 08:22:00+00:00, run_after=2026-01-21 08:23:00+00:00
[2026-01-21T08:23:05.366+0000] {processor.py:208} INFO - Processing /opt/airflow/dags/hello_airflow.py took 0.099 seconds
[2026-01-21T08:23:36.030+0000] {processor.py:186} INFO - Started process (PID=4162) to work on /opt/airflow/dags/hello_airflow.py
[2026-01-21T08:23:36.031+0000] {processor.py:914} INFO - Processing file /opt/airflow/dags/hello_airflow.py for tasks to queue
[2026-01-21T08:23:36.035+0000] {logging_mixin.py:190} INFO - [2026-01-21T08:23:36.034+0000] {dagbag.py:588} INFO - Filling up the DagBag from /opt/airflow/dags/hello_airflow.py
[2026-01-21T08:23:36.047+0000] {processor.py:925} INFO - DAG(s) 'hello_airflow' retrieved from /opt/airflow/dags/hello_airflow.py
[2026-01-21T08:23:36.071+0000] {logging_mixin.py:190} INFO - [2026-01-21T08:23:36.071+0000] {dag.py:3239} INFO - Sync 1 DAGs
[2026-01-21T08:23:36.102+0000] {logging_mixin.py:190} INFO - [2026-01-21T08:23:36.101+0000] {dag.py:4180} INFO - Setting next_dagrun for hello_airflow to 2026-01-21 08:22:00+00:00, run_after=2026-01-21 08:23:00+00:00
[2026-01-21T08:23:36.122+0000] {processor.py:208} INFO - Processing /opt/airflow/dags/hello_airflow.py took 0.100 seconds
[2026-01-21T08:24:07.518+0000] {processor.py:186} INFO - Started process (PID=4185) to work on /opt/airflow/dags/hello_airflow.py
[2026-01-21T08:24:07.519+0000] {processor.py:914} INFO - Processing file /opt/airflow/dags/hello_airflow.py for tasks to queue
[2026-01-21T08:24:07.521+0000] {logging_mixin.py:190} INFO - [2026-01-21T08:24:07.521+0000] {dagbag.py:588} INFO - Filling up the DagBag from /opt/airflow/dags/hello_airflow.py
[2026-01-21T08:24:07.530+0000] {processor.py:925} INFO - DAG(s) 'hello_airflow' retrieved from /opt/airflow/dags/hello_airflow.py
[2026-01-21T08:24:07.557+0000] {logging_mixin.py:190} INFO - [2026-01-21T08:24:07.557+0000] {dag.py:3239} INFO - Sync 1 DAGs
[2026-01-21T08:24:07.597+0000] {logging_mixin.py:190} INFO - [2026-01-21T08:24:07.597+0000] {dag.py:4180} INFO - Setting next_dagrun for hello_airflow to 2026-01-21 08:23:00+00:00, run_after=2026-01-21 08:24:00+00:00
[2026-01-21T08:24:07.616+0000] {processor.py:208} INFO - Processing /opt/airflow/dags/hello_airflow.py took 0.103 seconds
[2026-01-21T08:24:38.477+0000] {processor.py:186} INFO - Started process (PID=4209) to work on /opt/airflow/dags/hello_airflow.py
[2026-01-21T08:24:38.479+0000] {processor.py:914} INFO - Processing file /opt/airflow/dags/hello_airflow.py for tasks to queue
[2026-01-21T08:24:38.482+0000] {logging_mixin.py:190} INFO - [2026-01-21T08:24:38.481+0000] {dagbag.py:588} INFO - Filling up the DagBag from /opt/airflow/dags/hello_airflow.py
[2026-01-21T08:24:38.495+0000] {processor.py:925} INFO - DAG(s) 'hello_airflow' retrieved from /opt/airflow/dags/hello_airflow.py
[2026-01-21T08:24:38.523+0000] {logging_mixin.py:190} INFO - [2026-01-21T08:24:38.523+0000] {dag.py:3239} INFO - Sync 1 DAGs
[2026-01-21T08:24:38.567+0000] {logging_mixin.py:190} INFO - [2026-01-21T08:24:38.566+0000] {dag.py:4180} INFO - Setting next_dagrun for hello_airflow to 2026-01-21 08:23:00+00:00, run_after=2026-01-21 08:24:00+00:00
[2026-01-21T08:24:38.589+0000] {processor.py:208} INFO - Processing /opt/airflow/dags/hello_airflow.py took 0.120 seconds
[2026-01-21T08:25:09.138+0000] {processor.py:186} INFO - Started process (PID=4233) to work on /opt/airflow/dags/hello_airflow.py
[2026-01-21T08:25:09.139+0000] {processor.py:914} INFO - Processing file /opt/airflow/dags/hello_airflow.py for tasks to queue
[2026-01-21T08:25:09.141+0000] {logging_mixin.py:190} INFO - [2026-01-21T08:25:09.141+0000] {dagbag.py:588} INFO - Filling up the DagBag from /opt/airflow/dags/hello_airflow.py
[2026-01-21T08:25:09.154+0000] {processor.py:925} INFO - DAG(s) 'hello_airflow' retrieved from /opt/airflow/dags/hello_airflow.py
[2026-01-21T08:25:09.174+0000] {logging_mixin.py:190} INFO - [2026-01-21T08:25:09.174+0000] {dag.py:3239} INFO - Sync 1 DAGs
[2026-01-21T08:25:09.204+0000] {logging_mixin.py:190} INFO - [2026-01-21T08:25:09.204+0000] {dag.py:4180} INFO - Setting next_dagrun for hello_airflow to 2026-01-21 08:24:00+00:00, run_after=2026-01-21 08:25:00+00:00
[2026-01-21T08:25:09.223+0000] {processor.py:208} INFO - Processing /opt/airflow/dags/hello_airflow.py took 0.090 seconds
[2026-01-21T08:25:40.256+0000] {processor.py:186} INFO - Started process (PID=4257) to work on /opt/airflow/dags/hello_airflow.py
[2026-01-21T08:25:40.256+0000] {processor.py:914} INFO - Processing file /opt/airflow/dags/hello_airflow.py for tasks to queue
[2026-01-21T08:25:40.258+0000] {logging_mixin.py:190} INFO - [2026-01-21T08:25:40.258+0000] {dagbag.py:588} INFO - Filling up the DagBag from /opt/airflow/dags/hello_airflow.py
[2026-01-21T08:25:40.268+0000] {processor.py:925} INFO - DAG(s) 'hello_airflow' retrieved from /opt/airflow/dags/hello_airflow.py
[2026-01-21T08:25:40.290+0000] {logging_mixin.py:190} INFO - [2026-01-21T08:25:40.289+0000] {dag.py:3239} INFO - Sync 1 DAGs
[2026-01-21T08:25:40.315+0000] {logging_mixin.py:190} INFO - [2026-01-21T08:25:40.314+0000] {dag.py:4180} INFO - Setting next_dagrun for hello_airflow to 2026-01-21 08:24:00+00:00, run_after=2026-01-21 08:25:00+00:00
[2026-01-21T08:25:40.332+0000] {processor.py:208} INFO - Processing /opt/airflow/dags/hello_airflow.py took 0.082 seconds
[2026-01-21T08:26:11.323+0000] {processor.py:186} INFO - Started process (PID=4281) to work on /opt/airflow/dags/hello_airflow.py
[2026-01-21T08:26:11.324+0000] {processor.py:914} INFO - Processing file /opt/airflow/dags/hello_airflow.py for tasks to queue
[2026-01-21T08:26:11.326+0000] {logging_mixin.py:190} INFO - [2026-01-21T08:26:11.325+0000] {dagbag.py:588} INFO - Filling up the DagBag from /opt/airflow/dags/hello_airflow.py
[2026-01-21T08:26:11.334+0000] {processor.py:925} INFO - DAG(s) 'hello_airflow' retrieved from /opt/airflow/dags/hello_airflow.py
[2026-01-21T08:26:11.353+0000] {logging_mixin.py:190} INFO - [2026-01-21T08:26:11.353+0000] {dag.py:3239} INFO - Sync 1 DAGs
[2026-01-21T08:26:11.375+0000] {logging_mixin.py:190} INFO - [2026-01-21T08:26:11.375+0000] {dag.py:4180} INFO - Setting next_dagrun for hello_airflow to 2026-01-21 08:25:00+00:00, run_after=2026-01-21 08:26:00+00:00
[2026-01-21T08:26:11.389+0000] {processor.py:208} INFO - Processing /opt/airflow/dags/hello_airflow.py took 0.072 seconds
[2026-01-21T08:26:42.167+0000] {processor.py:186} INFO - Started process (PID=4304) to work on /opt/airflow/dags/hello_airflow.py
[2026-01-21T08:26:42.168+0000] {processor.py:914} INFO - Processing file /opt/airflow/dags/hello_airflow.py for tasks to queue
[2026-01-21T08:26:42.170+0000] {logging_mixin.py:190} INFO - [2026-01-21T08:26:42.170+0000] {dagbag.py:588} INFO - Filling up the DagBag from /opt/airflow/dags/hello_airflow.py
[2026-01-21T08:26:42.180+0000] {processor.py:925} INFO - DAG(s) 'hello_airflow' retrieved from /opt/airflow/dags/hello_airflow.py
[2026-01-21T08:26:42.205+0000] {logging_mixin.py:190} INFO - [2026-01-21T08:26:42.205+0000] {dag.py:3239} INFO - Sync 1 DAGs
[2026-01-21T08:26:42.234+0000] {logging_mixin.py:190} INFO - [2026-01-21T08:26:42.234+0000] {dag.py:4180} INFO - Setting next_dagrun for hello_airflow to 2026-01-21 08:25:00+00:00, run_after=2026-01-21 08:26:00+00:00
[2026-01-21T08:26:42.248+0000] {processor.py:208} INFO - Processing /opt/airflow/dags/hello_airflow.py took 0.086 seconds
[2026-01-21T08:27:13.117+0000] {processor.py:186} INFO - Started process (PID=4328) to work on /opt/airflow/dags/hello_airflow.py
[2026-01-21T08:27:13.117+0000] {processor.py:914} INFO - Processing file /opt/airflow/dags/hello_airflow.py for tasks to queue
[2026-01-21T08:27:13.119+0000] {logging_mixin.py:190} INFO - [2026-01-21T08:27:13.119+0000] {dagbag.py:588} INFO - Filling up the DagBag from /opt/airflow/dags/hello_airflow.py
[2026-01-21T08:27:13.129+0000] {processor.py:925} INFO - DAG(s) 'hello_airflow' retrieved from /opt/airflow/dags/hello_airflow.py
[2026-01-21T08:27:13.163+0000] {logging_mixin.py:190} INFO - [2026-01-21T08:27:13.163+0000] {dag.py:3239} INFO - Sync 1 DAGs
[2026-01-21T08:27:13.190+0000] {logging_mixin.py:190} INFO - [2026-01-21T08:27:13.190+0000] {dag.py:4180} INFO - Setting next_dagrun for hello_airflow to 2026-01-21 08:26:00+00:00, run_after=2026-01-21 08:27:00+00:00
[2026-01-21T08:27:13.204+0000] {processor.py:208} INFO - Processing /opt/airflow/dags/hello_airflow.py took 0.093 seconds
[2026-01-21T08:27:44.511+0000] {processor.py:186} INFO - Started process (PID=4352) to work on /opt/airflow/dags/hello_airflow.py
[2026-01-21T08:27:44.512+0000] {processor.py:914} INFO - Processing file /opt/airflow/dags/hello_airflow.py for tasks to queue
[2026-01-21T08:27:44.515+0000] {logging_mixin.py:190} INFO - [2026-01-21T08:27:44.515+0000] {dagbag.py:588} INFO - Filling up the DagBag from /opt/airflow/dags/hello_airflow.py
[2026-01-21T08:27:44.526+0000] {processor.py:925} INFO - DAG(s) 'hello_airflow' retrieved from /opt/airflow/dags/hello_airflow.py
[2026-01-21T08:27:44.553+0000] {logging_mixin.py:190} INFO - [2026-01-21T08:27:44.553+0000] {dag.py:3239} INFO - Sync 1 DAGs
[2026-01-21T08:27:44.577+0000] {logging_mixin.py:190} INFO - [2026-01-21T08:27:44.577+0000] {dag.py:4180} INFO - Setting next_dagrun for hello_airflow to 2026-01-21 08:26:00+00:00, run_after=2026-01-21 08:27:00+00:00
[2026-01-21T08:27:44.592+0000] {processor.py:208} INFO - Processing /opt/airflow/dags/hello_airflow.py took 0.090 seconds
[2026-01-21T08:28:15.398+0000] {processor.py:186} INFO - Started process (PID=4376) to work on /opt/airflow/dags/hello_airflow.py
[2026-01-21T08:28:15.399+0000] {processor.py:914} INFO - Processing file /opt/airflow/dags/hello_airflow.py for tasks to queue
[2026-01-21T08:28:15.401+0000] {logging_mixin.py:190} INFO - [2026-01-21T08:28:15.400+0000] {dagbag.py:588} INFO - Filling up the DagBag from /opt/airflow/dags/hello_airflow.py
[2026-01-21T08:28:15.410+0000] {processor.py:925} INFO - DAG(s) 'hello_airflow' retrieved from /opt/airflow/dags/hello_airflow.py
[2026-01-21T08:28:15.433+0000] {logging_mixin.py:190} INFO - [2026-01-21T08:28:15.433+0000] {dag.py:3239} INFO - Sync 1 DAGs
[2026-01-21T08:28:15.456+0000] {logging_mixin.py:190} INFO - [2026-01-21T08:28:15.456+0000] {dag.py:4180} INFO - Setting next_dagrun for hello_airflow to 2026-01-21 08:27:00+00:00, run_after=2026-01-21 08:28:00+00:00
[2026-01-21T08:28:15.473+0000] {processor.py:208} INFO - Processing /opt/airflow/dags/hello_airflow.py took 0.081 seconds
[2026-01-21T08:28:46.585+0000] {processor.py:186} INFO - Started process (PID=4400) to work on /opt/airflow/dags/hello_airflow.py
[2026-01-21T08:28:46.587+0000] {processor.py:914} INFO - Processing file /opt/airflow/dags/hello_airflow.py for tasks to queue
[2026-01-21T08:28:46.589+0000] {logging_mixin.py:190} INFO - [2026-01-21T08:28:46.589+0000] {dagbag.py:588} INFO - Filling up the DagBag from /opt/airflow/dags/hello_airflow.py
[2026-01-21T08:28:46.605+0000] {processor.py:925} INFO - DAG(s) 'hello_airflow' retrieved from /opt/airflow/dags/hello_airflow.py
[2026-01-21T08:28:46.631+0000] {logging_mixin.py:190} INFO - [2026-01-21T08:28:46.631+0000] {dag.py:3239} INFO - Sync 1 DAGs
[2026-01-21T08:28:46.660+0000] {logging_mixin.py:190} INFO - [2026-01-21T08:28:46.660+0000] {dag.py:4180} INFO - Setting next_dagrun for hello_airflow to 2026-01-21 08:27:00+00:00, run_after=2026-01-21 08:28:00+00:00
[2026-01-21T08:28:46.923+0000] {processor.py:208} INFO - Processing /opt/airflow/dags/hello_airflow.py took 0.347 seconds
[2026-01-21T08:29:17.795+0000] {processor.py:186} INFO - Started process (PID=4424) to work on /opt/airflow/dags/hello_airflow.py
[2026-01-21T08:29:17.796+0000] {processor.py:914} INFO - Processing file /opt/airflow/dags/hello_airflow.py for tasks to queue
[2026-01-21T08:29:17.800+0000] {logging_mixin.py:190} INFO - [2026-01-21T08:29:17.799+0000] {dagbag.py:588} INFO - Filling up the DagBag from /opt/airflow/dags/hello_airflow.py
[2026-01-21T08:29:17.812+0000] {processor.py:925} INFO - DAG(s) 'hello_airflow' retrieved from /opt/airflow/dags/hello_airflow.py
[2026-01-21T08:29:17.843+0000] {logging_mixin.py:190} INFO - [2026-01-21T08:29:17.843+0000] {dag.py:3239} INFO - Sync 1 DAGs
[2026-01-21T08:29:17.879+0000] {logging_mixin.py:190} INFO - [2026-01-21T08:29:17.878+0000] {dag.py:4180} INFO - Setting next_dagrun for hello_airflow to 2026-01-21 08:28:00+00:00, run_after=2026-01-21 08:29:00+00:00
[2026-01-21T08:29:17.895+0000] {processor.py:208} INFO - Processing /opt/airflow/dags/hello_airflow.py took 0.112 seconds
[2026-01-21T08:29:48.714+0000] {processor.py:186} INFO - Started process (PID=4448) to work on /opt/airflow/dags/hello_airflow.py
[2026-01-21T08:29:48.715+0000] {processor.py:914} INFO - Processing file /opt/airflow/dags/hello_airflow.py for tasks to queue
[2026-01-21T08:29:48.717+0000] {logging_mixin.py:190} INFO - [2026-01-21T08:29:48.717+0000] {dagbag.py:588} INFO - Filling up the DagBag from /opt/airflow/dags/hello_airflow.py
[2026-01-21T08:29:48.726+0000] {processor.py:925} INFO - DAG(s) 'hello_airflow' retrieved from /opt/airflow/dags/hello_airflow.py
[2026-01-21T08:29:48.747+0000] {logging_mixin.py:190} INFO - [2026-01-21T08:29:48.747+0000] {dag.py:3239} INFO - Sync 1 DAGs
[2026-01-21T08:29:48.773+0000] {logging_mixin.py:190} INFO - [2026-01-21T08:29:48.773+0000] {dag.py:4180} INFO - Setting next_dagrun for hello_airflow to 2026-01-21 08:28:00+00:00, run_after=2026-01-21 08:29:00+00:00
[2026-01-21T08:29:48.788+0000] {processor.py:208} INFO - Processing /opt/airflow/dags/hello_airflow.py took 0.080 seconds
[2026-01-21T08:30:19.550+0000] {processor.py:186} INFO - Started process (PID=4472) to work on /opt/airflow/dags/hello_airflow.py
[2026-01-21T08:30:19.551+0000] {processor.py:914} INFO - Processing file /opt/airflow/dags/hello_airflow.py for tasks to queue
[2026-01-21T08:30:19.555+0000] {logging_mixin.py:190} INFO - [2026-01-21T08:30:19.555+0000] {dagbag.py:588} INFO - Filling up the DagBag from /opt/airflow/dags/hello_airflow.py
[2026-01-21T08:30:19.571+0000] {processor.py:925} INFO - DAG(s) 'hello_airflow' retrieved from /opt/airflow/dags/hello_airflow.py
[2026-01-21T08:30:19.603+0000] {logging_mixin.py:190} INFO - [2026-01-21T08:30:19.603+0000] {dag.py:3239} INFO - Sync 1 DAGs
[2026-01-21T08:30:19.642+0000] {logging_mixin.py:190} INFO - [2026-01-21T08:30:19.642+0000] {dag.py:4180} INFO - Setting next_dagrun for hello_airflow to 2026-01-21 08:29:00+00:00, run_after=2026-01-21 08:30:00+00:00
[2026-01-21T08:30:19.667+0000] {processor.py:208} INFO - Processing /opt/airflow/dags/hello_airflow.py took 0.126 seconds
[2026-01-21T08:30:50.178+0000] {processor.py:186} INFO - Started process (PID=4496) to work on /opt/airflow/dags/hello_airflow.py
[2026-01-21T08:30:50.179+0000] {processor.py:914} INFO - Processing file /opt/airflow/dags/hello_airflow.py for tasks to queue
[2026-01-21T08:30:50.181+0000] {logging_mixin.py:190} INFO - [2026-01-21T08:30:50.181+0000] {dagbag.py:588} INFO - Filling up the DagBag from /opt/airflow/dags/hello_airflow.py
[2026-01-21T08:30:50.190+0000] {processor.py:925} INFO - DAG(s) 'hello_airflow' retrieved from /opt/airflow/dags/hello_airflow.py
[2026-01-21T08:30:50.213+0000] {logging_mixin.py:190} INFO - [2026-01-21T08:30:50.213+0000] {dag.py:3239} INFO - Sync 1 DAGs
[2026-01-21T08:30:50.238+0000] {logging_mixin.py:190} INFO - [2026-01-21T08:30:50.238+0000] {dag.py:4180} INFO - Setting next_dagrun for hello_airflow to 2026-01-21 08:29:00+00:00, run_after=2026-01-21 08:30:00+00:00
[2026-01-21T08:30:50.424+0000] {processor.py:208} INFO - Processing /opt/airflow/dags/hello_airflow.py took 0.252 seconds
[2026-01-21T08:31:24.748+0000] {processor.py:186} INFO - Started process (PID=4520) to work on /opt/airflow/dags/hello_airflow.py
[2026-01-21T08:31:24.762+0000] {processor.py:914} INFO - Processing file /opt/airflow/dags/hello_airflow.py for tasks to queue
[2026-01-21T08:31:24.768+0000] {logging_mixin.py:190} INFO - [2026-01-21T08:31:24.767+0000] {dagbag.py:588} INFO - Filling up the DagBag from /opt/airflow/dags/hello_airflow.py
[2026-01-21T08:31:24.869+0000] {processor.py:925} INFO - DAG(s) 'hello_airflow' retrieved from /opt/airflow/dags/hello_airflow.py
[2026-01-21T08:31:25.067+0000] {logging_mixin.py:190} INFO - [2026-01-21T08:31:25.066+0000] {dag.py:3239} INFO - Sync 1 DAGs
[2026-01-21T08:31:25.202+0000] {logging_mixin.py:190} INFO - [2026-01-21T08:31:25.201+0000] {dag.py:4180} INFO - Setting next_dagrun for hello_airflow to 2026-01-21 08:30:00+00:00, run_after=2026-01-21 08:31:00+00:00
[2026-01-21T08:31:25.273+0000] {processor.py:208} INFO - Processing /opt/airflow/dags/hello_airflow.py took 0.546 seconds
[2026-01-21T08:31:56.394+0000] {processor.py:186} INFO - Started process (PID=4544) to work on /opt/airflow/dags/hello_airflow.py
[2026-01-21T08:31:56.399+0000] {processor.py:914} INFO - Processing file /opt/airflow/dags/hello_airflow.py for tasks to queue
[2026-01-21T08:31:56.410+0000] {logging_mixin.py:190} INFO - [2026-01-21T08:31:56.407+0000] {dagbag.py:588} INFO - Filling up the DagBag from /opt/airflow/dags/hello_airflow.py
[2026-01-21T08:31:56.439+0000] {processor.py:925} INFO - DAG(s) 'hello_airflow' retrieved from /opt/airflow/dags/hello_airflow.py
[2026-01-21T08:31:56.495+0000] {logging_mixin.py:190} INFO - [2026-01-21T08:31:56.495+0000] {dag.py:3239} INFO - Sync 1 DAGs
[2026-01-21T08:31:56.610+0000] {logging_mixin.py:190} INFO - [2026-01-21T08:31:56.610+0000] {dag.py:4180} INFO - Setting next_dagrun for hello_airflow to 2026-01-21 08:30:00+00:00, run_after=2026-01-21 08:31:00+00:00
[2026-01-21T08:31:56.671+0000] {processor.py:208} INFO - Processing /opt/airflow/dags/hello_airflow.py took 0.292 seconds
[2026-01-21T08:32:27.881+0000] {processor.py:186} INFO - Started process (PID=4568) to work on /opt/airflow/dags/hello_airflow.py
[2026-01-21T08:32:27.883+0000] {processor.py:914} INFO - Processing file /opt/airflow/dags/hello_airflow.py for tasks to queue
[2026-01-21T08:32:27.887+0000] {logging_mixin.py:190} INFO - [2026-01-21T08:32:27.886+0000] {dagbag.py:588} INFO - Filling up the DagBag from /opt/airflow/dags/hello_airflow.py
[2026-01-21T08:32:27.896+0000] {processor.py:925} INFO - DAG(s) 'hello_airflow' retrieved from /opt/airflow/dags/hello_airflow.py
[2026-01-21T08:32:27.920+0000] {logging_mixin.py:190} INFO - [2026-01-21T08:32:27.919+0000] {dag.py:3239} INFO - Sync 1 DAGs
[2026-01-21T08:32:27.945+0000] {logging_mixin.py:190} INFO - [2026-01-21T08:32:27.945+0000] {dag.py:4180} INFO - Setting next_dagrun for hello_airflow to 2026-01-21 08:31:00+00:00, run_after=2026-01-21 08:32:00+00:00
[2026-01-21T08:32:27.960+0000] {processor.py:208} INFO - Processing /opt/airflow/dags/hello_airflow.py took 0.087 seconds
[2026-01-21T08:32:59.197+0000] {processor.py:186} INFO - Started process (PID=4598) to work on /opt/airflow/dags/hello_airflow.py
[2026-01-21T08:32:59.198+0000] {processor.py:914} INFO - Processing file /opt/airflow/dags/hello_airflow.py for tasks to queue
[2026-01-21T08:32:59.200+0000] {logging_mixin.py:190} INFO - [2026-01-21T08:32:59.200+0000] {dagbag.py:588} INFO - Filling up the DagBag from /opt/airflow/dags/hello_airflow.py
[2026-01-21T08:32:59.211+0000] {processor.py:925} INFO - DAG(s) 'hello_airflow' retrieved from /opt/airflow/dags/hello_airflow.py
[2026-01-21T08:32:59.236+0000] {logging_mixin.py:190} INFO - [2026-01-21T08:32:59.235+0000] {dag.py:3239} INFO - Sync 1 DAGs
[2026-01-21T08:32:59.268+0000] {logging_mixin.py:190} INFO - [2026-01-21T08:32:59.268+0000] {dag.py:4180} INFO - Setting next_dagrun for hello_airflow to 2026-01-21 08:31:00+00:00, run_after=2026-01-21 08:32:00+00:00
[2026-01-21T08:32:59.478+0000] {processor.py:208} INFO - Processing /opt/airflow/dags/hello_airflow.py took 0.287 seconds
[2026-01-21T08:33:30.022+0000] {processor.py:186} INFO - Started process (PID=4622) to work on /opt/airflow/dags/hello_airflow.py
[2026-01-21T08:33:30.023+0000] {processor.py:914} INFO - Processing file /opt/airflow/dags/hello_airflow.py for tasks to queue
[2026-01-21T08:33:30.027+0000] {logging_mixin.py:190} INFO - [2026-01-21T08:33:30.026+0000] {dagbag.py:588} INFO - Filling up the DagBag from /opt/airflow/dags/hello_airflow.py
[2026-01-21T08:33:30.041+0000] {processor.py:925} INFO - DAG(s) 'hello_airflow' retrieved from /opt/airflow/dags/hello_airflow.py
[2026-01-21T08:33:30.066+0000] {logging_mixin.py:190} INFO - [2026-01-21T08:33:30.066+0000] {dag.py:3239} INFO - Sync 1 DAGs
[2026-01-21T08:33:30.098+0000] {logging_mixin.py:190} INFO - [2026-01-21T08:33:30.098+0000] {dag.py:4180} INFO - Setting next_dagrun for hello_airflow to 2026-01-21 08:32:00+00:00, run_after=2026-01-21 08:33:00+00:00
[2026-01-21T08:33:30.117+0000] {processor.py:208} INFO - Processing /opt/airflow/dags/hello_airflow.py took 0.103 seconds
[2026-01-21T08:34:01.227+0000] {processor.py:186} INFO - Started process (PID=4646) to work on /opt/airflow/dags/hello_airflow.py
[2026-01-21T08:34:01.228+0000] {processor.py:914} INFO - Processing file /opt/airflow/dags/hello_airflow.py for tasks to queue
[2026-01-21T08:34:01.231+0000] {logging_mixin.py:190} INFO - [2026-01-21T08:34:01.230+0000] {dagbag.py:588} INFO - Filling up the DagBag from /opt/airflow/dags/hello_airflow.py
[2026-01-21T08:34:01.247+0000] {processor.py:925} INFO - DAG(s) 'hello_airflow' retrieved from /opt/airflow/dags/hello_airflow.py
[2026-01-21T08:34:01.276+0000] {logging_mixin.py:190} INFO - [2026-01-21T08:34:01.276+0000] {dag.py:3239} INFO - Sync 1 DAGs
[2026-01-21T08:34:01.316+0000] {logging_mixin.py:190} INFO - [2026-01-21T08:34:01.316+0000] {dag.py:4180} INFO - Setting next_dagrun for hello_airflow to 2026-01-21 08:33:00+00:00, run_after=2026-01-21 08:34:00+00:00
[2026-01-21T08:34:01.340+0000] {processor.py:208} INFO - Processing /opt/airflow/dags/hello_airflow.py took 0.120 seconds
[2026-01-21T08:34:32.487+0000] {processor.py:186} INFO - Started process (PID=4670) to work on /opt/airflow/dags/hello_airflow.py
[2026-01-21T08:34:32.488+0000] {processor.py:914} INFO - Processing file /opt/airflow/dags/hello_airflow.py for tasks to queue
[2026-01-21T08:34:32.491+0000] {logging_mixin.py:190} INFO - [2026-01-21T08:34:32.490+0000] {dagbag.py:588} INFO - Filling up the DagBag from /opt/airflow/dags/hello_airflow.py
[2026-01-21T08:34:32.503+0000] {processor.py:925} INFO - DAG(s) 'hello_airflow' retrieved from /opt/airflow/dags/hello_airflow.py
[2026-01-21T08:34:32.537+0000] {logging_mixin.py:190} INFO - [2026-01-21T08:34:32.536+0000] {dag.py:3239} INFO - Sync 1 DAGs
[2026-01-21T08:34:32.564+0000] {logging_mixin.py:190} INFO - [2026-01-21T08:34:32.564+0000] {dag.py:4180} INFO - Setting next_dagrun for hello_airflow to 2026-01-21 08:33:00+00:00, run_after=2026-01-21 08:34:00+00:00
[2026-01-21T08:34:32.584+0000] {processor.py:208} INFO - Processing /opt/airflow/dags/hello_airflow.py took 0.107 seconds
[2026-01-21T08:35:06.419+0000] {processor.py:186} INFO - Started process (PID=4693) to work on /opt/airflow/dags/hello_airflow.py
[2026-01-21T08:35:06.483+0000] {processor.py:914} INFO - Processing file /opt/airflow/dags/hello_airflow.py for tasks to queue
[2026-01-21T08:35:06.539+0000] {logging_mixin.py:190} INFO - [2026-01-21T08:35:06.538+0000] {dagbag.py:588} INFO - Filling up the DagBag from /opt/airflow/dags/hello_airflow.py
[2026-01-21T08:35:06.627+0000] {processor.py:925} INFO - DAG(s) 'hello_airflow' retrieved from /opt/airflow/dags/hello_airflow.py
[2026-01-21T08:35:06.710+0000] {logging_mixin.py:190} INFO - [2026-01-21T08:35:06.709+0000] {dag.py:3239} INFO - Sync 1 DAGs
[2026-01-21T08:35:06.845+0000] {logging_mixin.py:190} INFO - [2026-01-21T08:35:06.844+0000] {dag.py:4180} INFO - Setting next_dagrun for hello_airflow to 2026-01-21 08:34:00+00:00, run_after=2026-01-21 08:35:00+00:00
[2026-01-21T08:35:07.464+0000] {processor.py:208} INFO - Processing /opt/airflow/dags/hello_airflow.py took 1.120 seconds
[2026-01-21T08:35:37.582+0000] {processor.py:186} INFO - Started process (PID=4717) to work on /opt/airflow/dags/hello_airflow.py
[2026-01-21T08:35:37.583+0000] {processor.py:914} INFO - Processing file /opt/airflow/dags/hello_airflow.py for tasks to queue
[2026-01-21T08:35:37.586+0000] {logging_mixin.py:190} INFO - [2026-01-21T08:35:37.586+0000] {dagbag.py:588} INFO - Filling up the DagBag from /opt/airflow/dags/hello_airflow.py
[2026-01-21T08:35:37.602+0000] {processor.py:925} INFO - DAG(s) 'hello_airflow' retrieved from /opt/airflow/dags/hello_airflow.py
[2026-01-21T08:35:37.633+0000] {logging_mixin.py:190} INFO - [2026-01-21T08:35:37.633+0000] {dag.py:3239} INFO - Sync 1 DAGs
[2026-01-21T08:35:37.665+0000] {logging_mixin.py:190} INFO - [2026-01-21T08:35:37.664+0000] {dag.py:4180} INFO - Setting next_dagrun for hello_airflow to 2026-01-21 08:34:00+00:00, run_after=2026-01-21 08:35:00+00:00
[2026-01-21T08:35:37.684+0000] {processor.py:208} INFO - Processing /opt/airflow/dags/hello_airflow.py took 0.111 seconds
[2026-01-21T08:36:08.481+0000] {processor.py:186} INFO - Started process (PID=4741) to work on /opt/airflow/dags/hello_airflow.py
[2026-01-21T08:36:08.482+0000] {processor.py:914} INFO - Processing file /opt/airflow/dags/hello_airflow.py for tasks to queue
[2026-01-21T08:36:08.484+0000] {logging_mixin.py:190} INFO - [2026-01-21T08:36:08.484+0000] {dagbag.py:588} INFO - Filling up the DagBag from /opt/airflow/dags/hello_airflow.py
[2026-01-21T08:36:08.494+0000] {processor.py:925} INFO - DAG(s) 'hello_airflow' retrieved from /opt/airflow/dags/hello_airflow.py
[2026-01-21T08:36:08.515+0000] {logging_mixin.py:190} INFO - [2026-01-21T08:36:08.515+0000] {dag.py:3239} INFO - Sync 1 DAGs
[2026-01-21T08:36:08.540+0000] {logging_mixin.py:190} INFO - [2026-01-21T08:36:08.540+0000] {dag.py:4180} INFO - Setting next_dagrun for hello_airflow to 2026-01-21 08:35:00+00:00, run_after=2026-01-21 08:36:00+00:00
[2026-01-21T08:36:08.554+0000] {processor.py:208} INFO - Processing /opt/airflow/dags/hello_airflow.py took 0.081 seconds
[2026-01-21T08:36:39.806+0000] {processor.py:186} INFO - Started process (PID=4765) to work on /opt/airflow/dags/hello_airflow.py
[2026-01-21T08:36:39.807+0000] {processor.py:914} INFO - Processing file /opt/airflow/dags/hello_airflow.py for tasks to queue
[2026-01-21T08:36:39.810+0000] {logging_mixin.py:190} INFO - [2026-01-21T08:36:39.810+0000] {dagbag.py:588} INFO - Filling up the DagBag from /opt/airflow/dags/hello_airflow.py
[2026-01-21T08:36:39.821+0000] {processor.py:925} INFO - DAG(s) 'hello_airflow' retrieved from /opt/airflow/dags/hello_airflow.py
[2026-01-21T08:36:39.841+0000] {logging_mixin.py:190} INFO - [2026-01-21T08:36:39.841+0000] {dag.py:3239} INFO - Sync 1 DAGs
[2026-01-21T08:36:39.874+0000] {logging_mixin.py:190} INFO - [2026-01-21T08:36:39.874+0000] {dag.py:4180} INFO - Setting next_dagrun for hello_airflow to 2026-01-21 08:35:00+00:00, run_after=2026-01-21 08:36:00+00:00
[2026-01-21T08:36:39.903+0000] {processor.py:208} INFO - Processing /opt/airflow/dags/hello_airflow.py took 0.103 seconds
[2026-01-21T08:37:10.916+0000] {processor.py:186} INFO - Started process (PID=4789) to work on /opt/airflow/dags/hello_airflow.py
[2026-01-21T08:37:10.918+0000] {processor.py:914} INFO - Processing file /opt/airflow/dags/hello_airflow.py for tasks to queue
[2026-01-21T08:37:10.921+0000] {logging_mixin.py:190} INFO - [2026-01-21T08:37:10.920+0000] {dagbag.py:588} INFO - Filling up the DagBag from /opt/airflow/dags/hello_airflow.py
[2026-01-21T08:37:10.946+0000] {processor.py:925} INFO - DAG(s) 'hello_airflow' retrieved from /opt/airflow/dags/hello_airflow.py
[2026-01-21T08:37:10.982+0000] {logging_mixin.py:190} INFO - [2026-01-21T08:37:10.982+0000] {dag.py:3239} INFO - Sync 1 DAGs
[2026-01-21T08:37:11.031+0000] {logging_mixin.py:190} INFO - [2026-01-21T08:37:11.031+0000] {dag.py:4180} INFO - Setting next_dagrun for hello_airflow to 2026-01-21 08:36:00+00:00, run_after=2026-01-21 08:37:00+00:00
[2026-01-21T08:37:11.390+0000] {processor.py:208} INFO - Processing /opt/airflow/dags/hello_airflow.py took 0.482 seconds
[2026-01-21T08:37:41.763+0000] {processor.py:186} INFO - Started process (PID=4813) to work on /opt/airflow/dags/hello_airflow.py
[2026-01-21T08:37:41.763+0000] {processor.py:914} INFO - Processing file /opt/airflow/dags/hello_airflow.py for tasks to queue
[2026-01-21T08:37:41.765+0000] {logging_mixin.py:190} INFO - [2026-01-21T08:37:41.765+0000] {dagbag.py:588} INFO - Filling up the DagBag from /opt/airflow/dags/hello_airflow.py
[2026-01-21T08:37:41.774+0000] {processor.py:925} INFO - DAG(s) 'hello_airflow' retrieved from /opt/airflow/dags/hello_airflow.py
[2026-01-21T08:37:41.799+0000] {logging_mixin.py:190} INFO - [2026-01-21T08:37:41.798+0000] {dag.py:3239} INFO - Sync 1 DAGs
[2026-01-21T08:37:41.831+0000] {logging_mixin.py:190} INFO - [2026-01-21T08:37:41.831+0000] {dag.py:4180} INFO - Setting next_dagrun for hello_airflow to 2026-01-21 08:36:00+00:00, run_after=2026-01-21 08:37:00+00:00
[2026-01-21T08:37:41.846+0000] {processor.py:208} INFO - Processing /opt/airflow/dags/hello_airflow.py took 0.089 seconds
[2026-01-21T08:38:12.634+0000] {processor.py:186} INFO - Started process (PID=4837) to work on /opt/airflow/dags/hello_airflow.py
[2026-01-21T08:38:12.635+0000] {processor.py:914} INFO - Processing file /opt/airflow/dags/hello_airflow.py for tasks to queue
[2026-01-21T08:38:12.638+0000] {logging_mixin.py:190} INFO - [2026-01-21T08:38:12.637+0000] {dagbag.py:588} INFO - Filling up the DagBag from /opt/airflow/dags/hello_airflow.py
[2026-01-21T08:38:12.649+0000] {processor.py:925} INFO - DAG(s) 'hello_airflow' retrieved from /opt/airflow/dags/hello_airflow.py
[2026-01-21T08:38:12.671+0000] {logging_mixin.py:190} INFO - [2026-01-21T08:38:12.671+0000] {dag.py:3239} INFO - Sync 1 DAGs
[2026-01-21T08:38:12.708+0000] {logging_mixin.py:190} INFO - [2026-01-21T08:38:12.707+0000] {dag.py:4180} INFO - Setting next_dagrun for hello_airflow to 2026-01-21 08:37:00+00:00, run_after=2026-01-21 08:38:00+00:00
[2026-01-21T08:38:12.725+0000] {processor.py:208} INFO - Processing /opt/airflow/dags/hello_airflow.py took 0.100 seconds
[2026-01-21T08:38:43.359+0000] {processor.py:186} INFO - Started process (PID=4860) to work on /opt/airflow/dags/hello_airflow.py
[2026-01-21T08:38:43.360+0000] {processor.py:914} INFO - Processing file /opt/airflow/dags/hello_airflow.py for tasks to queue
[2026-01-21T08:38:43.362+0000] {logging_mixin.py:190} INFO - [2026-01-21T08:38:43.362+0000] {dagbag.py:588} INFO - Filling up the DagBag from /opt/airflow/dags/hello_airflow.py
[2026-01-21T08:38:43.370+0000] {processor.py:925} INFO - DAG(s) 'hello_airflow' retrieved from /opt/airflow/dags/hello_airflow.py
[2026-01-21T08:38:43.393+0000] {logging_mixin.py:190} INFO - [2026-01-21T08:38:43.393+0000] {dag.py:3239} INFO - Sync 1 DAGs
[2026-01-21T08:38:43.418+0000] {logging_mixin.py:190} INFO - [2026-01-21T08:38:43.417+0000] {dag.py:4180} INFO - Setting next_dagrun for hello_airflow to 2026-01-21 08:37:00+00:00, run_after=2026-01-21 08:38:00+00:00
[2026-01-21T08:38:43.434+0000] {processor.py:208} INFO - Processing /opt/airflow/dags/hello_airflow.py took 0.081 seconds
[2026-01-21T08:39:14.319+0000] {processor.py:186} INFO - Started process (PID=4884) to work on /opt/airflow/dags/hello_airflow.py
[2026-01-21T08:39:14.320+0000] {processor.py:914} INFO - Processing file /opt/airflow/dags/hello_airflow.py for tasks to queue
[2026-01-21T08:39:14.324+0000] {logging_mixin.py:190} INFO - [2026-01-21T08:39:14.323+0000] {dagbag.py:588} INFO - Filling up the DagBag from /opt/airflow/dags/hello_airflow.py
[2026-01-21T08:39:14.337+0000] {processor.py:925} INFO - DAG(s) 'hello_airflow' retrieved from /opt/airflow/dags/hello_airflow.py
[2026-01-21T08:39:14.374+0000] {logging_mixin.py:190} INFO - [2026-01-21T08:39:14.374+0000] {dag.py:3239} INFO - Sync 1 DAGs
[2026-01-21T08:39:14.432+0000] {logging_mixin.py:190} INFO - [2026-01-21T08:39:14.432+0000] {dag.py:4180} INFO - Setting next_dagrun for hello_airflow to 2026-01-21 08:38:00+00:00, run_after=2026-01-21 08:39:00+00:00
[2026-01-21T08:39:14.812+0000] {processor.py:208} INFO - Processing /opt/airflow/dags/hello_airflow.py took 0.502 seconds
[2026-01-21T08:39:45.908+0000] {processor.py:186} INFO - Started process (PID=4908) to work on /opt/airflow/dags/hello_airflow.py
[2026-01-21T08:39:45.912+0000] {processor.py:914} INFO - Processing file /opt/airflow/dags/hello_airflow.py for tasks to queue
[2026-01-21T08:39:45.921+0000] {logging_mixin.py:190} INFO - [2026-01-21T08:39:45.920+0000] {dagbag.py:588} INFO - Filling up the DagBag from /opt/airflow/dags/hello_airflow.py
[2026-01-21T08:39:45.952+0000] {processor.py:925} INFO - DAG(s) 'hello_airflow' retrieved from /opt/airflow/dags/hello_airflow.py
[2026-01-21T08:39:46.003+0000] {logging_mixin.py:190} INFO - [2026-01-21T08:39:46.003+0000] {dag.py:3239} INFO - Sync 1 DAGs
[2026-01-21T08:39:46.428+0000] {logging_mixin.py:190} INFO - [2026-01-21T08:39:46.427+0000] {dag.py:4180} INFO - Setting next_dagrun for hello_airflow to 2026-01-21 08:38:00+00:00, run_after=2026-01-21 08:39:00+00:00
[2026-01-21T08:39:46.485+0000] {processor.py:208} INFO - Processing /opt/airflow/dags/hello_airflow.py took 0.603 seconds
[2026-01-21T08:40:17.222+0000] {processor.py:186} INFO - Started process (PID=4934) to work on /opt/airflow/dags/hello_airflow.py
[2026-01-21T08:40:17.223+0000] {processor.py:914} INFO - Processing file /opt/airflow/dags/hello_airflow.py for tasks to queue
[2026-01-21T08:40:17.226+0000] {logging_mixin.py:190} INFO - [2026-01-21T08:40:17.225+0000] {dagbag.py:588} INFO - Filling up the DagBag from /opt/airflow/dags/hello_airflow.py
[2026-01-21T08:40:17.239+0000] {processor.py:925} INFO - DAG(s) 'hello_airflow' retrieved from /opt/airflow/dags/hello_airflow.py
[2026-01-21T08:40:17.269+0000] {logging_mixin.py:190} INFO - [2026-01-21T08:40:17.268+0000] {dag.py:3239} INFO - Sync 1 DAGs
[2026-01-21T08:40:17.298+0000] {logging_mixin.py:190} INFO - [2026-01-21T08:40:17.298+0000] {dag.py:4180} INFO - Setting next_dagrun for hello_airflow to 2026-01-21 08:39:00+00:00, run_after=2026-01-21 08:40:00+00:00
[2026-01-21T08:40:17.323+0000] {processor.py:208} INFO - Processing /opt/airflow/dags/hello_airflow.py took 0.109 seconds
[2026-01-21T08:40:49.894+0000] {processor.py:186} INFO - Started process (PID=4957) to work on /opt/airflow/dags/hello_airflow.py
[2026-01-21T08:40:49.903+0000] {processor.py:914} INFO - Processing file /opt/airflow/dags/hello_airflow.py for tasks to queue
[2026-01-21T08:40:49.918+0000] {logging_mixin.py:190} INFO - [2026-01-21T08:40:49.909+0000] {dagbag.py:588} INFO - Filling up the DagBag from /opt/airflow/dags/hello_airflow.py
[2026-01-21T08:40:49.979+0000] {processor.py:925} INFO - DAG(s) 'hello_airflow' retrieved from /opt/airflow/dags/hello_airflow.py
[2026-01-21T08:40:50.064+0000] {logging_mixin.py:190} INFO - [2026-01-21T08:40:50.064+0000] {dag.py:3239} INFO - Sync 1 DAGs
[2026-01-21T08:40:50.130+0000] {logging_mixin.py:190} INFO - [2026-01-21T08:40:50.129+0000] {dag.py:4180} INFO - Setting next_dagrun for hello_airflow to 2026-01-21 08:39:00+00:00, run_after=2026-01-21 08:40:00+00:00
[2026-01-21T08:40:50.167+0000] {processor.py:208} INFO - Processing /opt/airflow/dags/hello_airflow.py took 0.314 seconds
[2026-01-21T08:41:20.392+0000] {processor.py:186} INFO - Started process (PID=4981) to work on /opt/airflow/dags/hello_airflow.py
[2026-01-21T08:41:20.393+0000] {processor.py:914} INFO - Processing file /opt/airflow/dags/hello_airflow.py for tasks to queue
[2026-01-21T08:41:20.396+0000] {logging_mixin.py:190} INFO - [2026-01-21T08:41:20.396+0000] {dagbag.py:588} INFO - Filling up the DagBag from /opt/airflow/dags/hello_airflow.py
[2026-01-21T08:41:20.408+0000] {processor.py:925} INFO - DAG(s) 'hello_airflow' retrieved from /opt/airflow/dags/hello_airflow.py
[2026-01-21T08:41:20.443+0000] {logging_mixin.py:190} INFO - [2026-01-21T08:41:20.443+0000] {dag.py:3239} INFO - Sync 1 DAGs
[2026-01-21T08:41:20.481+0000] {logging_mixin.py:190} INFO - [2026-01-21T08:41:20.481+0000] {dag.py:4180} INFO - Setting next_dagrun for hello_airflow to 2026-01-21 08:40:00+00:00, run_after=2026-01-21 08:41:00+00:00
[2026-01-21T08:41:20.729+0000] {processor.py:208} INFO - Processing /opt/airflow/dags/hello_airflow.py took 0.346 seconds
[2026-01-21T08:41:51.540+0000] {processor.py:186} INFO - Started process (PID=5006) to work on /opt/airflow/dags/hello_airflow.py
[2026-01-21T08:41:51.541+0000] {processor.py:914} INFO - Processing file /opt/airflow/dags/hello_airflow.py for tasks to queue
[2026-01-21T08:41:51.543+0000] {logging_mixin.py:190} INFO - [2026-01-21T08:41:51.543+0000] {dagbag.py:588} INFO - Filling up the DagBag from /opt/airflow/dags/hello_airflow.py
[2026-01-21T08:41:51.551+0000] {processor.py:925} INFO - DAG(s) 'hello_airflow' retrieved from /opt/airflow/dags/hello_airflow.py
[2026-01-21T08:41:51.577+0000] {logging_mixin.py:190} INFO - [2026-01-21T08:41:51.577+0000] {dag.py:3239} INFO - Sync 1 DAGs
[2026-01-21T08:41:51.821+0000] {logging_mixin.py:190} INFO - [2026-01-21T08:41:51.821+0000] {dag.py:4180} INFO - Setting next_dagrun for hello_airflow to 2026-01-21 08:40:00+00:00, run_after=2026-01-21 08:41:00+00:00
[2026-01-21T08:41:51.839+0000] {processor.py:208} INFO - Processing /opt/airflow/dags/hello_airflow.py took 0.306 seconds
[2026-01-21T08:42:22.543+0000] {processor.py:186} INFO - Started process (PID=5030) to work on /opt/airflow/dags/hello_airflow.py
[2026-01-21T08:42:22.544+0000] {processor.py:914} INFO - Processing file /opt/airflow/dags/hello_airflow.py for tasks to queue
[2026-01-21T08:42:22.547+0000] {logging_mixin.py:190} INFO - [2026-01-21T08:42:22.547+0000] {dagbag.py:588} INFO - Filling up the DagBag from /opt/airflow/dags/hello_airflow.py
[2026-01-21T08:42:22.560+0000] {processor.py:925} INFO - DAG(s) 'hello_airflow' retrieved from /opt/airflow/dags/hello_airflow.py
[2026-01-21T08:42:22.588+0000] {logging_mixin.py:190} INFO - [2026-01-21T08:42:22.588+0000] {dag.py:3239} INFO - Sync 1 DAGs
[2026-01-21T08:42:22.615+0000] {logging_mixin.py:190} INFO - [2026-01-21T08:42:22.615+0000] {dag.py:4180} INFO - Setting next_dagrun for hello_airflow to 2026-01-21 08:41:00+00:00, run_after=2026-01-21 08:42:00+00:00
[2026-01-21T08:42:22.633+0000] {processor.py:208} INFO - Processing /opt/airflow/dags/hello_airflow.py took 0.097 seconds
[2026-01-21T08:42:54.139+0000] {processor.py:186} INFO - Started process (PID=5055) to work on /opt/airflow/dags/hello_airflow.py
[2026-01-21T08:42:54.140+0000] {processor.py:914} INFO - Processing file /opt/airflow/dags/hello_airflow.py for tasks to queue
[2026-01-21T08:42:54.143+0000] {logging_mixin.py:190} INFO - [2026-01-21T08:42:54.143+0000] {dagbag.py:588} INFO - Filling up the DagBag from /opt/airflow/dags/hello_airflow.py
[2026-01-21T08:42:54.156+0000] {processor.py:925} INFO - DAG(s) 'hello_airflow' retrieved from /opt/airflow/dags/hello_airflow.py
[2026-01-21T08:42:54.190+0000] {logging_mixin.py:190} INFO - [2026-01-21T08:42:54.190+0000] {dag.py:3239} INFO - Sync 1 DAGs
[2026-01-21T08:42:54.231+0000] {logging_mixin.py:190} INFO - [2026-01-21T08:42:54.230+0000] {dag.py:4180} INFO - Setting next_dagrun for hello_airflow to 2026-01-21 08:41:00+00:00, run_after=2026-01-21 08:42:00+00:00
[2026-01-21T08:42:54.258+0000] {processor.py:208} INFO - Processing /opt/airflow/dags/hello_airflow.py took 0.129 seconds
[2026-01-21T08:43:25.749+0000] {processor.py:186} INFO - Started process (PID=5079) to work on /opt/airflow/dags/hello_airflow.py
[2026-01-21T08:43:25.750+0000] {processor.py:914} INFO - Processing file /opt/airflow/dags/hello_airflow.py for tasks to queue
[2026-01-21T08:43:25.752+0000] {logging_mixin.py:190} INFO - [2026-01-21T08:43:25.752+0000] {dagbag.py:588} INFO - Filling up the DagBag from /opt/airflow/dags/hello_airflow.py
[2026-01-21T08:43:25.765+0000] {processor.py:925} INFO - DAG(s) 'hello_airflow' retrieved from /opt/airflow/dags/hello_airflow.py
[2026-01-21T08:43:25.797+0000] {logging_mixin.py:190} INFO - [2026-01-21T08:43:25.796+0000] {dag.py:3239} INFO - Sync 1 DAGs
[2026-01-21T08:43:25.831+0000] {logging_mixin.py:190} INFO - [2026-01-21T08:43:25.831+0000] {dag.py:4180} INFO - Setting next_dagrun for hello_airflow to 2026-01-21 08:42:00+00:00, run_after=2026-01-21 08:43:00+00:00
[2026-01-21T08:43:26.079+0000] {processor.py:208} INFO - Processing /opt/airflow/dags/hello_airflow.py took 0.339 seconds
[2026-01-21T08:43:56.455+0000] {processor.py:186} INFO - Started process (PID=5103) to work on /opt/airflow/dags/hello_airflow.py
[2026-01-21T08:43:56.456+0000] {processor.py:914} INFO - Processing file /opt/airflow/dags/hello_airflow.py for tasks to queue
[2026-01-21T08:43:56.459+0000] {logging_mixin.py:190} INFO - [2026-01-21T08:43:56.459+0000] {dagbag.py:588} INFO - Filling up the DagBag from /opt/airflow/dags/hello_airflow.py
[2026-01-21T08:43:56.474+0000] {processor.py:925} INFO - DAG(s) 'hello_airflow' retrieved from /opt/airflow/dags/hello_airflow.py
[2026-01-21T08:43:56.502+0000] {logging_mixin.py:190} INFO - [2026-01-21T08:43:56.502+0000] {dag.py:3239} INFO - Sync 1 DAGs
[2026-01-21T08:43:56.758+0000] {logging_mixin.py:190} INFO - [2026-01-21T08:43:56.758+0000] {dag.py:4180} INFO - Setting next_dagrun for hello_airflow to 2026-01-21 08:42:00+00:00, run_after=2026-01-21 08:43:00+00:00
[2026-01-21T08:43:56.788+0000] {processor.py:208} INFO - Processing /opt/airflow/dags/hello_airflow.py took 0.341 seconds
[2026-01-21T08:44:27.961+0000] {processor.py:186} INFO - Started process (PID=5127) to work on /opt/airflow/dags/hello_airflow.py
[2026-01-21T08:44:27.962+0000] {processor.py:914} INFO - Processing file /opt/airflow/dags/hello_airflow.py for tasks to queue
[2026-01-21T08:44:27.965+0000] {logging_mixin.py:190} INFO - [2026-01-21T08:44:27.964+0000] {dagbag.py:588} INFO - Filling up the DagBag from /opt/airflow/dags/hello_airflow.py
[2026-01-21T08:44:27.979+0000] {processor.py:925} INFO - DAG(s) 'hello_airflow' retrieved from /opt/airflow/dags/hello_airflow.py
[2026-01-21T08:44:28.015+0000] {logging_mixin.py:190} INFO - [2026-01-21T08:44:28.014+0000] {dag.py:3239} INFO - Sync 1 DAGs
[2026-01-21T08:44:28.056+0000] {logging_mixin.py:190} INFO - [2026-01-21T08:44:28.055+0000] {dag.py:4180} INFO - Setting next_dagrun for hello_airflow to 2026-01-21 08:43:00+00:00, run_after=2026-01-21 08:44:00+00:00
[2026-01-21T08:44:28.082+0000] {processor.py:208} INFO - Processing /opt/airflow/dags/hello_airflow.py took 0.132 seconds
[2026-01-21T08:44:59.426+0000] {processor.py:186} INFO - Started process (PID=5151) to work on /opt/airflow/dags/hello_airflow.py
[2026-01-21T08:44:59.428+0000] {processor.py:914} INFO - Processing file /opt/airflow/dags/hello_airflow.py for tasks to queue
[2026-01-21T08:44:59.430+0000] {logging_mixin.py:190} INFO - [2026-01-21T08:44:59.430+0000] {dagbag.py:588} INFO - Filling up the DagBag from /opt/airflow/dags/hello_airflow.py
[2026-01-21T08:44:59.444+0000] {processor.py:925} INFO - DAG(s) 'hello_airflow' retrieved from /opt/airflow/dags/hello_airflow.py
[2026-01-21T08:44:59.478+0000] {logging_mixin.py:190} INFO - [2026-01-21T08:44:59.478+0000] {dag.py:3239} INFO - Sync 1 DAGs
[2026-01-21T08:44:59.520+0000] {logging_mixin.py:190} INFO - [2026-01-21T08:44:59.520+0000] {dag.py:4180} INFO - Setting next_dagrun for hello_airflow to 2026-01-21 08:43:00+00:00, run_after=2026-01-21 08:44:00+00:00
[2026-01-21T08:44:59.543+0000] {processor.py:208} INFO - Processing /opt/airflow/dags/hello_airflow.py took 0.125 seconds
[2026-01-21T08:45:30.438+0000] {processor.py:186} INFO - Started process (PID=5182) to work on /opt/airflow/dags/hello_airflow.py
[2026-01-21T08:45:30.439+0000] {processor.py:914} INFO - Processing file /opt/airflow/dags/hello_airflow.py for tasks to queue
[2026-01-21T08:45:30.441+0000] {logging_mixin.py:190} INFO - [2026-01-21T08:45:30.441+0000] {dagbag.py:588} INFO - Filling up the DagBag from /opt/airflow/dags/hello_airflow.py
[2026-01-21T08:45:30.453+0000] {processor.py:925} INFO - DAG(s) 'hello_airflow' retrieved from /opt/airflow/dags/hello_airflow.py
[2026-01-21T08:45:30.483+0000] {logging_mixin.py:190} INFO - [2026-01-21T08:45:30.483+0000] {dag.py:3239} INFO - Sync 1 DAGs
[2026-01-21T08:45:30.525+0000] {logging_mixin.py:190} INFO - [2026-01-21T08:45:30.525+0000] {dag.py:4180} INFO - Setting next_dagrun for hello_airflow to 2026-01-21 08:44:00+00:00, run_after=2026-01-21 08:45:00+00:00
[2026-01-21T08:45:30.844+0000] {processor.py:208} INFO - Processing /opt/airflow/dags/hello_airflow.py took 0.414 seconds
[2026-01-21T08:46:01.465+0000] {processor.py:186} INFO - Started process (PID=5205) to work on /opt/airflow/dags/hello_airflow.py
[2026-01-21T08:46:01.467+0000] {processor.py:914} INFO - Processing file /opt/airflow/dags/hello_airflow.py for tasks to queue
[2026-01-21T08:46:01.472+0000] {logging_mixin.py:190} INFO - [2026-01-21T08:46:01.472+0000] {dagbag.py:588} INFO - Filling up the DagBag from /opt/airflow/dags/hello_airflow.py
[2026-01-21T08:46:01.485+0000] {processor.py:925} INFO - DAG(s) 'hello_airflow' retrieved from /opt/airflow/dags/hello_airflow.py
[2026-01-21T08:46:01.520+0000] {logging_mixin.py:190} INFO - [2026-01-21T08:46:01.520+0000] {dag.py:3239} INFO - Sync 1 DAGs
[2026-01-21T08:46:01.794+0000] {logging_mixin.py:190} INFO - [2026-01-21T08:46:01.794+0000] {dag.py:4180} INFO - Setting next_dagrun for hello_airflow to 2026-01-21 08:45:00+00:00, run_after=2026-01-21 08:46:00+00:00
[2026-01-21T08:46:01.813+0000] {processor.py:208} INFO - Processing /opt/airflow/dags/hello_airflow.py took 0.364 seconds
[2026-01-21T08:46:32.991+0000] {processor.py:186} INFO - Started process (PID=5231) to work on /opt/airflow/dags/hello_airflow.py
[2026-01-21T08:46:32.992+0000] {processor.py:914} INFO - Processing file /opt/airflow/dags/hello_airflow.py for tasks to queue
[2026-01-21T08:46:32.996+0000] {logging_mixin.py:190} INFO - [2026-01-21T08:46:32.995+0000] {dagbag.py:588} INFO - Filling up the DagBag from /opt/airflow/dags/hello_airflow.py
[2026-01-21T08:46:33.010+0000] {processor.py:925} INFO - DAG(s) 'hello_airflow' retrieved from /opt/airflow/dags/hello_airflow.py
[2026-01-21T08:46:33.052+0000] {logging_mixin.py:190} INFO - [2026-01-21T08:46:33.051+0000] {dag.py:3239} INFO - Sync 1 DAGs
[2026-01-21T08:46:33.087+0000] {logging_mixin.py:190} INFO - [2026-01-21T08:46:33.087+0000] {dag.py:4180} INFO - Setting next_dagrun for hello_airflow to 2026-01-21 08:45:00+00:00, run_after=2026-01-21 08:46:00+00:00
[2026-01-21T08:46:33.112+0000] {processor.py:208} INFO - Processing /opt/airflow/dags/hello_airflow.py took 0.132 seconds
[2026-01-21T08:47:03.674+0000] {processor.py:186} INFO - Started process (PID=5253) to work on /opt/airflow/dags/hello_airflow.py
[2026-01-21T08:47:03.674+0000] {processor.py:914} INFO - Processing file /opt/airflow/dags/hello_airflow.py for tasks to queue
[2026-01-21T08:47:03.677+0000] {logging_mixin.py:190} INFO - [2026-01-21T08:47:03.676+0000] {dagbag.py:588} INFO - Filling up the DagBag from /opt/airflow/dags/hello_airflow.py
[2026-01-21T08:47:03.686+0000] {processor.py:925} INFO - DAG(s) 'hello_airflow' retrieved from /opt/airflow/dags/hello_airflow.py
[2026-01-21T08:47:03.714+0000] {logging_mixin.py:190} INFO - [2026-01-21T08:47:03.713+0000] {dag.py:3239} INFO - Sync 1 DAGs
[2026-01-21T08:47:03.757+0000] {logging_mixin.py:190} INFO - [2026-01-21T08:47:03.756+0000] {dag.py:4180} INFO - Setting next_dagrun for hello_airflow to 2026-01-21 08:46:00+00:00, run_after=2026-01-21 08:47:00+00:00
[2026-01-21T08:47:03.784+0000] {processor.py:208} INFO - Processing /opt/airflow/dags/hello_airflow.py took 0.117 seconds
[2026-01-21T08:47:35.194+0000] {processor.py:186} INFO - Started process (PID=5279) to work on /opt/airflow/dags/hello_airflow.py
[2026-01-21T08:47:35.196+0000] {processor.py:914} INFO - Processing file /opt/airflow/dags/hello_airflow.py for tasks to queue
[2026-01-21T08:47:35.200+0000] {logging_mixin.py:190} INFO - [2026-01-21T08:47:35.199+0000] {dagbag.py:588} INFO - Filling up the DagBag from /opt/airflow/dags/hello_airflow.py
[2026-01-21T08:47:35.274+0000] {processor.py:925} INFO - DAG(s) 'hello_airflow' retrieved from /opt/airflow/dags/hello_airflow.py
[2026-01-21T08:47:35.392+0000] {logging_mixin.py:190} INFO - [2026-01-21T08:47:35.383+0000] {dag.py:3239} INFO - Sync 1 DAGs
[2026-01-21T08:47:35.610+0000] {logging_mixin.py:190} INFO - [2026-01-21T08:47:35.609+0000] {dag.py:4180} INFO - Setting next_dagrun for hello_airflow to 2026-01-21 08:46:00+00:00, run_after=2026-01-21 08:47:00+00:00
[2026-01-21T08:47:35.957+0000] {processor.py:208} INFO - Processing /opt/airflow/dags/hello_airflow.py took 0.776 seconds
[2026-01-21T08:48:06.445+0000] {processor.py:186} INFO - Started process (PID=5302) to work on /opt/airflow/dags/hello_airflow.py
[2026-01-21T08:48:06.446+0000] {processor.py:914} INFO - Processing file /opt/airflow/dags/hello_airflow.py for tasks to queue
[2026-01-21T08:48:06.449+0000] {logging_mixin.py:190} INFO - [2026-01-21T08:48:06.449+0000] {dagbag.py:588} INFO - Filling up the DagBag from /opt/airflow/dags/hello_airflow.py
[2026-01-21T08:48:06.459+0000] {processor.py:925} INFO - DAG(s) 'hello_airflow' retrieved from /opt/airflow/dags/hello_airflow.py
[2026-01-21T08:48:06.479+0000] {logging_mixin.py:190} INFO - [2026-01-21T08:48:06.479+0000] {dag.py:3239} INFO - Sync 1 DAGs
[2026-01-21T08:48:06.733+0000] {logging_mixin.py:190} INFO - [2026-01-21T08:48:06.733+0000] {dag.py:4180} INFO - Setting next_dagrun for hello_airflow to 2026-01-21 08:47:00+00:00, run_after=2026-01-21 08:48:00+00:00
[2026-01-21T08:48:06.756+0000] {processor.py:208} INFO - Processing /opt/airflow/dags/hello_airflow.py took 0.319 seconds
[2026-01-21T08:48:36.792+0000] {processor.py:186} INFO - Started process (PID=5325) to work on /opt/airflow/dags/hello_airflow.py
[2026-01-21T08:48:36.794+0000] {processor.py:914} INFO - Processing file /opt/airflow/dags/hello_airflow.py for tasks to queue
[2026-01-21T08:48:36.797+0000] {logging_mixin.py:190} INFO - [2026-01-21T08:48:36.797+0000] {dagbag.py:588} INFO - Filling up the DagBag from /opt/airflow/dags/hello_airflow.py
[2026-01-21T08:48:36.810+0000] {processor.py:925} INFO - DAG(s) 'hello_airflow' retrieved from /opt/airflow/dags/hello_airflow.py
[2026-01-21T08:48:36.843+0000] {logging_mixin.py:190} INFO - [2026-01-21T08:48:36.843+0000] {dag.py:3239} INFO - Sync 1 DAGs
[2026-01-21T08:48:36.889+0000] {logging_mixin.py:190} INFO - [2026-01-21T08:48:36.889+0000] {dag.py:4180} INFO - Setting next_dagrun for hello_airflow to 2026-01-21 08:47:00+00:00, run_after=2026-01-21 08:48:00+00:00
[2026-01-21T08:48:36.919+0000] {processor.py:208} INFO - Processing /opt/airflow/dags/hello_airflow.py took 0.136 seconds
[2026-01-21T08:49:07.790+0000] {processor.py:186} INFO - Started process (PID=5350) to work on /opt/airflow/dags/hello_airflow.py
[2026-01-21T08:49:07.791+0000] {processor.py:914} INFO - Processing file /opt/airflow/dags/hello_airflow.py for tasks to queue
[2026-01-21T08:49:07.794+0000] {logging_mixin.py:190} INFO - [2026-01-21T08:49:07.794+0000] {dagbag.py:588} INFO - Filling up the DagBag from /opt/airflow/dags/hello_airflow.py
[2026-01-21T08:49:07.806+0000] {processor.py:925} INFO - DAG(s) 'hello_airflow' retrieved from /opt/airflow/dags/hello_airflow.py
[2026-01-21T08:49:07.835+0000] {logging_mixin.py:190} INFO - [2026-01-21T08:49:07.835+0000] {dag.py:3239} INFO - Sync 1 DAGs
[2026-01-21T08:49:07.868+0000] {logging_mixin.py:190} INFO - [2026-01-21T08:49:07.867+0000] {dag.py:4180} INFO - Setting next_dagrun for hello_airflow to 2026-01-21 08:48:00+00:00, run_after=2026-01-21 08:49:00+00:00
[2026-01-21T08:49:07.887+0000] {processor.py:208} INFO - Processing /opt/airflow/dags/hello_airflow.py took 0.105 seconds
[2026-01-21T08:49:39.093+0000] {processor.py:186} INFO - Started process (PID=5374) to work on /opt/airflow/dags/hello_airflow.py
[2026-01-21T08:49:39.094+0000] {processor.py:914} INFO - Processing file /opt/airflow/dags/hello_airflow.py for tasks to queue
[2026-01-21T08:49:39.098+0000] {logging_mixin.py:190} INFO - [2026-01-21T08:49:39.098+0000] {dagbag.py:588} INFO - Filling up the DagBag from /opt/airflow/dags/hello_airflow.py
[2026-01-21T08:49:39.118+0000] {processor.py:925} INFO - DAG(s) 'hello_airflow' retrieved from /opt/airflow/dags/hello_airflow.py
[2026-01-21T08:49:39.161+0000] {logging_mixin.py:190} INFO - [2026-01-21T08:49:39.160+0000] {dag.py:3239} INFO - Sync 1 DAGs
[2026-01-21T08:49:39.216+0000] {logging_mixin.py:190} INFO - [2026-01-21T08:49:39.216+0000] {dag.py:4180} INFO - Setting next_dagrun for hello_airflow to 2026-01-21 08:48:00+00:00, run_after=2026-01-21 08:49:00+00:00
[2026-01-21T08:49:39.479+0000] {processor.py:208} INFO - Processing /opt/airflow/dags/hello_airflow.py took 0.396 seconds
[2026-01-21T08:50:11.035+0000] {processor.py:186} INFO - Started process (PID=5400) to work on /opt/airflow/dags/hello_airflow.py
[2026-01-21T08:50:11.036+0000] {processor.py:914} INFO - Processing file /opt/airflow/dags/hello_airflow.py for tasks to queue
[2026-01-21T08:50:11.040+0000] {logging_mixin.py:190} INFO - [2026-01-21T08:50:11.039+0000] {dagbag.py:588} INFO - Filling up the DagBag from /opt/airflow/dags/hello_airflow.py
[2026-01-21T08:50:11.056+0000] {processor.py:925} INFO - DAG(s) 'hello_airflow' retrieved from /opt/airflow/dags/hello_airflow.py
[2026-01-21T08:50:11.097+0000] {logging_mixin.py:190} INFO - [2026-01-21T08:50:11.097+0000] {dag.py:3239} INFO - Sync 1 DAGs
[2026-01-21T08:50:11.414+0000] {logging_mixin.py:190} INFO - [2026-01-21T08:50:11.413+0000] {dag.py:4180} INFO - Setting next_dagrun for hello_airflow to 2026-01-21 08:49:00+00:00, run_after=2026-01-21 08:50:00+00:00
[2026-01-21T08:50:11.439+0000] {processor.py:208} INFO - Processing /opt/airflow/dags/hello_airflow.py took 0.415 seconds
[2026-01-21T08:50:42.640+0000] {processor.py:186} INFO - Started process (PID=5424) to work on /opt/airflow/dags/hello_airflow.py
[2026-01-21T08:50:42.641+0000] {processor.py:914} INFO - Processing file /opt/airflow/dags/hello_airflow.py for tasks to queue
[2026-01-21T08:50:42.645+0000] {logging_mixin.py:190} INFO - [2026-01-21T08:50:42.644+0000] {dagbag.py:588} INFO - Filling up the DagBag from /opt/airflow/dags/hello_airflow.py
[2026-01-21T08:50:42.658+0000] {processor.py:925} INFO - DAG(s) 'hello_airflow' retrieved from /opt/airflow/dags/hello_airflow.py
[2026-01-21T08:50:42.944+0000] {logging_mixin.py:190} INFO - [2026-01-21T08:50:42.944+0000] {dag.py:3239} INFO - Sync 1 DAGs
[2026-01-21T08:50:42.988+0000] {logging_mixin.py:190} INFO - [2026-01-21T08:50:42.988+0000] {dag.py:4180} INFO - Setting next_dagrun for hello_airflow to 2026-01-21 08:49:00+00:00, run_after=2026-01-21 08:50:00+00:00
[2026-01-21T08:50:43.017+0000] {processor.py:208} INFO - Processing /opt/airflow/dags/hello_airflow.py took 0.385 seconds
[2026-01-21T08:51:13.411+0000] {processor.py:186} INFO - Started process (PID=5448) to work on /opt/airflow/dags/hello_airflow.py
[2026-01-21T08:51:13.415+0000] {processor.py:914} INFO - Processing file /opt/airflow/dags/hello_airflow.py for tasks to queue
[2026-01-21T08:51:13.419+0000] {logging_mixin.py:190} INFO - [2026-01-21T08:51:13.418+0000] {dagbag.py:588} INFO - Filling up the DagBag from /opt/airflow/dags/hello_airflow.py
[2026-01-21T08:51:13.437+0000] {processor.py:925} INFO - DAG(s) 'hello_airflow' retrieved from /opt/airflow/dags/hello_airflow.py
[2026-01-21T08:51:13.479+0000] {logging_mixin.py:190} INFO - [2026-01-21T08:51:13.479+0000] {dag.py:3239} INFO - Sync 1 DAGs
[2026-01-21T08:51:13.524+0000] {logging_mixin.py:190} INFO - [2026-01-21T08:51:13.524+0000] {dag.py:4180} INFO - Setting next_dagrun for hello_airflow to 2026-01-21 08:50:00+00:00, run_after=2026-01-21 08:51:00+00:00
[2026-01-21T08:51:13.557+0000] {processor.py:208} INFO - Processing /opt/airflow/dags/hello_airflow.py took 0.155 seconds
[2026-01-21T08:51:44.319+0000] {processor.py:186} INFO - Started process (PID=5471) to work on /opt/airflow/dags/hello_airflow.py
[2026-01-21T08:51:44.322+0000] {processor.py:914} INFO - Processing file /opt/airflow/dags/hello_airflow.py for tasks to queue
[2026-01-21T08:51:44.326+0000] {logging_mixin.py:190} INFO - [2026-01-21T08:51:44.326+0000] {dagbag.py:588} INFO - Filling up the DagBag from /opt/airflow/dags/hello_airflow.py
[2026-01-21T08:51:44.351+0000] {processor.py:925} INFO - DAG(s) 'hello_airflow' retrieved from /opt/airflow/dags/hello_airflow.py
[2026-01-21T08:51:44.404+0000] {logging_mixin.py:190} INFO - [2026-01-21T08:51:44.404+0000] {dag.py:3239} INFO - Sync 1 DAGs
[2026-01-21T08:51:44.485+0000] {logging_mixin.py:190} INFO - [2026-01-21T08:51:44.485+0000] {dag.py:4180} INFO - Setting next_dagrun for hello_airflow to 2026-01-21 08:50:00+00:00, run_after=2026-01-21 08:51:00+00:00
[2026-01-21T08:51:44.527+0000] {processor.py:208} INFO - Processing /opt/airflow/dags/hello_airflow.py took 0.221 seconds
[2026-01-21T08:52:14.803+0000] {processor.py:186} INFO - Started process (PID=5494) to work on /opt/airflow/dags/hello_airflow.py
[2026-01-21T08:52:14.805+0000] {processor.py:914} INFO - Processing file /opt/airflow/dags/hello_airflow.py for tasks to queue
[2026-01-21T08:52:14.808+0000] {logging_mixin.py:190} INFO - [2026-01-21T08:52:14.808+0000] {dagbag.py:588} INFO - Filling up the DagBag from /opt/airflow/dags/hello_airflow.py
[2026-01-21T08:52:14.821+0000] {processor.py:925} INFO - DAG(s) 'hello_airflow' retrieved from /opt/airflow/dags/hello_airflow.py
[2026-01-21T08:52:14.854+0000] {logging_mixin.py:190} INFO - [2026-01-21T08:52:14.854+0000] {dag.py:3239} INFO - Sync 1 DAGs
[2026-01-21T08:52:14.889+0000] {logging_mixin.py:190} INFO - [2026-01-21T08:52:14.888+0000] {dag.py:4180} INFO - Setting next_dagrun for hello_airflow to 2026-01-21 08:51:00+00:00, run_after=2026-01-21 08:52:00+00:00
[2026-01-21T08:52:14.906+0000] {processor.py:208} INFO - Processing /opt/airflow/dags/hello_airflow.py took 0.114 seconds
[2026-01-21T08:52:45.641+0000] {processor.py:186} INFO - Started process (PID=5518) to work on /opt/airflow/dags/hello_airflow.py
[2026-01-21T08:52:45.642+0000] {processor.py:914} INFO - Processing file /opt/airflow/dags/hello_airflow.py for tasks to queue
[2026-01-21T08:52:45.645+0000] {logging_mixin.py:190} INFO - [2026-01-21T08:52:45.644+0000] {dagbag.py:588} INFO - Filling up the DagBag from /opt/airflow/dags/hello_airflow.py
[2026-01-21T08:52:45.657+0000] {processor.py:925} INFO - DAG(s) 'hello_airflow' retrieved from /opt/airflow/dags/hello_airflow.py
[2026-01-21T08:52:45.686+0000] {logging_mixin.py:190} INFO - [2026-01-21T08:52:45.685+0000] {dag.py:3239} INFO - Sync 1 DAGs
[2026-01-21T08:52:45.723+0000] {logging_mixin.py:190} INFO - [2026-01-21T08:52:45.723+0000] {dag.py:4180} INFO - Setting next_dagrun for hello_airflow to 2026-01-21 08:51:00+00:00, run_after=2026-01-21 08:52:00+00:00
[2026-01-21T08:52:45.742+0000] {processor.py:208} INFO - Processing /opt/airflow/dags/hello_airflow.py took 0.110 seconds
[2026-01-21T08:53:16.732+0000] {processor.py:186} INFO - Started process (PID=5543) to work on /opt/airflow/dags/hello_airflow.py
[2026-01-21T08:53:16.733+0000] {processor.py:914} INFO - Processing file /opt/airflow/dags/hello_airflow.py for tasks to queue
[2026-01-21T08:53:16.736+0000] {logging_mixin.py:190} INFO - [2026-01-21T08:53:16.735+0000] {dagbag.py:588} INFO - Filling up the DagBag from /opt/airflow/dags/hello_airflow.py
[2026-01-21T08:53:16.745+0000] {processor.py:925} INFO - DAG(s) 'hello_airflow' retrieved from /opt/airflow/dags/hello_airflow.py
[2026-01-21T08:53:16.772+0000] {logging_mixin.py:190} INFO - [2026-01-21T08:53:16.772+0000] {dag.py:3239} INFO - Sync 1 DAGs
[2026-01-21T08:53:16.808+0000] {logging_mixin.py:190} INFO - [2026-01-21T08:53:16.808+0000] {dag.py:4180} INFO - Setting next_dagrun for hello_airflow to 2026-01-21 08:52:00+00:00, run_after=2026-01-21 08:53:00+00:00
[2026-01-21T08:53:16.844+0000] {processor.py:208} INFO - Processing /opt/airflow/dags/hello_airflow.py took 0.119 seconds
[2026-01-21T08:53:47.430+0000] {processor.py:186} INFO - Started process (PID=5567) to work on /opt/airflow/dags/hello_airflow.py
[2026-01-21T08:53:47.432+0000] {processor.py:914} INFO - Processing file /opt/airflow/dags/hello_airflow.py for tasks to queue
[2026-01-21T08:53:47.437+0000] {logging_mixin.py:190} INFO - [2026-01-21T08:53:47.436+0000] {dagbag.py:588} INFO - Filling up the DagBag from /opt/airflow/dags/hello_airflow.py
[2026-01-21T08:53:47.453+0000] {processor.py:925} INFO - DAG(s) 'hello_airflow' retrieved from /opt/airflow/dags/hello_airflow.py
[2026-01-21T08:53:47.509+0000] {logging_mixin.py:190} INFO - [2026-01-21T08:53:47.509+0000] {dag.py:3239} INFO - Sync 1 DAGs
[2026-01-21T08:53:47.564+0000] {logging_mixin.py:190} INFO - [2026-01-21T08:53:47.563+0000] {dag.py:4180} INFO - Setting next_dagrun for hello_airflow to 2026-01-21 08:52:00+00:00, run_after=2026-01-21 08:53:00+00:00
[2026-01-21T08:53:47.599+0000] {processor.py:208} INFO - Processing /opt/airflow/dags/hello_airflow.py took 0.179 seconds
[2026-01-21T08:54:18.428+0000] {processor.py:186} INFO - Started process (PID=5590) to work on /opt/airflow/dags/hello_airflow.py
[2026-01-21T08:54:18.429+0000] {processor.py:914} INFO - Processing file /opt/airflow/dags/hello_airflow.py for tasks to queue
[2026-01-21T08:54:18.432+0000] {logging_mixin.py:190} INFO - [2026-01-21T08:54:18.432+0000] {dagbag.py:588} INFO - Filling up the DagBag from /opt/airflow/dags/hello_airflow.py
[2026-01-21T08:54:18.444+0000] {processor.py:925} INFO - DAG(s) 'hello_airflow' retrieved from /opt/airflow/dags/hello_airflow.py
[2026-01-21T08:54:18.476+0000] {logging_mixin.py:190} INFO - [2026-01-21T08:54:18.476+0000] {dag.py:3239} INFO - Sync 1 DAGs
[2026-01-21T08:54:18.515+0000] {logging_mixin.py:190} INFO - [2026-01-21T08:54:18.515+0000] {dag.py:4180} INFO - Setting next_dagrun for hello_airflow to 2026-01-21 08:53:00+00:00, run_after=2026-01-21 08:54:00+00:00
[2026-01-21T08:54:18.537+0000] {processor.py:208} INFO - Processing /opt/airflow/dags/hello_airflow.py took 0.118 seconds
[2026-01-21T08:54:49.964+0000] {processor.py:186} INFO - Started process (PID=5614) to work on /opt/airflow/dags/hello_airflow.py
[2026-01-21T08:54:49.965+0000] {processor.py:914} INFO - Processing file /opt/airflow/dags/hello_airflow.py for tasks to queue
[2026-01-21T08:54:49.969+0000] {logging_mixin.py:190} INFO - [2026-01-21T08:54:49.968+0000] {dagbag.py:588} INFO - Filling up the DagBag from /opt/airflow/dags/hello_airflow.py
[2026-01-21T08:54:49.980+0000] {processor.py:925} INFO - DAG(s) 'hello_airflow' retrieved from /opt/airflow/dags/hello_airflow.py
[2026-01-21T08:54:50.013+0000] {logging_mixin.py:190} INFO - [2026-01-21T08:54:50.013+0000] {dag.py:3239} INFO - Sync 1 DAGs
[2026-01-21T08:54:50.057+0000] {logging_mixin.py:190} INFO - [2026-01-21T08:54:50.056+0000] {dag.py:4180} INFO - Setting next_dagrun for hello_airflow to 2026-01-21 08:53:00+00:00, run_after=2026-01-21 08:54:00+00:00
[2026-01-21T08:54:50.087+0000] {processor.py:208} INFO - Processing /opt/airflow/dags/hello_airflow.py took 0.131 seconds
[2026-01-21T08:55:21.809+0000] {processor.py:186} INFO - Started process (PID=5640) to work on /opt/airflow/dags/hello_airflow.py
[2026-01-21T08:55:21.810+0000] {processor.py:914} INFO - Processing file /opt/airflow/dags/hello_airflow.py for tasks to queue
[2026-01-21T08:55:21.812+0000] {logging_mixin.py:190} INFO - [2026-01-21T08:55:21.812+0000] {dagbag.py:588} INFO - Filling up the DagBag from /opt/airflow/dags/hello_airflow.py
[2026-01-21T08:55:21.823+0000] {processor.py:925} INFO - DAG(s) 'hello_airflow' retrieved from /opt/airflow/dags/hello_airflow.py
[2026-01-21T08:55:21.854+0000] {logging_mixin.py:190} INFO - [2026-01-21T08:55:21.853+0000] {dag.py:3239} INFO - Sync 1 DAGs
[2026-01-21T08:55:21.880+0000] {logging_mixin.py:190} INFO - [2026-01-21T08:55:21.880+0000] {dag.py:4180} INFO - Setting next_dagrun for hello_airflow to 2026-01-21 08:54:00+00:00, run_after=2026-01-21 08:55:00+00:00
[2026-01-21T08:55:21.897+0000] {processor.py:208} INFO - Processing /opt/airflow/dags/hello_airflow.py took 0.094 seconds
[2026-01-21T08:55:52.511+0000] {processor.py:186} INFO - Started process (PID=5664) to work on /opt/airflow/dags/hello_airflow.py
[2026-01-21T08:55:52.512+0000] {processor.py:914} INFO - Processing file /opt/airflow/dags/hello_airflow.py for tasks to queue
[2026-01-21T08:55:52.516+0000] {logging_mixin.py:190} INFO - [2026-01-21T08:55:52.516+0000] {dagbag.py:588} INFO - Filling up the DagBag from /opt/airflow/dags/hello_airflow.py
[2026-01-21T08:55:52.533+0000] {processor.py:925} INFO - DAG(s) 'hello_airflow' retrieved from /opt/airflow/dags/hello_airflow.py
[2026-01-21T08:55:52.563+0000] {logging_mixin.py:190} INFO - [2026-01-21T08:55:52.563+0000] {dag.py:3239} INFO - Sync 1 DAGs
[2026-01-21T08:55:52.599+0000] {logging_mixin.py:190} INFO - [2026-01-21T08:55:52.599+0000] {dag.py:4180} INFO - Setting next_dagrun for hello_airflow to 2026-01-21 08:54:00+00:00, run_after=2026-01-21 08:55:00+00:00
[2026-01-21T08:55:52.636+0000] {processor.py:208} INFO - Processing /opt/airflow/dags/hello_airflow.py took 0.134 seconds
[2026-01-21T08:56:23.631+0000] {processor.py:186} INFO - Started process (PID=5688) to work on /opt/airflow/dags/hello_airflow.py
[2026-01-21T08:56:23.632+0000] {processor.py:914} INFO - Processing file /opt/airflow/dags/hello_airflow.py for tasks to queue
[2026-01-21T08:56:23.634+0000] {logging_mixin.py:190} INFO - [2026-01-21T08:56:23.634+0000] {dagbag.py:588} INFO - Filling up the DagBag from /opt/airflow/dags/hello_airflow.py
[2026-01-21T08:56:23.643+0000] {processor.py:925} INFO - DAG(s) 'hello_airflow' retrieved from /opt/airflow/dags/hello_airflow.py
[2026-01-21T08:56:23.673+0000] {logging_mixin.py:190} INFO - [2026-01-21T08:56:23.673+0000] {dag.py:3239} INFO - Sync 1 DAGs
[2026-01-21T08:56:23.709+0000] {logging_mixin.py:190} INFO - [2026-01-21T08:56:23.709+0000] {dag.py:4180} INFO - Setting next_dagrun for hello_airflow to 2026-01-21 08:55:00+00:00, run_after=2026-01-21 08:56:00+00:00
[2026-01-21T08:56:23.737+0000] {processor.py:208} INFO - Processing /opt/airflow/dags/hello_airflow.py took 0.112 seconds
[2026-01-21T08:56:55.115+0000] {processor.py:186} INFO - Started process (PID=5710) to work on /opt/airflow/dags/hello_airflow.py
[2026-01-21T08:56:55.116+0000] {processor.py:914} INFO - Processing file /opt/airflow/dags/hello_airflow.py for tasks to queue
[2026-01-21T08:56:55.121+0000] {logging_mixin.py:190} INFO - [2026-01-21T08:56:55.120+0000] {dagbag.py:588} INFO - Filling up the DagBag from /opt/airflow/dags/hello_airflow.py
[2026-01-21T08:56:55.170+0000] {processor.py:925} INFO - DAG(s) 'hello_airflow' retrieved from /opt/airflow/dags/hello_airflow.py
[2026-01-21T08:56:55.366+0000] {logging_mixin.py:190} INFO - [2026-01-21T08:56:55.364+0000] {dag.py:3239} INFO - Sync 1 DAGs
[2026-01-21T08:56:55.440+0000] {logging_mixin.py:190} INFO - [2026-01-21T08:56:55.439+0000] {dag.py:4180} INFO - Setting next_dagrun for hello_airflow to 2026-01-21 08:55:00+00:00, run_after=2026-01-21 08:56:00+00:00
[2026-01-21T08:56:55.511+0000] {processor.py:208} INFO - Processing /opt/airflow/dags/hello_airflow.py took 0.424 seconds
[2026-01-21T08:57:25.576+0000] {processor.py:186} INFO - Started process (PID=5734) to work on /opt/airflow/dags/hello_airflow.py
[2026-01-21T08:57:25.577+0000] {processor.py:914} INFO - Processing file /opt/airflow/dags/hello_airflow.py for tasks to queue
[2026-01-21T08:57:25.581+0000] {logging_mixin.py:190} INFO - [2026-01-21T08:57:25.580+0000] {dagbag.py:588} INFO - Filling up the DagBag from /opt/airflow/dags/hello_airflow.py
[2026-01-21T08:57:25.595+0000] {processor.py:925} INFO - DAG(s) 'hello_airflow' retrieved from /opt/airflow/dags/hello_airflow.py
[2026-01-21T08:57:25.622+0000] {logging_mixin.py:190} INFO - [2026-01-21T08:57:25.622+0000] {dag.py:3239} INFO - Sync 1 DAGs
[2026-01-21T08:57:25.654+0000] {logging_mixin.py:190} INFO - [2026-01-21T08:57:25.654+0000] {dag.py:4180} INFO - Setting next_dagrun for hello_airflow to 2026-01-21 08:56:00+00:00, run_after=2026-01-21 08:57:00+00:00
[2026-01-21T08:57:25.678+0000] {processor.py:208} INFO - Processing /opt/airflow/dags/hello_airflow.py took 0.113 seconds
[2026-01-21T08:57:56.295+0000] {processor.py:186} INFO - Started process (PID=5758) to work on /opt/airflow/dags/hello_airflow.py
[2026-01-21T08:57:56.296+0000] {processor.py:914} INFO - Processing file /opt/airflow/dags/hello_airflow.py for tasks to queue
[2026-01-21T08:57:56.298+0000] {logging_mixin.py:190} INFO - [2026-01-21T08:57:56.297+0000] {dagbag.py:588} INFO - Filling up the DagBag from /opt/airflow/dags/hello_airflow.py
[2026-01-21T08:57:56.306+0000] {processor.py:925} INFO - DAG(s) 'hello_airflow' retrieved from /opt/airflow/dags/hello_airflow.py
[2026-01-21T08:57:56.327+0000] {logging_mixin.py:190} INFO - [2026-01-21T08:57:56.326+0000] {dag.py:3239} INFO - Sync 1 DAGs
[2026-01-21T08:57:56.350+0000] {logging_mixin.py:190} INFO - [2026-01-21T08:57:56.350+0000] {dag.py:4180} INFO - Setting next_dagrun for hello_airflow to 2026-01-21 08:56:00+00:00, run_after=2026-01-21 08:57:00+00:00
[2026-01-21T08:57:56.366+0000] {processor.py:208} INFO - Processing /opt/airflow/dags/hello_airflow.py took 0.077 seconds
[2026-01-21T08:58:27.302+0000] {processor.py:186} INFO - Started process (PID=5783) to work on /opt/airflow/dags/hello_airflow.py
[2026-01-21T08:58:27.302+0000] {processor.py:914} INFO - Processing file /opt/airflow/dags/hello_airflow.py for tasks to queue
[2026-01-21T08:58:27.305+0000] {logging_mixin.py:190} INFO - [2026-01-21T08:58:27.304+0000] {dagbag.py:588} INFO - Filling up the DagBag from /opt/airflow/dags/hello_airflow.py
[2026-01-21T08:58:27.314+0000] {processor.py:925} INFO - DAG(s) 'hello_airflow' retrieved from /opt/airflow/dags/hello_airflow.py
[2026-01-21T08:58:27.334+0000] {logging_mixin.py:190} INFO - [2026-01-21T08:58:27.333+0000] {dag.py:3239} INFO - Sync 1 DAGs
[2026-01-21T08:58:27.358+0000] {logging_mixin.py:190} INFO - [2026-01-21T08:58:27.358+0000] {dag.py:4180} INFO - Setting next_dagrun for hello_airflow to 2026-01-21 08:57:00+00:00, run_after=2026-01-21 08:58:00+00:00
[2026-01-21T08:58:27.372+0000] {processor.py:208} INFO - Processing /opt/airflow/dags/hello_airflow.py took 0.077 seconds
[2026-01-21T08:58:58.308+0000] {processor.py:186} INFO - Started process (PID=5807) to work on /opt/airflow/dags/hello_airflow.py
[2026-01-21T08:58:58.309+0000] {processor.py:914} INFO - Processing file /opt/airflow/dags/hello_airflow.py for tasks to queue
[2026-01-21T08:58:58.312+0000] {logging_mixin.py:190} INFO - [2026-01-21T08:58:58.312+0000] {dagbag.py:588} INFO - Filling up the DagBag from /opt/airflow/dags/hello_airflow.py
[2026-01-21T08:58:58.324+0000] {processor.py:925} INFO - DAG(s) 'hello_airflow' retrieved from /opt/airflow/dags/hello_airflow.py
[2026-01-21T08:58:58.360+0000] {logging_mixin.py:190} INFO - [2026-01-21T08:58:58.360+0000] {dag.py:3239} INFO - Sync 1 DAGs
[2026-01-21T08:58:58.392+0000] {logging_mixin.py:190} INFO - [2026-01-21T08:58:58.392+0000] {dag.py:4180} INFO - Setting next_dagrun for hello_airflow to 2026-01-21 08:57:00+00:00, run_after=2026-01-21 08:58:00+00:00
[2026-01-21T08:58:58.410+0000] {processor.py:208} INFO - Processing /opt/airflow/dags/hello_airflow.py took 0.109 seconds
[2026-01-21T08:59:28.977+0000] {processor.py:186} INFO - Started process (PID=5831) to work on /opt/airflow/dags/hello_airflow.py
[2026-01-21T08:59:28.978+0000] {processor.py:914} INFO - Processing file /opt/airflow/dags/hello_airflow.py for tasks to queue
[2026-01-21T08:59:28.981+0000] {logging_mixin.py:190} INFO - [2026-01-21T08:59:28.980+0000] {dagbag.py:588} INFO - Filling up the DagBag from /opt/airflow/dags/hello_airflow.py
[2026-01-21T08:59:28.995+0000] {processor.py:925} INFO - DAG(s) 'hello_airflow' retrieved from /opt/airflow/dags/hello_airflow.py
[2026-01-21T08:59:29.023+0000] {logging_mixin.py:190} INFO - [2026-01-21T08:59:29.023+0000] {dag.py:3239} INFO - Sync 1 DAGs
[2026-01-21T08:59:29.054+0000] {logging_mixin.py:190} INFO - [2026-01-21T08:59:29.054+0000] {dag.py:4180} INFO - Setting next_dagrun for hello_airflow to 2026-01-21 08:58:00+00:00, run_after=2026-01-21 08:59:00+00:00
[2026-01-21T08:59:29.071+0000] {processor.py:208} INFO - Processing /opt/airflow/dags/hello_airflow.py took 0.100 seconds
[2026-01-21T09:00:00.351+0000] {processor.py:186} INFO - Started process (PID=5855) to work on /opt/airflow/dags/hello_airflow.py
[2026-01-21T09:00:00.352+0000] {processor.py:914} INFO - Processing file /opt/airflow/dags/hello_airflow.py for tasks to queue
[2026-01-21T09:00:00.354+0000] {logging_mixin.py:190} INFO - [2026-01-21T09:00:00.354+0000] {dagbag.py:588} INFO - Filling up the DagBag from /opt/airflow/dags/hello_airflow.py
[2026-01-21T09:00:00.364+0000] {processor.py:925} INFO - DAG(s) 'hello_airflow' retrieved from /opt/airflow/dags/hello_airflow.py
[2026-01-21T09:00:00.387+0000] {logging_mixin.py:190} INFO - [2026-01-21T09:00:00.387+0000] {dag.py:3239} INFO - Sync 1 DAGs
[2026-01-21T09:00:00.415+0000] {logging_mixin.py:190} INFO - [2026-01-21T09:00:00.415+0000] {dag.py:4180} INFO - Setting next_dagrun for hello_airflow to 2026-01-21 08:59:00+00:00, run_after=2026-01-21 09:00:00+00:00
[2026-01-21T09:00:00.436+0000] {processor.py:208} INFO - Processing /opt/airflow/dags/hello_airflow.py took 0.093 seconds
[2026-01-21T09:00:31.475+0000] {processor.py:186} INFO - Started process (PID=5878) to work on /opt/airflow/dags/hello_airflow.py
[2026-01-21T09:00:31.477+0000] {processor.py:914} INFO - Processing file /opt/airflow/dags/hello_airflow.py for tasks to queue
[2026-01-21T09:00:31.479+0000] {logging_mixin.py:190} INFO - [2026-01-21T09:00:31.479+0000] {dagbag.py:588} INFO - Filling up the DagBag from /opt/airflow/dags/hello_airflow.py
[2026-01-21T09:00:31.488+0000] {processor.py:925} INFO - DAG(s) 'hello_airflow' retrieved from /opt/airflow/dags/hello_airflow.py
[2026-01-21T09:00:31.512+0000] {logging_mixin.py:190} INFO - [2026-01-21T09:00:31.511+0000] {dag.py:3239} INFO - Sync 1 DAGs
[2026-01-21T09:00:31.547+0000] {logging_mixin.py:190} INFO - [2026-01-21T09:00:31.547+0000] {dag.py:4180} INFO - Setting next_dagrun for hello_airflow to 2026-01-21 08:59:00+00:00, run_after=2026-01-21 09:00:00+00:00
[2026-01-21T09:00:31.564+0000] {processor.py:208} INFO - Processing /opt/airflow/dags/hello_airflow.py took 0.095 seconds
[2026-01-21T09:01:02.673+0000] {processor.py:186} INFO - Started process (PID=5903) to work on /opt/airflow/dags/hello_airflow.py
[2026-01-21T09:01:02.674+0000] {processor.py:914} INFO - Processing file /opt/airflow/dags/hello_airflow.py for tasks to queue
[2026-01-21T09:01:02.676+0000] {logging_mixin.py:190} INFO - [2026-01-21T09:01:02.676+0000] {dagbag.py:588} INFO - Filling up the DagBag from /opt/airflow/dags/hello_airflow.py
[2026-01-21T09:01:02.692+0000] {processor.py:925} INFO - DAG(s) 'hello_airflow' retrieved from /opt/airflow/dags/hello_airflow.py
[2026-01-21T09:01:02.717+0000] {logging_mixin.py:190} INFO - [2026-01-21T09:01:02.717+0000] {dag.py:3239} INFO - Sync 1 DAGs
[2026-01-21T09:01:02.750+0000] {logging_mixin.py:190} INFO - [2026-01-21T09:01:02.749+0000] {dag.py:4180} INFO - Setting next_dagrun for hello_airflow to 2026-01-21 09:00:00+00:00, run_after=2026-01-21 09:01:00+00:00
[2026-01-21T09:01:02.774+0000] {processor.py:208} INFO - Processing /opt/airflow/dags/hello_airflow.py took 0.108 seconds
[2026-01-21T09:01:34.087+0000] {processor.py:186} INFO - Started process (PID=5934) to work on /opt/airflow/dags/hello_airflow.py
[2026-01-21T09:01:34.089+0000] {processor.py:914} INFO - Processing file /opt/airflow/dags/hello_airflow.py for tasks to queue
[2026-01-21T09:01:34.093+0000] {logging_mixin.py:190} INFO - [2026-01-21T09:01:34.092+0000] {dagbag.py:588} INFO - Filling up the DagBag from /opt/airflow/dags/hello_airflow.py
[2026-01-21T09:01:34.114+0000] {processor.py:925} INFO - DAG(s) 'hello_airflow' retrieved from /opt/airflow/dags/hello_airflow.py
[2026-01-21T09:01:34.152+0000] {logging_mixin.py:190} INFO - [2026-01-21T09:01:34.152+0000] {dag.py:3239} INFO - Sync 1 DAGs
[2026-01-21T09:01:34.185+0000] {logging_mixin.py:190} INFO - [2026-01-21T09:01:34.185+0000] {dag.py:4180} INFO - Setting next_dagrun for hello_airflow to 2026-01-21 09:00:00+00:00, run_after=2026-01-21 09:01:00+00:00
[2026-01-21T09:01:34.203+0000] {processor.py:208} INFO - Processing /opt/airflow/dags/hello_airflow.py took 0.128 seconds
[2026-01-21T09:02:05.026+0000] {processor.py:186} INFO - Started process (PID=5957) to work on /opt/airflow/dags/hello_airflow.py
[2026-01-21T09:02:05.042+0000] {processor.py:914} INFO - Processing file /opt/airflow/dags/hello_airflow.py for tasks to queue
[2026-01-21T09:02:05.045+0000] {logging_mixin.py:190} INFO - [2026-01-21T09:02:05.045+0000] {dagbag.py:588} INFO - Filling up the DagBag from /opt/airflow/dags/hello_airflow.py
[2026-01-21T09:02:05.101+0000] {processor.py:925} INFO - DAG(s) 'hello_airflow' retrieved from /opt/airflow/dags/hello_airflow.py
[2026-01-21T09:02:05.227+0000] {logging_mixin.py:190} INFO - [2026-01-21T09:02:05.226+0000] {dag.py:3239} INFO - Sync 1 DAGs
[2026-01-21T09:02:05.317+0000] {logging_mixin.py:190} INFO - [2026-01-21T09:02:05.316+0000] {dag.py:4180} INFO - Setting next_dagrun for hello_airflow to 2026-01-21 09:01:00+00:00, run_after=2026-01-21 09:02:00+00:00
[2026-01-21T09:02:05.417+0000] {processor.py:208} INFO - Processing /opt/airflow/dags/hello_airflow.py took 0.409 seconds
[2026-01-21T09:02:35.585+0000] {processor.py:186} INFO - Started process (PID=5979) to work on /opt/airflow/dags/hello_airflow.py
[2026-01-21T09:02:35.586+0000] {processor.py:914} INFO - Processing file /opt/airflow/dags/hello_airflow.py for tasks to queue
[2026-01-21T09:02:35.590+0000] {logging_mixin.py:190} INFO - [2026-01-21T09:02:35.589+0000] {dagbag.py:588} INFO - Filling up the DagBag from /opt/airflow/dags/hello_airflow.py
[2026-01-21T09:02:35.611+0000] {processor.py:925} INFO - DAG(s) 'hello_airflow' retrieved from /opt/airflow/dags/hello_airflow.py
[2026-01-21T09:02:35.660+0000] {logging_mixin.py:190} INFO - [2026-01-21T09:02:35.659+0000] {dag.py:3239} INFO - Sync 1 DAGs
[2026-01-21T09:02:35.710+0000] {logging_mixin.py:190} INFO - [2026-01-21T09:02:35.710+0000] {dag.py:4180} INFO - Setting next_dagrun for hello_airflow to 2026-01-21 09:01:00+00:00, run_after=2026-01-21 09:02:00+00:00
[2026-01-21T09:02:35.735+0000] {processor.py:208} INFO - Processing /opt/airflow/dags/hello_airflow.py took 0.161 seconds
[2026-01-21T09:03:06.520+0000] {processor.py:186} INFO - Started process (PID=6003) to work on /opt/airflow/dags/hello_airflow.py
[2026-01-21T09:03:06.521+0000] {processor.py:914} INFO - Processing file /opt/airflow/dags/hello_airflow.py for tasks to queue
[2026-01-21T09:03:06.523+0000] {logging_mixin.py:190} INFO - [2026-01-21T09:03:06.523+0000] {dagbag.py:588} INFO - Filling up the DagBag from /opt/airflow/dags/hello_airflow.py
[2026-01-21T09:03:06.536+0000] {processor.py:925} INFO - DAG(s) 'hello_airflow' retrieved from /opt/airflow/dags/hello_airflow.py
[2026-01-21T09:03:06.574+0000] {logging_mixin.py:190} INFO - [2026-01-21T09:03:06.574+0000] {dag.py:3239} INFO - Sync 1 DAGs
[2026-01-21T09:03:06.615+0000] {logging_mixin.py:190} INFO - [2026-01-21T09:03:06.614+0000] {dag.py:4180} INFO - Setting next_dagrun for hello_airflow to 2026-01-21 09:02:00+00:00, run_after=2026-01-21 09:03:00+00:00
[2026-01-21T09:03:06.637+0000] {processor.py:208} INFO - Processing /opt/airflow/dags/hello_airflow.py took 0.127 seconds
[2026-01-21T09:03:36.771+0000] {processor.py:186} INFO - Started process (PID=6025) to work on /opt/airflow/dags/hello_airflow.py
[2026-01-21T09:03:36.773+0000] {processor.py:914} INFO - Processing file /opt/airflow/dags/hello_airflow.py for tasks to queue
[2026-01-21T09:03:36.778+0000] {logging_mixin.py:190} INFO - [2026-01-21T09:03:36.777+0000] {dagbag.py:588} INFO - Filling up the DagBag from /opt/airflow/dags/hello_airflow.py
[2026-01-21T09:03:36.832+0000] {processor.py:925} INFO - DAG(s) 'hello_airflow' retrieved from /opt/airflow/dags/hello_airflow.py
[2026-01-21T09:03:36.877+0000] {logging_mixin.py:190} INFO - [2026-01-21T09:03:36.877+0000] {dag.py:3239} INFO - Sync 1 DAGs
[2026-01-21T09:03:36.935+0000] {logging_mixin.py:190} INFO - [2026-01-21T09:03:36.935+0000] {dag.py:4180} INFO - Setting next_dagrun for hello_airflow to 2026-01-21 09:02:00+00:00, run_after=2026-01-21 09:03:00+00:00
[2026-01-21T09:03:36.966+0000] {processor.py:208} INFO - Processing /opt/airflow/dags/hello_airflow.py took 0.225 seconds
[2026-01-21T09:04:08.054+0000] {processor.py:186} INFO - Started process (PID=6051) to work on /opt/airflow/dags/hello_airflow.py
[2026-01-21T09:04:08.054+0000] {processor.py:914} INFO - Processing file /opt/airflow/dags/hello_airflow.py for tasks to queue
[2026-01-21T09:04:08.057+0000] {logging_mixin.py:190} INFO - [2026-01-21T09:04:08.056+0000] {dagbag.py:588} INFO - Filling up the DagBag from /opt/airflow/dags/hello_airflow.py
[2026-01-21T09:04:08.073+0000] {processor.py:925} INFO - DAG(s) 'hello_airflow' retrieved from /opt/airflow/dags/hello_airflow.py
[2026-01-21T09:04:08.106+0000] {logging_mixin.py:190} INFO - [2026-01-21T09:04:08.106+0000] {dag.py:3239} INFO - Sync 1 DAGs
[2026-01-21T09:04:08.161+0000] {logging_mixin.py:190} INFO - [2026-01-21T09:04:08.161+0000] {dag.py:4180} INFO - Setting next_dagrun for hello_airflow to 2026-01-21 09:03:00+00:00, run_after=2026-01-21 09:04:00+00:00
[2026-01-21T09:04:08.186+0000] {processor.py:208} INFO - Processing /opt/airflow/dags/hello_airflow.py took 0.143 seconds
[2026-01-21T09:04:38.282+0000] {processor.py:186} INFO - Started process (PID=6074) to work on /opt/airflow/dags/hello_airflow.py
[2026-01-21T09:04:38.283+0000] {processor.py:914} INFO - Processing file /opt/airflow/dags/hello_airflow.py for tasks to queue
[2026-01-21T09:04:38.287+0000] {logging_mixin.py:190} INFO - [2026-01-21T09:04:38.287+0000] {dagbag.py:588} INFO - Filling up the DagBag from /opt/airflow/dags/hello_airflow.py
[2026-01-21T09:04:38.303+0000] {processor.py:925} INFO - DAG(s) 'hello_airflow' retrieved from /opt/airflow/dags/hello_airflow.py
[2026-01-21T09:04:38.344+0000] {logging_mixin.py:190} INFO - [2026-01-21T09:04:38.343+0000] {dag.py:3239} INFO - Sync 1 DAGs
[2026-01-21T09:04:38.385+0000] {logging_mixin.py:190} INFO - [2026-01-21T09:04:38.384+0000] {dag.py:4180} INFO - Setting next_dagrun for hello_airflow to 2026-01-21 09:03:00+00:00, run_after=2026-01-21 09:04:00+00:00
[2026-01-21T09:04:38.408+0000] {processor.py:208} INFO - Processing /opt/airflow/dags/hello_airflow.py took 0.136 seconds
[2026-01-21T09:05:08.633+0000] {processor.py:186} INFO - Started process (PID=6098) to work on /opt/airflow/dags/hello_airflow.py
[2026-01-21T09:05:08.634+0000] {processor.py:914} INFO - Processing file /opt/airflow/dags/hello_airflow.py for tasks to queue
[2026-01-21T09:05:08.637+0000] {logging_mixin.py:190} INFO - [2026-01-21T09:05:08.637+0000] {dagbag.py:588} INFO - Filling up the DagBag from /opt/airflow/dags/hello_airflow.py
[2026-01-21T09:05:08.653+0000] {processor.py:925} INFO - DAG(s) 'hello_airflow' retrieved from /opt/airflow/dags/hello_airflow.py
[2026-01-21T09:05:08.689+0000] {logging_mixin.py:190} INFO - [2026-01-21T09:05:08.689+0000] {dag.py:3239} INFO - Sync 1 DAGs
[2026-01-21T09:05:08.731+0000] {logging_mixin.py:190} INFO - [2026-01-21T09:05:08.731+0000] {dag.py:4180} INFO - Setting next_dagrun for hello_airflow to 2026-01-21 09:04:00+00:00, run_after=2026-01-21 09:05:00+00:00
[2026-01-21T09:05:08.752+0000] {processor.py:208} INFO - Processing /opt/airflow/dags/hello_airflow.py took 0.133 seconds
[2026-01-21T09:05:38.919+0000] {processor.py:186} INFO - Started process (PID=6122) to work on /opt/airflow/dags/hello_airflow.py
[2026-01-21T09:05:38.920+0000] {processor.py:914} INFO - Processing file /opt/airflow/dags/hello_airflow.py for tasks to queue
[2026-01-21T09:05:38.923+0000] {logging_mixin.py:190} INFO - [2026-01-21T09:05:38.923+0000] {dagbag.py:588} INFO - Filling up the DagBag from /opt/airflow/dags/hello_airflow.py
[2026-01-21T09:05:38.939+0000] {processor.py:925} INFO - DAG(s) 'hello_airflow' retrieved from /opt/airflow/dags/hello_airflow.py
[2026-01-21T09:05:38.974+0000] {logging_mixin.py:190} INFO - [2026-01-21T09:05:38.974+0000] {dag.py:3239} INFO - Sync 1 DAGs
[2026-01-21T09:05:39.008+0000] {logging_mixin.py:190} INFO - [2026-01-21T09:05:39.008+0000] {dag.py:4180} INFO - Setting next_dagrun for hello_airflow to 2026-01-21 09:04:00+00:00, run_after=2026-01-21 09:05:00+00:00
[2026-01-21T09:05:39.038+0000] {processor.py:208} INFO - Processing /opt/airflow/dags/hello_airflow.py took 0.127 seconds
[2026-01-21T09:06:09.201+0000] {processor.py:186} INFO - Started process (PID=6146) to work on /opt/airflow/dags/hello_airflow.py
[2026-01-21T09:06:09.202+0000] {processor.py:914} INFO - Processing file /opt/airflow/dags/hello_airflow.py for tasks to queue
[2026-01-21T09:06:09.212+0000] {logging_mixin.py:190} INFO - [2026-01-21T09:06:09.211+0000] {dagbag.py:588} INFO - Filling up the DagBag from /opt/airflow/dags/hello_airflow.py
[2026-01-21T09:06:09.224+0000] {processor.py:925} INFO - DAG(s) 'hello_airflow' retrieved from /opt/airflow/dags/hello_airflow.py
[2026-01-21T09:06:09.275+0000] {logging_mixin.py:190} INFO - [2026-01-21T09:06:09.275+0000] {dag.py:3239} INFO - Sync 1 DAGs
[2026-01-21T09:06:09.332+0000] {logging_mixin.py:190} INFO - [2026-01-21T09:06:09.331+0000] {dag.py:4180} INFO - Setting next_dagrun for hello_airflow to 2026-01-21 09:05:00+00:00, run_after=2026-01-21 09:06:00+00:00
[2026-01-21T09:06:09.370+0000] {processor.py:208} INFO - Processing /opt/airflow/dags/hello_airflow.py took 0.185 seconds
[2026-01-21T09:06:39.789+0000] {processor.py:186} INFO - Started process (PID=6170) to work on /opt/airflow/dags/hello_airflow.py
[2026-01-21T09:06:39.801+0000] {processor.py:914} INFO - Processing file /opt/airflow/dags/hello_airflow.py for tasks to queue
[2026-01-21T09:06:39.806+0000] {logging_mixin.py:190} INFO - [2026-01-21T09:06:39.805+0000] {dagbag.py:588} INFO - Filling up the DagBag from /opt/airflow/dags/hello_airflow.py
[2026-01-21T09:06:39.820+0000] {processor.py:925} INFO - DAG(s) 'hello_airflow' retrieved from /opt/airflow/dags/hello_airflow.py
[2026-01-21T09:06:39.846+0000] {logging_mixin.py:190} INFO - [2026-01-21T09:06:39.846+0000] {dag.py:3239} INFO - Sync 1 DAGs
[2026-01-21T09:06:39.875+0000] {logging_mixin.py:190} INFO - [2026-01-21T09:06:39.875+0000] {dag.py:4180} INFO - Setting next_dagrun for hello_airflow to 2026-01-21 09:05:00+00:00, run_after=2026-01-21 09:06:00+00:00
[2026-01-21T09:06:39.894+0000] {processor.py:208} INFO - Processing /opt/airflow/dags/hello_airflow.py took 0.117 seconds
[2026-01-21T09:07:10.771+0000] {processor.py:186} INFO - Started process (PID=6194) to work on /opt/airflow/dags/hello_airflow.py
[2026-01-21T09:07:10.772+0000] {processor.py:914} INFO - Processing file /opt/airflow/dags/hello_airflow.py for tasks to queue
[2026-01-21T09:07:10.775+0000] {logging_mixin.py:190} INFO - [2026-01-21T09:07:10.774+0000] {dagbag.py:588} INFO - Filling up the DagBag from /opt/airflow/dags/hello_airflow.py
[2026-01-21T09:07:10.786+0000] {processor.py:925} INFO - DAG(s) 'hello_airflow' retrieved from /opt/airflow/dags/hello_airflow.py
[2026-01-21T09:07:10.817+0000] {logging_mixin.py:190} INFO - [2026-01-21T09:07:10.817+0000] {dag.py:3239} INFO - Sync 1 DAGs
[2026-01-21T09:07:10.854+0000] {logging_mixin.py:190} INFO - [2026-01-21T09:07:10.854+0000] {dag.py:4180} INFO - Setting next_dagrun for hello_airflow to 2026-01-21 09:06:00+00:00, run_after=2026-01-21 09:07:00+00:00
[2026-01-21T09:07:10.874+0000] {processor.py:208} INFO - Processing /opt/airflow/dags/hello_airflow.py took 0.112 seconds
[2026-01-21T09:07:41.211+0000] {processor.py:186} INFO - Started process (PID=6218) to work on /opt/airflow/dags/hello_airflow.py
[2026-01-21T09:07:41.212+0000] {processor.py:914} INFO - Processing file /opt/airflow/dags/hello_airflow.py for tasks to queue
[2026-01-21T09:07:41.215+0000] {logging_mixin.py:190} INFO - [2026-01-21T09:07:41.215+0000] {dagbag.py:588} INFO - Filling up the DagBag from /opt/airflow/dags/hello_airflow.py
[2026-01-21T09:07:41.231+0000] {processor.py:925} INFO - DAG(s) 'hello_airflow' retrieved from /opt/airflow/dags/hello_airflow.py
[2026-01-21T09:07:41.260+0000] {logging_mixin.py:190} INFO - [2026-01-21T09:07:41.260+0000] {dag.py:3239} INFO - Sync 1 DAGs
[2026-01-21T09:07:41.297+0000] {logging_mixin.py:190} INFO - [2026-01-21T09:07:41.296+0000] {dag.py:4180} INFO - Setting next_dagrun for hello_airflow to 2026-01-21 09:06:00+00:00, run_after=2026-01-21 09:07:00+00:00
[2026-01-21T09:07:41.315+0000] {processor.py:208} INFO - Processing /opt/airflow/dags/hello_airflow.py took 0.115 seconds
[2026-01-21T09:08:12.242+0000] {processor.py:186} INFO - Started process (PID=6242) to work on /opt/airflow/dags/hello_airflow.py
[2026-01-21T09:08:12.244+0000] {processor.py:914} INFO - Processing file /opt/airflow/dags/hello_airflow.py for tasks to queue
[2026-01-21T09:08:12.246+0000] {logging_mixin.py:190} INFO - [2026-01-21T09:08:12.246+0000] {dagbag.py:588} INFO - Filling up the DagBag from /opt/airflow/dags/hello_airflow.py
[2026-01-21T09:08:12.264+0000] {processor.py:925} INFO - DAG(s) 'hello_airflow' retrieved from /opt/airflow/dags/hello_airflow.py
[2026-01-21T09:08:12.284+0000] {logging_mixin.py:190} INFO - [2026-01-21T09:08:12.284+0000] {dag.py:3239} INFO - Sync 1 DAGs
[2026-01-21T09:08:12.312+0000] {logging_mixin.py:190} INFO - [2026-01-21T09:08:12.311+0000] {dag.py:4180} INFO - Setting next_dagrun for hello_airflow to 2026-01-21 09:07:00+00:00, run_after=2026-01-21 09:08:00+00:00
[2026-01-21T09:08:12.329+0000] {processor.py:208} INFO - Processing /opt/airflow/dags/hello_airflow.py took 0.096 seconds
[2026-01-21T09:08:42.510+0000] {processor.py:186} INFO - Started process (PID=6265) to work on /opt/airflow/dags/hello_airflow.py
[2026-01-21T09:08:42.512+0000] {processor.py:914} INFO - Processing file /opt/airflow/dags/hello_airflow.py for tasks to queue
[2026-01-21T09:08:42.515+0000] {logging_mixin.py:190} INFO - [2026-01-21T09:08:42.514+0000] {dagbag.py:588} INFO - Filling up the DagBag from /opt/airflow/dags/hello_airflow.py
[2026-01-21T09:08:42.527+0000] {processor.py:925} INFO - DAG(s) 'hello_airflow' retrieved from /opt/airflow/dags/hello_airflow.py
[2026-01-21T09:08:42.551+0000] {logging_mixin.py:190} INFO - [2026-01-21T09:08:42.551+0000] {dag.py:3239} INFO - Sync 1 DAGs
[2026-01-21T09:08:42.583+0000] {logging_mixin.py:190} INFO - [2026-01-21T09:08:42.583+0000] {dag.py:4180} INFO - Setting next_dagrun for hello_airflow to 2026-01-21 09:07:00+00:00, run_after=2026-01-21 09:08:00+00:00
[2026-01-21T09:08:42.602+0000] {processor.py:208} INFO - Processing /opt/airflow/dags/hello_airflow.py took 0.101 seconds
[2026-01-21T09:09:13.162+0000] {processor.py:186} INFO - Started process (PID=6289) to work on /opt/airflow/dags/hello_airflow.py
[2026-01-21T09:09:13.164+0000] {processor.py:914} INFO - Processing file /opt/airflow/dags/hello_airflow.py for tasks to queue
[2026-01-21T09:09:13.169+0000] {logging_mixin.py:190} INFO - [2026-01-21T09:09:13.168+0000] {dagbag.py:588} INFO - Filling up the DagBag from /opt/airflow/dags/hello_airflow.py
[2026-01-21T09:09:13.188+0000] {processor.py:925} INFO - DAG(s) 'hello_airflow' retrieved from /opt/airflow/dags/hello_airflow.py
[2026-01-21T09:09:13.234+0000] {logging_mixin.py:190} INFO - [2026-01-21T09:09:13.234+0000] {dag.py:3239} INFO - Sync 1 DAGs
[2026-01-21T09:09:13.295+0000] {logging_mixin.py:190} INFO - [2026-01-21T09:09:13.295+0000] {dag.py:4180} INFO - Setting next_dagrun for hello_airflow to 2026-01-21 09:08:00+00:00, run_after=2026-01-21 09:09:00+00:00
[2026-01-21T09:09:13.330+0000] {processor.py:208} INFO - Processing /opt/airflow/dags/hello_airflow.py took 0.183 seconds
[2026-01-21T09:09:43.607+0000] {processor.py:186} INFO - Started process (PID=6314) to work on /opt/airflow/dags/hello_airflow.py
[2026-01-21T09:09:43.608+0000] {processor.py:914} INFO - Processing file /opt/airflow/dags/hello_airflow.py for tasks to queue
[2026-01-21T09:09:43.611+0000] {logging_mixin.py:190} INFO - [2026-01-21T09:09:43.611+0000] {dagbag.py:588} INFO - Filling up the DagBag from /opt/airflow/dags/hello_airflow.py
[2026-01-21T09:09:43.623+0000] {processor.py:925} INFO - DAG(s) 'hello_airflow' retrieved from /opt/airflow/dags/hello_airflow.py
[2026-01-21T09:09:43.651+0000] {logging_mixin.py:190} INFO - [2026-01-21T09:09:43.650+0000] {dag.py:3239} INFO - Sync 1 DAGs
[2026-01-21T09:09:43.679+0000] {logging_mixin.py:190} INFO - [2026-01-21T09:09:43.679+0000] {dag.py:4180} INFO - Setting next_dagrun for hello_airflow to 2026-01-21 09:08:00+00:00, run_after=2026-01-21 09:09:00+00:00
[2026-01-21T09:09:43.699+0000] {processor.py:208} INFO - Processing /opt/airflow/dags/hello_airflow.py took 0.099 seconds
[2026-01-21T09:10:14.133+0000] {processor.py:186} INFO - Started process (PID=6338) to work on /opt/airflow/dags/hello_airflow.py
[2026-01-21T09:10:14.135+0000] {processor.py:914} INFO - Processing file /opt/airflow/dags/hello_airflow.py for tasks to queue
[2026-01-21T09:10:14.138+0000] {logging_mixin.py:190} INFO - [2026-01-21T09:10:14.138+0000] {dagbag.py:588} INFO - Filling up the DagBag from /opt/airflow/dags/hello_airflow.py
[2026-01-21T09:10:14.152+0000] {processor.py:925} INFO - DAG(s) 'hello_airflow' retrieved from /opt/airflow/dags/hello_airflow.py
[2026-01-21T09:10:14.181+0000] {logging_mixin.py:190} INFO - [2026-01-21T09:10:14.181+0000] {dag.py:3239} INFO - Sync 1 DAGs
[2026-01-21T09:10:14.220+0000] {logging_mixin.py:190} INFO - [2026-01-21T09:10:14.219+0000] {dag.py:4180} INFO - Setting next_dagrun for hello_airflow to 2026-01-21 09:09:00+00:00, run_after=2026-01-21 09:10:00+00:00
[2026-01-21T09:10:14.242+0000] {processor.py:208} INFO - Processing /opt/airflow/dags/hello_airflow.py took 0.120 seconds
[2026-01-21T09:10:44.574+0000] {processor.py:186} INFO - Started process (PID=6362) to work on /opt/airflow/dags/hello_airflow.py
[2026-01-21T09:10:44.577+0000] {processor.py:914} INFO - Processing file /opt/airflow/dags/hello_airflow.py for tasks to queue
[2026-01-21T09:10:44.580+0000] {logging_mixin.py:190} INFO - [2026-01-21T09:10:44.580+0000] {dagbag.py:588} INFO - Filling up the DagBag from /opt/airflow/dags/hello_airflow.py
[2026-01-21T09:10:44.596+0000] {processor.py:925} INFO - DAG(s) 'hello_airflow' retrieved from /opt/airflow/dags/hello_airflow.py
[2026-01-21T09:10:44.629+0000] {logging_mixin.py:190} INFO - [2026-01-21T09:10:44.628+0000] {dag.py:3239} INFO - Sync 1 DAGs
[2026-01-21T09:10:44.670+0000] {logging_mixin.py:190} INFO - [2026-01-21T09:10:44.670+0000] {dag.py:4180} INFO - Setting next_dagrun for hello_airflow to 2026-01-21 09:09:00+00:00, run_after=2026-01-21 09:10:00+00:00
[2026-01-21T09:10:44.697+0000] {processor.py:208} INFO - Processing /opt/airflow/dags/hello_airflow.py took 0.132 seconds
[2026-01-21T09:11:15.220+0000] {processor.py:186} INFO - Started process (PID=6386) to work on /opt/airflow/dags/hello_airflow.py
[2026-01-21T09:11:15.222+0000] {processor.py:914} INFO - Processing file /opt/airflow/dags/hello_airflow.py for tasks to queue
[2026-01-21T09:11:15.227+0000] {logging_mixin.py:190} INFO - [2026-01-21T09:11:15.227+0000] {dagbag.py:588} INFO - Filling up the DagBag from /opt/airflow/dags/hello_airflow.py
[2026-01-21T09:11:15.238+0000] {processor.py:925} INFO - DAG(s) 'hello_airflow' retrieved from /opt/airflow/dags/hello_airflow.py
[2026-01-21T09:11:15.274+0000] {logging_mixin.py:190} INFO - [2026-01-21T09:11:15.274+0000] {dag.py:3239} INFO - Sync 1 DAGs
[2026-01-21T09:11:15.330+0000] {logging_mixin.py:190} INFO - [2026-01-21T09:11:15.330+0000] {dag.py:4180} INFO - Setting next_dagrun for hello_airflow to 2026-01-21 09:10:00+00:00, run_after=2026-01-21 09:11:00+00:00
[2026-01-21T09:11:15.360+0000] {processor.py:208} INFO - Processing /opt/airflow/dags/hello_airflow.py took 0.150 seconds
[2026-01-21T09:11:45.807+0000] {processor.py:186} INFO - Started process (PID=6410) to work on /opt/airflow/dags/hello_airflow.py
[2026-01-21T09:11:45.808+0000] {processor.py:914} INFO - Processing file /opt/airflow/dags/hello_airflow.py for tasks to queue
[2026-01-21T09:11:45.811+0000] {logging_mixin.py:190} INFO - [2026-01-21T09:11:45.811+0000] {dagbag.py:588} INFO - Filling up the DagBag from /opt/airflow/dags/hello_airflow.py
[2026-01-21T09:11:45.825+0000] {processor.py:925} INFO - DAG(s) 'hello_airflow' retrieved from /opt/airflow/dags/hello_airflow.py
[2026-01-21T09:11:45.855+0000] {logging_mixin.py:190} INFO - [2026-01-21T09:11:45.854+0000] {dag.py:3239} INFO - Sync 1 DAGs
[2026-01-21T09:11:45.895+0000] {logging_mixin.py:190} INFO - [2026-01-21T09:11:45.894+0000] {dag.py:4180} INFO - Setting next_dagrun for hello_airflow to 2026-01-21 09:10:00+00:00, run_after=2026-01-21 09:11:00+00:00
[2026-01-21T09:11:45.923+0000] {processor.py:208} INFO - Processing /opt/airflow/dags/hello_airflow.py took 0.124 seconds
[2026-01-21T09:12:16.418+0000] {processor.py:186} INFO - Started process (PID=6434) to work on /opt/airflow/dags/hello_airflow.py
[2026-01-21T09:12:16.419+0000] {processor.py:914} INFO - Processing file /opt/airflow/dags/hello_airflow.py for tasks to queue
[2026-01-21T09:12:16.422+0000] {logging_mixin.py:190} INFO - [2026-01-21T09:12:16.422+0000] {dagbag.py:588} INFO - Filling up the DagBag from /opt/airflow/dags/hello_airflow.py
[2026-01-21T09:12:16.435+0000] {processor.py:925} INFO - DAG(s) 'hello_airflow' retrieved from /opt/airflow/dags/hello_airflow.py
[2026-01-21T09:12:16.462+0000] {logging_mixin.py:190} INFO - [2026-01-21T09:12:16.462+0000] {dag.py:3239} INFO - Sync 1 DAGs
[2026-01-21T09:12:16.499+0000] {logging_mixin.py:190} INFO - [2026-01-21T09:12:16.499+0000] {dag.py:4180} INFO - Setting next_dagrun for hello_airflow to 2026-01-21 09:11:00+00:00, run_after=2026-01-21 09:12:00+00:00
[2026-01-21T09:12:16.521+0000] {processor.py:208} INFO - Processing /opt/airflow/dags/hello_airflow.py took 0.110 seconds
[2026-01-21T09:12:46.970+0000] {processor.py:186} INFO - Started process (PID=6458) to work on /opt/airflow/dags/hello_airflow.py
[2026-01-21T09:12:46.971+0000] {processor.py:914} INFO - Processing file /opt/airflow/dags/hello_airflow.py for tasks to queue
[2026-01-21T09:12:46.974+0000] {logging_mixin.py:190} INFO - [2026-01-21T09:12:46.974+0000] {dagbag.py:588} INFO - Filling up the DagBag from /opt/airflow/dags/hello_airflow.py
[2026-01-21T09:12:46.985+0000] {processor.py:925} INFO - DAG(s) 'hello_airflow' retrieved from /opt/airflow/dags/hello_airflow.py
[2026-01-21T09:12:47.009+0000] {logging_mixin.py:190} INFO - [2026-01-21T09:12:47.009+0000] {dag.py:3239} INFO - Sync 1 DAGs
[2026-01-21T09:12:47.038+0000] {logging_mixin.py:190} INFO - [2026-01-21T09:12:47.038+0000] {dag.py:4180} INFO - Setting next_dagrun for hello_airflow to 2026-01-21 09:11:00+00:00, run_after=2026-01-21 09:12:00+00:00
[2026-01-21T09:12:47.056+0000] {processor.py:208} INFO - Processing /opt/airflow/dags/hello_airflow.py took 0.095 seconds
[2026-01-21T09:13:17.617+0000] {processor.py:186} INFO - Started process (PID=6482) to work on /opt/airflow/dags/hello_airflow.py
[2026-01-21T09:13:17.621+0000] {processor.py:914} INFO - Processing file /opt/airflow/dags/hello_airflow.py for tasks to queue
[2026-01-21T09:13:17.626+0000] {logging_mixin.py:190} INFO - [2026-01-21T09:13:17.625+0000] {dagbag.py:588} INFO - Filling up the DagBag from /opt/airflow/dags/hello_airflow.py
[2026-01-21T09:13:17.640+0000] {processor.py:925} INFO - DAG(s) 'hello_airflow' retrieved from /opt/airflow/dags/hello_airflow.py
[2026-01-21T09:13:17.669+0000] {logging_mixin.py:190} INFO - [2026-01-21T09:13:17.669+0000] {dag.py:3239} INFO - Sync 1 DAGs
[2026-01-21T09:13:17.702+0000] {logging_mixin.py:190} INFO - [2026-01-21T09:13:17.701+0000] {dag.py:4180} INFO - Setting next_dagrun for hello_airflow to 2026-01-21 09:12:00+00:00, run_after=2026-01-21 09:13:00+00:00
[2026-01-21T09:13:17.722+0000] {processor.py:208} INFO - Processing /opt/airflow/dags/hello_airflow.py took 0.125 seconds
[2026-01-21T09:13:48.634+0000] {processor.py:186} INFO - Started process (PID=6506) to work on /opt/airflow/dags/hello_airflow.py
[2026-01-21T09:13:48.635+0000] {processor.py:914} INFO - Processing file /opt/airflow/dags/hello_airflow.py for tasks to queue
[2026-01-21T09:13:48.638+0000] {logging_mixin.py:190} INFO - [2026-01-21T09:13:48.638+0000] {dagbag.py:588} INFO - Filling up the DagBag from /opt/airflow/dags/hello_airflow.py
[2026-01-21T09:13:48.651+0000] {processor.py:925} INFO - DAG(s) 'hello_airflow' retrieved from /opt/airflow/dags/hello_airflow.py
[2026-01-21T09:13:48.680+0000] {logging_mixin.py:190} INFO - [2026-01-21T09:13:48.680+0000] {dag.py:3239} INFO - Sync 1 DAGs
[2026-01-21T09:13:48.720+0000] {logging_mixin.py:190} INFO - [2026-01-21T09:13:48.720+0000] {dag.py:4180} INFO - Setting next_dagrun for hello_airflow to 2026-01-21 09:12:00+00:00, run_after=2026-01-21 09:13:00+00:00
[2026-01-21T09:13:48.738+0000] {processor.py:208} INFO - Processing /opt/airflow/dags/hello_airflow.py took 0.113 seconds
[2026-01-21T09:14:18.897+0000] {processor.py:186} INFO - Started process (PID=6530) to work on /opt/airflow/dags/hello_airflow.py
[2026-01-21T09:14:18.898+0000] {processor.py:914} INFO - Processing file /opt/airflow/dags/hello_airflow.py for tasks to queue
[2026-01-21T09:14:18.900+0000] {logging_mixin.py:190} INFO - [2026-01-21T09:14:18.900+0000] {dagbag.py:588} INFO - Filling up the DagBag from /opt/airflow/dags/hello_airflow.py
[2026-01-21T09:14:18.913+0000] {processor.py:925} INFO - DAG(s) 'hello_airflow' retrieved from /opt/airflow/dags/hello_airflow.py
[2026-01-21T09:14:18.933+0000] {logging_mixin.py:190} INFO - [2026-01-21T09:14:18.933+0000] {dag.py:3239} INFO - Sync 1 DAGs
[2026-01-21T09:14:18.963+0000] {logging_mixin.py:190} INFO - [2026-01-21T09:14:18.963+0000] {dag.py:4180} INFO - Setting next_dagrun for hello_airflow to 2026-01-21 09:13:00+00:00, run_after=2026-01-21 09:14:00+00:00
[2026-01-21T09:14:18.980+0000] {processor.py:208} INFO - Processing /opt/airflow/dags/hello_airflow.py took 0.091 seconds
[2026-01-21T09:14:49.185+0000] {processor.py:186} INFO - Started process (PID=6554) to work on /opt/airflow/dags/hello_airflow.py
[2026-01-21T09:14:49.186+0000] {processor.py:914} INFO - Processing file /opt/airflow/dags/hello_airflow.py for tasks to queue
[2026-01-21T09:14:49.190+0000] {logging_mixin.py:190} INFO - [2026-01-21T09:14:49.190+0000] {dagbag.py:588} INFO - Filling up the DagBag from /opt/airflow/dags/hello_airflow.py
[2026-01-21T09:14:49.207+0000] {processor.py:925} INFO - DAG(s) 'hello_airflow' retrieved from /opt/airflow/dags/hello_airflow.py
[2026-01-21T09:14:49.239+0000] {logging_mixin.py:190} INFO - [2026-01-21T09:14:49.238+0000] {dag.py:3239} INFO - Sync 1 DAGs
[2026-01-21T09:14:49.322+0000] {logging_mixin.py:190} INFO - [2026-01-21T09:14:49.321+0000] {dag.py:4180} INFO - Setting next_dagrun for hello_airflow to 2026-01-21 09:13:00+00:00, run_after=2026-01-21 09:14:00+00:00
[2026-01-21T09:14:49.360+0000] {processor.py:208} INFO - Processing /opt/airflow/dags/hello_airflow.py took 0.183 seconds
[2026-01-21T09:15:19.418+0000] {processor.py:186} INFO - Started process (PID=6578) to work on /opt/airflow/dags/hello_airflow.py
[2026-01-21T09:15:19.419+0000] {processor.py:914} INFO - Processing file /opt/airflow/dags/hello_airflow.py for tasks to queue
[2026-01-21T09:15:19.422+0000] {logging_mixin.py:190} INFO - [2026-01-21T09:15:19.421+0000] {dagbag.py:588} INFO - Filling up the DagBag from /opt/airflow/dags/hello_airflow.py
[2026-01-21T09:15:19.436+0000] {processor.py:925} INFO - DAG(s) 'hello_airflow' retrieved from /opt/airflow/dags/hello_airflow.py
[2026-01-21T09:15:19.462+0000] {logging_mixin.py:190} INFO - [2026-01-21T09:15:19.461+0000] {dag.py:3239} INFO - Sync 1 DAGs
[2026-01-21T09:15:19.485+0000] {logging_mixin.py:190} INFO - [2026-01-21T09:15:19.485+0000] {dag.py:4180} INFO - Setting next_dagrun for hello_airflow to 2026-01-21 09:14:00+00:00, run_after=2026-01-21 09:15:00+00:00
[2026-01-21T09:15:19.500+0000] {processor.py:208} INFO - Processing /opt/airflow/dags/hello_airflow.py took 0.092 seconds
[2026-01-21T09:15:50.054+0000] {processor.py:186} INFO - Started process (PID=6602) to work on /opt/airflow/dags/hello_airflow.py
[2026-01-21T09:15:50.055+0000] {processor.py:914} INFO - Processing file /opt/airflow/dags/hello_airflow.py for tasks to queue
[2026-01-21T09:15:50.058+0000] {logging_mixin.py:190} INFO - [2026-01-21T09:15:50.058+0000] {dagbag.py:588} INFO - Filling up the DagBag from /opt/airflow/dags/hello_airflow.py
[2026-01-21T09:15:50.071+0000] {processor.py:925} INFO - DAG(s) 'hello_airflow' retrieved from /opt/airflow/dags/hello_airflow.py
[2026-01-21T09:15:50.092+0000] {logging_mixin.py:190} INFO - [2026-01-21T09:15:50.092+0000] {dag.py:3239} INFO - Sync 1 DAGs
[2026-01-21T09:15:50.122+0000] {logging_mixin.py:190} INFO - [2026-01-21T09:15:50.122+0000] {dag.py:4180} INFO - Setting next_dagrun for hello_airflow to 2026-01-21 09:14:00+00:00, run_after=2026-01-21 09:15:00+00:00
[2026-01-21T09:15:50.142+0000] {processor.py:208} INFO - Processing /opt/airflow/dags/hello_airflow.py took 0.097 seconds
[2026-01-21T09:16:20.563+0000] {processor.py:186} INFO - Started process (PID=6626) to work on /opt/airflow/dags/hello_airflow.py
[2026-01-21T09:16:20.565+0000] {processor.py:914} INFO - Processing file /opt/airflow/dags/hello_airflow.py for tasks to queue
[2026-01-21T09:16:20.568+0000] {logging_mixin.py:190} INFO - [2026-01-21T09:16:20.567+0000] {dagbag.py:588} INFO - Filling up the DagBag from /opt/airflow/dags/hello_airflow.py
[2026-01-21T09:16:20.580+0000] {processor.py:925} INFO - DAG(s) 'hello_airflow' retrieved from /opt/airflow/dags/hello_airflow.py
[2026-01-21T09:16:20.604+0000] {logging_mixin.py:190} INFO - [2026-01-21T09:16:20.604+0000] {dag.py:3239} INFO - Sync 1 DAGs
[2026-01-21T09:16:20.634+0000] {logging_mixin.py:190} INFO - [2026-01-21T09:16:20.634+0000] {dag.py:4180} INFO - Setting next_dagrun for hello_airflow to 2026-01-21 09:15:00+00:00, run_after=2026-01-21 09:16:00+00:00
[2026-01-21T09:16:20.650+0000] {processor.py:208} INFO - Processing /opt/airflow/dags/hello_airflow.py took 0.095 seconds
[2026-01-21T09:16:50.969+0000] {processor.py:186} INFO - Started process (PID=6650) to work on /opt/airflow/dags/hello_airflow.py
[2026-01-21T09:16:50.970+0000] {processor.py:914} INFO - Processing file /opt/airflow/dags/hello_airflow.py for tasks to queue
[2026-01-21T09:16:50.973+0000] {logging_mixin.py:190} INFO - [2026-01-21T09:16:50.972+0000] {dagbag.py:588} INFO - Filling up the DagBag from /opt/airflow/dags/hello_airflow.py
[2026-01-21T09:16:50.986+0000] {processor.py:925} INFO - DAG(s) 'hello_airflow' retrieved from /opt/airflow/dags/hello_airflow.py
[2026-01-21T09:16:51.020+0000] {logging_mixin.py:190} INFO - [2026-01-21T09:16:51.019+0000] {dag.py:3239} INFO - Sync 1 DAGs
[2026-01-21T09:16:51.058+0000] {logging_mixin.py:190} INFO - [2026-01-21T09:16:51.058+0000] {dag.py:4180} INFO - Setting next_dagrun for hello_airflow to 2026-01-21 09:15:00+00:00, run_after=2026-01-21 09:16:00+00:00
[2026-01-21T09:16:51.077+0000] {processor.py:208} INFO - Processing /opt/airflow/dags/hello_airflow.py took 0.116 seconds
[2026-01-21T09:17:21.955+0000] {processor.py:186} INFO - Started process (PID=6674) to work on /opt/airflow/dags/hello_airflow.py
[2026-01-21T09:17:21.956+0000] {processor.py:914} INFO - Processing file /opt/airflow/dags/hello_airflow.py for tasks to queue
[2026-01-21T09:17:21.958+0000] {logging_mixin.py:190} INFO - [2026-01-21T09:17:21.958+0000] {dagbag.py:588} INFO - Filling up the DagBag from /opt/airflow/dags/hello_airflow.py
[2026-01-21T09:17:21.971+0000] {processor.py:925} INFO - DAG(s) 'hello_airflow' retrieved from /opt/airflow/dags/hello_airflow.py
[2026-01-21T09:17:21.996+0000] {logging_mixin.py:190} INFO - [2026-01-21T09:17:21.996+0000] {dag.py:3239} INFO - Sync 1 DAGs
[2026-01-21T09:17:22.025+0000] {logging_mixin.py:190} INFO - [2026-01-21T09:17:22.025+0000] {dag.py:4180} INFO - Setting next_dagrun for hello_airflow to 2026-01-21 09:16:00+00:00, run_after=2026-01-21 09:17:00+00:00
[2026-01-21T09:17:22.053+0000] {processor.py:208} INFO - Processing /opt/airflow/dags/hello_airflow.py took 0.106 seconds
[2026-01-21T09:17:52.875+0000] {processor.py:186} INFO - Started process (PID=6698) to work on /opt/airflow/dags/hello_airflow.py
[2026-01-21T09:17:52.877+0000] {processor.py:914} INFO - Processing file /opt/airflow/dags/hello_airflow.py for tasks to queue
[2026-01-21T09:17:52.879+0000] {logging_mixin.py:190} INFO - [2026-01-21T09:17:52.879+0000] {dagbag.py:588} INFO - Filling up the DagBag from /opt/airflow/dags/hello_airflow.py
[2026-01-21T09:17:52.892+0000] {processor.py:925} INFO - DAG(s) 'hello_airflow' retrieved from /opt/airflow/dags/hello_airflow.py
[2026-01-21T09:17:52.912+0000] {logging_mixin.py:190} INFO - [2026-01-21T09:17:52.912+0000] {dag.py:3239} INFO - Sync 1 DAGs
[2026-01-21T09:17:52.961+0000] {logging_mixin.py:190} INFO - [2026-01-21T09:17:52.961+0000] {dag.py:4180} INFO - Setting next_dagrun for hello_airflow to 2026-01-21 09:16:00+00:00, run_after=2026-01-21 09:17:00+00:00
[2026-01-21T09:17:52.984+0000] {processor.py:208} INFO - Processing /opt/airflow/dags/hello_airflow.py took 0.116 seconds
[2026-01-21T09:18:23.430+0000] {processor.py:186} INFO - Started process (PID=6722) to work on /opt/airflow/dags/hello_airflow.py
[2026-01-21T09:18:23.431+0000] {processor.py:914} INFO - Processing file /opt/airflow/dags/hello_airflow.py for tasks to queue
[2026-01-21T09:18:23.436+0000] {logging_mixin.py:190} INFO - [2026-01-21T09:18:23.436+0000] {dagbag.py:588} INFO - Filling up the DagBag from /opt/airflow/dags/hello_airflow.py
[2026-01-21T09:18:23.450+0000] {processor.py:925} INFO - DAG(s) 'hello_airflow' retrieved from /opt/airflow/dags/hello_airflow.py
[2026-01-21T09:18:23.472+0000] {logging_mixin.py:190} INFO - [2026-01-21T09:18:23.471+0000] {dag.py:3239} INFO - Sync 1 DAGs
[2026-01-21T09:18:23.504+0000] {logging_mixin.py:190} INFO - [2026-01-21T09:18:23.504+0000] {dag.py:4180} INFO - Setting next_dagrun for hello_airflow to 2026-01-21 09:17:00+00:00, run_after=2026-01-21 09:18:00+00:00
[2026-01-21T09:18:23.522+0000] {processor.py:208} INFO - Processing /opt/airflow/dags/hello_airflow.py took 0.103 seconds
[2026-01-21T09:18:54.024+0000] {processor.py:186} INFO - Started process (PID=6746) to work on /opt/airflow/dags/hello_airflow.py
[2026-01-21T09:18:54.025+0000] {processor.py:914} INFO - Processing file /opt/airflow/dags/hello_airflow.py for tasks to queue
[2026-01-21T09:18:54.027+0000] {logging_mixin.py:190} INFO - [2026-01-21T09:18:54.027+0000] {dagbag.py:588} INFO - Filling up the DagBag from /opt/airflow/dags/hello_airflow.py
[2026-01-21T09:18:54.037+0000] {processor.py:925} INFO - DAG(s) 'hello_airflow' retrieved from /opt/airflow/dags/hello_airflow.py
[2026-01-21T09:18:54.069+0000] {logging_mixin.py:190} INFO - [2026-01-21T09:18:54.069+0000] {dag.py:3239} INFO - Sync 1 DAGs
[2026-01-21T09:18:54.114+0000] {logging_mixin.py:190} INFO - [2026-01-21T09:18:54.113+0000] {dag.py:4180} INFO - Setting next_dagrun for hello_airflow to 2026-01-21 09:17:00+00:00, run_after=2026-01-21 09:18:00+00:00
[2026-01-21T09:18:54.137+0000] {processor.py:208} INFO - Processing /opt/airflow/dags/hello_airflow.py took 0.121 seconds
[2026-01-21T09:19:24.491+0000] {processor.py:186} INFO - Started process (PID=6770) to work on /opt/airflow/dags/hello_airflow.py
[2026-01-21T09:19:24.493+0000] {processor.py:914} INFO - Processing file /opt/airflow/dags/hello_airflow.py for tasks to queue
[2026-01-21T09:19:24.495+0000] {logging_mixin.py:190} INFO - [2026-01-21T09:19:24.495+0000] {dagbag.py:588} INFO - Filling up the DagBag from /opt/airflow/dags/hello_airflow.py
[2026-01-21T09:19:24.507+0000] {processor.py:925} INFO - DAG(s) 'hello_airflow' retrieved from /opt/airflow/dags/hello_airflow.py
[2026-01-21T09:19:24.534+0000] {logging_mixin.py:190} INFO - [2026-01-21T09:19:24.534+0000] {dag.py:3239} INFO - Sync 1 DAGs
[2026-01-21T09:19:24.575+0000] {logging_mixin.py:190} INFO - [2026-01-21T09:19:24.575+0000] {dag.py:4180} INFO - Setting next_dagrun for hello_airflow to 2026-01-21 09:18:00+00:00, run_after=2026-01-21 09:19:00+00:00
[2026-01-21T09:19:24.601+0000] {processor.py:208} INFO - Processing /opt/airflow/dags/hello_airflow.py took 0.118 seconds
[2026-01-21T09:19:54.958+0000] {processor.py:186} INFO - Started process (PID=6794) to work on /opt/airflow/dags/hello_airflow.py
[2026-01-21T09:19:54.959+0000] {processor.py:914} INFO - Processing file /opt/airflow/dags/hello_airflow.py for tasks to queue
[2026-01-21T09:19:54.961+0000] {logging_mixin.py:190} INFO - [2026-01-21T09:19:54.961+0000] {dagbag.py:588} INFO - Filling up the DagBag from /opt/airflow/dags/hello_airflow.py
[2026-01-21T09:19:54.976+0000] {processor.py:925} INFO - DAG(s) 'hello_airflow' retrieved from /opt/airflow/dags/hello_airflow.py
[2026-01-21T09:19:55.006+0000] {logging_mixin.py:190} INFO - [2026-01-21T09:19:55.006+0000] {dag.py:3239} INFO - Sync 1 DAGs
[2026-01-21T09:19:55.037+0000] {logging_mixin.py:190} INFO - [2026-01-21T09:19:55.037+0000] {dag.py:4180} INFO - Setting next_dagrun for hello_airflow to 2026-01-21 09:18:00+00:00, run_after=2026-01-21 09:19:00+00:00
[2026-01-21T09:19:55.062+0000] {processor.py:208} INFO - Processing /opt/airflow/dags/hello_airflow.py took 0.111 seconds
[2026-01-21T09:20:25.627+0000] {processor.py:186} INFO - Started process (PID=6818) to work on /opt/airflow/dags/hello_airflow.py
[2026-01-21T09:20:25.627+0000] {processor.py:914} INFO - Processing file /opt/airflow/dags/hello_airflow.py for tasks to queue
[2026-01-21T09:20:25.629+0000] {logging_mixin.py:190} INFO - [2026-01-21T09:20:25.629+0000] {dagbag.py:588} INFO - Filling up the DagBag from /opt/airflow/dags/hello_airflow.py
[2026-01-21T09:20:25.637+0000] {processor.py:925} INFO - DAG(s) 'hello_airflow' retrieved from /opt/airflow/dags/hello_airflow.py
[2026-01-21T09:20:25.658+0000] {logging_mixin.py:190} INFO - [2026-01-21T09:20:25.658+0000] {dag.py:3239} INFO - Sync 1 DAGs
[2026-01-21T09:20:25.684+0000] {logging_mixin.py:190} INFO - [2026-01-21T09:20:25.684+0000] {dag.py:4180} INFO - Setting next_dagrun for hello_airflow to 2026-01-21 09:19:00+00:00, run_after=2026-01-21 09:20:00+00:00
[2026-01-21T09:20:25.702+0000] {processor.py:208} INFO - Processing /opt/airflow/dags/hello_airflow.py took 0.082 seconds
[2026-01-21T09:20:55.965+0000] {processor.py:186} INFO - Started process (PID=6842) to work on /opt/airflow/dags/hello_airflow.py
[2026-01-21T09:20:55.966+0000] {processor.py:914} INFO - Processing file /opt/airflow/dags/hello_airflow.py for tasks to queue
[2026-01-21T09:20:55.969+0000] {logging_mixin.py:190} INFO - [2026-01-21T09:20:55.968+0000] {dagbag.py:588} INFO - Filling up the DagBag from /opt/airflow/dags/hello_airflow.py
[2026-01-21T09:20:55.982+0000] {processor.py:925} INFO - DAG(s) 'hello_airflow' retrieved from /opt/airflow/dags/hello_airflow.py
[2026-01-21T09:20:56.009+0000] {logging_mixin.py:190} INFO - [2026-01-21T09:20:56.009+0000] {dag.py:3239} INFO - Sync 1 DAGs
[2026-01-21T09:20:56.055+0000] {logging_mixin.py:190} INFO - [2026-01-21T09:20:56.055+0000] {dag.py:4180} INFO - Setting next_dagrun for hello_airflow to 2026-01-21 09:19:00+00:00, run_after=2026-01-21 09:20:00+00:00
[2026-01-21T09:20:56.080+0000] {processor.py:208} INFO - Processing /opt/airflow/dags/hello_airflow.py took 0.123 seconds
[2026-01-21T09:21:26.126+0000] {processor.py:186} INFO - Started process (PID=6865) to work on /opt/airflow/dags/hello_airflow.py
[2026-01-21T09:21:26.128+0000] {processor.py:914} INFO - Processing file /opt/airflow/dags/hello_airflow.py for tasks to queue
[2026-01-21T09:21:26.132+0000] {logging_mixin.py:190} INFO - [2026-01-21T09:21:26.132+0000] {dagbag.py:588} INFO - Filling up the DagBag from /opt/airflow/dags/hello_airflow.py
[2026-01-21T09:21:26.148+0000] {processor.py:925} INFO - DAG(s) 'hello_airflow' retrieved from /opt/airflow/dags/hello_airflow.py
[2026-01-21T09:21:26.176+0000] {logging_mixin.py:190} INFO - [2026-01-21T09:21:26.176+0000] {dag.py:3239} INFO - Sync 1 DAGs
[2026-01-21T09:21:26.205+0000] {logging_mixin.py:190} INFO - [2026-01-21T09:21:26.205+0000] {dag.py:4180} INFO - Setting next_dagrun for hello_airflow to 2026-01-21 09:20:00+00:00, run_after=2026-01-21 09:21:00+00:00
[2026-01-21T09:21:26.222+0000] {processor.py:208} INFO - Processing /opt/airflow/dags/hello_airflow.py took 0.109 seconds
[2026-01-21T09:21:56.498+0000] {processor.py:186} INFO - Started process (PID=6890) to work on /opt/airflow/dags/hello_airflow.py
[2026-01-21T09:21:56.499+0000] {processor.py:914} INFO - Processing file /opt/airflow/dags/hello_airflow.py for tasks to queue
[2026-01-21T09:21:56.502+0000] {logging_mixin.py:190} INFO - [2026-01-21T09:21:56.502+0000] {dagbag.py:588} INFO - Filling up the DagBag from /opt/airflow/dags/hello_airflow.py
[2026-01-21T09:21:56.512+0000] {processor.py:925} INFO - DAG(s) 'hello_airflow' retrieved from /opt/airflow/dags/hello_airflow.py
[2026-01-21T09:21:56.537+0000] {logging_mixin.py:190} INFO - [2026-01-21T09:21:56.536+0000] {dag.py:3239} INFO - Sync 1 DAGs
[2026-01-21T09:21:56.561+0000] {logging_mixin.py:190} INFO - [2026-01-21T09:21:56.560+0000] {dag.py:4180} INFO - Setting next_dagrun for hello_airflow to 2026-01-21 09:20:00+00:00, run_after=2026-01-21 09:21:00+00:00
[2026-01-21T09:21:56.577+0000] {processor.py:208} INFO - Processing /opt/airflow/dags/hello_airflow.py took 0.088 seconds
[2026-01-21T09:22:27.057+0000] {processor.py:186} INFO - Started process (PID=6913) to work on /opt/airflow/dags/hello_airflow.py
[2026-01-21T09:22:27.058+0000] {processor.py:914} INFO - Processing file /opt/airflow/dags/hello_airflow.py for tasks to queue
[2026-01-21T09:22:27.060+0000] {logging_mixin.py:190} INFO - [2026-01-21T09:22:27.060+0000] {dagbag.py:588} INFO - Filling up the DagBag from /opt/airflow/dags/hello_airflow.py
[2026-01-21T09:22:27.069+0000] {processor.py:925} INFO - DAG(s) 'hello_airflow' retrieved from /opt/airflow/dags/hello_airflow.py
[2026-01-21T09:22:27.092+0000] {logging_mixin.py:190} INFO - [2026-01-21T09:22:27.092+0000] {dag.py:3239} INFO - Sync 1 DAGs
[2026-01-21T09:22:27.117+0000] {logging_mixin.py:190} INFO - [2026-01-21T09:22:27.117+0000] {dag.py:4180} INFO - Setting next_dagrun for hello_airflow to 2026-01-21 09:21:00+00:00, run_after=2026-01-21 09:22:00+00:00
[2026-01-21T09:22:27.136+0000] {processor.py:208} INFO - Processing /opt/airflow/dags/hello_airflow.py took 0.085 seconds
[2026-01-21T09:22:57.899+0000] {processor.py:186} INFO - Started process (PID=6936) to work on /opt/airflow/dags/hello_airflow.py
[2026-01-21T09:22:57.900+0000] {processor.py:914} INFO - Processing file /opt/airflow/dags/hello_airflow.py for tasks to queue
[2026-01-21T09:22:57.903+0000] {logging_mixin.py:190} INFO - [2026-01-21T09:22:57.903+0000] {dagbag.py:588} INFO - Filling up the DagBag from /opt/airflow/dags/hello_airflow.py
[2026-01-21T09:22:57.912+0000] {processor.py:925} INFO - DAG(s) 'hello_airflow' retrieved from /opt/airflow/dags/hello_airflow.py
[2026-01-21T09:22:57.930+0000] {logging_mixin.py:190} INFO - [2026-01-21T09:22:57.930+0000] {dag.py:3239} INFO - Sync 1 DAGs
[2026-01-21T09:22:57.952+0000] {logging_mixin.py:190} INFO - [2026-01-21T09:22:57.952+0000] {dag.py:4180} INFO - Setting next_dagrun for hello_airflow to 2026-01-21 09:21:00+00:00, run_after=2026-01-21 09:22:00+00:00
[2026-01-21T09:22:57.975+0000] {processor.py:208} INFO - Processing /opt/airflow/dags/hello_airflow.py took 0.084 seconds
[2026-01-21T09:23:28.536+0000] {processor.py:186} INFO - Started process (PID=6960) to work on /opt/airflow/dags/hello_airflow.py
[2026-01-21T09:23:28.537+0000] {processor.py:914} INFO - Processing file /opt/airflow/dags/hello_airflow.py for tasks to queue
[2026-01-21T09:23:28.540+0000] {logging_mixin.py:190} INFO - [2026-01-21T09:23:28.539+0000] {dagbag.py:588} INFO - Filling up the DagBag from /opt/airflow/dags/hello_airflow.py
[2026-01-21T09:23:28.548+0000] {processor.py:925} INFO - DAG(s) 'hello_airflow' retrieved from /opt/airflow/dags/hello_airflow.py
[2026-01-21T09:23:28.567+0000] {logging_mixin.py:190} INFO - [2026-01-21T09:23:28.567+0000] {dag.py:3239} INFO - Sync 1 DAGs
[2026-01-21T09:23:28.589+0000] {logging_mixin.py:190} INFO - [2026-01-21T09:23:28.589+0000] {dag.py:4180} INFO - Setting next_dagrun for hello_airflow to 2026-01-21 09:22:00+00:00, run_after=2026-01-21 09:23:00+00:00
[2026-01-21T09:23:28.604+0000] {processor.py:208} INFO - Processing /opt/airflow/dags/hello_airflow.py took 0.082 seconds
[2026-01-21T09:23:59.230+0000] {processor.py:186} INFO - Started process (PID=6984) to work on /opt/airflow/dags/hello_airflow.py
[2026-01-21T09:23:59.231+0000] {processor.py:914} INFO - Processing file /opt/airflow/dags/hello_airflow.py for tasks to queue
[2026-01-21T09:23:59.234+0000] {logging_mixin.py:190} INFO - [2026-01-21T09:23:59.233+0000] {dagbag.py:588} INFO - Filling up the DagBag from /opt/airflow/dags/hello_airflow.py
[2026-01-21T09:23:59.242+0000] {processor.py:925} INFO - DAG(s) 'hello_airflow' retrieved from /opt/airflow/dags/hello_airflow.py
[2026-01-21T09:23:59.262+0000] {logging_mixin.py:190} INFO - [2026-01-21T09:23:59.262+0000] {dag.py:3239} INFO - Sync 1 DAGs
[2026-01-21T09:23:59.285+0000] {logging_mixin.py:190} INFO - [2026-01-21T09:23:59.285+0000] {dag.py:4180} INFO - Setting next_dagrun for hello_airflow to 2026-01-21 09:22:00+00:00, run_after=2026-01-21 09:23:00+00:00
[2026-01-21T09:23:59.319+0000] {processor.py:208} INFO - Processing /opt/airflow/dags/hello_airflow.py took 0.095 seconds
[2026-01-21T09:24:29.880+0000] {processor.py:186} INFO - Started process (PID=7008) to work on /opt/airflow/dags/hello_airflow.py
[2026-01-21T09:24:29.882+0000] {processor.py:914} INFO - Processing file /opt/airflow/dags/hello_airflow.py for tasks to queue
[2026-01-21T09:24:29.885+0000] {logging_mixin.py:190} INFO - [2026-01-21T09:24:29.884+0000] {dagbag.py:588} INFO - Filling up the DagBag from /opt/airflow/dags/hello_airflow.py
[2026-01-21T09:24:29.893+0000] {processor.py:925} INFO - DAG(s) 'hello_airflow' retrieved from /opt/airflow/dags/hello_airflow.py
[2026-01-21T09:24:29.913+0000] {logging_mixin.py:190} INFO - [2026-01-21T09:24:29.912+0000] {dag.py:3239} INFO - Sync 1 DAGs
[2026-01-21T09:24:29.935+0000] {logging_mixin.py:190} INFO - [2026-01-21T09:24:29.934+0000] {dag.py:4180} INFO - Setting next_dagrun for hello_airflow to 2026-01-21 09:23:00+00:00, run_after=2026-01-21 09:24:00+00:00
[2026-01-21T09:24:29.950+0000] {processor.py:208} INFO - Processing /opt/airflow/dags/hello_airflow.py took 0.077 seconds
[2026-01-21T09:25:00.730+0000] {processor.py:186} INFO - Started process (PID=7032) to work on /opt/airflow/dags/hello_airflow.py
[2026-01-21T09:25:00.730+0000] {processor.py:914} INFO - Processing file /opt/airflow/dags/hello_airflow.py for tasks to queue
[2026-01-21T09:25:00.733+0000] {logging_mixin.py:190} INFO - [2026-01-21T09:25:00.733+0000] {dagbag.py:588} INFO - Filling up the DagBag from /opt/airflow/dags/hello_airflow.py
[2026-01-21T09:25:00.741+0000] {processor.py:925} INFO - DAG(s) 'hello_airflow' retrieved from /opt/airflow/dags/hello_airflow.py
[2026-01-21T09:25:00.764+0000] {logging_mixin.py:190} INFO - [2026-01-21T09:25:00.764+0000] {dag.py:3239} INFO - Sync 1 DAGs
[2026-01-21T09:25:00.786+0000] {logging_mixin.py:190} INFO - [2026-01-21T09:25:00.786+0000] {dag.py:4180} INFO - Setting next_dagrun for hello_airflow to 2026-01-21 09:24:00+00:00, run_after=2026-01-21 09:25:00+00:00
[2026-01-21T09:25:00.806+0000] {processor.py:208} INFO - Processing /opt/airflow/dags/hello_airflow.py took 0.082 seconds
[2026-01-21T09:25:31.365+0000] {processor.py:186} INFO - Started process (PID=7057) to work on /opt/airflow/dags/hello_airflow.py
[2026-01-21T09:25:31.366+0000] {processor.py:914} INFO - Processing file /opt/airflow/dags/hello_airflow.py for tasks to queue
[2026-01-21T09:25:31.368+0000] {logging_mixin.py:190} INFO - [2026-01-21T09:25:31.368+0000] {dagbag.py:588} INFO - Filling up the DagBag from /opt/airflow/dags/hello_airflow.py
[2026-01-21T09:25:31.380+0000] {processor.py:925} INFO - DAG(s) 'hello_airflow' retrieved from /opt/airflow/dags/hello_airflow.py
[2026-01-21T09:25:31.402+0000] {logging_mixin.py:190} INFO - [2026-01-21T09:25:31.402+0000] {dag.py:3239} INFO - Sync 1 DAGs
[2026-01-21T09:25:31.424+0000] {logging_mixin.py:190} INFO - [2026-01-21T09:25:31.424+0000] {dag.py:4180} INFO - Setting next_dagrun for hello_airflow to 2026-01-21 09:24:00+00:00, run_after=2026-01-21 09:25:00+00:00
[2026-01-21T09:25:31.439+0000] {processor.py:208} INFO - Processing /opt/airflow/dags/hello_airflow.py took 0.083 seconds
[2026-01-21T09:26:02.083+0000] {processor.py:186} INFO - Started process (PID=7081) to work on /opt/airflow/dags/hello_airflow.py
[2026-01-21T09:26:02.084+0000] {processor.py:914} INFO - Processing file /opt/airflow/dags/hello_airflow.py for tasks to queue
[2026-01-21T09:26:02.086+0000] {logging_mixin.py:190} INFO - [2026-01-21T09:26:02.086+0000] {dagbag.py:588} INFO - Filling up the DagBag from /opt/airflow/dags/hello_airflow.py
[2026-01-21T09:26:02.096+0000] {processor.py:925} INFO - DAG(s) 'hello_airflow' retrieved from /opt/airflow/dags/hello_airflow.py
[2026-01-21T09:26:02.118+0000] {logging_mixin.py:190} INFO - [2026-01-21T09:26:02.118+0000] {dag.py:3239} INFO - Sync 1 DAGs
[2026-01-21T09:26:02.147+0000] {logging_mixin.py:190} INFO - [2026-01-21T09:26:02.147+0000] {dag.py:4180} INFO - Setting next_dagrun for hello_airflow to 2026-01-21 09:25:00+00:00, run_after=2026-01-21 09:26:00+00:00
[2026-01-21T09:26:02.164+0000] {processor.py:208} INFO - Processing /opt/airflow/dags/hello_airflow.py took 0.089 seconds
[2026-01-21T09:26:33.218+0000] {processor.py:186} INFO - Started process (PID=7105) to work on /opt/airflow/dags/hello_airflow.py
[2026-01-21T09:26:33.220+0000] {processor.py:914} INFO - Processing file /opt/airflow/dags/hello_airflow.py for tasks to queue
[2026-01-21T09:26:33.224+0000] {logging_mixin.py:190} INFO - [2026-01-21T09:26:33.223+0000] {dagbag.py:588} INFO - Filling up the DagBag from /opt/airflow/dags/hello_airflow.py
[2026-01-21T09:26:33.237+0000] {processor.py:925} INFO - DAG(s) 'hello_airflow' retrieved from /opt/airflow/dags/hello_airflow.py
[2026-01-21T09:26:33.262+0000] {logging_mixin.py:190} INFO - [2026-01-21T09:26:33.262+0000] {dag.py:3239} INFO - Sync 1 DAGs
[2026-01-21T09:26:33.289+0000] {logging_mixin.py:190} INFO - [2026-01-21T09:26:33.289+0000] {dag.py:4180} INFO - Setting next_dagrun for hello_airflow to 2026-01-21 09:25:00+00:00, run_after=2026-01-21 09:26:00+00:00
[2026-01-21T09:26:33.305+0000] {processor.py:208} INFO - Processing /opt/airflow/dags/hello_airflow.py took 0.096 seconds
[2026-01-21T09:27:04.206+0000] {processor.py:186} INFO - Started process (PID=7129) to work on /opt/airflow/dags/hello_airflow.py
[2026-01-21T09:27:04.207+0000] {processor.py:914} INFO - Processing file /opt/airflow/dags/hello_airflow.py for tasks to queue
[2026-01-21T09:27:04.209+0000] {logging_mixin.py:190} INFO - [2026-01-21T09:27:04.209+0000] {dagbag.py:588} INFO - Filling up the DagBag from /opt/airflow/dags/hello_airflow.py
[2026-01-21T09:27:04.218+0000] {processor.py:925} INFO - DAG(s) 'hello_airflow' retrieved from /opt/airflow/dags/hello_airflow.py
[2026-01-21T09:27:04.243+0000] {logging_mixin.py:190} INFO - [2026-01-21T09:27:04.242+0000] {dag.py:3239} INFO - Sync 1 DAGs
[2026-01-21T09:27:04.271+0000] {logging_mixin.py:190} INFO - [2026-01-21T09:27:04.271+0000] {dag.py:4180} INFO - Setting next_dagrun for hello_airflow to 2026-01-21 09:26:00+00:00, run_after=2026-01-21 09:27:00+00:00
[2026-01-21T09:27:04.291+0000] {processor.py:208} INFO - Processing /opt/airflow/dags/hello_airflow.py took 0.092 seconds
[2026-01-21T09:27:34.818+0000] {processor.py:186} INFO - Started process (PID=7152) to work on /opt/airflow/dags/hello_airflow.py
[2026-01-21T09:27:34.819+0000] {processor.py:914} INFO - Processing file /opt/airflow/dags/hello_airflow.py for tasks to queue
[2026-01-21T09:27:34.822+0000] {logging_mixin.py:190} INFO - [2026-01-21T09:27:34.821+0000] {dagbag.py:588} INFO - Filling up the DagBag from /opt/airflow/dags/hello_airflow.py
[2026-01-21T09:27:34.831+0000] {processor.py:925} INFO - DAG(s) 'hello_airflow' retrieved from /opt/airflow/dags/hello_airflow.py
[2026-01-21T09:27:34.851+0000] {logging_mixin.py:190} INFO - [2026-01-21T09:27:34.851+0000] {dag.py:3239} INFO - Sync 1 DAGs
[2026-01-21T09:27:34.876+0000] {logging_mixin.py:190} INFO - [2026-01-21T09:27:34.875+0000] {dag.py:4180} INFO - Setting next_dagrun for hello_airflow to 2026-01-21 09:26:00+00:00, run_after=2026-01-21 09:27:00+00:00
[2026-01-21T09:27:34.898+0000] {processor.py:208} INFO - Processing /opt/airflow/dags/hello_airflow.py took 0.086 seconds
[2026-01-21T09:28:05.340+0000] {processor.py:186} INFO - Started process (PID=7176) to work on /opt/airflow/dags/hello_airflow.py
[2026-01-21T09:28:05.341+0000] {processor.py:914} INFO - Processing file /opt/airflow/dags/hello_airflow.py for tasks to queue
[2026-01-21T09:28:05.344+0000] {logging_mixin.py:190} INFO - [2026-01-21T09:28:05.344+0000] {dagbag.py:588} INFO - Filling up the DagBag from /opt/airflow/dags/hello_airflow.py
[2026-01-21T09:28:05.354+0000] {processor.py:925} INFO - DAG(s) 'hello_airflow' retrieved from /opt/airflow/dags/hello_airflow.py
[2026-01-21T09:28:05.375+0000] {logging_mixin.py:190} INFO - [2026-01-21T09:28:05.375+0000] {dag.py:3239} INFO - Sync 1 DAGs
[2026-01-21T09:28:05.398+0000] {logging_mixin.py:190} INFO - [2026-01-21T09:28:05.397+0000] {dag.py:4180} INFO - Setting next_dagrun for hello_airflow to 2026-01-21 09:27:00+00:00, run_after=2026-01-21 09:28:00+00:00
[2026-01-21T09:28:05.423+0000] {processor.py:208} INFO - Processing /opt/airflow/dags/hello_airflow.py took 0.090 seconds
[2026-01-21T09:28:35.751+0000] {processor.py:186} INFO - Started process (PID=7200) to work on /opt/airflow/dags/hello_airflow.py
[2026-01-21T09:28:35.752+0000] {processor.py:914} INFO - Processing file /opt/airflow/dags/hello_airflow.py for tasks to queue
[2026-01-21T09:28:35.755+0000] {logging_mixin.py:190} INFO - [2026-01-21T09:28:35.755+0000] {dagbag.py:588} INFO - Filling up the DagBag from /opt/airflow/dags/hello_airflow.py
[2026-01-21T09:28:35.765+0000] {processor.py:925} INFO - DAG(s) 'hello_airflow' retrieved from /opt/airflow/dags/hello_airflow.py
[2026-01-21T09:28:35.784+0000] {logging_mixin.py:190} INFO - [2026-01-21T09:28:35.783+0000] {dag.py:3239} INFO - Sync 1 DAGs
[2026-01-21T09:28:35.804+0000] {logging_mixin.py:190} INFO - [2026-01-21T09:28:35.804+0000] {dag.py:4180} INFO - Setting next_dagrun for hello_airflow to 2026-01-21 09:27:00+00:00, run_after=2026-01-21 09:28:00+00:00
[2026-01-21T09:28:35.817+0000] {processor.py:208} INFO - Processing /opt/airflow/dags/hello_airflow.py took 0.074 seconds
[2026-01-21T09:29:06.240+0000] {processor.py:186} INFO - Started process (PID=7224) to work on /opt/airflow/dags/hello_airflow.py
[2026-01-21T09:29:06.241+0000] {processor.py:914} INFO - Processing file /opt/airflow/dags/hello_airflow.py for tasks to queue
[2026-01-21T09:29:06.244+0000] {logging_mixin.py:190} INFO - [2026-01-21T09:29:06.244+0000] {dagbag.py:588} INFO - Filling up the DagBag from /opt/airflow/dags/hello_airflow.py
[2026-01-21T09:29:06.255+0000] {processor.py:925} INFO - DAG(s) 'hello_airflow' retrieved from /opt/airflow/dags/hello_airflow.py
[2026-01-21T09:29:06.277+0000] {logging_mixin.py:190} INFO - [2026-01-21T09:29:06.277+0000] {dag.py:3239} INFO - Sync 1 DAGs
[2026-01-21T09:29:06.298+0000] {logging_mixin.py:190} INFO - [2026-01-21T09:29:06.298+0000] {dag.py:4180} INFO - Setting next_dagrun for hello_airflow to 2026-01-21 09:28:00+00:00, run_after=2026-01-21 09:29:00+00:00
[2026-01-21T09:29:06.313+0000] {processor.py:208} INFO - Processing /opt/airflow/dags/hello_airflow.py took 0.083 seconds
[2026-01-21T09:29:36.695+0000] {processor.py:186} INFO - Started process (PID=7248) to work on /opt/airflow/dags/hello_airflow.py
[2026-01-21T09:29:36.696+0000] {processor.py:914} INFO - Processing file /opt/airflow/dags/hello_airflow.py for tasks to queue
[2026-01-21T09:29:36.699+0000] {logging_mixin.py:190} INFO - [2026-01-21T09:29:36.699+0000] {dagbag.py:588} INFO - Filling up the DagBag from /opt/airflow/dags/hello_airflow.py
[2026-01-21T09:29:36.708+0000] {processor.py:925} INFO - DAG(s) 'hello_airflow' retrieved from /opt/airflow/dags/hello_airflow.py
[2026-01-21T09:29:36.732+0000] {logging_mixin.py:190} INFO - [2026-01-21T09:29:36.731+0000] {dag.py:3239} INFO - Sync 1 DAGs
[2026-01-21T09:29:36.756+0000] {logging_mixin.py:190} INFO - [2026-01-21T09:29:36.756+0000] {dag.py:4180} INFO - Setting next_dagrun for hello_airflow to 2026-01-21 09:28:00+00:00, run_after=2026-01-21 09:29:00+00:00
[2026-01-21T09:29:36.775+0000] {processor.py:208} INFO - Processing /opt/airflow/dags/hello_airflow.py took 0.086 seconds
[2026-01-21T09:30:07.152+0000] {processor.py:186} INFO - Started process (PID=7272) to work on /opt/airflow/dags/hello_airflow.py
[2026-01-21T09:30:07.153+0000] {processor.py:914} INFO - Processing file /opt/airflow/dags/hello_airflow.py for tasks to queue
[2026-01-21T09:30:07.155+0000] {logging_mixin.py:190} INFO - [2026-01-21T09:30:07.155+0000] {dagbag.py:588} INFO - Filling up the DagBag from /opt/airflow/dags/hello_airflow.py
[2026-01-21T09:30:07.165+0000] {processor.py:925} INFO - DAG(s) 'hello_airflow' retrieved from /opt/airflow/dags/hello_airflow.py
[2026-01-21T09:30:07.185+0000] {logging_mixin.py:190} INFO - [2026-01-21T09:30:07.185+0000] {dag.py:3239} INFO - Sync 1 DAGs
[2026-01-21T09:30:07.208+0000] {logging_mixin.py:190} INFO - [2026-01-21T09:30:07.207+0000] {dag.py:4180} INFO - Setting next_dagrun for hello_airflow to 2026-01-21 09:29:00+00:00, run_after=2026-01-21 09:30:00+00:00
[2026-01-21T09:30:07.229+0000] {processor.py:208} INFO - Processing /opt/airflow/dags/hello_airflow.py took 0.086 seconds
[2026-01-21T09:30:37.630+0000] {processor.py:186} INFO - Started process (PID=7302) to work on /opt/airflow/dags/hello_airflow.py
[2026-01-21T09:30:37.632+0000] {processor.py:914} INFO - Processing file /opt/airflow/dags/hello_airflow.py for tasks to queue
[2026-01-21T09:30:37.637+0000] {logging_mixin.py:190} INFO - [2026-01-21T09:30:37.637+0000] {dagbag.py:588} INFO - Filling up the DagBag from /opt/airflow/dags/hello_airflow.py
[2026-01-21T09:30:37.645+0000] {processor.py:925} INFO - DAG(s) 'hello_airflow' retrieved from /opt/airflow/dags/hello_airflow.py
[2026-01-21T09:30:37.662+0000] {logging_mixin.py:190} INFO - [2026-01-21T09:30:37.662+0000] {dag.py:3239} INFO - Sync 1 DAGs
[2026-01-21T09:30:37.693+0000] {logging_mixin.py:190} INFO - [2026-01-21T09:30:37.693+0000] {dag.py:4180} INFO - Setting next_dagrun for hello_airflow to 2026-01-21 09:29:00+00:00, run_after=2026-01-21 09:30:00+00:00
[2026-01-21T09:30:37.706+0000] {processor.py:208} INFO - Processing /opt/airflow/dags/hello_airflow.py took 0.098 seconds
[2026-01-21T09:31:08.163+0000] {processor.py:186} INFO - Started process (PID=7326) to work on /opt/airflow/dags/hello_airflow.py
[2026-01-21T09:31:08.164+0000] {processor.py:914} INFO - Processing file /opt/airflow/dags/hello_airflow.py for tasks to queue
[2026-01-21T09:31:08.167+0000] {logging_mixin.py:190} INFO - [2026-01-21T09:31:08.167+0000] {dagbag.py:588} INFO - Filling up the DagBag from /opt/airflow/dags/hello_airflow.py
[2026-01-21T09:31:08.178+0000] {processor.py:925} INFO - DAG(s) 'hello_airflow' retrieved from /opt/airflow/dags/hello_airflow.py
[2026-01-21T09:31:08.200+0000] {logging_mixin.py:190} INFO - [2026-01-21T09:31:08.200+0000] {dag.py:3239} INFO - Sync 1 DAGs
[2026-01-21T09:31:08.222+0000] {logging_mixin.py:190} INFO - [2026-01-21T09:31:08.221+0000] {dag.py:4180} INFO - Setting next_dagrun for hello_airflow to 2026-01-21 09:30:00+00:00, run_after=2026-01-21 09:31:00+00:00
[2026-01-21T09:31:08.239+0000] {processor.py:208} INFO - Processing /opt/airflow/dags/hello_airflow.py took 0.085 seconds
[2026-01-21T09:31:38.863+0000] {processor.py:186} INFO - Started process (PID=7350) to work on /opt/airflow/dags/hello_airflow.py
[2026-01-21T09:31:38.864+0000] {processor.py:914} INFO - Processing file /opt/airflow/dags/hello_airflow.py for tasks to queue
[2026-01-21T09:31:38.868+0000] {logging_mixin.py:190} INFO - [2026-01-21T09:31:38.867+0000] {dagbag.py:588} INFO - Filling up the DagBag from /opt/airflow/dags/hello_airflow.py
[2026-01-21T09:31:38.882+0000] {processor.py:925} INFO - DAG(s) 'hello_airflow' retrieved from /opt/airflow/dags/hello_airflow.py
[2026-01-21T09:31:38.917+0000] {logging_mixin.py:190} INFO - [2026-01-21T09:31:38.917+0000] {dag.py:3239} INFO - Sync 1 DAGs
[2026-01-21T09:31:38.981+0000] {logging_mixin.py:190} INFO - [2026-01-21T09:31:38.981+0000] {dag.py:4180} INFO - Setting next_dagrun for hello_airflow to 2026-01-21 09:30:00+00:00, run_after=2026-01-21 09:31:00+00:00
[2026-01-21T09:31:39.006+0000] {processor.py:208} INFO - Processing /opt/airflow/dags/hello_airflow.py took 0.152 seconds
[2026-01-21T09:32:09.816+0000] {processor.py:186} INFO - Started process (PID=7374) to work on /opt/airflow/dags/hello_airflow.py
[2026-01-21T09:32:09.817+0000] {processor.py:914} INFO - Processing file /opt/airflow/dags/hello_airflow.py for tasks to queue
[2026-01-21T09:32:09.821+0000] {logging_mixin.py:190} INFO - [2026-01-21T09:32:09.820+0000] {dagbag.py:588} INFO - Filling up the DagBag from /opt/airflow/dags/hello_airflow.py
[2026-01-21T09:32:09.834+0000] {processor.py:925} INFO - DAG(s) 'hello_airflow' retrieved from /opt/airflow/dags/hello_airflow.py
[2026-01-21T09:32:09.870+0000] {logging_mixin.py:190} INFO - [2026-01-21T09:32:09.869+0000] {dag.py:3239} INFO - Sync 1 DAGs
[2026-01-21T09:32:09.916+0000] {logging_mixin.py:190} INFO - [2026-01-21T09:32:09.916+0000] {dag.py:4180} INFO - Setting next_dagrun for hello_airflow to 2026-01-21 09:31:00+00:00, run_after=2026-01-21 09:32:00+00:00
[2026-01-21T09:32:09.951+0000] {processor.py:208} INFO - Processing /opt/airflow/dags/hello_airflow.py took 0.144 seconds
[2026-01-21T09:32:40.761+0000] {processor.py:186} INFO - Started process (PID=7398) to work on /opt/airflow/dags/hello_airflow.py
[2026-01-21T09:32:40.762+0000] {processor.py:914} INFO - Processing file /opt/airflow/dags/hello_airflow.py for tasks to queue
[2026-01-21T09:32:40.766+0000] {logging_mixin.py:190} INFO - [2026-01-21T09:32:40.765+0000] {dagbag.py:588} INFO - Filling up the DagBag from /opt/airflow/dags/hello_airflow.py
[2026-01-21T09:32:40.781+0000] {processor.py:925} INFO - DAG(s) 'hello_airflow' retrieved from /opt/airflow/dags/hello_airflow.py
[2026-01-21T09:32:40.813+0000] {logging_mixin.py:190} INFO - [2026-01-21T09:32:40.813+0000] {dag.py:3239} INFO - Sync 1 DAGs
[2026-01-21T09:32:40.857+0000] {logging_mixin.py:190} INFO - [2026-01-21T09:32:40.857+0000] {dag.py:4180} INFO - Setting next_dagrun for hello_airflow to 2026-01-21 09:31:00+00:00, run_after=2026-01-21 09:32:00+00:00
[2026-01-21T09:32:40.882+0000] {processor.py:208} INFO - Processing /opt/airflow/dags/hello_airflow.py took 0.130 seconds
[2026-01-21T09:33:11.499+0000] {processor.py:186} INFO - Started process (PID=7422) to work on /opt/airflow/dags/hello_airflow.py
[2026-01-21T09:33:11.500+0000] {processor.py:914} INFO - Processing file /opt/airflow/dags/hello_airflow.py for tasks to queue
[2026-01-21T09:33:11.504+0000] {logging_mixin.py:190} INFO - [2026-01-21T09:33:11.503+0000] {dagbag.py:588} INFO - Filling up the DagBag from /opt/airflow/dags/hello_airflow.py
[2026-01-21T09:33:11.514+0000] {processor.py:925} INFO - DAG(s) 'hello_airflow' retrieved from /opt/airflow/dags/hello_airflow.py
[2026-01-21T09:33:11.533+0000] {logging_mixin.py:190} INFO - [2026-01-21T09:33:11.533+0000] {dag.py:3239} INFO - Sync 1 DAGs
[2026-01-21T09:33:11.559+0000] {logging_mixin.py:190} INFO - [2026-01-21T09:33:11.559+0000] {dag.py:4180} INFO - Setting next_dagrun for hello_airflow to 2026-01-21 09:32:00+00:00, run_after=2026-01-21 09:33:00+00:00
[2026-01-21T09:33:11.578+0000] {processor.py:208} INFO - Processing /opt/airflow/dags/hello_airflow.py took 0.088 seconds
[2026-01-21T09:33:41.662+0000] {processor.py:186} INFO - Started process (PID=7446) to work on /opt/airflow/dags/hello_airflow.py
[2026-01-21T09:33:41.664+0000] {processor.py:914} INFO - Processing file /opt/airflow/dags/hello_airflow.py for tasks to queue
[2026-01-21T09:33:41.668+0000] {logging_mixin.py:190} INFO - [2026-01-21T09:33:41.668+0000] {dagbag.py:588} INFO - Filling up the DagBag from /opt/airflow/dags/hello_airflow.py
[2026-01-21T09:33:41.686+0000] {processor.py:925} INFO - DAG(s) 'hello_airflow' retrieved from /opt/airflow/dags/hello_airflow.py
[2026-01-21T09:33:41.732+0000] {logging_mixin.py:190} INFO - [2026-01-21T09:33:41.731+0000] {dag.py:3239} INFO - Sync 1 DAGs
[2026-01-21T09:33:41.782+0000] {logging_mixin.py:190} INFO - [2026-01-21T09:33:41.782+0000] {dag.py:4180} INFO - Setting next_dagrun for hello_airflow to 2026-01-21 09:32:00+00:00, run_after=2026-01-21 09:33:00+00:00
[2026-01-21T09:33:41.805+0000] {processor.py:208} INFO - Processing /opt/airflow/dags/hello_airflow.py took 0.152 seconds
[2026-01-21T09:34:11.850+0000] {processor.py:186} INFO - Started process (PID=7469) to work on /opt/airflow/dags/hello_airflow.py
[2026-01-21T09:34:11.853+0000] {processor.py:914} INFO - Processing file /opt/airflow/dags/hello_airflow.py for tasks to queue
[2026-01-21T09:34:11.858+0000] {logging_mixin.py:190} INFO - [2026-01-21T09:34:11.857+0000] {dagbag.py:588} INFO - Filling up the DagBag from /opt/airflow/dags/hello_airflow.py
[2026-01-21T09:34:11.877+0000] {processor.py:925} INFO - DAG(s) 'hello_airflow' retrieved from /opt/airflow/dags/hello_airflow.py
[2026-01-21T09:34:11.920+0000] {logging_mixin.py:190} INFO - [2026-01-21T09:34:11.919+0000] {dag.py:3239} INFO - Sync 1 DAGs
[2026-01-21T09:34:11.982+0000] {logging_mixin.py:190} INFO - [2026-01-21T09:34:11.981+0000] {dag.py:4180} INFO - Setting next_dagrun for hello_airflow to 2026-01-21 09:33:00+00:00, run_after=2026-01-21 09:34:00+00:00
[2026-01-21T09:34:12.017+0000] {processor.py:208} INFO - Processing /opt/airflow/dags/hello_airflow.py took 0.181 seconds
[2026-01-21T09:34:43.012+0000] {processor.py:186} INFO - Started process (PID=7494) to work on /opt/airflow/dags/hello_airflow.py
[2026-01-21T09:34:43.014+0000] {processor.py:914} INFO - Processing file /opt/airflow/dags/hello_airflow.py for tasks to queue
[2026-01-21T09:34:43.018+0000] {logging_mixin.py:190} INFO - [2026-01-21T09:34:43.017+0000] {dagbag.py:588} INFO - Filling up the DagBag from /opt/airflow/dags/hello_airflow.py
[2026-01-21T09:34:43.033+0000] {processor.py:925} INFO - DAG(s) 'hello_airflow' retrieved from /opt/airflow/dags/hello_airflow.py
[2026-01-21T09:34:43.070+0000] {logging_mixin.py:190} INFO - [2026-01-21T09:34:43.069+0000] {dag.py:3239} INFO - Sync 1 DAGs
[2026-01-21T09:34:43.114+0000] {logging_mixin.py:190} INFO - [2026-01-21T09:34:43.114+0000] {dag.py:4180} INFO - Setting next_dagrun for hello_airflow to 2026-01-21 09:33:00+00:00, run_after=2026-01-21 09:34:00+00:00
[2026-01-21T09:34:43.137+0000] {processor.py:208} INFO - Processing /opt/airflow/dags/hello_airflow.py took 0.138 seconds
[2026-01-21T09:35:14.006+0000] {processor.py:186} INFO - Started process (PID=7518) to work on /opt/airflow/dags/hello_airflow.py
[2026-01-21T09:35:14.007+0000] {processor.py:914} INFO - Processing file /opt/airflow/dags/hello_airflow.py for tasks to queue
[2026-01-21T09:35:14.010+0000] {logging_mixin.py:190} INFO - [2026-01-21T09:35:14.009+0000] {dagbag.py:588} INFO - Filling up the DagBag from /opt/airflow/dags/hello_airflow.py
[2026-01-21T09:35:14.018+0000] {processor.py:925} INFO - DAG(s) 'hello_airflow' retrieved from /opt/airflow/dags/hello_airflow.py
[2026-01-21T09:35:14.042+0000] {logging_mixin.py:190} INFO - [2026-01-21T09:35:14.042+0000] {dag.py:3239} INFO - Sync 1 DAGs
[2026-01-21T09:35:14.069+0000] {logging_mixin.py:190} INFO - [2026-01-21T09:35:14.068+0000] {dag.py:4180} INFO - Setting next_dagrun for hello_airflow to 2026-01-21 09:34:00+00:00, run_after=2026-01-21 09:35:00+00:00
[2026-01-21T09:35:14.085+0000] {processor.py:208} INFO - Processing /opt/airflow/dags/hello_airflow.py took 0.086 seconds
[2026-01-21T09:35:44.969+0000] {processor.py:186} INFO - Started process (PID=7542) to work on /opt/airflow/dags/hello_airflow.py
[2026-01-21T09:35:44.970+0000] {processor.py:914} INFO - Processing file /opt/airflow/dags/hello_airflow.py for tasks to queue
[2026-01-21T09:35:44.974+0000] {logging_mixin.py:190} INFO - [2026-01-21T09:35:44.973+0000] {dagbag.py:588} INFO - Filling up the DagBag from /opt/airflow/dags/hello_airflow.py
[2026-01-21T09:35:44.983+0000] {processor.py:925} INFO - DAG(s) 'hello_airflow' retrieved from /opt/airflow/dags/hello_airflow.py
[2026-01-21T09:35:45.013+0000] {logging_mixin.py:190} INFO - [2026-01-21T09:35:45.012+0000] {dag.py:3239} INFO - Sync 1 DAGs
[2026-01-21T09:35:45.037+0000] {logging_mixin.py:190} INFO - [2026-01-21T09:35:45.037+0000] {dag.py:4180} INFO - Setting next_dagrun for hello_airflow to 2026-01-21 09:34:00+00:00, run_after=2026-01-21 09:35:00+00:00
[2026-01-21T09:35:45.059+0000] {processor.py:208} INFO - Processing /opt/airflow/dags/hello_airflow.py took 0.101 seconds
[2026-01-21T09:36:15.781+0000] {processor.py:186} INFO - Started process (PID=7566) to work on /opt/airflow/dags/hello_airflow.py
[2026-01-21T09:36:15.783+0000] {processor.py:914} INFO - Processing file /opt/airflow/dags/hello_airflow.py for tasks to queue
[2026-01-21T09:36:15.786+0000] {logging_mixin.py:190} INFO - [2026-01-21T09:36:15.785+0000] {dagbag.py:588} INFO - Filling up the DagBag from /opt/airflow/dags/hello_airflow.py
[2026-01-21T09:36:15.796+0000] {processor.py:925} INFO - DAG(s) 'hello_airflow' retrieved from /opt/airflow/dags/hello_airflow.py
[2026-01-21T09:36:15.818+0000] {logging_mixin.py:190} INFO - [2026-01-21T09:36:15.818+0000] {dag.py:3239} INFO - Sync 1 DAGs
[2026-01-21T09:36:15.896+0000] {logging_mixin.py:190} INFO - [2026-01-21T09:36:15.896+0000] {dag.py:4180} INFO - Setting next_dagrun for hello_airflow to 2026-01-21 09:35:00+00:00, run_after=2026-01-21 09:36:00+00:00
[2026-01-21T09:36:15.920+0000] {processor.py:208} INFO - Processing /opt/airflow/dags/hello_airflow.py took 0.145 seconds
[2026-01-21T09:36:46.376+0000] {processor.py:186} INFO - Started process (PID=7590) to work on /opt/airflow/dags/hello_airflow.py
[2026-01-21T09:36:46.376+0000] {processor.py:914} INFO - Processing file /opt/airflow/dags/hello_airflow.py for tasks to queue
[2026-01-21T09:36:46.379+0000] {logging_mixin.py:190} INFO - [2026-01-21T09:36:46.379+0000] {dagbag.py:588} INFO - Filling up the DagBag from /opt/airflow/dags/hello_airflow.py
[2026-01-21T09:36:46.387+0000] {processor.py:925} INFO - DAG(s) 'hello_airflow' retrieved from /opt/airflow/dags/hello_airflow.py
[2026-01-21T09:36:46.409+0000] {logging_mixin.py:190} INFO - [2026-01-21T09:36:46.408+0000] {dag.py:3239} INFO - Sync 1 DAGs
[2026-01-21T09:36:46.432+0000] {logging_mixin.py:190} INFO - [2026-01-21T09:36:46.432+0000] {dag.py:4180} INFO - Setting next_dagrun for hello_airflow to 2026-01-21 09:35:00+00:00, run_after=2026-01-21 09:36:00+00:00
[2026-01-21T09:36:46.452+0000] {processor.py:208} INFO - Processing /opt/airflow/dags/hello_airflow.py took 0.082 seconds
[2026-01-21T09:37:17.017+0000] {processor.py:186} INFO - Started process (PID=7614) to work on /opt/airflow/dags/hello_airflow.py
[2026-01-21T09:37:17.019+0000] {processor.py:914} INFO - Processing file /opt/airflow/dags/hello_airflow.py for tasks to queue
[2026-01-21T09:37:17.022+0000] {logging_mixin.py:190} INFO - [2026-01-21T09:37:17.022+0000] {dagbag.py:588} INFO - Filling up the DagBag from /opt/airflow/dags/hello_airflow.py
[2026-01-21T09:37:17.032+0000] {processor.py:925} INFO - DAG(s) 'hello_airflow' retrieved from /opt/airflow/dags/hello_airflow.py
[2026-01-21T09:37:17.057+0000] {logging_mixin.py:190} INFO - [2026-01-21T09:37:17.057+0000] {dag.py:3239} INFO - Sync 1 DAGs
[2026-01-21T09:37:17.087+0000] {logging_mixin.py:190} INFO - [2026-01-21T09:37:17.087+0000] {dag.py:4180} INFO - Setting next_dagrun for hello_airflow to 2026-01-21 09:36:00+00:00, run_after=2026-01-21 09:37:00+00:00
[2026-01-21T09:37:17.114+0000] {processor.py:208} INFO - Processing /opt/airflow/dags/hello_airflow.py took 0.106 seconds
[2026-01-21T09:37:47.909+0000] {processor.py:186} INFO - Started process (PID=7638) to work on /opt/airflow/dags/hello_airflow.py
[2026-01-21T09:37:47.910+0000] {processor.py:914} INFO - Processing file /opt/airflow/dags/hello_airflow.py for tasks to queue
[2026-01-21T09:37:47.914+0000] {logging_mixin.py:190} INFO - [2026-01-21T09:37:47.913+0000] {dagbag.py:588} INFO - Filling up the DagBag from /opt/airflow/dags/hello_airflow.py
[2026-01-21T09:37:47.925+0000] {processor.py:925} INFO - DAG(s) 'hello_airflow' retrieved from /opt/airflow/dags/hello_airflow.py
[2026-01-21T09:37:47.944+0000] {logging_mixin.py:190} INFO - [2026-01-21T09:37:47.943+0000] {dag.py:3239} INFO - Sync 1 DAGs
[2026-01-21T09:37:47.970+0000] {logging_mixin.py:190} INFO - [2026-01-21T09:37:47.970+0000] {dag.py:4180} INFO - Setting next_dagrun for hello_airflow to 2026-01-21 09:36:00+00:00, run_after=2026-01-21 09:37:00+00:00
[2026-01-21T09:37:47.995+0000] {processor.py:208} INFO - Processing /opt/airflow/dags/hello_airflow.py took 0.093 seconds
[2026-01-21T09:38:18.790+0000] {processor.py:186} INFO - Started process (PID=7662) to work on /opt/airflow/dags/hello_airflow.py
[2026-01-21T09:38:18.792+0000] {processor.py:914} INFO - Processing file /opt/airflow/dags/hello_airflow.py for tasks to queue
[2026-01-21T09:38:18.796+0000] {logging_mixin.py:190} INFO - [2026-01-21T09:38:18.795+0000] {dagbag.py:588} INFO - Filling up the DagBag from /opt/airflow/dags/hello_airflow.py
[2026-01-21T09:38:18.811+0000] {processor.py:925} INFO - DAG(s) 'hello_airflow' retrieved from /opt/airflow/dags/hello_airflow.py
[2026-01-21T09:38:18.831+0000] {logging_mixin.py:190} INFO - [2026-01-21T09:38:18.831+0000] {dag.py:3239} INFO - Sync 1 DAGs
[2026-01-21T09:38:18.858+0000] {logging_mixin.py:190} INFO - [2026-01-21T09:38:18.858+0000] {dag.py:4180} INFO - Setting next_dagrun for hello_airflow to 2026-01-21 09:37:00+00:00, run_after=2026-01-21 09:38:00+00:00
[2026-01-21T09:38:18.873+0000] {processor.py:208} INFO - Processing /opt/airflow/dags/hello_airflow.py took 0.091 seconds
[2026-01-21T09:38:49.302+0000] {processor.py:186} INFO - Started process (PID=7686) to work on /opt/airflow/dags/hello_airflow.py
[2026-01-21T09:38:49.304+0000] {processor.py:914} INFO - Processing file /opt/airflow/dags/hello_airflow.py for tasks to queue
[2026-01-21T09:38:49.309+0000] {logging_mixin.py:190} INFO - [2026-01-21T09:38:49.308+0000] {dagbag.py:588} INFO - Filling up the DagBag from /opt/airflow/dags/hello_airflow.py
[2026-01-21T09:38:49.326+0000] {processor.py:925} INFO - DAG(s) 'hello_airflow' retrieved from /opt/airflow/dags/hello_airflow.py
[2026-01-21T09:38:49.350+0000] {logging_mixin.py:190} INFO - [2026-01-21T09:38:49.350+0000] {dag.py:3239} INFO - Sync 1 DAGs
[2026-01-21T09:38:49.383+0000] {logging_mixin.py:190} INFO - [2026-01-21T09:38:49.383+0000] {dag.py:4180} INFO - Setting next_dagrun for hello_airflow to 2026-01-21 09:37:00+00:00, run_after=2026-01-21 09:38:00+00:00
[2026-01-21T09:38:49.407+0000] {processor.py:208} INFO - Processing /opt/airflow/dags/hello_airflow.py took 0.120 seconds
[2026-01-21T09:39:19.678+0000] {processor.py:186} INFO - Started process (PID=7710) to work on /opt/airflow/dags/hello_airflow.py
[2026-01-21T09:39:19.679+0000] {processor.py:914} INFO - Processing file /opt/airflow/dags/hello_airflow.py for tasks to queue
[2026-01-21T09:39:19.681+0000] {logging_mixin.py:190} INFO - [2026-01-21T09:39:19.681+0000] {dagbag.py:588} INFO - Filling up the DagBag from /opt/airflow/dags/hello_airflow.py
[2026-01-21T09:39:19.690+0000] {processor.py:925} INFO - DAG(s) 'hello_airflow' retrieved from /opt/airflow/dags/hello_airflow.py
[2026-01-21T09:39:19.711+0000] {logging_mixin.py:190} INFO - [2026-01-21T09:39:19.711+0000] {dag.py:3239} INFO - Sync 1 DAGs
[2026-01-21T09:39:19.735+0000] {logging_mixin.py:190} INFO - [2026-01-21T09:39:19.735+0000] {dag.py:4180} INFO - Setting next_dagrun for hello_airflow to 2026-01-21 09:38:00+00:00, run_after=2026-01-21 09:39:00+00:00
[2026-01-21T09:39:19.766+0000] {processor.py:208} INFO - Processing /opt/airflow/dags/hello_airflow.py took 0.099 seconds
[2026-01-21T09:39:50.442+0000] {processor.py:186} INFO - Started process (PID=7734) to work on /opt/airflow/dags/hello_airflow.py
[2026-01-21T09:39:50.442+0000] {processor.py:914} INFO - Processing file /opt/airflow/dags/hello_airflow.py for tasks to queue
[2026-01-21T09:39:50.445+0000] {logging_mixin.py:190} INFO - [2026-01-21T09:39:50.444+0000] {dagbag.py:588} INFO - Filling up the DagBag from /opt/airflow/dags/hello_airflow.py
[2026-01-21T09:39:50.452+0000] {processor.py:925} INFO - DAG(s) 'hello_airflow' retrieved from /opt/airflow/dags/hello_airflow.py
[2026-01-21T09:39:50.471+0000] {logging_mixin.py:190} INFO - [2026-01-21T09:39:50.471+0000] {dag.py:3239} INFO - Sync 1 DAGs
[2026-01-21T09:39:50.496+0000] {logging_mixin.py:190} INFO - [2026-01-21T09:39:50.495+0000] {dag.py:4180} INFO - Setting next_dagrun for hello_airflow to 2026-01-21 09:38:00+00:00, run_after=2026-01-21 09:39:00+00:00
[2026-01-21T09:39:50.521+0000] {processor.py:208} INFO - Processing /opt/airflow/dags/hello_airflow.py took 0.085 seconds
[2026-01-21T09:40:20.896+0000] {processor.py:186} INFO - Started process (PID=7758) to work on /opt/airflow/dags/hello_airflow.py
[2026-01-21T09:40:20.897+0000] {processor.py:914} INFO - Processing file /opt/airflow/dags/hello_airflow.py for tasks to queue
[2026-01-21T09:40:20.902+0000] {logging_mixin.py:190} INFO - [2026-01-21T09:40:20.901+0000] {dagbag.py:588} INFO - Filling up the DagBag from /opt/airflow/dags/hello_airflow.py
[2026-01-21T09:40:20.916+0000] {processor.py:925} INFO - DAG(s) 'hello_airflow' retrieved from /opt/airflow/dags/hello_airflow.py
[2026-01-21T09:40:20.954+0000] {logging_mixin.py:190} INFO - [2026-01-21T09:40:20.953+0000] {dag.py:3239} INFO - Sync 1 DAGs
[2026-01-21T09:40:21.005+0000] {logging_mixin.py:190} INFO - [2026-01-21T09:40:21.004+0000] {dag.py:4180} INFO - Setting next_dagrun for hello_airflow to 2026-01-21 09:39:00+00:00, run_after=2026-01-21 09:40:00+00:00
[2026-01-21T09:40:21.032+0000] {processor.py:208} INFO - Processing /opt/airflow/dags/hello_airflow.py took 0.144 seconds
[2026-01-21T09:40:51.523+0000] {processor.py:186} INFO - Started process (PID=7782) to work on /opt/airflow/dags/hello_airflow.py
[2026-01-21T09:40:51.524+0000] {processor.py:914} INFO - Processing file /opt/airflow/dags/hello_airflow.py for tasks to queue
[2026-01-21T09:40:51.526+0000] {logging_mixin.py:190} INFO - [2026-01-21T09:40:51.526+0000] {dagbag.py:588} INFO - Filling up the DagBag from /opt/airflow/dags/hello_airflow.py
[2026-01-21T09:40:51.534+0000] {processor.py:925} INFO - DAG(s) 'hello_airflow' retrieved from /opt/airflow/dags/hello_airflow.py
[2026-01-21T09:40:51.558+0000] {logging_mixin.py:190} INFO - [2026-01-21T09:40:51.558+0000] {dag.py:3239} INFO - Sync 1 DAGs
[2026-01-21T09:40:51.588+0000] {logging_mixin.py:190} INFO - [2026-01-21T09:40:51.587+0000] {dag.py:4180} INFO - Setting next_dagrun for hello_airflow to 2026-01-21 09:39:00+00:00, run_after=2026-01-21 09:40:00+00:00
[2026-01-21T09:40:51.611+0000] {processor.py:208} INFO - Processing /opt/airflow/dags/hello_airflow.py took 0.093 seconds
[2026-01-21T09:41:22.256+0000] {processor.py:186} INFO - Started process (PID=7807) to work on /opt/airflow/dags/hello_airflow.py
[2026-01-21T09:41:22.257+0000] {processor.py:914} INFO - Processing file /opt/airflow/dags/hello_airflow.py for tasks to queue
[2026-01-21T09:41:22.260+0000] {logging_mixin.py:190} INFO - [2026-01-21T09:41:22.260+0000] {dagbag.py:588} INFO - Filling up the DagBag from /opt/airflow/dags/hello_airflow.py
[2026-01-21T09:41:22.271+0000] {processor.py:925} INFO - DAG(s) 'hello_airflow' retrieved from /opt/airflow/dags/hello_airflow.py
[2026-01-21T09:41:22.295+0000] {logging_mixin.py:190} INFO - [2026-01-21T09:41:22.295+0000] {dag.py:3239} INFO - Sync 1 DAGs
[2026-01-21T09:41:22.322+0000] {logging_mixin.py:190} INFO - [2026-01-21T09:41:22.322+0000] {dag.py:4180} INFO - Setting next_dagrun for hello_airflow to 2026-01-21 09:40:00+00:00, run_after=2026-01-21 09:41:00+00:00
[2026-01-21T09:41:22.338+0000] {processor.py:208} INFO - Processing /opt/airflow/dags/hello_airflow.py took 0.094 seconds
[2026-01-21T09:41:53.076+0000] {processor.py:186} INFO - Started process (PID=7831) to work on /opt/airflow/dags/hello_airflow.py
[2026-01-21T09:41:53.077+0000] {processor.py:914} INFO - Processing file /opt/airflow/dags/hello_airflow.py for tasks to queue
[2026-01-21T09:41:53.081+0000] {logging_mixin.py:190} INFO - [2026-01-21T09:41:53.080+0000] {dagbag.py:588} INFO - Filling up the DagBag from /opt/airflow/dags/hello_airflow.py
[2026-01-21T09:41:53.091+0000] {processor.py:925} INFO - DAG(s) 'hello_airflow' retrieved from /opt/airflow/dags/hello_airflow.py
[2026-01-21T09:41:53.110+0000] {logging_mixin.py:190} INFO - [2026-01-21T09:41:53.110+0000] {dag.py:3239} INFO - Sync 1 DAGs
[2026-01-21T09:41:53.137+0000] {logging_mixin.py:190} INFO - [2026-01-21T09:41:53.137+0000] {dag.py:4180} INFO - Setting next_dagrun for hello_airflow to 2026-01-21 09:40:00+00:00, run_after=2026-01-21 09:41:00+00:00
[2026-01-21T09:41:53.158+0000] {processor.py:208} INFO - Processing /opt/airflow/dags/hello_airflow.py took 0.092 seconds
[2026-01-21T09:42:23.534+0000] {processor.py:186} INFO - Started process (PID=7855) to work on /opt/airflow/dags/hello_airflow.py
[2026-01-21T09:42:23.536+0000] {processor.py:914} INFO - Processing file /opt/airflow/dags/hello_airflow.py for tasks to queue
[2026-01-21T09:42:23.539+0000] {logging_mixin.py:190} INFO - [2026-01-21T09:42:23.539+0000] {dagbag.py:588} INFO - Filling up the DagBag from /opt/airflow/dags/hello_airflow.py
[2026-01-21T09:42:23.551+0000] {processor.py:925} INFO - DAG(s) 'hello_airflow' retrieved from /opt/airflow/dags/hello_airflow.py
[2026-01-21T09:42:23.574+0000] {logging_mixin.py:190} INFO - [2026-01-21T09:42:23.574+0000] {dag.py:3239} INFO - Sync 1 DAGs
[2026-01-21T09:42:23.599+0000] {logging_mixin.py:190} INFO - [2026-01-21T09:42:23.599+0000] {dag.py:4180} INFO - Setting next_dagrun for hello_airflow to 2026-01-21 09:41:00+00:00, run_after=2026-01-21 09:42:00+00:00
[2026-01-21T09:42:23.618+0000] {processor.py:208} INFO - Processing /opt/airflow/dags/hello_airflow.py took 0.093 seconds
[2026-01-21T09:42:54.541+0000] {processor.py:186} INFO - Started process (PID=7878) to work on /opt/airflow/dags/hello_airflow.py
[2026-01-21T09:42:54.542+0000] {processor.py:914} INFO - Processing file /opt/airflow/dags/hello_airflow.py for tasks to queue
[2026-01-21T09:42:54.546+0000] {logging_mixin.py:190} INFO - [2026-01-21T09:42:54.545+0000] {dagbag.py:588} INFO - Filling up the DagBag from /opt/airflow/dags/hello_airflow.py
[2026-01-21T09:42:54.558+0000] {processor.py:925} INFO - DAG(s) 'hello_airflow' retrieved from /opt/airflow/dags/hello_airflow.py
[2026-01-21T09:42:54.577+0000] {logging_mixin.py:190} INFO - [2026-01-21T09:42:54.577+0000] {dag.py:3239} INFO - Sync 1 DAGs
[2026-01-21T09:42:54.602+0000] {logging_mixin.py:190} INFO - [2026-01-21T09:42:54.602+0000] {dag.py:4180} INFO - Setting next_dagrun for hello_airflow to 2026-01-21 09:41:00+00:00, run_after=2026-01-21 09:42:00+00:00
[2026-01-21T09:42:54.625+0000] {processor.py:208} INFO - Processing /opt/airflow/dags/hello_airflow.py took 0.094 seconds
[2026-01-21T09:43:25.436+0000] {processor.py:186} INFO - Started process (PID=7901) to work on /opt/airflow/dags/hello_airflow.py
[2026-01-21T09:43:25.437+0000] {processor.py:914} INFO - Processing file /opt/airflow/dags/hello_airflow.py for tasks to queue
[2026-01-21T09:43:25.440+0000] {logging_mixin.py:190} INFO - [2026-01-21T09:43:25.440+0000] {dagbag.py:588} INFO - Filling up the DagBag from /opt/airflow/dags/hello_airflow.py
[2026-01-21T09:43:25.450+0000] {processor.py:925} INFO - DAG(s) 'hello_airflow' retrieved from /opt/airflow/dags/hello_airflow.py
[2026-01-21T09:43:25.478+0000] {logging_mixin.py:190} INFO - [2026-01-21T09:43:25.478+0000] {dag.py:3239} INFO - Sync 1 DAGs
[2026-01-21T09:43:25.535+0000] {logging_mixin.py:190} INFO - [2026-01-21T09:43:25.535+0000] {dag.py:4180} INFO - Setting next_dagrun for hello_airflow to 2026-01-21 09:42:00+00:00, run_after=2026-01-21 09:43:00+00:00
[2026-01-21T09:43:25.560+0000] {processor.py:208} INFO - Processing /opt/airflow/dags/hello_airflow.py took 0.133 seconds
[2026-01-21T09:43:56.349+0000] {processor.py:186} INFO - Started process (PID=7926) to work on /opt/airflow/dags/hello_airflow.py
[2026-01-21T09:43:56.351+0000] {processor.py:914} INFO - Processing file /opt/airflow/dags/hello_airflow.py for tasks to queue
[2026-01-21T09:43:56.361+0000] {logging_mixin.py:190} INFO - [2026-01-21T09:43:56.359+0000] {dagbag.py:588} INFO - Filling up the DagBag from /opt/airflow/dags/hello_airflow.py
[2026-01-21T09:43:56.391+0000] {processor.py:925} INFO - DAG(s) 'hello_airflow' retrieved from /opt/airflow/dags/hello_airflow.py
[2026-01-21T09:43:56.447+0000] {logging_mixin.py:190} INFO - [2026-01-21T09:43:56.446+0000] {dag.py:3239} INFO - Sync 1 DAGs
[2026-01-21T09:43:56.537+0000] {logging_mixin.py:190} INFO - [2026-01-21T09:43:56.536+0000] {dag.py:4180} INFO - Setting next_dagrun for hello_airflow to 2026-01-21 09:42:00+00:00, run_after=2026-01-21 09:43:00+00:00
[2026-01-21T09:43:56.587+0000] {processor.py:208} INFO - Processing /opt/airflow/dags/hello_airflow.py took 0.257 seconds
[2026-01-21T09:44:27.127+0000] {processor.py:186} INFO - Started process (PID=7950) to work on /opt/airflow/dags/hello_airflow.py
[2026-01-21T09:44:27.128+0000] {processor.py:914} INFO - Processing file /opt/airflow/dags/hello_airflow.py for tasks to queue
[2026-01-21T09:44:27.132+0000] {logging_mixin.py:190} INFO - [2026-01-21T09:44:27.132+0000] {dagbag.py:588} INFO - Filling up the DagBag from /opt/airflow/dags/hello_airflow.py
[2026-01-21T09:44:27.142+0000] {processor.py:925} INFO - DAG(s) 'hello_airflow' retrieved from /opt/airflow/dags/hello_airflow.py
[2026-01-21T09:44:27.162+0000] {logging_mixin.py:190} INFO - [2026-01-21T09:44:27.162+0000] {dag.py:3239} INFO - Sync 1 DAGs
[2026-01-21T09:44:27.190+0000] {logging_mixin.py:190} INFO - [2026-01-21T09:44:27.189+0000] {dag.py:4180} INFO - Setting next_dagrun for hello_airflow to 2026-01-21 09:43:00+00:00, run_after=2026-01-21 09:44:00+00:00
[2026-01-21T09:44:27.215+0000] {processor.py:208} INFO - Processing /opt/airflow/dags/hello_airflow.py took 0.098 seconds
[2026-01-21T09:44:57.823+0000] {processor.py:186} INFO - Started process (PID=7974) to work on /opt/airflow/dags/hello_airflow.py
[2026-01-21T09:44:57.825+0000] {processor.py:914} INFO - Processing file /opt/airflow/dags/hello_airflow.py for tasks to queue
[2026-01-21T09:44:57.828+0000] {logging_mixin.py:190} INFO - [2026-01-21T09:44:57.828+0000] {dagbag.py:588} INFO - Filling up the DagBag from /opt/airflow/dags/hello_airflow.py
[2026-01-21T09:44:57.842+0000] {processor.py:925} INFO - DAG(s) 'hello_airflow' retrieved from /opt/airflow/dags/hello_airflow.py
[2026-01-21T09:44:57.868+0000] {logging_mixin.py:190} INFO - [2026-01-21T09:44:57.868+0000] {dag.py:3239} INFO - Sync 1 DAGs
[2026-01-21T09:44:57.912+0000] {logging_mixin.py:190} INFO - [2026-01-21T09:44:57.911+0000] {dag.py:4180} INFO - Setting next_dagrun for hello_airflow to 2026-01-21 09:43:00+00:00, run_after=2026-01-21 09:44:00+00:00
[2026-01-21T09:44:57.955+0000] {processor.py:208} INFO - Processing /opt/airflow/dags/hello_airflow.py took 0.140 seconds
[2026-01-21T09:45:28.712+0000] {processor.py:186} INFO - Started process (PID=7998) to work on /opt/airflow/dags/hello_airflow.py
[2026-01-21T09:45:28.713+0000] {processor.py:914} INFO - Processing file /opt/airflow/dags/hello_airflow.py for tasks to queue
[2026-01-21T09:45:28.717+0000] {logging_mixin.py:190} INFO - [2026-01-21T09:45:28.717+0000] {dagbag.py:588} INFO - Filling up the DagBag from /opt/airflow/dags/hello_airflow.py
[2026-01-21T09:45:28.730+0000] {processor.py:925} INFO - DAG(s) 'hello_airflow' retrieved from /opt/airflow/dags/hello_airflow.py
[2026-01-21T09:45:28.755+0000] {logging_mixin.py:190} INFO - [2026-01-21T09:45:28.754+0000] {dag.py:3239} INFO - Sync 1 DAGs
[2026-01-21T09:45:28.782+0000] {logging_mixin.py:190} INFO - [2026-01-21T09:45:28.782+0000] {dag.py:4180} INFO - Setting next_dagrun for hello_airflow to 2026-01-21 09:44:00+00:00, run_after=2026-01-21 09:45:00+00:00
[2026-01-21T09:45:28.804+0000] {processor.py:208} INFO - Processing /opt/airflow/dags/hello_airflow.py took 0.103 seconds
[2026-01-21T09:45:59.174+0000] {processor.py:186} INFO - Started process (PID=8022) to work on /opt/airflow/dags/hello_airflow.py
[2026-01-21T09:45:59.175+0000] {processor.py:914} INFO - Processing file /opt/airflow/dags/hello_airflow.py for tasks to queue
[2026-01-21T09:45:59.178+0000] {logging_mixin.py:190} INFO - [2026-01-21T09:45:59.178+0000] {dagbag.py:588} INFO - Filling up the DagBag from /opt/airflow/dags/hello_airflow.py
[2026-01-21T09:45:59.192+0000] {processor.py:925} INFO - DAG(s) 'hello_airflow' retrieved from /opt/airflow/dags/hello_airflow.py
[2026-01-21T09:45:59.220+0000] {logging_mixin.py:190} INFO - [2026-01-21T09:45:59.220+0000] {dag.py:3239} INFO - Sync 1 DAGs
[2026-01-21T09:45:59.256+0000] {logging_mixin.py:190} INFO - [2026-01-21T09:45:59.256+0000] {dag.py:4180} INFO - Setting next_dagrun for hello_airflow to 2026-01-21 09:44:00+00:00, run_after=2026-01-21 09:45:00+00:00
[2026-01-21T09:45:59.275+0000] {processor.py:208} INFO - Processing /opt/airflow/dags/hello_airflow.py took 0.108 seconds
[2026-01-21T09:46:29.321+0000] {processor.py:186} INFO - Started process (PID=8046) to work on /opt/airflow/dags/hello_airflow.py
[2026-01-21T09:46:29.322+0000] {processor.py:914} INFO - Processing file /opt/airflow/dags/hello_airflow.py for tasks to queue
[2026-01-21T09:46:29.324+0000] {logging_mixin.py:190} INFO - [2026-01-21T09:46:29.324+0000] {dagbag.py:588} INFO - Filling up the DagBag from /opt/airflow/dags/hello_airflow.py
[2026-01-21T09:46:29.334+0000] {processor.py:925} INFO - DAG(s) 'hello_airflow' retrieved from /opt/airflow/dags/hello_airflow.py
[2026-01-21T09:46:29.355+0000] {logging_mixin.py:190} INFO - [2026-01-21T09:46:29.355+0000] {dag.py:3239} INFO - Sync 1 DAGs
[2026-01-21T09:46:29.384+0000] {logging_mixin.py:190} INFO - [2026-01-21T09:46:29.383+0000] {dag.py:4180} INFO - Setting next_dagrun for hello_airflow to 2026-01-21 09:45:00+00:00, run_after=2026-01-21 09:46:00+00:00
[2026-01-21T09:46:29.401+0000] {processor.py:208} INFO - Processing /opt/airflow/dags/hello_airflow.py took 0.088 seconds
[2026-01-21T09:46:59.557+0000] {processor.py:186} INFO - Started process (PID=8070) to work on /opt/airflow/dags/hello_airflow.py
[2026-01-21T09:46:59.565+0000] {processor.py:914} INFO - Processing file /opt/airflow/dags/hello_airflow.py for tasks to queue
[2026-01-21T09:46:59.569+0000] {logging_mixin.py:190} INFO - [2026-01-21T09:46:59.569+0000] {dagbag.py:588} INFO - Filling up the DagBag from /opt/airflow/dags/hello_airflow.py
[2026-01-21T09:46:59.588+0000] {processor.py:925} INFO - DAG(s) 'hello_airflow' retrieved from /opt/airflow/dags/hello_airflow.py
[2026-01-21T09:46:59.657+0000] {logging_mixin.py:190} INFO - [2026-01-21T09:46:59.656+0000] {dag.py:3239} INFO - Sync 1 DAGs
[2026-01-21T09:46:59.738+0000] {logging_mixin.py:190} INFO - [2026-01-21T09:46:59.738+0000] {dag.py:4180} INFO - Setting next_dagrun for hello_airflow to 2026-01-21 09:45:00+00:00, run_after=2026-01-21 09:46:00+00:00
[2026-01-21T09:46:59.811+0000] {processor.py:208} INFO - Processing /opt/airflow/dags/hello_airflow.py took 0.270 seconds
[2026-01-21T09:47:30.290+0000] {processor.py:186} INFO - Started process (PID=8094) to work on /opt/airflow/dags/hello_airflow.py
[2026-01-21T09:47:30.292+0000] {processor.py:914} INFO - Processing file /opt/airflow/dags/hello_airflow.py for tasks to queue
[2026-01-21T09:47:30.295+0000] {logging_mixin.py:190} INFO - [2026-01-21T09:47:30.294+0000] {dagbag.py:588} INFO - Filling up the DagBag from /opt/airflow/dags/hello_airflow.py
[2026-01-21T09:47:30.307+0000] {processor.py:925} INFO - DAG(s) 'hello_airflow' retrieved from /opt/airflow/dags/hello_airflow.py
[2026-01-21T09:47:30.336+0000] {logging_mixin.py:190} INFO - [2026-01-21T09:47:30.336+0000] {dag.py:3239} INFO - Sync 1 DAGs
[2026-01-21T09:47:30.378+0000] {logging_mixin.py:190} INFO - [2026-01-21T09:47:30.378+0000] {dag.py:4180} INFO - Setting next_dagrun for hello_airflow to 2026-01-21 09:46:00+00:00, run_after=2026-01-21 09:47:00+00:00
[2026-01-21T09:47:30.402+0000] {processor.py:208} INFO - Processing /opt/airflow/dags/hello_airflow.py took 0.122 seconds
[2026-01-21T09:48:01.298+0000] {processor.py:186} INFO - Started process (PID=8118) to work on /opt/airflow/dags/hello_airflow.py
[2026-01-21T09:48:01.299+0000] {processor.py:914} INFO - Processing file /opt/airflow/dags/hello_airflow.py for tasks to queue
[2026-01-21T09:48:01.302+0000] {logging_mixin.py:190} INFO - [2026-01-21T09:48:01.302+0000] {dagbag.py:588} INFO - Filling up the DagBag from /opt/airflow/dags/hello_airflow.py
[2026-01-21T09:48:01.313+0000] {processor.py:925} INFO - DAG(s) 'hello_airflow' retrieved from /opt/airflow/dags/hello_airflow.py
[2026-01-21T09:48:01.338+0000] {logging_mixin.py:190} INFO - [2026-01-21T09:48:01.338+0000] {dag.py:3239} INFO - Sync 1 DAGs
[2026-01-21T09:48:01.365+0000] {logging_mixin.py:190} INFO - [2026-01-21T09:48:01.365+0000] {dag.py:4180} INFO - Setting next_dagrun for hello_airflow to 2026-01-21 09:47:00+00:00, run_after=2026-01-21 09:48:00+00:00
[2026-01-21T09:48:01.384+0000] {processor.py:208} INFO - Processing /opt/airflow/dags/hello_airflow.py took 0.098 seconds
[2026-01-21T09:48:31.493+0000] {processor.py:186} INFO - Started process (PID=8142) to work on /opt/airflow/dags/hello_airflow.py
[2026-01-21T09:48:31.494+0000] {processor.py:914} INFO - Processing file /opt/airflow/dags/hello_airflow.py for tasks to queue
[2026-01-21T09:48:31.496+0000] {logging_mixin.py:190} INFO - [2026-01-21T09:48:31.496+0000] {dagbag.py:588} INFO - Filling up the DagBag from /opt/airflow/dags/hello_airflow.py
[2026-01-21T09:48:31.506+0000] {processor.py:925} INFO - DAG(s) 'hello_airflow' retrieved from /opt/airflow/dags/hello_airflow.py
[2026-01-21T09:48:31.542+0000] {logging_mixin.py:190} INFO - [2026-01-21T09:48:31.542+0000] {dag.py:3239} INFO - Sync 1 DAGs
[2026-01-21T09:48:31.580+0000] {logging_mixin.py:190} INFO - [2026-01-21T09:48:31.579+0000] {dag.py:4180} INFO - Setting next_dagrun for hello_airflow to 2026-01-21 09:47:00+00:00, run_after=2026-01-21 09:48:00+00:00
[2026-01-21T09:48:31.601+0000] {processor.py:208} INFO - Processing /opt/airflow/dags/hello_airflow.py took 0.114 seconds
[2026-01-21T09:49:02.527+0000] {processor.py:186} INFO - Started process (PID=8166) to work on /opt/airflow/dags/hello_airflow.py
[2026-01-21T09:49:02.528+0000] {processor.py:914} INFO - Processing file /opt/airflow/dags/hello_airflow.py for tasks to queue
[2026-01-21T09:49:02.531+0000] {logging_mixin.py:190} INFO - [2026-01-21T09:49:02.531+0000] {dagbag.py:588} INFO - Filling up the DagBag from /opt/airflow/dags/hello_airflow.py
[2026-01-21T09:49:02.544+0000] {processor.py:925} INFO - DAG(s) 'hello_airflow' retrieved from /opt/airflow/dags/hello_airflow.py
[2026-01-21T09:49:02.570+0000] {logging_mixin.py:190} INFO - [2026-01-21T09:49:02.570+0000] {dag.py:3239} INFO - Sync 1 DAGs
[2026-01-21T09:49:02.605+0000] {logging_mixin.py:190} INFO - [2026-01-21T09:49:02.605+0000] {dag.py:4180} INFO - Setting next_dagrun for hello_airflow to 2026-01-21 09:48:00+00:00, run_after=2026-01-21 09:49:00+00:00
[2026-01-21T09:49:02.633+0000] {processor.py:208} INFO - Processing /opt/airflow/dags/hello_airflow.py took 0.114 seconds
[2026-01-21T09:49:33.541+0000] {processor.py:186} INFO - Started process (PID=8190) to work on /opt/airflow/dags/hello_airflow.py
[2026-01-21T09:49:33.545+0000] {processor.py:914} INFO - Processing file /opt/airflow/dags/hello_airflow.py for tasks to queue
[2026-01-21T09:49:33.548+0000] {logging_mixin.py:190} INFO - [2026-01-21T09:49:33.547+0000] {dagbag.py:588} INFO - Filling up the DagBag from /opt/airflow/dags/hello_airflow.py
[2026-01-21T09:49:33.557+0000] {processor.py:925} INFO - DAG(s) 'hello_airflow' retrieved from /opt/airflow/dags/hello_airflow.py
[2026-01-21T09:49:33.580+0000] {logging_mixin.py:190} INFO - [2026-01-21T09:49:33.580+0000] {dag.py:3239} INFO - Sync 1 DAGs
[2026-01-21T09:49:33.609+0000] {logging_mixin.py:190} INFO - [2026-01-21T09:49:33.609+0000] {dag.py:4180} INFO - Setting next_dagrun for hello_airflow to 2026-01-21 09:48:00+00:00, run_after=2026-01-21 09:49:00+00:00
[2026-01-21T09:49:33.628+0000] {processor.py:208} INFO - Processing /opt/airflow/dags/hello_airflow.py took 0.094 seconds
[2026-01-21T09:50:04.268+0000] {processor.py:186} INFO - Started process (PID=8214) to work on /opt/airflow/dags/hello_airflow.py
[2026-01-21T09:50:04.270+0000] {processor.py:914} INFO - Processing file /opt/airflow/dags/hello_airflow.py for tasks to queue
[2026-01-21T09:50:04.275+0000] {logging_mixin.py:190} INFO - [2026-01-21T09:50:04.274+0000] {dagbag.py:588} INFO - Filling up the DagBag from /opt/airflow/dags/hello_airflow.py
[2026-01-21T09:50:04.296+0000] {processor.py:925} INFO - DAG(s) 'hello_airflow' retrieved from /opt/airflow/dags/hello_airflow.py
[2026-01-21T09:50:04.327+0000] {logging_mixin.py:190} INFO - [2026-01-21T09:50:04.326+0000] {dag.py:3239} INFO - Sync 1 DAGs
[2026-01-21T09:50:04.373+0000] {logging_mixin.py:190} INFO - [2026-01-21T09:50:04.372+0000] {dag.py:4180} INFO - Setting next_dagrun for hello_airflow to 2026-01-21 09:49:00+00:00, run_after=2026-01-21 09:50:00+00:00
[2026-01-21T09:50:04.394+0000] {processor.py:208} INFO - Processing /opt/airflow/dags/hello_airflow.py took 0.137 seconds
[2026-01-21T09:50:34.643+0000] {processor.py:186} INFO - Started process (PID=8237) to work on /opt/airflow/dags/hello_airflow.py
[2026-01-21T09:50:34.646+0000] {processor.py:914} INFO - Processing file /opt/airflow/dags/hello_airflow.py for tasks to queue
[2026-01-21T09:50:34.652+0000] {logging_mixin.py:190} INFO - [2026-01-21T09:50:34.652+0000] {dagbag.py:588} INFO - Filling up the DagBag from /opt/airflow/dags/hello_airflow.py
[2026-01-21T09:50:34.676+0000] {processor.py:925} INFO - DAG(s) 'hello_airflow' retrieved from /opt/airflow/dags/hello_airflow.py
[2026-01-21T09:50:34.736+0000] {logging_mixin.py:190} INFO - [2026-01-21T09:50:34.735+0000] {dag.py:3239} INFO - Sync 1 DAGs
[2026-01-21T09:50:34.804+0000] {logging_mixin.py:190} INFO - [2026-01-21T09:50:34.804+0000] {dag.py:4180} INFO - Setting next_dagrun for hello_airflow to 2026-01-21 09:49:00+00:00, run_after=2026-01-21 09:50:00+00:00
[2026-01-21T09:50:34.884+0000] {processor.py:208} INFO - Processing /opt/airflow/dags/hello_airflow.py took 0.255 seconds
[2026-01-21T09:51:05.469+0000] {processor.py:186} INFO - Started process (PID=8261) to work on /opt/airflow/dags/hello_airflow.py
[2026-01-21T09:51:05.471+0000] {processor.py:914} INFO - Processing file /opt/airflow/dags/hello_airflow.py for tasks to queue
[2026-01-21T09:51:05.479+0000] {logging_mixin.py:190} INFO - [2026-01-21T09:51:05.475+0000] {dagbag.py:588} INFO - Filling up the DagBag from /opt/airflow/dags/hello_airflow.py
[2026-01-21T09:51:05.512+0000] {processor.py:925} INFO - DAG(s) 'hello_airflow' retrieved from /opt/airflow/dags/hello_airflow.py
[2026-01-21T09:51:05.566+0000] {logging_mixin.py:190} INFO - [2026-01-21T09:51:05.566+0000] {dag.py:3239} INFO - Sync 1 DAGs
[2026-01-21T09:51:05.652+0000] {logging_mixin.py:190} INFO - [2026-01-21T09:51:05.652+0000] {dag.py:4180} INFO - Setting next_dagrun for hello_airflow to 2026-01-21 09:50:00+00:00, run_after=2026-01-21 09:51:00+00:00
[2026-01-21T09:51:05.697+0000] {processor.py:208} INFO - Processing /opt/airflow/dags/hello_airflow.py took 0.244 seconds
[2026-01-21T09:51:36.470+0000] {processor.py:186} INFO - Started process (PID=8285) to work on /opt/airflow/dags/hello_airflow.py
[2026-01-21T09:51:36.472+0000] {processor.py:914} INFO - Processing file /opt/airflow/dags/hello_airflow.py for tasks to queue
[2026-01-21T09:51:36.475+0000] {logging_mixin.py:190} INFO - [2026-01-21T09:51:36.475+0000] {dagbag.py:588} INFO - Filling up the DagBag from /opt/airflow/dags/hello_airflow.py
[2026-01-21T09:51:36.497+0000] {processor.py:925} INFO - DAG(s) 'hello_airflow' retrieved from /opt/airflow/dags/hello_airflow.py
[2026-01-21T09:51:36.548+0000] {logging_mixin.py:190} INFO - [2026-01-21T09:51:36.547+0000] {dag.py:3239} INFO - Sync 1 DAGs
[2026-01-21T09:51:36.609+0000] {logging_mixin.py:190} INFO - [2026-01-21T09:51:36.609+0000] {dag.py:4180} INFO - Setting next_dagrun for hello_airflow to 2026-01-21 09:50:00+00:00, run_after=2026-01-21 09:51:00+00:00
[2026-01-21T09:51:36.684+0000] {processor.py:208} INFO - Processing /opt/airflow/dags/hello_airflow.py took 0.225 seconds
[2026-01-21T09:52:07.342+0000] {processor.py:186} INFO - Started process (PID=8309) to work on /opt/airflow/dags/hello_airflow.py
[2026-01-21T09:52:07.383+0000] {processor.py:914} INFO - Processing file /opt/airflow/dags/hello_airflow.py for tasks to queue
[2026-01-21T09:52:07.387+0000] {logging_mixin.py:190} INFO - [2026-01-21T09:52:07.386+0000] {dagbag.py:588} INFO - Filling up the DagBag from /opt/airflow/dags/hello_airflow.py
[2026-01-21T09:52:07.403+0000] {processor.py:925} INFO - DAG(s) 'hello_airflow' retrieved from /opt/airflow/dags/hello_airflow.py
[2026-01-21T09:52:07.453+0000] {logging_mixin.py:190} INFO - [2026-01-21T09:52:07.453+0000] {dag.py:3239} INFO - Sync 1 DAGs
[2026-01-21T09:52:07.503+0000] {logging_mixin.py:190} INFO - [2026-01-21T09:52:07.502+0000] {dag.py:4180} INFO - Setting next_dagrun for hello_airflow to 2026-01-21 09:51:00+00:00, run_after=2026-01-21 09:52:00+00:00
[2026-01-21T09:52:07.525+0000] {processor.py:208} INFO - Processing /opt/airflow/dags/hello_airflow.py took 0.193 seconds
[2026-01-21T09:52:37.812+0000] {processor.py:186} INFO - Started process (PID=8333) to work on /opt/airflow/dags/hello_airflow.py
[2026-01-21T09:52:37.814+0000] {processor.py:914} INFO - Processing file /opt/airflow/dags/hello_airflow.py for tasks to queue
[2026-01-21T09:52:37.823+0000] {logging_mixin.py:190} INFO - [2026-01-21T09:52:37.822+0000] {dagbag.py:588} INFO - Filling up the DagBag from /opt/airflow/dags/hello_airflow.py
[2026-01-21T09:52:37.843+0000] {processor.py:925} INFO - DAG(s) 'hello_airflow' retrieved from /opt/airflow/dags/hello_airflow.py
[2026-01-21T09:52:37.888+0000] {logging_mixin.py:190} INFO - [2026-01-21T09:52:37.888+0000] {dag.py:3239} INFO - Sync 1 DAGs
[2026-01-21T09:52:37.937+0000] {logging_mixin.py:190} INFO - [2026-01-21T09:52:37.937+0000] {dag.py:4180} INFO - Setting next_dagrun for hello_airflow to 2026-01-21 09:51:00+00:00, run_after=2026-01-21 09:52:00+00:00
[2026-01-21T09:52:38.014+0000] {processor.py:208} INFO - Processing /opt/airflow/dags/hello_airflow.py took 0.216 seconds
[2026-01-21T09:53:09.272+0000] {processor.py:186} INFO - Started process (PID=8357) to work on /opt/airflow/dags/hello_airflow.py
[2026-01-21T09:53:09.275+0000] {processor.py:914} INFO - Processing file /opt/airflow/dags/hello_airflow.py for tasks to queue
[2026-01-21T09:53:09.280+0000] {logging_mixin.py:190} INFO - [2026-01-21T09:53:09.279+0000] {dagbag.py:588} INFO - Filling up the DagBag from /opt/airflow/dags/hello_airflow.py
[2026-01-21T09:53:09.310+0000] {processor.py:925} INFO - DAG(s) 'hello_airflow' retrieved from /opt/airflow/dags/hello_airflow.py
[2026-01-21T09:53:09.392+0000] {logging_mixin.py:190} INFO - [2026-01-21T09:53:09.391+0000] {dag.py:3239} INFO - Sync 1 DAGs
[2026-01-21T09:53:09.491+0000] {logging_mixin.py:190} INFO - [2026-01-21T09:53:09.491+0000] {dag.py:4180} INFO - Setting next_dagrun for hello_airflow to 2026-01-21 09:52:00+00:00, run_after=2026-01-21 09:53:00+00:00
[2026-01-21T09:53:09.549+0000] {processor.py:208} INFO - Processing /opt/airflow/dags/hello_airflow.py took 0.294 seconds
[2026-01-21T09:53:41.359+0000] {processor.py:186} INFO - Started process (PID=8381) to work on /opt/airflow/dags/hello_airflow.py
[2026-01-21T09:53:41.362+0000] {processor.py:914} INFO - Processing file /opt/airflow/dags/hello_airflow.py for tasks to queue
[2026-01-21T09:53:41.366+0000] {logging_mixin.py:190} INFO - [2026-01-21T09:53:41.365+0000] {dagbag.py:588} INFO - Filling up the DagBag from /opt/airflow/dags/hello_airflow.py
[2026-01-21T09:53:41.392+0000] {processor.py:925} INFO - DAG(s) 'hello_airflow' retrieved from /opt/airflow/dags/hello_airflow.py
[2026-01-21T09:53:41.449+0000] {logging_mixin.py:190} INFO - [2026-01-21T09:53:41.449+0000] {dag.py:3239} INFO - Sync 1 DAGs
[2026-01-21T09:53:41.552+0000] {logging_mixin.py:190} INFO - [2026-01-21T09:53:41.552+0000] {dag.py:4180} INFO - Setting next_dagrun for hello_airflow to 2026-01-21 09:52:00+00:00, run_after=2026-01-21 09:53:00+00:00
[2026-01-21T09:53:41.665+0000] {processor.py:208} INFO - Processing /opt/airflow/dags/hello_airflow.py took 0.320 seconds
[2026-01-21T09:54:11.768+0000] {processor.py:186} INFO - Started process (PID=8403) to work on /opt/airflow/dags/hello_airflow.py
[2026-01-21T09:54:11.770+0000] {processor.py:914} INFO - Processing file /opt/airflow/dags/hello_airflow.py for tasks to queue
[2026-01-21T09:54:11.775+0000] {logging_mixin.py:190} INFO - [2026-01-21T09:54:11.774+0000] {dagbag.py:588} INFO - Filling up the DagBag from /opt/airflow/dags/hello_airflow.py
[2026-01-21T09:54:11.788+0000] {processor.py:925} INFO - DAG(s) 'hello_airflow' retrieved from /opt/airflow/dags/hello_airflow.py
[2026-01-21T09:54:11.827+0000] {logging_mixin.py:190} INFO - [2026-01-21T09:54:11.826+0000] {dag.py:3239} INFO - Sync 1 DAGs
[2026-01-21T09:54:11.878+0000] {logging_mixin.py:190} INFO - [2026-01-21T09:54:11.877+0000] {dag.py:4180} INFO - Setting next_dagrun for hello_airflow to 2026-01-21 09:53:00+00:00, run_after=2026-01-21 09:54:00+00:00
[2026-01-21T09:54:11.952+0000] {processor.py:208} INFO - Processing /opt/airflow/dags/hello_airflow.py took 0.193 seconds
[2026-01-21T09:54:43.371+0000] {processor.py:186} INFO - Started process (PID=8436) to work on /opt/airflow/dags/hello_airflow.py
[2026-01-21T09:54:43.373+0000] {processor.py:914} INFO - Processing file /opt/airflow/dags/hello_airflow.py for tasks to queue
[2026-01-21T09:54:43.381+0000] {logging_mixin.py:190} INFO - [2026-01-21T09:54:43.379+0000] {dagbag.py:588} INFO - Filling up the DagBag from /opt/airflow/dags/hello_airflow.py
[2026-01-21T09:54:43.486+0000] {processor.py:925} INFO - DAG(s) 'hello_airflow' retrieved from /opt/airflow/dags/hello_airflow.py
[2026-01-21T09:54:43.635+0000] {logging_mixin.py:190} INFO - [2026-01-21T09:54:43.635+0000] {dag.py:3239} INFO - Sync 1 DAGs
[2026-01-21T09:54:43.811+0000] {logging_mixin.py:190} INFO - [2026-01-21T09:54:43.810+0000] {dag.py:4180} INFO - Setting next_dagrun for hello_airflow to 2026-01-21 09:53:00+00:00, run_after=2026-01-21 09:54:00+00:00
[2026-01-21T09:54:43.973+0000] {processor.py:208} INFO - Processing /opt/airflow/dags/hello_airflow.py took 0.650 seconds
[2026-01-21T09:55:14.571+0000] {processor.py:186} INFO - Started process (PID=8458) to work on /opt/airflow/dags/hello_airflow.py
[2026-01-21T09:55:14.572+0000] {processor.py:914} INFO - Processing file /opt/airflow/dags/hello_airflow.py for tasks to queue
[2026-01-21T09:55:14.575+0000] {logging_mixin.py:190} INFO - [2026-01-21T09:55:14.575+0000] {dagbag.py:588} INFO - Filling up the DagBag from /opt/airflow/dags/hello_airflow.py
[2026-01-21T09:55:14.590+0000] {processor.py:925} INFO - DAG(s) 'hello_airflow' retrieved from /opt/airflow/dags/hello_airflow.py
[2026-01-21T09:55:14.624+0000] {logging_mixin.py:190} INFO - [2026-01-21T09:55:14.624+0000] {dag.py:3239} INFO - Sync 1 DAGs
[2026-01-21T09:55:14.658+0000] {logging_mixin.py:190} INFO - [2026-01-21T09:55:14.658+0000] {dag.py:4180} INFO - Setting next_dagrun for hello_airflow to 2026-01-21 09:54:00+00:00, run_after=2026-01-21 09:55:00+00:00
[2026-01-21T09:55:14.727+0000] {processor.py:208} INFO - Processing /opt/airflow/dags/hello_airflow.py took 0.166 seconds
[2026-01-21T09:55:47.499+0000] {processor.py:186} INFO - Started process (PID=8486) to work on /opt/airflow/dags/hello_airflow.py
[2026-01-21T09:55:47.500+0000] {processor.py:914} INFO - Processing file /opt/airflow/dags/hello_airflow.py for tasks to queue
[2026-01-21T09:55:47.504+0000] {logging_mixin.py:190} INFO - [2026-01-21T09:55:47.504+0000] {dagbag.py:588} INFO - Filling up the DagBag from /opt/airflow/dags/hello_airflow.py
[2026-01-21T09:55:47.523+0000] {processor.py:925} INFO - DAG(s) 'hello_airflow' retrieved from /opt/airflow/dags/hello_airflow.py
[2026-01-21T09:55:47.618+0000] {logging_mixin.py:190} INFO - [2026-01-21T09:55:47.617+0000] {dag.py:3239} INFO - Sync 1 DAGs
[2026-01-21T09:55:47.679+0000] {logging_mixin.py:190} INFO - [2026-01-21T09:55:47.678+0000] {dag.py:4180} INFO - Setting next_dagrun for hello_airflow to 2026-01-21 09:54:00+00:00, run_after=2026-01-21 09:55:00+00:00
[2026-01-21T09:55:47.713+0000] {processor.py:208} INFO - Processing /opt/airflow/dags/hello_airflow.py took 0.226 seconds
[2026-01-21T09:56:18.901+0000] {processor.py:186} INFO - Started process (PID=8510) to work on /opt/airflow/dags/hello_airflow.py
[2026-01-21T09:56:18.902+0000] {processor.py:914} INFO - Processing file /opt/airflow/dags/hello_airflow.py for tasks to queue
[2026-01-21T09:56:18.906+0000] {logging_mixin.py:190} INFO - [2026-01-21T09:56:18.905+0000] {dagbag.py:588} INFO - Filling up the DagBag from /opt/airflow/dags/hello_airflow.py
[2026-01-21T09:56:18.922+0000] {processor.py:925} INFO - DAG(s) 'hello_airflow' retrieved from /opt/airflow/dags/hello_airflow.py
[2026-01-21T09:56:18.964+0000] {logging_mixin.py:190} INFO - [2026-01-21T09:56:18.964+0000] {dag.py:3239} INFO - Sync 1 DAGs
[2026-01-21T09:56:19.015+0000] {logging_mixin.py:190} INFO - [2026-01-21T09:56:19.014+0000] {dag.py:4180} INFO - Setting next_dagrun for hello_airflow to 2026-01-21 09:55:00+00:00, run_after=2026-01-21 09:56:00+00:00
[2026-01-21T09:56:19.043+0000] {processor.py:208} INFO - Processing /opt/airflow/dags/hello_airflow.py took 0.152 seconds
[2026-01-21T09:56:49.818+0000] {processor.py:186} INFO - Started process (PID=8535) to work on /opt/airflow/dags/hello_airflow.py
[2026-01-21T09:56:49.819+0000] {processor.py:914} INFO - Processing file /opt/airflow/dags/hello_airflow.py for tasks to queue
[2026-01-21T09:56:49.823+0000] {logging_mixin.py:190} INFO - [2026-01-21T09:56:49.822+0000] {dagbag.py:588} INFO - Filling up the DagBag from /opt/airflow/dags/hello_airflow.py
[2026-01-21T09:56:49.863+0000] {processor.py:925} INFO - DAG(s) 'hello_airflow' retrieved from /opt/airflow/dags/hello_airflow.py
[2026-01-21T09:56:49.907+0000] {logging_mixin.py:190} INFO - [2026-01-21T09:56:49.907+0000] {dag.py:3239} INFO - Sync 1 DAGs
[2026-01-21T09:56:49.948+0000] {logging_mixin.py:190} INFO - [2026-01-21T09:56:49.948+0000] {dag.py:4180} INFO - Setting next_dagrun for hello_airflow to 2026-01-21 09:55:00+00:00, run_after=2026-01-21 09:56:00+00:00
[2026-01-21T09:56:50.017+0000] {processor.py:208} INFO - Processing /opt/airflow/dags/hello_airflow.py took 0.210 seconds
[2026-01-21T09:57:20.464+0000] {processor.py:186} INFO - Started process (PID=8559) to work on /opt/airflow/dags/hello_airflow.py
[2026-01-21T09:57:20.465+0000] {processor.py:914} INFO - Processing file /opt/airflow/dags/hello_airflow.py for tasks to queue
[2026-01-21T09:57:20.468+0000] {logging_mixin.py:190} INFO - [2026-01-21T09:57:20.467+0000] {dagbag.py:588} INFO - Filling up the DagBag from /opt/airflow/dags/hello_airflow.py
[2026-01-21T09:57:20.482+0000] {processor.py:925} INFO - DAG(s) 'hello_airflow' retrieved from /opt/airflow/dags/hello_airflow.py
[2026-01-21T09:57:20.515+0000] {logging_mixin.py:190} INFO - [2026-01-21T09:57:20.515+0000] {dag.py:3239} INFO - Sync 1 DAGs
[2026-01-21T09:57:20.554+0000] {logging_mixin.py:190} INFO - [2026-01-21T09:57:20.554+0000] {dag.py:4180} INFO - Setting next_dagrun for hello_airflow to 2026-01-21 09:56:00+00:00, run_after=2026-01-21 09:57:00+00:00
[2026-01-21T09:57:20.576+0000] {processor.py:208} INFO - Processing /opt/airflow/dags/hello_airflow.py took 0.120 seconds
[2026-01-21T09:57:51.616+0000] {processor.py:186} INFO - Started process (PID=8582) to work on /opt/airflow/dags/hello_airflow.py
[2026-01-21T09:57:51.617+0000] {processor.py:914} INFO - Processing file /opt/airflow/dags/hello_airflow.py for tasks to queue
[2026-01-21T09:57:51.620+0000] {logging_mixin.py:190} INFO - [2026-01-21T09:57:51.620+0000] {dagbag.py:588} INFO - Filling up the DagBag from /opt/airflow/dags/hello_airflow.py
[2026-01-21T09:57:51.635+0000] {processor.py:925} INFO - DAG(s) 'hello_airflow' retrieved from /opt/airflow/dags/hello_airflow.py
[2026-01-21T09:57:51.685+0000] {logging_mixin.py:190} INFO - [2026-01-21T09:57:51.685+0000] {dag.py:3239} INFO - Sync 1 DAGs
[2026-01-21T09:57:51.755+0000] {logging_mixin.py:190} INFO - [2026-01-21T09:57:51.755+0000] {dag.py:4180} INFO - Setting next_dagrun for hello_airflow to 2026-01-21 09:56:00+00:00, run_after=2026-01-21 09:57:00+00:00
[2026-01-21T09:57:51.838+0000] {processor.py:208} INFO - Processing /opt/airflow/dags/hello_airflow.py took 0.231 seconds
[2026-01-21T09:58:22.684+0000] {processor.py:186} INFO - Started process (PID=8606) to work on /opt/airflow/dags/hello_airflow.py
[2026-01-21T09:58:22.685+0000] {processor.py:914} INFO - Processing file /opt/airflow/dags/hello_airflow.py for tasks to queue
[2026-01-21T09:58:22.690+0000] {logging_mixin.py:190} INFO - [2026-01-21T09:58:22.689+0000] {dagbag.py:588} INFO - Filling up the DagBag from /opt/airflow/dags/hello_airflow.py
[2026-01-21T09:58:22.709+0000] {processor.py:925} INFO - DAG(s) 'hello_airflow' retrieved from /opt/airflow/dags/hello_airflow.py
[2026-01-21T09:58:22.763+0000] {logging_mixin.py:190} INFO - [2026-01-21T09:58:22.763+0000] {dag.py:3239} INFO - Sync 1 DAGs
[2026-01-21T09:58:22.824+0000] {logging_mixin.py:190} INFO - [2026-01-21T09:58:22.823+0000] {dag.py:4180} INFO - Setting next_dagrun for hello_airflow to 2026-01-21 09:57:00+00:00, run_after=2026-01-21 09:58:00+00:00
[2026-01-21T09:58:22.854+0000] {processor.py:208} INFO - Processing /opt/airflow/dags/hello_airflow.py took 0.187 seconds
[2026-01-21T09:58:53.761+0000] {processor.py:186} INFO - Started process (PID=8630) to work on /opt/airflow/dags/hello_airflow.py
[2026-01-21T09:58:53.763+0000] {processor.py:914} INFO - Processing file /opt/airflow/dags/hello_airflow.py for tasks to queue
[2026-01-21T09:58:53.768+0000] {logging_mixin.py:190} INFO - [2026-01-21T09:58:53.767+0000] {dagbag.py:588} INFO - Filling up the DagBag from /opt/airflow/dags/hello_airflow.py
[2026-01-21T09:58:53.805+0000] {processor.py:925} INFO - DAG(s) 'hello_airflow' retrieved from /opt/airflow/dags/hello_airflow.py
[2026-01-21T09:58:53.888+0000] {logging_mixin.py:190} INFO - [2026-01-21T09:58:53.888+0000] {dag.py:3239} INFO - Sync 1 DAGs
[2026-01-21T09:58:53.956+0000] {logging_mixin.py:190} INFO - [2026-01-21T09:58:53.955+0000] {dag.py:4180} INFO - Setting next_dagrun for hello_airflow to 2026-01-21 09:57:00+00:00, run_after=2026-01-21 09:58:00+00:00
[2026-01-21T09:58:54.006+0000] {processor.py:208} INFO - Processing /opt/airflow/dags/hello_airflow.py took 0.262 seconds
