[2026-01-16T08:53:25.087+0000] {processor.py:186} INFO - Started process (PID=2554) to work on /opt/airflow/dags/dataset_user_processing.py
[2026-01-16T08:53:25.090+0000] {processor.py:914} INFO - Processing file /opt/airflow/dags/dataset_user_processing.py for tasks to queue
[2026-01-16T08:53:25.122+0000] {logging_mixin.py:190} INFO - [2026-01-16T08:53:25.113+0000] {dagbag.py:588} INFO - Filling up the DagBag from /opt/airflow/dags/dataset_user_processing.py
[2026-01-16T08:53:27.969+0000] {processor.py:925} INFO - DAG(s) 'user_processing_dataset' retrieved from /opt/airflow/dags/dataset_user_processing.py
[2026-01-16T08:53:28.033+0000] {logging_mixin.py:190} INFO - [2026-01-16T08:53:28.032+0000] {dag.py:3239} INFO - Sync 1 DAGs
[2026-01-16T08:53:28.126+0000] {logging_mixin.py:190} INFO - [2026-01-16T08:53:28.126+0000] {dag.py:4180} INFO - Setting next_dagrun for user_processing_dataset to 2026-01-15 00:00:00+00:00, run_after=2026-01-16 00:00:00+00:00
[2026-01-16T08:53:28.184+0000] {processor.py:208} INFO - Processing /opt/airflow/dags/dataset_user_processing.py took 3.180 seconds
[2026-01-16T08:54:05.342+0000] {processor.py:186} INFO - Started process (PID=2591) to work on /opt/airflow/dags/dataset_user_processing.py
[2026-01-16T08:54:05.374+0000] {processor.py:914} INFO - Processing file /opt/airflow/dags/dataset_user_processing.py for tasks to queue
[2026-01-16T08:54:05.406+0000] {logging_mixin.py:190} INFO - [2026-01-16T08:54:05.405+0000] {dagbag.py:588} INFO - Filling up the DagBag from /opt/airflow/dags/dataset_user_processing.py
[2026-01-16T08:54:09.380+0000] {processor.py:925} INFO - DAG(s) 'user_processing_dataset' retrieved from /opt/airflow/dags/dataset_user_processing.py
[2026-01-16T08:54:09.656+0000] {logging_mixin.py:190} INFO - [2026-01-16T08:54:09.655+0000] {dag.py:3239} INFO - Sync 1 DAGs
[2026-01-16T08:54:09.810+0000] {logging_mixin.py:190} INFO - [2026-01-16T08:54:09.809+0000] {dag.py:4180} INFO - Setting next_dagrun for user_processing_dataset to 2026-01-15 00:00:00+00:00, run_after=2026-01-16 00:00:00+00:00
[2026-01-16T08:54:10.010+0000] {processor.py:208} INFO - Processing /opt/airflow/dags/dataset_user_processing.py took 4.811 seconds
[2026-01-16T08:54:40.966+0000] {processor.py:186} INFO - Started process (PID=2632) to work on /opt/airflow/dags/dataset_user_processing.py
[2026-01-16T08:54:40.971+0000] {processor.py:914} INFO - Processing file /opt/airflow/dags/dataset_user_processing.py for tasks to queue
[2026-01-16T08:54:40.983+0000] {logging_mixin.py:190} INFO - [2026-01-16T08:54:40.980+0000] {dagbag.py:588} INFO - Filling up the DagBag from /opt/airflow/dags/dataset_user_processing.py
[2026-01-16T08:54:42.547+0000] {processor.py:925} INFO - DAG(s) 'user_processing_dataset' retrieved from /opt/airflow/dags/dataset_user_processing.py
[2026-01-16T08:54:42.627+0000] {logging_mixin.py:190} INFO - [2026-01-16T08:54:42.627+0000] {dag.py:3239} INFO - Sync 1 DAGs
[2026-01-16T08:54:42.708+0000] {logging_mixin.py:190} INFO - [2026-01-16T08:54:42.708+0000] {dag.py:4180} INFO - Setting next_dagrun for user_processing_dataset to 2026-01-15 00:00:00+00:00, run_after=2026-01-16 00:00:00+00:00
[2026-01-16T08:54:42.798+0000] {processor.py:208} INFO - Processing /opt/airflow/dags/dataset_user_processing.py took 1.853 seconds
[2026-01-16T08:55:12.877+0000] {processor.py:186} INFO - Started process (PID=2655) to work on /opt/airflow/dags/dataset_user_processing.py
[2026-01-16T08:55:12.878+0000] {processor.py:914} INFO - Processing file /opt/airflow/dags/dataset_user_processing.py for tasks to queue
[2026-01-16T08:55:12.884+0000] {logging_mixin.py:190} INFO - [2026-01-16T08:55:12.882+0000] {dagbag.py:588} INFO - Filling up the DagBag from /opt/airflow/dags/dataset_user_processing.py
[2026-01-16T08:55:13.660+0000] {processor.py:925} INFO - DAG(s) 'user_processing_dataset' retrieved from /opt/airflow/dags/dataset_user_processing.py
[2026-01-16T08:55:13.692+0000] {logging_mixin.py:190} INFO - [2026-01-16T08:55:13.691+0000] {dag.py:3239} INFO - Sync 1 DAGs
[2026-01-16T08:55:13.723+0000] {logging_mixin.py:190} INFO - [2026-01-16T08:55:13.723+0000] {dag.py:4180} INFO - Setting next_dagrun for user_processing_dataset to 2026-01-15 00:00:00+00:00, run_after=2026-01-16 00:00:00+00:00
[2026-01-16T08:55:13.754+0000] {processor.py:208} INFO - Processing /opt/airflow/dags/dataset_user_processing.py took 0.884 seconds
[2026-01-16T08:55:44.199+0000] {processor.py:186} INFO - Started process (PID=2678) to work on /opt/airflow/dags/dataset_user_processing.py
[2026-01-16T08:55:44.201+0000] {processor.py:914} INFO - Processing file /opt/airflow/dags/dataset_user_processing.py for tasks to queue
[2026-01-16T08:55:44.206+0000] {logging_mixin.py:190} INFO - [2026-01-16T08:55:44.205+0000] {dagbag.py:588} INFO - Filling up the DagBag from /opt/airflow/dags/dataset_user_processing.py
[2026-01-16T08:55:44.836+0000] {processor.py:925} INFO - DAG(s) 'user_processing_dataset' retrieved from /opt/airflow/dags/dataset_user_processing.py
[2026-01-16T08:55:44.861+0000] {logging_mixin.py:190} INFO - [2026-01-16T08:55:44.860+0000] {dag.py:3239} INFO - Sync 1 DAGs
[2026-01-16T08:55:44.891+0000] {logging_mixin.py:190} INFO - [2026-01-16T08:55:44.891+0000] {dag.py:4180} INFO - Setting next_dagrun for user_processing_dataset to 2026-01-15 00:00:00+00:00, run_after=2026-01-16 00:00:00+00:00
[2026-01-16T08:55:44.923+0000] {processor.py:208} INFO - Processing /opt/airflow/dags/dataset_user_processing.py took 0.734 seconds
[2026-01-16T08:56:15.116+0000] {processor.py:186} INFO - Started process (PID=2706) to work on /opt/airflow/dags/dataset_user_processing.py
[2026-01-16T08:56:15.117+0000] {processor.py:914} INFO - Processing file /opt/airflow/dags/dataset_user_processing.py for tasks to queue
[2026-01-16T08:56:15.121+0000] {logging_mixin.py:190} INFO - [2026-01-16T08:56:15.120+0000] {dagbag.py:588} INFO - Filling up the DagBag from /opt/airflow/dags/dataset_user_processing.py
[2026-01-16T08:56:16.015+0000] {processor.py:925} INFO - DAG(s) 'user_processing_dataset' retrieved from /opt/airflow/dags/dataset_user_processing.py
[2026-01-16T08:56:16.065+0000] {logging_mixin.py:190} INFO - [2026-01-16T08:56:16.064+0000] {dag.py:3239} INFO - Sync 1 DAGs
[2026-01-16T08:56:16.113+0000] {logging_mixin.py:190} INFO - [2026-01-16T08:56:16.113+0000] {dag.py:4180} INFO - Setting next_dagrun for user_processing_dataset to 2026-01-15 00:00:00+00:00, run_after=2026-01-16 00:00:00+00:00
[2026-01-16T08:56:16.168+0000] {processor.py:208} INFO - Processing /opt/airflow/dags/dataset_user_processing.py took 1.067 seconds
[2026-01-16T08:56:46.844+0000] {processor.py:186} INFO - Started process (PID=2729) to work on /opt/airflow/dags/dataset_user_processing.py
[2026-01-16T08:56:46.845+0000] {processor.py:914} INFO - Processing file /opt/airflow/dags/dataset_user_processing.py for tasks to queue
[2026-01-16T08:56:46.849+0000] {logging_mixin.py:190} INFO - [2026-01-16T08:56:46.848+0000] {dagbag.py:588} INFO - Filling up the DagBag from /opt/airflow/dags/dataset_user_processing.py
[2026-01-16T08:56:47.485+0000] {processor.py:925} INFO - DAG(s) 'user_processing_dataset' retrieved from /opt/airflow/dags/dataset_user_processing.py
[2026-01-16T08:56:47.513+0000] {logging_mixin.py:190} INFO - [2026-01-16T08:56:47.512+0000] {dag.py:3239} INFO - Sync 1 DAGs
[2026-01-16T08:56:47.544+0000] {logging_mixin.py:190} INFO - [2026-01-16T08:56:47.543+0000] {dag.py:4180} INFO - Setting next_dagrun for user_processing_dataset to 2026-01-15 00:00:00+00:00, run_after=2026-01-16 00:00:00+00:00
[2026-01-16T08:56:47.573+0000] {processor.py:208} INFO - Processing /opt/airflow/dags/dataset_user_processing.py took 0.742 seconds
[2026-01-16T08:57:17.934+0000] {processor.py:186} INFO - Started process (PID=2752) to work on /opt/airflow/dags/dataset_user_processing.py
[2026-01-16T08:57:17.944+0000] {processor.py:914} INFO - Processing file /opt/airflow/dags/dataset_user_processing.py for tasks to queue
[2026-01-16T08:57:17.947+0000] {logging_mixin.py:190} INFO - [2026-01-16T08:57:17.947+0000] {dagbag.py:588} INFO - Filling up the DagBag from /opt/airflow/dags/dataset_user_processing.py
[2026-01-16T08:57:18.522+0000] {processor.py:925} INFO - DAG(s) 'user_processing_dataset' retrieved from /opt/airflow/dags/dataset_user_processing.py
[2026-01-16T08:57:18.547+0000] {logging_mixin.py:190} INFO - [2026-01-16T08:57:18.547+0000] {dag.py:3239} INFO - Sync 1 DAGs
[2026-01-16T08:57:18.576+0000] {logging_mixin.py:190} INFO - [2026-01-16T08:57:18.576+0000] {dag.py:4180} INFO - Setting next_dagrun for user_processing_dataset to 2026-01-15 00:00:00+00:00, run_after=2026-01-16 00:00:00+00:00
[2026-01-16T08:57:18.607+0000] {processor.py:208} INFO - Processing /opt/airflow/dags/dataset_user_processing.py took 0.680 seconds
[2026-01-16T08:57:49.411+0000] {processor.py:186} INFO - Started process (PID=2775) to work on /opt/airflow/dags/dataset_user_processing.py
[2026-01-16T08:57:49.412+0000] {processor.py:914} INFO - Processing file /opt/airflow/dags/dataset_user_processing.py for tasks to queue
[2026-01-16T08:57:49.416+0000] {logging_mixin.py:190} INFO - [2026-01-16T08:57:49.416+0000] {dagbag.py:588} INFO - Filling up the DagBag from /opt/airflow/dags/dataset_user_processing.py
[2026-01-16T08:57:50.046+0000] {processor.py:925} INFO - DAG(s) 'user_processing_dataset' retrieved from /opt/airflow/dags/dataset_user_processing.py
[2026-01-16T08:57:50.131+0000] {logging_mixin.py:190} INFO - [2026-01-16T08:57:50.131+0000] {dag.py:3239} INFO - Sync 1 DAGs
[2026-01-16T08:57:50.171+0000] {logging_mixin.py:190} INFO - [2026-01-16T08:57:50.171+0000] {dag.py:4180} INFO - Setting next_dagrun for user_processing_dataset to 2026-01-15 00:00:00+00:00, run_after=2026-01-16 00:00:00+00:00
[2026-01-16T08:57:50.215+0000] {processor.py:208} INFO - Processing /opt/airflow/dags/dataset_user_processing.py took 0.812 seconds
[2026-01-16T08:58:20.681+0000] {processor.py:186} INFO - Started process (PID=2798) to work on /opt/airflow/dags/dataset_user_processing.py
[2026-01-16T08:58:20.688+0000] {processor.py:914} INFO - Processing file /opt/airflow/dags/dataset_user_processing.py for tasks to queue
[2026-01-16T08:58:20.691+0000] {logging_mixin.py:190} INFO - [2026-01-16T08:58:20.691+0000] {dagbag.py:588} INFO - Filling up the DagBag from /opt/airflow/dags/dataset_user_processing.py
[2026-01-16T08:58:21.591+0000] {processor.py:925} INFO - DAG(s) 'user_processing_dataset' retrieved from /opt/airflow/dags/dataset_user_processing.py
[2026-01-16T08:58:21.628+0000] {logging_mixin.py:190} INFO - [2026-01-16T08:58:21.627+0000] {dag.py:3239} INFO - Sync 1 DAGs
[2026-01-16T08:58:21.662+0000] {logging_mixin.py:190} INFO - [2026-01-16T08:58:21.661+0000] {dag.py:4180} INFO - Setting next_dagrun for user_processing_dataset to 2026-01-15 00:00:00+00:00, run_after=2026-01-16 00:00:00+00:00
[2026-01-16T08:58:21.694+0000] {processor.py:208} INFO - Processing /opt/airflow/dags/dataset_user_processing.py took 1.024 seconds
[2026-01-16T08:58:52.508+0000] {processor.py:186} INFO - Started process (PID=2822) to work on /opt/airflow/dags/dataset_user_processing.py
[2026-01-16T08:58:52.510+0000] {processor.py:914} INFO - Processing file /opt/airflow/dags/dataset_user_processing.py for tasks to queue
[2026-01-16T08:58:52.518+0000] {logging_mixin.py:190} INFO - [2026-01-16T08:58:52.517+0000] {dagbag.py:588} INFO - Filling up the DagBag from /opt/airflow/dags/dataset_user_processing.py
[2026-01-16T08:58:53.138+0000] {processor.py:925} INFO - DAG(s) 'user_processing_dataset' retrieved from /opt/airflow/dags/dataset_user_processing.py
[2026-01-16T08:58:53.172+0000] {logging_mixin.py:190} INFO - [2026-01-16T08:58:53.172+0000] {dag.py:3239} INFO - Sync 1 DAGs
[2026-01-16T08:58:53.199+0000] {logging_mixin.py:190} INFO - [2026-01-16T08:58:53.198+0000] {dag.py:4180} INFO - Setting next_dagrun for user_processing_dataset to 2026-01-15 00:00:00+00:00, run_after=2026-01-16 00:00:00+00:00
[2026-01-16T08:58:53.238+0000] {processor.py:208} INFO - Processing /opt/airflow/dags/dataset_user_processing.py took 0.745 seconds
[2026-01-16T08:59:23.302+0000] {processor.py:186} INFO - Started process (PID=2845) to work on /opt/airflow/dags/dataset_user_processing.py
[2026-01-16T08:59:23.304+0000] {processor.py:914} INFO - Processing file /opt/airflow/dags/dataset_user_processing.py for tasks to queue
[2026-01-16T08:59:23.307+0000] {logging_mixin.py:190} INFO - [2026-01-16T08:59:23.306+0000] {dagbag.py:588} INFO - Filling up the DagBag from /opt/airflow/dags/dataset_user_processing.py
[2026-01-16T08:59:23.870+0000] {processor.py:925} INFO - DAG(s) 'user_processing_dataset' retrieved from /opt/airflow/dags/dataset_user_processing.py
[2026-01-16T08:59:23.897+0000] {logging_mixin.py:190} INFO - [2026-01-16T08:59:23.896+0000] {dag.py:3239} INFO - Sync 1 DAGs
[2026-01-16T08:59:23.923+0000] {logging_mixin.py:190} INFO - [2026-01-16T08:59:23.923+0000] {dag.py:4180} INFO - Setting next_dagrun for user_processing_dataset to 2026-01-15 00:00:00+00:00, run_after=2026-01-16 00:00:00+00:00
[2026-01-16T08:59:23.957+0000] {processor.py:208} INFO - Processing /opt/airflow/dags/dataset_user_processing.py took 0.666 seconds
[2026-01-16T08:59:54.440+0000] {processor.py:186} INFO - Started process (PID=2867) to work on /opt/airflow/dags/dataset_user_processing.py
[2026-01-16T08:59:54.441+0000] {processor.py:914} INFO - Processing file /opt/airflow/dags/dataset_user_processing.py for tasks to queue
[2026-01-16T08:59:54.445+0000] {logging_mixin.py:190} INFO - [2026-01-16T08:59:54.444+0000] {dagbag.py:588} INFO - Filling up the DagBag from /opt/airflow/dags/dataset_user_processing.py
[2026-01-16T08:59:55.004+0000] {processor.py:925} INFO - DAG(s) 'user_processing_dataset' retrieved from /opt/airflow/dags/dataset_user_processing.py
[2026-01-16T08:59:55.029+0000] {logging_mixin.py:190} INFO - [2026-01-16T08:59:55.029+0000] {dag.py:3239} INFO - Sync 1 DAGs
[2026-01-16T08:59:55.057+0000] {logging_mixin.py:190} INFO - [2026-01-16T08:59:55.057+0000] {dag.py:4180} INFO - Setting next_dagrun for user_processing_dataset to 2026-01-15 00:00:00+00:00, run_after=2026-01-16 00:00:00+00:00
[2026-01-16T08:59:55.088+0000] {processor.py:208} INFO - Processing /opt/airflow/dags/dataset_user_processing.py took 0.660 seconds
[2026-01-16T09:00:25.711+0000] {processor.py:186} INFO - Started process (PID=2890) to work on /opt/airflow/dags/dataset_user_processing.py
[2026-01-16T09:00:25.713+0000] {processor.py:914} INFO - Processing file /opt/airflow/dags/dataset_user_processing.py for tasks to queue
[2026-01-16T09:00:25.719+0000] {logging_mixin.py:190} INFO - [2026-01-16T09:00:25.719+0000] {dagbag.py:588} INFO - Filling up the DagBag from /opt/airflow/dags/dataset_user_processing.py
[2026-01-16T09:00:26.402+0000] {processor.py:925} INFO - DAG(s) 'user_processing_dataset' retrieved from /opt/airflow/dags/dataset_user_processing.py
[2026-01-16T09:00:26.433+0000] {logging_mixin.py:190} INFO - [2026-01-16T09:00:26.432+0000] {dag.py:3239} INFO - Sync 1 DAGs
[2026-01-16T09:00:26.476+0000] {logging_mixin.py:190} INFO - [2026-01-16T09:00:26.475+0000] {dag.py:4180} INFO - Setting next_dagrun for user_processing_dataset to 2026-01-15 00:00:00+00:00, run_after=2026-01-16 00:00:00+00:00
[2026-01-16T09:00:26.513+0000] {processor.py:208} INFO - Processing /opt/airflow/dags/dataset_user_processing.py took 0.814 seconds
[2026-01-16T09:00:56.727+0000] {processor.py:186} INFO - Started process (PID=2912) to work on /opt/airflow/dags/dataset_user_processing.py
[2026-01-16T09:00:56.728+0000] {processor.py:914} INFO - Processing file /opt/airflow/dags/dataset_user_processing.py for tasks to queue
[2026-01-16T09:00:56.732+0000] {logging_mixin.py:190} INFO - [2026-01-16T09:00:56.732+0000] {dagbag.py:588} INFO - Filling up the DagBag from /opt/airflow/dags/dataset_user_processing.py
[2026-01-16T09:00:57.307+0000] {processor.py:925} INFO - DAG(s) 'user_processing_dataset' retrieved from /opt/airflow/dags/dataset_user_processing.py
[2026-01-16T09:00:57.330+0000] {logging_mixin.py:190} INFO - [2026-01-16T09:00:57.330+0000] {dag.py:3239} INFO - Sync 1 DAGs
[2026-01-16T09:00:57.351+0000] {logging_mixin.py:190} INFO - [2026-01-16T09:00:57.351+0000] {dag.py:4180} INFO - Setting next_dagrun for user_processing_dataset to 2026-01-15 00:00:00+00:00, run_after=2026-01-16 00:00:00+00:00
[2026-01-16T09:00:57.374+0000] {processor.py:208} INFO - Processing /opt/airflow/dags/dataset_user_processing.py took 0.659 seconds
[2026-01-16T09:01:27.800+0000] {processor.py:186} INFO - Started process (PID=2935) to work on /opt/airflow/dags/dataset_user_processing.py
[2026-01-16T09:01:27.803+0000] {processor.py:914} INFO - Processing file /opt/airflow/dags/dataset_user_processing.py for tasks to queue
[2026-01-16T09:01:27.808+0000] {logging_mixin.py:190} INFO - [2026-01-16T09:01:27.808+0000] {dagbag.py:588} INFO - Filling up the DagBag from /opt/airflow/dags/dataset_user_processing.py
[2026-01-16T09:01:28.587+0000] {processor.py:925} INFO - DAG(s) 'user_processing_dataset' retrieved from /opt/airflow/dags/dataset_user_processing.py
[2026-01-16T09:01:28.638+0000] {logging_mixin.py:190} INFO - [2026-01-16T09:01:28.637+0000] {dag.py:3239} INFO - Sync 1 DAGs
[2026-01-16T09:01:28.683+0000] {logging_mixin.py:190} INFO - [2026-01-16T09:01:28.682+0000] {dag.py:4180} INFO - Setting next_dagrun for user_processing_dataset to 2026-01-15 00:00:00+00:00, run_after=2026-01-16 00:00:00+00:00
[2026-01-16T09:01:28.719+0000] {processor.py:208} INFO - Processing /opt/airflow/dags/dataset_user_processing.py took 0.929 seconds
[2026-01-16T09:01:59.509+0000] {processor.py:186} INFO - Started process (PID=2957) to work on /opt/airflow/dags/dataset_user_processing.py
[2026-01-16T09:01:59.512+0000] {processor.py:914} INFO - Processing file /opt/airflow/dags/dataset_user_processing.py for tasks to queue
[2026-01-16T09:01:59.520+0000] {logging_mixin.py:190} INFO - [2026-01-16T09:01:59.519+0000] {dagbag.py:588} INFO - Filling up the DagBag from /opt/airflow/dags/dataset_user_processing.py
[2026-01-16T09:02:00.722+0000] {processor.py:925} INFO - DAG(s) 'user_processing_dataset' retrieved from /opt/airflow/dags/dataset_user_processing.py
[2026-01-16T09:02:00.754+0000] {logging_mixin.py:190} INFO - [2026-01-16T09:02:00.753+0000] {dag.py:3239} INFO - Sync 1 DAGs
[2026-01-16T09:02:00.784+0000] {logging_mixin.py:190} INFO - [2026-01-16T09:02:00.783+0000] {dag.py:4180} INFO - Setting next_dagrun for user_processing_dataset to 2026-01-15 00:00:00+00:00, run_after=2026-01-16 00:00:00+00:00
[2026-01-16T09:02:00.814+0000] {processor.py:208} INFO - Processing /opt/airflow/dags/dataset_user_processing.py took 1.340 seconds
[2026-01-16T09:02:30.893+0000] {processor.py:186} INFO - Started process (PID=2980) to work on /opt/airflow/dags/dataset_user_processing.py
[2026-01-16T09:02:30.895+0000] {processor.py:914} INFO - Processing file /opt/airflow/dags/dataset_user_processing.py for tasks to queue
[2026-01-16T09:02:30.899+0000] {logging_mixin.py:190} INFO - [2026-01-16T09:02:30.898+0000] {dagbag.py:588} INFO - Filling up the DagBag from /opt/airflow/dags/dataset_user_processing.py
[2026-01-16T09:02:31.568+0000] {processor.py:925} INFO - DAG(s) 'user_processing_dataset' retrieved from /opt/airflow/dags/dataset_user_processing.py
[2026-01-16T09:02:31.601+0000] {logging_mixin.py:190} INFO - [2026-01-16T09:02:31.600+0000] {dag.py:3239} INFO - Sync 1 DAGs
[2026-01-16T09:02:31.632+0000] {logging_mixin.py:190} INFO - [2026-01-16T09:02:31.631+0000] {dag.py:4180} INFO - Setting next_dagrun for user_processing_dataset to 2026-01-15 00:00:00+00:00, run_after=2026-01-16 00:00:00+00:00
[2026-01-16T09:02:31.669+0000] {processor.py:208} INFO - Processing /opt/airflow/dags/dataset_user_processing.py took 0.786 seconds
[2026-01-16T09:03:02.356+0000] {processor.py:186} INFO - Started process (PID=3003) to work on /opt/airflow/dags/dataset_user_processing.py
[2026-01-16T09:03:02.358+0000] {processor.py:914} INFO - Processing file /opt/airflow/dags/dataset_user_processing.py for tasks to queue
[2026-01-16T09:03:02.361+0000] {logging_mixin.py:190} INFO - [2026-01-16T09:03:02.360+0000] {dagbag.py:588} INFO - Filling up the DagBag from /opt/airflow/dags/dataset_user_processing.py
[2026-01-16T09:03:03.178+0000] {processor.py:925} INFO - DAG(s) 'user_processing_dataset' retrieved from /opt/airflow/dags/dataset_user_processing.py
[2026-01-16T09:03:03.218+0000] {logging_mixin.py:190} INFO - [2026-01-16T09:03:03.217+0000] {dag.py:3239} INFO - Sync 1 DAGs
[2026-01-16T09:03:03.255+0000] {logging_mixin.py:190} INFO - [2026-01-16T09:03:03.255+0000] {dag.py:4180} INFO - Setting next_dagrun for user_processing_dataset to 2026-01-15 00:00:00+00:00, run_after=2026-01-16 00:00:00+00:00
[2026-01-16T09:03:03.309+0000] {processor.py:208} INFO - Processing /opt/airflow/dags/dataset_user_processing.py took 0.964 seconds
[2026-01-16T09:03:33.641+0000] {processor.py:186} INFO - Started process (PID=3025) to work on /opt/airflow/dags/dataset_user_processing.py
[2026-01-16T09:03:33.642+0000] {processor.py:914} INFO - Processing file /opt/airflow/dags/dataset_user_processing.py for tasks to queue
[2026-01-16T09:03:33.645+0000] {logging_mixin.py:190} INFO - [2026-01-16T09:03:33.645+0000] {dagbag.py:588} INFO - Filling up the DagBag from /opt/airflow/dags/dataset_user_processing.py
[2026-01-16T09:03:34.210+0000] {processor.py:925} INFO - DAG(s) 'user_processing_dataset' retrieved from /opt/airflow/dags/dataset_user_processing.py
[2026-01-16T09:03:34.241+0000] {logging_mixin.py:190} INFO - [2026-01-16T09:03:34.240+0000] {dag.py:3239} INFO - Sync 1 DAGs
[2026-01-16T09:03:34.272+0000] {logging_mixin.py:190} INFO - [2026-01-16T09:03:34.272+0000] {dag.py:4180} INFO - Setting next_dagrun for user_processing_dataset to 2026-01-15 00:00:00+00:00, run_after=2026-01-16 00:00:00+00:00
[2026-01-16T09:03:34.297+0000] {processor.py:208} INFO - Processing /opt/airflow/dags/dataset_user_processing.py took 0.668 seconds
[2026-01-16T09:04:04.477+0000] {processor.py:186} INFO - Started process (PID=3048) to work on /opt/airflow/dags/dataset_user_processing.py
[2026-01-16T09:04:04.479+0000] {processor.py:914} INFO - Processing file /opt/airflow/dags/dataset_user_processing.py for tasks to queue
[2026-01-16T09:04:04.489+0000] {logging_mixin.py:190} INFO - [2026-01-16T09:04:04.488+0000] {dagbag.py:588} INFO - Filling up the DagBag from /opt/airflow/dags/dataset_user_processing.py
[2026-01-16T09:04:05.252+0000] {processor.py:925} INFO - DAG(s) 'user_processing_dataset' retrieved from /opt/airflow/dags/dataset_user_processing.py
[2026-01-16T09:04:05.288+0000] {logging_mixin.py:190} INFO - [2026-01-16T09:04:05.288+0000] {dag.py:3239} INFO - Sync 1 DAGs
[2026-01-16T09:04:05.324+0000] {logging_mixin.py:190} INFO - [2026-01-16T09:04:05.324+0000] {dag.py:4180} INFO - Setting next_dagrun for user_processing_dataset to 2026-01-15 00:00:00+00:00, run_after=2026-01-16 00:00:00+00:00
[2026-01-16T09:04:05.370+0000] {processor.py:208} INFO - Processing /opt/airflow/dags/dataset_user_processing.py took 0.911 seconds
[2026-01-16T09:04:35.459+0000] {processor.py:186} INFO - Started process (PID=3071) to work on /opt/airflow/dags/dataset_user_processing.py
[2026-01-16T09:04:35.462+0000] {processor.py:914} INFO - Processing file /opt/airflow/dags/dataset_user_processing.py for tasks to queue
[2026-01-16T09:04:35.469+0000] {logging_mixin.py:190} INFO - [2026-01-16T09:04:35.468+0000] {dagbag.py:588} INFO - Filling up the DagBag from /opt/airflow/dags/dataset_user_processing.py
[2026-01-16T09:04:36.256+0000] {processor.py:925} INFO - DAG(s) 'user_processing_dataset' retrieved from /opt/airflow/dags/dataset_user_processing.py
[2026-01-16T09:04:36.296+0000] {logging_mixin.py:190} INFO - [2026-01-16T09:04:36.295+0000] {dag.py:3239} INFO - Sync 1 DAGs
[2026-01-16T09:04:36.327+0000] {logging_mixin.py:190} INFO - [2026-01-16T09:04:36.327+0000] {dag.py:4180} INFO - Setting next_dagrun for user_processing_dataset to 2026-01-15 00:00:00+00:00, run_after=2026-01-16 00:00:00+00:00
[2026-01-16T09:04:36.363+0000] {processor.py:208} INFO - Processing /opt/airflow/dags/dataset_user_processing.py took 0.921 seconds
[2026-01-16T09:05:06.455+0000] {processor.py:186} INFO - Started process (PID=3094) to work on /opt/airflow/dags/dataset_user_processing.py
[2026-01-16T09:05:06.457+0000] {processor.py:914} INFO - Processing file /opt/airflow/dags/dataset_user_processing.py for tasks to queue
[2026-01-16T09:05:06.459+0000] {logging_mixin.py:190} INFO - [2026-01-16T09:05:06.459+0000] {dagbag.py:588} INFO - Filling up the DagBag from /opt/airflow/dags/dataset_user_processing.py
[2026-01-16T09:05:07.097+0000] {processor.py:925} INFO - DAG(s) 'user_processing_dataset' retrieved from /opt/airflow/dags/dataset_user_processing.py
[2026-01-16T09:05:07.122+0000] {logging_mixin.py:190} INFO - [2026-01-16T09:05:07.121+0000] {dag.py:3239} INFO - Sync 1 DAGs
[2026-01-16T09:05:07.162+0000] {logging_mixin.py:190} INFO - [2026-01-16T09:05:07.157+0000] {dag.py:4180} INFO - Setting next_dagrun for user_processing_dataset to 2026-01-15 00:00:00+00:00, run_after=2026-01-16 00:00:00+00:00
[2026-01-16T09:05:07.206+0000] {processor.py:208} INFO - Processing /opt/airflow/dags/dataset_user_processing.py took 0.762 seconds
[2026-01-16T09:05:37.389+0000] {processor.py:186} INFO - Started process (PID=3117) to work on /opt/airflow/dags/dataset_user_processing.py
[2026-01-16T09:05:37.390+0000] {processor.py:914} INFO - Processing file /opt/airflow/dags/dataset_user_processing.py for tasks to queue
[2026-01-16T09:05:37.395+0000] {logging_mixin.py:190} INFO - [2026-01-16T09:05:37.394+0000] {dagbag.py:588} INFO - Filling up the DagBag from /opt/airflow/dags/dataset_user_processing.py
[2026-01-16T09:05:38.109+0000] {processor.py:925} INFO - DAG(s) 'user_processing_dataset' retrieved from /opt/airflow/dags/dataset_user_processing.py
[2026-01-16T09:05:38.136+0000] {logging_mixin.py:190} INFO - [2026-01-16T09:05:38.135+0000] {dag.py:3239} INFO - Sync 1 DAGs
[2026-01-16T09:05:38.165+0000] {logging_mixin.py:190} INFO - [2026-01-16T09:05:38.165+0000] {dag.py:4180} INFO - Setting next_dagrun for user_processing_dataset to 2026-01-15 00:00:00+00:00, run_after=2026-01-16 00:00:00+00:00
[2026-01-16T09:05:38.201+0000] {processor.py:208} INFO - Processing /opt/airflow/dags/dataset_user_processing.py took 0.824 seconds
[2026-01-16T09:06:08.949+0000] {processor.py:186} INFO - Started process (PID=3140) to work on /opt/airflow/dags/dataset_user_processing.py
[2026-01-16T09:06:08.950+0000] {processor.py:914} INFO - Processing file /opt/airflow/dags/dataset_user_processing.py for tasks to queue
[2026-01-16T09:06:08.959+0000] {logging_mixin.py:190} INFO - [2026-01-16T09:06:08.957+0000] {dagbag.py:588} INFO - Filling up the DagBag from /opt/airflow/dags/dataset_user_processing.py
[2026-01-16T09:06:10.090+0000] {processor.py:925} INFO - DAG(s) 'user_processing_dataset' retrieved from /opt/airflow/dags/dataset_user_processing.py
[2026-01-16T09:06:10.155+0000] {logging_mixin.py:190} INFO - [2026-01-16T09:06:10.154+0000] {dag.py:3239} INFO - Sync 1 DAGs
[2026-01-16T09:06:10.193+0000] {logging_mixin.py:190} INFO - [2026-01-16T09:06:10.193+0000] {dag.py:4180} INFO - Setting next_dagrun for user_processing_dataset to 2026-01-15 00:00:00+00:00, run_after=2026-01-16 00:00:00+00:00
[2026-01-16T09:06:10.253+0000] {processor.py:208} INFO - Processing /opt/airflow/dags/dataset_user_processing.py took 1.321 seconds
[2026-01-16T09:06:41.014+0000] {processor.py:186} INFO - Started process (PID=3164) to work on /opt/airflow/dags/dataset_user_processing.py
[2026-01-16T09:06:41.016+0000] {processor.py:914} INFO - Processing file /opt/airflow/dags/dataset_user_processing.py for tasks to queue
[2026-01-16T09:06:41.021+0000] {logging_mixin.py:190} INFO - [2026-01-16T09:06:41.020+0000] {dagbag.py:588} INFO - Filling up the DagBag from /opt/airflow/dags/dataset_user_processing.py
[2026-01-16T09:06:41.734+0000] {processor.py:925} INFO - DAG(s) 'user_processing_dataset' retrieved from /opt/airflow/dags/dataset_user_processing.py
[2026-01-16T09:06:41.761+0000] {logging_mixin.py:190} INFO - [2026-01-16T09:06:41.761+0000] {dag.py:3239} INFO - Sync 1 DAGs
[2026-01-16T09:06:41.784+0000] {logging_mixin.py:190} INFO - [2026-01-16T09:06:41.784+0000] {dag.py:4180} INFO - Setting next_dagrun for user_processing_dataset to 2026-01-15 00:00:00+00:00, run_after=2026-01-16 00:00:00+00:00
[2026-01-16T09:06:41.806+0000] {processor.py:208} INFO - Processing /opt/airflow/dags/dataset_user_processing.py took 0.811 seconds
[2026-01-16T09:07:11.969+0000] {processor.py:186} INFO - Started process (PID=3187) to work on /opt/airflow/dags/dataset_user_processing.py
[2026-01-16T09:07:11.970+0000] {processor.py:914} INFO - Processing file /opt/airflow/dags/dataset_user_processing.py for tasks to queue
[2026-01-16T09:07:11.974+0000] {logging_mixin.py:190} INFO - [2026-01-16T09:07:11.974+0000] {dagbag.py:588} INFO - Filling up the DagBag from /opt/airflow/dags/dataset_user_processing.py
[2026-01-16T09:07:12.665+0000] {processor.py:925} INFO - DAG(s) 'user_processing_dataset' retrieved from /opt/airflow/dags/dataset_user_processing.py
[2026-01-16T09:07:12.714+0000] {logging_mixin.py:190} INFO - [2026-01-16T09:07:12.712+0000] {dag.py:3239} INFO - Sync 1 DAGs
[2026-01-16T09:07:12.764+0000] {logging_mixin.py:190} INFO - [2026-01-16T09:07:12.763+0000] {dag.py:4180} INFO - Setting next_dagrun for user_processing_dataset to 2026-01-15 00:00:00+00:00, run_after=2026-01-16 00:00:00+00:00
[2026-01-16T09:07:12.805+0000] {processor.py:208} INFO - Processing /opt/airflow/dags/dataset_user_processing.py took 0.847 seconds
[2026-01-16T09:07:43.205+0000] {processor.py:186} INFO - Started process (PID=3210) to work on /opt/airflow/dags/dataset_user_processing.py
[2026-01-16T09:07:43.206+0000] {processor.py:914} INFO - Processing file /opt/airflow/dags/dataset_user_processing.py for tasks to queue
[2026-01-16T09:07:43.211+0000] {logging_mixin.py:190} INFO - [2026-01-16T09:07:43.210+0000] {dagbag.py:588} INFO - Filling up the DagBag from /opt/airflow/dags/dataset_user_processing.py
[2026-01-16T09:07:43.818+0000] {processor.py:925} INFO - DAG(s) 'user_processing_dataset' retrieved from /opt/airflow/dags/dataset_user_processing.py
[2026-01-16T09:07:43.848+0000] {logging_mixin.py:190} INFO - [2026-01-16T09:07:43.848+0000] {dag.py:3239} INFO - Sync 1 DAGs
[2026-01-16T09:07:43.877+0000] {logging_mixin.py:190} INFO - [2026-01-16T09:07:43.877+0000] {dag.py:4180} INFO - Setting next_dagrun for user_processing_dataset to 2026-01-15 00:00:00+00:00, run_after=2026-01-16 00:00:00+00:00
[2026-01-16T09:07:43.915+0000] {processor.py:208} INFO - Processing /opt/airflow/dags/dataset_user_processing.py took 0.720 seconds
[2026-01-16T09:08:14.243+0000] {processor.py:186} INFO - Started process (PID=3233) to work on /opt/airflow/dags/dataset_user_processing.py
[2026-01-16T09:08:14.245+0000] {processor.py:914} INFO - Processing file /opt/airflow/dags/dataset_user_processing.py for tasks to queue
[2026-01-16T09:08:14.255+0000] {logging_mixin.py:190} INFO - [2026-01-16T09:08:14.254+0000] {dagbag.py:588} INFO - Filling up the DagBag from /opt/airflow/dags/dataset_user_processing.py
[2026-01-16T09:08:15.051+0000] {processor.py:925} INFO - DAG(s) 'user_processing_dataset' retrieved from /opt/airflow/dags/dataset_user_processing.py
[2026-01-16T09:08:15.074+0000] {logging_mixin.py:190} INFO - [2026-01-16T09:08:15.073+0000] {dag.py:3239} INFO - Sync 1 DAGs
[2026-01-16T09:08:15.100+0000] {logging_mixin.py:190} INFO - [2026-01-16T09:08:15.100+0000] {dag.py:4180} INFO - Setting next_dagrun for user_processing_dataset to 2026-01-15 00:00:00+00:00, run_after=2026-01-16 00:00:00+00:00
[2026-01-16T09:08:15.128+0000] {processor.py:208} INFO - Processing /opt/airflow/dags/dataset_user_processing.py took 0.910 seconds
[2026-01-16T09:08:45.924+0000] {processor.py:186} INFO - Started process (PID=3256) to work on /opt/airflow/dags/dataset_user_processing.py
[2026-01-16T09:08:45.925+0000] {processor.py:914} INFO - Processing file /opt/airflow/dags/dataset_user_processing.py for tasks to queue
[2026-01-16T09:08:45.929+0000] {logging_mixin.py:190} INFO - [2026-01-16T09:08:45.928+0000] {dagbag.py:588} INFO - Filling up the DagBag from /opt/airflow/dags/dataset_user_processing.py
[2026-01-16T09:08:46.671+0000] {processor.py:925} INFO - DAG(s) 'user_processing_dataset' retrieved from /opt/airflow/dags/dataset_user_processing.py
[2026-01-16T09:08:46.706+0000] {logging_mixin.py:190} INFO - [2026-01-16T09:08:46.705+0000] {dag.py:3239} INFO - Sync 1 DAGs
[2026-01-16T09:08:46.740+0000] {logging_mixin.py:190} INFO - [2026-01-16T09:08:46.740+0000] {dag.py:4180} INFO - Setting next_dagrun for user_processing_dataset to 2026-01-15 00:00:00+00:00, run_after=2026-01-16 00:00:00+00:00
[2026-01-16T09:08:46.778+0000] {processor.py:208} INFO - Processing /opt/airflow/dags/dataset_user_processing.py took 0.861 seconds
[2026-01-16T09:09:16.998+0000] {processor.py:186} INFO - Started process (PID=3280) to work on /opt/airflow/dags/dataset_user_processing.py
[2026-01-16T09:09:16.999+0000] {processor.py:914} INFO - Processing file /opt/airflow/dags/dataset_user_processing.py for tasks to queue
[2026-01-16T09:09:17.002+0000] {logging_mixin.py:190} INFO - [2026-01-16T09:09:17.001+0000] {dagbag.py:588} INFO - Filling up the DagBag from /opt/airflow/dags/dataset_user_processing.py
[2026-01-16T09:09:17.580+0000] {processor.py:925} INFO - DAG(s) 'user_processing_dataset' retrieved from /opt/airflow/dags/dataset_user_processing.py
[2026-01-16T09:09:17.624+0000] {logging_mixin.py:190} INFO - [2026-01-16T09:09:17.623+0000] {dag.py:3239} INFO - Sync 1 DAGs
[2026-01-16T09:09:17.651+0000] {logging_mixin.py:190} INFO - [2026-01-16T09:09:17.651+0000] {dag.py:4180} INFO - Setting next_dagrun for user_processing_dataset to 2026-01-15 00:00:00+00:00, run_after=2026-01-16 00:00:00+00:00
[2026-01-16T09:09:17.685+0000] {processor.py:208} INFO - Processing /opt/airflow/dags/dataset_user_processing.py took 0.707 seconds
[2026-01-16T09:09:48.282+0000] {processor.py:186} INFO - Started process (PID=3310) to work on /opt/airflow/dags/dataset_user_processing.py
[2026-01-16T09:09:48.286+0000] {processor.py:914} INFO - Processing file /opt/airflow/dags/dataset_user_processing.py for tasks to queue
[2026-01-16T09:09:48.292+0000] {logging_mixin.py:190} INFO - [2026-01-16T09:09:48.291+0000] {dagbag.py:588} INFO - Filling up the DagBag from /opt/airflow/dags/dataset_user_processing.py
[2026-01-16T09:09:49.490+0000] {processor.py:925} INFO - DAG(s) 'user_processing_dataset' retrieved from /opt/airflow/dags/dataset_user_processing.py
[2026-01-16T09:09:49.566+0000] {logging_mixin.py:190} INFO - [2026-01-16T09:09:49.565+0000] {dag.py:3239} INFO - Sync 1 DAGs
[2026-01-16T09:09:49.636+0000] {logging_mixin.py:190} INFO - [2026-01-16T09:09:49.636+0000] {dag.py:4180} INFO - Setting next_dagrun for user_processing_dataset to 2026-01-15 00:00:00+00:00, run_after=2026-01-16 00:00:00+00:00
[2026-01-16T09:09:49.684+0000] {processor.py:208} INFO - Processing /opt/airflow/dags/dataset_user_processing.py took 1.427 seconds
[2026-01-16T09:10:20.608+0000] {processor.py:186} INFO - Started process (PID=3334) to work on /opt/airflow/dags/dataset_user_processing.py
[2026-01-16T09:10:20.611+0000] {processor.py:914} INFO - Processing file /opt/airflow/dags/dataset_user_processing.py for tasks to queue
[2026-01-16T09:10:20.620+0000] {logging_mixin.py:190} INFO - [2026-01-16T09:10:20.619+0000] {dagbag.py:588} INFO - Filling up the DagBag from /opt/airflow/dags/dataset_user_processing.py
[2026-01-16T09:10:21.640+0000] {processor.py:925} INFO - DAG(s) 'user_processing_dataset' retrieved from /opt/airflow/dags/dataset_user_processing.py
[2026-01-16T09:10:21.678+0000] {logging_mixin.py:190} INFO - [2026-01-16T09:10:21.677+0000] {dag.py:3239} INFO - Sync 1 DAGs
[2026-01-16T09:10:21.728+0000] {logging_mixin.py:190} INFO - [2026-01-16T09:10:21.728+0000] {dag.py:4180} INFO - Setting next_dagrun for user_processing_dataset to 2026-01-15 00:00:00+00:00, run_after=2026-01-16 00:00:00+00:00
[2026-01-16T09:10:21.763+0000] {processor.py:208} INFO - Processing /opt/airflow/dags/dataset_user_processing.py took 1.170 seconds
[2026-01-16T09:10:52.112+0000] {processor.py:186} INFO - Started process (PID=3358) to work on /opt/airflow/dags/dataset_user_processing.py
[2026-01-16T09:10:52.113+0000] {processor.py:914} INFO - Processing file /opt/airflow/dags/dataset_user_processing.py for tasks to queue
[2026-01-16T09:10:52.121+0000] {logging_mixin.py:190} INFO - [2026-01-16T09:10:52.121+0000] {dagbag.py:588} INFO - Filling up the DagBag from /opt/airflow/dags/dataset_user_processing.py
[2026-01-16T09:10:52.742+0000] {processor.py:925} INFO - DAG(s) 'user_processing_dataset' retrieved from /opt/airflow/dags/dataset_user_processing.py
[2026-01-16T09:10:52.766+0000] {logging_mixin.py:190} INFO - [2026-01-16T09:10:52.766+0000] {dag.py:3239} INFO - Sync 1 DAGs
[2026-01-16T09:10:52.794+0000] {logging_mixin.py:190} INFO - [2026-01-16T09:10:52.794+0000] {dag.py:4180} INFO - Setting next_dagrun for user_processing_dataset to 2026-01-15 00:00:00+00:00, run_after=2026-01-16 00:00:00+00:00
[2026-01-16T09:10:52.819+0000] {processor.py:208} INFO - Processing /opt/airflow/dags/dataset_user_processing.py took 0.719 seconds
[2026-01-16T09:11:23.011+0000] {processor.py:186} INFO - Started process (PID=3382) to work on /opt/airflow/dags/dataset_user_processing.py
[2026-01-16T09:11:23.013+0000] {processor.py:914} INFO - Processing file /opt/airflow/dags/dataset_user_processing.py for tasks to queue
[2026-01-16T09:11:23.016+0000] {logging_mixin.py:190} INFO - [2026-01-16T09:11:23.016+0000] {dagbag.py:588} INFO - Filling up the DagBag from /opt/airflow/dags/dataset_user_processing.py
[2026-01-16T09:11:23.804+0000] {processor.py:925} INFO - DAG(s) 'user_processing_dataset' retrieved from /opt/airflow/dags/dataset_user_processing.py
[2026-01-16T09:11:23.837+0000] {logging_mixin.py:190} INFO - [2026-01-16T09:11:23.837+0000] {dag.py:3239} INFO - Sync 1 DAGs
[2026-01-16T09:11:23.870+0000] {logging_mixin.py:190} INFO - [2026-01-16T09:11:23.870+0000] {dag.py:4180} INFO - Setting next_dagrun for user_processing_dataset to 2026-01-15 00:00:00+00:00, run_after=2026-01-16 00:00:00+00:00
[2026-01-16T09:11:23.908+0000] {processor.py:208} INFO - Processing /opt/airflow/dags/dataset_user_processing.py took 0.908 seconds
[2026-01-16T09:11:54.663+0000] {processor.py:186} INFO - Started process (PID=3406) to work on /opt/airflow/dags/dataset_user_processing.py
[2026-01-16T09:11:54.668+0000] {processor.py:914} INFO - Processing file /opt/airflow/dags/dataset_user_processing.py for tasks to queue
[2026-01-16T09:11:54.677+0000] {logging_mixin.py:190} INFO - [2026-01-16T09:11:54.676+0000] {dagbag.py:588} INFO - Filling up the DagBag from /opt/airflow/dags/dataset_user_processing.py
[2026-01-16T09:11:55.661+0000] {processor.py:925} INFO - DAG(s) 'user_processing_dataset' retrieved from /opt/airflow/dags/dataset_user_processing.py
[2026-01-16T09:11:55.725+0000] {logging_mixin.py:190} INFO - [2026-01-16T09:11:55.724+0000] {dag.py:3239} INFO - Sync 1 DAGs
[2026-01-16T09:11:55.779+0000] {logging_mixin.py:190} INFO - [2026-01-16T09:11:55.779+0000] {dag.py:4180} INFO - Setting next_dagrun for user_processing_dataset to 2026-01-15 00:00:00+00:00, run_after=2026-01-16 00:00:00+00:00
[2026-01-16T09:11:55.814+0000] {processor.py:208} INFO - Processing /opt/airflow/dags/dataset_user_processing.py took 1.172 seconds
[2026-01-16T09:12:26.813+0000] {processor.py:186} INFO - Started process (PID=3430) to work on /opt/airflow/dags/dataset_user_processing.py
[2026-01-16T09:12:26.815+0000] {processor.py:914} INFO - Processing file /opt/airflow/dags/dataset_user_processing.py for tasks to queue
[2026-01-16T09:12:26.823+0000] {logging_mixin.py:190} INFO - [2026-01-16T09:12:26.823+0000] {dagbag.py:588} INFO - Filling up the DagBag from /opt/airflow/dags/dataset_user_processing.py
[2026-01-16T09:12:27.831+0000] {processor.py:925} INFO - DAG(s) 'user_processing_dataset' retrieved from /opt/airflow/dags/dataset_user_processing.py
[2026-01-16T09:12:27.869+0000] {logging_mixin.py:190} INFO - [2026-01-16T09:12:27.869+0000] {dag.py:3239} INFO - Sync 1 DAGs
[2026-01-16T09:12:27.913+0000] {logging_mixin.py:190} INFO - [2026-01-16T09:12:27.913+0000] {dag.py:4180} INFO - Setting next_dagrun for user_processing_dataset to 2026-01-15 00:00:00+00:00, run_after=2026-01-16 00:00:00+00:00
[2026-01-16T09:12:27.950+0000] {processor.py:208} INFO - Processing /opt/airflow/dags/dataset_user_processing.py took 1.154 seconds
[2026-01-16T09:12:59.599+0000] {processor.py:186} INFO - Started process (PID=3457) to work on /opt/airflow/dags/dataset_user_processing.py
[2026-01-16T09:12:59.601+0000] {processor.py:914} INFO - Processing file /opt/airflow/dags/dataset_user_processing.py for tasks to queue
[2026-01-16T09:12:59.606+0000] {logging_mixin.py:190} INFO - [2026-01-16T09:12:59.604+0000] {dagbag.py:588} INFO - Filling up the DagBag from /opt/airflow/dags/dataset_user_processing.py
[2026-01-16T09:13:00.629+0000] {processor.py:925} INFO - DAG(s) 'user_processing_dataset' retrieved from /opt/airflow/dags/dataset_user_processing.py
[2026-01-16T09:13:00.655+0000] {logging_mixin.py:190} INFO - [2026-01-16T09:13:00.654+0000] {dag.py:3239} INFO - Sync 1 DAGs
[2026-01-16T09:13:00.682+0000] {logging_mixin.py:190} INFO - [2026-01-16T09:13:00.682+0000] {dag.py:4180} INFO - Setting next_dagrun for user_processing_dataset to 2026-01-15 00:00:00+00:00, run_after=2026-01-16 00:00:00+00:00
[2026-01-16T09:13:00.726+0000] {processor.py:208} INFO - Processing /opt/airflow/dags/dataset_user_processing.py took 1.140 seconds
[2026-01-16T09:13:31.418+0000] {processor.py:186} INFO - Started process (PID=3482) to work on /opt/airflow/dags/dataset_user_processing.py
[2026-01-16T09:13:31.419+0000] {processor.py:914} INFO - Processing file /opt/airflow/dags/dataset_user_processing.py for tasks to queue
[2026-01-16T09:13:31.424+0000] {logging_mixin.py:190} INFO - [2026-01-16T09:13:31.423+0000] {dagbag.py:588} INFO - Filling up the DagBag from /opt/airflow/dags/dataset_user_processing.py
[2026-01-16T09:13:32.450+0000] {processor.py:925} INFO - DAG(s) 'user_processing_dataset' retrieved from /opt/airflow/dags/dataset_user_processing.py
[2026-01-16T09:13:32.497+0000] {logging_mixin.py:190} INFO - [2026-01-16T09:13:32.496+0000] {dag.py:3239} INFO - Sync 1 DAGs
[2026-01-16T09:13:32.544+0000] {logging_mixin.py:190} INFO - [2026-01-16T09:13:32.544+0000] {dag.py:4180} INFO - Setting next_dagrun for user_processing_dataset to 2026-01-15 00:00:00+00:00, run_after=2026-01-16 00:00:00+00:00
[2026-01-16T09:13:32.579+0000] {processor.py:208} INFO - Processing /opt/airflow/dags/dataset_user_processing.py took 1.178 seconds
[2026-01-16T09:14:03.021+0000] {processor.py:186} INFO - Started process (PID=3506) to work on /opt/airflow/dags/dataset_user_processing.py
[2026-01-16T09:14:03.025+0000] {processor.py:914} INFO - Processing file /opt/airflow/dags/dataset_user_processing.py for tasks to queue
[2026-01-16T09:14:03.031+0000] {logging_mixin.py:190} INFO - [2026-01-16T09:14:03.030+0000] {dagbag.py:588} INFO - Filling up the DagBag from /opt/airflow/dags/dataset_user_processing.py
[2026-01-16T09:14:03.919+0000] {processor.py:925} INFO - DAG(s) 'user_processing_dataset' retrieved from /opt/airflow/dags/dataset_user_processing.py
[2026-01-16T09:14:03.956+0000] {logging_mixin.py:190} INFO - [2026-01-16T09:14:03.955+0000] {dag.py:3239} INFO - Sync 1 DAGs
[2026-01-16T09:14:04.000+0000] {logging_mixin.py:190} INFO - [2026-01-16T09:14:04.000+0000] {dag.py:4180} INFO - Setting next_dagrun for user_processing_dataset to 2026-01-15 00:00:00+00:00, run_after=2026-01-16 00:00:00+00:00
[2026-01-16T09:14:04.042+0000] {processor.py:208} INFO - Processing /opt/airflow/dags/dataset_user_processing.py took 1.040 seconds
[2026-01-16T09:14:34.728+0000] {processor.py:186} INFO - Started process (PID=3530) to work on /opt/airflow/dags/dataset_user_processing.py
[2026-01-16T09:14:34.731+0000] {processor.py:914} INFO - Processing file /opt/airflow/dags/dataset_user_processing.py for tasks to queue
[2026-01-16T09:14:34.736+0000] {logging_mixin.py:190} INFO - [2026-01-16T09:14:34.736+0000] {dagbag.py:588} INFO - Filling up the DagBag from /opt/airflow/dags/dataset_user_processing.py
[2026-01-16T09:14:35.547+0000] {processor.py:925} INFO - DAG(s) 'user_processing_dataset' retrieved from /opt/airflow/dags/dataset_user_processing.py
[2026-01-16T09:14:35.580+0000] {logging_mixin.py:190} INFO - [2026-01-16T09:14:35.580+0000] {dag.py:3239} INFO - Sync 1 DAGs
[2026-01-16T09:14:35.609+0000] {logging_mixin.py:190} INFO - [2026-01-16T09:14:35.608+0000] {dag.py:4180} INFO - Setting next_dagrun for user_processing_dataset to 2026-01-15 00:00:00+00:00, run_after=2026-01-16 00:00:00+00:00
[2026-01-16T09:14:35.646+0000] {processor.py:208} INFO - Processing /opt/airflow/dags/dataset_user_processing.py took 0.931 seconds
[2026-01-16T09:15:05.877+0000] {processor.py:186} INFO - Started process (PID=3554) to work on /opt/airflow/dags/dataset_user_processing.py
[2026-01-16T09:15:05.878+0000] {processor.py:914} INFO - Processing file /opt/airflow/dags/dataset_user_processing.py for tasks to queue
[2026-01-16T09:15:05.882+0000] {logging_mixin.py:190} INFO - [2026-01-16T09:15:05.881+0000] {dagbag.py:588} INFO - Filling up the DagBag from /opt/airflow/dags/dataset_user_processing.py
[2026-01-16T09:15:06.657+0000] {processor.py:925} INFO - DAG(s) 'user_processing_dataset' retrieved from /opt/airflow/dags/dataset_user_processing.py
[2026-01-16T09:15:06.685+0000] {logging_mixin.py:190} INFO - [2026-01-16T09:15:06.684+0000] {dag.py:3239} INFO - Sync 1 DAGs
[2026-01-16T09:15:06.712+0000] {logging_mixin.py:190} INFO - [2026-01-16T09:15:06.712+0000] {dag.py:4180} INFO - Setting next_dagrun for user_processing_dataset to 2026-01-15 00:00:00+00:00, run_after=2026-01-16 00:00:00+00:00
[2026-01-16T09:15:06.743+0000] {processor.py:208} INFO - Processing /opt/airflow/dags/dataset_user_processing.py took 0.879 seconds
[2026-01-16T09:15:37.126+0000] {processor.py:186} INFO - Started process (PID=3578) to work on /opt/airflow/dags/dataset_user_processing.py
[2026-01-16T09:15:37.127+0000] {processor.py:914} INFO - Processing file /opt/airflow/dags/dataset_user_processing.py for tasks to queue
[2026-01-16T09:15:37.132+0000] {logging_mixin.py:190} INFO - [2026-01-16T09:15:37.131+0000] {dagbag.py:588} INFO - Filling up the DagBag from /opt/airflow/dags/dataset_user_processing.py
[2026-01-16T09:15:38.198+0000] {processor.py:925} INFO - DAG(s) 'user_processing_dataset' retrieved from /opt/airflow/dags/dataset_user_processing.py
[2026-01-16T09:15:38.255+0000] {logging_mixin.py:190} INFO - [2026-01-16T09:15:38.253+0000] {dag.py:3239} INFO - Sync 1 DAGs
[2026-01-16T09:15:38.310+0000] {logging_mixin.py:190} INFO - [2026-01-16T09:15:38.310+0000] {dag.py:4180} INFO - Setting next_dagrun for user_processing_dataset to 2026-01-15 00:00:00+00:00, run_after=2026-01-16 00:00:00+00:00
[2026-01-16T09:15:38.360+0000] {processor.py:208} INFO - Processing /opt/airflow/dags/dataset_user_processing.py took 1.249 seconds
[2026-01-16T09:16:08.822+0000] {processor.py:186} INFO - Started process (PID=3602) to work on /opt/airflow/dags/dataset_user_processing.py
[2026-01-16T09:16:08.824+0000] {processor.py:914} INFO - Processing file /opt/airflow/dags/dataset_user_processing.py for tasks to queue
[2026-01-16T09:16:08.827+0000] {logging_mixin.py:190} INFO - [2026-01-16T09:16:08.827+0000] {dagbag.py:588} INFO - Filling up the DagBag from /opt/airflow/dags/dataset_user_processing.py
[2026-01-16T09:16:09.560+0000] {processor.py:925} INFO - DAG(s) 'user_processing_dataset' retrieved from /opt/airflow/dags/dataset_user_processing.py
[2026-01-16T09:16:09.624+0000] {logging_mixin.py:190} INFO - [2026-01-16T09:16:09.623+0000] {dag.py:3239} INFO - Sync 1 DAGs
[2026-01-16T09:16:09.710+0000] {logging_mixin.py:190} INFO - [2026-01-16T09:16:09.709+0000] {dag.py:4180} INFO - Setting next_dagrun for user_processing_dataset to 2026-01-15 00:00:00+00:00, run_after=2026-01-16 00:00:00+00:00
[2026-01-16T09:16:09.774+0000] {processor.py:208} INFO - Processing /opt/airflow/dags/dataset_user_processing.py took 0.963 seconds
[2026-01-16T09:16:39.974+0000] {processor.py:186} INFO - Started process (PID=3625) to work on /opt/airflow/dags/dataset_user_processing.py
[2026-01-16T09:16:39.975+0000] {processor.py:914} INFO - Processing file /opt/airflow/dags/dataset_user_processing.py for tasks to queue
[2026-01-16T09:16:39.978+0000] {logging_mixin.py:190} INFO - [2026-01-16T09:16:39.978+0000] {dagbag.py:588} INFO - Filling up the DagBag from /opt/airflow/dags/dataset_user_processing.py
[2026-01-16T09:16:40.585+0000] {processor.py:925} INFO - DAG(s) 'user_processing_dataset' retrieved from /opt/airflow/dags/dataset_user_processing.py
[2026-01-16T09:16:40.611+0000] {logging_mixin.py:190} INFO - [2026-01-16T09:16:40.611+0000] {dag.py:3239} INFO - Sync 1 DAGs
[2026-01-16T09:16:40.635+0000] {logging_mixin.py:190} INFO - [2026-01-16T09:16:40.634+0000] {dag.py:4180} INFO - Setting next_dagrun for user_processing_dataset to 2026-01-15 00:00:00+00:00, run_after=2026-01-16 00:00:00+00:00
[2026-01-16T09:16:40.668+0000] {processor.py:208} INFO - Processing /opt/airflow/dags/dataset_user_processing.py took 0.704 seconds
[2026-01-16T09:17:10.754+0000] {processor.py:186} INFO - Started process (PID=3649) to work on /opt/airflow/dags/dataset_user_processing.py
[2026-01-16T09:17:10.756+0000] {processor.py:914} INFO - Processing file /opt/airflow/dags/dataset_user_processing.py for tasks to queue
[2026-01-16T09:17:10.759+0000] {logging_mixin.py:190} INFO - [2026-01-16T09:17:10.759+0000] {dagbag.py:588} INFO - Filling up the DagBag from /opt/airflow/dags/dataset_user_processing.py
[2026-01-16T09:17:11.577+0000] {processor.py:925} INFO - DAG(s) 'user_processing_dataset' retrieved from /opt/airflow/dags/dataset_user_processing.py
[2026-01-16T09:17:11.628+0000] {logging_mixin.py:190} INFO - [2026-01-16T09:17:11.627+0000] {dag.py:3239} INFO - Sync 1 DAGs
[2026-01-16T09:17:11.672+0000] {logging_mixin.py:190} INFO - [2026-01-16T09:17:11.672+0000] {dag.py:4180} INFO - Setting next_dagrun for user_processing_dataset to 2026-01-15 00:00:00+00:00, run_after=2026-01-16 00:00:00+00:00
[2026-01-16T09:17:11.702+0000] {processor.py:208} INFO - Processing /opt/airflow/dags/dataset_user_processing.py took 0.960 seconds
[2026-01-16T09:17:41.964+0000] {processor.py:186} INFO - Started process (PID=3673) to work on /opt/airflow/dags/dataset_user_processing.py
[2026-01-16T09:17:41.969+0000] {processor.py:914} INFO - Processing file /opt/airflow/dags/dataset_user_processing.py for tasks to queue
[2026-01-16T09:17:41.972+0000] {logging_mixin.py:190} INFO - [2026-01-16T09:17:41.972+0000] {dagbag.py:588} INFO - Filling up the DagBag from /opt/airflow/dags/dataset_user_processing.py
[2026-01-16T09:17:43.029+0000] {processor.py:925} INFO - DAG(s) 'user_processing_dataset' retrieved from /opt/airflow/dags/dataset_user_processing.py
[2026-01-16T09:17:43.122+0000] {logging_mixin.py:190} INFO - [2026-01-16T09:17:43.120+0000] {dag.py:3239} INFO - Sync 1 DAGs
[2026-01-16T09:17:43.193+0000] {logging_mixin.py:190} INFO - [2026-01-16T09:17:43.192+0000] {dag.py:4180} INFO - Setting next_dagrun for user_processing_dataset to 2026-01-15 00:00:00+00:00, run_after=2026-01-16 00:00:00+00:00
[2026-01-16T09:17:43.259+0000] {processor.py:208} INFO - Processing /opt/airflow/dags/dataset_user_processing.py took 1.310 seconds
[2026-01-16T09:18:13.357+0000] {processor.py:186} INFO - Started process (PID=3697) to work on /opt/airflow/dags/dataset_user_processing.py
[2026-01-16T09:18:13.359+0000] {processor.py:914} INFO - Processing file /opt/airflow/dags/dataset_user_processing.py for tasks to queue
[2026-01-16T09:18:13.365+0000] {logging_mixin.py:190} INFO - [2026-01-16T09:18:13.364+0000] {dagbag.py:588} INFO - Filling up the DagBag from /opt/airflow/dags/dataset_user_processing.py
[2026-01-16T09:18:14.463+0000] {processor.py:925} INFO - DAG(s) 'user_processing_dataset' retrieved from /opt/airflow/dags/dataset_user_processing.py
[2026-01-16T09:18:14.524+0000] {logging_mixin.py:190} INFO - [2026-01-16T09:18:14.521+0000] {dag.py:3239} INFO - Sync 1 DAGs
[2026-01-16T09:18:14.573+0000] {logging_mixin.py:190} INFO - [2026-01-16T09:18:14.573+0000] {dag.py:4180} INFO - Setting next_dagrun for user_processing_dataset to 2026-01-15 00:00:00+00:00, run_after=2026-01-16 00:00:00+00:00
[2026-01-16T09:18:14.609+0000] {processor.py:208} INFO - Processing /opt/airflow/dags/dataset_user_processing.py took 1.267 seconds
[2026-01-16T09:18:45.160+0000] {processor.py:186} INFO - Started process (PID=3721) to work on /opt/airflow/dags/dataset_user_processing.py
[2026-01-16T09:18:45.162+0000] {processor.py:914} INFO - Processing file /opt/airflow/dags/dataset_user_processing.py for tasks to queue
[2026-01-16T09:18:45.167+0000] {logging_mixin.py:190} INFO - [2026-01-16T09:18:45.167+0000] {dagbag.py:588} INFO - Filling up the DagBag from /opt/airflow/dags/dataset_user_processing.py
[2026-01-16T09:18:45.827+0000] {processor.py:925} INFO - DAG(s) 'user_processing_dataset' retrieved from /opt/airflow/dags/dataset_user_processing.py
[2026-01-16T09:18:45.851+0000] {logging_mixin.py:190} INFO - [2026-01-16T09:18:45.850+0000] {dag.py:3239} INFO - Sync 1 DAGs
[2026-01-16T09:18:45.875+0000] {logging_mixin.py:190} INFO - [2026-01-16T09:18:45.875+0000] {dag.py:4180} INFO - Setting next_dagrun for user_processing_dataset to 2026-01-15 00:00:00+00:00, run_after=2026-01-16 00:00:00+00:00
[2026-01-16T09:18:45.902+0000] {processor.py:208} INFO - Processing /opt/airflow/dags/dataset_user_processing.py took 0.757 seconds
[2026-01-16T09:19:16.036+0000] {processor.py:186} INFO - Started process (PID=3745) to work on /opt/airflow/dags/dataset_user_processing.py
[2026-01-16T09:19:16.037+0000] {processor.py:914} INFO - Processing file /opt/airflow/dags/dataset_user_processing.py for tasks to queue
[2026-01-16T09:19:16.040+0000] {logging_mixin.py:190} INFO - [2026-01-16T09:19:16.040+0000] {dagbag.py:588} INFO - Filling up the DagBag from /opt/airflow/dags/dataset_user_processing.py
[2026-01-16T09:19:16.713+0000] {processor.py:925} INFO - DAG(s) 'user_processing_dataset' retrieved from /opt/airflow/dags/dataset_user_processing.py
[2026-01-16T09:19:16.739+0000] {logging_mixin.py:190} INFO - [2026-01-16T09:19:16.739+0000] {dag.py:3239} INFO - Sync 1 DAGs
[2026-01-16T09:19:16.770+0000] {logging_mixin.py:190} INFO - [2026-01-16T09:19:16.770+0000] {dag.py:4180} INFO - Setting next_dagrun for user_processing_dataset to 2026-01-15 00:00:00+00:00, run_after=2026-01-16 00:00:00+00:00
[2026-01-16T09:19:16.799+0000] {processor.py:208} INFO - Processing /opt/airflow/dags/dataset_user_processing.py took 0.775 seconds
[2026-01-16T09:19:47.030+0000] {processor.py:186} INFO - Started process (PID=3768) to work on /opt/airflow/dags/dataset_user_processing.py
[2026-01-16T09:19:47.036+0000] {processor.py:914} INFO - Processing file /opt/airflow/dags/dataset_user_processing.py for tasks to queue
[2026-01-16T09:19:47.041+0000] {logging_mixin.py:190} INFO - [2026-01-16T09:19:47.040+0000] {dagbag.py:588} INFO - Filling up the DagBag from /opt/airflow/dags/dataset_user_processing.py
[2026-01-16T09:19:47.839+0000] {processor.py:925} INFO - DAG(s) 'user_processing_dataset' retrieved from /opt/airflow/dags/dataset_user_processing.py
[2026-01-16T09:19:47.893+0000] {logging_mixin.py:190} INFO - [2026-01-16T09:19:47.891+0000] {dag.py:3239} INFO - Sync 1 DAGs
[2026-01-16T09:19:47.943+0000] {logging_mixin.py:190} INFO - [2026-01-16T09:19:47.943+0000] {dag.py:4180} INFO - Setting next_dagrun for user_processing_dataset to 2026-01-15 00:00:00+00:00, run_after=2026-01-16 00:00:00+00:00
[2026-01-16T09:19:47.975+0000] {processor.py:208} INFO - Processing /opt/airflow/dags/dataset_user_processing.py took 0.954 seconds
[2026-01-16T09:20:18.158+0000] {processor.py:186} INFO - Started process (PID=3792) to work on /opt/airflow/dags/dataset_user_processing.py
[2026-01-16T09:20:18.160+0000] {processor.py:914} INFO - Processing file /opt/airflow/dags/dataset_user_processing.py for tasks to queue
[2026-01-16T09:20:18.164+0000] {logging_mixin.py:190} INFO - [2026-01-16T09:20:18.163+0000] {dagbag.py:588} INFO - Filling up the DagBag from /opt/airflow/dags/dataset_user_processing.py
[2026-01-16T09:20:18.880+0000] {processor.py:925} INFO - DAG(s) 'user_processing_dataset' retrieved from /opt/airflow/dags/dataset_user_processing.py
[2026-01-16T09:20:18.908+0000] {logging_mixin.py:190} INFO - [2026-01-16T09:20:18.907+0000] {dag.py:3239} INFO - Sync 1 DAGs
[2026-01-16T09:20:18.942+0000] {logging_mixin.py:190} INFO - [2026-01-16T09:20:18.942+0000] {dag.py:4180} INFO - Setting next_dagrun for user_processing_dataset to 2026-01-15 00:00:00+00:00, run_after=2026-01-16 00:00:00+00:00
[2026-01-16T09:20:18.980+0000] {processor.py:208} INFO - Processing /opt/airflow/dags/dataset_user_processing.py took 0.834 seconds
[2026-01-16T09:20:49.158+0000] {processor.py:186} INFO - Started process (PID=3816) to work on /opt/airflow/dags/dataset_user_processing.py
[2026-01-16T09:20:49.160+0000] {processor.py:914} INFO - Processing file /opt/airflow/dags/dataset_user_processing.py for tasks to queue
[2026-01-16T09:20:49.164+0000] {logging_mixin.py:190} INFO - [2026-01-16T09:20:49.163+0000] {dagbag.py:588} INFO - Filling up the DagBag from /opt/airflow/dags/dataset_user_processing.py
[2026-01-16T09:20:49.819+0000] {processor.py:925} INFO - DAG(s) 'user_processing_dataset' retrieved from /opt/airflow/dags/dataset_user_processing.py
[2026-01-16T09:20:49.854+0000] {logging_mixin.py:190} INFO - [2026-01-16T09:20:49.853+0000] {dag.py:3239} INFO - Sync 1 DAGs
[2026-01-16T09:20:49.885+0000] {logging_mixin.py:190} INFO - [2026-01-16T09:20:49.885+0000] {dag.py:4180} INFO - Setting next_dagrun for user_processing_dataset to 2026-01-15 00:00:00+00:00, run_after=2026-01-16 00:00:00+00:00
[2026-01-16T09:20:49.933+0000] {processor.py:208} INFO - Processing /opt/airflow/dags/dataset_user_processing.py took 0.783 seconds
[2026-01-16T09:21:20.084+0000] {processor.py:186} INFO - Started process (PID=3845) to work on /opt/airflow/dags/dataset_user_processing.py
[2026-01-16T09:21:20.086+0000] {processor.py:914} INFO - Processing file /opt/airflow/dags/dataset_user_processing.py for tasks to queue
[2026-01-16T09:21:20.089+0000] {logging_mixin.py:190} INFO - [2026-01-16T09:21:20.088+0000] {dagbag.py:588} INFO - Filling up the DagBag from /opt/airflow/dags/dataset_user_processing.py
[2026-01-16T09:21:20.686+0000] {processor.py:925} INFO - DAG(s) 'user_processing_dataset' retrieved from /opt/airflow/dags/dataset_user_processing.py
[2026-01-16T09:21:20.710+0000] {logging_mixin.py:190} INFO - [2026-01-16T09:21:20.710+0000] {dag.py:3239} INFO - Sync 1 DAGs
[2026-01-16T09:21:20.738+0000] {logging_mixin.py:190} INFO - [2026-01-16T09:21:20.738+0000] {dag.py:4180} INFO - Setting next_dagrun for user_processing_dataset to 2026-01-15 00:00:00+00:00, run_after=2026-01-16 00:00:00+00:00
[2026-01-16T09:21:20.771+0000] {processor.py:208} INFO - Processing /opt/airflow/dags/dataset_user_processing.py took 0.697 seconds
[2026-01-16T09:21:50.990+0000] {processor.py:186} INFO - Started process (PID=3870) to work on /opt/airflow/dags/dataset_user_processing.py
[2026-01-16T09:21:50.992+0000] {processor.py:914} INFO - Processing file /opt/airflow/dags/dataset_user_processing.py for tasks to queue
[2026-01-16T09:21:50.996+0000] {logging_mixin.py:190} INFO - [2026-01-16T09:21:50.995+0000] {dagbag.py:588} INFO - Filling up the DagBag from /opt/airflow/dags/dataset_user_processing.py
[2026-01-16T09:21:51.589+0000] {processor.py:925} INFO - DAG(s) 'user_processing_dataset' retrieved from /opt/airflow/dags/dataset_user_processing.py
[2026-01-16T09:21:51.613+0000] {logging_mixin.py:190} INFO - [2026-01-16T09:21:51.613+0000] {dag.py:3239} INFO - Sync 1 DAGs
[2026-01-16T09:21:51.641+0000] {logging_mixin.py:190} INFO - [2026-01-16T09:21:51.640+0000] {dag.py:4180} INFO - Setting next_dagrun for user_processing_dataset to 2026-01-15 00:00:00+00:00, run_after=2026-01-16 00:00:00+00:00
[2026-01-16T09:21:51.677+0000] {processor.py:208} INFO - Processing /opt/airflow/dags/dataset_user_processing.py took 0.696 seconds
[2026-01-16T09:22:22.309+0000] {processor.py:186} INFO - Started process (PID=3893) to work on /opt/airflow/dags/dataset_user_processing.py
[2026-01-16T09:22:22.311+0000] {processor.py:914} INFO - Processing file /opt/airflow/dags/dataset_user_processing.py for tasks to queue
[2026-01-16T09:22:22.314+0000] {logging_mixin.py:190} INFO - [2026-01-16T09:22:22.313+0000] {dagbag.py:588} INFO - Filling up the DagBag from /opt/airflow/dags/dataset_user_processing.py
[2026-01-16T09:22:23.079+0000] {processor.py:925} INFO - DAG(s) 'user_processing_dataset' retrieved from /opt/airflow/dags/dataset_user_processing.py
[2026-01-16T09:22:23.115+0000] {logging_mixin.py:190} INFO - [2026-01-16T09:22:23.114+0000] {dag.py:3239} INFO - Sync 1 DAGs
[2026-01-16T09:22:23.150+0000] {logging_mixin.py:190} INFO - [2026-01-16T09:22:23.150+0000] {dag.py:4180} INFO - Setting next_dagrun for user_processing_dataset to 2026-01-15 00:00:00+00:00, run_after=2026-01-16 00:00:00+00:00
[2026-01-16T09:22:23.185+0000] {processor.py:208} INFO - Processing /opt/airflow/dags/dataset_user_processing.py took 0.887 seconds
[2026-01-16T09:22:53.513+0000] {processor.py:186} INFO - Started process (PID=3917) to work on /opt/airflow/dags/dataset_user_processing.py
[2026-01-16T09:22:53.515+0000] {processor.py:914} INFO - Processing file /opt/airflow/dags/dataset_user_processing.py for tasks to queue
[2026-01-16T09:22:53.519+0000] {logging_mixin.py:190} INFO - [2026-01-16T09:22:53.519+0000] {dagbag.py:588} INFO - Filling up the DagBag from /opt/airflow/dags/dataset_user_processing.py
[2026-01-16T09:22:54.222+0000] {processor.py:925} INFO - DAG(s) 'user_processing_dataset' retrieved from /opt/airflow/dags/dataset_user_processing.py
[2026-01-16T09:22:54.269+0000] {logging_mixin.py:190} INFO - [2026-01-16T09:22:54.269+0000] {dag.py:3239} INFO - Sync 1 DAGs
[2026-01-16T09:22:54.305+0000] {logging_mixin.py:190} INFO - [2026-01-16T09:22:54.305+0000] {dag.py:4180} INFO - Setting next_dagrun for user_processing_dataset to 2026-01-15 00:00:00+00:00, run_after=2026-01-16 00:00:00+00:00
[2026-01-16T09:22:54.357+0000] {processor.py:208} INFO - Processing /opt/airflow/dags/dataset_user_processing.py took 0.853 seconds
[2026-01-16T09:23:24.435+0000] {processor.py:186} INFO - Started process (PID=3941) to work on /opt/airflow/dags/dataset_user_processing.py
[2026-01-16T09:23:24.436+0000] {processor.py:914} INFO - Processing file /opt/airflow/dags/dataset_user_processing.py for tasks to queue
[2026-01-16T09:23:24.439+0000] {logging_mixin.py:190} INFO - [2026-01-16T09:23:24.439+0000] {dagbag.py:588} INFO - Filling up the DagBag from /opt/airflow/dags/dataset_user_processing.py
[2026-01-16T09:23:25.024+0000] {processor.py:925} INFO - DAG(s) 'user_processing_dataset' retrieved from /opt/airflow/dags/dataset_user_processing.py
[2026-01-16T09:23:25.065+0000] {logging_mixin.py:190} INFO - [2026-01-16T09:23:25.064+0000] {dag.py:3239} INFO - Sync 1 DAGs
[2026-01-16T09:23:25.097+0000] {logging_mixin.py:190} INFO - [2026-01-16T09:23:25.097+0000] {dag.py:4180} INFO - Setting next_dagrun for user_processing_dataset to 2026-01-15 00:00:00+00:00, run_after=2026-01-16 00:00:00+00:00
[2026-01-16T09:23:25.136+0000] {processor.py:208} INFO - Processing /opt/airflow/dags/dataset_user_processing.py took 0.715 seconds
[2026-01-16T09:23:55.708+0000] {processor.py:186} INFO - Started process (PID=3964) to work on /opt/airflow/dags/dataset_user_processing.py
[2026-01-16T09:23:55.710+0000] {processor.py:914} INFO - Processing file /opt/airflow/dags/dataset_user_processing.py for tasks to queue
[2026-01-16T09:23:55.714+0000] {logging_mixin.py:190} INFO - [2026-01-16T09:23:55.713+0000] {dagbag.py:588} INFO - Filling up the DagBag from /opt/airflow/dags/dataset_user_processing.py
[2026-01-16T09:23:56.675+0000] {processor.py:925} INFO - DAG(s) 'user_processing_dataset' retrieved from /opt/airflow/dags/dataset_user_processing.py
[2026-01-16T09:23:56.724+0000] {logging_mixin.py:190} INFO - [2026-01-16T09:23:56.724+0000] {dag.py:3239} INFO - Sync 1 DAGs
[2026-01-16T09:23:56.775+0000] {logging_mixin.py:190} INFO - [2026-01-16T09:23:56.775+0000] {dag.py:4180} INFO - Setting next_dagrun for user_processing_dataset to 2026-01-15 00:00:00+00:00, run_after=2026-01-16 00:00:00+00:00
[2026-01-16T09:23:56.814+0000] {processor.py:208} INFO - Processing /opt/airflow/dags/dataset_user_processing.py took 1.117 seconds
[2026-01-16T09:24:27.117+0000] {processor.py:186} INFO - Started process (PID=3988) to work on /opt/airflow/dags/dataset_user_processing.py
[2026-01-16T09:24:27.120+0000] {processor.py:914} INFO - Processing file /opt/airflow/dags/dataset_user_processing.py for tasks to queue
[2026-01-16T09:24:27.132+0000] {logging_mixin.py:190} INFO - [2026-01-16T09:24:27.131+0000] {dagbag.py:588} INFO - Filling up the DagBag from /opt/airflow/dags/dataset_user_processing.py
[2026-01-16T09:24:27.990+0000] {processor.py:925} INFO - DAG(s) 'user_processing_dataset' retrieved from /opt/airflow/dags/dataset_user_processing.py
[2026-01-16T09:24:28.041+0000] {logging_mixin.py:190} INFO - [2026-01-16T09:24:28.040+0000] {dag.py:3239} INFO - Sync 1 DAGs
[2026-01-16T09:24:28.111+0000] {logging_mixin.py:190} INFO - [2026-01-16T09:24:28.110+0000] {dag.py:4180} INFO - Setting next_dagrun for user_processing_dataset to 2026-01-15 00:00:00+00:00, run_after=2026-01-16 00:00:00+00:00
[2026-01-16T09:24:28.257+0000] {processor.py:208} INFO - Processing /opt/airflow/dags/dataset_user_processing.py took 1.154 seconds
[2026-01-16T09:24:59.104+0000] {processor.py:186} INFO - Started process (PID=4012) to work on /opt/airflow/dags/dataset_user_processing.py
[2026-01-16T09:24:59.105+0000] {processor.py:914} INFO - Processing file /opt/airflow/dags/dataset_user_processing.py for tasks to queue
[2026-01-16T09:24:59.111+0000] {logging_mixin.py:190} INFO - [2026-01-16T09:24:59.110+0000] {dagbag.py:588} INFO - Filling up the DagBag from /opt/airflow/dags/dataset_user_processing.py
[2026-01-16T09:24:59.923+0000] {processor.py:925} INFO - DAG(s) 'user_processing_dataset' retrieved from /opt/airflow/dags/dataset_user_processing.py
[2026-01-16T09:24:59.959+0000] {logging_mixin.py:190} INFO - [2026-01-16T09:24:59.958+0000] {dag.py:3239} INFO - Sync 1 DAGs
[2026-01-16T09:24:59.990+0000] {logging_mixin.py:190} INFO - [2026-01-16T09:24:59.990+0000] {dag.py:4180} INFO - Setting next_dagrun for user_processing_dataset to 2026-01-15 00:00:00+00:00, run_after=2026-01-16 00:00:00+00:00
[2026-01-16T09:25:00.037+0000] {processor.py:208} INFO - Processing /opt/airflow/dags/dataset_user_processing.py took 0.943 seconds
[2026-01-16T09:25:30.285+0000] {processor.py:186} INFO - Started process (PID=4036) to work on /opt/airflow/dags/dataset_user_processing.py
[2026-01-16T09:25:30.287+0000] {processor.py:914} INFO - Processing file /opt/airflow/dags/dataset_user_processing.py for tasks to queue
[2026-01-16T09:25:30.295+0000] {logging_mixin.py:190} INFO - [2026-01-16T09:25:30.294+0000] {dagbag.py:588} INFO - Filling up the DagBag from /opt/airflow/dags/dataset_user_processing.py
[2026-01-16T09:25:31.118+0000] {processor.py:925} INFO - DAG(s) 'user_processing_dataset' retrieved from /opt/airflow/dags/dataset_user_processing.py
[2026-01-16T09:25:31.149+0000] {logging_mixin.py:190} INFO - [2026-01-16T09:25:31.149+0000] {dag.py:3239} INFO - Sync 1 DAGs
[2026-01-16T09:25:31.179+0000] {logging_mixin.py:190} INFO - [2026-01-16T09:25:31.178+0000] {dag.py:4180} INFO - Setting next_dagrun for user_processing_dataset to 2026-01-15 00:00:00+00:00, run_after=2026-01-16 00:00:00+00:00
[2026-01-16T09:25:31.220+0000] {processor.py:208} INFO - Processing /opt/airflow/dags/dataset_user_processing.py took 0.947 seconds
[2026-01-16T09:26:01.511+0000] {processor.py:186} INFO - Started process (PID=4060) to work on /opt/airflow/dags/dataset_user_processing.py
[2026-01-16T09:26:01.512+0000] {processor.py:914} INFO - Processing file /opt/airflow/dags/dataset_user_processing.py for tasks to queue
[2026-01-16T09:26:01.517+0000] {logging_mixin.py:190} INFO - [2026-01-16T09:26:01.517+0000] {dagbag.py:588} INFO - Filling up the DagBag from /opt/airflow/dags/dataset_user_processing.py
[2026-01-16T09:26:02.252+0000] {processor.py:925} INFO - DAG(s) 'user_processing_dataset' retrieved from /opt/airflow/dags/dataset_user_processing.py
[2026-01-16T09:26:02.299+0000] {logging_mixin.py:190} INFO - [2026-01-16T09:26:02.296+0000] {dag.py:3239} INFO - Sync 1 DAGs
[2026-01-16T09:26:02.343+0000] {logging_mixin.py:190} INFO - [2026-01-16T09:26:02.342+0000] {dag.py:4180} INFO - Setting next_dagrun for user_processing_dataset to 2026-01-15 00:00:00+00:00, run_after=2026-01-16 00:00:00+00:00
[2026-01-16T09:26:02.390+0000] {processor.py:208} INFO - Processing /opt/airflow/dags/dataset_user_processing.py took 0.891 seconds
[2026-01-16T09:26:33.155+0000] {processor.py:186} INFO - Started process (PID=4084) to work on /opt/airflow/dags/dataset_user_processing.py
[2026-01-16T09:26:33.157+0000] {processor.py:914} INFO - Processing file /opt/airflow/dags/dataset_user_processing.py for tasks to queue
[2026-01-16T09:26:33.162+0000] {logging_mixin.py:190} INFO - [2026-01-16T09:26:33.162+0000] {dagbag.py:588} INFO - Filling up the DagBag from /opt/airflow/dags/dataset_user_processing.py
[2026-01-16T09:26:33.957+0000] {processor.py:925} INFO - DAG(s) 'user_processing_dataset' retrieved from /opt/airflow/dags/dataset_user_processing.py
[2026-01-16T09:26:33.991+0000] {logging_mixin.py:190} INFO - [2026-01-16T09:26:33.990+0000] {dag.py:3239} INFO - Sync 1 DAGs
[2026-01-16T09:26:34.026+0000] {logging_mixin.py:190} INFO - [2026-01-16T09:26:34.025+0000] {dag.py:4180} INFO - Setting next_dagrun for user_processing_dataset to 2026-01-15 00:00:00+00:00, run_after=2026-01-16 00:00:00+00:00
[2026-01-16T09:26:34.062+0000] {processor.py:208} INFO - Processing /opt/airflow/dags/dataset_user_processing.py took 0.922 seconds
[2026-01-16T09:27:04.407+0000] {processor.py:186} INFO - Started process (PID=4108) to work on /opt/airflow/dags/dataset_user_processing.py
[2026-01-16T09:27:04.410+0000] {processor.py:914} INFO - Processing file /opt/airflow/dags/dataset_user_processing.py for tasks to queue
[2026-01-16T09:27:04.422+0000] {logging_mixin.py:190} INFO - [2026-01-16T09:27:04.421+0000] {dagbag.py:588} INFO - Filling up the DagBag from /opt/airflow/dags/dataset_user_processing.py
[2026-01-16T09:27:05.736+0000] {processor.py:925} INFO - DAG(s) 'user_processing_dataset' retrieved from /opt/airflow/dags/dataset_user_processing.py
[2026-01-16T09:27:05.785+0000] {logging_mixin.py:190} INFO - [2026-01-16T09:27:05.784+0000] {dag.py:3239} INFO - Sync 1 DAGs
[2026-01-16T09:27:05.835+0000] {logging_mixin.py:190} INFO - [2026-01-16T09:27:05.834+0000] {dag.py:4180} INFO - Setting next_dagrun for user_processing_dataset to 2026-01-15 00:00:00+00:00, run_after=2026-01-16 00:00:00+00:00
[2026-01-16T09:27:05.888+0000] {processor.py:208} INFO - Processing /opt/airflow/dags/dataset_user_processing.py took 1.502 seconds
[2026-01-16T09:27:36.447+0000] {processor.py:186} INFO - Started process (PID=4132) to work on /opt/airflow/dags/dataset_user_processing.py
[2026-01-16T09:27:36.449+0000] {processor.py:914} INFO - Processing file /opt/airflow/dags/dataset_user_processing.py for tasks to queue
[2026-01-16T09:27:36.455+0000] {logging_mixin.py:190} INFO - [2026-01-16T09:27:36.454+0000] {dagbag.py:588} INFO - Filling up the DagBag from /opt/airflow/dags/dataset_user_processing.py
[2026-01-16T09:27:37.527+0000] {processor.py:925} INFO - DAG(s) 'user_processing_dataset' retrieved from /opt/airflow/dags/dataset_user_processing.py
[2026-01-16T09:27:37.569+0000] {logging_mixin.py:190} INFO - [2026-01-16T09:27:37.569+0000] {dag.py:3239} INFO - Sync 1 DAGs
[2026-01-16T09:27:37.620+0000] {logging_mixin.py:190} INFO - [2026-01-16T09:27:37.620+0000] {dag.py:4180} INFO - Setting next_dagrun for user_processing_dataset to 2026-01-15 00:00:00+00:00, run_after=2026-01-16 00:00:00+00:00
[2026-01-16T09:27:37.678+0000] {processor.py:208} INFO - Processing /opt/airflow/dags/dataset_user_processing.py took 1.249 seconds
[2026-01-16T09:28:07.946+0000] {processor.py:186} INFO - Started process (PID=4156) to work on /opt/airflow/dags/dataset_user_processing.py
[2026-01-16T09:28:07.949+0000] {processor.py:914} INFO - Processing file /opt/airflow/dags/dataset_user_processing.py for tasks to queue
[2026-01-16T09:28:07.954+0000] {logging_mixin.py:190} INFO - [2026-01-16T09:28:07.954+0000] {dagbag.py:588} INFO - Filling up the DagBag from /opt/airflow/dags/dataset_user_processing.py
[2026-01-16T09:28:08.938+0000] {processor.py:925} INFO - DAG(s) 'user_processing_dataset' retrieved from /opt/airflow/dags/dataset_user_processing.py
[2026-01-16T09:28:08.986+0000] {logging_mixin.py:190} INFO - [2026-01-16T09:28:08.986+0000] {dag.py:3239} INFO - Sync 1 DAGs
[2026-01-16T09:28:09.041+0000] {logging_mixin.py:190} INFO - [2026-01-16T09:28:09.041+0000] {dag.py:4180} INFO - Setting next_dagrun for user_processing_dataset to 2026-01-15 00:00:00+00:00, run_after=2026-01-16 00:00:00+00:00
[2026-01-16T09:28:09.090+0000] {processor.py:208} INFO - Processing /opt/airflow/dags/dataset_user_processing.py took 1.162 seconds
[2026-01-16T09:28:39.242+0000] {processor.py:186} INFO - Started process (PID=4180) to work on /opt/airflow/dags/dataset_user_processing.py
[2026-01-16T09:28:39.245+0000] {processor.py:914} INFO - Processing file /opt/airflow/dags/dataset_user_processing.py for tasks to queue
[2026-01-16T09:28:39.252+0000] {logging_mixin.py:190} INFO - [2026-01-16T09:28:39.249+0000] {dagbag.py:588} INFO - Filling up the DagBag from /opt/airflow/dags/dataset_user_processing.py
[2026-01-16T09:28:40.638+0000] {processor.py:925} INFO - DAG(s) 'user_processing_dataset' retrieved from /opt/airflow/dags/dataset_user_processing.py
[2026-01-16T09:28:40.717+0000] {logging_mixin.py:190} INFO - [2026-01-16T09:28:40.711+0000] {dag.py:3239} INFO - Sync 1 DAGs
[2026-01-16T09:28:40.797+0000] {logging_mixin.py:190} INFO - [2026-01-16T09:28:40.796+0000] {dag.py:4180} INFO - Setting next_dagrun for user_processing_dataset to 2026-01-15 00:00:00+00:00, run_after=2026-01-16 00:00:00+00:00
[2026-01-16T09:28:40.860+0000] {processor.py:208} INFO - Processing /opt/airflow/dags/dataset_user_processing.py took 1.638 seconds
[2026-01-16T09:29:11.012+0000] {processor.py:186} INFO - Started process (PID=4206) to work on /opt/airflow/dags/dataset_user_processing.py
[2026-01-16T09:29:11.013+0000] {processor.py:914} INFO - Processing file /opt/airflow/dags/dataset_user_processing.py for tasks to queue
[2026-01-16T09:29:11.023+0000] {logging_mixin.py:190} INFO - [2026-01-16T09:29:11.023+0000] {dagbag.py:588} INFO - Filling up the DagBag from /opt/airflow/dags/dataset_user_processing.py
[2026-01-16T09:29:12.326+0000] {processor.py:925} INFO - DAG(s) 'user_processing_dataset' retrieved from /opt/airflow/dags/dataset_user_processing.py
[2026-01-16T09:29:12.373+0000] {logging_mixin.py:190} INFO - [2026-01-16T09:29:12.372+0000] {dag.py:3239} INFO - Sync 1 DAGs
[2026-01-16T09:29:12.417+0000] {logging_mixin.py:190} INFO - [2026-01-16T09:29:12.416+0000] {dag.py:4180} INFO - Setting next_dagrun for user_processing_dataset to 2026-01-15 00:00:00+00:00, run_after=2026-01-16 00:00:00+00:00
[2026-01-16T09:29:12.495+0000] {processor.py:208} INFO - Processing /opt/airflow/dags/dataset_user_processing.py took 1.500 seconds
[2026-01-16T09:29:43.533+0000] {processor.py:186} INFO - Started process (PID=4230) to work on /opt/airflow/dags/dataset_user_processing.py
[2026-01-16T09:29:43.536+0000] {processor.py:914} INFO - Processing file /opt/airflow/dags/dataset_user_processing.py for tasks to queue
[2026-01-16T09:29:43.542+0000] {logging_mixin.py:190} INFO - [2026-01-16T09:29:43.541+0000] {dagbag.py:588} INFO - Filling up the DagBag from /opt/airflow/dags/dataset_user_processing.py
[2026-01-16T09:29:44.711+0000] {processor.py:925} INFO - DAG(s) 'user_processing_dataset' retrieved from /opt/airflow/dags/dataset_user_processing.py
[2026-01-16T09:29:44.762+0000] {logging_mixin.py:190} INFO - [2026-01-16T09:29:44.761+0000] {dag.py:3239} INFO - Sync 1 DAGs
[2026-01-16T09:29:44.812+0000] {logging_mixin.py:190} INFO - [2026-01-16T09:29:44.812+0000] {dag.py:4180} INFO - Setting next_dagrun for user_processing_dataset to 2026-01-15 00:00:00+00:00, run_after=2026-01-16 00:00:00+00:00
[2026-01-16T09:29:44.876+0000] {processor.py:208} INFO - Processing /opt/airflow/dags/dataset_user_processing.py took 1.363 seconds
[2026-01-16T09:30:15.531+0000] {processor.py:186} INFO - Started process (PID=4258) to work on /opt/airflow/dags/dataset_user_processing.py
[2026-01-16T09:30:15.534+0000] {processor.py:914} INFO - Processing file /opt/airflow/dags/dataset_user_processing.py for tasks to queue
[2026-01-16T09:30:15.544+0000] {logging_mixin.py:190} INFO - [2026-01-16T09:30:15.542+0000] {dagbag.py:588} INFO - Filling up the DagBag from /opt/airflow/dags/dataset_user_processing.py
[2026-01-16T09:30:16.567+0000] {processor.py:925} INFO - DAG(s) 'user_processing_dataset' retrieved from /opt/airflow/dags/dataset_user_processing.py
[2026-01-16T09:30:16.607+0000] {logging_mixin.py:190} INFO - [2026-01-16T09:30:16.606+0000] {dag.py:3239} INFO - Sync 1 DAGs
[2026-01-16T09:30:16.647+0000] {logging_mixin.py:190} INFO - [2026-01-16T09:30:16.647+0000] {dag.py:4180} INFO - Setting next_dagrun for user_processing_dataset to 2026-01-15 00:00:00+00:00, run_after=2026-01-16 00:00:00+00:00
[2026-01-16T09:30:16.692+0000] {processor.py:208} INFO - Processing /opt/airflow/dags/dataset_user_processing.py took 1.181 seconds
[2026-01-16T09:30:47.231+0000] {processor.py:186} INFO - Started process (PID=4283) to work on /opt/airflow/dags/dataset_user_processing.py
[2026-01-16T09:30:47.233+0000] {processor.py:914} INFO - Processing file /opt/airflow/dags/dataset_user_processing.py for tasks to queue
[2026-01-16T09:30:47.239+0000] {logging_mixin.py:190} INFO - [2026-01-16T09:30:47.238+0000] {dagbag.py:588} INFO - Filling up the DagBag from /opt/airflow/dags/dataset_user_processing.py
[2026-01-16T09:30:48.156+0000] {processor.py:925} INFO - DAG(s) 'user_processing_dataset' retrieved from /opt/airflow/dags/dataset_user_processing.py
[2026-01-16T09:30:48.192+0000] {logging_mixin.py:190} INFO - [2026-01-16T09:30:48.191+0000] {dag.py:3239} INFO - Sync 1 DAGs
[2026-01-16T09:30:48.230+0000] {logging_mixin.py:190} INFO - [2026-01-16T09:30:48.229+0000] {dag.py:4180} INFO - Setting next_dagrun for user_processing_dataset to 2026-01-15 00:00:00+00:00, run_after=2026-01-16 00:00:00+00:00
[2026-01-16T09:30:48.269+0000] {processor.py:208} INFO - Processing /opt/airflow/dags/dataset_user_processing.py took 1.055 seconds
[2026-01-16T09:31:18.731+0000] {processor.py:186} INFO - Started process (PID=4308) to work on /opt/airflow/dags/dataset_user_processing.py
[2026-01-16T09:31:18.733+0000] {processor.py:914} INFO - Processing file /opt/airflow/dags/dataset_user_processing.py for tasks to queue
[2026-01-16T09:31:18.739+0000] {logging_mixin.py:190} INFO - [2026-01-16T09:31:18.738+0000] {dagbag.py:588} INFO - Filling up the DagBag from /opt/airflow/dags/dataset_user_processing.py
[2026-01-16T09:31:19.767+0000] {processor.py:925} INFO - DAG(s) 'user_processing_dataset' retrieved from /opt/airflow/dags/dataset_user_processing.py
[2026-01-16T09:31:19.818+0000] {logging_mixin.py:190} INFO - [2026-01-16T09:31:19.816+0000] {dag.py:3239} INFO - Sync 1 DAGs
[2026-01-16T09:31:19.868+0000] {logging_mixin.py:190} INFO - [2026-01-16T09:31:19.868+0000] {dag.py:4180} INFO - Setting next_dagrun for user_processing_dataset to 2026-01-15 00:00:00+00:00, run_after=2026-01-16 00:00:00+00:00
[2026-01-16T09:31:19.902+0000] {processor.py:208} INFO - Processing /opt/airflow/dags/dataset_user_processing.py took 1.186 seconds
[2026-01-16T09:31:50.342+0000] {processor.py:186} INFO - Started process (PID=4332) to work on /opt/airflow/dags/dataset_user_processing.py
[2026-01-16T09:31:50.345+0000] {processor.py:914} INFO - Processing file /opt/airflow/dags/dataset_user_processing.py for tasks to queue
[2026-01-16T09:31:50.350+0000] {logging_mixin.py:190} INFO - [2026-01-16T09:31:50.349+0000] {dagbag.py:588} INFO - Filling up the DagBag from /opt/airflow/dags/dataset_user_processing.py
[2026-01-16T09:31:51.255+0000] {processor.py:925} INFO - DAG(s) 'user_processing_dataset' retrieved from /opt/airflow/dags/dataset_user_processing.py
[2026-01-16T09:31:51.298+0000] {logging_mixin.py:190} INFO - [2026-01-16T09:31:51.298+0000] {dag.py:3239} INFO - Sync 1 DAGs
[2026-01-16T09:31:51.346+0000] {logging_mixin.py:190} INFO - [2026-01-16T09:31:51.346+0000] {dag.py:4180} INFO - Setting next_dagrun for user_processing_dataset to 2026-01-15 00:00:00+00:00, run_after=2026-01-16 00:00:00+00:00
[2026-01-16T09:31:51.406+0000] {processor.py:208} INFO - Processing /opt/airflow/dags/dataset_user_processing.py took 1.079 seconds
[2026-01-16T09:32:21.688+0000] {processor.py:186} INFO - Started process (PID=4356) to work on /opt/airflow/dags/dataset_user_processing.py
[2026-01-16T09:32:21.689+0000] {processor.py:914} INFO - Processing file /opt/airflow/dags/dataset_user_processing.py for tasks to queue
[2026-01-16T09:32:21.695+0000] {logging_mixin.py:190} INFO - [2026-01-16T09:32:21.694+0000] {dagbag.py:588} INFO - Filling up the DagBag from /opt/airflow/dags/dataset_user_processing.py
[2026-01-16T09:32:22.522+0000] {processor.py:925} INFO - DAG(s) 'user_processing_dataset' retrieved from /opt/airflow/dags/dataset_user_processing.py
[2026-01-16T09:32:22.558+0000] {logging_mixin.py:190} INFO - [2026-01-16T09:32:22.557+0000] {dag.py:3239} INFO - Sync 1 DAGs
[2026-01-16T09:32:22.598+0000] {logging_mixin.py:190} INFO - [2026-01-16T09:32:22.597+0000] {dag.py:4180} INFO - Setting next_dagrun for user_processing_dataset to 2026-01-15 00:00:00+00:00, run_after=2026-01-16 00:00:00+00:00
[2026-01-16T09:32:22.644+0000] {processor.py:208} INFO - Processing /opt/airflow/dags/dataset_user_processing.py took 0.973 seconds
[2026-01-16T09:32:52.929+0000] {processor.py:186} INFO - Started process (PID=4384) to work on /opt/airflow/dags/dataset_user_processing.py
[2026-01-16T09:32:52.939+0000] {processor.py:914} INFO - Processing file /opt/airflow/dags/dataset_user_processing.py for tasks to queue
[2026-01-16T09:32:52.945+0000] {logging_mixin.py:190} INFO - [2026-01-16T09:32:52.944+0000] {dagbag.py:588} INFO - Filling up the DagBag from /opt/airflow/dags/dataset_user_processing.py
[2026-01-16T09:32:54.309+0000] {processor.py:925} INFO - DAG(s) 'user_processing_dataset' retrieved from /opt/airflow/dags/dataset_user_processing.py
[2026-01-16T09:32:54.365+0000] {logging_mixin.py:190} INFO - [2026-01-16T09:32:54.362+0000] {dag.py:3239} INFO - Sync 1 DAGs
[2026-01-16T09:32:54.469+0000] {logging_mixin.py:190} INFO - [2026-01-16T09:32:54.468+0000] {dag.py:4180} INFO - Setting next_dagrun for user_processing_dataset to 2026-01-15 00:00:00+00:00, run_after=2026-01-16 00:00:00+00:00
[2026-01-16T09:32:54.572+0000] {processor.py:208} INFO - Processing /opt/airflow/dags/dataset_user_processing.py took 1.677 seconds
[2026-01-16T09:33:24.678+0000] {processor.py:186} INFO - Started process (PID=4409) to work on /opt/airflow/dags/dataset_user_processing.py
[2026-01-16T09:33:24.680+0000] {processor.py:914} INFO - Processing file /opt/airflow/dags/dataset_user_processing.py for tasks to queue
[2026-01-16T09:33:24.684+0000] {logging_mixin.py:190} INFO - [2026-01-16T09:33:24.684+0000] {dagbag.py:588} INFO - Filling up the DagBag from /opt/airflow/dags/dataset_user_processing.py
[2026-01-16T09:33:25.578+0000] {processor.py:925} INFO - DAG(s) 'user_processing_dataset' retrieved from /opt/airflow/dags/dataset_user_processing.py
[2026-01-16T09:33:25.627+0000] {logging_mixin.py:190} INFO - [2026-01-16T09:33:25.626+0000] {dag.py:3239} INFO - Sync 1 DAGs
[2026-01-16T09:33:25.667+0000] {logging_mixin.py:190} INFO - [2026-01-16T09:33:25.667+0000] {dag.py:4180} INFO - Setting next_dagrun for user_processing_dataset to 2026-01-15 00:00:00+00:00, run_after=2026-01-16 00:00:00+00:00
[2026-01-16T09:33:25.716+0000] {processor.py:208} INFO - Processing /opt/airflow/dags/dataset_user_processing.py took 1.051 seconds
[2026-01-16T09:33:55.849+0000] {processor.py:186} INFO - Started process (PID=4433) to work on /opt/airflow/dags/dataset_user_processing.py
[2026-01-16T09:33:55.852+0000] {processor.py:914} INFO - Processing file /opt/airflow/dags/dataset_user_processing.py for tasks to queue
[2026-01-16T09:33:55.856+0000] {logging_mixin.py:190} INFO - [2026-01-16T09:33:55.856+0000] {dagbag.py:588} INFO - Filling up the DagBag from /opt/airflow/dags/dataset_user_processing.py
[2026-01-16T09:33:56.956+0000] {processor.py:925} INFO - DAG(s) 'user_processing_dataset' retrieved from /opt/airflow/dags/dataset_user_processing.py
[2026-01-16T09:33:57.004+0000] {logging_mixin.py:190} INFO - [2026-01-16T09:33:57.003+0000] {dag.py:3239} INFO - Sync 1 DAGs
[2026-01-16T09:33:57.094+0000] {logging_mixin.py:190} INFO - [2026-01-16T09:33:57.093+0000] {dag.py:4180} INFO - Setting next_dagrun for user_processing_dataset to 2026-01-15 00:00:00+00:00, run_after=2026-01-16 00:00:00+00:00
[2026-01-16T09:33:57.185+0000] {processor.py:208} INFO - Processing /opt/airflow/dags/dataset_user_processing.py took 1.359 seconds
[2026-01-16T09:34:27.779+0000] {processor.py:186} INFO - Started process (PID=4458) to work on /opt/airflow/dags/dataset_user_processing.py
[2026-01-16T09:34:27.781+0000] {processor.py:914} INFO - Processing file /opt/airflow/dags/dataset_user_processing.py for tasks to queue
[2026-01-16T09:34:27.787+0000] {logging_mixin.py:190} INFO - [2026-01-16T09:34:27.786+0000] {dagbag.py:588} INFO - Filling up the DagBag from /opt/airflow/dags/dataset_user_processing.py
[2026-01-16T09:34:28.704+0000] {processor.py:925} INFO - DAG(s) 'user_processing_dataset' retrieved from /opt/airflow/dags/dataset_user_processing.py
[2026-01-16T09:34:28.744+0000] {logging_mixin.py:190} INFO - [2026-01-16T09:34:28.743+0000] {dag.py:3239} INFO - Sync 1 DAGs
[2026-01-16T09:34:28.794+0000] {logging_mixin.py:190} INFO - [2026-01-16T09:34:28.793+0000] {dag.py:4180} INFO - Setting next_dagrun for user_processing_dataset to 2026-01-15 00:00:00+00:00, run_after=2026-01-16 00:00:00+00:00
[2026-01-16T09:34:28.832+0000] {processor.py:208} INFO - Processing /opt/airflow/dags/dataset_user_processing.py took 1.073 seconds
[2026-01-16T09:34:58.996+0000] {processor.py:186} INFO - Started process (PID=4482) to work on /opt/airflow/dags/dataset_user_processing.py
[2026-01-16T09:34:58.998+0000] {processor.py:914} INFO - Processing file /opt/airflow/dags/dataset_user_processing.py for tasks to queue
[2026-01-16T09:34:59.003+0000] {logging_mixin.py:190} INFO - [2026-01-16T09:34:59.002+0000] {dagbag.py:588} INFO - Filling up the DagBag from /opt/airflow/dags/dataset_user_processing.py
[2026-01-16T09:34:59.811+0000] {processor.py:925} INFO - DAG(s) 'user_processing_dataset' retrieved from /opt/airflow/dags/dataset_user_processing.py
[2026-01-16T09:34:59.848+0000] {logging_mixin.py:190} INFO - [2026-01-16T09:34:59.847+0000] {dag.py:3239} INFO - Sync 1 DAGs
[2026-01-16T09:34:59.886+0000] {logging_mixin.py:190} INFO - [2026-01-16T09:34:59.886+0000] {dag.py:4180} INFO - Setting next_dagrun for user_processing_dataset to 2026-01-15 00:00:00+00:00, run_after=2026-01-16 00:00:00+00:00
[2026-01-16T09:34:59.920+0000] {processor.py:208} INFO - Processing /opt/airflow/dags/dataset_user_processing.py took 0.938 seconds
[2026-01-16T09:35:30.310+0000] {processor.py:186} INFO - Started process (PID=4506) to work on /opt/airflow/dags/dataset_user_processing.py
[2026-01-16T09:35:30.313+0000] {processor.py:914} INFO - Processing file /opt/airflow/dags/dataset_user_processing.py for tasks to queue
[2026-01-16T09:35:30.322+0000] {logging_mixin.py:190} INFO - [2026-01-16T09:35:30.321+0000] {dagbag.py:588} INFO - Filling up the DagBag from /opt/airflow/dags/dataset_user_processing.py
[2026-01-16T09:35:31.110+0000] {processor.py:925} INFO - DAG(s) 'user_processing_dataset' retrieved from /opt/airflow/dags/dataset_user_processing.py
[2026-01-16T09:35:31.153+0000] {logging_mixin.py:190} INFO - [2026-01-16T09:35:31.152+0000] {dag.py:3239} INFO - Sync 1 DAGs
[2026-01-16T09:35:31.190+0000] {logging_mixin.py:190} INFO - [2026-01-16T09:35:31.190+0000] {dag.py:4180} INFO - Setting next_dagrun for user_processing_dataset to 2026-01-15 00:00:00+00:00, run_after=2026-01-16 00:00:00+00:00
[2026-01-16T09:35:31.227+0000] {processor.py:208} INFO - Processing /opt/airflow/dags/dataset_user_processing.py took 0.935 seconds
[2026-01-16T09:36:02.103+0000] {processor.py:186} INFO - Started process (PID=4530) to work on /opt/airflow/dags/dataset_user_processing.py
[2026-01-16T09:36:02.107+0000] {processor.py:914} INFO - Processing file /opt/airflow/dags/dataset_user_processing.py for tasks to queue
[2026-01-16T09:36:02.113+0000] {logging_mixin.py:190} INFO - [2026-01-16T09:36:02.113+0000] {dagbag.py:588} INFO - Filling up the DagBag from /opt/airflow/dags/dataset_user_processing.py
[2026-01-16T09:36:02.636+0000] {processor.py:925} INFO - DAG(s) 'user_processing_dataset' retrieved from /opt/airflow/dags/dataset_user_processing.py
[2026-01-16T09:36:02.694+0000] {logging_mixin.py:190} INFO - [2026-01-16T09:36:02.693+0000] {dag.py:3239} INFO - Sync 1 DAGs
[2026-01-16T09:36:02.740+0000] {logging_mixin.py:190} INFO - [2026-01-16T09:36:02.740+0000] {dag.py:4180} INFO - Setting next_dagrun for user_processing_dataset to 2026-01-15 00:00:00+00:00, run_after=2026-01-16 00:00:00+00:00
[2026-01-16T09:36:02.783+0000] {processor.py:208} INFO - Processing /opt/airflow/dags/dataset_user_processing.py took 0.705 seconds
[2026-01-16T09:36:33.049+0000] {processor.py:186} INFO - Started process (PID=4554) to work on /opt/airflow/dags/dataset_user_processing.py
[2026-01-16T09:36:33.051+0000] {processor.py:914} INFO - Processing file /opt/airflow/dags/dataset_user_processing.py for tasks to queue
[2026-01-16T09:36:33.057+0000] {logging_mixin.py:190} INFO - [2026-01-16T09:36:33.056+0000] {dagbag.py:588} INFO - Filling up the DagBag from /opt/airflow/dags/dataset_user_processing.py
[2026-01-16T09:36:33.523+0000] {processor.py:925} INFO - DAG(s) 'user_processing_dataset' retrieved from /opt/airflow/dags/dataset_user_processing.py
[2026-01-16T09:36:33.561+0000] {logging_mixin.py:190} INFO - [2026-01-16T09:36:33.560+0000] {dag.py:3239} INFO - Sync 1 DAGs
[2026-01-16T09:36:33.607+0000] {logging_mixin.py:190} INFO - [2026-01-16T09:36:33.607+0000] {dag.py:4180} INFO - Setting next_dagrun for user_processing_dataset to 2026-01-15 00:00:00+00:00, run_after=2026-01-16 00:00:00+00:00
[2026-01-16T09:36:33.647+0000] {processor.py:208} INFO - Processing /opt/airflow/dags/dataset_user_processing.py took 0.615 seconds
[2026-01-16T09:37:03.981+0000] {processor.py:186} INFO - Started process (PID=4578) to work on /opt/airflow/dags/dataset_user_processing.py
[2026-01-16T09:37:03.984+0000] {processor.py:914} INFO - Processing file /opt/airflow/dags/dataset_user_processing.py for tasks to queue
[2026-01-16T09:37:03.988+0000] {logging_mixin.py:190} INFO - [2026-01-16T09:37:03.987+0000] {dagbag.py:588} INFO - Filling up the DagBag from /opt/airflow/dags/dataset_user_processing.py
[2026-01-16T09:37:04.553+0000] {processor.py:925} INFO - DAG(s) 'user_processing_dataset' retrieved from /opt/airflow/dags/dataset_user_processing.py
[2026-01-16T09:37:04.598+0000] {logging_mixin.py:190} INFO - [2026-01-16T09:37:04.598+0000] {dag.py:3239} INFO - Sync 1 DAGs
[2026-01-16T09:37:04.669+0000] {logging_mixin.py:190} INFO - [2026-01-16T09:37:04.669+0000] {dag.py:4180} INFO - Setting next_dagrun for user_processing_dataset to 2026-01-15 00:00:00+00:00, run_after=2026-01-16 00:00:00+00:00
[2026-01-16T09:37:04.717+0000] {processor.py:208} INFO - Processing /opt/airflow/dags/dataset_user_processing.py took 0.755 seconds
[2026-01-16T09:37:34.928+0000] {processor.py:186} INFO - Started process (PID=4602) to work on /opt/airflow/dags/dataset_user_processing.py
[2026-01-16T09:37:34.930+0000] {processor.py:914} INFO - Processing file /opt/airflow/dags/dataset_user_processing.py for tasks to queue
[2026-01-16T09:37:34.935+0000] {logging_mixin.py:190} INFO - [2026-01-16T09:37:34.934+0000] {dagbag.py:588} INFO - Filling up the DagBag from /opt/airflow/dags/dataset_user_processing.py
[2026-01-16T09:37:35.502+0000] {processor.py:925} INFO - DAG(s) 'user_processing_dataset' retrieved from /opt/airflow/dags/dataset_user_processing.py
[2026-01-16T09:37:35.548+0000] {logging_mixin.py:190} INFO - [2026-01-16T09:37:35.547+0000] {dag.py:3239} INFO - Sync 1 DAGs
[2026-01-16T09:37:35.608+0000] {logging_mixin.py:190} INFO - [2026-01-16T09:37:35.607+0000] {dag.py:4180} INFO - Setting next_dagrun for user_processing_dataset to 2026-01-15 00:00:00+00:00, run_after=2026-01-16 00:00:00+00:00
[2026-01-16T09:37:35.676+0000] {processor.py:208} INFO - Processing /opt/airflow/dags/dataset_user_processing.py took 0.773 seconds
[2026-01-16T09:38:05.834+0000] {processor.py:186} INFO - Started process (PID=4626) to work on /opt/airflow/dags/dataset_user_processing.py
[2026-01-16T09:38:05.837+0000] {processor.py:914} INFO - Processing file /opt/airflow/dags/dataset_user_processing.py for tasks to queue
[2026-01-16T09:38:05.847+0000] {logging_mixin.py:190} INFO - [2026-01-16T09:38:05.846+0000] {dagbag.py:588} INFO - Filling up the DagBag from /opt/airflow/dags/dataset_user_processing.py
[2026-01-16T09:38:06.456+0000] {processor.py:925} INFO - DAG(s) 'user_processing_dataset' retrieved from /opt/airflow/dags/dataset_user_processing.py
[2026-01-16T09:38:06.506+0000] {logging_mixin.py:190} INFO - [2026-01-16T09:38:06.506+0000] {dag.py:3239} INFO - Sync 1 DAGs
[2026-01-16T09:38:06.564+0000] {logging_mixin.py:190} INFO - [2026-01-16T09:38:06.563+0000] {dag.py:4180} INFO - Setting next_dagrun for user_processing_dataset to 2026-01-15 00:00:00+00:00, run_after=2026-01-16 00:00:00+00:00
[2026-01-16T09:38:06.621+0000] {processor.py:208} INFO - Processing /opt/airflow/dags/dataset_user_processing.py took 0.818 seconds
[2026-01-16T09:38:37.428+0000] {processor.py:186} INFO - Started process (PID=4650) to work on /opt/airflow/dags/dataset_user_processing.py
[2026-01-16T09:38:37.431+0000] {processor.py:914} INFO - Processing file /opt/airflow/dags/dataset_user_processing.py for tasks to queue
[2026-01-16T09:38:37.436+0000] {logging_mixin.py:190} INFO - [2026-01-16T09:38:37.435+0000] {dagbag.py:588} INFO - Filling up the DagBag from /opt/airflow/dags/dataset_user_processing.py
[2026-01-16T09:38:37.928+0000] {processor.py:925} INFO - DAG(s) 'user_processing_dataset' retrieved from /opt/airflow/dags/dataset_user_processing.py
[2026-01-16T09:38:37.971+0000] {logging_mixin.py:190} INFO - [2026-01-16T09:38:37.970+0000] {dag.py:3239} INFO - Sync 1 DAGs
[2026-01-16T09:38:38.018+0000] {logging_mixin.py:190} INFO - [2026-01-16T09:38:38.017+0000] {dag.py:4180} INFO - Setting next_dagrun for user_processing_dataset to 2026-01-15 00:00:00+00:00, run_after=2026-01-16 00:00:00+00:00
[2026-01-16T09:38:38.068+0000] {processor.py:208} INFO - Processing /opt/airflow/dags/dataset_user_processing.py took 0.665 seconds
[2026-01-16T09:39:08.656+0000] {processor.py:186} INFO - Started process (PID=4673) to work on /opt/airflow/dags/dataset_user_processing.py
[2026-01-16T09:39:08.658+0000] {processor.py:914} INFO - Processing file /opt/airflow/dags/dataset_user_processing.py for tasks to queue
[2026-01-16T09:39:08.662+0000] {logging_mixin.py:190} INFO - [2026-01-16T09:39:08.662+0000] {dagbag.py:588} INFO - Filling up the DagBag from /opt/airflow/dags/dataset_user_processing.py
[2026-01-16T09:39:09.256+0000] {processor.py:925} INFO - DAG(s) 'user_processing_dataset' retrieved from /opt/airflow/dags/dataset_user_processing.py
[2026-01-16T09:39:09.301+0000] {logging_mixin.py:190} INFO - [2026-01-16T09:39:09.301+0000] {dag.py:3239} INFO - Sync 1 DAGs
[2026-01-16T09:39:09.352+0000] {logging_mixin.py:190} INFO - [2026-01-16T09:39:09.352+0000] {dag.py:4180} INFO - Setting next_dagrun for user_processing_dataset to 2026-01-15 00:00:00+00:00, run_after=2026-01-16 00:00:00+00:00
[2026-01-16T09:39:09.402+0000] {processor.py:208} INFO - Processing /opt/airflow/dags/dataset_user_processing.py took 0.759 seconds
[2026-01-16T09:39:39.677+0000] {processor.py:186} INFO - Started process (PID=4697) to work on /opt/airflow/dags/dataset_user_processing.py
[2026-01-16T09:39:39.680+0000] {processor.py:914} INFO - Processing file /opt/airflow/dags/dataset_user_processing.py for tasks to queue
[2026-01-16T09:39:39.685+0000] {logging_mixin.py:190} INFO - [2026-01-16T09:39:39.684+0000] {dagbag.py:588} INFO - Filling up the DagBag from /opt/airflow/dags/dataset_user_processing.py
[2026-01-16T09:39:40.241+0000] {processor.py:925} INFO - DAG(s) 'user_processing_dataset' retrieved from /opt/airflow/dags/dataset_user_processing.py
[2026-01-16T09:39:40.283+0000] {logging_mixin.py:190} INFO - [2026-01-16T09:39:40.282+0000] {dag.py:3239} INFO - Sync 1 DAGs
[2026-01-16T09:39:40.323+0000] {logging_mixin.py:190} INFO - [2026-01-16T09:39:40.322+0000] {dag.py:4180} INFO - Setting next_dagrun for user_processing_dataset to 2026-01-15 00:00:00+00:00, run_after=2026-01-16 00:00:00+00:00
[2026-01-16T09:39:40.369+0000] {processor.py:208} INFO - Processing /opt/airflow/dags/dataset_user_processing.py took 0.711 seconds
[2026-01-16T09:40:10.827+0000] {processor.py:186} INFO - Started process (PID=4720) to work on /opt/airflow/dags/dataset_user_processing.py
[2026-01-16T09:40:10.831+0000] {processor.py:914} INFO - Processing file /opt/airflow/dags/dataset_user_processing.py for tasks to queue
[2026-01-16T09:40:10.843+0000] {logging_mixin.py:190} INFO - [2026-01-16T09:40:10.841+0000] {dagbag.py:588} INFO - Filling up the DagBag from /opt/airflow/dags/dataset_user_processing.py
[2026-01-16T09:40:11.467+0000] {processor.py:925} INFO - DAG(s) 'user_processing_dataset' retrieved from /opt/airflow/dags/dataset_user_processing.py
[2026-01-16T09:40:11.527+0000] {logging_mixin.py:190} INFO - [2026-01-16T09:40:11.526+0000] {dag.py:3239} INFO - Sync 1 DAGs
[2026-01-16T09:40:11.601+0000] {logging_mixin.py:190} INFO - [2026-01-16T09:40:11.600+0000] {dag.py:4180} INFO - Setting next_dagrun for user_processing_dataset to 2026-01-15 00:00:00+00:00, run_after=2026-01-16 00:00:00+00:00
[2026-01-16T09:40:11.665+0000] {processor.py:208} INFO - Processing /opt/airflow/dags/dataset_user_processing.py took 0.867 seconds
[2026-01-16T09:40:42.012+0000] {processor.py:186} INFO - Started process (PID=4744) to work on /opt/airflow/dags/dataset_user_processing.py
[2026-01-16T09:40:42.016+0000] {processor.py:914} INFO - Processing file /opt/airflow/dags/dataset_user_processing.py for tasks to queue
[2026-01-16T09:40:42.023+0000] {logging_mixin.py:190} INFO - [2026-01-16T09:40:42.022+0000] {dagbag.py:588} INFO - Filling up the DagBag from /opt/airflow/dags/dataset_user_processing.py
[2026-01-16T09:40:42.747+0000] {processor.py:925} INFO - DAG(s) 'user_processing_dataset' retrieved from /opt/airflow/dags/dataset_user_processing.py
[2026-01-16T09:40:42.791+0000] {logging_mixin.py:190} INFO - [2026-01-16T09:40:42.790+0000] {dag.py:3239} INFO - Sync 1 DAGs
[2026-01-16T09:40:42.849+0000] {logging_mixin.py:190} INFO - [2026-01-16T09:40:42.847+0000] {dag.py:4180} INFO - Setting next_dagrun for user_processing_dataset to 2026-01-15 00:00:00+00:00, run_after=2026-01-16 00:00:00+00:00
[2026-01-16T09:40:42.905+0000] {processor.py:208} INFO - Processing /opt/airflow/dags/dataset_user_processing.py took 0.909 seconds
[2026-01-16T09:41:13.024+0000] {processor.py:186} INFO - Started process (PID=4768) to work on /opt/airflow/dags/dataset_user_processing.py
[2026-01-16T09:41:13.026+0000] {processor.py:914} INFO - Processing file /opt/airflow/dags/dataset_user_processing.py for tasks to queue
[2026-01-16T09:41:13.032+0000] {logging_mixin.py:190} INFO - [2026-01-16T09:41:13.031+0000] {dagbag.py:588} INFO - Filling up the DagBag from /opt/airflow/dags/dataset_user_processing.py
[2026-01-16T09:41:13.718+0000] {processor.py:925} INFO - DAG(s) 'user_processing_dataset' retrieved from /opt/airflow/dags/dataset_user_processing.py
[2026-01-16T09:41:13.776+0000] {logging_mixin.py:190} INFO - [2026-01-16T09:41:13.775+0000] {dag.py:3239} INFO - Sync 1 DAGs
[2026-01-16T09:41:13.829+0000] {logging_mixin.py:190} INFO - [2026-01-16T09:41:13.828+0000] {dag.py:4180} INFO - Setting next_dagrun for user_processing_dataset to 2026-01-15 00:00:00+00:00, run_after=2026-01-16 00:00:00+00:00
[2026-01-16T09:41:13.869+0000] {processor.py:208} INFO - Processing /opt/airflow/dags/dataset_user_processing.py took 0.863 seconds
[2026-01-16T09:41:44.393+0000] {processor.py:186} INFO - Started process (PID=4792) to work on /opt/airflow/dags/dataset_user_processing.py
[2026-01-16T09:41:44.398+0000] {processor.py:914} INFO - Processing file /opt/airflow/dags/dataset_user_processing.py for tasks to queue
[2026-01-16T09:41:44.406+0000] {logging_mixin.py:190} INFO - [2026-01-16T09:41:44.405+0000] {dagbag.py:588} INFO - Filling up the DagBag from /opt/airflow/dags/dataset_user_processing.py
[2026-01-16T09:41:44.986+0000] {processor.py:925} INFO - DAG(s) 'user_processing_dataset' retrieved from /opt/airflow/dags/dataset_user_processing.py
[2026-01-16T09:41:45.032+0000] {logging_mixin.py:190} INFO - [2026-01-16T09:41:45.031+0000] {dag.py:3239} INFO - Sync 1 DAGs
[2026-01-16T09:41:45.085+0000] {logging_mixin.py:190} INFO - [2026-01-16T09:41:45.085+0000] {dag.py:4180} INFO - Setting next_dagrun for user_processing_dataset to 2026-01-15 00:00:00+00:00, run_after=2026-01-16 00:00:00+00:00
[2026-01-16T09:41:45.124+0000] {processor.py:208} INFO - Processing /opt/airflow/dags/dataset_user_processing.py took 0.754 seconds
[2026-01-16T09:42:15.324+0000] {processor.py:186} INFO - Started process (PID=4816) to work on /opt/airflow/dags/dataset_user_processing.py
[2026-01-16T09:42:15.327+0000] {processor.py:914} INFO - Processing file /opt/airflow/dags/dataset_user_processing.py for tasks to queue
[2026-01-16T09:42:15.336+0000] {logging_mixin.py:190} INFO - [2026-01-16T09:42:15.335+0000] {dagbag.py:588} INFO - Filling up the DagBag from /opt/airflow/dags/dataset_user_processing.py
[2026-01-16T09:42:16.020+0000] {processor.py:925} INFO - DAG(s) 'user_processing_dataset' retrieved from /opt/airflow/dags/dataset_user_processing.py
[2026-01-16T09:42:16.102+0000] {logging_mixin.py:190} INFO - [2026-01-16T09:42:16.101+0000] {dag.py:3239} INFO - Sync 1 DAGs
[2026-01-16T09:42:16.167+0000] {logging_mixin.py:190} INFO - [2026-01-16T09:42:16.167+0000] {dag.py:4180} INFO - Setting next_dagrun for user_processing_dataset to 2026-01-15 00:00:00+00:00, run_after=2026-01-16 00:00:00+00:00
[2026-01-16T09:42:16.219+0000] {processor.py:208} INFO - Processing /opt/airflow/dags/dataset_user_processing.py took 0.913 seconds
[2026-01-16T09:42:46.599+0000] {processor.py:186} INFO - Started process (PID=4840) to work on /opt/airflow/dags/dataset_user_processing.py
[2026-01-16T09:42:46.607+0000] {processor.py:914} INFO - Processing file /opt/airflow/dags/dataset_user_processing.py for tasks to queue
[2026-01-16T09:42:46.612+0000] {logging_mixin.py:190} INFO - [2026-01-16T09:42:46.611+0000] {dagbag.py:588} INFO - Filling up the DagBag from /opt/airflow/dags/dataset_user_processing.py
[2026-01-16T09:42:47.201+0000] {processor.py:925} INFO - DAG(s) 'user_processing_dataset' retrieved from /opt/airflow/dags/dataset_user_processing.py
[2026-01-16T09:42:47.250+0000] {logging_mixin.py:190} INFO - [2026-01-16T09:42:47.250+0000] {dag.py:3239} INFO - Sync 1 DAGs
[2026-01-16T09:42:47.309+0000] {logging_mixin.py:190} INFO - [2026-01-16T09:42:47.309+0000] {dag.py:4180} INFO - Setting next_dagrun for user_processing_dataset to 2026-01-15 00:00:00+00:00, run_after=2026-01-16 00:00:00+00:00
[2026-01-16T09:42:47.351+0000] {processor.py:208} INFO - Processing /opt/airflow/dags/dataset_user_processing.py took 0.770 seconds
[2026-01-16T09:43:18.151+0000] {processor.py:186} INFO - Started process (PID=4865) to work on /opt/airflow/dags/dataset_user_processing.py
[2026-01-16T09:43:18.154+0000] {processor.py:914} INFO - Processing file /opt/airflow/dags/dataset_user_processing.py for tasks to queue
[2026-01-16T09:43:18.161+0000] {logging_mixin.py:190} INFO - [2026-01-16T09:43:18.160+0000] {dagbag.py:588} INFO - Filling up the DagBag from /opt/airflow/dags/dataset_user_processing.py
[2026-01-16T09:43:18.746+0000] {processor.py:925} INFO - DAG(s) 'user_processing_dataset' retrieved from /opt/airflow/dags/dataset_user_processing.py
[2026-01-16T09:43:18.794+0000] {logging_mixin.py:190} INFO - [2026-01-16T09:43:18.794+0000] {dag.py:3239} INFO - Sync 1 DAGs
[2026-01-16T09:43:18.844+0000] {logging_mixin.py:190} INFO - [2026-01-16T09:43:18.844+0000] {dag.py:4180} INFO - Setting next_dagrun for user_processing_dataset to 2026-01-15 00:00:00+00:00, run_after=2026-01-16 00:00:00+00:00
[2026-01-16T09:43:18.892+0000] {processor.py:208} INFO - Processing /opt/airflow/dags/dataset_user_processing.py took 0.760 seconds
[2026-01-16T09:43:49.267+0000] {processor.py:186} INFO - Started process (PID=4889) to work on /opt/airflow/dags/dataset_user_processing.py
[2026-01-16T09:43:49.272+0000] {processor.py:914} INFO - Processing file /opt/airflow/dags/dataset_user_processing.py for tasks to queue
[2026-01-16T09:43:49.284+0000] {logging_mixin.py:190} INFO - [2026-01-16T09:43:49.282+0000] {dagbag.py:588} INFO - Filling up the DagBag from /opt/airflow/dags/dataset_user_processing.py
[2026-01-16T09:43:49.919+0000] {processor.py:925} INFO - DAG(s) 'user_processing_dataset' retrieved from /opt/airflow/dags/dataset_user_processing.py
[2026-01-16T09:43:49.963+0000] {logging_mixin.py:190} INFO - [2026-01-16T09:43:49.962+0000] {dag.py:3239} INFO - Sync 1 DAGs
[2026-01-16T09:43:50.007+0000] {logging_mixin.py:190} INFO - [2026-01-16T09:43:50.007+0000] {dag.py:4180} INFO - Setting next_dagrun for user_processing_dataset to 2026-01-15 00:00:00+00:00, run_after=2026-01-16 00:00:00+00:00
[2026-01-16T09:43:50.051+0000] {processor.py:208} INFO - Processing /opt/airflow/dags/dataset_user_processing.py took 0.822 seconds
[2026-01-16T09:44:20.180+0000] {processor.py:186} INFO - Started process (PID=4913) to work on /opt/airflow/dags/dataset_user_processing.py
[2026-01-16T09:44:20.182+0000] {processor.py:914} INFO - Processing file /opt/airflow/dags/dataset_user_processing.py for tasks to queue
[2026-01-16T09:44:20.186+0000] {logging_mixin.py:190} INFO - [2026-01-16T09:44:20.186+0000] {dagbag.py:588} INFO - Filling up the DagBag from /opt/airflow/dags/dataset_user_processing.py
[2026-01-16T09:44:20.798+0000] {processor.py:925} INFO - DAG(s) 'user_processing_dataset' retrieved from /opt/airflow/dags/dataset_user_processing.py
[2026-01-16T09:44:20.847+0000] {logging_mixin.py:190} INFO - [2026-01-16T09:44:20.846+0000] {dag.py:3239} INFO - Sync 1 DAGs
[2026-01-16T09:44:20.898+0000] {logging_mixin.py:190} INFO - [2026-01-16T09:44:20.897+0000] {dag.py:4180} INFO - Setting next_dagrun for user_processing_dataset to 2026-01-15 00:00:00+00:00, run_after=2026-01-16 00:00:00+00:00
[2026-01-16T09:44:20.962+0000] {processor.py:208} INFO - Processing /opt/airflow/dags/dataset_user_processing.py took 0.797 seconds
[2026-01-16T09:44:51.674+0000] {processor.py:186} INFO - Started process (PID=4937) to work on /opt/airflow/dags/dataset_user_processing.py
[2026-01-16T09:44:51.676+0000] {processor.py:914} INFO - Processing file /opt/airflow/dags/dataset_user_processing.py for tasks to queue
[2026-01-16T09:44:51.680+0000] {logging_mixin.py:190} INFO - [2026-01-16T09:44:51.679+0000] {dagbag.py:588} INFO - Filling up the DagBag from /opt/airflow/dags/dataset_user_processing.py
[2026-01-16T09:44:52.292+0000] {processor.py:925} INFO - DAG(s) 'user_processing_dataset' retrieved from /opt/airflow/dags/dataset_user_processing.py
[2026-01-16T09:44:52.352+0000] {logging_mixin.py:190} INFO - [2026-01-16T09:44:52.351+0000] {dag.py:3239} INFO - Sync 1 DAGs
[2026-01-16T09:44:52.414+0000] {logging_mixin.py:190} INFO - [2026-01-16T09:44:52.413+0000] {dag.py:4180} INFO - Setting next_dagrun for user_processing_dataset to 2026-01-15 00:00:00+00:00, run_after=2026-01-16 00:00:00+00:00
[2026-01-16T09:44:52.459+0000] {processor.py:208} INFO - Processing /opt/airflow/dags/dataset_user_processing.py took 0.799 seconds
[2026-01-16T09:45:22.896+0000] {processor.py:186} INFO - Started process (PID=4962) to work on /opt/airflow/dags/dataset_user_processing.py
[2026-01-16T09:45:22.909+0000] {processor.py:914} INFO - Processing file /opt/airflow/dags/dataset_user_processing.py for tasks to queue
[2026-01-16T09:45:22.914+0000] {logging_mixin.py:190} INFO - [2026-01-16T09:45:22.913+0000] {dagbag.py:588} INFO - Filling up the DagBag from /opt/airflow/dags/dataset_user_processing.py
[2026-01-16T09:45:23.450+0000] {processor.py:925} INFO - DAG(s) 'user_processing_dataset' retrieved from /opt/airflow/dags/dataset_user_processing.py
[2026-01-16T09:45:23.503+0000] {logging_mixin.py:190} INFO - [2026-01-16T09:45:23.502+0000] {dag.py:3239} INFO - Sync 1 DAGs
[2026-01-16T09:45:23.560+0000] {logging_mixin.py:190} INFO - [2026-01-16T09:45:23.560+0000] {dag.py:4180} INFO - Setting next_dagrun for user_processing_dataset to 2026-01-15 00:00:00+00:00, run_after=2026-01-16 00:00:00+00:00
[2026-01-16T09:45:23.625+0000] {processor.py:208} INFO - Processing /opt/airflow/dags/dataset_user_processing.py took 0.757 seconds
[2026-01-16T09:45:54.105+0000] {processor.py:186} INFO - Started process (PID=4986) to work on /opt/airflow/dags/dataset_user_processing.py
[2026-01-16T09:45:54.107+0000] {processor.py:914} INFO - Processing file /opt/airflow/dags/dataset_user_processing.py for tasks to queue
[2026-01-16T09:45:54.117+0000] {logging_mixin.py:190} INFO - [2026-01-16T09:45:54.116+0000] {dagbag.py:588} INFO - Filling up the DagBag from /opt/airflow/dags/dataset_user_processing.py
[2026-01-16T09:45:54.667+0000] {processor.py:925} INFO - DAG(s) 'user_processing_dataset' retrieved from /opt/airflow/dags/dataset_user_processing.py
[2026-01-16T09:45:54.714+0000] {logging_mixin.py:190} INFO - [2026-01-16T09:45:54.711+0000] {dag.py:3239} INFO - Sync 1 DAGs
[2026-01-16T09:45:54.760+0000] {logging_mixin.py:190} INFO - [2026-01-16T09:45:54.759+0000] {dag.py:4180} INFO - Setting next_dagrun for user_processing_dataset to 2026-01-15 00:00:00+00:00, run_after=2026-01-16 00:00:00+00:00
[2026-01-16T09:45:54.799+0000] {processor.py:208} INFO - Processing /opt/airflow/dags/dataset_user_processing.py took 0.715 seconds
[2026-01-16T09:46:25.160+0000] {processor.py:186} INFO - Started process (PID=5011) to work on /opt/airflow/dags/dataset_user_processing.py
[2026-01-16T09:46:25.164+0000] {processor.py:914} INFO - Processing file /opt/airflow/dags/dataset_user_processing.py for tasks to queue
[2026-01-16T09:46:25.170+0000] {logging_mixin.py:190} INFO - [2026-01-16T09:46:25.169+0000] {dagbag.py:588} INFO - Filling up the DagBag from /opt/airflow/dags/dataset_user_processing.py
[2026-01-16T09:46:25.690+0000] {processor.py:925} INFO - DAG(s) 'user_processing_dataset' retrieved from /opt/airflow/dags/dataset_user_processing.py
[2026-01-16T09:46:25.731+0000] {logging_mixin.py:190} INFO - [2026-01-16T09:46:25.731+0000] {dag.py:3239} INFO - Sync 1 DAGs
[2026-01-16T09:46:25.770+0000] {logging_mixin.py:190} INFO - [2026-01-16T09:46:25.770+0000] {dag.py:4180} INFO - Setting next_dagrun for user_processing_dataset to 2026-01-15 00:00:00+00:00, run_after=2026-01-16 00:00:00+00:00
[2026-01-16T09:46:25.815+0000] {processor.py:208} INFO - Processing /opt/airflow/dags/dataset_user_processing.py took 0.685 seconds
[2026-01-16T09:46:55.999+0000] {processor.py:186} INFO - Started process (PID=5034) to work on /opt/airflow/dags/dataset_user_processing.py
[2026-01-16T09:46:56.006+0000] {processor.py:914} INFO - Processing file /opt/airflow/dags/dataset_user_processing.py for tasks to queue
[2026-01-16T09:46:56.013+0000] {logging_mixin.py:190} INFO - [2026-01-16T09:46:56.012+0000] {dagbag.py:588} INFO - Filling up the DagBag from /opt/airflow/dags/dataset_user_processing.py
[2026-01-16T09:46:56.642+0000] {processor.py:925} INFO - DAG(s) 'user_processing_dataset' retrieved from /opt/airflow/dags/dataset_user_processing.py
[2026-01-16T09:46:56.694+0000] {logging_mixin.py:190} INFO - [2026-01-16T09:46:56.692+0000] {dag.py:3239} INFO - Sync 1 DAGs
[2026-01-16T09:46:56.741+0000] {logging_mixin.py:190} INFO - [2026-01-16T09:46:56.741+0000] {dag.py:4180} INFO - Setting next_dagrun for user_processing_dataset to 2026-01-15 00:00:00+00:00, run_after=2026-01-16 00:00:00+00:00
[2026-01-16T09:46:56.793+0000] {processor.py:208} INFO - Processing /opt/airflow/dags/dataset_user_processing.py took 0.811 seconds
[2026-01-16T09:47:27.382+0000] {processor.py:186} INFO - Started process (PID=5064) to work on /opt/airflow/dags/dataset_user_processing.py
[2026-01-16T09:47:27.384+0000] {processor.py:914} INFO - Processing file /opt/airflow/dags/dataset_user_processing.py for tasks to queue
[2026-01-16T09:47:27.389+0000] {logging_mixin.py:190} INFO - [2026-01-16T09:47:27.388+0000] {dagbag.py:588} INFO - Filling up the DagBag from /opt/airflow/dags/dataset_user_processing.py
[2026-01-16T09:47:28.005+0000] {processor.py:925} INFO - DAG(s) 'user_processing_dataset' retrieved from /opt/airflow/dags/dataset_user_processing.py
[2026-01-16T09:47:28.057+0000] {logging_mixin.py:190} INFO - [2026-01-16T09:47:28.056+0000] {dag.py:3239} INFO - Sync 1 DAGs
[2026-01-16T09:47:28.113+0000] {logging_mixin.py:190} INFO - [2026-01-16T09:47:28.113+0000] {dag.py:4180} INFO - Setting next_dagrun for user_processing_dataset to 2026-01-15 00:00:00+00:00, run_after=2026-01-16 00:00:00+00:00
[2026-01-16T09:47:28.166+0000] {processor.py:208} INFO - Processing /opt/airflow/dags/dataset_user_processing.py took 0.801 seconds
[2026-01-16T09:47:58.609+0000] {processor.py:186} INFO - Started process (PID=5088) to work on /opt/airflow/dags/dataset_user_processing.py
[2026-01-16T09:47:58.616+0000] {processor.py:914} INFO - Processing file /opt/airflow/dags/dataset_user_processing.py for tasks to queue
[2026-01-16T09:47:58.629+0000] {logging_mixin.py:190} INFO - [2026-01-16T09:47:58.627+0000] {dagbag.py:588} INFO - Filling up the DagBag from /opt/airflow/dags/dataset_user_processing.py
[2026-01-16T09:47:59.213+0000] {processor.py:925} INFO - DAG(s) 'user_processing_dataset' retrieved from /opt/airflow/dags/dataset_user_processing.py
[2026-01-16T09:47:59.265+0000] {logging_mixin.py:190} INFO - [2026-01-16T09:47:59.264+0000] {dag.py:3239} INFO - Sync 1 DAGs
[2026-01-16T09:47:59.311+0000] {logging_mixin.py:190} INFO - [2026-01-16T09:47:59.311+0000] {dag.py:4180} INFO - Setting next_dagrun for user_processing_dataset to 2026-01-15 00:00:00+00:00, run_after=2026-01-16 00:00:00+00:00
[2026-01-16T09:47:59.354+0000] {processor.py:208} INFO - Processing /opt/airflow/dags/dataset_user_processing.py took 0.791 seconds
[2026-01-16T09:48:29.613+0000] {processor.py:186} INFO - Started process (PID=5112) to work on /opt/airflow/dags/dataset_user_processing.py
[2026-01-16T09:48:29.616+0000] {processor.py:914} INFO - Processing file /opt/airflow/dags/dataset_user_processing.py for tasks to queue
[2026-01-16T09:48:29.624+0000] {logging_mixin.py:190} INFO - [2026-01-16T09:48:29.623+0000] {dagbag.py:588} INFO - Filling up the DagBag from /opt/airflow/dags/dataset_user_processing.py
[2026-01-16T09:48:30.172+0000] {processor.py:925} INFO - DAG(s) 'user_processing_dataset' retrieved from /opt/airflow/dags/dataset_user_processing.py
[2026-01-16T09:48:30.223+0000] {logging_mixin.py:190} INFO - [2026-01-16T09:48:30.222+0000] {dag.py:3239} INFO - Sync 1 DAGs
[2026-01-16T09:48:30.271+0000] {logging_mixin.py:190} INFO - [2026-01-16T09:48:30.271+0000] {dag.py:4180} INFO - Setting next_dagrun for user_processing_dataset to 2026-01-15 00:00:00+00:00, run_after=2026-01-16 00:00:00+00:00
[2026-01-16T09:48:30.316+0000] {processor.py:208} INFO - Processing /opt/airflow/dags/dataset_user_processing.py took 0.735 seconds
[2026-01-16T09:49:00.979+0000] {processor.py:186} INFO - Started process (PID=5136) to work on /opt/airflow/dags/dataset_user_processing.py
[2026-01-16T09:49:00.981+0000] {processor.py:914} INFO - Processing file /opt/airflow/dags/dataset_user_processing.py for tasks to queue
[2026-01-16T09:49:00.985+0000] {logging_mixin.py:190} INFO - [2026-01-16T09:49:00.984+0000] {dagbag.py:588} INFO - Filling up the DagBag from /opt/airflow/dags/dataset_user_processing.py
[2026-01-16T09:49:01.539+0000] {processor.py:925} INFO - DAG(s) 'user_processing_dataset' retrieved from /opt/airflow/dags/dataset_user_processing.py
[2026-01-16T09:49:01.582+0000] {logging_mixin.py:190} INFO - [2026-01-16T09:49:01.581+0000] {dag.py:3239} INFO - Sync 1 DAGs
[2026-01-16T09:49:01.630+0000] {logging_mixin.py:190} INFO - [2026-01-16T09:49:01.629+0000] {dag.py:4180} INFO - Setting next_dagrun for user_processing_dataset to 2026-01-15 00:00:00+00:00, run_after=2026-01-16 00:00:00+00:00
[2026-01-16T09:49:01.678+0000] {processor.py:208} INFO - Processing /opt/airflow/dags/dataset_user_processing.py took 0.715 seconds
[2026-01-16T09:49:31.847+0000] {processor.py:186} INFO - Started process (PID=5159) to work on /opt/airflow/dags/dataset_user_processing.py
[2026-01-16T09:49:31.852+0000] {processor.py:914} INFO - Processing file /opt/airflow/dags/dataset_user_processing.py for tasks to queue
[2026-01-16T09:49:31.859+0000] {logging_mixin.py:190} INFO - [2026-01-16T09:49:31.858+0000] {dagbag.py:588} INFO - Filling up the DagBag from /opt/airflow/dags/dataset_user_processing.py
[2026-01-16T09:49:32.429+0000] {processor.py:925} INFO - DAG(s) 'user_processing_dataset' retrieved from /opt/airflow/dags/dataset_user_processing.py
[2026-01-16T09:49:32.473+0000] {logging_mixin.py:190} INFO - [2026-01-16T09:49:32.472+0000] {dag.py:3239} INFO - Sync 1 DAGs
[2026-01-16T09:49:32.520+0000] {logging_mixin.py:190} INFO - [2026-01-16T09:49:32.520+0000] {dag.py:4180} INFO - Setting next_dagrun for user_processing_dataset to 2026-01-15 00:00:00+00:00, run_after=2026-01-16 00:00:00+00:00
[2026-01-16T09:49:32.557+0000] {processor.py:208} INFO - Processing /opt/airflow/dags/dataset_user_processing.py took 0.732 seconds
[2026-01-16T09:50:03.043+0000] {processor.py:186} INFO - Started process (PID=5183) to work on /opt/airflow/dags/dataset_user_processing.py
[2026-01-16T09:50:03.048+0000] {processor.py:914} INFO - Processing file /opt/airflow/dags/dataset_user_processing.py for tasks to queue
[2026-01-16T09:50:03.054+0000] {logging_mixin.py:190} INFO - [2026-01-16T09:50:03.053+0000] {dagbag.py:588} INFO - Filling up the DagBag from /opt/airflow/dags/dataset_user_processing.py
[2026-01-16T09:50:03.616+0000] {processor.py:925} INFO - DAG(s) 'user_processing_dataset' retrieved from /opt/airflow/dags/dataset_user_processing.py
[2026-01-16T09:50:03.665+0000] {logging_mixin.py:190} INFO - [2026-01-16T09:50:03.664+0000] {dag.py:3239} INFO - Sync 1 DAGs
[2026-01-16T09:50:03.713+0000] {logging_mixin.py:190} INFO - [2026-01-16T09:50:03.713+0000] {dag.py:4180} INFO - Setting next_dagrun for user_processing_dataset to 2026-01-15 00:00:00+00:00, run_after=2026-01-16 00:00:00+00:00
[2026-01-16T09:50:03.750+0000] {processor.py:208} INFO - Processing /opt/airflow/dags/dataset_user_processing.py took 0.730 seconds
[2026-01-16T09:50:33.909+0000] {processor.py:186} INFO - Started process (PID=5207) to work on /opt/airflow/dags/dataset_user_processing.py
[2026-01-16T09:50:33.911+0000] {processor.py:914} INFO - Processing file /opt/airflow/dags/dataset_user_processing.py for tasks to queue
[2026-01-16T09:50:33.919+0000] {logging_mixin.py:190} INFO - [2026-01-16T09:50:33.919+0000] {dagbag.py:588} INFO - Filling up the DagBag from /opt/airflow/dags/dataset_user_processing.py
[2026-01-16T09:50:34.450+0000] {processor.py:925} INFO - DAG(s) 'user_processing_dataset' retrieved from /opt/airflow/dags/dataset_user_processing.py
[2026-01-16T09:50:34.496+0000] {logging_mixin.py:190} INFO - [2026-01-16T09:50:34.495+0000] {dag.py:3239} INFO - Sync 1 DAGs
[2026-01-16T09:50:34.535+0000] {logging_mixin.py:190} INFO - [2026-01-16T09:50:34.535+0000] {dag.py:4180} INFO - Setting next_dagrun for user_processing_dataset to 2026-01-15 00:00:00+00:00, run_after=2026-01-16 00:00:00+00:00
[2026-01-16T09:50:34.583+0000] {processor.py:208} INFO - Processing /opt/airflow/dags/dataset_user_processing.py took 0.690 seconds
[2026-01-16T09:51:05.048+0000] {processor.py:186} INFO - Started process (PID=5230) to work on /opt/airflow/dags/dataset_user_processing.py
[2026-01-16T09:51:05.052+0000] {processor.py:914} INFO - Processing file /opt/airflow/dags/dataset_user_processing.py for tasks to queue
[2026-01-16T09:51:05.063+0000] {logging_mixin.py:190} INFO - [2026-01-16T09:51:05.062+0000] {dagbag.py:588} INFO - Filling up the DagBag from /opt/airflow/dags/dataset_user_processing.py
[2026-01-16T09:51:05.584+0000] {processor.py:925} INFO - DAG(s) 'user_processing_dataset' retrieved from /opt/airflow/dags/dataset_user_processing.py
[2026-01-16T09:51:05.630+0000] {logging_mixin.py:190} INFO - [2026-01-16T09:51:05.629+0000] {dag.py:3239} INFO - Sync 1 DAGs
[2026-01-16T09:51:05.677+0000] {logging_mixin.py:190} INFO - [2026-01-16T09:51:05.677+0000] {dag.py:4180} INFO - Setting next_dagrun for user_processing_dataset to 2026-01-15 00:00:00+00:00, run_after=2026-01-16 00:00:00+00:00
[2026-01-16T09:51:05.724+0000] {processor.py:208} INFO - Processing /opt/airflow/dags/dataset_user_processing.py took 0.704 seconds
[2026-01-16T09:51:35.913+0000] {processor.py:186} INFO - Started process (PID=5254) to work on /opt/airflow/dags/dataset_user_processing.py
[2026-01-16T09:51:35.916+0000] {processor.py:914} INFO - Processing file /opt/airflow/dags/dataset_user_processing.py for tasks to queue
[2026-01-16T09:51:35.922+0000] {logging_mixin.py:190} INFO - [2026-01-16T09:51:35.921+0000] {dagbag.py:588} INFO - Filling up the DagBag from /opt/airflow/dags/dataset_user_processing.py
[2026-01-16T09:51:36.516+0000] {processor.py:925} INFO - DAG(s) 'user_processing_dataset' retrieved from /opt/airflow/dags/dataset_user_processing.py
[2026-01-16T09:51:36.568+0000] {logging_mixin.py:190} INFO - [2026-01-16T09:51:36.567+0000] {dag.py:3239} INFO - Sync 1 DAGs
[2026-01-16T09:51:36.618+0000] {logging_mixin.py:190} INFO - [2026-01-16T09:51:36.617+0000] {dag.py:4180} INFO - Setting next_dagrun for user_processing_dataset to 2026-01-15 00:00:00+00:00, run_after=2026-01-16 00:00:00+00:00
[2026-01-16T09:51:36.673+0000] {processor.py:208} INFO - Processing /opt/airflow/dags/dataset_user_processing.py took 0.776 seconds
[2026-01-16T09:52:07.218+0000] {processor.py:186} INFO - Started process (PID=5277) to work on /opt/airflow/dags/dataset_user_processing.py
[2026-01-16T09:52:07.222+0000] {processor.py:914} INFO - Processing file /opt/airflow/dags/dataset_user_processing.py for tasks to queue
[2026-01-16T09:52:07.226+0000] {logging_mixin.py:190} INFO - [2026-01-16T09:52:07.226+0000] {dagbag.py:588} INFO - Filling up the DagBag from /opt/airflow/dags/dataset_user_processing.py
[2026-01-16T09:52:07.822+0000] {processor.py:925} INFO - DAG(s) 'user_processing_dataset' retrieved from /opt/airflow/dags/dataset_user_processing.py
[2026-01-16T09:52:07.867+0000] {logging_mixin.py:190} INFO - [2026-01-16T09:52:07.866+0000] {dag.py:3239} INFO - Sync 1 DAGs
[2026-01-16T09:52:07.921+0000] {logging_mixin.py:190} INFO - [2026-01-16T09:52:07.920+0000] {dag.py:4180} INFO - Setting next_dagrun for user_processing_dataset to 2026-01-15 00:00:00+00:00, run_after=2026-01-16 00:00:00+00:00
[2026-01-16T09:52:07.982+0000] {processor.py:208} INFO - Processing /opt/airflow/dags/dataset_user_processing.py took 0.778 seconds
[2026-01-16T09:52:38.575+0000] {processor.py:186} INFO - Started process (PID=5300) to work on /opt/airflow/dags/dataset_user_processing.py
[2026-01-16T09:52:38.577+0000] {processor.py:914} INFO - Processing file /opt/airflow/dags/dataset_user_processing.py for tasks to queue
[2026-01-16T09:52:38.581+0000] {logging_mixin.py:190} INFO - [2026-01-16T09:52:38.581+0000] {dagbag.py:588} INFO - Filling up the DagBag from /opt/airflow/dags/dataset_user_processing.py
[2026-01-16T09:52:39.126+0000] {processor.py:925} INFO - DAG(s) 'user_processing_dataset' retrieved from /opt/airflow/dags/dataset_user_processing.py
[2026-01-16T09:52:39.185+0000] {logging_mixin.py:190} INFO - [2026-01-16T09:52:39.184+0000] {dag.py:3239} INFO - Sync 1 DAGs
[2026-01-16T09:52:39.225+0000] {logging_mixin.py:190} INFO - [2026-01-16T09:52:39.225+0000] {dag.py:4180} INFO - Setting next_dagrun for user_processing_dataset to 2026-01-15 00:00:00+00:00, run_after=2026-01-16 00:00:00+00:00
[2026-01-16T09:52:39.267+0000] {processor.py:208} INFO - Processing /opt/airflow/dags/dataset_user_processing.py took 0.705 seconds
[2026-01-16T09:53:09.480+0000] {processor.py:186} INFO - Started process (PID=5324) to work on /opt/airflow/dags/dataset_user_processing.py
[2026-01-16T09:53:09.483+0000] {processor.py:914} INFO - Processing file /opt/airflow/dags/dataset_user_processing.py for tasks to queue
[2026-01-16T09:53:09.488+0000] {logging_mixin.py:190} INFO - [2026-01-16T09:53:09.488+0000] {dagbag.py:588} INFO - Filling up the DagBag from /opt/airflow/dags/dataset_user_processing.py
[2026-01-16T09:53:10.028+0000] {processor.py:925} INFO - DAG(s) 'user_processing_dataset' retrieved from /opt/airflow/dags/dataset_user_processing.py
[2026-01-16T09:53:10.087+0000] {logging_mixin.py:190} INFO - [2026-01-16T09:53:10.086+0000] {dag.py:3239} INFO - Sync 1 DAGs
[2026-01-16T09:53:10.154+0000] {logging_mixin.py:190} INFO - [2026-01-16T09:53:10.153+0000] {dag.py:4180} INFO - Setting next_dagrun for user_processing_dataset to 2026-01-15 00:00:00+00:00, run_after=2026-01-16 00:00:00+00:00
[2026-01-16T09:53:10.221+0000] {processor.py:208} INFO - Processing /opt/airflow/dags/dataset_user_processing.py took 0.756 seconds
[2026-01-16T09:53:40.694+0000] {processor.py:186} INFO - Started process (PID=5347) to work on /opt/airflow/dags/dataset_user_processing.py
[2026-01-16T09:53:40.696+0000] {processor.py:914} INFO - Processing file /opt/airflow/dags/dataset_user_processing.py for tasks to queue
[2026-01-16T09:53:40.702+0000] {logging_mixin.py:190} INFO - [2026-01-16T09:53:40.702+0000] {dagbag.py:588} INFO - Filling up the DagBag from /opt/airflow/dags/dataset_user_processing.py
[2026-01-16T09:53:41.312+0000] {processor.py:925} INFO - DAG(s) 'user_processing_dataset' retrieved from /opt/airflow/dags/dataset_user_processing.py
[2026-01-16T09:53:41.377+0000] {logging_mixin.py:190} INFO - [2026-01-16T09:53:41.376+0000] {dag.py:3239} INFO - Sync 1 DAGs
[2026-01-16T09:53:41.423+0000] {logging_mixin.py:190} INFO - [2026-01-16T09:53:41.423+0000] {dag.py:4180} INFO - Setting next_dagrun for user_processing_dataset to 2026-01-15 00:00:00+00:00, run_after=2026-01-16 00:00:00+00:00
[2026-01-16T09:53:41.473+0000] {processor.py:208} INFO - Processing /opt/airflow/dags/dataset_user_processing.py took 0.796 seconds
[2026-01-16T09:54:11.566+0000] {processor.py:186} INFO - Started process (PID=5372) to work on /opt/airflow/dags/dataset_user_processing.py
[2026-01-16T09:54:11.569+0000] {processor.py:914} INFO - Processing file /opt/airflow/dags/dataset_user_processing.py for tasks to queue
[2026-01-16T09:54:11.575+0000] {logging_mixin.py:190} INFO - [2026-01-16T09:54:11.574+0000] {dagbag.py:588} INFO - Filling up the DagBag from /opt/airflow/dags/dataset_user_processing.py
[2026-01-16T09:54:12.229+0000] {processor.py:925} INFO - DAG(s) 'user_processing_dataset' retrieved from /opt/airflow/dags/dataset_user_processing.py
[2026-01-16T09:54:12.276+0000] {logging_mixin.py:190} INFO - [2026-01-16T09:54:12.275+0000] {dag.py:3239} INFO - Sync 1 DAGs
[2026-01-16T09:54:12.331+0000] {logging_mixin.py:190} INFO - [2026-01-16T09:54:12.330+0000] {dag.py:4180} INFO - Setting next_dagrun for user_processing_dataset to 2026-01-15 00:00:00+00:00, run_after=2026-01-16 00:00:00+00:00
[2026-01-16T09:54:12.386+0000] {processor.py:208} INFO - Processing /opt/airflow/dags/dataset_user_processing.py took 0.835 seconds
[2026-01-16T09:54:42.562+0000] {processor.py:186} INFO - Started process (PID=5396) to work on /opt/airflow/dags/dataset_user_processing.py
[2026-01-16T09:54:42.568+0000] {processor.py:914} INFO - Processing file /opt/airflow/dags/dataset_user_processing.py for tasks to queue
[2026-01-16T09:54:42.576+0000] {logging_mixin.py:190} INFO - [2026-01-16T09:54:42.574+0000] {dagbag.py:588} INFO - Filling up the DagBag from /opt/airflow/dags/dataset_user_processing.py
[2026-01-16T09:54:43.124+0000] {processor.py:925} INFO - DAG(s) 'user_processing_dataset' retrieved from /opt/airflow/dags/dataset_user_processing.py
[2026-01-16T09:54:43.175+0000] {logging_mixin.py:190} INFO - [2026-01-16T09:54:43.174+0000] {dag.py:3239} INFO - Sync 1 DAGs
[2026-01-16T09:54:43.220+0000] {logging_mixin.py:190} INFO - [2026-01-16T09:54:43.219+0000] {dag.py:4180} INFO - Setting next_dagrun for user_processing_dataset to 2026-01-15 00:00:00+00:00, run_after=2026-01-16 00:00:00+00:00
[2026-01-16T09:54:43.271+0000] {processor.py:208} INFO - Processing /opt/airflow/dags/dataset_user_processing.py took 0.744 seconds
[2026-01-16T09:55:13.910+0000] {processor.py:186} INFO - Started process (PID=5420) to work on /opt/airflow/dags/dataset_user_processing.py
[2026-01-16T09:55:13.912+0000] {processor.py:914} INFO - Processing file /opt/airflow/dags/dataset_user_processing.py for tasks to queue
[2026-01-16T09:55:13.915+0000] {logging_mixin.py:190} INFO - [2026-01-16T09:55:13.915+0000] {dagbag.py:588} INFO - Filling up the DagBag from /opt/airflow/dags/dataset_user_processing.py
[2026-01-16T09:55:14.449+0000] {processor.py:925} INFO - DAG(s) 'user_processing_dataset' retrieved from /opt/airflow/dags/dataset_user_processing.py
[2026-01-16T09:55:14.487+0000] {logging_mixin.py:190} INFO - [2026-01-16T09:55:14.486+0000] {dag.py:3239} INFO - Sync 1 DAGs
[2026-01-16T09:55:14.531+0000] {logging_mixin.py:190} INFO - [2026-01-16T09:55:14.530+0000] {dag.py:4180} INFO - Setting next_dagrun for user_processing_dataset to 2026-01-15 00:00:00+00:00, run_after=2026-01-16 00:00:00+00:00
[2026-01-16T09:55:14.581+0000] {processor.py:208} INFO - Processing /opt/airflow/dags/dataset_user_processing.py took 0.685 seconds
[2026-01-16T09:55:45.031+0000] {processor.py:186} INFO - Started process (PID=5444) to work on /opt/airflow/dags/dataset_user_processing.py
[2026-01-16T09:55:45.034+0000] {processor.py:914} INFO - Processing file /opt/airflow/dags/dataset_user_processing.py for tasks to queue
[2026-01-16T09:55:45.039+0000] {logging_mixin.py:190} INFO - [2026-01-16T09:55:45.039+0000] {dagbag.py:588} INFO - Filling up the DagBag from /opt/airflow/dags/dataset_user_processing.py
[2026-01-16T09:55:45.611+0000] {processor.py:925} INFO - DAG(s) 'user_processing_dataset' retrieved from /opt/airflow/dags/dataset_user_processing.py
[2026-01-16T09:55:45.662+0000] {logging_mixin.py:190} INFO - [2026-01-16T09:55:45.661+0000] {dag.py:3239} INFO - Sync 1 DAGs
[2026-01-16T09:55:45.712+0000] {logging_mixin.py:190} INFO - [2026-01-16T09:55:45.712+0000] {dag.py:4180} INFO - Setting next_dagrun for user_processing_dataset to 2026-01-15 00:00:00+00:00, run_after=2026-01-16 00:00:00+00:00
[2026-01-16T09:55:45.755+0000] {processor.py:208} INFO - Processing /opt/airflow/dags/dataset_user_processing.py took 0.738 seconds
[2026-01-16T09:56:16.438+0000] {processor.py:186} INFO - Started process (PID=5468) to work on /opt/airflow/dags/dataset_user_processing.py
[2026-01-16T09:56:16.440+0000] {processor.py:914} INFO - Processing file /opt/airflow/dags/dataset_user_processing.py for tasks to queue
[2026-01-16T09:56:16.447+0000] {logging_mixin.py:190} INFO - [2026-01-16T09:56:16.446+0000] {dagbag.py:588} INFO - Filling up the DagBag from /opt/airflow/dags/dataset_user_processing.py
[2026-01-16T09:56:17.053+0000] {processor.py:925} INFO - DAG(s) 'user_processing_dataset' retrieved from /opt/airflow/dags/dataset_user_processing.py
[2026-01-16T09:56:17.097+0000] {logging_mixin.py:190} INFO - [2026-01-16T09:56:17.097+0000] {dag.py:3239} INFO - Sync 1 DAGs
[2026-01-16T09:56:17.142+0000] {logging_mixin.py:190} INFO - [2026-01-16T09:56:17.142+0000] {dag.py:4180} INFO - Setting next_dagrun for user_processing_dataset to 2026-01-15 00:00:00+00:00, run_after=2026-01-16 00:00:00+00:00
[2026-01-16T09:56:17.176+0000] {processor.py:208} INFO - Processing /opt/airflow/dags/dataset_user_processing.py took 0.755 seconds
[2026-01-16T09:56:47.350+0000] {processor.py:186} INFO - Started process (PID=5491) to work on /opt/airflow/dags/dataset_user_processing.py
[2026-01-16T09:56:47.353+0000] {processor.py:914} INFO - Processing file /opt/airflow/dags/dataset_user_processing.py for tasks to queue
[2026-01-16T09:56:47.358+0000] {logging_mixin.py:190} INFO - [2026-01-16T09:56:47.358+0000] {dagbag.py:588} INFO - Filling up the DagBag from /opt/airflow/dags/dataset_user_processing.py
[2026-01-16T09:56:48.105+0000] {processor.py:925} INFO - DAG(s) 'user_processing_dataset' retrieved from /opt/airflow/dags/dataset_user_processing.py
[2026-01-16T09:56:48.188+0000] {logging_mixin.py:190} INFO - [2026-01-16T09:56:48.186+0000] {dag.py:3239} INFO - Sync 1 DAGs
[2026-01-16T09:56:48.244+0000] {logging_mixin.py:190} INFO - [2026-01-16T09:56:48.243+0000] {dag.py:4180} INFO - Setting next_dagrun for user_processing_dataset to 2026-01-15 00:00:00+00:00, run_after=2026-01-16 00:00:00+00:00
[2026-01-16T09:56:48.296+0000] {processor.py:208} INFO - Processing /opt/airflow/dags/dataset_user_processing.py took 0.959 seconds
[2026-01-16T09:57:19.026+0000] {processor.py:186} INFO - Started process (PID=5515) to work on /opt/airflow/dags/dataset_user_processing.py
[2026-01-16T09:57:19.028+0000] {processor.py:914} INFO - Processing file /opt/airflow/dags/dataset_user_processing.py for tasks to queue
[2026-01-16T09:57:19.037+0000] {logging_mixin.py:190} INFO - [2026-01-16T09:57:19.036+0000] {dagbag.py:588} INFO - Filling up the DagBag from /opt/airflow/dags/dataset_user_processing.py
[2026-01-16T09:57:19.639+0000] {processor.py:925} INFO - DAG(s) 'user_processing_dataset' retrieved from /opt/airflow/dags/dataset_user_processing.py
[2026-01-16T09:57:19.683+0000] {logging_mixin.py:190} INFO - [2026-01-16T09:57:19.682+0000] {dag.py:3239} INFO - Sync 1 DAGs
[2026-01-16T09:57:19.729+0000] {logging_mixin.py:190} INFO - [2026-01-16T09:57:19.728+0000] {dag.py:4180} INFO - Setting next_dagrun for user_processing_dataset to 2026-01-15 00:00:00+00:00, run_after=2026-01-16 00:00:00+00:00
[2026-01-16T09:57:19.778+0000] {processor.py:208} INFO - Processing /opt/airflow/dags/dataset_user_processing.py took 0.768 seconds
[2026-01-16T09:57:49.996+0000] {processor.py:186} INFO - Started process (PID=5538) to work on /opt/airflow/dags/dataset_user_processing.py
[2026-01-16T09:57:49.998+0000] {processor.py:914} INFO - Processing file /opt/airflow/dags/dataset_user_processing.py for tasks to queue
[2026-01-16T09:57:50.005+0000] {logging_mixin.py:190} INFO - [2026-01-16T09:57:50.004+0000] {dagbag.py:588} INFO - Filling up the DagBag from /opt/airflow/dags/dataset_user_processing.py
[2026-01-16T09:57:50.586+0000] {processor.py:925} INFO - DAG(s) 'user_processing_dataset' retrieved from /opt/airflow/dags/dataset_user_processing.py
[2026-01-16T09:57:50.627+0000] {logging_mixin.py:190} INFO - [2026-01-16T09:57:50.626+0000] {dag.py:3239} INFO - Sync 1 DAGs
[2026-01-16T09:57:50.673+0000] {logging_mixin.py:190} INFO - [2026-01-16T09:57:50.673+0000] {dag.py:4180} INFO - Setting next_dagrun for user_processing_dataset to 2026-01-15 00:00:00+00:00, run_after=2026-01-16 00:00:00+00:00
[2026-01-16T09:57:50.718+0000] {processor.py:208} INFO - Processing /opt/airflow/dags/dataset_user_processing.py took 0.738 seconds
[2026-01-16T09:58:21.420+0000] {processor.py:186} INFO - Started process (PID=5562) to work on /opt/airflow/dags/dataset_user_processing.py
[2026-01-16T09:58:21.427+0000] {processor.py:914} INFO - Processing file /opt/airflow/dags/dataset_user_processing.py for tasks to queue
[2026-01-16T09:58:21.440+0000] {logging_mixin.py:190} INFO - [2026-01-16T09:58:21.438+0000] {dagbag.py:588} INFO - Filling up the DagBag from /opt/airflow/dags/dataset_user_processing.py
[2026-01-16T09:58:22.102+0000] {processor.py:925} INFO - DAG(s) 'user_processing_dataset' retrieved from /opt/airflow/dags/dataset_user_processing.py
[2026-01-16T09:58:22.151+0000] {logging_mixin.py:190} INFO - [2026-01-16T09:58:22.150+0000] {dag.py:3239} INFO - Sync 1 DAGs
[2026-01-16T09:58:22.208+0000] {logging_mixin.py:190} INFO - [2026-01-16T09:58:22.207+0000] {dag.py:4180} INFO - Setting next_dagrun for user_processing_dataset to 2026-01-15 00:00:00+00:00, run_after=2026-01-16 00:00:00+00:00
[2026-01-16T09:58:22.260+0000] {processor.py:208} INFO - Processing /opt/airflow/dags/dataset_user_processing.py took 0.879 seconds
[2026-01-16T09:58:52.584+0000] {processor.py:186} INFO - Started process (PID=5586) to work on /opt/airflow/dags/dataset_user_processing.py
[2026-01-16T09:58:52.586+0000] {processor.py:914} INFO - Processing file /opt/airflow/dags/dataset_user_processing.py for tasks to queue
[2026-01-16T09:58:52.591+0000] {logging_mixin.py:190} INFO - [2026-01-16T09:58:52.590+0000] {dagbag.py:588} INFO - Filling up the DagBag from /opt/airflow/dags/dataset_user_processing.py
[2026-01-16T09:58:53.293+0000] {processor.py:925} INFO - DAG(s) 'user_processing_dataset' retrieved from /opt/airflow/dags/dataset_user_processing.py
[2026-01-16T09:58:53.347+0000] {logging_mixin.py:190} INFO - [2026-01-16T09:58:53.346+0000] {dag.py:3239} INFO - Sync 1 DAGs
[2026-01-16T09:58:53.439+0000] {logging_mixin.py:190} INFO - [2026-01-16T09:58:53.438+0000] {dag.py:4180} INFO - Setting next_dagrun for user_processing_dataset to 2026-01-15 00:00:00+00:00, run_after=2026-01-16 00:00:00+00:00
[2026-01-16T09:58:53.498+0000] {processor.py:208} INFO - Processing /opt/airflow/dags/dataset_user_processing.py took 0.928 seconds
[2026-01-16T09:59:23.921+0000] {processor.py:186} INFO - Started process (PID=5610) to work on /opt/airflow/dags/dataset_user_processing.py
[2026-01-16T09:59:23.924+0000] {processor.py:914} INFO - Processing file /opt/airflow/dags/dataset_user_processing.py for tasks to queue
[2026-01-16T09:59:23.931+0000] {logging_mixin.py:190} INFO - [2026-01-16T09:59:23.930+0000] {dagbag.py:588} INFO - Filling up the DagBag from /opt/airflow/dags/dataset_user_processing.py
[2026-01-16T09:59:24.584+0000] {processor.py:925} INFO - DAG(s) 'user_processing_dataset' retrieved from /opt/airflow/dags/dataset_user_processing.py
[2026-01-16T09:59:24.656+0000] {logging_mixin.py:190} INFO - [2026-01-16T09:59:24.655+0000] {dag.py:3239} INFO - Sync 1 DAGs
[2026-01-16T09:59:24.714+0000] {logging_mixin.py:190} INFO - [2026-01-16T09:59:24.714+0000] {dag.py:4180} INFO - Setting next_dagrun for user_processing_dataset to 2026-01-15 00:00:00+00:00, run_after=2026-01-16 00:00:00+00:00
[2026-01-16T09:59:24.767+0000] {processor.py:208} INFO - Processing /opt/airflow/dags/dataset_user_processing.py took 0.864 seconds
[2026-01-16T09:59:54.892+0000] {processor.py:186} INFO - Started process (PID=5634) to work on /opt/airflow/dags/dataset_user_processing.py
[2026-01-16T09:59:54.895+0000] {processor.py:914} INFO - Processing file /opt/airflow/dags/dataset_user_processing.py for tasks to queue
[2026-01-16T09:59:54.902+0000] {logging_mixin.py:190} INFO - [2026-01-16T09:59:54.901+0000] {dagbag.py:588} INFO - Filling up the DagBag from /opt/airflow/dags/dataset_user_processing.py
[2026-01-16T09:59:55.439+0000] {processor.py:925} INFO - DAG(s) 'user_processing_dataset' retrieved from /opt/airflow/dags/dataset_user_processing.py
[2026-01-16T09:59:55.497+0000] {logging_mixin.py:190} INFO - [2026-01-16T09:59:55.496+0000] {dag.py:3239} INFO - Sync 1 DAGs
[2026-01-16T09:59:55.552+0000] {logging_mixin.py:190} INFO - [2026-01-16T09:59:55.552+0000] {dag.py:4180} INFO - Setting next_dagrun for user_processing_dataset to 2026-01-15 00:00:00+00:00, run_after=2026-01-16 00:00:00+00:00
[2026-01-16T09:59:55.612+0000] {processor.py:208} INFO - Processing /opt/airflow/dags/dataset_user_processing.py took 0.737 seconds
[2026-01-16T10:00:26.062+0000] {processor.py:186} INFO - Started process (PID=5658) to work on /opt/airflow/dags/dataset_user_processing.py
[2026-01-16T10:00:26.065+0000] {processor.py:914} INFO - Processing file /opt/airflow/dags/dataset_user_processing.py for tasks to queue
[2026-01-16T10:00:26.070+0000] {logging_mixin.py:190} INFO - [2026-01-16T10:00:26.069+0000] {dagbag.py:588} INFO - Filling up the DagBag from /opt/airflow/dags/dataset_user_processing.py
[2026-01-16T10:00:26.629+0000] {processor.py:925} INFO - DAG(s) 'user_processing_dataset' retrieved from /opt/airflow/dags/dataset_user_processing.py
[2026-01-16T10:00:26.682+0000] {logging_mixin.py:190} INFO - [2026-01-16T10:00:26.681+0000] {dag.py:3239} INFO - Sync 1 DAGs
[2026-01-16T10:00:26.734+0000] {logging_mixin.py:190} INFO - [2026-01-16T10:00:26.733+0000] {dag.py:4180} INFO - Setting next_dagrun for user_processing_dataset to 2026-01-15 00:00:00+00:00, run_after=2026-01-16 00:00:00+00:00
[2026-01-16T10:00:26.779+0000] {processor.py:208} INFO - Processing /opt/airflow/dags/dataset_user_processing.py took 0.746 seconds
[2026-01-16T10:00:56.926+0000] {processor.py:186} INFO - Started process (PID=5682) to work on /opt/airflow/dags/dataset_user_processing.py
[2026-01-16T10:00:56.931+0000] {processor.py:914} INFO - Processing file /opt/airflow/dags/dataset_user_processing.py for tasks to queue
[2026-01-16T10:00:56.941+0000] {logging_mixin.py:190} INFO - [2026-01-16T10:00:56.940+0000] {dagbag.py:588} INFO - Filling up the DagBag from /opt/airflow/dags/dataset_user_processing.py
[2026-01-16T10:00:57.851+0000] {processor.py:925} INFO - DAG(s) 'user_processing_dataset' retrieved from /opt/airflow/dags/dataset_user_processing.py
[2026-01-16T10:00:57.924+0000] {logging_mixin.py:190} INFO - [2026-01-16T10:00:57.923+0000] {dag.py:3239} INFO - Sync 1 DAGs
[2026-01-16T10:00:57.993+0000] {logging_mixin.py:190} INFO - [2026-01-16T10:00:57.993+0000] {dag.py:4180} INFO - Setting next_dagrun for user_processing_dataset to 2026-01-15 00:00:00+00:00, run_after=2026-01-16 00:00:00+00:00
[2026-01-16T10:00:58.058+0000] {processor.py:208} INFO - Processing /opt/airflow/dags/dataset_user_processing.py took 1.153 seconds
[2026-01-16T10:01:28.685+0000] {processor.py:186} INFO - Started process (PID=5707) to work on /opt/airflow/dags/dataset_user_processing.py
[2026-01-16T10:01:28.687+0000] {processor.py:914} INFO - Processing file /opt/airflow/dags/dataset_user_processing.py for tasks to queue
[2026-01-16T10:01:28.694+0000] {logging_mixin.py:190} INFO - [2026-01-16T10:01:28.692+0000] {dagbag.py:588} INFO - Filling up the DagBag from /opt/airflow/dags/dataset_user_processing.py
[2026-01-16T10:01:29.341+0000] {processor.py:925} INFO - DAG(s) 'user_processing_dataset' retrieved from /opt/airflow/dags/dataset_user_processing.py
[2026-01-16T10:01:29.391+0000] {logging_mixin.py:190} INFO - [2026-01-16T10:01:29.391+0000] {dag.py:3239} INFO - Sync 1 DAGs
[2026-01-16T10:01:29.461+0000] {logging_mixin.py:190} INFO - [2026-01-16T10:01:29.458+0000] {dag.py:4180} INFO - Setting next_dagrun for user_processing_dataset to 2026-01-15 00:00:00+00:00, run_after=2026-01-16 00:00:00+00:00
[2026-01-16T10:01:29.512+0000] {processor.py:208} INFO - Processing /opt/airflow/dags/dataset_user_processing.py took 0.844 seconds
[2026-01-16T10:01:59.632+0000] {processor.py:186} INFO - Started process (PID=5732) to work on /opt/airflow/dags/dataset_user_processing.py
[2026-01-16T10:01:59.637+0000] {processor.py:914} INFO - Processing file /opt/airflow/dags/dataset_user_processing.py for tasks to queue
[2026-01-16T10:01:59.654+0000] {logging_mixin.py:190} INFO - [2026-01-16T10:01:59.653+0000] {dagbag.py:588} INFO - Filling up the DagBag from /opt/airflow/dags/dataset_user_processing.py
[2026-01-16T10:02:00.321+0000] {processor.py:925} INFO - DAG(s) 'user_processing_dataset' retrieved from /opt/airflow/dags/dataset_user_processing.py
[2026-01-16T10:02:00.369+0000] {logging_mixin.py:190} INFO - [2026-01-16T10:02:00.368+0000] {dag.py:3239} INFO - Sync 1 DAGs
[2026-01-16T10:02:00.438+0000] {logging_mixin.py:190} INFO - [2026-01-16T10:02:00.438+0000] {dag.py:4180} INFO - Setting next_dagrun for user_processing_dataset to 2026-01-15 00:00:00+00:00, run_after=2026-01-16 00:00:00+00:00
[2026-01-16T10:02:00.489+0000] {processor.py:208} INFO - Processing /opt/airflow/dags/dataset_user_processing.py took 0.888 seconds
[2026-01-16T10:02:31.069+0000] {processor.py:186} INFO - Started process (PID=5756) to work on /opt/airflow/dags/dataset_user_processing.py
[2026-01-16T10:02:31.072+0000] {processor.py:914} INFO - Processing file /opt/airflow/dags/dataset_user_processing.py for tasks to queue
[2026-01-16T10:02:31.081+0000] {logging_mixin.py:190} INFO - [2026-01-16T10:02:31.080+0000] {dagbag.py:588} INFO - Filling up the DagBag from /opt/airflow/dags/dataset_user_processing.py
[2026-01-16T10:02:31.655+0000] {processor.py:925} INFO - DAG(s) 'user_processing_dataset' retrieved from /opt/airflow/dags/dataset_user_processing.py
[2026-01-16T10:02:31.708+0000] {logging_mixin.py:190} INFO - [2026-01-16T10:02:31.707+0000] {dag.py:3239} INFO - Sync 1 DAGs
[2026-01-16T10:02:31.782+0000] {logging_mixin.py:190} INFO - [2026-01-16T10:02:31.782+0000] {dag.py:4180} INFO - Setting next_dagrun for user_processing_dataset to 2026-01-15 00:00:00+00:00, run_after=2026-01-16 00:00:00+00:00
[2026-01-16T10:02:31.834+0000] {processor.py:208} INFO - Processing /opt/airflow/dags/dataset_user_processing.py took 0.788 seconds
[2026-01-16T10:03:02.472+0000] {processor.py:186} INFO - Started process (PID=5787) to work on /opt/airflow/dags/dataset_user_processing.py
[2026-01-16T10:03:02.476+0000] {processor.py:914} INFO - Processing file /opt/airflow/dags/dataset_user_processing.py for tasks to queue
[2026-01-16T10:03:02.485+0000] {logging_mixin.py:190} INFO - [2026-01-16T10:03:02.484+0000] {dagbag.py:588} INFO - Filling up the DagBag from /opt/airflow/dags/dataset_user_processing.py
[2026-01-16T10:03:03.025+0000] {processor.py:925} INFO - DAG(s) 'user_processing_dataset' retrieved from /opt/airflow/dags/dataset_user_processing.py
[2026-01-16T10:03:03.072+0000] {logging_mixin.py:190} INFO - [2026-01-16T10:03:03.071+0000] {dag.py:3239} INFO - Sync 1 DAGs
[2026-01-16T10:03:03.123+0000] {logging_mixin.py:190} INFO - [2026-01-16T10:03:03.122+0000] {dag.py:4180} INFO - Setting next_dagrun for user_processing_dataset to 2026-01-15 00:00:00+00:00, run_after=2026-01-16 00:00:00+00:00
[2026-01-16T10:03:03.180+0000] {processor.py:208} INFO - Processing /opt/airflow/dags/dataset_user_processing.py took 0.728 seconds
[2026-01-16T10:03:33.389+0000] {processor.py:186} INFO - Started process (PID=5811) to work on /opt/airflow/dags/dataset_user_processing.py
[2026-01-16T10:03:33.391+0000] {processor.py:914} INFO - Processing file /opt/airflow/dags/dataset_user_processing.py for tasks to queue
[2026-01-16T10:03:33.401+0000] {logging_mixin.py:190} INFO - [2026-01-16T10:03:33.400+0000] {dagbag.py:588} INFO - Filling up the DagBag from /opt/airflow/dags/dataset_user_processing.py
[2026-01-16T10:03:33.984+0000] {processor.py:925} INFO - DAG(s) 'user_processing_dataset' retrieved from /opt/airflow/dags/dataset_user_processing.py
[2026-01-16T10:03:34.033+0000] {logging_mixin.py:190} INFO - [2026-01-16T10:03:34.032+0000] {dag.py:3239} INFO - Sync 1 DAGs
[2026-01-16T10:03:34.083+0000] {logging_mixin.py:190} INFO - [2026-01-16T10:03:34.082+0000] {dag.py:4180} INFO - Setting next_dagrun for user_processing_dataset to 2026-01-15 00:00:00+00:00, run_after=2026-01-16 00:00:00+00:00
[2026-01-16T10:03:34.127+0000] {processor.py:208} INFO - Processing /opt/airflow/dags/dataset_user_processing.py took 0.753 seconds
[2026-01-16T10:04:04.360+0000] {processor.py:186} INFO - Started process (PID=5835) to work on /opt/airflow/dags/dataset_user_processing.py
[2026-01-16T10:04:04.364+0000] {processor.py:914} INFO - Processing file /opt/airflow/dags/dataset_user_processing.py for tasks to queue
[2026-01-16T10:04:04.371+0000] {logging_mixin.py:190} INFO - [2026-01-16T10:04:04.370+0000] {dagbag.py:588} INFO - Filling up the DagBag from /opt/airflow/dags/dataset_user_processing.py
[2026-01-16T10:04:05.005+0000] {processor.py:925} INFO - DAG(s) 'user_processing_dataset' retrieved from /opt/airflow/dags/dataset_user_processing.py
[2026-01-16T10:04:05.054+0000] {logging_mixin.py:190} INFO - [2026-01-16T10:04:05.053+0000] {dag.py:3239} INFO - Sync 1 DAGs
[2026-01-16T10:04:05.097+0000] {logging_mixin.py:190} INFO - [2026-01-16T10:04:05.096+0000] {dag.py:4180} INFO - Setting next_dagrun for user_processing_dataset to 2026-01-15 00:00:00+00:00, run_after=2026-01-16 00:00:00+00:00
[2026-01-16T10:04:05.144+0000] {processor.py:208} INFO - Processing /opt/airflow/dags/dataset_user_processing.py took 0.806 seconds
[2026-01-16T10:04:35.483+0000] {processor.py:186} INFO - Started process (PID=5859) to work on /opt/airflow/dags/dataset_user_processing.py
[2026-01-16T10:04:35.485+0000] {processor.py:914} INFO - Processing file /opt/airflow/dags/dataset_user_processing.py for tasks to queue
[2026-01-16T10:04:35.493+0000] {logging_mixin.py:190} INFO - [2026-01-16T10:04:35.492+0000] {dagbag.py:588} INFO - Filling up the DagBag from /opt/airflow/dags/dataset_user_processing.py
[2026-01-16T10:04:36.172+0000] {processor.py:925} INFO - DAG(s) 'user_processing_dataset' retrieved from /opt/airflow/dags/dataset_user_processing.py
[2026-01-16T10:04:36.246+0000] {logging_mixin.py:190} INFO - [2026-01-16T10:04:36.246+0000] {dag.py:3239} INFO - Sync 1 DAGs
[2026-01-16T10:04:36.302+0000] {logging_mixin.py:190} INFO - [2026-01-16T10:04:36.302+0000] {dag.py:4180} INFO - Setting next_dagrun for user_processing_dataset to 2026-01-15 00:00:00+00:00, run_after=2026-01-16 00:00:00+00:00
[2026-01-16T10:04:36.362+0000] {processor.py:208} INFO - Processing /opt/airflow/dags/dataset_user_processing.py took 0.894 seconds
[2026-01-16T10:05:06.938+0000] {processor.py:186} INFO - Started process (PID=5883) to work on /opt/airflow/dags/dataset_user_processing.py
[2026-01-16T10:05:06.941+0000] {processor.py:914} INFO - Processing file /opt/airflow/dags/dataset_user_processing.py for tasks to queue
[2026-01-16T10:05:06.951+0000] {logging_mixin.py:190} INFO - [2026-01-16T10:05:06.950+0000] {dagbag.py:588} INFO - Filling up the DagBag from /opt/airflow/dags/dataset_user_processing.py
[2026-01-16T10:05:07.588+0000] {processor.py:925} INFO - DAG(s) 'user_processing_dataset' retrieved from /opt/airflow/dags/dataset_user_processing.py
[2026-01-16T10:05:07.651+0000] {logging_mixin.py:190} INFO - [2026-01-16T10:05:07.650+0000] {dag.py:3239} INFO - Sync 1 DAGs
[2026-01-16T10:05:07.710+0000] {logging_mixin.py:190} INFO - [2026-01-16T10:05:07.709+0000] {dag.py:4180} INFO - Setting next_dagrun for user_processing_dataset to 2026-01-15 00:00:00+00:00, run_after=2026-01-16 00:00:00+00:00
[2026-01-16T10:05:07.760+0000] {processor.py:208} INFO - Processing /opt/airflow/dags/dataset_user_processing.py took 0.855 seconds
[2026-01-16T10:05:38.641+0000] {processor.py:186} INFO - Started process (PID=5907) to work on /opt/airflow/dags/dataset_user_processing.py
[2026-01-16T10:05:38.646+0000] {processor.py:914} INFO - Processing file /opt/airflow/dags/dataset_user_processing.py for tasks to queue
[2026-01-16T10:05:38.652+0000] {logging_mixin.py:190} INFO - [2026-01-16T10:05:38.652+0000] {dagbag.py:588} INFO - Filling up the DagBag from /opt/airflow/dags/dataset_user_processing.py
[2026-01-16T10:05:39.385+0000] {processor.py:925} INFO - DAG(s) 'user_processing_dataset' retrieved from /opt/airflow/dags/dataset_user_processing.py
[2026-01-16T10:05:39.485+0000] {logging_mixin.py:190} INFO - [2026-01-16T10:05:39.484+0000] {dag.py:3239} INFO - Sync 1 DAGs
[2026-01-16T10:05:39.553+0000] {logging_mixin.py:190} INFO - [2026-01-16T10:05:39.552+0000] {dag.py:4180} INFO - Setting next_dagrun for user_processing_dataset to 2026-01-15 00:00:00+00:00, run_after=2026-01-16 00:00:00+00:00
[2026-01-16T10:05:39.612+0000] {processor.py:208} INFO - Processing /opt/airflow/dags/dataset_user_processing.py took 0.983 seconds
[2026-01-16T10:06:09.918+0000] {processor.py:186} INFO - Started process (PID=5931) to work on /opt/airflow/dags/dataset_user_processing.py
[2026-01-16T10:06:09.923+0000] {processor.py:914} INFO - Processing file /opt/airflow/dags/dataset_user_processing.py for tasks to queue
[2026-01-16T10:06:09.928+0000] {logging_mixin.py:190} INFO - [2026-01-16T10:06:09.928+0000] {dagbag.py:588} INFO - Filling up the DagBag from /opt/airflow/dags/dataset_user_processing.py
[2026-01-16T10:06:10.571+0000] {processor.py:925} INFO - DAG(s) 'user_processing_dataset' retrieved from /opt/airflow/dags/dataset_user_processing.py
[2026-01-16T10:06:10.635+0000] {logging_mixin.py:190} INFO - [2026-01-16T10:06:10.634+0000] {dag.py:3239} INFO - Sync 1 DAGs
[2026-01-16T10:06:10.697+0000] {logging_mixin.py:190} INFO - [2026-01-16T10:06:10.697+0000] {dag.py:4180} INFO - Setting next_dagrun for user_processing_dataset to 2026-01-15 00:00:00+00:00, run_after=2026-01-16 00:00:00+00:00
[2026-01-16T10:06:10.748+0000] {processor.py:208} INFO - Processing /opt/airflow/dags/dataset_user_processing.py took 0.849 seconds
[2026-01-16T10:06:41.358+0000] {processor.py:186} INFO - Started process (PID=5955) to work on /opt/airflow/dags/dataset_user_processing.py
[2026-01-16T10:06:41.362+0000] {processor.py:914} INFO - Processing file /opt/airflow/dags/dataset_user_processing.py for tasks to queue
[2026-01-16T10:06:41.370+0000] {logging_mixin.py:190} INFO - [2026-01-16T10:06:41.369+0000] {dagbag.py:588} INFO - Filling up the DagBag from /opt/airflow/dags/dataset_user_processing.py
[2026-01-16T10:06:41.982+0000] {processor.py:925} INFO - DAG(s) 'user_processing_dataset' retrieved from /opt/airflow/dags/dataset_user_processing.py
[2026-01-16T10:06:42.036+0000] {logging_mixin.py:190} INFO - [2026-01-16T10:06:42.035+0000] {dag.py:3239} INFO - Sync 1 DAGs
[2026-01-16T10:06:42.088+0000] {logging_mixin.py:190} INFO - [2026-01-16T10:06:42.088+0000] {dag.py:4180} INFO - Setting next_dagrun for user_processing_dataset to 2026-01-15 00:00:00+00:00, run_after=2026-01-16 00:00:00+00:00
[2026-01-16T10:06:42.146+0000] {processor.py:208} INFO - Processing /opt/airflow/dags/dataset_user_processing.py took 0.807 seconds
[2026-01-16T10:07:12.272+0000] {processor.py:186} INFO - Started process (PID=5979) to work on /opt/airflow/dags/dataset_user_processing.py
[2026-01-16T10:07:12.274+0000] {processor.py:914} INFO - Processing file /opt/airflow/dags/dataset_user_processing.py for tasks to queue
[2026-01-16T10:07:12.281+0000] {logging_mixin.py:190} INFO - [2026-01-16T10:07:12.280+0000] {dagbag.py:588} INFO - Filling up the DagBag from /opt/airflow/dags/dataset_user_processing.py
[2026-01-16T10:07:12.800+0000] {processor.py:925} INFO - DAG(s) 'user_processing_dataset' retrieved from /opt/airflow/dags/dataset_user_processing.py
[2026-01-16T10:07:12.855+0000] {logging_mixin.py:190} INFO - [2026-01-16T10:07:12.853+0000] {dag.py:3239} INFO - Sync 1 DAGs
[2026-01-16T10:07:12.911+0000] {logging_mixin.py:190} INFO - [2026-01-16T10:07:12.911+0000] {dag.py:4180} INFO - Setting next_dagrun for user_processing_dataset to 2026-01-15 00:00:00+00:00, run_after=2026-01-16 00:00:00+00:00
[2026-01-16T10:07:12.961+0000] {processor.py:208} INFO - Processing /opt/airflow/dags/dataset_user_processing.py took 0.711 seconds
[2026-01-16T10:07:43.433+0000] {processor.py:186} INFO - Started process (PID=6003) to work on /opt/airflow/dags/dataset_user_processing.py
[2026-01-16T10:07:43.436+0000] {processor.py:914} INFO - Processing file /opt/airflow/dags/dataset_user_processing.py for tasks to queue
[2026-01-16T10:07:43.444+0000] {logging_mixin.py:190} INFO - [2026-01-16T10:07:43.443+0000] {dagbag.py:588} INFO - Filling up the DagBag from /opt/airflow/dags/dataset_user_processing.py
[2026-01-16T10:07:43.988+0000] {processor.py:925} INFO - DAG(s) 'user_processing_dataset' retrieved from /opt/airflow/dags/dataset_user_processing.py
[2026-01-16T10:07:44.036+0000] {logging_mixin.py:190} INFO - [2026-01-16T10:07:44.035+0000] {dag.py:3239} INFO - Sync 1 DAGs
[2026-01-16T10:07:44.085+0000] {logging_mixin.py:190} INFO - [2026-01-16T10:07:44.084+0000] {dag.py:4180} INFO - Setting next_dagrun for user_processing_dataset to 2026-01-15 00:00:00+00:00, run_after=2026-01-16 00:00:00+00:00
[2026-01-16T10:07:44.140+0000] {processor.py:208} INFO - Processing /opt/airflow/dags/dataset_user_processing.py took 0.720 seconds
[2026-01-16T10:08:15.006+0000] {processor.py:186} INFO - Started process (PID=6028) to work on /opt/airflow/dags/dataset_user_processing.py
[2026-01-16T10:08:15.008+0000] {processor.py:914} INFO - Processing file /opt/airflow/dags/dataset_user_processing.py for tasks to queue
[2026-01-16T10:08:15.017+0000] {logging_mixin.py:190} INFO - [2026-01-16T10:08:15.014+0000] {dagbag.py:588} INFO - Filling up the DagBag from /opt/airflow/dags/dataset_user_processing.py
[2026-01-16T10:08:15.539+0000] {processor.py:925} INFO - DAG(s) 'user_processing_dataset' retrieved from /opt/airflow/dags/dataset_user_processing.py
[2026-01-16T10:08:15.586+0000] {logging_mixin.py:190} INFO - [2026-01-16T10:08:15.585+0000] {dag.py:3239} INFO - Sync 1 DAGs
[2026-01-16T10:08:15.628+0000] {logging_mixin.py:190} INFO - [2026-01-16T10:08:15.627+0000] {dag.py:4180} INFO - Setting next_dagrun for user_processing_dataset to 2026-01-15 00:00:00+00:00, run_after=2026-01-16 00:00:00+00:00
[2026-01-16T10:08:15.706+0000] {processor.py:208} INFO - Processing /opt/airflow/dags/dataset_user_processing.py took 0.741 seconds
[2026-01-16T10:08:46.278+0000] {processor.py:186} INFO - Started process (PID=6053) to work on /opt/airflow/dags/dataset_user_processing.py
[2026-01-16T10:08:46.283+0000] {processor.py:914} INFO - Processing file /opt/airflow/dags/dataset_user_processing.py for tasks to queue
[2026-01-16T10:08:46.292+0000] {logging_mixin.py:190} INFO - [2026-01-16T10:08:46.291+0000] {dagbag.py:588} INFO - Filling up the DagBag from /opt/airflow/dags/dataset_user_processing.py
[2026-01-16T10:08:47.004+0000] {processor.py:925} INFO - DAG(s) 'user_processing_dataset' retrieved from /opt/airflow/dags/dataset_user_processing.py
[2026-01-16T10:08:47.051+0000] {logging_mixin.py:190} INFO - [2026-01-16T10:08:47.050+0000] {dag.py:3239} INFO - Sync 1 DAGs
[2026-01-16T10:08:47.106+0000] {logging_mixin.py:190} INFO - [2026-01-16T10:08:47.105+0000] {dag.py:4180} INFO - Setting next_dagrun for user_processing_dataset to 2026-01-15 00:00:00+00:00, run_after=2026-01-16 00:00:00+00:00
[2026-01-16T10:08:47.158+0000] {processor.py:208} INFO - Processing /opt/airflow/dags/dataset_user_processing.py took 0.910 seconds
[2026-01-16T10:09:17.813+0000] {processor.py:186} INFO - Started process (PID=6077) to work on /opt/airflow/dags/dataset_user_processing.py
[2026-01-16T10:09:17.817+0000] {processor.py:914} INFO - Processing file /opt/airflow/dags/dataset_user_processing.py for tasks to queue
[2026-01-16T10:09:17.829+0000] {logging_mixin.py:190} INFO - [2026-01-16T10:09:17.828+0000] {dagbag.py:588} INFO - Filling up the DagBag from /opt/airflow/dags/dataset_user_processing.py
[2026-01-16T10:09:18.739+0000] {processor.py:925} INFO - DAG(s) 'user_processing_dataset' retrieved from /opt/airflow/dags/dataset_user_processing.py
[2026-01-16T10:09:18.793+0000] {logging_mixin.py:190} INFO - [2026-01-16T10:09:18.793+0000] {dag.py:3239} INFO - Sync 1 DAGs
[2026-01-16T10:09:18.881+0000] {logging_mixin.py:190} INFO - [2026-01-16T10:09:18.880+0000] {dag.py:4180} INFO - Setting next_dagrun for user_processing_dataset to 2026-01-15 00:00:00+00:00, run_after=2026-01-16 00:00:00+00:00
[2026-01-16T10:09:18.929+0000] {processor.py:208} INFO - Processing /opt/airflow/dags/dataset_user_processing.py took 1.134 seconds
[2026-01-16T10:09:49.203+0000] {processor.py:186} INFO - Started process (PID=6102) to work on /opt/airflow/dags/dataset_user_processing.py
[2026-01-16T10:09:49.206+0000] {processor.py:914} INFO - Processing file /opt/airflow/dags/dataset_user_processing.py for tasks to queue
[2026-01-16T10:09:49.217+0000] {logging_mixin.py:190} INFO - [2026-01-16T10:09:49.214+0000] {dagbag.py:588} INFO - Filling up the DagBag from /opt/airflow/dags/dataset_user_processing.py
[2026-01-16T10:09:49.791+0000] {processor.py:925} INFO - DAG(s) 'user_processing_dataset' retrieved from /opt/airflow/dags/dataset_user_processing.py
[2026-01-16T10:09:49.849+0000] {logging_mixin.py:190} INFO - [2026-01-16T10:09:49.848+0000] {dag.py:3239} INFO - Sync 1 DAGs
[2026-01-16T10:09:49.918+0000] {logging_mixin.py:190} INFO - [2026-01-16T10:09:49.917+0000] {dag.py:4180} INFO - Setting next_dagrun for user_processing_dataset to 2026-01-15 00:00:00+00:00, run_after=2026-01-16 00:00:00+00:00
[2026-01-16T10:09:49.969+0000] {processor.py:208} INFO - Processing /opt/airflow/dags/dataset_user_processing.py took 0.790 seconds
[2026-01-16T10:10:20.426+0000] {processor.py:186} INFO - Started process (PID=6126) to work on /opt/airflow/dags/dataset_user_processing.py
[2026-01-16T10:10:20.428+0000] {processor.py:914} INFO - Processing file /opt/airflow/dags/dataset_user_processing.py for tasks to queue
[2026-01-16T10:10:20.433+0000] {logging_mixin.py:190} INFO - [2026-01-16T10:10:20.432+0000] {dagbag.py:588} INFO - Filling up the DagBag from /opt/airflow/dags/dataset_user_processing.py
[2026-01-16T10:10:21.213+0000] {processor.py:925} INFO - DAG(s) 'user_processing_dataset' retrieved from /opt/airflow/dags/dataset_user_processing.py
[2026-01-16T10:10:21.268+0000] {logging_mixin.py:190} INFO - [2026-01-16T10:10:21.267+0000] {dag.py:3239} INFO - Sync 1 DAGs
[2026-01-16T10:10:21.330+0000] {logging_mixin.py:190} INFO - [2026-01-16T10:10:21.329+0000] {dag.py:4180} INFO - Setting next_dagrun for user_processing_dataset to 2026-01-15 00:00:00+00:00, run_after=2026-01-16 00:00:00+00:00
[2026-01-16T10:10:21.374+0000] {processor.py:208} INFO - Processing /opt/airflow/dags/dataset_user_processing.py took 0.970 seconds
[2026-01-16T10:10:51.609+0000] {processor.py:186} INFO - Started process (PID=6150) to work on /opt/airflow/dags/dataset_user_processing.py
[2026-01-16T10:10:51.611+0000] {processor.py:914} INFO - Processing file /opt/airflow/dags/dataset_user_processing.py for tasks to queue
[2026-01-16T10:10:51.618+0000] {logging_mixin.py:190} INFO - [2026-01-16T10:10:51.617+0000] {dagbag.py:588} INFO - Filling up the DagBag from /opt/airflow/dags/dataset_user_processing.py
[2026-01-16T10:10:52.258+0000] {processor.py:925} INFO - DAG(s) 'user_processing_dataset' retrieved from /opt/airflow/dags/dataset_user_processing.py
[2026-01-16T10:10:52.299+0000] {logging_mixin.py:190} INFO - [2026-01-16T10:10:52.299+0000] {dag.py:3239} INFO - Sync 1 DAGs
[2026-01-16T10:10:52.366+0000] {logging_mixin.py:190} INFO - [2026-01-16T10:10:52.365+0000] {dag.py:4180} INFO - Setting next_dagrun for user_processing_dataset to 2026-01-15 00:00:00+00:00, run_after=2026-01-16 00:00:00+00:00
[2026-01-16T10:10:52.431+0000] {processor.py:208} INFO - Processing /opt/airflow/dags/dataset_user_processing.py took 0.839 seconds
[2026-01-16T10:11:22.555+0000] {processor.py:186} INFO - Started process (PID=6174) to work on /opt/airflow/dags/dataset_user_processing.py
[2026-01-16T10:11:22.557+0000] {processor.py:914} INFO - Processing file /opt/airflow/dags/dataset_user_processing.py for tasks to queue
[2026-01-16T10:11:22.563+0000] {logging_mixin.py:190} INFO - [2026-01-16T10:11:22.563+0000] {dagbag.py:588} INFO - Filling up the DagBag from /opt/airflow/dags/dataset_user_processing.py
[2026-01-16T10:11:23.090+0000] {processor.py:925} INFO - DAG(s) 'user_processing_dataset' retrieved from /opt/airflow/dags/dataset_user_processing.py
[2026-01-16T10:11:23.140+0000] {logging_mixin.py:190} INFO - [2026-01-16T10:11:23.139+0000] {dag.py:3239} INFO - Sync 1 DAGs
[2026-01-16T10:11:23.181+0000] {logging_mixin.py:190} INFO - [2026-01-16T10:11:23.181+0000] {dag.py:4180} INFO - Setting next_dagrun for user_processing_dataset to 2026-01-15 00:00:00+00:00, run_after=2026-01-16 00:00:00+00:00
[2026-01-16T10:11:23.228+0000] {processor.py:208} INFO - Processing /opt/airflow/dags/dataset_user_processing.py took 0.703 seconds
[2026-01-16T10:11:53.583+0000] {processor.py:186} INFO - Started process (PID=6198) to work on /opt/airflow/dags/dataset_user_processing.py
[2026-01-16T10:11:53.587+0000] {processor.py:914} INFO - Processing file /opt/airflow/dags/dataset_user_processing.py for tasks to queue
[2026-01-16T10:11:53.599+0000] {logging_mixin.py:190} INFO - [2026-01-16T10:11:53.596+0000] {dagbag.py:588} INFO - Filling up the DagBag from /opt/airflow/dags/dataset_user_processing.py
[2026-01-16T10:11:54.323+0000] {processor.py:925} INFO - DAG(s) 'user_processing_dataset' retrieved from /opt/airflow/dags/dataset_user_processing.py
[2026-01-16T10:11:54.387+0000] {logging_mixin.py:190} INFO - [2026-01-16T10:11:54.386+0000] {dag.py:3239} INFO - Sync 1 DAGs
[2026-01-16T10:11:54.445+0000] {logging_mixin.py:190} INFO - [2026-01-16T10:11:54.445+0000] {dag.py:4180} INFO - Setting next_dagrun for user_processing_dataset to 2026-01-15 00:00:00+00:00, run_after=2026-01-16 00:00:00+00:00
[2026-01-16T10:11:54.484+0000] {processor.py:208} INFO - Processing /opt/airflow/dags/dataset_user_processing.py took 0.927 seconds
[2026-01-16T10:12:24.823+0000] {processor.py:186} INFO - Started process (PID=6224) to work on /opt/airflow/dags/dataset_user_processing.py
[2026-01-16T10:12:24.824+0000] {processor.py:914} INFO - Processing file /opt/airflow/dags/dataset_user_processing.py for tasks to queue
[2026-01-16T10:12:24.831+0000] {logging_mixin.py:190} INFO - [2026-01-16T10:12:24.830+0000] {dagbag.py:588} INFO - Filling up the DagBag from /opt/airflow/dags/dataset_user_processing.py
[2026-01-16T10:12:25.311+0000] {processor.py:925} INFO - DAG(s) 'user_processing_dataset' retrieved from /opt/airflow/dags/dataset_user_processing.py
[2026-01-16T10:12:25.355+0000] {logging_mixin.py:190} INFO - [2026-01-16T10:12:25.354+0000] {dag.py:3239} INFO - Sync 1 DAGs
[2026-01-16T10:12:25.402+0000] {logging_mixin.py:190} INFO - [2026-01-16T10:12:25.401+0000] {dag.py:4180} INFO - Setting next_dagrun for user_processing_dataset to 2026-01-15 00:00:00+00:00, run_after=2026-01-16 00:00:00+00:00
[2026-01-16T10:12:25.448+0000] {processor.py:208} INFO - Processing /opt/airflow/dags/dataset_user_processing.py took 0.642 seconds
[2026-01-16T10:12:56.042+0000] {processor.py:186} INFO - Started process (PID=6248) to work on /opt/airflow/dags/dataset_user_processing.py
[2026-01-16T10:12:56.045+0000] {processor.py:914} INFO - Processing file /opt/airflow/dags/dataset_user_processing.py for tasks to queue
[2026-01-16T10:12:56.053+0000] {logging_mixin.py:190} INFO - [2026-01-16T10:12:56.052+0000] {dagbag.py:588} INFO - Filling up the DagBag from /opt/airflow/dags/dataset_user_processing.py
[2026-01-16T10:12:56.765+0000] {processor.py:925} INFO - DAG(s) 'user_processing_dataset' retrieved from /opt/airflow/dags/dataset_user_processing.py
[2026-01-16T10:12:56.817+0000] {logging_mixin.py:190} INFO - [2026-01-16T10:12:56.816+0000] {dag.py:3239} INFO - Sync 1 DAGs
[2026-01-16T10:12:56.865+0000] {logging_mixin.py:190} INFO - [2026-01-16T10:12:56.865+0000] {dag.py:4180} INFO - Setting next_dagrun for user_processing_dataset to 2026-01-15 00:00:00+00:00, run_after=2026-01-16 00:00:00+00:00
[2026-01-16T10:12:56.930+0000] {processor.py:208} INFO - Processing /opt/airflow/dags/dataset_user_processing.py took 0.929 seconds
[2026-01-16T10:13:27.710+0000] {processor.py:186} INFO - Started process (PID=6273) to work on /opt/airflow/dags/dataset_user_processing.py
[2026-01-16T10:13:27.712+0000] {processor.py:914} INFO - Processing file /opt/airflow/dags/dataset_user_processing.py for tasks to queue
[2026-01-16T10:13:27.721+0000] {logging_mixin.py:190} INFO - [2026-01-16T10:13:27.720+0000] {dagbag.py:588} INFO - Filling up the DagBag from /opt/airflow/dags/dataset_user_processing.py
[2026-01-16T10:13:28.322+0000] {processor.py:925} INFO - DAG(s) 'user_processing_dataset' retrieved from /opt/airflow/dags/dataset_user_processing.py
[2026-01-16T10:13:28.378+0000] {logging_mixin.py:190} INFO - [2026-01-16T10:13:28.378+0000] {dag.py:3239} INFO - Sync 1 DAGs
[2026-01-16T10:13:28.434+0000] {logging_mixin.py:190} INFO - [2026-01-16T10:13:28.433+0000] {dag.py:4180} INFO - Setting next_dagrun for user_processing_dataset to 2026-01-15 00:00:00+00:00, run_after=2026-01-16 00:00:00+00:00
[2026-01-16T10:13:28.493+0000] {processor.py:208} INFO - Processing /opt/airflow/dags/dataset_user_processing.py took 0.798 seconds
[2026-01-16T10:13:59.260+0000] {processor.py:186} INFO - Started process (PID=6296) to work on /opt/airflow/dags/dataset_user_processing.py
[2026-01-16T10:13:59.262+0000] {processor.py:914} INFO - Processing file /opt/airflow/dags/dataset_user_processing.py for tasks to queue
[2026-01-16T10:13:59.270+0000] {logging_mixin.py:190} INFO - [2026-01-16T10:13:59.269+0000] {dagbag.py:588} INFO - Filling up the DagBag from /opt/airflow/dags/dataset_user_processing.py
[2026-01-16T10:13:59.834+0000] {processor.py:925} INFO - DAG(s) 'user_processing_dataset' retrieved from /opt/airflow/dags/dataset_user_processing.py
[2026-01-16T10:13:59.895+0000] {logging_mixin.py:190} INFO - [2026-01-16T10:13:59.894+0000] {dag.py:3239} INFO - Sync 1 DAGs
[2026-01-16T10:13:59.957+0000] {logging_mixin.py:190} INFO - [2026-01-16T10:13:59.956+0000] {dag.py:4180} INFO - Setting next_dagrun for user_processing_dataset to 2026-01-15 00:00:00+00:00, run_after=2026-01-16 00:00:00+00:00
[2026-01-16T10:14:00.001+0000] {processor.py:208} INFO - Processing /opt/airflow/dags/dataset_user_processing.py took 0.757 seconds
[2026-01-16T10:14:30.122+0000] {processor.py:186} INFO - Started process (PID=6319) to work on /opt/airflow/dags/dataset_user_processing.py
[2026-01-16T10:14:30.125+0000] {processor.py:914} INFO - Processing file /opt/airflow/dags/dataset_user_processing.py for tasks to queue
[2026-01-16T10:14:30.132+0000] {logging_mixin.py:190} INFO - [2026-01-16T10:14:30.131+0000] {dagbag.py:588} INFO - Filling up the DagBag from /opt/airflow/dags/dataset_user_processing.py
[2026-01-16T10:14:30.693+0000] {processor.py:925} INFO - DAG(s) 'user_processing_dataset' retrieved from /opt/airflow/dags/dataset_user_processing.py
[2026-01-16T10:14:30.747+0000] {logging_mixin.py:190} INFO - [2026-01-16T10:14:30.745+0000] {dag.py:3239} INFO - Sync 1 DAGs
[2026-01-16T10:14:30.797+0000] {logging_mixin.py:190} INFO - [2026-01-16T10:14:30.797+0000] {dag.py:4180} INFO - Setting next_dagrun for user_processing_dataset to 2026-01-15 00:00:00+00:00, run_after=2026-01-16 00:00:00+00:00
[2026-01-16T10:14:30.858+0000] {processor.py:208} INFO - Processing /opt/airflow/dags/dataset_user_processing.py took 0.755 seconds
[2026-01-16T10:15:01.072+0000] {processor.py:186} INFO - Started process (PID=6343) to work on /opt/airflow/dags/dataset_user_processing.py
[2026-01-16T10:15:01.074+0000] {processor.py:914} INFO - Processing file /opt/airflow/dags/dataset_user_processing.py for tasks to queue
[2026-01-16T10:15:01.083+0000] {logging_mixin.py:190} INFO - [2026-01-16T10:15:01.082+0000] {dagbag.py:588} INFO - Filling up the DagBag from /opt/airflow/dags/dataset_user_processing.py
[2026-01-16T10:15:01.754+0000] {processor.py:925} INFO - DAG(s) 'user_processing_dataset' retrieved from /opt/airflow/dags/dataset_user_processing.py
[2026-01-16T10:15:01.797+0000] {logging_mixin.py:190} INFO - [2026-01-16T10:15:01.797+0000] {dag.py:3239} INFO - Sync 1 DAGs
[2026-01-16T10:15:01.840+0000] {logging_mixin.py:190} INFO - [2026-01-16T10:15:01.840+0000] {dag.py:4180} INFO - Setting next_dagrun for user_processing_dataset to 2026-01-15 00:00:00+00:00, run_after=2026-01-16 00:00:00+00:00
[2026-01-16T10:15:01.920+0000] {processor.py:208} INFO - Processing /opt/airflow/dags/dataset_user_processing.py took 0.866 seconds
[2026-01-16T10:15:32.494+0000] {processor.py:186} INFO - Started process (PID=6367) to work on /opt/airflow/dags/dataset_user_processing.py
[2026-01-16T10:15:32.497+0000] {processor.py:914} INFO - Processing file /opt/airflow/dags/dataset_user_processing.py for tasks to queue
[2026-01-16T10:15:32.509+0000] {logging_mixin.py:190} INFO - [2026-01-16T10:15:32.508+0000] {dagbag.py:588} INFO - Filling up the DagBag from /opt/airflow/dags/dataset_user_processing.py
[2026-01-16T10:15:33.223+0000] {processor.py:925} INFO - DAG(s) 'user_processing_dataset' retrieved from /opt/airflow/dags/dataset_user_processing.py
[2026-01-16T10:15:33.271+0000] {logging_mixin.py:190} INFO - [2026-01-16T10:15:33.270+0000] {dag.py:3239} INFO - Sync 1 DAGs
[2026-01-16T10:15:33.316+0000] {logging_mixin.py:190} INFO - [2026-01-16T10:15:33.316+0000] {dag.py:4180} INFO - Setting next_dagrun for user_processing_dataset to 2026-01-15 00:00:00+00:00, run_after=2026-01-16 00:00:00+00:00
[2026-01-16T10:15:33.377+0000] {processor.py:208} INFO - Processing /opt/airflow/dags/dataset_user_processing.py took 0.902 seconds
[2026-01-16T10:16:03.885+0000] {processor.py:186} INFO - Started process (PID=6391) to work on /opt/airflow/dags/dataset_user_processing.py
[2026-01-16T10:16:03.896+0000] {processor.py:914} INFO - Processing file /opt/airflow/dags/dataset_user_processing.py for tasks to queue
[2026-01-16T10:16:03.920+0000] {logging_mixin.py:190} INFO - [2026-01-16T10:16:03.919+0000] {dagbag.py:588} INFO - Filling up the DagBag from /opt/airflow/dags/dataset_user_processing.py
[2026-01-16T10:16:04.505+0000] {processor.py:925} INFO - DAG(s) 'user_processing_dataset' retrieved from /opt/airflow/dags/dataset_user_processing.py
[2026-01-16T10:16:04.565+0000] {logging_mixin.py:190} INFO - [2026-01-16T10:16:04.564+0000] {dag.py:3239} INFO - Sync 1 DAGs
[2026-01-16T10:16:04.623+0000] {logging_mixin.py:190} INFO - [2026-01-16T10:16:04.623+0000] {dag.py:4180} INFO - Setting next_dagrun for user_processing_dataset to 2026-01-15 00:00:00+00:00, run_after=2026-01-16 00:00:00+00:00
[2026-01-16T10:16:04.672+0000] {processor.py:208} INFO - Processing /opt/airflow/dags/dataset_user_processing.py took 0.853 seconds
[2026-01-16T10:16:35.395+0000] {processor.py:186} INFO - Started process (PID=6415) to work on /opt/airflow/dags/dataset_user_processing.py
[2026-01-16T10:16:35.399+0000] {processor.py:914} INFO - Processing file /opt/airflow/dags/dataset_user_processing.py for tasks to queue
[2026-01-16T10:16:35.406+0000] {logging_mixin.py:190} INFO - [2026-01-16T10:16:35.405+0000] {dagbag.py:588} INFO - Filling up the DagBag from /opt/airflow/dags/dataset_user_processing.py
[2026-01-16T10:16:35.983+0000] {processor.py:925} INFO - DAG(s) 'user_processing_dataset' retrieved from /opt/airflow/dags/dataset_user_processing.py
[2026-01-16T10:16:36.035+0000] {logging_mixin.py:190} INFO - [2026-01-16T10:16:36.035+0000] {dag.py:3239} INFO - Sync 1 DAGs
[2026-01-16T10:16:36.090+0000] {logging_mixin.py:190} INFO - [2026-01-16T10:16:36.089+0000] {dag.py:4180} INFO - Setting next_dagrun for user_processing_dataset to 2026-01-15 00:00:00+00:00, run_after=2026-01-16 00:00:00+00:00
[2026-01-16T10:16:36.139+0000] {processor.py:208} INFO - Processing /opt/airflow/dags/dataset_user_processing.py took 0.755 seconds
[2026-01-16T10:17:06.320+0000] {processor.py:186} INFO - Started process (PID=6439) to work on /opt/airflow/dags/dataset_user_processing.py
[2026-01-16T10:17:06.324+0000] {processor.py:914} INFO - Processing file /opt/airflow/dags/dataset_user_processing.py for tasks to queue
[2026-01-16T10:17:06.330+0000] {logging_mixin.py:190} INFO - [2026-01-16T10:17:06.330+0000] {dagbag.py:588} INFO - Filling up the DagBag from /opt/airflow/dags/dataset_user_processing.py
[2026-01-16T10:17:07.012+0000] {processor.py:925} INFO - DAG(s) 'user_processing_dataset' retrieved from /opt/airflow/dags/dataset_user_processing.py
[2026-01-16T10:17:07.120+0000] {logging_mixin.py:190} INFO - [2026-01-16T10:17:07.119+0000] {dag.py:3239} INFO - Sync 1 DAGs
[2026-01-16T10:17:07.272+0000] {logging_mixin.py:190} INFO - [2026-01-16T10:17:07.272+0000] {dag.py:4180} INFO - Setting next_dagrun for user_processing_dataset to 2026-01-15 00:00:00+00:00, run_after=2026-01-16 00:00:00+00:00
[2026-01-16T10:17:07.395+0000] {processor.py:208} INFO - Processing /opt/airflow/dags/dataset_user_processing.py took 1.091 seconds
[2026-01-16T10:17:38.210+0000] {processor.py:186} INFO - Started process (PID=6469) to work on /opt/airflow/dags/dataset_user_processing.py
[2026-01-16T10:17:38.212+0000] {processor.py:914} INFO - Processing file /opt/airflow/dags/dataset_user_processing.py for tasks to queue
[2026-01-16T10:17:38.224+0000] {logging_mixin.py:190} INFO - [2026-01-16T10:17:38.223+0000] {dagbag.py:588} INFO - Filling up the DagBag from /opt/airflow/dags/dataset_user_processing.py
[2026-01-16T10:17:38.926+0000] {processor.py:925} INFO - DAG(s) 'user_processing_dataset' retrieved from /opt/airflow/dags/dataset_user_processing.py
[2026-01-16T10:17:38.988+0000] {logging_mixin.py:190} INFO - [2026-01-16T10:17:38.987+0000] {dag.py:3239} INFO - Sync 1 DAGs
[2026-01-16T10:17:39.038+0000] {logging_mixin.py:190} INFO - [2026-01-16T10:17:39.037+0000] {dag.py:4180} INFO - Setting next_dagrun for user_processing_dataset to 2026-01-15 00:00:00+00:00, run_after=2026-01-16 00:00:00+00:00
[2026-01-16T10:17:39.111+0000] {processor.py:208} INFO - Processing /opt/airflow/dags/dataset_user_processing.py took 0.950 seconds
[2026-01-16T10:18:09.536+0000] {processor.py:186} INFO - Started process (PID=6495) to work on /opt/airflow/dags/dataset_user_processing.py
[2026-01-16T10:18:09.538+0000] {processor.py:914} INFO - Processing file /opt/airflow/dags/dataset_user_processing.py for tasks to queue
[2026-01-16T10:18:09.546+0000] {logging_mixin.py:190} INFO - [2026-01-16T10:18:09.544+0000] {dagbag.py:588} INFO - Filling up the DagBag from /opt/airflow/dags/dataset_user_processing.py
[2026-01-16T10:18:10.176+0000] {processor.py:925} INFO - DAG(s) 'user_processing_dataset' retrieved from /opt/airflow/dags/dataset_user_processing.py
[2026-01-16T10:18:10.228+0000] {logging_mixin.py:190} INFO - [2026-01-16T10:18:10.227+0000] {dag.py:3239} INFO - Sync 1 DAGs
[2026-01-16T10:18:10.287+0000] {logging_mixin.py:190} INFO - [2026-01-16T10:18:10.287+0000] {dag.py:4180} INFO - Setting next_dagrun for user_processing_dataset to 2026-01-15 00:00:00+00:00, run_after=2026-01-16 00:00:00+00:00
[2026-01-16T10:18:10.333+0000] {processor.py:208} INFO - Processing /opt/airflow/dags/dataset_user_processing.py took 0.813 seconds
[2026-01-16T10:18:40.760+0000] {processor.py:186} INFO - Started process (PID=6517) to work on /opt/airflow/dags/dataset_user_processing.py
[2026-01-16T10:18:40.764+0000] {processor.py:914} INFO - Processing file /opt/airflow/dags/dataset_user_processing.py for tasks to queue
[2026-01-16T10:18:40.771+0000] {logging_mixin.py:190} INFO - [2026-01-16T10:18:40.771+0000] {dagbag.py:588} INFO - Filling up the DagBag from /opt/airflow/dags/dataset_user_processing.py
[2026-01-16T10:18:41.356+0000] {processor.py:925} INFO - DAG(s) 'user_processing_dataset' retrieved from /opt/airflow/dags/dataset_user_processing.py
[2026-01-16T10:18:41.417+0000] {logging_mixin.py:190} INFO - [2026-01-16T10:18:41.416+0000] {dag.py:3239} INFO - Sync 1 DAGs
[2026-01-16T10:18:41.485+0000] {logging_mixin.py:190} INFO - [2026-01-16T10:18:41.484+0000] {dag.py:4180} INFO - Setting next_dagrun for user_processing_dataset to 2026-01-15 00:00:00+00:00, run_after=2026-01-16 00:00:00+00:00
[2026-01-16T10:18:41.536+0000] {processor.py:208} INFO - Processing /opt/airflow/dags/dataset_user_processing.py took 0.815 seconds
[2026-01-16T10:19:12.523+0000] {processor.py:186} INFO - Started process (PID=6540) to work on /opt/airflow/dags/dataset_user_processing.py
[2026-01-16T10:19:12.525+0000] {processor.py:914} INFO - Processing file /opt/airflow/dags/dataset_user_processing.py for tasks to queue
[2026-01-16T10:19:12.532+0000] {logging_mixin.py:190} INFO - [2026-01-16T10:19:12.532+0000] {dagbag.py:588} INFO - Filling up the DagBag from /opt/airflow/dags/dataset_user_processing.py
[2026-01-16T10:19:13.092+0000] {processor.py:925} INFO - DAG(s) 'user_processing_dataset' retrieved from /opt/airflow/dags/dataset_user_processing.py
[2026-01-16T10:19:13.148+0000] {logging_mixin.py:190} INFO - [2026-01-16T10:19:13.147+0000] {dag.py:3239} INFO - Sync 1 DAGs
[2026-01-16T10:19:13.203+0000] {logging_mixin.py:190} INFO - [2026-01-16T10:19:13.202+0000] {dag.py:4180} INFO - Setting next_dagrun for user_processing_dataset to 2026-01-15 00:00:00+00:00, run_after=2026-01-16 00:00:00+00:00
[2026-01-16T10:19:13.256+0000] {processor.py:208} INFO - Processing /opt/airflow/dags/dataset_user_processing.py took 0.761 seconds
[2026-01-16T10:19:43.450+0000] {processor.py:186} INFO - Started process (PID=6564) to work on /opt/airflow/dags/dataset_user_processing.py
[2026-01-16T10:19:43.452+0000] {processor.py:914} INFO - Processing file /opt/airflow/dags/dataset_user_processing.py for tasks to queue
[2026-01-16T10:19:43.458+0000] {logging_mixin.py:190} INFO - [2026-01-16T10:19:43.458+0000] {dagbag.py:588} INFO - Filling up the DagBag from /opt/airflow/dags/dataset_user_processing.py
[2026-01-16T10:19:44.084+0000] {processor.py:925} INFO - DAG(s) 'user_processing_dataset' retrieved from /opt/airflow/dags/dataset_user_processing.py
[2026-01-16T10:19:44.134+0000] {logging_mixin.py:190} INFO - [2026-01-16T10:19:44.133+0000] {dag.py:3239} INFO - Sync 1 DAGs
[2026-01-16T10:19:44.184+0000] {logging_mixin.py:190} INFO - [2026-01-16T10:19:44.184+0000] {dag.py:4180} INFO - Setting next_dagrun for user_processing_dataset to 2026-01-15 00:00:00+00:00, run_after=2026-01-16 00:00:00+00:00
[2026-01-16T10:19:44.248+0000] {processor.py:208} INFO - Processing /opt/airflow/dags/dataset_user_processing.py took 0.814 seconds
[2026-01-16T10:20:14.385+0000] {processor.py:186} INFO - Started process (PID=6588) to work on /opt/airflow/dags/dataset_user_processing.py
[2026-01-16T10:20:14.391+0000] {processor.py:914} INFO - Processing file /opt/airflow/dags/dataset_user_processing.py for tasks to queue
[2026-01-16T10:20:14.404+0000] {logging_mixin.py:190} INFO - [2026-01-16T10:20:14.402+0000] {dagbag.py:588} INFO - Filling up the DagBag from /opt/airflow/dags/dataset_user_processing.py
[2026-01-16T10:20:15.157+0000] {processor.py:925} INFO - DAG(s) 'user_processing_dataset' retrieved from /opt/airflow/dags/dataset_user_processing.py
[2026-01-16T10:20:15.260+0000] {logging_mixin.py:190} INFO - [2026-01-16T10:20:15.259+0000] {dag.py:3239} INFO - Sync 1 DAGs
[2026-01-16T10:20:15.329+0000] {logging_mixin.py:190} INFO - [2026-01-16T10:20:15.328+0000] {dag.py:4180} INFO - Setting next_dagrun for user_processing_dataset to 2026-01-15 00:00:00+00:00, run_after=2026-01-16 00:00:00+00:00
[2026-01-16T10:20:15.397+0000] {processor.py:208} INFO - Processing /opt/airflow/dags/dataset_user_processing.py took 1.030 seconds
[2026-01-16T10:20:45.669+0000] {processor.py:186} INFO - Started process (PID=6612) to work on /opt/airflow/dags/dataset_user_processing.py
[2026-01-16T10:20:45.672+0000] {processor.py:914} INFO - Processing file /opt/airflow/dags/dataset_user_processing.py for tasks to queue
[2026-01-16T10:20:45.679+0000] {logging_mixin.py:190} INFO - [2026-01-16T10:20:45.678+0000] {dagbag.py:588} INFO - Filling up the DagBag from /opt/airflow/dags/dataset_user_processing.py
[2026-01-16T10:20:46.278+0000] {processor.py:925} INFO - DAG(s) 'user_processing_dataset' retrieved from /opt/airflow/dags/dataset_user_processing.py
[2026-01-16T10:20:46.348+0000] {logging_mixin.py:190} INFO - [2026-01-16T10:20:46.347+0000] {dag.py:3239} INFO - Sync 1 DAGs
[2026-01-16T10:20:46.411+0000] {logging_mixin.py:190} INFO - [2026-01-16T10:20:46.410+0000] {dag.py:4180} INFO - Setting next_dagrun for user_processing_dataset to 2026-01-15 00:00:00+00:00, run_after=2026-01-16 00:00:00+00:00
[2026-01-16T10:20:46.455+0000] {processor.py:208} INFO - Processing /opt/airflow/dags/dataset_user_processing.py took 0.811 seconds
[2026-01-16T10:21:16.748+0000] {processor.py:186} INFO - Started process (PID=6636) to work on /opt/airflow/dags/dataset_user_processing.py
[2026-01-16T10:21:16.750+0000] {processor.py:914} INFO - Processing file /opt/airflow/dags/dataset_user_processing.py for tasks to queue
[2026-01-16T10:21:16.761+0000] {logging_mixin.py:190} INFO - [2026-01-16T10:21:16.760+0000] {dagbag.py:588} INFO - Filling up the DagBag from /opt/airflow/dags/dataset_user_processing.py
[2026-01-16T10:21:17.609+0000] {processor.py:925} INFO - DAG(s) 'user_processing_dataset' retrieved from /opt/airflow/dags/dataset_user_processing.py
[2026-01-16T10:21:17.665+0000] {logging_mixin.py:190} INFO - [2026-01-16T10:21:17.664+0000] {dag.py:3239} INFO - Sync 1 DAGs
[2026-01-16T10:21:17.720+0000] {logging_mixin.py:190} INFO - [2026-01-16T10:21:17.720+0000] {dag.py:4180} INFO - Setting next_dagrun for user_processing_dataset to 2026-01-15 00:00:00+00:00, run_after=2026-01-16 00:00:00+00:00
[2026-01-16T10:21:17.780+0000] {processor.py:208} INFO - Processing /opt/airflow/dags/dataset_user_processing.py took 1.052 seconds
[2026-01-16T10:21:48.050+0000] {processor.py:186} INFO - Started process (PID=6660) to work on /opt/airflow/dags/dataset_user_processing.py
[2026-01-16T10:21:48.053+0000] {processor.py:914} INFO - Processing file /opt/airflow/dags/dataset_user_processing.py for tasks to queue
[2026-01-16T10:21:48.064+0000] {logging_mixin.py:190} INFO - [2026-01-16T10:21:48.062+0000] {dagbag.py:588} INFO - Filling up the DagBag from /opt/airflow/dags/dataset_user_processing.py
[2026-01-16T10:21:48.676+0000] {processor.py:925} INFO - DAG(s) 'user_processing_dataset' retrieved from /opt/airflow/dags/dataset_user_processing.py
[2026-01-16T10:21:48.740+0000] {logging_mixin.py:190} INFO - [2026-01-16T10:21:48.739+0000] {dag.py:3239} INFO - Sync 1 DAGs
[2026-01-16T10:21:48.794+0000] {logging_mixin.py:190} INFO - [2026-01-16T10:21:48.794+0000] {dag.py:4180} INFO - Setting next_dagrun for user_processing_dataset to 2026-01-15 00:00:00+00:00, run_after=2026-01-16 00:00:00+00:00
[2026-01-16T10:21:48.884+0000] {processor.py:208} INFO - Processing /opt/airflow/dags/dataset_user_processing.py took 0.854 seconds
[2026-01-16T10:22:19.058+0000] {processor.py:186} INFO - Started process (PID=6684) to work on /opt/airflow/dags/dataset_user_processing.py
[2026-01-16T10:22:19.063+0000] {processor.py:914} INFO - Processing file /opt/airflow/dags/dataset_user_processing.py for tasks to queue
[2026-01-16T10:22:19.080+0000] {logging_mixin.py:190} INFO - [2026-01-16T10:22:19.078+0000] {dagbag.py:588} INFO - Filling up the DagBag from /opt/airflow/dags/dataset_user_processing.py
[2026-01-16T10:22:19.660+0000] {processor.py:925} INFO - DAG(s) 'user_processing_dataset' retrieved from /opt/airflow/dags/dataset_user_processing.py
[2026-01-16T10:22:19.708+0000] {logging_mixin.py:190} INFO - [2026-01-16T10:22:19.707+0000] {dag.py:3239} INFO - Sync 1 DAGs
[2026-01-16T10:22:19.760+0000] {logging_mixin.py:190} INFO - [2026-01-16T10:22:19.760+0000] {dag.py:4180} INFO - Setting next_dagrun for user_processing_dataset to 2026-01-15 00:00:00+00:00, run_after=2026-01-16 00:00:00+00:00
[2026-01-16T10:22:19.818+0000] {processor.py:208} INFO - Processing /opt/airflow/dags/dataset_user_processing.py took 0.793 seconds
[2026-01-16T10:22:49.958+0000] {processor.py:186} INFO - Started process (PID=6708) to work on /opt/airflow/dags/dataset_user_processing.py
[2026-01-16T10:22:49.961+0000] {processor.py:914} INFO - Processing file /opt/airflow/dags/dataset_user_processing.py for tasks to queue
[2026-01-16T10:22:49.968+0000] {logging_mixin.py:190} INFO - [2026-01-16T10:22:49.967+0000] {dagbag.py:588} INFO - Filling up the DagBag from /opt/airflow/dags/dataset_user_processing.py
[2026-01-16T10:22:50.561+0000] {processor.py:925} INFO - DAG(s) 'user_processing_dataset' retrieved from /opt/airflow/dags/dataset_user_processing.py
[2026-01-16T10:22:50.627+0000] {logging_mixin.py:190} INFO - [2026-01-16T10:22:50.626+0000] {dag.py:3239} INFO - Sync 1 DAGs
[2026-01-16T10:22:50.698+0000] {logging_mixin.py:190} INFO - [2026-01-16T10:22:50.697+0000] {dag.py:4180} INFO - Setting next_dagrun for user_processing_dataset to 2026-01-15 00:00:00+00:00, run_after=2026-01-16 00:00:00+00:00
[2026-01-16T10:22:50.739+0000] {processor.py:208} INFO - Processing /opt/airflow/dags/dataset_user_processing.py took 0.798 seconds
[2026-01-16T10:23:20.926+0000] {processor.py:186} INFO - Started process (PID=6732) to work on /opt/airflow/dags/dataset_user_processing.py
[2026-01-16T10:23:20.928+0000] {processor.py:914} INFO - Processing file /opt/airflow/dags/dataset_user_processing.py for tasks to queue
[2026-01-16T10:23:20.938+0000] {logging_mixin.py:190} INFO - [2026-01-16T10:23:20.937+0000] {dagbag.py:588} INFO - Filling up the DagBag from /opt/airflow/dags/dataset_user_processing.py
[2026-01-16T10:23:21.530+0000] {processor.py:925} INFO - DAG(s) 'user_processing_dataset' retrieved from /opt/airflow/dags/dataset_user_processing.py
[2026-01-16T10:23:21.586+0000] {logging_mixin.py:190} INFO - [2026-01-16T10:23:21.585+0000] {dag.py:3239} INFO - Sync 1 DAGs
[2026-01-16T10:23:21.647+0000] {logging_mixin.py:190} INFO - [2026-01-16T10:23:21.646+0000] {dag.py:4180} INFO - Setting next_dagrun for user_processing_dataset to 2026-01-15 00:00:00+00:00, run_after=2026-01-16 00:00:00+00:00
[2026-01-16T10:23:21.691+0000] {processor.py:208} INFO - Processing /opt/airflow/dags/dataset_user_processing.py took 0.782 seconds
[2026-01-16T10:23:51.795+0000] {processor.py:186} INFO - Started process (PID=6757) to work on /opt/airflow/dags/dataset_user_processing.py
[2026-01-16T10:23:51.797+0000] {processor.py:914} INFO - Processing file /opt/airflow/dags/dataset_user_processing.py for tasks to queue
[2026-01-16T10:23:51.804+0000] {logging_mixin.py:190} INFO - [2026-01-16T10:23:51.803+0000] {dagbag.py:588} INFO - Filling up the DagBag from /opt/airflow/dags/dataset_user_processing.py
[2026-01-16T10:23:52.616+0000] {processor.py:925} INFO - DAG(s) 'user_processing_dataset' retrieved from /opt/airflow/dags/dataset_user_processing.py
[2026-01-16T10:23:52.675+0000] {logging_mixin.py:190} INFO - [2026-01-16T10:23:52.674+0000] {dag.py:3239} INFO - Sync 1 DAGs
[2026-01-16T10:23:52.728+0000] {logging_mixin.py:190} INFO - [2026-01-16T10:23:52.727+0000] {dag.py:4180} INFO - Setting next_dagrun for user_processing_dataset to 2026-01-15 00:00:00+00:00, run_after=2026-01-16 00:00:00+00:00
[2026-01-16T10:23:52.780+0000] {processor.py:208} INFO - Processing /opt/airflow/dags/dataset_user_processing.py took 1.000 seconds
[2026-01-16T10:24:23.307+0000] {processor.py:186} INFO - Started process (PID=6781) to work on /opt/airflow/dags/dataset_user_processing.py
[2026-01-16T10:24:23.310+0000] {processor.py:914} INFO - Processing file /opt/airflow/dags/dataset_user_processing.py for tasks to queue
[2026-01-16T10:24:23.316+0000] {logging_mixin.py:190} INFO - [2026-01-16T10:24:23.315+0000] {dagbag.py:588} INFO - Filling up the DagBag from /opt/airflow/dags/dataset_user_processing.py
[2026-01-16T10:24:23.890+0000] {processor.py:925} INFO - DAG(s) 'user_processing_dataset' retrieved from /opt/airflow/dags/dataset_user_processing.py
[2026-01-16T10:24:23.948+0000] {logging_mixin.py:190} INFO - [2026-01-16T10:24:23.947+0000] {dag.py:3239} INFO - Sync 1 DAGs
[2026-01-16T10:24:24.007+0000] {logging_mixin.py:190} INFO - [2026-01-16T10:24:24.007+0000] {dag.py:4180} INFO - Setting next_dagrun for user_processing_dataset to 2026-01-15 00:00:00+00:00, run_after=2026-01-16 00:00:00+00:00
[2026-01-16T10:24:24.055+0000] {processor.py:208} INFO - Processing /opt/airflow/dags/dataset_user_processing.py took 0.788 seconds
[2026-01-16T10:24:54.620+0000] {processor.py:186} INFO - Started process (PID=6805) to work on /opt/airflow/dags/dataset_user_processing.py
[2026-01-16T10:24:54.622+0000] {processor.py:914} INFO - Processing file /opt/airflow/dags/dataset_user_processing.py for tasks to queue
[2026-01-16T10:24:54.628+0000] {logging_mixin.py:190} INFO - [2026-01-16T10:24:54.627+0000] {dagbag.py:588} INFO - Filling up the DagBag from /opt/airflow/dags/dataset_user_processing.py
[2026-01-16T10:24:55.273+0000] {processor.py:925} INFO - DAG(s) 'user_processing_dataset' retrieved from /opt/airflow/dags/dataset_user_processing.py
[2026-01-16T10:24:55.348+0000] {logging_mixin.py:190} INFO - [2026-01-16T10:24:55.347+0000] {dag.py:3239} INFO - Sync 1 DAGs
[2026-01-16T10:24:55.426+0000] {logging_mixin.py:190} INFO - [2026-01-16T10:24:55.426+0000] {dag.py:4180} INFO - Setting next_dagrun for user_processing_dataset to 2026-01-15 00:00:00+00:00, run_after=2026-01-16 00:00:00+00:00
[2026-01-16T10:24:55.482+0000] {processor.py:208} INFO - Processing /opt/airflow/dags/dataset_user_processing.py took 0.874 seconds
[2026-01-16T10:25:26.527+0000] {processor.py:186} INFO - Started process (PID=6831) to work on /opt/airflow/dags/dataset_user_processing.py
[2026-01-16T10:25:26.530+0000] {processor.py:914} INFO - Processing file /opt/airflow/dags/dataset_user_processing.py for tasks to queue
[2026-01-16T10:25:26.544+0000] {logging_mixin.py:190} INFO - [2026-01-16T10:25:26.543+0000] {dagbag.py:588} INFO - Filling up the DagBag from /opt/airflow/dags/dataset_user_processing.py
[2026-01-16T10:25:27.244+0000] {processor.py:925} INFO - DAG(s) 'user_processing_dataset' retrieved from /opt/airflow/dags/dataset_user_processing.py
[2026-01-16T10:25:27.303+0000] {logging_mixin.py:190} INFO - [2026-01-16T10:25:27.302+0000] {dag.py:3239} INFO - Sync 1 DAGs
[2026-01-16T10:25:27.383+0000] {logging_mixin.py:190} INFO - [2026-01-16T10:25:27.382+0000] {dag.py:4180} INFO - Setting next_dagrun for user_processing_dataset to 2026-01-15 00:00:00+00:00, run_after=2026-01-16 00:00:00+00:00
[2026-01-16T10:25:27.486+0000] {processor.py:208} INFO - Processing /opt/airflow/dags/dataset_user_processing.py took 0.988 seconds
[2026-01-16T10:25:57.839+0000] {processor.py:186} INFO - Started process (PID=6855) to work on /opt/airflow/dags/dataset_user_processing.py
[2026-01-16T10:25:57.842+0000] {processor.py:914} INFO - Processing file /opt/airflow/dags/dataset_user_processing.py for tasks to queue
[2026-01-16T10:25:57.848+0000] {logging_mixin.py:190} INFO - [2026-01-16T10:25:57.847+0000] {dagbag.py:588} INFO - Filling up the DagBag from /opt/airflow/dags/dataset_user_processing.py
[2026-01-16T10:25:58.471+0000] {processor.py:925} INFO - DAG(s) 'user_processing_dataset' retrieved from /opt/airflow/dags/dataset_user_processing.py
[2026-01-16T10:25:58.512+0000] {logging_mixin.py:190} INFO - [2026-01-16T10:25:58.511+0000] {dag.py:3239} INFO - Sync 1 DAGs
[2026-01-16T10:25:58.554+0000] {logging_mixin.py:190} INFO - [2026-01-16T10:25:58.554+0000] {dag.py:4180} INFO - Setting next_dagrun for user_processing_dataset to 2026-01-15 00:00:00+00:00, run_after=2026-01-16 00:00:00+00:00
[2026-01-16T10:25:58.600+0000] {processor.py:208} INFO - Processing /opt/airflow/dags/dataset_user_processing.py took 0.775 seconds
[2026-01-16T10:26:29.346+0000] {processor.py:186} INFO - Started process (PID=6879) to work on /opt/airflow/dags/dataset_user_processing.py
[2026-01-16T10:26:29.351+0000] {processor.py:914} INFO - Processing file /opt/airflow/dags/dataset_user_processing.py for tasks to queue
[2026-01-16T10:26:29.359+0000] {logging_mixin.py:190} INFO - [2026-01-16T10:26:29.357+0000] {dagbag.py:588} INFO - Filling up the DagBag from /opt/airflow/dags/dataset_user_processing.py
[2026-01-16T10:26:29.891+0000] {processor.py:925} INFO - DAG(s) 'user_processing_dataset' retrieved from /opt/airflow/dags/dataset_user_processing.py
[2026-01-16T10:26:29.943+0000] {logging_mixin.py:190} INFO - [2026-01-16T10:26:29.942+0000] {dag.py:3239} INFO - Sync 1 DAGs
[2026-01-16T10:26:29.995+0000] {logging_mixin.py:190} INFO - [2026-01-16T10:26:29.995+0000] {dag.py:4180} INFO - Setting next_dagrun for user_processing_dataset to 2026-01-15 00:00:00+00:00, run_after=2026-01-16 00:00:00+00:00
[2026-01-16T10:26:30.055+0000] {processor.py:208} INFO - Processing /opt/airflow/dags/dataset_user_processing.py took 0.732 seconds
[2026-01-16T10:27:01.018+0000] {processor.py:186} INFO - Started process (PID=6902) to work on /opt/airflow/dags/dataset_user_processing.py
[2026-01-16T10:27:01.020+0000] {processor.py:914} INFO - Processing file /opt/airflow/dags/dataset_user_processing.py for tasks to queue
[2026-01-16T10:27:01.028+0000] {logging_mixin.py:190} INFO - [2026-01-16T10:27:01.027+0000] {dagbag.py:588} INFO - Filling up the DagBag from /opt/airflow/dags/dataset_user_processing.py
[2026-01-16T10:27:01.593+0000] {processor.py:925} INFO - DAG(s) 'user_processing_dataset' retrieved from /opt/airflow/dags/dataset_user_processing.py
[2026-01-16T10:27:01.646+0000] {logging_mixin.py:190} INFO - [2026-01-16T10:27:01.645+0000] {dag.py:3239} INFO - Sync 1 DAGs
[2026-01-16T10:27:01.698+0000] {logging_mixin.py:190} INFO - [2026-01-16T10:27:01.697+0000] {dag.py:4180} INFO - Setting next_dagrun for user_processing_dataset to 2026-01-15 00:00:00+00:00, run_after=2026-01-16 00:00:00+00:00
[2026-01-16T10:27:01.758+0000] {processor.py:208} INFO - Processing /opt/airflow/dags/dataset_user_processing.py took 0.761 seconds
[2026-01-16T10:27:31.906+0000] {processor.py:186} INFO - Started process (PID=6925) to work on /opt/airflow/dags/dataset_user_processing.py
[2026-01-16T10:27:31.918+0000] {processor.py:914} INFO - Processing file /opt/airflow/dags/dataset_user_processing.py for tasks to queue
[2026-01-16T10:27:31.925+0000] {logging_mixin.py:190} INFO - [2026-01-16T10:27:31.925+0000] {dagbag.py:588} INFO - Filling up the DagBag from /opt/airflow/dags/dataset_user_processing.py
[2026-01-16T10:27:32.546+0000] {processor.py:925} INFO - DAG(s) 'user_processing_dataset' retrieved from /opt/airflow/dags/dataset_user_processing.py
[2026-01-16T10:27:32.606+0000] {logging_mixin.py:190} INFO - [2026-01-16T10:27:32.605+0000] {dag.py:3239} INFO - Sync 1 DAGs
[2026-01-16T10:27:32.660+0000] {logging_mixin.py:190} INFO - [2026-01-16T10:27:32.659+0000] {dag.py:4180} INFO - Setting next_dagrun for user_processing_dataset to 2026-01-15 00:00:00+00:00, run_after=2026-01-16 00:00:00+00:00
[2026-01-16T10:27:32.709+0000] {processor.py:208} INFO - Processing /opt/airflow/dags/dataset_user_processing.py took 0.818 seconds
[2026-01-16T10:28:03.628+0000] {processor.py:186} INFO - Started process (PID=6949) to work on /opt/airflow/dags/dataset_user_processing.py
[2026-01-16T10:28:03.631+0000] {processor.py:914} INFO - Processing file /opt/airflow/dags/dataset_user_processing.py for tasks to queue
[2026-01-16T10:28:03.641+0000] {logging_mixin.py:190} INFO - [2026-01-16T10:28:03.640+0000] {dagbag.py:588} INFO - Filling up the DagBag from /opt/airflow/dags/dataset_user_processing.py
[2026-01-16T10:28:04.204+0000] {processor.py:925} INFO - DAG(s) 'user_processing_dataset' retrieved from /opt/airflow/dags/dataset_user_processing.py
[2026-01-16T10:28:04.253+0000] {logging_mixin.py:190} INFO - [2026-01-16T10:28:04.251+0000] {dag.py:3239} INFO - Sync 1 DAGs
[2026-01-16T10:28:04.300+0000] {logging_mixin.py:190} INFO - [2026-01-16T10:28:04.299+0000] {dag.py:4180} INFO - Setting next_dagrun for user_processing_dataset to 2026-01-15 00:00:00+00:00, run_after=2026-01-16 00:00:00+00:00
[2026-01-16T10:28:04.356+0000] {processor.py:208} INFO - Processing /opt/airflow/dags/dataset_user_processing.py took 0.757 seconds
[2026-01-16T10:28:35.332+0000] {processor.py:186} INFO - Started process (PID=6973) to work on /opt/airflow/dags/dataset_user_processing.py
[2026-01-16T10:28:35.335+0000] {processor.py:914} INFO - Processing file /opt/airflow/dags/dataset_user_processing.py for tasks to queue
[2026-01-16T10:28:35.344+0000] {logging_mixin.py:190} INFO - [2026-01-16T10:28:35.343+0000] {dagbag.py:588} INFO - Filling up the DagBag from /opt/airflow/dags/dataset_user_processing.py
[2026-01-16T10:28:35.905+0000] {processor.py:925} INFO - DAG(s) 'user_processing_dataset' retrieved from /opt/airflow/dags/dataset_user_processing.py
[2026-01-16T10:28:36.028+0000] {logging_mixin.py:190} INFO - [2026-01-16T10:28:36.027+0000] {dag.py:3239} INFO - Sync 1 DAGs
[2026-01-16T10:28:36.109+0000] {logging_mixin.py:190} INFO - [2026-01-16T10:28:36.109+0000] {dag.py:4180} INFO - Setting next_dagrun for user_processing_dataset to 2026-01-15 00:00:00+00:00, run_after=2026-01-16 00:00:00+00:00
[2026-01-16T10:28:36.189+0000] {processor.py:208} INFO - Processing /opt/airflow/dags/dataset_user_processing.py took 0.878 seconds
[2026-01-16T10:29:06.397+0000] {processor.py:186} INFO - Started process (PID=6997) to work on /opt/airflow/dags/dataset_user_processing.py
[2026-01-16T10:29:06.403+0000] {processor.py:914} INFO - Processing file /opt/airflow/dags/dataset_user_processing.py for tasks to queue
[2026-01-16T10:29:06.420+0000] {logging_mixin.py:190} INFO - [2026-01-16T10:29:06.419+0000] {dagbag.py:588} INFO - Filling up the DagBag from /opt/airflow/dags/dataset_user_processing.py
[2026-01-16T10:29:07.017+0000] {processor.py:925} INFO - DAG(s) 'user_processing_dataset' retrieved from /opt/airflow/dags/dataset_user_processing.py
[2026-01-16T10:29:07.070+0000] {logging_mixin.py:190} INFO - [2026-01-16T10:29:07.070+0000] {dag.py:3239} INFO - Sync 1 DAGs
[2026-01-16T10:29:07.126+0000] {logging_mixin.py:190} INFO - [2026-01-16T10:29:07.125+0000] {dag.py:4180} INFO - Setting next_dagrun for user_processing_dataset to 2026-01-15 00:00:00+00:00, run_after=2026-01-16 00:00:00+00:00
[2026-01-16T10:29:07.180+0000] {processor.py:208} INFO - Processing /opt/airflow/dags/dataset_user_processing.py took 0.809 seconds
[2026-01-16T10:29:37.377+0000] {processor.py:186} INFO - Started process (PID=7021) to work on /opt/airflow/dags/dataset_user_processing.py
[2026-01-16T10:29:37.379+0000] {processor.py:914} INFO - Processing file /opt/airflow/dags/dataset_user_processing.py for tasks to queue
[2026-01-16T10:29:37.390+0000] {logging_mixin.py:190} INFO - [2026-01-16T10:29:37.389+0000] {dagbag.py:588} INFO - Filling up the DagBag from /opt/airflow/dags/dataset_user_processing.py
[2026-01-16T10:29:38.542+0000] {processor.py:925} INFO - DAG(s) 'user_processing_dataset' retrieved from /opt/airflow/dags/dataset_user_processing.py
[2026-01-16T10:29:38.628+0000] {logging_mixin.py:190} INFO - [2026-01-16T10:29:38.627+0000] {dag.py:3239} INFO - Sync 1 DAGs
[2026-01-16T10:29:38.718+0000] {logging_mixin.py:190} INFO - [2026-01-16T10:29:38.717+0000] {dag.py:4180} INFO - Setting next_dagrun for user_processing_dataset to 2026-01-15 00:00:00+00:00, run_after=2026-01-16 00:00:00+00:00
[2026-01-16T10:29:38.775+0000] {processor.py:208} INFO - Processing /opt/airflow/dags/dataset_user_processing.py took 1.418 seconds
[2026-01-16T10:30:08.981+0000] {processor.py:186} INFO - Started process (PID=7046) to work on /opt/airflow/dags/dataset_user_processing.py
[2026-01-16T10:30:08.983+0000] {processor.py:914} INFO - Processing file /opt/airflow/dags/dataset_user_processing.py for tasks to queue
[2026-01-16T10:30:08.989+0000] {logging_mixin.py:190} INFO - [2026-01-16T10:30:08.987+0000] {dagbag.py:588} INFO - Filling up the DagBag from /opt/airflow/dags/dataset_user_processing.py
[2026-01-16T10:30:09.588+0000] {processor.py:925} INFO - DAG(s) 'user_processing_dataset' retrieved from /opt/airflow/dags/dataset_user_processing.py
[2026-01-16T10:30:09.637+0000] {logging_mixin.py:190} INFO - [2026-01-16T10:30:09.637+0000] {dag.py:3239} INFO - Sync 1 DAGs
[2026-01-16T10:30:09.687+0000] {logging_mixin.py:190} INFO - [2026-01-16T10:30:09.687+0000] {dag.py:4180} INFO - Setting next_dagrun for user_processing_dataset to 2026-01-15 00:00:00+00:00, run_after=2026-01-16 00:00:00+00:00
[2026-01-16T10:30:09.744+0000] {processor.py:208} INFO - Processing /opt/airflow/dags/dataset_user_processing.py took 0.777 seconds
[2026-01-16T10:30:39.881+0000] {processor.py:186} INFO - Started process (PID=7070) to work on /opt/airflow/dags/dataset_user_processing.py
[2026-01-16T10:30:39.883+0000] {processor.py:914} INFO - Processing file /opt/airflow/dags/dataset_user_processing.py for tasks to queue
[2026-01-16T10:30:39.888+0000] {logging_mixin.py:190} INFO - [2026-01-16T10:30:39.888+0000] {dagbag.py:588} INFO - Filling up the DagBag from /opt/airflow/dags/dataset_user_processing.py
[2026-01-16T10:30:40.452+0000] {processor.py:925} INFO - DAG(s) 'user_processing_dataset' retrieved from /opt/airflow/dags/dataset_user_processing.py
[2026-01-16T10:30:40.500+0000] {logging_mixin.py:190} INFO - [2026-01-16T10:30:40.499+0000] {dag.py:3239} INFO - Sync 1 DAGs
[2026-01-16T10:30:40.568+0000] {logging_mixin.py:190} INFO - [2026-01-16T10:30:40.568+0000] {dag.py:4180} INFO - Setting next_dagrun for user_processing_dataset to 2026-01-15 00:00:00+00:00, run_after=2026-01-16 00:00:00+00:00
[2026-01-16T10:30:40.628+0000] {processor.py:208} INFO - Processing /opt/airflow/dags/dataset_user_processing.py took 0.777 seconds
[2026-01-16T10:31:11.401+0000] {processor.py:186} INFO - Started process (PID=7094) to work on /opt/airflow/dags/dataset_user_processing.py
[2026-01-16T10:31:11.413+0000] {processor.py:914} INFO - Processing file /opt/airflow/dags/dataset_user_processing.py for tasks to queue
[2026-01-16T10:31:11.423+0000] {logging_mixin.py:190} INFO - [2026-01-16T10:31:11.422+0000] {dagbag.py:588} INFO - Filling up the DagBag from /opt/airflow/dags/dataset_user_processing.py
[2026-01-16T10:31:12.113+0000] {processor.py:925} INFO - DAG(s) 'user_processing_dataset' retrieved from /opt/airflow/dags/dataset_user_processing.py
[2026-01-16T10:31:12.167+0000] {logging_mixin.py:190} INFO - [2026-01-16T10:31:12.166+0000] {dag.py:3239} INFO - Sync 1 DAGs
[2026-01-16T10:31:12.225+0000] {logging_mixin.py:190} INFO - [2026-01-16T10:31:12.224+0000] {dag.py:4180} INFO - Setting next_dagrun for user_processing_dataset to 2026-01-15 00:00:00+00:00, run_after=2026-01-16 00:00:00+00:00
[2026-01-16T10:31:12.278+0000] {processor.py:208} INFO - Processing /opt/airflow/dags/dataset_user_processing.py took 0.908 seconds
[2026-01-16T10:31:42.416+0000] {processor.py:186} INFO - Started process (PID=7124) to work on /opt/airflow/dags/dataset_user_processing.py
[2026-01-16T10:31:42.418+0000] {processor.py:914} INFO - Processing file /opt/airflow/dags/dataset_user_processing.py for tasks to queue
[2026-01-16T10:31:42.428+0000] {logging_mixin.py:190} INFO - [2026-01-16T10:31:42.427+0000] {dagbag.py:588} INFO - Filling up the DagBag from /opt/airflow/dags/dataset_user_processing.py
[2026-01-16T10:31:43.004+0000] {processor.py:925} INFO - DAG(s) 'user_processing_dataset' retrieved from /opt/airflow/dags/dataset_user_processing.py
[2026-01-16T10:31:43.060+0000] {logging_mixin.py:190} INFO - [2026-01-16T10:31:43.059+0000] {dag.py:3239} INFO - Sync 1 DAGs
[2026-01-16T10:31:43.122+0000] {logging_mixin.py:190} INFO - [2026-01-16T10:31:43.122+0000] {dag.py:4180} INFO - Setting next_dagrun for user_processing_dataset to 2026-01-15 00:00:00+00:00, run_after=2026-01-16 00:00:00+00:00
[2026-01-16T10:31:43.175+0000] {processor.py:208} INFO - Processing /opt/airflow/dags/dataset_user_processing.py took 0.786 seconds
[2026-01-16T10:32:13.507+0000] {processor.py:186} INFO - Started process (PID=7148) to work on /opt/airflow/dags/dataset_user_processing.py
[2026-01-16T10:32:13.510+0000] {processor.py:914} INFO - Processing file /opt/airflow/dags/dataset_user_processing.py for tasks to queue
[2026-01-16T10:32:13.516+0000] {logging_mixin.py:190} INFO - [2026-01-16T10:32:13.515+0000] {dagbag.py:588} INFO - Filling up the DagBag from /opt/airflow/dags/dataset_user_processing.py
[2026-01-16T10:32:14.091+0000] {processor.py:925} INFO - DAG(s) 'user_processing_dataset' retrieved from /opt/airflow/dags/dataset_user_processing.py
[2026-01-16T10:32:14.143+0000] {logging_mixin.py:190} INFO - [2026-01-16T10:32:14.142+0000] {dag.py:3239} INFO - Sync 1 DAGs
[2026-01-16T10:32:14.208+0000] {logging_mixin.py:190} INFO - [2026-01-16T10:32:14.207+0000] {dag.py:4180} INFO - Setting next_dagrun for user_processing_dataset to 2026-01-15 00:00:00+00:00, run_after=2026-01-16 00:00:00+00:00
[2026-01-16T10:32:14.261+0000] {processor.py:208} INFO - Processing /opt/airflow/dags/dataset_user_processing.py took 0.769 seconds
[2026-01-16T10:32:44.422+0000] {processor.py:186} INFO - Started process (PID=7172) to work on /opt/airflow/dags/dataset_user_processing.py
[2026-01-16T10:32:44.430+0000] {processor.py:914} INFO - Processing file /opt/airflow/dags/dataset_user_processing.py for tasks to queue
[2026-01-16T10:32:44.440+0000] {logging_mixin.py:190} INFO - [2026-01-16T10:32:44.439+0000] {dagbag.py:588} INFO - Filling up the DagBag from /opt/airflow/dags/dataset_user_processing.py
[2026-01-16T10:32:44.920+0000] {processor.py:925} INFO - DAG(s) 'user_processing_dataset' retrieved from /opt/airflow/dags/dataset_user_processing.py
[2026-01-16T10:32:44.963+0000] {logging_mixin.py:190} INFO - [2026-01-16T10:32:44.963+0000] {dag.py:3239} INFO - Sync 1 DAGs
[2026-01-16T10:32:45.012+0000] {logging_mixin.py:190} INFO - [2026-01-16T10:32:45.012+0000] {dag.py:4180} INFO - Setting next_dagrun for user_processing_dataset to 2026-01-15 00:00:00+00:00, run_after=2026-01-16 00:00:00+00:00
[2026-01-16T10:32:45.067+0000] {processor.py:208} INFO - Processing /opt/airflow/dags/dataset_user_processing.py took 0.685 seconds
[2026-01-16T10:33:15.501+0000] {processor.py:186} INFO - Started process (PID=7196) to work on /opt/airflow/dags/dataset_user_processing.py
[2026-01-16T10:33:15.503+0000] {processor.py:914} INFO - Processing file /opt/airflow/dags/dataset_user_processing.py for tasks to queue
[2026-01-16T10:33:15.507+0000] {logging_mixin.py:190} INFO - [2026-01-16T10:33:15.507+0000] {dagbag.py:588} INFO - Filling up the DagBag from /opt/airflow/dags/dataset_user_processing.py
[2026-01-16T10:33:16.115+0000] {processor.py:925} INFO - DAG(s) 'user_processing_dataset' retrieved from /opt/airflow/dags/dataset_user_processing.py
[2026-01-16T10:33:16.171+0000] {logging_mixin.py:190} INFO - [2026-01-16T10:33:16.171+0000] {dag.py:3239} INFO - Sync 1 DAGs
[2026-01-16T10:33:16.253+0000] {logging_mixin.py:190} INFO - [2026-01-16T10:33:16.252+0000] {dag.py:4180} INFO - Setting next_dagrun for user_processing_dataset to 2026-01-15 00:00:00+00:00, run_after=2026-01-16 00:00:00+00:00
[2026-01-16T10:33:16.300+0000] {processor.py:208} INFO - Processing /opt/airflow/dags/dataset_user_processing.py took 0.810 seconds
[2026-01-16T10:33:46.760+0000] {processor.py:186} INFO - Started process (PID=7220) to work on /opt/airflow/dags/dataset_user_processing.py
[2026-01-16T10:33:46.762+0000] {processor.py:914} INFO - Processing file /opt/airflow/dags/dataset_user_processing.py for tasks to queue
[2026-01-16T10:33:46.768+0000] {logging_mixin.py:190} INFO - [2026-01-16T10:33:46.767+0000] {dagbag.py:588} INFO - Filling up the DagBag from /opt/airflow/dags/dataset_user_processing.py
[2026-01-16T10:33:47.284+0000] {processor.py:925} INFO - DAG(s) 'user_processing_dataset' retrieved from /opt/airflow/dags/dataset_user_processing.py
[2026-01-16T10:33:47.349+0000] {logging_mixin.py:190} INFO - [2026-01-16T10:33:47.348+0000] {dag.py:3239} INFO - Sync 1 DAGs
[2026-01-16T10:33:47.400+0000] {logging_mixin.py:190} INFO - [2026-01-16T10:33:47.400+0000] {dag.py:4180} INFO - Setting next_dagrun for user_processing_dataset to 2026-01-15 00:00:00+00:00, run_after=2026-01-16 00:00:00+00:00
[2026-01-16T10:33:47.448+0000] {processor.py:208} INFO - Processing /opt/airflow/dags/dataset_user_processing.py took 0.709 seconds
[2026-01-16T10:34:17.640+0000] {processor.py:186} INFO - Started process (PID=7244) to work on /opt/airflow/dags/dataset_user_processing.py
[2026-01-16T10:34:17.642+0000] {processor.py:914} INFO - Processing file /opt/airflow/dags/dataset_user_processing.py for tasks to queue
[2026-01-16T10:34:17.649+0000] {logging_mixin.py:190} INFO - [2026-01-16T10:34:17.649+0000] {dagbag.py:588} INFO - Filling up the DagBag from /opt/airflow/dags/dataset_user_processing.py
[2026-01-16T10:34:18.284+0000] {processor.py:925} INFO - DAG(s) 'user_processing_dataset' retrieved from /opt/airflow/dags/dataset_user_processing.py
[2026-01-16T10:34:18.357+0000] {logging_mixin.py:190} INFO - [2026-01-16T10:34:18.356+0000] {dag.py:3239} INFO - Sync 1 DAGs
[2026-01-16T10:34:18.412+0000] {logging_mixin.py:190} INFO - [2026-01-16T10:34:18.412+0000] {dag.py:4180} INFO - Setting next_dagrun for user_processing_dataset to 2026-01-15 00:00:00+00:00, run_after=2026-01-16 00:00:00+00:00
[2026-01-16T10:34:18.491+0000] {processor.py:208} INFO - Processing /opt/airflow/dags/dataset_user_processing.py took 0.866 seconds
[2026-01-16T10:34:48.809+0000] {processor.py:186} INFO - Started process (PID=7269) to work on /opt/airflow/dags/dataset_user_processing.py
[2026-01-16T10:34:48.811+0000] {processor.py:914} INFO - Processing file /opt/airflow/dags/dataset_user_processing.py for tasks to queue
[2026-01-16T10:34:48.817+0000] {logging_mixin.py:190} INFO - [2026-01-16T10:34:48.816+0000] {dagbag.py:588} INFO - Filling up the DagBag from /opt/airflow/dags/dataset_user_processing.py
[2026-01-16T10:34:49.459+0000] {processor.py:925} INFO - DAG(s) 'user_processing_dataset' retrieved from /opt/airflow/dags/dataset_user_processing.py
[2026-01-16T10:34:49.505+0000] {logging_mixin.py:190} INFO - [2026-01-16T10:34:49.504+0000] {dag.py:3239} INFO - Sync 1 DAGs
[2026-01-16T10:34:49.553+0000] {logging_mixin.py:190} INFO - [2026-01-16T10:34:49.553+0000] {dag.py:4180} INFO - Setting next_dagrun for user_processing_dataset to 2026-01-15 00:00:00+00:00, run_after=2026-01-16 00:00:00+00:00
[2026-01-16T10:34:49.599+0000] {processor.py:208} INFO - Processing /opt/airflow/dags/dataset_user_processing.py took 0.806 seconds
[2026-01-16T10:35:19.710+0000] {processor.py:186} INFO - Started process (PID=7293) to work on /opt/airflow/dags/dataset_user_processing.py
[2026-01-16T10:35:19.712+0000] {processor.py:914} INFO - Processing file /opt/airflow/dags/dataset_user_processing.py for tasks to queue
[2026-01-16T10:35:19.717+0000] {logging_mixin.py:190} INFO - [2026-01-16T10:35:19.716+0000] {dagbag.py:588} INFO - Filling up the DagBag from /opt/airflow/dags/dataset_user_processing.py
[2026-01-16T10:35:20.285+0000] {processor.py:925} INFO - DAG(s) 'user_processing_dataset' retrieved from /opt/airflow/dags/dataset_user_processing.py
[2026-01-16T10:35:20.333+0000] {logging_mixin.py:190} INFO - [2026-01-16T10:35:20.333+0000] {dag.py:3239} INFO - Sync 1 DAGs
[2026-01-16T10:35:20.386+0000] {logging_mixin.py:190} INFO - [2026-01-16T10:35:20.386+0000] {dag.py:4180} INFO - Setting next_dagrun for user_processing_dataset to 2026-01-15 00:00:00+00:00, run_after=2026-01-16 00:00:00+00:00
[2026-01-16T10:35:20.431+0000] {processor.py:208} INFO - Processing /opt/airflow/dags/dataset_user_processing.py took 0.737 seconds
[2026-01-16T10:35:50.793+0000] {processor.py:186} INFO - Started process (PID=7317) to work on /opt/airflow/dags/dataset_user_processing.py
[2026-01-16T10:35:50.795+0000] {processor.py:914} INFO - Processing file /opt/airflow/dags/dataset_user_processing.py for tasks to queue
[2026-01-16T10:35:50.801+0000] {logging_mixin.py:190} INFO - [2026-01-16T10:35:50.800+0000] {dagbag.py:588} INFO - Filling up the DagBag from /opt/airflow/dags/dataset_user_processing.py
[2026-01-16T10:35:51.447+0000] {processor.py:925} INFO - DAG(s) 'user_processing_dataset' retrieved from /opt/airflow/dags/dataset_user_processing.py
[2026-01-16T10:35:51.505+0000] {logging_mixin.py:190} INFO - [2026-01-16T10:35:51.505+0000] {dag.py:3239} INFO - Sync 1 DAGs
[2026-01-16T10:35:51.570+0000] {logging_mixin.py:190} INFO - [2026-01-16T10:35:51.569+0000] {dag.py:4180} INFO - Setting next_dagrun for user_processing_dataset to 2026-01-15 00:00:00+00:00, run_after=2026-01-16 00:00:00+00:00
[2026-01-16T10:35:51.618+0000] {processor.py:208} INFO - Processing /opt/airflow/dags/dataset_user_processing.py took 0.841 seconds
[2026-01-16T10:36:22.155+0000] {processor.py:186} INFO - Started process (PID=7341) to work on /opt/airflow/dags/dataset_user_processing.py
[2026-01-16T10:36:22.157+0000] {processor.py:914} INFO - Processing file /opt/airflow/dags/dataset_user_processing.py for tasks to queue
[2026-01-16T10:36:22.166+0000] {logging_mixin.py:190} INFO - [2026-01-16T10:36:22.165+0000] {dagbag.py:588} INFO - Filling up the DagBag from /opt/airflow/dags/dataset_user_processing.py
[2026-01-16T10:36:22.836+0000] {processor.py:925} INFO - DAG(s) 'user_processing_dataset' retrieved from /opt/airflow/dags/dataset_user_processing.py
[2026-01-16T10:36:22.889+0000] {logging_mixin.py:190} INFO - [2026-01-16T10:36:22.888+0000] {dag.py:3239} INFO - Sync 1 DAGs
[2026-01-16T10:36:22.950+0000] {logging_mixin.py:190} INFO - [2026-01-16T10:36:22.950+0000] {dag.py:4180} INFO - Setting next_dagrun for user_processing_dataset to 2026-01-15 00:00:00+00:00, run_after=2026-01-16 00:00:00+00:00
[2026-01-16T10:36:23.004+0000] {processor.py:208} INFO - Processing /opt/airflow/dags/dataset_user_processing.py took 0.869 seconds
[2026-01-16T10:36:53.199+0000] {processor.py:186} INFO - Started process (PID=7366) to work on /opt/airflow/dags/dataset_user_processing.py
[2026-01-16T10:36:53.201+0000] {processor.py:914} INFO - Processing file /opt/airflow/dags/dataset_user_processing.py for tasks to queue
[2026-01-16T10:36:53.206+0000] {logging_mixin.py:190} INFO - [2026-01-16T10:36:53.205+0000] {dagbag.py:588} INFO - Filling up the DagBag from /opt/airflow/dags/dataset_user_processing.py
[2026-01-16T10:36:53.741+0000] {processor.py:925} INFO - DAG(s) 'user_processing_dataset' retrieved from /opt/airflow/dags/dataset_user_processing.py
[2026-01-16T10:36:53.788+0000] {logging_mixin.py:190} INFO - [2026-01-16T10:36:53.787+0000] {dag.py:3239} INFO - Sync 1 DAGs
[2026-01-16T10:36:53.846+0000] {logging_mixin.py:190} INFO - [2026-01-16T10:36:53.845+0000] {dag.py:4180} INFO - Setting next_dagrun for user_processing_dataset to 2026-01-15 00:00:00+00:00, run_after=2026-01-16 00:00:00+00:00
[2026-01-16T10:36:53.891+0000] {processor.py:208} INFO - Processing /opt/airflow/dags/dataset_user_processing.py took 0.705 seconds
[2026-01-16T10:37:24.751+0000] {processor.py:186} INFO - Started process (PID=7390) to work on /opt/airflow/dags/dataset_user_processing.py
[2026-01-16T10:37:24.754+0000] {processor.py:914} INFO - Processing file /opt/airflow/dags/dataset_user_processing.py for tasks to queue
[2026-01-16T10:37:24.761+0000] {logging_mixin.py:190} INFO - [2026-01-16T10:37:24.759+0000] {dagbag.py:588} INFO - Filling up the DagBag from /opt/airflow/dags/dataset_user_processing.py
[2026-01-16T10:37:25.494+0000] {processor.py:925} INFO - DAG(s) 'user_processing_dataset' retrieved from /opt/airflow/dags/dataset_user_processing.py
[2026-01-16T10:37:25.572+0000] {logging_mixin.py:190} INFO - [2026-01-16T10:37:25.571+0000] {dag.py:3239} INFO - Sync 1 DAGs
[2026-01-16T10:37:25.626+0000] {logging_mixin.py:190} INFO - [2026-01-16T10:37:25.625+0000] {dag.py:4180} INFO - Setting next_dagrun for user_processing_dataset to 2026-01-15 00:00:00+00:00, run_after=2026-01-16 00:00:00+00:00
[2026-01-16T10:37:25.674+0000] {processor.py:208} INFO - Processing /opt/airflow/dags/dataset_user_processing.py took 0.945 seconds
[2026-01-16T10:37:55.802+0000] {processor.py:186} INFO - Started process (PID=7414) to work on /opt/airflow/dags/dataset_user_processing.py
[2026-01-16T10:37:55.804+0000] {processor.py:914} INFO - Processing file /opt/airflow/dags/dataset_user_processing.py for tasks to queue
[2026-01-16T10:37:55.812+0000] {logging_mixin.py:190} INFO - [2026-01-16T10:37:55.811+0000] {dagbag.py:588} INFO - Filling up the DagBag from /opt/airflow/dags/dataset_user_processing.py
[2026-01-16T10:37:56.361+0000] {processor.py:925} INFO - DAG(s) 'user_processing_dataset' retrieved from /opt/airflow/dags/dataset_user_processing.py
[2026-01-16T10:37:56.409+0000] {logging_mixin.py:190} INFO - [2026-01-16T10:37:56.408+0000] {dag.py:3239} INFO - Sync 1 DAGs
[2026-01-16T10:37:56.459+0000] {logging_mixin.py:190} INFO - [2026-01-16T10:37:56.458+0000] {dag.py:4180} INFO - Setting next_dagrun for user_processing_dataset to 2026-01-15 00:00:00+00:00, run_after=2026-01-16 00:00:00+00:00
[2026-01-16T10:37:56.508+0000] {processor.py:208} INFO - Processing /opt/airflow/dags/dataset_user_processing.py took 0.725 seconds
[2026-01-16T10:38:27.175+0000] {processor.py:186} INFO - Started process (PID=7438) to work on /opt/airflow/dags/dataset_user_processing.py
[2026-01-16T10:38:27.177+0000] {processor.py:914} INFO - Processing file /opt/airflow/dags/dataset_user_processing.py for tasks to queue
[2026-01-16T10:38:27.186+0000] {logging_mixin.py:190} INFO - [2026-01-16T10:38:27.184+0000] {dagbag.py:588} INFO - Filling up the DagBag from /opt/airflow/dags/dataset_user_processing.py
[2026-01-16T10:38:27.716+0000] {processor.py:925} INFO - DAG(s) 'user_processing_dataset' retrieved from /opt/airflow/dags/dataset_user_processing.py
[2026-01-16T10:38:27.769+0000] {logging_mixin.py:190} INFO - [2026-01-16T10:38:27.769+0000] {dag.py:3239} INFO - Sync 1 DAGs
[2026-01-16T10:38:27.819+0000] {logging_mixin.py:190} INFO - [2026-01-16T10:38:27.818+0000] {dag.py:4180} INFO - Setting next_dagrun for user_processing_dataset to 2026-01-15 00:00:00+00:00, run_after=2026-01-16 00:00:00+00:00
[2026-01-16T10:38:27.870+0000] {processor.py:208} INFO - Processing /opt/airflow/dags/dataset_user_processing.py took 0.706 seconds
[2026-01-16T10:38:58.032+0000] {processor.py:186} INFO - Started process (PID=7461) to work on /opt/airflow/dags/dataset_user_processing.py
[2026-01-16T10:38:58.034+0000] {processor.py:914} INFO - Processing file /opt/airflow/dags/dataset_user_processing.py for tasks to queue
[2026-01-16T10:38:58.045+0000] {logging_mixin.py:190} INFO - [2026-01-16T10:38:58.041+0000] {dagbag.py:588} INFO - Filling up the DagBag from /opt/airflow/dags/dataset_user_processing.py
[2026-01-16T10:38:58.677+0000] {processor.py:925} INFO - DAG(s) 'user_processing_dataset' retrieved from /opt/airflow/dags/dataset_user_processing.py
[2026-01-16T10:38:58.726+0000] {logging_mixin.py:190} INFO - [2026-01-16T10:38:58.725+0000] {dag.py:3239} INFO - Sync 1 DAGs
[2026-01-16T10:38:58.778+0000] {logging_mixin.py:190} INFO - [2026-01-16T10:38:58.778+0000] {dag.py:4180} INFO - Setting next_dagrun for user_processing_dataset to 2026-01-15 00:00:00+00:00, run_after=2026-01-16 00:00:00+00:00
[2026-01-16T10:38:58.826+0000] {processor.py:208} INFO - Processing /opt/airflow/dags/dataset_user_processing.py took 0.806 seconds
[2026-01-16T10:39:29.021+0000] {processor.py:186} INFO - Started process (PID=7485) to work on /opt/airflow/dags/dataset_user_processing.py
[2026-01-16T10:39:29.025+0000] {processor.py:914} INFO - Processing file /opt/airflow/dags/dataset_user_processing.py for tasks to queue
[2026-01-16T10:39:29.035+0000] {logging_mixin.py:190} INFO - [2026-01-16T10:39:29.034+0000] {dagbag.py:588} INFO - Filling up the DagBag from /opt/airflow/dags/dataset_user_processing.py
[2026-01-16T10:39:29.664+0000] {processor.py:925} INFO - DAG(s) 'user_processing_dataset' retrieved from /opt/airflow/dags/dataset_user_processing.py
[2026-01-16T10:39:29.709+0000] {logging_mixin.py:190} INFO - [2026-01-16T10:39:29.708+0000] {dag.py:3239} INFO - Sync 1 DAGs
[2026-01-16T10:39:29.755+0000] {logging_mixin.py:190} INFO - [2026-01-16T10:39:29.754+0000] {dag.py:4180} INFO - Setting next_dagrun for user_processing_dataset to 2026-01-15 00:00:00+00:00, run_after=2026-01-16 00:00:00+00:00
[2026-01-16T10:39:29.801+0000] {processor.py:208} INFO - Processing /opt/airflow/dags/dataset_user_processing.py took 0.801 seconds
[2026-01-16T10:40:00.001+0000] {processor.py:186} INFO - Started process (PID=7509) to work on /opt/airflow/dags/dataset_user_processing.py
[2026-01-16T10:40:00.005+0000] {processor.py:914} INFO - Processing file /opt/airflow/dags/dataset_user_processing.py for tasks to queue
[2026-01-16T10:40:00.020+0000] {logging_mixin.py:190} INFO - [2026-01-16T10:40:00.019+0000] {dagbag.py:588} INFO - Filling up the DagBag from /opt/airflow/dags/dataset_user_processing.py
[2026-01-16T10:40:00.599+0000] {processor.py:925} INFO - DAG(s) 'user_processing_dataset' retrieved from /opt/airflow/dags/dataset_user_processing.py
[2026-01-16T10:40:00.646+0000] {logging_mixin.py:190} INFO - [2026-01-16T10:40:00.645+0000] {dag.py:3239} INFO - Sync 1 DAGs
[2026-01-16T10:40:00.686+0000] {logging_mixin.py:190} INFO - [2026-01-16T10:40:00.686+0000] {dag.py:4180} INFO - Setting next_dagrun for user_processing_dataset to 2026-01-15 00:00:00+00:00, run_after=2026-01-16 00:00:00+00:00
[2026-01-16T10:40:00.730+0000] {processor.py:208} INFO - Processing /opt/airflow/dags/dataset_user_processing.py took 0.765 seconds
[2026-01-16T10:40:30.878+0000] {processor.py:186} INFO - Started process (PID=7533) to work on /opt/airflow/dags/dataset_user_processing.py
[2026-01-16T10:40:30.882+0000] {processor.py:914} INFO - Processing file /opt/airflow/dags/dataset_user_processing.py for tasks to queue
[2026-01-16T10:40:30.897+0000] {logging_mixin.py:190} INFO - [2026-01-16T10:40:30.895+0000] {dagbag.py:588} INFO - Filling up the DagBag from /opt/airflow/dags/dataset_user_processing.py
[2026-01-16T10:40:31.404+0000] {processor.py:925} INFO - DAG(s) 'user_processing_dataset' retrieved from /opt/airflow/dags/dataset_user_processing.py
[2026-01-16T10:40:31.447+0000] {logging_mixin.py:190} INFO - [2026-01-16T10:40:31.447+0000] {dag.py:3239} INFO - Sync 1 DAGs
[2026-01-16T10:40:31.488+0000] {logging_mixin.py:190} INFO - [2026-01-16T10:40:31.488+0000] {dag.py:4180} INFO - Setting next_dagrun for user_processing_dataset to 2026-01-15 00:00:00+00:00, run_after=2026-01-16 00:00:00+00:00
[2026-01-16T10:40:31.532+0000] {processor.py:208} INFO - Processing /opt/airflow/dags/dataset_user_processing.py took 0.682 seconds
[2026-01-16T10:41:02.037+0000] {processor.py:186} INFO - Started process (PID=7557) to work on /opt/airflow/dags/dataset_user_processing.py
[2026-01-16T10:41:02.047+0000] {processor.py:914} INFO - Processing file /opt/airflow/dags/dataset_user_processing.py for tasks to queue
[2026-01-16T10:41:02.053+0000] {logging_mixin.py:190} INFO - [2026-01-16T10:41:02.052+0000] {dagbag.py:588} INFO - Filling up the DagBag from /opt/airflow/dags/dataset_user_processing.py
[2026-01-16T10:41:02.617+0000] {processor.py:925} INFO - DAG(s) 'user_processing_dataset' retrieved from /opt/airflow/dags/dataset_user_processing.py
[2026-01-16T10:41:02.667+0000] {logging_mixin.py:190} INFO - [2026-01-16T10:41:02.667+0000] {dag.py:3239} INFO - Sync 1 DAGs
[2026-01-16T10:41:02.716+0000] {logging_mixin.py:190} INFO - [2026-01-16T10:41:02.715+0000] {dag.py:4180} INFO - Setting next_dagrun for user_processing_dataset to 2026-01-15 00:00:00+00:00, run_after=2026-01-16 00:00:00+00:00
[2026-01-16T10:41:02.755+0000] {processor.py:208} INFO - Processing /opt/airflow/dags/dataset_user_processing.py took 0.741 seconds
[2026-01-16T10:41:33.175+0000] {processor.py:186} INFO - Started process (PID=7581) to work on /opt/airflow/dags/dataset_user_processing.py
[2026-01-16T10:41:33.177+0000] {processor.py:914} INFO - Processing file /opt/airflow/dags/dataset_user_processing.py for tasks to queue
[2026-01-16T10:41:33.185+0000] {logging_mixin.py:190} INFO - [2026-01-16T10:41:33.181+0000] {dagbag.py:588} INFO - Filling up the DagBag from /opt/airflow/dags/dataset_user_processing.py
[2026-01-16T10:41:33.760+0000] {processor.py:925} INFO - DAG(s) 'user_processing_dataset' retrieved from /opt/airflow/dags/dataset_user_processing.py
[2026-01-16T10:41:33.829+0000] {logging_mixin.py:190} INFO - [2026-01-16T10:41:33.828+0000] {dag.py:3239} INFO - Sync 1 DAGs
[2026-01-16T10:41:33.895+0000] {logging_mixin.py:190} INFO - [2026-01-16T10:41:33.895+0000] {dag.py:4180} INFO - Setting next_dagrun for user_processing_dataset to 2026-01-15 00:00:00+00:00, run_after=2026-01-16 00:00:00+00:00
[2026-01-16T10:41:33.958+0000] {processor.py:208} INFO - Processing /opt/airflow/dags/dataset_user_processing.py took 0.797 seconds
[2026-01-16T10:42:04.455+0000] {processor.py:186} INFO - Started process (PID=7605) to work on /opt/airflow/dags/dataset_user_processing.py
[2026-01-16T10:42:04.459+0000] {processor.py:914} INFO - Processing file /opt/airflow/dags/dataset_user_processing.py for tasks to queue
[2026-01-16T10:42:04.469+0000] {logging_mixin.py:190} INFO - [2026-01-16T10:42:04.468+0000] {dagbag.py:588} INFO - Filling up the DagBag from /opt/airflow/dags/dataset_user_processing.py
[2026-01-16T10:42:05.054+0000] {processor.py:925} INFO - DAG(s) 'user_processing_dataset' retrieved from /opt/airflow/dags/dataset_user_processing.py
[2026-01-16T10:42:05.100+0000] {logging_mixin.py:190} INFO - [2026-01-16T10:42:05.099+0000] {dag.py:3239} INFO - Sync 1 DAGs
[2026-01-16T10:42:05.142+0000] {logging_mixin.py:190} INFO - [2026-01-16T10:42:05.142+0000] {dag.py:4180} INFO - Setting next_dagrun for user_processing_dataset to 2026-01-15 00:00:00+00:00, run_after=2026-01-16 00:00:00+00:00
[2026-01-16T10:42:05.195+0000] {processor.py:208} INFO - Processing /opt/airflow/dags/dataset_user_processing.py took 0.764 seconds
[2026-01-16T10:42:35.678+0000] {processor.py:186} INFO - Started process (PID=7629) to work on /opt/airflow/dags/dataset_user_processing.py
[2026-01-16T10:42:35.683+0000] {processor.py:914} INFO - Processing file /opt/airflow/dags/dataset_user_processing.py for tasks to queue
[2026-01-16T10:42:35.692+0000] {logging_mixin.py:190} INFO - [2026-01-16T10:42:35.691+0000] {dagbag.py:588} INFO - Filling up the DagBag from /opt/airflow/dags/dataset_user_processing.py
[2026-01-16T10:42:36.276+0000] {processor.py:925} INFO - DAG(s) 'user_processing_dataset' retrieved from /opt/airflow/dags/dataset_user_processing.py
[2026-01-16T10:42:36.325+0000] {logging_mixin.py:190} INFO - [2026-01-16T10:42:36.324+0000] {dag.py:3239} INFO - Sync 1 DAGs
[2026-01-16T10:42:36.397+0000] {logging_mixin.py:190} INFO - [2026-01-16T10:42:36.397+0000] {dag.py:4180} INFO - Setting next_dagrun for user_processing_dataset to 2026-01-15 00:00:00+00:00, run_after=2026-01-16 00:00:00+00:00
[2026-01-16T10:42:36.457+0000] {processor.py:208} INFO - Processing /opt/airflow/dags/dataset_user_processing.py took 0.802 seconds
[2026-01-16T10:43:07.333+0000] {processor.py:186} INFO - Started process (PID=7652) to work on /opt/airflow/dags/dataset_user_processing.py
[2026-01-16T10:43:07.335+0000] {processor.py:914} INFO - Processing file /opt/airflow/dags/dataset_user_processing.py for tasks to queue
[2026-01-16T10:43:07.339+0000] {logging_mixin.py:190} INFO - [2026-01-16T10:43:07.339+0000] {dagbag.py:588} INFO - Filling up the DagBag from /opt/airflow/dags/dataset_user_processing.py
[2026-01-16T10:43:07.946+0000] {processor.py:925} INFO - DAG(s) 'user_processing_dataset' retrieved from /opt/airflow/dags/dataset_user_processing.py
[2026-01-16T10:43:07.999+0000] {logging_mixin.py:190} INFO - [2026-01-16T10:43:07.998+0000] {dag.py:3239} INFO - Sync 1 DAGs
[2026-01-16T10:43:08.049+0000] {logging_mixin.py:190} INFO - [2026-01-16T10:43:08.048+0000] {dag.py:4180} INFO - Setting next_dagrun for user_processing_dataset to 2026-01-15 00:00:00+00:00, run_after=2026-01-16 00:00:00+00:00
[2026-01-16T10:43:08.108+0000] {processor.py:208} INFO - Processing /opt/airflow/dags/dataset_user_processing.py took 0.805 seconds
[2026-01-16T10:43:38.604+0000] {processor.py:186} INFO - Started process (PID=7676) to work on /opt/airflow/dags/dataset_user_processing.py
[2026-01-16T10:43:38.615+0000] {processor.py:914} INFO - Processing file /opt/airflow/dags/dataset_user_processing.py for tasks to queue
[2026-01-16T10:43:38.620+0000] {logging_mixin.py:190} INFO - [2026-01-16T10:43:38.620+0000] {dagbag.py:588} INFO - Filling up the DagBag from /opt/airflow/dags/dataset_user_processing.py
[2026-01-16T10:43:39.384+0000] {processor.py:925} INFO - DAG(s) 'user_processing_dataset' retrieved from /opt/airflow/dags/dataset_user_processing.py
[2026-01-16T10:43:39.525+0000] {logging_mixin.py:190} INFO - [2026-01-16T10:43:39.524+0000] {dag.py:3239} INFO - Sync 1 DAGs
[2026-01-16T10:43:39.603+0000] {logging_mixin.py:190} INFO - [2026-01-16T10:43:39.602+0000] {dag.py:4180} INFO - Setting next_dagrun for user_processing_dataset to 2026-01-15 00:00:00+00:00, run_after=2026-01-16 00:00:00+00:00
[2026-01-16T10:43:39.648+0000] {processor.py:208} INFO - Processing /opt/airflow/dags/dataset_user_processing.py took 1.073 seconds
[2026-01-16T10:44:09.846+0000] {processor.py:186} INFO - Started process (PID=7700) to work on /opt/airflow/dags/dataset_user_processing.py
[2026-01-16T10:44:09.849+0000] {processor.py:914} INFO - Processing file /opt/airflow/dags/dataset_user_processing.py for tasks to queue
[2026-01-16T10:44:09.858+0000] {logging_mixin.py:190} INFO - [2026-01-16T10:44:09.857+0000] {dagbag.py:588} INFO - Filling up the DagBag from /opt/airflow/dags/dataset_user_processing.py
[2026-01-16T10:44:10.464+0000] {processor.py:925} INFO - DAG(s) 'user_processing_dataset' retrieved from /opt/airflow/dags/dataset_user_processing.py
[2026-01-16T10:44:10.528+0000] {logging_mixin.py:190} INFO - [2026-01-16T10:44:10.527+0000] {dag.py:3239} INFO - Sync 1 DAGs
[2026-01-16T10:44:10.590+0000] {logging_mixin.py:190} INFO - [2026-01-16T10:44:10.589+0000] {dag.py:4180} INFO - Setting next_dagrun for user_processing_dataset to 2026-01-15 00:00:00+00:00, run_after=2026-01-16 00:00:00+00:00
[2026-01-16T10:44:10.647+0000] {processor.py:208} INFO - Processing /opt/airflow/dags/dataset_user_processing.py took 0.823 seconds
[2026-01-16T10:44:41.117+0000] {processor.py:186} INFO - Started process (PID=7724) to work on /opt/airflow/dags/dataset_user_processing.py
[2026-01-16T10:44:41.120+0000] {processor.py:914} INFO - Processing file /opt/airflow/dags/dataset_user_processing.py for tasks to queue
[2026-01-16T10:44:41.126+0000] {logging_mixin.py:190} INFO - [2026-01-16T10:44:41.126+0000] {dagbag.py:588} INFO - Filling up the DagBag from /opt/airflow/dags/dataset_user_processing.py
[2026-01-16T10:44:41.725+0000] {processor.py:925} INFO - DAG(s) 'user_processing_dataset' retrieved from /opt/airflow/dags/dataset_user_processing.py
[2026-01-16T10:44:41.778+0000] {logging_mixin.py:190} INFO - [2026-01-16T10:44:41.777+0000] {dag.py:3239} INFO - Sync 1 DAGs
[2026-01-16T10:44:41.830+0000] {logging_mixin.py:190} INFO - [2026-01-16T10:44:41.830+0000] {dag.py:4180} INFO - Setting next_dagrun for user_processing_dataset to 2026-01-15 00:00:00+00:00, run_after=2026-01-16 00:00:00+00:00
[2026-01-16T10:44:41.890+0000] {processor.py:208} INFO - Processing /opt/airflow/dags/dataset_user_processing.py took 0.792 seconds
[2026-01-16T10:45:12.035+0000] {processor.py:186} INFO - Started process (PID=7748) to work on /opt/airflow/dags/dataset_user_processing.py
[2026-01-16T10:45:12.036+0000] {processor.py:914} INFO - Processing file /opt/airflow/dags/dataset_user_processing.py for tasks to queue
[2026-01-16T10:45:12.041+0000] {logging_mixin.py:190} INFO - [2026-01-16T10:45:12.040+0000] {dagbag.py:588} INFO - Filling up the DagBag from /opt/airflow/dags/dataset_user_processing.py
[2026-01-16T10:45:12.794+0000] {processor.py:925} INFO - DAG(s) 'user_processing_dataset' retrieved from /opt/airflow/dags/dataset_user_processing.py
[2026-01-16T10:45:12.873+0000] {logging_mixin.py:190} INFO - [2026-01-16T10:45:12.871+0000] {dag.py:3239} INFO - Sync 1 DAGs
[2026-01-16T10:45:12.967+0000] {logging_mixin.py:190} INFO - [2026-01-16T10:45:12.966+0000] {dag.py:4180} INFO - Setting next_dagrun for user_processing_dataset to 2026-01-15 00:00:00+00:00, run_after=2026-01-16 00:00:00+00:00
[2026-01-16T10:45:13.036+0000] {processor.py:208} INFO - Processing /opt/airflow/dags/dataset_user_processing.py took 1.016 seconds
[2026-01-16T10:45:43.159+0000] {processor.py:186} INFO - Started process (PID=7773) to work on /opt/airflow/dags/dataset_user_processing.py
[2026-01-16T10:45:43.163+0000] {processor.py:914} INFO - Processing file /opt/airflow/dags/dataset_user_processing.py for tasks to queue
[2026-01-16T10:45:43.169+0000] {logging_mixin.py:190} INFO - [2026-01-16T10:45:43.168+0000] {dagbag.py:588} INFO - Filling up the DagBag from /opt/airflow/dags/dataset_user_processing.py
[2026-01-16T10:45:43.785+0000] {processor.py:925} INFO - DAG(s) 'user_processing_dataset' retrieved from /opt/airflow/dags/dataset_user_processing.py
[2026-01-16T10:45:43.850+0000] {logging_mixin.py:190} INFO - [2026-01-16T10:45:43.849+0000] {dag.py:3239} INFO - Sync 1 DAGs
[2026-01-16T10:45:43.892+0000] {logging_mixin.py:190} INFO - [2026-01-16T10:45:43.892+0000] {dag.py:4180} INFO - Setting next_dagrun for user_processing_dataset to 2026-01-15 00:00:00+00:00, run_after=2026-01-16 00:00:00+00:00
[2026-01-16T10:45:43.956+0000] {processor.py:208} INFO - Processing /opt/airflow/dags/dataset_user_processing.py took 0.813 seconds
[2026-01-16T10:46:14.281+0000] {processor.py:186} INFO - Started process (PID=7797) to work on /opt/airflow/dags/dataset_user_processing.py
[2026-01-16T10:46:14.285+0000] {processor.py:914} INFO - Processing file /opt/airflow/dags/dataset_user_processing.py for tasks to queue
[2026-01-16T10:46:14.290+0000] {logging_mixin.py:190} INFO - [2026-01-16T10:46:14.290+0000] {dagbag.py:588} INFO - Filling up the DagBag from /opt/airflow/dags/dataset_user_processing.py
[2026-01-16T10:46:14.895+0000] {processor.py:925} INFO - DAG(s) 'user_processing_dataset' retrieved from /opt/airflow/dags/dataset_user_processing.py
[2026-01-16T10:46:14.962+0000] {logging_mixin.py:190} INFO - [2026-01-16T10:46:14.961+0000] {dag.py:3239} INFO - Sync 1 DAGs
[2026-01-16T10:46:15.024+0000] {logging_mixin.py:190} INFO - [2026-01-16T10:46:15.023+0000] {dag.py:4180} INFO - Setting next_dagrun for user_processing_dataset to 2026-01-15 00:00:00+00:00, run_after=2026-01-16 00:00:00+00:00
[2026-01-16T10:46:15.073+0000] {processor.py:208} INFO - Processing /opt/airflow/dags/dataset_user_processing.py took 0.817 seconds
[2026-01-16T10:46:45.414+0000] {processor.py:186} INFO - Started process (PID=7821) to work on /opt/airflow/dags/dataset_user_processing.py
[2026-01-16T10:46:45.417+0000] {processor.py:914} INFO - Processing file /opt/airflow/dags/dataset_user_processing.py for tasks to queue
[2026-01-16T10:46:45.425+0000] {logging_mixin.py:190} INFO - [2026-01-16T10:46:45.423+0000] {dagbag.py:588} INFO - Filling up the DagBag from /opt/airflow/dags/dataset_user_processing.py
[2026-01-16T10:46:46.015+0000] {processor.py:925} INFO - DAG(s) 'user_processing_dataset' retrieved from /opt/airflow/dags/dataset_user_processing.py
[2026-01-16T10:46:46.062+0000] {logging_mixin.py:190} INFO - [2026-01-16T10:46:46.062+0000] {dag.py:3239} INFO - Sync 1 DAGs
[2026-01-16T10:46:46.119+0000] {logging_mixin.py:190} INFO - [2026-01-16T10:46:46.118+0000] {dag.py:4180} INFO - Setting next_dagrun for user_processing_dataset to 2026-01-15 00:00:00+00:00, run_after=2026-01-16 00:00:00+00:00
[2026-01-16T10:46:46.167+0000] {processor.py:208} INFO - Processing /opt/airflow/dags/dataset_user_processing.py took 0.774 seconds
[2026-01-16T10:47:16.505+0000] {processor.py:186} INFO - Started process (PID=7845) to work on /opt/airflow/dags/dataset_user_processing.py
[2026-01-16T10:47:16.508+0000] {processor.py:914} INFO - Processing file /opt/airflow/dags/dataset_user_processing.py for tasks to queue
[2026-01-16T10:47:16.516+0000] {logging_mixin.py:190} INFO - [2026-01-16T10:47:16.514+0000] {dagbag.py:588} INFO - Filling up the DagBag from /opt/airflow/dags/dataset_user_processing.py
[2026-01-16T10:47:17.097+0000] {processor.py:925} INFO - DAG(s) 'user_processing_dataset' retrieved from /opt/airflow/dags/dataset_user_processing.py
[2026-01-16T10:47:17.149+0000] {logging_mixin.py:190} INFO - [2026-01-16T10:47:17.147+0000] {dag.py:3239} INFO - Sync 1 DAGs
[2026-01-16T10:47:17.204+0000] {logging_mixin.py:190} INFO - [2026-01-16T10:47:17.204+0000] {dag.py:4180} INFO - Setting next_dagrun for user_processing_dataset to 2026-01-15 00:00:00+00:00, run_after=2026-01-16 00:00:00+00:00
[2026-01-16T10:47:17.243+0000] {processor.py:208} INFO - Processing /opt/airflow/dags/dataset_user_processing.py took 0.761 seconds
[2026-01-16T10:47:47.579+0000] {processor.py:186} INFO - Started process (PID=7875) to work on /opt/airflow/dags/dataset_user_processing.py
[2026-01-16T10:47:47.581+0000] {processor.py:914} INFO - Processing file /opt/airflow/dags/dataset_user_processing.py for tasks to queue
[2026-01-16T10:47:47.588+0000] {logging_mixin.py:190} INFO - [2026-01-16T10:47:47.587+0000] {dagbag.py:588} INFO - Filling up the DagBag from /opt/airflow/dags/dataset_user_processing.py
[2026-01-16T10:47:48.169+0000] {processor.py:925} INFO - DAG(s) 'user_processing_dataset' retrieved from /opt/airflow/dags/dataset_user_processing.py
[2026-01-16T10:47:48.213+0000] {logging_mixin.py:190} INFO - [2026-01-16T10:47:48.212+0000] {dag.py:3239} INFO - Sync 1 DAGs
[2026-01-16T10:47:48.255+0000] {logging_mixin.py:190} INFO - [2026-01-16T10:47:48.254+0000] {dag.py:4180} INFO - Setting next_dagrun for user_processing_dataset to 2026-01-15 00:00:00+00:00, run_after=2026-01-16 00:00:00+00:00
[2026-01-16T10:47:48.303+0000] {processor.py:208} INFO - Processing /opt/airflow/dags/dataset_user_processing.py took 0.746 seconds
[2026-01-16T10:48:18.830+0000] {processor.py:186} INFO - Started process (PID=7899) to work on /opt/airflow/dags/dataset_user_processing.py
[2026-01-16T10:48:18.833+0000] {processor.py:914} INFO - Processing file /opt/airflow/dags/dataset_user_processing.py for tasks to queue
[2026-01-16T10:48:18.842+0000] {logging_mixin.py:190} INFO - [2026-01-16T10:48:18.841+0000] {dagbag.py:588} INFO - Filling up the DagBag from /opt/airflow/dags/dataset_user_processing.py
[2026-01-16T10:48:19.633+0000] {processor.py:925} INFO - DAG(s) 'user_processing_dataset' retrieved from /opt/airflow/dags/dataset_user_processing.py
[2026-01-16T10:48:19.693+0000] {logging_mixin.py:190} INFO - [2026-01-16T10:48:19.693+0000] {dag.py:3239} INFO - Sync 1 DAGs
[2026-01-16T10:48:19.755+0000] {logging_mixin.py:190} INFO - [2026-01-16T10:48:19.755+0000] {dag.py:4180} INFO - Setting next_dagrun for user_processing_dataset to 2026-01-15 00:00:00+00:00, run_after=2026-01-16 00:00:00+00:00
[2026-01-16T10:48:19.827+0000] {processor.py:208} INFO - Processing /opt/airflow/dags/dataset_user_processing.py took 1.014 seconds
[2026-01-16T10:48:50.337+0000] {processor.py:186} INFO - Started process (PID=7923) to work on /opt/airflow/dags/dataset_user_processing.py
[2026-01-16T10:48:50.345+0000] {processor.py:914} INFO - Processing file /opt/airflow/dags/dataset_user_processing.py for tasks to queue
[2026-01-16T10:48:50.359+0000] {logging_mixin.py:190} INFO - [2026-01-16T10:48:50.357+0000] {dagbag.py:588} INFO - Filling up the DagBag from /opt/airflow/dags/dataset_user_processing.py
[2026-01-16T10:48:50.929+0000] {processor.py:925} INFO - DAG(s) 'user_processing_dataset' retrieved from /opt/airflow/dags/dataset_user_processing.py
[2026-01-16T10:48:50.981+0000] {logging_mixin.py:190} INFO - [2026-01-16T10:48:50.981+0000] {dag.py:3239} INFO - Sync 1 DAGs
[2026-01-16T10:48:51.033+0000] {logging_mixin.py:190} INFO - [2026-01-16T10:48:51.033+0000] {dag.py:4180} INFO - Setting next_dagrun for user_processing_dataset to 2026-01-15 00:00:00+00:00, run_after=2026-01-16 00:00:00+00:00
[2026-01-16T10:48:51.084+0000] {processor.py:208} INFO - Processing /opt/airflow/dags/dataset_user_processing.py took 0.787 seconds
[2026-01-16T10:49:21.362+0000] {processor.py:186} INFO - Started process (PID=7947) to work on /opt/airflow/dags/dataset_user_processing.py
[2026-01-16T10:49:21.369+0000] {processor.py:914} INFO - Processing file /opt/airflow/dags/dataset_user_processing.py for tasks to queue
[2026-01-16T10:49:21.375+0000] {logging_mixin.py:190} INFO - [2026-01-16T10:49:21.374+0000] {dagbag.py:588} INFO - Filling up the DagBag from /opt/airflow/dags/dataset_user_processing.py
[2026-01-16T10:49:21.991+0000] {processor.py:925} INFO - DAG(s) 'user_processing_dataset' retrieved from /opt/airflow/dags/dataset_user_processing.py
[2026-01-16T10:49:22.042+0000] {logging_mixin.py:190} INFO - [2026-01-16T10:49:22.041+0000] {dag.py:3239} INFO - Sync 1 DAGs
[2026-01-16T10:49:22.111+0000] {logging_mixin.py:190} INFO - [2026-01-16T10:49:22.110+0000] {dag.py:4180} INFO - Setting next_dagrun for user_processing_dataset to 2026-01-15 00:00:00+00:00, run_after=2026-01-16 00:00:00+00:00
[2026-01-16T10:49:22.164+0000] {processor.py:208} INFO - Processing /opt/airflow/dags/dataset_user_processing.py took 0.821 seconds
[2026-01-16T10:49:52.270+0000] {processor.py:186} INFO - Started process (PID=7971) to work on /opt/airflow/dags/dataset_user_processing.py
[2026-01-16T10:49:52.272+0000] {processor.py:914} INFO - Processing file /opt/airflow/dags/dataset_user_processing.py for tasks to queue
[2026-01-16T10:49:52.277+0000] {logging_mixin.py:190} INFO - [2026-01-16T10:49:52.276+0000] {dagbag.py:588} INFO - Filling up the DagBag from /opt/airflow/dags/dataset_user_processing.py
[2026-01-16T10:49:52.849+0000] {processor.py:925} INFO - DAG(s) 'user_processing_dataset' retrieved from /opt/airflow/dags/dataset_user_processing.py
[2026-01-16T10:49:52.895+0000] {logging_mixin.py:190} INFO - [2026-01-16T10:49:52.894+0000] {dag.py:3239} INFO - Sync 1 DAGs
[2026-01-16T10:49:52.942+0000] {logging_mixin.py:190} INFO - [2026-01-16T10:49:52.942+0000] {dag.py:4180} INFO - Setting next_dagrun for user_processing_dataset to 2026-01-15 00:00:00+00:00, run_after=2026-01-16 00:00:00+00:00
[2026-01-16T10:49:52.991+0000] {processor.py:208} INFO - Processing /opt/airflow/dags/dataset_user_processing.py took 0.735 seconds
[2026-01-16T10:50:23.253+0000] {processor.py:186} INFO - Started process (PID=7995) to work on /opt/airflow/dags/dataset_user_processing.py
[2026-01-16T10:50:23.255+0000] {processor.py:914} INFO - Processing file /opt/airflow/dags/dataset_user_processing.py for tasks to queue
[2026-01-16T10:50:23.263+0000] {logging_mixin.py:190} INFO - [2026-01-16T10:50:23.262+0000] {dagbag.py:588} INFO - Filling up the DagBag from /opt/airflow/dags/dataset_user_processing.py
[2026-01-16T10:50:23.863+0000] {processor.py:925} INFO - DAG(s) 'user_processing_dataset' retrieved from /opt/airflow/dags/dataset_user_processing.py
[2026-01-16T10:50:23.916+0000] {logging_mixin.py:190} INFO - [2026-01-16T10:50:23.915+0000] {dag.py:3239} INFO - Sync 1 DAGs
[2026-01-16T10:50:23.969+0000] {logging_mixin.py:190} INFO - [2026-01-16T10:50:23.968+0000] {dag.py:4180} INFO - Setting next_dagrun for user_processing_dataset to 2026-01-15 00:00:00+00:00, run_after=2026-01-16 00:00:00+00:00
[2026-01-16T10:50:24.024+0000] {processor.py:208} INFO - Processing /opt/airflow/dags/dataset_user_processing.py took 0.788 seconds
[2026-01-16T10:50:54.769+0000] {processor.py:186} INFO - Started process (PID=8020) to work on /opt/airflow/dags/dataset_user_processing.py
[2026-01-16T10:50:54.771+0000] {processor.py:914} INFO - Processing file /opt/airflow/dags/dataset_user_processing.py for tasks to queue
[2026-01-16T10:50:54.779+0000] {logging_mixin.py:190} INFO - [2026-01-16T10:50:54.778+0000] {dagbag.py:588} INFO - Filling up the DagBag from /opt/airflow/dags/dataset_user_processing.py
[2026-01-16T10:50:55.299+0000] {processor.py:925} INFO - DAG(s) 'user_processing_dataset' retrieved from /opt/airflow/dags/dataset_user_processing.py
[2026-01-16T10:50:55.348+0000] {logging_mixin.py:190} INFO - [2026-01-16T10:50:55.348+0000] {dag.py:3239} INFO - Sync 1 DAGs
[2026-01-16T10:50:55.396+0000] {logging_mixin.py:190} INFO - [2026-01-16T10:50:55.395+0000] {dag.py:4180} INFO - Setting next_dagrun for user_processing_dataset to 2026-01-15 00:00:00+00:00, run_after=2026-01-16 00:00:00+00:00
[2026-01-16T10:50:55.446+0000] {processor.py:208} INFO - Processing /opt/airflow/dags/dataset_user_processing.py took 0.698 seconds
[2026-01-16T10:51:25.746+0000] {processor.py:186} INFO - Started process (PID=8044) to work on /opt/airflow/dags/dataset_user_processing.py
[2026-01-16T10:51:25.748+0000] {processor.py:914} INFO - Processing file /opt/airflow/dags/dataset_user_processing.py for tasks to queue
[2026-01-16T10:51:25.752+0000] {logging_mixin.py:190} INFO - [2026-01-16T10:51:25.751+0000] {dagbag.py:588} INFO - Filling up the DagBag from /opt/airflow/dags/dataset_user_processing.py
[2026-01-16T10:51:26.258+0000] {processor.py:925} INFO - DAG(s) 'user_processing_dataset' retrieved from /opt/airflow/dags/dataset_user_processing.py
[2026-01-16T10:51:26.300+0000] {logging_mixin.py:190} INFO - [2026-01-16T10:51:26.299+0000] {dag.py:3239} INFO - Sync 1 DAGs
[2026-01-16T10:51:26.347+0000] {logging_mixin.py:190} INFO - [2026-01-16T10:51:26.347+0000] {dag.py:4180} INFO - Setting next_dagrun for user_processing_dataset to 2026-01-15 00:00:00+00:00, run_after=2026-01-16 00:00:00+00:00
[2026-01-16T10:51:26.393+0000] {processor.py:208} INFO - Processing /opt/airflow/dags/dataset_user_processing.py took 0.661 seconds
[2026-01-16T10:51:57.076+0000] {processor.py:186} INFO - Started process (PID=8068) to work on /opt/airflow/dags/dataset_user_processing.py
[2026-01-16T10:51:57.080+0000] {processor.py:914} INFO - Processing file /opt/airflow/dags/dataset_user_processing.py for tasks to queue
[2026-01-16T10:51:57.090+0000] {logging_mixin.py:190} INFO - [2026-01-16T10:51:57.088+0000] {dagbag.py:588} INFO - Filling up the DagBag from /opt/airflow/dags/dataset_user_processing.py
[2026-01-16T10:51:57.689+0000] {processor.py:925} INFO - DAG(s) 'user_processing_dataset' retrieved from /opt/airflow/dags/dataset_user_processing.py
[2026-01-16T10:51:57.735+0000] {logging_mixin.py:190} INFO - [2026-01-16T10:51:57.735+0000] {dag.py:3239} INFO - Sync 1 DAGs
[2026-01-16T10:51:57.781+0000] {logging_mixin.py:190} INFO - [2026-01-16T10:51:57.780+0000] {dag.py:4180} INFO - Setting next_dagrun for user_processing_dataset to 2026-01-15 00:00:00+00:00, run_after=2026-01-16 00:00:00+00:00
[2026-01-16T10:51:57.819+0000] {processor.py:208} INFO - Processing /opt/airflow/dags/dataset_user_processing.py took 0.769 seconds
[2026-01-16T10:52:28.037+0000] {processor.py:186} INFO - Started process (PID=8092) to work on /opt/airflow/dags/dataset_user_processing.py
[2026-01-16T10:52:28.039+0000] {processor.py:914} INFO - Processing file /opt/airflow/dags/dataset_user_processing.py for tasks to queue
[2026-01-16T10:52:28.044+0000] {logging_mixin.py:190} INFO - [2026-01-16T10:52:28.044+0000] {dagbag.py:588} INFO - Filling up the DagBag from /opt/airflow/dags/dataset_user_processing.py
[2026-01-16T10:52:28.588+0000] {processor.py:925} INFO - DAG(s) 'user_processing_dataset' retrieved from /opt/airflow/dags/dataset_user_processing.py
[2026-01-16T10:52:28.633+0000] {logging_mixin.py:190} INFO - [2026-01-16T10:52:28.632+0000] {dag.py:3239} INFO - Sync 1 DAGs
[2026-01-16T10:52:28.676+0000] {logging_mixin.py:190} INFO - [2026-01-16T10:52:28.675+0000] {dag.py:4180} INFO - Setting next_dagrun for user_processing_dataset to 2026-01-15 00:00:00+00:00, run_after=2026-01-16 00:00:00+00:00
[2026-01-16T10:52:28.720+0000] {processor.py:208} INFO - Processing /opt/airflow/dags/dataset_user_processing.py took 0.699 seconds
[2026-01-16T10:52:59.264+0000] {processor.py:186} INFO - Started process (PID=8116) to work on /opt/airflow/dags/dataset_user_processing.py
[2026-01-16T10:52:59.267+0000] {processor.py:914} INFO - Processing file /opt/airflow/dags/dataset_user_processing.py for tasks to queue
[2026-01-16T10:52:59.274+0000] {logging_mixin.py:190} INFO - [2026-01-16T10:52:59.274+0000] {dagbag.py:588} INFO - Filling up the DagBag from /opt/airflow/dags/dataset_user_processing.py
[2026-01-16T10:52:59.889+0000] {processor.py:925} INFO - DAG(s) 'user_processing_dataset' retrieved from /opt/airflow/dags/dataset_user_processing.py
[2026-01-16T10:52:59.954+0000] {logging_mixin.py:190} INFO - [2026-01-16T10:52:59.953+0000] {dag.py:3239} INFO - Sync 1 DAGs
[2026-01-16T10:52:59.996+0000] {logging_mixin.py:190} INFO - [2026-01-16T10:52:59.995+0000] {dag.py:4180} INFO - Setting next_dagrun for user_processing_dataset to 2026-01-15 00:00:00+00:00, run_after=2026-01-16 00:00:00+00:00
[2026-01-16T10:53:00.058+0000] {processor.py:208} INFO - Processing /opt/airflow/dags/dataset_user_processing.py took 0.809 seconds
[2026-01-16T10:53:30.634+0000] {processor.py:186} INFO - Started process (PID=8140) to work on /opt/airflow/dags/dataset_user_processing.py
[2026-01-16T10:53:30.636+0000] {processor.py:914} INFO - Processing file /opt/airflow/dags/dataset_user_processing.py for tasks to queue
[2026-01-16T10:53:30.645+0000] {logging_mixin.py:190} INFO - [2026-01-16T10:53:30.644+0000] {dagbag.py:588} INFO - Filling up the DagBag from /opt/airflow/dags/dataset_user_processing.py
[2026-01-16T10:53:31.433+0000] {processor.py:925} INFO - DAG(s) 'user_processing_dataset' retrieved from /opt/airflow/dags/dataset_user_processing.py
[2026-01-16T10:53:31.511+0000] {logging_mixin.py:190} INFO - [2026-01-16T10:53:31.511+0000] {dag.py:3239} INFO - Sync 1 DAGs
[2026-01-16T10:53:31.576+0000] {logging_mixin.py:190} INFO - [2026-01-16T10:53:31.576+0000] {dag.py:4180} INFO - Setting next_dagrun for user_processing_dataset to 2026-01-15 00:00:00+00:00, run_after=2026-01-16 00:00:00+00:00
[2026-01-16T10:53:31.620+0000] {processor.py:208} INFO - Processing /opt/airflow/dags/dataset_user_processing.py took 1.003 seconds
[2026-01-16T10:54:01.801+0000] {processor.py:186} INFO - Started process (PID=8164) to work on /opt/airflow/dags/dataset_user_processing.py
[2026-01-16T10:54:01.821+0000] {processor.py:914} INFO - Processing file /opt/airflow/dags/dataset_user_processing.py for tasks to queue
[2026-01-16T10:54:01.826+0000] {logging_mixin.py:190} INFO - [2026-01-16T10:54:01.825+0000] {dagbag.py:588} INFO - Filling up the DagBag from /opt/airflow/dags/dataset_user_processing.py
[2026-01-16T10:54:02.409+0000] {processor.py:925} INFO - DAG(s) 'user_processing_dataset' retrieved from /opt/airflow/dags/dataset_user_processing.py
[2026-01-16T10:54:02.470+0000] {logging_mixin.py:190} INFO - [2026-01-16T10:54:02.469+0000] {dag.py:3239} INFO - Sync 1 DAGs
[2026-01-16T10:54:02.528+0000] {logging_mixin.py:190} INFO - [2026-01-16T10:54:02.527+0000] {dag.py:4180} INFO - Setting next_dagrun for user_processing_dataset to 2026-01-15 00:00:00+00:00, run_after=2026-01-16 00:00:00+00:00
[2026-01-16T10:54:02.585+0000] {processor.py:208} INFO - Processing /opt/airflow/dags/dataset_user_processing.py took 0.822 seconds
[2026-01-16T10:54:32.828+0000] {processor.py:186} INFO - Started process (PID=8189) to work on /opt/airflow/dags/dataset_user_processing.py
[2026-01-16T10:54:32.831+0000] {processor.py:914} INFO - Processing file /opt/airflow/dags/dataset_user_processing.py for tasks to queue
[2026-01-16T10:54:32.849+0000] {logging_mixin.py:190} INFO - [2026-01-16T10:54:32.848+0000] {dagbag.py:588} INFO - Filling up the DagBag from /opt/airflow/dags/dataset_user_processing.py
[2026-01-16T10:54:33.490+0000] {processor.py:925} INFO - DAG(s) 'user_processing_dataset' retrieved from /opt/airflow/dags/dataset_user_processing.py
[2026-01-16T10:54:33.540+0000] {logging_mixin.py:190} INFO - [2026-01-16T10:54:33.539+0000] {dag.py:3239} INFO - Sync 1 DAGs
[2026-01-16T10:54:33.591+0000] {logging_mixin.py:190} INFO - [2026-01-16T10:54:33.590+0000] {dag.py:4180} INFO - Setting next_dagrun for user_processing_dataset to 2026-01-15 00:00:00+00:00, run_after=2026-01-16 00:00:00+00:00
[2026-01-16T10:54:33.647+0000] {processor.py:208} INFO - Processing /opt/airflow/dags/dataset_user_processing.py took 0.857 seconds
[2026-01-16T10:55:04.235+0000] {processor.py:186} INFO - Started process (PID=8213) to work on /opt/airflow/dags/dataset_user_processing.py
[2026-01-16T10:55:04.238+0000] {processor.py:914} INFO - Processing file /opt/airflow/dags/dataset_user_processing.py for tasks to queue
[2026-01-16T10:55:04.248+0000] {logging_mixin.py:190} INFO - [2026-01-16T10:55:04.246+0000] {dagbag.py:588} INFO - Filling up the DagBag from /opt/airflow/dags/dataset_user_processing.py
[2026-01-16T10:55:04.883+0000] {processor.py:925} INFO - DAG(s) 'user_processing_dataset' retrieved from /opt/airflow/dags/dataset_user_processing.py
[2026-01-16T10:55:04.952+0000] {logging_mixin.py:190} INFO - [2026-01-16T10:55:04.951+0000] {dag.py:3239} INFO - Sync 1 DAGs
[2026-01-16T10:55:05.004+0000] {logging_mixin.py:190} INFO - [2026-01-16T10:55:05.003+0000] {dag.py:4180} INFO - Setting next_dagrun for user_processing_dataset to 2026-01-15 00:00:00+00:00, run_after=2026-01-16 00:00:00+00:00
[2026-01-16T10:55:05.055+0000] {processor.py:208} INFO - Processing /opt/airflow/dags/dataset_user_processing.py took 0.842 seconds
[2026-01-16T10:55:35.427+0000] {processor.py:186} INFO - Started process (PID=8237) to work on /opt/airflow/dags/dataset_user_processing.py
[2026-01-16T10:55:35.434+0000] {processor.py:914} INFO - Processing file /opt/airflow/dags/dataset_user_processing.py for tasks to queue
[2026-01-16T10:55:35.450+0000] {logging_mixin.py:190} INFO - [2026-01-16T10:55:35.449+0000] {dagbag.py:588} INFO - Filling up the DagBag from /opt/airflow/dags/dataset_user_processing.py
[2026-01-16T10:55:36.071+0000] {processor.py:925} INFO - DAG(s) 'user_processing_dataset' retrieved from /opt/airflow/dags/dataset_user_processing.py
[2026-01-16T10:55:36.123+0000] {logging_mixin.py:190} INFO - [2026-01-16T10:55:36.122+0000] {dag.py:3239} INFO - Sync 1 DAGs
[2026-01-16T10:55:36.181+0000] {logging_mixin.py:190} INFO - [2026-01-16T10:55:36.180+0000] {dag.py:4180} INFO - Setting next_dagrun for user_processing_dataset to 2026-01-15 00:00:00+00:00, run_after=2026-01-16 00:00:00+00:00
[2026-01-16T10:55:36.226+0000] {processor.py:208} INFO - Processing /opt/airflow/dags/dataset_user_processing.py took 0.835 seconds
[2026-01-16T10:56:06.375+0000] {processor.py:186} INFO - Started process (PID=8261) to work on /opt/airflow/dags/dataset_user_processing.py
[2026-01-16T10:56:06.378+0000] {processor.py:914} INFO - Processing file /opt/airflow/dags/dataset_user_processing.py for tasks to queue
[2026-01-16T10:56:06.386+0000] {logging_mixin.py:190} INFO - [2026-01-16T10:56:06.385+0000] {dagbag.py:588} INFO - Filling up the DagBag from /opt/airflow/dags/dataset_user_processing.py
[2026-01-16T10:56:06.929+0000] {processor.py:925} INFO - DAG(s) 'user_processing_dataset' retrieved from /opt/airflow/dags/dataset_user_processing.py
[2026-01-16T10:56:07.001+0000] {logging_mixin.py:190} INFO - [2026-01-16T10:56:07.000+0000] {dag.py:3239} INFO - Sync 1 DAGs
[2026-01-16T10:56:07.059+0000] {logging_mixin.py:190} INFO - [2026-01-16T10:56:07.058+0000] {dag.py:4180} INFO - Setting next_dagrun for user_processing_dataset to 2026-01-15 00:00:00+00:00, run_after=2026-01-16 00:00:00+00:00
[2026-01-16T10:56:07.106+0000] {processor.py:208} INFO - Processing /opt/airflow/dags/dataset_user_processing.py took 0.758 seconds
